local_time_s,0.00000,0.00334,0.00711,0.01135,0.01614,0.02154,0.02762,0.03449,0.04222,0.05095,0.06078,0.07187,0.08438,0.09847,0.11437,0.13229,0.15250,0.17528,0.20097,0.22993,0.26259,0.29940,0.34092,0.38772,0.44050,0.50000
0.0,56.076,57.526,58.92,60.269,61.586,62.875,64.141,65.386,66.608,67.804,68.968,70.091,71.161,72.166,73.09,73.918,74.637,75.24,75.727,76.108,76.404,76.646,76.869,77.102,77.361,77.648
60.0,56.147,57.644,59.06,60.42,61.74,63.033,64.302,65.55,66.775,67.974,69.14,70.266,71.338,72.344,73.268,74.096,74.815,75.418,75.903,76.281,76.576,76.817,77.039,77.271,77.53,77.821
120.0,56.121,57.615,59.036,60.401,61.724,63.016,64.285,65.532,66.757,67.956,69.123,70.248,71.322,72.329,73.255,74.085,74.807,75.411,75.898,76.279,76.575,76.817,77.039,77.272,77.531,77.822
180.0,56.101,57.592,59.014,60.381,61.706,62.999,64.268,65.514,66.739,67.938,69.105,70.231,71.305,72.314,73.242,74.074,74.798,75.404,75.893,76.276,76.573,76.816,77.04,77.273,77.532,77.822
240.0,56.084,57.572,58.993,60.361,61.687,62.981,64.25,65.496,66.721,67.919,69.087,70.214,71.289,72.3,73.229,74.063,74.789,75.397,75.889,76.273,76.572,76.816,77.04,77.274,77.533,77.823
300.0,56.068,57.553,58.973,60.341,61.668,62.963,64.232,65.479,66.703,67.901,69.069,70.197,71.273,72.285,73.216,74.052,74.78,75.391,75.884,76.271,76.571,76.816,77.041,77.274,77.534,77.824
360.0,56.054,57.536,58.954,60.322,61.649,62.945,64.214,65.461,66.684,67.883,69.051,70.18,71.257,72.27,73.203,74.041,74.771,75.384,75.88,76.268,76.57,76.816,77.041,77.275,77.535,77.825
420.0,56.041,57.52,58.936,60.303,61.631,62.927,64.196,65.442,66.666,67.865,69.034,70.163,71.241,72.255,73.19,74.03,74.762,75.377,75.875,76.265,76.568,76.816,77.042,77.276,77.536,77.826
480.0,56.029,57.505,58.92,60.285,61.612,62.908,64.178,65.424,66.648,67.847,69.016,70.146,71.225,72.241,73.177,74.019,74.753,75.37,75.87,76.262,76.567,76.816,77.042,77.277,77.536,77.827
540.0,56.018,57.491,58.903,60.268,61.594,62.89,64.16,65.406,66.63,67.829,68.998,70.129,71.209,72.226,73.164,74.008,74.744,75.364,75.866,76.259,76.566,76.816,77.043,77.278,77.537,77.828
600.0,56.007,57.478,58.888,60.251,61.576,62.872,64.141,65.388,66.612,67.812,68.981,70.112,71.193,72.212,73.151,73.997,74.735,75.357,75.861,76.257,76.565,76.815,77.043,77.278,77.538,77.829
660.0,55.997,57.465,58.873,60.234,61.559,62.854,64.123,65.37,66.594,67.794,68.963,70.095,71.177,72.197,73.138,73.986,74.726,75.35,75.856,76.254,76.563,76.815,77.044,77.279,77.539,77.829
720.0,55.988,57.453,58.858,60.218,61.541,62.836,64.105,65.352,66.576,67.776,68.946,70.078,71.162,72.182,73.125,73.975,74.717,75.343,75.852,76.251,76.562,76.815,77.044,77.28,77.54,77.83
780.0,55.979,57.441,58.844,60.202,61.524,62.818,64.087,65.334,66.558,67.758,68.928,70.061,71.146,72.168,73.112,73.964,74.708,75.336,75.847,76.248,76.561,76.815,77.045,77.281,77.541,77.831
840.0,55.97,57.429,58.83,60.186,61.508,62.8,64.069,65.316,66.54,67.74,68.911,70.045,71.13,72.153,73.099,73.953,74.699,75.33,75.842,76.245,76.559,76.815,77.045,77.281,77.541,77.832
900.0,55.961,57.418,58.817,60.171,61.491,62.783,64.051,65.298,66.522,67.723,68.894,70.028,71.114,72.139,73.087,73.942,74.69,75.323,75.837,76.242,76.558,76.814,77.046,77.282,77.542,77.833
960.0,55.954,57.407,58.804,60.156,61.475,62.766,64.034,65.28,66.504,67.705,68.876,70.011,71.098,72.124,73.074,73.931,74.681,75.316,75.833,76.24,76.557,76.814,77.046,77.283,77.543,77.834
1020.0,55.946,57.397,58.791,60.142,61.459,62.749,64.016,65.262,66.486,67.687,68.859,69.995,71.083,72.11,73.061,73.92,74.672,75.309,75.828,76.237,76.555,76.814,77.047,77.284,77.544,77.835
1080.0,55.939,57.387,58.779,60.128,61.443,62.732,63.999,65.244,66.469,67.67,68.842,69.978,71.067,72.095,73.048,73.909,74.663,75.302,75.823,76.234,76.554,76.814,77.047,77.284,77.545,77.836
1140.0,55.932,57.377,58.767,60.114,61.428,62.716,63.981,65.226,66.451,67.652,68.825,69.961,71.051,72.081,73.035,73.898,74.654,75.295,75.818,76.231,76.553,76.813,77.047,77.285,77.546,77.836
1200.0,55.925,57.368,58.755,60.1,61.412,62.699,63.964,65.209,66.433,67.634,68.807,69.945,71.036,72.066,73.022,73.887,74.645,75.288,75.813,76.228,76.551,76.813,77.048,77.286,77.546,77.837
1260.0,55.919,57.359,58.744,60.086,61.397,62.683,63.947,65.191,66.415,67.617,68.79,69.928,71.02,72.052,73.009,73.875,74.636,75.281,75.808,76.225,76.55,76.813,77.048,77.287,77.547,77.838
1320.0,55.913,57.35,58.732,60.073,61.383,62.667,63.93,65.174,66.398,67.599,68.773,69.912,71.004,72.038,72.996,73.864,74.627,75.275,75.804,76.222,76.548,76.813,77.049,77.287,77.548,77.839
1380.0,55.907,57.342,58.722,60.06,61.368,62.651,63.913,65.157,66.38,67.582,68.756,69.895,70.989,72.023,72.984,73.853,74.618,75.268,75.799,76.219,76.547,76.812,77.049,77.288,77.549,77.84
1440.0,55.902,57.334,58.711,60.048,61.354,62.636,63.897,65.14,66.363,67.565,68.739,69.879,70.973,72.009,72.971,73.842,74.609,75.261,75.794,76.216,76.546,76.812,77.049,77.289,77.55,77.841
1500.0,55.897,57.326,58.701,60.035,61.34,62.62,63.88,65.122,66.346,67.547,68.722,69.862,70.958,71.995,72.958,73.831,74.6,75.254,75.789,76.213,76.544,76.812,77.05,77.29,77.551,77.842
1560.0,55.892,57.318,58.69,60.023,61.326,62.605,63.864,65.106,66.328,67.53,68.705,69.846,70.942,71.98,72.945,73.82,74.591,75.247,75.784,76.21,76.543,76.811,77.05,77.29,77.552,77.843
1620.0,55.887,57.311,58.681,60.011,61.312,62.59,63.848,65.089,66.311,67.513,68.688,69.83,70.927,71.966,72.932,73.809,74.582,75.24,75.779,76.207,76.541,76.811,77.051,77.291,77.552,77.843
1680.0,55.883,57.303,58.671,60.0,61.299,62.575,63.832,65.072,66.294,67.496,68.671,69.813,70.911,71.952,72.92,73.798,74.573,75.233,75.774,76.204,76.54,76.811,77.051,77.292,77.553,77.844
1740.0,55.879,57.297,58.662,59.988,61.285,62.56,63.816,65.055,66.277,67.479,68.655,69.797,70.896,71.938,72.907,73.787,74.564,75.226,75.769,76.201,76.538,76.81,77.051,77.292,77.554,77.845
1800.0,55.875,57.29,58.653,59.977,61.272,62.546,63.801,65.039,66.26,67.462,68.638,69.781,70.881,71.923,72.894,73.776,74.555,75.219,75.764,76.198,76.537,76.81,77.052,77.293,77.555,77.846
1860.0,55.871,57.283,58.644,59.966,61.259,62.531,63.785,65.023,66.243,67.445,68.621,69.765,70.865,71.909,72.881,73.765,74.546,75.212,75.759,76.194,76.535,76.81,77.052,77.294,77.556,77.847
1920.0,55.868,57.277,58.635,59.955,61.247,62.517,63.77,65.006,66.227,67.428,68.604,69.749,70.85,71.895,72.868,73.754,74.537,75.205,75.754,76.191,76.534,76.809,77.052,77.295,77.557,77.848
1980.0,55.865,57.271,58.627,59.944,61.234,62.503,63.754,64.99,66.21,67.411,68.588,69.733,70.835,71.881,72.856,73.743,74.528,75.198,75.749,76.188,76.532,76.809,77.053,77.295,77.557,77.849
2040.0,55.862,57.266,58.618,59.934,61.222,62.489,63.739,64.974,66.194,67.394,68.571,69.716,70.819,71.867,72.843,73.732,74.518,75.191,75.744,76.185,76.53,76.809,77.053,77.296,77.558,77.85
2100.0,55.859,57.26,58.61,59.924,61.21,62.475,63.724,64.958,66.177,67.378,68.555,69.7,70.804,71.853,72.83,73.721,74.509,75.184,75.739,76.182,76.529,76.808,77.053,77.297,77.559,77.85
2160.0,55.857,57.255,58.603,59.914,61.198,62.462,63.709,64.943,66.161,67.361,68.538,69.684,70.789,71.838,72.818,73.71,74.5,75.177,75.734,76.179,76.527,76.808,77.054,77.297,77.56,77.851
2220.0,55.855,57.25,58.595,59.904,61.186,62.448,63.695,64.927,66.145,67.345,68.522,69.668,70.774,71.824,72.805,73.699,74.491,75.17,75.729,76.176,76.526,76.807,77.054,77.298,77.561,77.852
2280.0,55.853,57.245,58.588,59.894,61.175,62.435,63.68,64.912,66.128,67.328,68.506,69.653,70.759,71.81,72.792,73.688,74.482,75.162,75.724,76.172,76.524,76.807,77.054,77.299,77.561,77.853
2340.0,55.851,57.241,58.581,59.885,61.163,62.422,63.666,64.896,66.112,67.312,68.489,69.637,70.743,71.796,72.78,73.677,74.473,75.155,75.719,76.169,76.522,76.806,77.055,77.299,77.562,77.854
2400.0,55.85,57.236,58.574,59.876,61.152,62.409,63.652,64.881,66.097,67.296,68.473,69.621,70.728,71.782,72.767,73.666,74.464,75.148,75.714,76.166,76.521,76.806,77.055,77.3,77.563,77.855
2460.0,55.849,57.232,58.567,59.867,61.141,62.397,63.638,64.866,66.081,67.279,68.457,69.605,70.713,71.768,72.754,73.655,74.455,75.141,75.709,76.163,76.519,76.805,77.055,77.301,77.564,77.856
2520.0,55.848,57.228,58.56,59.858,61.13,62.384,63.624,64.851,66.065,67.263,68.441,69.589,70.698,71.754,72.742,73.644,74.446,75.134,75.704,76.16,76.518,76.805,77.056,77.301,77.565,77.856
2580.0,55.847,57.225,58.554,59.849,61.119,62.372,63.61,64.836,66.049,67.247,68.425,69.574,70.683,71.74,72.729,73.633,74.437,75.127,75.699,76.156,76.516,76.805,77.056,77.302,77.566,77.857
2640.0,55.847,57.221,58.548,59.841,61.109,62.359,63.596,64.821,66.034,67.231,68.409,69.558,70.668,71.726,72.716,73.622,74.427,75.12,75.694,76.153,76.514,76.804,77.056,77.303,77.566,77.858
2700.0,55.846,57.218,58.542,59.832,61.099,62.347,63.583,64.806,66.018,67.216,68.393,69.542,70.653,71.712,72.704,73.611,74.418,75.113,75.689,76.15,76.512,76.804,77.056,77.303,77.567,77.859
2760.0,55.846,57.215,58.536,59.824,61.088,62.335,63.569,64.792,66.003,67.2,68.377,69.527,70.638,71.698,72.691,73.6,74.409,75.106,75.683,76.146,76.511,76.803,77.057,77.304,77.568,77.86
2820.0,55.846,57.212,58.531,59.816,61.078,62.324,63.556,64.778,65.988,67.184,68.361,69.511,70.623,71.684,72.679,73.589,74.4,75.098,75.678,76.143,76.509,76.803,77.057,77.305,77.569,77.861
2880.0,55.847,57.21,58.526,59.809,61.069,62.312,63.543,64.763,65.973,67.169,68.346,69.496,70.609,71.671,72.666,73.578,74.391,75.091,75.673,76.14,76.507,76.802,77.057,77.305,77.57,77.862
2940.0,55.847,57.207,58.52,59.801,61.059,62.301,63.53,64.749,65.958,67.153,68.33,69.48,70.594,71.657,72.653,73.567,74.382,75.084,75.668,76.137,76.506,76.801,77.058,77.306,77.57,77.863
3000.0,55.848,57.205,58.516,59.794,61.05,62.289,63.517,64.735,65.943,67.138,68.314,69.465,70.579,71.643,72.641,73.556,74.373,75.077,75.663,76.133,76.504,76.801,77.058,77.307,77.571,77.863
3060.0,55.849,57.203,58.511,59.787,61.04,62.278,63.504,64.721,65.928,67.122,68.299,69.45,70.564,71.629,72.628,73.545,74.364,75.07,75.657,76.13,76.502,76.8,77.058,77.307,77.572,77.864
3120.0,55.851,57.201,58.506,59.78,61.031,62.267,63.492,64.707,65.913,67.107,68.283,69.434,70.55,71.615,72.616,73.534,74.354,75.063,75.652,76.127,76.5,76.8,77.058,77.308,77.573,77.865
3180.0,55.852,57.2,58.502,59.773,61.022,62.256,63.479,64.694,65.899,67.092,68.268,69.419,70.535,71.602,72.603,73.523,74.345,75.055,75.647,76.123,76.499,76.799,77.058,77.309,77.574,77.866
3240.0,55.854,57.198,58.498,59.766,61.013,62.246,63.467,64.68,65.884,67.077,68.253,69.404,70.52,71.588,72.591,73.513,74.336,75.048,75.642,76.12,76.497,76.799,77.059,77.309,77.575,77.867
3300.0,55.856,57.197,58.494,59.76,61.005,62.235,63.455,64.667,65.87,67.062,68.237,69.389,70.506,71.574,72.578,73.502,74.327,75.041,75.637,76.116,76.495,76.798,77.059,77.31,77.575,77.868
3360.0,55.858,57.196,58.49,59.754,60.996,62.225,63.443,64.653,65.855,67.047,68.222,69.374,70.491,71.56,72.566,73.491,74.318,75.034,75.631,76.113,76.493,76.797,77.059,77.311,77.576,77.869
3420.0,55.86,57.196,58.487,59.748,60.988,62.215,63.431,64.64,65.841,67.032,68.207,69.359,70.477,71.547,72.554,73.48,74.309,75.027,75.626,76.11,76.491,76.797,77.059,77.311,77.577,77.869
3480.0,55.863,57.195,58.483,59.742,60.98,62.204,63.419,64.627,65.827,67.017,68.192,69.344,70.462,71.533,72.541,73.469,74.3,75.019,75.621,76.106,76.489,76.796,77.059,77.312,77.578,77.87
3540.0,55.866,57.195,58.48,59.736,60.972,62.195,63.408,64.614,65.813,67.003,68.177,69.329,70.448,71.52,72.529,73.458,74.29,75.012,75.615,76.103,76.488,76.796,77.06,77.312,77.579,77.871
3600.0,55.869,57.195,58.477,59.731,60.964,62.185,63.396,64.601,65.799,66.988,68.162,69.314,70.433,71.506,72.516,73.447,74.281,75.005,75.61,76.099,76.486,76.795,77.06,77.313,77.579,77.872
3660.0,55.872,57.195,58.475,59.725,60.957,62.175,63.385,64.589,65.786,66.973,68.147,69.299,70.419,71.492,72.504,73.436,74.272,74.998,75.605,76.096,76.484,76.794,77.06,77.314,77.58,77.873
3720.0,55.876,57.195,58.472,59.72,60.949,62.166,63.374,64.576,65.772,66.959,68.133,69.285,70.405,71.479,72.492,73.425,74.263,74.99,75.6,76.092,76.482,76.794,77.06,77.314,77.581,77.874
3780.0,55.879,57.196,58.47,59.715,60.942,62.156,63.363,64.564,65.758,66.945,68.118,69.27,70.39,71.465,72.479,73.414,74.254,74.983,75.594,76.089,76.48,76.793,77.06,77.315,77.582,77.875
3840.0,55.883,57.196,58.467,59.71,60.935,62.147,63.352,64.551,65.745,66.931,68.103,69.255,70.376,71.452,72.467,73.403,74.245,74.976,75.589,76.085,76.478,76.792,77.061,77.316,77.582,77.875
3900.0,55.887,57.197,58.465,59.706,60.928,62.138,63.341,64.539,65.732,66.916,68.089,69.241,70.362,71.438,72.455,73.393,74.235,74.968,75.584,76.082,76.476,76.792,77.061,77.316,77.583,77.876
3960.0,55.892,57.198,58.463,59.701,60.921,62.129,63.331,64.527,65.718,66.902,68.074,69.226,70.348,71.425,72.442,73.382,74.226,74.961,75.578,76.078,76.474,76.791,77.061,77.317,77.584,77.877
4020.0,55.896,57.199,58.462,59.697,60.914,62.121,63.32,64.515,65.705,66.888,68.06,69.212,70.334,71.412,72.43,73.371,74.217,74.954,75.573,76.075,76.472,76.79,77.061,77.317,77.585,77.878
4080.0,55.901,57.201,58.46,59.693,60.908,62.112,63.31,64.503,65.692,66.875,68.046,69.197,70.32,71.398,72.418,73.36,74.208,74.947,75.567,76.071,76.47,76.79,77.061,77.318,77.586,77.879
4140.0,55.906,57.203,58.459,59.689,60.902,62.104,63.299,64.491,65.679,66.861,68.031,69.183,70.305,71.385,72.405,73.349,74.199,74.939,75.562,76.068,76.468,76.789,77.061,77.319,77.586,77.88
4200.0,55.911,57.204,58.458,59.685,60.895,62.095,63.289,64.48,65.666,66.847,68.017,69.169,70.291,71.372,72.393,73.338,74.19,74.932,75.557,76.064,76.466,76.788,77.061,77.319,77.587,77.881
4260.0,55.916,57.207,58.457,59.682,60.889,62.087,63.279,64.468,65.654,66.833,68.003,69.155,70.278,71.358,72.381,73.328,74.18,74.925,75.551,76.06,76.465,76.787,77.061,77.32,77.588,77.881
4320.0,55.922,57.209,58.456,59.678,60.884,62.079,63.27,64.457,65.641,66.82,67.989,69.14,70.264,71.345,72.369,73.317,74.171,74.917,75.546,76.057,76.463,76.787,77.062,77.32,77.589,77.882
4380.0,55.928,57.211,58.456,59.675,60.878,62.071,63.26,64.445,65.628,66.807,67.975,69.126,70.25,71.332,72.357,73.306,74.162,74.91,75.54,76.053,76.461,76.786,77.062,77.321,77.59,77.883
4440.0,55.935,57.214,58.456,59.672,60.872,62.064,63.25,64.434,65.616,66.793,67.961,69.112,70.236,71.319,72.344,73.295,74.153,74.903,75.535,76.05,76.459,76.785,77.062,77.321,77.59,77.884
4500.0,55.942,57.218,58.456,59.669,60.867,62.056,63.241,64.423,65.604,66.78,67.947,69.098,70.222,71.306,72.332,73.284,74.144,74.895,75.53,76.046,76.456,76.784,77.062,77.322,77.591,77.885
4560.0,55.949,57.221,58.456,59.667,60.862,62.049,63.232,64.412,65.592,66.767,67.934,69.084,70.208,71.292,72.32,73.274,74.135,74.888,75.524,76.042,76.454,76.784,77.062,77.323,77.592,77.886
4620.0,55.956,57.225,58.457,59.664,60.857,62.042,63.222,64.402,65.579,66.754,67.92,69.07,70.195,71.279,72.308,73.263,74.126,74.881,75.519,76.039,76.452,76.783,77.062,77.323,77.593,77.886
4680.0,55.964,57.229,58.457,59.662,60.852,62.035,63.213,64.391,65.567,66.741,67.906,69.057,70.181,71.266,72.296,73.252,74.116,74.873,75.513,76.035,76.45,76.782,77.062,77.324,77.593,77.887
4740.0,55.972,57.234,58.459,59.66,60.848,62.028,63.205,64.38,65.556,66.728,67.893,69.043,70.168,71.253,72.284,73.241,74.107,74.866,75.508,76.031,76.448,76.781,77.062,77.324,77.594,77.888
4800.0,55.98,57.238,58.46,59.658,60.843,62.021,63.196,64.37,65.544,66.715,67.879,69.029,70.154,71.24,72.272,73.23,74.098,74.859,75.502,76.028,76.446,76.78,77.062,77.325,77.595,77.889
4860.0,55.989,57.243,58.461,59.657,60.839,62.015,63.187,64.36,65.532,66.702,67.866,69.015,70.14,71.227,72.26,73.22,74.089,74.851,75.497,76.024,76.444,76.78,77.062,77.325,77.596,77.89
4920.0,55.998,57.248,58.463,59.656,60.835,62.008,63.179,64.35,65.521,66.69,67.853,69.002,70.127,71.214,72.248,73.209,74.08,74.844,75.491,76.02,76.442,76.779,77.062,77.326,77.597,77.891
4980.0,56.007,57.254,58.465,59.655,60.831,62.002,63.171,64.34,65.509,66.677,67.839,68.988,70.114,71.201,72.236,73.198,74.071,74.837,75.486,76.017,76.44,76.778,77.062,77.326,77.597,77.892
5040.0,56.016,57.259,58.467,59.654,60.828,61.996,63.162,64.33,65.498,66.665,67.826,68.975,70.1,71.189,72.224,73.188,74.061,74.829,75.48,76.013,76.438,76.777,77.062,77.327,77.598,77.892
5100.0,56.025,57.265,58.47,59.653,60.824,61.99,63.155,64.32,65.487,66.652,67.813,68.962,70.087,71.176,72.212,73.177,74.052,74.822,75.475,76.009,76.436,76.776,77.062,77.327,77.599,77.893
5160.0,56.035,57.271,58.472,59.653,60.821,61.984,63.147,64.31,65.475,66.64,67.8,68.948,70.074,71.163,72.2,73.166,74.043,74.814,75.469,76.006,76.434,76.775,77.062,77.328,77.6,77.894
5220.0,56.045,57.277,58.475,59.652,60.818,61.979,63.139,64.301,65.464,66.628,67.787,68.935,70.06,71.15,72.188,73.156,74.034,74.807,75.464,76.002,76.431,76.775,77.062,77.329,77.6,77.895
5280.0,56.055,57.284,58.478,59.652,60.815,61.974,63.132,64.291,65.454,66.616,67.775,68.922,70.047,71.137,72.176,73.145,74.025,74.8,75.458,75.998,76.429,76.774,77.062,77.329,77.601,77.896
5340.0,56.066,57.29,58.481,59.652,60.813,61.968,63.124,64.282,65.443,66.604,67.762,68.909,70.034,71.125,72.164,73.134,74.016,74.792,75.453,75.994,76.427,76.773,77.062,77.33,77.602,77.897
5400.0,56.076,57.297,58.485,59.653,60.81,61.963,63.117,64.273,65.432,66.592,67.749,68.895,70.021,71.112,72.152,73.124,74.007,74.785,75.447,75.99,76.425,76.772,77.062,77.33,77.603,77.897
5460.0,56.087,57.304,58.488,59.653,60.808,61.959,63.11,64.264,65.422,66.58,67.737,68.882,70.008,71.099,72.141,73.113,73.997,74.777,75.441,75.987,76.423,76.771,77.062,77.331,77.603,77.898
5520.0,56.098,57.312,58.492,59.654,60.806,61.954,63.103,64.255,65.411,66.569,67.724,68.87,69.995,71.087,72.129,73.102,73.988,74.77,75.436,75.983,76.42,76.77,77.062,77.331,77.604,77.899
5580.0,56.11,57.319,58.496,59.655,60.804,61.949,63.096,64.246,65.401,66.557,67.712,68.857,69.982,71.074,72.117,73.092,73.979,74.763,75.43,75.979,76.418,76.769,77.062,77.332,77.605,77.9
5640.0,56.121,57.327,58.501,59.656,60.802,61.945,63.09,64.238,65.391,66.546,67.699,68.844,69.969,71.062,72.105,73.081,73.97,74.755,75.425,75.975,76.416,76.768,77.062,77.332,77.606,77.901
5700.0,56.133,57.335,58.505,59.657,60.8,61.941,63.083,64.229,65.38,66.534,67.687,68.831,69.956,71.049,72.094,73.071,73.961,74.748,75.419,75.971,76.414,76.767,77.062,77.333,77.606,77.902
5760.0,56.145,57.343,58.51,59.659,60.799,61.937,63.077,64.221,65.371,66.523,67.675,68.818,69.944,71.037,72.082,73.06,73.952,74.74,75.413,75.968,76.412,76.766,77.062,77.333,77.607,77.902
5820.0,56.157,57.351,58.514,59.66,60.798,61.933,63.07,64.213,65.361,66.512,67.663,68.806,69.931,71.024,72.07,73.049,73.943,74.733,75.408,75.964,76.409,76.765,77.062,77.334,77.608,77.903
5880.0,56.169,57.36,58.519,59.662,60.797,61.929,63.064,64.205,65.351,66.501,67.651,68.793,69.918,71.012,72.059,73.039,73.934,74.726,75.402,75.96,76.407,76.764,77.062,77.334,77.609,77.904
5940.0,56.182,57.368,58.525,59.664,60.796,61.926,63.059,64.197,65.341,66.49,67.639,68.781,69.905,71.0,72.047,73.028,73.925,74.718,75.396,75.956,76.405,76.763,77.062,77.335,77.609,77.905
6000.0,56.195,57.377,58.53,59.666,60.795,61.922,63.053,64.189,65.332,66.479,67.627,68.768,69.893,70.987,72.035,73.018,73.915,74.711,75.391,75.952,76.403,76.762,77.062,77.335,77.61,77.906
6060.0,56.208,57.386,58.536,59.669,60.794,61.919,63.047,64.181,65.322,66.468,67.615,68.756,69.88,70.975,72.024,73.007,73.906,74.703,75.385,75.948,76.4,76.761,77.062,77.336,77.611,77.906
6120.0,56.221,57.396,58.541,59.671,60.794,61.916,63.042,64.174,65.313,66.458,67.603,68.744,69.868,70.963,72.012,72.997,73.897,74.696,75.38,75.944,76.398,76.76,77.062,77.336,77.611,77.907
6180.0,56.234,57.405,58.547,59.674,60.794,61.913,63.036,64.166,65.304,66.447,67.592,68.731,69.855,70.951,72.001,72.986,73.888,74.688,75.374,75.94,76.396,76.759,77.062,77.336,77.612,77.908
6240.0,56.248,57.415,58.554,59.677,60.793,61.91,63.031,64.159,65.295,66.437,67.58,68.719,69.843,70.939,71.989,72.976,73.879,74.681,75.368,75.937,76.393,76.758,77.062,77.337,77.613,77.909
6300.0,56.262,57.425,58.56,59.68,60.794,61.907,63.026,64.152,65.286,66.426,67.569,68.707,69.831,70.926,71.978,72.965,73.87,74.674,75.363,75.933,76.391,76.757,77.062,77.337,77.614,77.91
6360.0,56.276,57.435,58.566,59.683,60.794,61.905,63.021,64.145,65.277,66.416,67.558,68.695,69.818,70.914,71.966,72.955,73.861,74.666,75.357,75.929,76.389,76.756,77.061,77.338,77.614,77.911
6420.0,56.291,57.446,58.573,59.686,60.794,61.903,63.016,64.138,65.268,66.406,67.546,68.683,69.806,70.902,71.955,72.945,73.852,74.659,75.351,75.925,76.386,76.755,77.061,77.338,77.615,77.911
6480.0,56.306,57.456,58.58,59.69,60.795,61.901,63.012,64.131,65.26,66.396,67.535,68.671,69.794,70.89,71.943,72.934,73.843,74.651,75.345,75.921,76.384,76.754,77.061,77.339,77.616,77.912
6540.0,56.321,57.467,58.587,59.694,60.795,61.899,63.007,64.125,65.251,66.386,67.524,68.659,69.782,70.878,71.932,72.924,73.834,74.644,75.34,75.917,76.382,76.753,77.061,77.339,77.617,77.913
6600.0,56.336,57.479,58.595,59.698,60.796,61.897,63.003,64.118,65.243,66.376,67.513,68.648,69.77,70.866,71.921,72.913,73.825,74.636,75.334,75.913,76.379,76.752,77.061,77.34,77.617,77.914
6660.0,56.352,57.49,58.603,59.702,60.798,61.895,62.999,64.112,65.235,66.366,67.502,68.636,69.758,70.855,71.909,72.903,73.816,74.629,75.328,75.909,76.377,76.751,77.061,77.34,77.618,77.915
6720.0,56.368,57.502,58.611,59.707,60.799,61.893,62.995,64.106,65.227,66.356,67.491,68.624,69.746,70.843,71.898,72.893,73.807,74.621,75.323,75.905,76.374,76.75,77.061,77.34,77.619,77.915
6780.0,56.384,57.514,58.619,59.711,60.8,61.892,62.991,64.099,65.218,66.347,67.48,68.613,69.734,70.831,71.887,72.882,73.798,74.614,75.317,75.901,76.372,76.749,77.061,77.341,77.619,77.916
6840.0,56.4,57.526,58.627,59.716,60.802,61.891,62.987,64.093,65.211,66.337,67.47,68.601,69.722,70.819,71.875,72.872,73.789,74.606,75.311,75.897,76.37,76.748,77.06,77.341,77.62,77.917
6900.0,56.417,57.539,58.636,59.721,60.804,61.89,62.984,64.088,65.203,66.328,67.459,68.59,69.71,70.807,71.864,72.862,73.78,74.599,75.305,75.893,76.367,76.747,77.06,77.342,77.621,77.918
6960.0,56.434,57.551,58.644,59.726,60.806,61.889,62.98,64.082,65.195,66.319,67.449,68.579,69.699,70.796,71.853,72.851,73.771,74.592,75.3,75.889,76.365,76.745,77.06,77.342,77.622,77.919
7020.0,56.451,57.564,58.653,59.732,60.808,61.888,62.977,64.076,65.188,66.309,67.438,68.567,69.687,70.784,71.842,72.841,73.762,74.584,75.294,75.885,76.362,76.744,77.06,77.343,77.622,77.919
7080.0,56.468,57.577,58.663,59.738,60.811,61.888,62.974,64.071,65.18,66.3,67.428,68.556,69.675,70.772,71.831,72.831,73.753,74.577,75.288,75.881,76.36,76.743,77.06,77.343,77.623,77.92
7140.0,56.486,57.59,58.672,59.743,60.813,61.887,62.971,64.065,65.173,66.291,67.418,68.545,69.664,70.761,71.82,72.821,73.744,74.569,75.282,75.877,76.357,76.742,77.06,77.343,77.624,77.921
7200.0,56.503,57.604,58.682,59.749,60.816,61.887,62.968,64.06,65.166,66.282,67.407,68.534,69.652,70.749,71.809,72.81,73.735,74.562,75.277,75.873,76.355,76.741,77.059,77.344,77.624,77.922
7260.0,56.521,57.618,58.691,59.756,60.819,61.887,62.965,64.055,65.158,66.274,67.397,68.523,69.641,70.738,71.797,72.8,73.726,74.554,75.271,75.869,76.352,76.74,77.059,77.344,77.625,77.923
7320.0,56.539,57.631,58.701,59.762,60.822,61.887,62.962,64.05,65.151,66.265,67.387,68.512,69.63,70.727,71.786,72.79,73.717,74.547,75.265,75.865,76.35,76.739,77.059,77.345,77.626,77.923
7380.0,56.558,57.645,58.711,59.769,60.825,61.888,62.96,64.045,65.145,66.256,67.377,68.501,69.618,70.715,71.775,72.78,73.708,74.539,75.259,75.861,76.347,76.737,77.059,77.345,77.626,77.924
7440.0,56.576,57.66,58.722,59.775,60.829,61.888,62.958,64.041,65.138,66.248,67.368,68.491,69.607,70.704,71.765,72.77,73.699,74.532,75.254,75.856,76.345,76.736,77.059,77.345,77.627,77.925
7500.0,56.595,57.674,58.732,59.782,60.832,61.889,62.956,64.036,65.131,66.24,67.358,68.48,69.596,70.692,71.754,72.76,73.69,74.524,75.248,75.852,76.342,76.735,77.058,77.346,77.628,77.926
7560.0,56.614,57.689,58.743,59.789,60.836,61.889,62.954,64.032,65.125,66.231,67.348,68.469,69.585,70.681,71.743,72.75,73.681,74.517,75.242,75.848,76.34,76.734,77.058,77.346,77.628,77.927
7620.0,56.633,57.704,58.754,59.797,60.84,61.89,62.952,64.028,65.118,66.223,67.339,68.459,69.573,70.67,71.732,72.74,73.672,74.51,75.236,75.844,76.337,76.733,77.058,77.347,77.629,77.927
7680.0,56.652,57.719,58.765,59.804,60.844,61.891,62.95,64.023,65.112,66.215,67.329,68.448,69.563,70.659,71.721,72.73,73.663,74.502,75.23,75.84,76.335,76.731,77.058,77.347,77.63,77.928
7740.0,56.672,57.734,58.776,59.812,60.848,61.893,62.949,64.02,65.106,66.207,67.32,68.438,69.552,70.648,71.71,72.72,73.654,74.495,75.225,75.836,76.332,76.73,77.058,77.347,77.631,77.929
7800.0,56.691,57.749,58.788,59.82,60.853,61.894,62.947,64.016,65.1,66.2,67.311,68.428,69.541,70.637,71.7,72.71,73.646,74.487,75.219,75.832,76.33,76.729,77.057,77.348,77.631,77.93
7860.0,56.711,57.765,58.799,59.828,60.858,61.896,62.946,64.012,65.094,66.192,67.302,68.418,69.53,70.626,71.689,72.7,73.637,74.48,75.213,75.828,76.327,76.728,77.057,77.348,77.632,77.931
7920.0,56.731,57.781,58.811,59.836,60.862,61.897,62.945,64.008,65.088,66.184,67.293,68.407,69.519,70.615,71.678,72.69,73.628,74.473,75.208,75.824,76.325,76.727,77.057,77.349,77.633,77.932
7980.0,56.752,57.797,58.823,59.844,60.867,61.899,62.944,64.005,65.083,66.177,67.284,68.397,69.509,70.604,71.668,72.68,73.619,74.465,75.202,75.82,76.322,76.726,77.057,77.349,77.634,77.932
8040.0,56.772,57.813,58.835,59.853,60.873,61.901,62.943,64.002,65.077,66.169,67.275,68.387,69.498,70.593,71.657,72.67,73.61,74.458,75.196,75.816,76.32,76.724,77.056,77.349,77.634,77.933
8100.0,56.793,57.829,58.848,59.861,60.878,61.904,62.943,63.999,65.072,66.162,67.266,68.378,69.487,70.583,71.647,72.66,73.602,74.451,75.19,75.812,76.317,76.723,77.056,77.35,77.635,77.934
8160.0,56.813,57.845,58.86,59.87,60.883,61.906,62.942,63.995,65.067,66.155,67.257,68.368,69.477,70.572,71.636,72.65,73.593,74.443,75.184,75.808,76.315,76.722,77.056,77.35,77.636,77.935
8220.0,56.834,57.862,58.873,59.879,60.889,61.908,62.942,63.993,65.062,66.148,67.249,68.358,69.466,70.561,71.626,72.641,73.584,74.436,75.179,75.803,76.312,76.721,77.056,77.351,77.636,77.936
8280.0,56.856,57.879,58.886,59.888,60.895,61.911,62.942,63.99,65.056,66.141,67.24,68.348,69.456,70.551,71.615,72.631,73.575,74.429,75.173,75.799,76.31,76.719,77.056,77.351,77.637,77.937
8340.0,56.877,57.896,58.899,59.897,60.9,61.914,62.942,63.987,65.052,66.134,67.232,68.339,69.446,70.54,71.605,72.621,73.567,74.421,75.167,75.795,76.307,76.718,77.055,77.351,77.638,77.937
8400.0,56.898,57.913,58.912,59.907,60.907,61.917,62.942,63.985,65.047,66.127,67.224,68.329,69.435,70.529,71.595,72.611,73.558,74.414,75.161,75.791,76.305,76.717,77.055,77.352,77.639,77.938
8460.0,56.92,57.93,58.925,59.917,60.913,61.92,62.942,63.982,65.042,66.121,67.215,68.32,69.425,70.519,71.584,72.601,73.549,74.407,75.156,75.787,76.302,76.716,77.055,77.352,77.639,77.939
8520.0,56.942,57.948,58.939,59.926,60.919,61.923,62.942,63.98,65.037,66.114,67.207,68.31,69.415,70.508,71.574,72.592,73.541,74.399,75.15,75.783,76.299,76.714,77.055,77.353,77.64,77.94
8580.0,56.965,57.966,58.953,59.936,60.926,61.926,62.943,63.978,65.033,66.108,67.199,68.301,69.405,70.498,71.564,72.582,73.532,74.392,75.144,75.779,76.297,76.713,77.054,77.353,77.641,77.941
8640.0,56.988,57.985,58.967,59.947,60.932,61.93,62.943,63.976,65.029,66.101,67.191,68.292,69.395,70.488,71.553,72.572,73.523,74.384,75.138,75.774,76.294,76.712,77.054,77.353,77.641,77.941
8700.0,57.012,58.004,58.981,59.957,60.939,61.933,62.944,63.974,65.024,66.095,67.183,68.283,69.385,70.477,71.543,72.563,73.515,74.377,75.132,75.77,76.292,76.711,77.054,77.354,77.642,77.942
8760.0,57.037,58.023,58.996,59.968,60.946,61.937,62.945,63.972,65.02,66.089,67.175,68.274,69.375,70.467,71.533,72.553,73.506,74.37,75.127,75.766,76.289,76.709,77.053,77.354,77.643,77.943
8820.0,57.062,58.043,59.011,59.979,60.954,61.941,62.946,63.97,65.016,66.083,67.168,68.265,69.365,70.457,71.523,72.544,73.497,74.362,75.121,75.762,76.286,76.708,77.053,77.354,77.643,77.944
8880.0,57.087,58.063,59.027,59.99,60.961,61.945,62.947,63.969,65.012,66.077,67.16,68.256,69.356,70.447,71.513,72.534,73.489,74.355,75.115,75.758,76.284,76.707,77.053,77.355,77.644,77.945
8940.0,57.112,58.083,59.043,60.002,60.969,61.95,62.948,63.967,65.008,66.071,67.152,68.247,69.346,70.437,71.503,72.524,73.48,74.348,75.109,75.754,76.281,76.705,77.052,77.355,77.645,77.945
9000.0,57.138,58.104,59.059,60.014,60.977,61.954,62.95,63.966,65.005,66.065,67.145,68.238,69.336,70.426,71.493,72.515,73.471,74.34,75.103,75.749,76.278,76.704,77.052,77.355,77.646,77.946
9060.0,57.165,58.125,59.075,60.026,60.985,61.959,62.951,63.965,65.001,66.06,67.138,68.23,69.327,70.416,71.483,72.505,73.463,74.333,75.098,75.745,76.276,76.703,77.052,77.356,77.646,77.947
9120.0,57.191,58.147,59.092,60.038,60.994,61.964,62.953,63.964,64.998,66.054,67.13,68.221,69.317,70.406,71.473,72.496,73.454,74.326,75.092,75.741,76.273,76.701,77.051,77.356,77.647,77.948
9180.0,57.218,58.168,59.109,60.051,61.003,61.969,62.955,63.963,64.995,66.049,67.123,68.212,69.308,70.397,71.463,72.486,73.446,74.319,75.086,75.737,76.27,76.7,77.051,77.356,77.648,77.949
9240.0,57.245,58.19,59.126,60.064,61.012,61.975,62.958,63.963,64.991,66.043,67.116,68.204,69.298,70.387,71.453,72.477,73.437,74.311,75.08,75.732,76.268,76.699,77.051,77.357,77.648,77.949
9300.0,57.272,58.213,59.143,60.077,61.021,61.98,62.96,63.962,64.988,66.038,67.109,68.196,69.289,70.377,71.443,72.468,73.429,74.304,75.074,75.728,76.265,76.697,77.05,77.357,77.649,77.95
9360.0,57.3,58.235,59.161,60.09,61.03,61.986,62.962,63.962,64.985,66.033,67.102,68.187,69.28,70.367,71.433,72.458,73.42,74.297,75.069,75.724,76.262,76.696,77.05,77.357,77.65,77.951
9420.0,57.328,58.258,59.179,60.104,61.04,61.992,62.965,63.961,64.983,66.028,67.095,68.179,69.27,70.357,71.423,72.449,73.412,74.289,75.063,75.72,76.26,76.695,77.05,77.358,77.65,77.952
9480.0,57.356,58.28,59.197,60.118,61.05,61.998,62.968,63.961,64.98,66.023,67.089,68.171,69.261,70.348,71.414,72.439,73.403,74.282,75.057,75.716,76.257,76.693,77.049,77.358,77.651,77.953
9540.0,57.384,58.304,59.216,60.132,61.06,62.005,62.971,63.961,64.977,66.019,67.082,68.163,69.252,70.338,71.404,72.43,73.395,74.275,75.051,75.711,76.254,76.692,77.049,77.358,77.652,77.953
9600.0,57.412,58.327,59.234,60.146,61.07,62.011,62.974,63.962,64.975,66.014,67.076,68.155,69.243,70.328,71.394,72.421,73.386,74.267,75.045,75.707,76.251,76.69,77.049,77.359,77.652,77.954
9660.0,57.441,58.35,59.253,60.16,61.08,62.018,62.978,63.962,64.973,66.009,67.069,68.147,69.234,70.319,71.385,72.412,73.378,74.26,75.039,75.703,76.249,76.689,77.048,77.359,77.653,77.955
9720.0,57.47,58.374,59.272,60.175,61.091,62.025,62.981,63.963,64.971,66.005,67.063,68.139,69.225,70.309,71.375,72.402,73.369,74.253,75.034,75.698,76.246,76.688,77.048,77.359,77.654,77.956
9780.0,57.499,58.398,59.291,60.19,61.102,62.032,62.985,63.963,64.969,66.001,67.057,68.131,69.217,70.3,71.365,72.393,73.361,74.246,75.028,75.694,76.243,76.686,77.047,77.359,77.654,77.956
9840.0,57.528,58.422,59.31,60.205,61.113,62.039,62.989,63.964,64.967,65.996,67.05,68.124,69.208,70.291,71.356,72.384,73.352,74.238,75.022,75.69,76.24,76.685,77.047,77.36,77.655,77.957
9900.0,57.557,58.446,59.33,60.22,61.124,62.047,62.993,63.965,64.965,65.992,67.044,68.116,69.199,70.281,71.346,72.375,73.344,74.231,75.016,75.686,76.238,76.683,77.047,77.36,77.656,77.958
9960.0,57.588,58.471,59.35,60.236,61.135,62.054,62.997,63.966,64.963,65.988,67.038,68.109,69.19,70.272,71.337,72.366,73.336,74.224,75.01,75.681,76.235,76.682,77.046,77.36,77.656,77.959
10020.0,57.619,58.497,59.37,60.251,61.147,62.062,63.001,63.967,64.962,65.984,67.033,68.101,69.182,70.263,71.328,72.357,73.327,74.217,75.004,75.677,76.232,76.68,77.046,77.361,77.657,77.96
10080.0,57.651,58.523,59.391,60.267,61.159,62.07,63.006,63.969,64.961,65.981,67.027,68.094,69.173,70.254,71.318,72.347,73.319,74.209,74.999,75.673,76.229,76.679,77.045,77.361,77.657,77.96
10140.0,57.683,58.549,59.412,60.284,61.171,62.078,63.011,63.97,64.959,65.977,67.021,68.087,69.165,70.244,71.309,72.338,73.311,74.202,74.993,75.668,76.226,76.677,77.045,77.361,77.658,77.961
10200.0,57.715,58.575,59.434,60.3,61.183,62.087,63.016,63.972,64.958,65.973,67.016,68.079,69.157,70.235,71.3,72.329,73.302,74.195,74.987,75.664,76.224,76.676,77.045,77.361,77.659,77.962
10260.0,57.747,58.602,59.455,60.317,61.196,62.095,63.021,63.974,64.957,65.97,67.01,68.072,69.148,70.226,71.29,72.32,73.294,74.188,74.981,75.66,76.221,76.674,77.044,77.362,77.659,77.963
10320.0,57.78,58.629,59.477,60.335,61.209,62.104,63.026,63.976,64.956,65.967,67.005,68.065,69.14,70.217,71.281,72.311,73.286,74.18,74.975,75.655,76.218,76.673,77.044,77.362,77.66,77.963
10380.0,57.813,58.657,59.499,60.352,61.222,62.113,63.031,63.978,64.956,65.964,66.999,68.058,69.132,70.208,71.272,72.302,73.277,74.173,74.969,75.651,76.215,76.671,77.043,77.362,77.661,77.964
10440.0,57.846,58.684,59.522,60.37,61.235,62.123,63.037,63.981,64.955,65.961,66.994,68.051,69.124,70.2,71.263,72.293,73.269,74.166,74.963,75.647,76.212,76.67,77.043,77.362,77.661,77.965
10500.0,57.88,58.712,59.545,60.388,61.248,62.132,63.043,63.983,64.955,65.958,66.989,68.045,69.116,70.191,71.254,72.285,73.261,74.159,74.958,75.643,76.21,76.668,77.042,77.363,77.662,77.966
10560.0,57.914,58.741,59.568,60.406,61.262,62.142,63.049,63.986,64.955,65.955,66.984,68.038,69.108,70.182,71.245,72.276,73.253,74.152,74.952,75.638,76.207,76.667,77.042,77.363,77.663,77.967
10620.0,57.948,58.769,59.591,60.424,61.276,62.152,63.055,63.989,64.955,65.952,66.979,68.031,69.1,70.173,71.236,72.267,73.244,74.145,74.946,75.634,76.204,76.666,77.041,77.363,77.663,77.967
10680.0,57.982,58.798,59.614,60.443,61.29,62.162,63.062,63.992,64.955,65.95,66.975,68.025,69.092,70.165,71.227,72.258,73.236,74.138,74.94,75.63,76.201,76.664,77.041,77.363,77.664,77.968
10740.0,58.016,58.826,59.638,60.462,61.305,62.172,63.068,63.995,64.955,65.947,66.97,68.019,69.085,70.156,71.218,72.249,73.228,74.13,74.935,75.625,76.198,76.663,77.041,77.364,77.665,77.969
10800.0,58.051,58.855,59.662,60.481,61.32,62.183,63.075,63.999,64.955,65.945,66.966,68.012,69.077,70.148,71.209,72.241,73.22,74.123,74.929,75.621,76.196,76.661,77.04,77.364,77.665,77.97
10860.0,58.086,58.885,59.686,60.5,61.334,62.194,63.082,64.002,64.956,65.943,66.961,68.006,69.069,70.139,71.2,72.232,73.212,74.116,74.923,75.617,76.193,76.66,77.04,77.364,77.666,77.971
10920.0,58.121,58.914,59.71,60.52,61.349,62.205,63.089,64.006,64.956,65.941,66.957,68.0,69.062,70.131,71.191,72.223,73.204,74.109,74.917,75.612,76.19,76.658,77.039,77.365,77.667,77.972
10980.0,58.156,58.944,59.735,60.539,61.365,62.216,63.096,64.01,64.957,65.939,66.953,67.994,69.054,70.123,71.183,72.215,73.196,74.102,74.911,75.608,76.187,76.657,77.039,77.365,77.668,77.972
11040.0,58.191,58.974,59.759,60.559,61.38,62.227,63.104,64.014,64.958,65.937,66.949,67.988,69.047,70.114,71.174,72.206,73.188,74.095,74.906,75.604,76.184,76.655,77.038,77.365,77.668,77.973
11100.0,58.227,59.004,59.784,60.579,61.396,62.239,63.112,64.018,64.959,65.935,66.945,67.982,69.04,70.106,71.165,72.198,73.18,74.088,74.9,75.6,76.181,76.654,77.038,77.365,77.669,77.974
11160.0,58.262,59.034,59.809,60.6,61.412,62.25,63.119,64.022,64.96,65.934,66.941,67.976,69.033,70.098,71.157,72.189,73.172,74.081,74.894,75.595,76.179,76.652,77.038,77.366,77.67,77.975
11220.0,58.298,59.064,59.834,60.62,61.428,62.262,63.127,64.027,64.962,65.933,66.937,67.971,69.025,70.09,71.148,72.18,73.164,74.074,74.888,75.591,76.176,76.651,77.037,77.366,77.67,77.976
11280.0,58.334,59.095,59.86,60.641,61.444,62.274,63.136,64.031,64.963,65.931,66.933,67.965,69.018,70.082,71.14,72.172,73.156,74.067,74.883,75.587,76.173,76.649,77.037,77.366,77.671,77.976
11340.0,58.37,59.125,59.885,60.662,61.46,62.286,63.144,64.036,64.965,65.93,66.93,67.959,69.011,70.074,71.131,72.164,73.148,74.06,74.877,75.582,76.17,76.648,77.036,77.367,77.672,77.977
11400.0,58.407,59.156,59.911,60.682,61.477,62.299,63.152,64.041,64.967,65.929,66.926,67.954,69.004,70.066,71.123,72.155,73.14,74.053,74.871,75.578,76.167,76.646,77.036,77.367,77.672,77.978
11460.0,58.443,59.187,59.937,60.704,61.493,62.311,63.161,64.046,64.969,65.928,66.923,67.949,68.998,70.058,71.114,72.147,73.132,74.046,74.865,75.574,76.164,76.644,77.035,77.367,77.673,77.979
11520.0,58.48,59.218,59.963,60.725,61.51,62.324,63.17,64.052,64.971,65.927,66.92,67.944,68.991,70.05,71.106,72.138,73.124,74.039,74.86,75.569,76.161,76.643,77.035,77.367,77.674,77.98
11580.0,58.516,59.25,59.989,60.746,61.527,62.337,63.179,64.057,64.973,65.927,66.917,67.938,68.984,70.042,71.098,72.13,73.116,74.032,74.854,75.565,76.158,76.641,77.034,77.367,77.674,77.98
11640.0,58.553,59.281,60.016,60.768,61.544,62.35,63.188,64.063,64.975,65.926,66.914,67.933,68.977,70.035,71.089,72.122,73.108,74.025,74.848,75.561,76.156,76.64,77.034,77.368,77.675,77.981
11700.0,58.59,59.313,60.042,60.79,61.562,62.363,63.197,64.068,64.978,65.926,66.911,67.928,68.971,70.027,71.081,72.113,73.101,74.018,74.842,75.556,76.153,76.638,77.033,77.368,77.675,77.982
11760.0,58.628,59.345,60.069,60.812,61.579,62.376,63.207,64.074,64.98,65.925,66.908,67.923,68.964,70.02,71.073,72.105,73.093,74.011,74.836,75.552,76.15,76.637,77.033,77.368,77.676,77.983
11820.0,58.665,59.376,60.096,60.834,61.597,62.39,63.217,64.08,64.983,65.925,66.905,67.919,68.958,70.012,71.065,72.097,73.085,74.004,74.831,75.547,76.147,76.635,77.032,77.368,77.677,77.984
11880.0,58.702,59.409,60.123,60.856,61.615,62.403,63.226,64.086,64.986,65.925,66.903,67.914,68.952,70.005,71.057,72.089,73.077,73.997,74.825,75.543,76.144,76.633,77.032,77.369,77.677,77.984
11940.0,58.74,59.441,60.15,60.879,61.633,62.417,63.236,64.093,64.989,65.925,66.9,67.909,68.945,69.997,71.049,72.081,73.069,73.99,74.819,75.539,76.141,76.632,77.031,77.369,77.678,77.985
12000.0,58.778,59.473,60.177,60.901,61.651,62.431,63.246,64.099,64.992,65.926,66.898,67.905,68.939,69.99,71.041,72.073,73.062,73.983,74.813,75.534,76.138,76.63,77.031,77.369,77.679,77.986
12060.0,58.815,59.505,60.205,60.924,61.669,62.445,63.256,64.106,64.995,65.926,66.896,67.9,68.933,69.982,71.033,72.064,73.054,73.976,74.808,75.53,76.135,76.629,77.03,77.369,77.679,77.987
12120.0,58.853,59.538,60.232,60.947,61.688,62.46,63.267,64.113,64.999,65.926,66.893,67.896,68.927,69.975,71.025,72.056,73.046,73.969,74.802,75.526,76.132,76.627,77.029,77.369,77.68,77.987
12180.0,58.891,59.571,60.26,60.97,61.706,62.474,63.277,64.119,65.002,65.927,66.891,67.892,68.921,69.968,71.017,72.048,73.039,73.962,74.796,75.521,76.129,76.625,77.029,77.37,77.681,77.988
12240.0,58.929,59.604,60.288,60.993,61.725,62.488,63.288,64.126,65.006,65.928,66.889,67.888,68.915,69.961,71.009,72.04,73.031,73.956,74.79,75.517,76.126,76.624,77.028,77.37,77.681,77.989
12300.0,58.968,59.636,60.316,61.016,61.744,62.503,63.299,64.134,65.01,65.928,66.888,67.884,68.91,69.954,71.001,72.032,73.023,73.949,74.785,75.513,76.123,76.622,77.028,77.37,77.682,77.99
12360.0,59.006,59.669,60.344,61.04,61.763,62.518,63.31,64.141,65.014,65.929,66.886,67.88,68.904,69.947,70.994,72.024,73.016,73.942,74.779,75.508,76.12,76.62,77.027,77.37,77.682,77.99
12420.0,59.044,59.703,60.372,61.063,61.782,62.533,63.321,64.148,65.018,65.93,66.884,67.876,68.898,69.94,70.986,72.017,73.008,73.935,74.773,75.504,76.117,76.619,77.027,77.37,77.683,77.991
12480.0,59.083,59.736,60.4,61.087,61.801,62.548,63.332,64.156,65.022,65.931,66.883,67.872,68.893,69.933,70.978,72.009,73.0,73.928,74.768,75.499,76.114,76.617,77.026,77.371,77.684,77.992
12540.0,59.122,59.769,60.429,61.11,61.82,62.563,63.343,64.163,65.026,65.933,66.881,67.869,68.887,69.926,70.971,72.001,72.993,73.921,74.762,75.495,76.111,76.615,77.025,77.371,77.684,77.993
12600.0,59.16,59.803,60.457,61.134,61.84,62.579,63.355,64.171,65.031,65.934,66.88,67.865,68.882,69.92,70.963,71.993,72.985,73.915,74.756,75.491,76.108,76.614,77.025,77.371,77.685,77.993
12660.0,59.199,59.836,60.486,61.158,61.859,62.594,63.366,64.179,65.035,65.936,66.879,67.861,68.876,69.913,70.956,71.985,72.978,73.908,74.75,75.486,76.105,76.612,77.024,77.371,77.685,77.994
12720.0,59.238,59.87,60.515,61.182,61.879,62.61,63.378,64.187,65.04,65.937,66.878,67.858,68.871,69.906,70.948,71.978,72.97,73.901,74.745,75.482,76.102,76.61,77.024,77.371,77.686,77.995
12780.0,59.277,59.904,60.544,61.207,61.899,62.625,63.39,64.195,65.045,65.939,66.877,67.855,68.866,69.9,70.941,71.97,72.963,73.894,74.739,75.477,76.099,76.609,77.023,77.371,77.687,77.996
12840.0,59.316,59.938,60.573,61.231,61.919,62.641,63.402,64.204,65.05,65.941,66.876,67.852,68.861,69.893,70.934,71.962,72.955,73.887,74.733,75.473,76.096,76.607,77.022,77.371,77.687,77.996
12900.0,59.356,59.972,60.602,61.256,61.939,62.657,63.414,64.212,65.055,65.943,66.875,67.848,68.856,69.887,70.926,71.955,72.948,73.881,74.728,75.469,76.093,76.605,77.022,77.372,77.688,77.997
12960.0,59.398,60.007,60.631,61.28,61.959,62.673,63.426,64.221,65.06,65.945,66.874,67.845,68.851,69.881,70.919,71.947,72.941,73.874,74.722,75.464,76.09,76.604,77.021,77.372,77.688,77.998
13020.0,59.44,60.043,60.662,61.305,61.98,62.689,63.438,64.229,65.065,65.947,66.874,67.842,68.846,69.874,70.912,71.94,72.933,73.867,74.716,75.46,76.087,76.602,77.02,77.372,77.689,77.999
13080.0,59.482,60.079,60.692,61.331,62.001,62.706,63.451,64.238,65.07,65.949,66.873,67.84,68.841,69.868,70.905,71.932,72.926,73.86,74.71,75.455,76.084,76.6,77.02,77.372,77.69,77.999
13140.0,59.525,60.116,60.723,61.357,62.022,62.723,63.463,64.247,65.076,65.952,66.873,67.837,68.837,69.862,70.898,71.925,72.919,73.854,74.705,75.451,76.081,76.598,77.019,77.372,77.69,78.0
13200.0,59.569,60.153,60.754,61.383,62.043,62.739,63.476,64.256,65.082,65.954,66.873,67.834,68.832,69.856,70.891,71.917,72.911,73.847,74.699,75.447,76.078,76.597,77.018,77.372,77.691,78.001
13260.0,59.613,60.191,60.786,61.409,62.064,62.756,63.489,64.265,65.087,65.957,66.872,67.832,68.827,69.85,70.884,71.91,72.904,73.84,74.693,75.442,76.075,76.595,77.018,77.372,77.691,78.002
13320.0,59.657,60.228,60.818,61.436,62.086,62.774,63.502,64.274,65.093,65.959,66.872,67.829,68.823,69.844,70.877,71.902,72.897,73.834,74.688,75.438,76.072,76.593,77.017,77.373,77.692,78.002
13380.0,59.701,60.266,60.85,61.462,62.108,62.791,63.515,64.284,65.099,65.962,66.872,67.827,68.819,69.838,70.87,71.895,72.889,73.827,74.682,75.433,76.069,76.591,77.016,77.373,77.692,78.003
13440.0,59.745,60.305,60.883,61.49,62.13,62.809,63.529,64.294,65.105,65.965,66.873,67.824,68.814,69.832,70.863,71.888,72.882,73.82,74.676,75.429,76.066,76.59,77.016,77.373,77.693,78.004
13500.0,59.79,60.343,60.916,61.517,62.153,62.827,63.543,64.303,65.112,65.968,66.873,67.822,68.81,69.826,70.856,71.88,72.875,73.814,74.671,75.425,76.063,76.588,77.015,77.373,77.694,78.004
13560.0,59.835,60.382,60.949,61.545,62.175,62.845,63.556,64.313,65.118,65.971,66.873,67.82,68.806,69.821,70.85,71.873,72.868,73.807,74.665,75.42,76.06,76.586,77.014,77.373,77.694,78.005
13620.0,59.88,60.421,60.982,61.573,62.198,62.863,63.57,64.323,65.125,65.975,66.874,67.818,68.802,69.815,70.843,71.866,72.861,73.801,74.659,75.416,76.057,76.584,77.014,77.373,77.695,78.006
13680.0,59.925,60.46,61.015,61.601,62.221,62.882,63.585,64.334,65.131,65.978,66.874,67.816,68.798,69.809,70.836,71.859,72.854,73.794,74.654,75.411,76.054,76.583,77.013,77.373,77.695,78.007
13740.0,59.97,60.499,61.049,61.629,62.245,62.9,63.599,64.344,65.138,65.982,66.875,67.814,68.794,69.804,70.83,71.852,72.847,73.787,74.648,75.407,76.051,76.581,77.012,77.373,77.696,78.007
13800.0,60.016,60.538,61.082,61.657,62.268,62.919,63.614,64.355,65.145,65.985,66.875,67.812,68.79,69.798,70.823,71.845,72.839,73.781,74.643,75.402,76.048,76.579,77.012,77.373,77.696,78.008
13860.0,60.062,60.578,61.116,61.686,62.292,62.938,63.628,64.365,65.152,65.989,66.876,67.811,68.786,69.793,70.817,71.838,72.832,73.774,74.637,75.398,76.045,76.577,77.011,77.373,77.697,78.009
13920.0,60.107,60.618,61.151,61.715,62.316,62.957,63.643,64.376,65.159,65.993,66.877,67.809,68.782,69.788,70.81,71.831,72.825,73.768,74.631,75.394,76.042,76.575,77.01,77.373,77.697,78.009
13980.0,60.153,60.658,61.185,61.744,62.34,62.977,63.658,64.387,65.167,65.997,66.878,67.808,68.779,69.782,70.804,71.824,72.818,73.761,74.626,75.389,76.038,76.574,77.009,77.373,77.698,78.01
14040.0,60.2,60.698,61.219,61.773,62.364,62.996,63.673,64.399,65.174,66.001,66.879,67.806,68.775,69.777,70.797,71.817,72.811,73.755,74.62,75.385,76.035,76.572,77.009,77.374,77.699,78.011
14100.0,60.247,60.739,61.254,61.803,62.389,63.016,63.689,64.41,65.182,66.005,66.881,67.805,68.772,69.772,70.791,71.81,72.804,73.748,74.615,75.38,76.032,76.57,77.008,77.374,77.699,78.011
14160.0,60.295,60.78,61.29,61.832,62.413,63.036,63.704,64.421,65.19,66.01,66.882,67.804,68.768,69.767,70.785,71.803,72.798,73.742,74.609,75.376,76.029,76.568,77.007,77.374,77.7,78.012
14220.0,60.344,60.822,61.325,61.862,62.438,63.056,63.72,64.433,65.197,66.014,66.884,67.802,68.765,69.762,70.779,71.796,72.791,73.735,74.603,75.372,76.026,76.566,77.007,77.374,77.7,78.013
14280.0,60.393,60.864,61.361,61.893,62.463,63.077,63.736,64.445,65.206,66.019,66.885,67.801,68.762,69.757,70.773,71.789,72.784,73.729,74.598,75.367,76.023,76.564,77.006,77.374,77.701,78.014
14340.0,60.442,60.907,61.398,61.924,62.489,63.097,63.752,64.457,65.214,66.024,66.887,67.8,68.759,69.752,70.766,71.783,72.777,73.723,74.592,75.363,76.02,76.563,77.005,77.374,77.701,78.014
14400.0,60.491,60.95,61.434,61.955,62.515,63.118,63.769,64.469,65.222,66.029,66.889,67.8,68.756,69.747,70.76,71.776,72.77,73.716,74.587,75.358,76.017,76.561,77.004,77.374,77.702,78.015
14460.0,60.541,60.993,61.471,61.986,62.54,63.139,63.785,64.481,65.231,66.034,66.891,67.799,68.753,69.743,70.754,71.769,72.763,73.71,74.581,75.354,76.014,76.559,77.003,77.374,77.702,78.016
14520.0,60.59,61.036,61.508,62.017,62.567,63.16,63.802,64.494,65.239,66.039,66.893,67.798,68.75,69.738,70.749,71.763,72.757,73.703,74.575,75.349,76.01,76.557,77.003,77.374,77.703,78.016
14580.0,60.64,61.079,61.546,62.049,62.593,63.182,63.819,64.507,65.248,66.044,66.895,67.798,68.747,69.733,70.743,71.756,72.75,73.697,74.57,75.345,76.007,76.555,77.002,77.374,77.703,78.017
14640.0,60.69,61.123,61.583,62.081,62.62,63.203,63.836,64.519,65.257,66.05,66.897,67.797,68.744,69.729,70.737,71.75,72.743,73.691,74.564,75.341,76.004,76.553,77.001,77.374,77.704,78.018
14700.0,60.741,61.167,61.621,62.113,62.647,63.225,63.853,64.532,65.266,66.055,66.9,67.797,68.741,69.724,70.731,71.743,72.737,73.684,74.559,75.336,76.001,76.551,77.0,77.374,77.704,78.018
14760.0,60.791,61.211,61.659,62.145,62.674,63.247,63.87,64.546,65.275,66.061,66.902,67.797,68.739,69.72,70.725,71.737,72.73,73.678,74.553,75.332,75.998,76.549,77.0,77.374,77.705,78.019
14820.0,60.842,61.255,61.697,62.178,62.701,63.27,63.888,64.559,65.285,66.067,66.905,67.796,68.736,69.715,70.72,71.73,72.723,73.672,74.548,75.327,75.995,76.548,76.999,77.374,77.705,78.02
14880.0,60.892,61.299,61.736,62.211,62.728,63.292,63.906,64.572,65.294,66.073,66.907,67.796,68.734,69.711,70.714,71.724,72.717,73.665,74.542,75.323,75.992,76.546,76.998,77.374,77.706,78.02
14940.0,60.943,61.344,61.774,62.244,62.756,63.315,63.924,64.586,65.304,66.079,66.91,67.796,68.732,69.707,70.709,71.717,72.71,73.659,74.537,75.319,75.988,76.544,76.997,77.374,77.706,78.021
15000.0,60.994,61.388,61.813,62.277,62.784,63.338,63.942,64.6,65.314,66.085,66.913,67.796,68.729,69.703,70.703,71.711,72.704,73.653,74.531,75.314,75.985,76.542,76.996,77.374,77.707,78.021
15060.0,61.045,61.433,61.852,62.31,62.812,63.361,63.96,64.614,65.324,66.091,66.916,67.797,68.727,69.699,70.698,71.705,72.697,73.647,74.526,75.31,75.982,76.54,76.995,77.374,77.707,78.022
15120.0,61.096,61.478,61.891,62.343,62.84,63.384,63.979,64.628,65.334,66.098,66.919,67.797,68.725,69.695,70.692,71.699,72.691,73.641,74.52,75.305,75.979,76.538,76.995,77.374,77.708,78.023
15180.0,61.148,61.523,61.93,62.377,62.868,63.407,63.998,64.642,65.344,66.104,66.923,67.797,68.723,69.691,70.687,71.693,72.684,73.634,74.515,75.301,75.976,76.536,76.994,77.374,77.708,78.023
15240.0,61.199,61.568,61.969,62.411,62.897,63.431,64.017,64.657,65.355,66.111,66.926,67.798,68.721,69.687,70.682,71.686,72.678,73.628,74.509,75.296,75.973,76.534,76.993,77.374,77.709,78.024
15300.0,61.25,61.613,62.009,62.445,62.925,63.455,64.036,64.672,65.365,66.118,66.93,67.799,68.719,69.683,70.676,71.68,72.671,73.622,74.504,75.292,75.969,76.532,76.992,77.374,77.709,78.025
15360.0,61.302,61.659,62.048,62.479,62.954,63.478,64.055,64.686,65.376,66.125,66.933,67.799,68.718,69.679,70.671,71.674,72.665,73.616,74.499,75.288,75.966,76.53,76.991,77.374,77.709,78.025
15420.0,61.353,61.704,62.088,62.513,62.983,63.502,64.074,64.701,65.387,66.132,66.937,67.8,68.716,69.676,70.666,71.668,72.659,73.61,74.493,75.283,75.963,76.528,76.99,77.374,77.71,78.026
15480.0,61.405,61.75,62.127,62.547,63.012,63.527,64.094,64.716,65.398,66.139,66.941,67.801,68.714,69.672,70.661,71.662,72.652,73.604,74.488,75.279,75.96,76.527,76.99,77.374,77.71,78.027
15540.0,61.456,61.795,62.167,62.581,63.041,63.551,64.113,64.732,65.409,66.147,66.945,67.802,68.713,69.669,70.656,71.656,72.646,73.598,74.482,75.274,75.957,76.525,76.989,77.374,77.711,78.027
15600.0,61.508,61.841,62.207,62.616,63.071,63.575,64.133,64.747,65.42,66.154,66.949,67.803,68.711,69.665,70.651,71.65,72.64,73.591,74.477,75.27,75.954,76.523,76.988,77.374,77.711,78.028
15660.0,61.56,61.887,62.247,62.651,63.1,63.6,64.153,64.763,65.432,66.162,66.953,67.804,68.71,69.662,70.646,71.645,72.634,73.585,74.471,75.266,75.95,76.521,76.987,77.374,77.712,78.028
15720.0,61.612,61.932,62.287,62.685,63.13,63.625,64.173,64.778,65.443,66.17,66.958,67.806,68.709,69.659,70.641,71.639,72.627,73.579,74.466,75.261,75.947,76.519,76.986,77.374,77.712,78.029
15780.0,61.663,61.978,62.328,62.72,63.16,63.649,64.193,64.794,65.455,66.177,66.962,67.807,68.708,69.655,70.637,71.633,72.621,73.573,74.461,75.257,75.944,76.517,76.985,77.373,77.713,78.03
15840.0,61.715,62.024,62.368,62.755,63.189,63.674,64.214,64.81,65.467,66.185,66.967,67.809,68.707,69.652,70.632,71.627,72.615,73.567,74.455,75.253,75.941,76.515,76.984,77.373,77.713,78.03
15900.0,61.767,62.07,62.408,62.79,63.219,63.7,64.234,64.826,65.479,66.194,66.971,67.81,68.706,69.649,70.627,71.622,72.609,73.561,74.45,75.248,75.938,76.513,76.983,77.373,77.714,78.031
15960.0,61.819,62.116,62.449,62.825,63.25,63.725,64.255,64.842,65.491,66.202,66.976,67.812,68.705,69.646,70.623,71.616,72.603,73.555,74.445,75.244,75.934,76.511,76.983,77.373,77.714,78.031
16020.0,61.871,62.162,62.489,62.861,63.28,63.75,64.275,64.859,65.503,66.21,66.981,67.814,68.704,69.643,70.618,71.61,72.597,73.549,74.439,75.239,75.931,76.509,76.982,77.373,77.714,78.032
16080.0,61.923,62.208,62.53,62.896,63.31,63.776,64.296,64.875,65.515,66.219,66.986,67.816,68.703,69.64,70.614,71.605,72.591,73.544,74.434,75.235,75.928,76.507,76.981,77.373,77.715,78.033
16140.0,61.975,62.254,62.571,62.931,63.34,63.801,64.317,64.892,65.528,66.227,66.991,67.818,68.703,69.637,70.609,71.599,72.585,73.538,74.429,75.231,75.925,76.505,76.98,77.373,77.715,78.033
16200.0,62.027,62.301,62.611,62.967,63.371,63.827,64.338,64.908,65.54,66.236,66.997,67.82,68.702,69.635,70.605,71.594,72.579,73.532,74.423,75.226,75.922,76.503,76.979,77.373,77.716,78.034
16260.0,62.079,62.347,62.652,63.002,63.401,63.853,64.36,64.925,65.553,66.245,67.002,67.822,68.702,69.632,70.6,71.589,72.573,73.526,74.418,75.222,75.918,76.501,76.978,77.373,77.716,78.034
16320.0,62.131,62.393,62.693,63.038,63.432,63.879,64.381,64.942,65.566,66.254,67.007,67.825,68.701,69.629,70.596,71.583,72.567,73.52,74.413,75.218,75.915,76.499,76.977,77.373,77.716,78.035
16380.0,62.183,62.44,62.734,63.074,63.463,63.905,64.402,64.959,65.579,66.263,67.013,67.827,68.701,69.627,70.592,71.578,72.561,73.514,74.407,75.213,75.912,76.497,76.976,77.373,77.717,78.036
16440.0,62.235,62.486,62.775,63.11,63.494,63.931,64.424,64.977,65.592,66.272,67.019,67.83,68.701,69.624,70.588,71.573,72.555,73.508,74.402,75.209,75.909,76.495,76.975,77.373,77.717,78.036
16500.0,62.288,62.533,62.816,63.146,63.525,63.957,64.445,64.994,65.605,66.282,67.025,67.832,68.701,69.622,70.584,71.567,72.55,73.503,74.397,75.204,75.906,76.493,76.974,77.372,77.718,78.037
16560.0,62.341,62.58,62.857,63.182,63.556,63.983,64.467,65.011,65.619,66.291,67.03,67.835,68.701,69.62,70.58,71.562,72.544,73.497,74.392,75.2,75.902,76.491,76.973,77.372,77.718,78.037
16620.0,62.395,62.627,62.899,63.218,63.587,64.01,64.489,65.029,65.632,66.301,67.037,67.838,68.701,69.618,70.576,71.557,72.538,73.491,74.386,75.196,75.899,76.489,76.972,77.372,77.718,78.038
16680.0,62.449,62.675,62.941,63.254,63.618,64.036,64.511,65.047,65.646,66.311,67.043,67.841,68.701,69.616,70.572,71.552,72.533,73.486,74.381,75.191,75.896,76.487,76.971,77.372,77.719,78.038
16740.0,62.504,62.723,62.983,63.291,63.65,64.063,64.533,65.064,65.659,66.32,67.049,67.844,68.701,69.614,70.568,71.547,72.527,73.48,74.376,75.187,75.893,76.485,76.971,77.372,77.719,78.039
16800.0,62.56,62.772,63.026,63.328,63.682,64.09,64.556,65.082,65.673,66.33,67.055,67.847,68.702,69.612,70.564,71.542,72.521,73.474,74.371,75.183,75.89,76.483,76.97,77.372,77.72,78.04
16860.0,62.616,62.822,63.069,63.365,63.714,64.117,64.578,65.1,65.687,66.341,67.062,67.85,68.702,69.61,70.561,71.537,72.516,73.469,74.366,75.179,75.887,76.481,76.969,77.372,77.72,78.04
16920.0,62.673,62.872,63.112,63.403,63.746,64.144,64.601,65.119,65.701,66.351,67.069,67.854,68.703,69.608,70.557,71.532,72.51,73.463,74.361,75.174,75.883,76.479,76.968,77.372,77.721,78.041
16980.0,62.729,62.922,63.156,63.441,63.778,64.172,64.623,65.137,65.715,66.361,67.075,67.857,68.703,69.606,70.554,71.528,72.505,73.458,74.356,75.17,75.88,76.477,76.967,77.372,77.721,78.041
17040.0,62.786,62.972,63.2,63.479,63.811,64.199,64.646,65.155,65.73,66.371,67.082,67.861,68.704,69.605,70.55,71.523,72.5,73.452,74.35,75.166,75.877,76.475,76.966,77.372,77.722,78.042
17100.0,62.843,63.022,63.244,63.517,63.844,64.227,64.669,65.174,65.744,66.382,67.089,67.865,68.705,69.603,70.547,71.518,72.494,73.447,74.345,75.162,75.874,76.473,76.965,77.371,77.722,78.043
17160.0,62.901,63.073,63.289,63.556,63.877,64.255,64.693,65.193,65.759,66.393,67.096,67.868,68.706,69.602,70.543,71.513,72.489,73.441,74.34,75.157,75.871,76.471,76.964,77.371,77.722,78.043
17220.0,62.958,63.124,63.334,63.595,63.911,64.283,64.716,65.212,65.773,66.403,67.103,67.872,68.707,69.6,70.54,71.509,72.483,73.436,74.335,75.153,75.868,76.469,76.963,77.371,77.723,78.044
17280.0,63.016,63.175,63.378,63.634,63.944,64.312,64.739,65.231,65.788,66.414,67.11,67.876,68.708,69.599,70.537,71.504,72.478,73.43,74.33,75.149,75.864,76.467,76.962,77.371,77.723,78.044
17340.0,63.073,63.226,63.423,63.673,63.978,64.34,64.763,65.25,65.803,66.425,67.118,67.88,68.709,69.598,70.534,71.5,72.473,73.425,74.325,75.145,75.861,76.465,76.961,77.371,77.724,78.045
17400.0,63.131,63.277,63.469,63.713,64.012,64.369,64.787,65.269,65.818,66.436,67.125,67.884,68.71,69.596,70.531,71.495,72.468,73.42,74.32,75.141,75.858,76.463,76.96,77.371,77.724,78.046
17460.0,63.189,63.329,63.514,63.752,64.046,64.398,64.811,65.288,65.833,66.447,67.133,67.889,68.712,69.595,70.528,71.491,72.463,73.414,74.315,75.136,75.855,76.461,76.959,77.371,77.724,78.046
17520.0,63.247,63.38,63.559,63.792,64.08,64.427,64.835,65.308,65.848,66.459,67.14,67.893,68.713,69.594,70.525,71.487,72.457,73.409,74.31,75.132,75.852,76.459,76.958,77.371,77.725,78.047
17580.0,63.305,63.432,63.605,63.832,64.115,64.456,64.86,65.328,65.864,66.47,67.148,67.897,68.715,69.593,70.522,71.482,72.452,73.404,74.305,75.128,75.849,76.457,76.957,77.371,77.725,78.047
17640.0,63.363,63.483,63.651,63.872,64.149,64.486,64.884,65.348,65.879,66.482,67.156,67.902,68.716,69.592,70.519,71.478,72.447,73.398,74.3,75.124,75.845,76.455,76.956,77.37,77.726,78.048
17700.0,63.421,63.535,63.697,63.912,64.184,64.515,64.909,65.368,65.895,66.493,67.164,67.906,68.718,69.592,70.516,71.474,72.442,73.393,74.295,75.119,75.842,76.453,76.955,77.37,77.726,78.048
17760.0,63.479,63.587,63.742,63.952,64.219,64.545,64.934,65.388,65.911,66.505,67.172,67.911,68.72,69.591,70.513,71.47,72.437,73.388,74.29,75.115,75.839,76.451,76.955,77.37,77.726,78.049
17820.0,63.537,63.639,63.788,63.993,64.254,64.575,64.959,65.408,65.927,66.517,67.18,67.916,68.722,69.59,70.51,71.465,72.432,73.382,74.285,75.111,75.836,76.449,76.954,77.37,77.727,78.05
17880.0,63.596,63.691,63.835,64.033,64.289,64.605,64.984,65.429,65.943,66.529,67.189,67.921,68.723,69.59,70.508,71.461,72.427,73.377,74.281,75.107,75.833,76.447,76.953,77.37,77.727,78.05
17940.0,63.656,63.744,63.881,64.074,64.324,64.635,65.009,65.449,65.959,66.541,67.197,67.926,68.725,69.589,70.505,71.457,72.422,73.372,74.276,75.103,75.83,76.445,76.952,77.37,77.727,78.051
18000.0,63.715,63.797,63.928,64.115,64.36,64.665,65.034,65.47,65.976,66.554,67.205,67.931,68.728,69.589,70.503,71.453,72.417,73.367,74.271,75.099,75.827,76.443,76.951,77.369,77.728,78.051
18060.0,63.775,63.85,63.975,64.156,64.395,64.696,65.06,65.491,65.992,66.566,67.214,67.936,68.73,69.588,70.5,71.449,72.413,73.362,74.266,75.094,75.823,76.441,76.95,77.369,77.728,78.052
18120.0,63.835,63.904,64.022,64.197,64.431,64.726,65.086,65.512,66.009,66.579,67.223,67.942,68.732,69.588,70.498,71.446,72.408,73.357,74.261,75.09,75.82,76.438,76.949,77.369,77.729,78.052
18180.0,63.895,63.957,64.069,64.239,64.467,64.757,65.111,65.533,66.026,66.591,67.232,67.947,68.734,69.588,70.496,71.442,72.403,73.352,74.256,75.086,75.817,76.436,76.948,77.369,77.729,78.053
18240.0,63.955,64.011,64.117,64.28,64.503,64.788,65.137,65.555,66.042,66.604,67.241,67.952,68.737,69.587,70.493,71.438,72.398,73.347,74.251,75.082,75.814,76.434,76.947,77.369,77.729,78.053
18300.0,64.015,64.064,64.164,64.322,64.54,64.819,65.164,65.576,66.059,66.617,67.25,67.958,68.739,69.587,70.491,71.434,72.394,73.342,74.247,75.078,75.811,76.432,76.946,77.369,77.73,78.054
18360.0,64.076,64.118,64.212,64.364,64.576,64.85,65.19,65.597,66.077,66.63,67.259,67.964,68.742,69.587,70.489,71.43,72.389,73.337,74.242,75.074,75.808,76.43,76.944,77.368,77.73,78.054
18420.0,64.136,64.172,64.26,64.406,64.613,64.882,65.216,65.619,66.094,66.643,67.268,67.969,68.745,69.587,70.487,71.427,72.384,73.332,74.237,75.069,75.804,76.428,76.943,77.368,77.73,78.055
18480.0,64.196,64.226,64.308,64.448,64.649,64.913,65.243,65.641,66.111,66.656,67.277,67.975,68.747,69.587,70.485,71.423,72.38,73.327,74.232,75.065,75.801,76.426,76.942,77.368,77.731,78.055
18540.0,64.257,64.28,64.356,64.49,64.686,64.945,65.269,65.663,66.129,66.669,67.287,67.981,68.75,69.588,70.483,71.42,72.375,73.322,74.227,75.061,75.798,76.424,76.941,77.368,77.731,78.056
18600.0,64.317,64.334,64.404,64.533,64.723,64.977,65.296,65.685,66.146,66.683,67.296,67.987,68.753,69.588,70.481,71.416,72.371,73.317,74.223,75.057,75.795,76.422,76.94,77.368,77.731,78.056
18660.0,64.377,64.388,64.452,64.575,64.76,65.008,65.323,65.707,66.164,66.696,67.306,67.994,68.756,69.588,70.479,71.413,72.366,73.312,74.218,75.053,75.792,76.42,76.939,77.367,77.732,78.057
18720.0,64.437,64.442,64.5,64.618,64.797,65.04,65.35,65.73,66.182,66.71,67.316,68.0,68.759,69.589,70.477,71.409,72.362,73.307,74.213,75.049,75.789,76.418,76.938,77.367,77.732,78.058
18780.0,64.498,64.496,64.549,64.661,64.835,65.073,65.377,65.752,66.2,66.724,67.326,68.006,68.763,69.589,70.476,71.406,72.357,73.302,74.208,75.045,75.785,76.416,76.937,77.367,77.732,78.058
18840.0,64.558,64.551,64.597,64.703,64.872,65.105,65.405,65.775,66.218,66.738,67.336,68.013,68.766,69.59,70.474,71.403,72.353,73.297,74.204,75.041,75.782,76.414,76.936,77.367,77.733,78.059
18900.0,64.618,64.605,64.645,64.746,64.909,65.137,65.432,65.797,66.236,66.752,67.346,68.019,68.769,69.59,70.473,71.399,72.349,73.293,74.199,75.037,75.779,76.412,76.935,77.367,77.733,78.059
18960.0,64.678,64.659,64.694,64.789,64.947,65.17,65.46,65.82,66.255,66.766,67.356,68.026,68.773,69.591,70.471,71.396,72.344,73.288,74.194,75.033,75.776,76.409,76.934,77.366,77.733,78.059
19020.0,64.739,64.713,64.742,64.832,64.985,65.202,65.487,65.843,66.273,66.78,67.367,68.033,68.776,69.592,70.47,71.393,72.34,73.283,74.19,75.029,75.773,76.407,76.933,77.366,77.734,78.06
19080.0,64.799,64.767,64.791,64.875,65.022,65.235,65.515,65.866,66.292,66.795,67.377,68.039,68.78,69.593,70.468,71.39,72.336,73.278,74.185,75.024,75.77,76.405,76.932,77.366,77.734,78.06
19140.0,64.859,64.822,64.839,64.918,65.06,65.268,65.543,65.889,66.31,66.809,67.388,68.046,68.784,69.594,70.467,71.387,72.332,73.274,74.181,75.02,75.766,76.403,76.931,77.366,77.734,78.061
19200.0,64.919,64.876,64.888,64.961,65.098,65.3,65.571,65.912,66.329,66.824,67.398,68.053,68.787,69.595,70.466,71.384,72.328,73.269,74.176,75.016,75.763,76.401,76.93,77.365,77.734,78.061
19260.0,64.98,64.931,64.937,65.005,65.136,65.333,65.599,65.936,66.348,66.838,67.409,68.061,68.791,69.596,70.464,71.381,72.324,73.264,74.171,75.012,75.76,76.399,76.929,77.365,77.735,78.062
19320.0,65.042,64.986,64.986,65.048,65.174,65.366,65.627,65.959,66.367,66.853,67.42,68.068,68.795,69.597,70.463,71.378,72.32,73.26,74.167,75.008,75.757,76.397,76.928,77.365,77.735,78.062
19380.0,65.104,65.041,65.035,65.092,65.213,65.399,65.655,65.983,66.386,66.868,67.431,68.075,68.799,69.598,70.462,71.375,72.316,73.255,74.162,75.004,75.754,76.395,76.926,77.365,77.735,78.063
19440.0,65.167,65.097,65.085,65.135,65.251,65.433,65.684,66.007,66.405,66.883,67.442,68.082,68.803,69.6,70.461,71.372,72.312,73.251,74.158,75.0,75.751,76.393,76.925,77.364,77.736,78.063
19500.0,65.229,65.153,65.134,65.179,65.29,65.466,65.712,66.03,66.425,66.898,67.453,68.09,68.808,69.601,70.46,71.37,72.308,73.246,74.153,74.996,75.747,76.39,76.924,77.364,77.736,78.064
19560.0,65.291,65.209,65.184,65.224,65.328,65.5,65.741,66.054,66.444,66.913,67.464,68.098,68.812,69.602,70.459,71.367,72.304,73.242,74.149,74.992,75.744,76.388,76.923,77.364,77.736,78.064
19620.0,65.354,65.265,65.234,65.268,65.367,65.533,65.769,66.078,66.464,66.929,67.475,68.105,68.816,69.604,70.458,71.364,72.3,73.237,74.144,74.988,75.741,76.386,76.922,77.364,77.736,78.065
19680.0,65.416,65.321,65.285,65.312,65.406,65.567,65.798,66.103,66.483,66.944,67.487,68.113,68.821,69.606,70.458,71.362,72.296,73.233,74.14,74.984,75.738,76.384,76.921,77.363,77.737,78.065
19740.0,65.479,65.378,65.335,65.357,65.445,65.601,65.827,66.127,66.503,66.96,67.498,68.121,68.825,69.607,70.457,71.359,72.292,73.228,74.135,74.98,75.735,76.382,76.92,77.363,77.737,78.066
19800.0,65.542,65.434,65.385,65.402,65.485,65.635,65.856,66.151,66.523,66.975,67.51,68.129,68.83,69.609,70.456,71.357,72.288,73.224,74.131,74.976,75.732,76.38,76.919,77.363,77.737,78.066
19860.0,65.604,65.49,65.436,65.447,65.524,65.669,65.886,66.176,66.543,66.991,67.522,68.137,68.835,69.611,70.456,71.354,72.285,73.22,74.126,74.972,75.729,76.378,76.918,77.362,77.738,78.067
19920.0,65.667,65.547,65.486,65.492,65.564,65.704,65.915,66.2,66.563,67.007,67.534,68.145,68.84,69.613,70.455,71.352,72.281,73.215,74.122,74.968,75.725,76.376,76.916,77.362,77.738,78.067
19980.0,65.73,65.603,65.537,65.537,65.603,65.738,65.944,66.225,66.583,67.023,67.546,68.153,68.844,69.615,70.455,71.349,72.277,73.211,74.118,74.964,75.722,76.373,76.915,77.362,77.738,78.067
20040.0,65.792,65.66,65.588,65.582,65.643,65.773,65.974,66.25,66.604,67.039,67.558,68.162,68.849,69.617,70.454,71.347,72.274,73.207,74.113,74.96,75.719,76.371,76.914,77.362,77.738,78.068
20100.0,65.855,65.716,65.639,65.627,65.683,65.808,66.004,66.275,66.624,67.055,67.57,68.17,68.855,69.619,70.454,71.345,72.27,73.202,74.109,74.957,75.716,76.369,76.913,77.361,77.739,78.068
20160.0,65.917,65.773,65.689,65.672,65.723,65.842,66.034,66.3,66.645,67.071,67.582,68.178,68.86,69.621,70.454,71.343,72.267,73.198,74.105,74.953,75.713,76.367,76.912,77.361,77.739,78.069
20220.0,65.98,65.83,65.74,65.718,65.763,65.877,66.064,66.325,66.665,67.087,67.594,68.187,68.865,69.623,70.453,71.341,72.263,73.194,74.1,74.949,75.71,76.365,76.911,77.361,77.739,78.069
20280.0,66.043,65.886,65.791,65.763,65.803,65.912,66.094,66.35,66.686,67.104,67.607,68.196,68.87,69.626,70.453,71.338,72.26,73.19,74.096,74.945,75.707,76.363,76.91,77.36,77.739,78.07
20340.0,66.107,65.944,65.842,65.809,65.843,65.947,66.124,66.376,66.707,67.12,67.619,68.205,68.876,69.628,70.453,71.336,72.256,73.186,74.092,74.941,75.704,76.361,76.908,77.36,77.739,78.07
20400.0,66.171,66.002,65.894,65.854,65.883,65.982,66.154,66.401,66.728,67.137,67.632,68.213,68.881,69.631,70.453,71.334,72.253,73.182,74.088,74.937,75.7,76.359,76.907,77.36,77.74,78.07
20460.0,66.236,66.06,65.946,65.9,65.924,66.018,66.184,66.427,66.749,67.154,67.644,68.222,68.887,69.633,70.453,71.332,72.25,73.178,74.083,74.933,75.697,76.356,76.906,77.359,77.74,78.071
20520.0,66.301,66.118,65.998,65.947,65.965,66.053,66.215,66.453,66.77,67.171,67.657,68.231,68.892,69.636,70.453,71.331,72.246,73.173,74.079,74.929,75.694,76.354,76.905,77.359,77.74,78.071
20580.0,66.366,66.177,66.05,65.993,66.006,66.089,66.245,66.478,66.791,67.188,67.67,68.24,68.898,69.638,70.454,71.329,72.243,73.169,74.075,74.925,75.691,76.352,76.904,77.359,77.74,78.072
20640.0,66.432,66.235,66.103,66.04,66.047,66.125,66.276,66.504,66.813,67.205,67.683,68.25,68.904,69.641,70.454,71.327,72.24,73.165,74.071,74.922,75.688,76.35,76.903,77.358,77.741,78.072
20700.0,66.497,66.294,66.156,66.087,66.088,66.161,66.307,66.53,66.834,67.222,67.696,68.259,68.91,69.644,70.454,71.325,72.237,73.161,74.066,74.918,75.685,76.348,76.902,77.358,77.741,78.072
20760.0,66.562,66.353,66.209,66.134,66.129,66.197,66.338,66.557,66.856,67.239,67.709,68.268,68.916,69.647,70.454,71.324,72.234,73.158,74.062,74.914,75.682,76.346,76.9,77.358,77.741,78.073
20820.0,66.628,66.412,66.261,66.181,66.171,66.233,66.369,66.583,66.878,67.256,67.723,68.278,68.922,69.65,70.455,71.322,72.231,73.154,74.058,74.91,75.679,76.343,76.899,77.357,77.741,78.073
20880.0,66.693,66.471,66.315,66.228,66.213,66.269,66.401,66.61,66.899,67.274,67.736,68.287,68.928,69.653,70.455,71.32,72.228,73.15,74.054,74.906,75.676,76.341,76.898,77.357,77.741,78.074
20940.0,66.759,66.53,66.368,66.276,66.255,66.306,66.432,66.636,66.921,67.292,67.75,68.297,68.934,69.656,70.456,71.319,72.225,73.146,74.05,74.902,75.673,76.339,76.897,77.357,77.742,78.074
21000.0,66.824,66.59,66.421,66.323,66.297,66.343,66.464,66.663,66.943,67.309,67.763,68.307,68.94,69.659,70.456,71.317,72.222,73.142,74.046,74.899,75.669,76.337,76.896,77.356,77.742,78.074
21060.0,66.89,66.649,66.474,66.371,66.339,66.38,66.495,66.69,66.966,67.327,67.777,68.317,68.947,69.663,70.457,71.316,72.219,73.138,74.042,74.895,75.666,76.335,76.894,77.356,77.742,78.075
21120.0,66.956,66.709,66.528,66.418,66.381,66.416,66.527,66.717,66.988,67.345,67.791,68.327,68.953,69.666,70.458,71.315,72.216,73.135,74.038,74.891,75.663,76.333,76.893,77.355,77.742,78.075
21180.0,67.023,66.769,66.582,66.466,66.423,66.454,66.559,66.744,67.01,67.363,67.804,68.337,68.96,69.669,70.459,71.313,72.213,73.131,74.034,74.887,75.66,76.331,76.892,77.355,77.742,78.075
21240.0,67.09,66.829,66.636,66.514,66.466,66.491,66.591,66.771,67.033,67.381,67.818,68.347,68.966,69.673,70.459,71.312,72.21,73.127,74.03,74.884,75.657,76.328,76.891,77.355,77.743,78.076
21300.0,67.157,66.89,66.69,66.563,66.509,66.528,66.624,66.798,67.056,67.399,67.832,68.357,68.973,69.677,70.46,71.311,72.208,73.123,74.026,74.88,75.654,76.326,76.89,77.354,77.743,78.076
21360.0,67.224,66.95,66.744,66.611,66.551,66.566,66.656,66.826,67.078,67.418,67.847,68.367,68.98,69.68,70.461,71.31,72.205,73.12,74.022,74.876,75.651,76.324,76.888,77.354,77.743,78.076
21420.0,67.291,67.011,66.799,66.66,66.594,66.603,66.688,66.853,67.101,67.436,67.861,68.378,68.986,69.684,70.462,71.309,72.202,73.116,74.018,74.872,75.648,76.322,76.887,77.354,77.743,78.077
21480.0,67.359,67.071,66.853,66.709,66.637,66.641,66.721,66.881,67.124,67.455,67.875,68.388,68.993,69.688,70.464,71.307,72.199,73.113,74.014,74.869,75.645,76.32,76.886,77.353,77.743,78.077
21540.0,67.426,67.132,66.908,66.757,66.681,66.679,66.754,66.909,67.147,67.473,67.89,68.399,69.0,69.692,70.465,71.306,72.197,73.109,74.01,74.865,75.642,76.318,76.885,77.353,77.743,78.078
21600.0,67.493,67.193,66.963,66.806,66.724,66.717,66.787,66.937,67.171,67.492,67.904,68.409,69.007,69.695,70.466,71.306,72.194,73.105,74.006,74.861,75.639,76.315,76.884,77.352,77.744,78.078
21660.0,67.56,67.254,67.018,66.855,66.768,66.755,66.82,66.965,67.194,67.511,67.919,68.42,69.015,69.699,70.467,71.305,72.192,73.102,74.002,74.858,75.636,76.313,76.882,77.352,77.744,78.078
21720.0,67.627,67.315,67.073,66.905,66.811,66.793,66.853,66.993,67.218,67.53,67.934,68.431,69.022,69.704,70.469,71.304,72.189,73.098,73.998,74.854,75.633,76.311,76.881,77.352,77.744,78.079
21780.0,67.694,67.376,67.127,66.954,66.855,66.832,66.886,67.021,67.241,67.549,67.949,68.442,69.029,69.708,70.47,71.303,72.187,73.095,73.995,74.85,75.63,76.309,76.88,77.351,77.744,78.079
21840.0,67.761,67.437,67.182,67.003,66.899,66.87,66.919,67.05,67.265,67.568,67.964,68.453,69.037,69.712,70.471,71.302,72.185,73.092,73.991,74.847,75.626,76.307,76.879,77.351,77.744,78.079
21900.0,67.828,67.498,67.238,67.052,66.943,66.909,66.953,67.078,67.289,67.588,67.979,68.464,69.044,69.716,70.473,71.302,72.182,73.088,73.987,74.843,75.623,76.305,76.877,77.35,77.744,78.08
21960.0,67.895,67.558,67.293,67.102,66.987,66.947,66.987,67.107,67.313,67.607,67.994,68.475,69.052,69.721,70.475,71.301,72.18,73.085,73.983,74.839,75.62,76.302,76.876,77.35,77.744,78.08
22020.0,67.962,67.619,67.348,67.151,67.031,66.986,67.02,67.136,67.337,67.627,68.009,68.487,69.059,69.725,70.476,71.3,72.178,73.082,73.98,74.836,75.617,76.3,76.875,77.35,77.745,78.08
22080.0,68.029,67.68,67.403,67.201,67.075,67.025,67.054,67.165,67.361,67.646,68.024,68.498,69.067,69.73,70.478,71.3,72.175,73.078,73.976,74.832,75.614,76.298,76.874,77.349,77.745,78.081
22140.0,68.095,67.741,67.458,67.25,67.119,67.064,67.088,67.194,67.385,67.666,68.04,68.509,69.075,69.734,70.48,71.299,72.173,73.075,73.972,74.829,75.611,76.296,76.872,77.349,77.745,78.081
22200.0,68.162,67.801,67.513,67.3,67.163,67.103,67.122,67.223,67.409,67.686,68.055,68.521,69.083,69.739,70.482,71.299,72.171,73.072,73.968,74.825,75.608,76.294,76.871,77.348,77.745,78.081
22260.0,68.228,67.862,67.568,67.35,67.207,67.142,67.156,67.252,67.434,67.706,68.071,68.533,69.091,69.744,70.484,71.298,72.169,73.069,73.965,74.821,75.605,76.291,76.87,77.348,77.745,78.081
22320.0,68.294,67.923,67.623,67.399,67.252,67.181,67.19,67.281,67.458,67.726,68.087,68.544,69.099,69.748,70.485,71.298,72.167,73.066,73.961,74.818,75.602,76.289,76.869,77.347,77.745,78.082
22380.0,68.361,67.983,67.678,67.449,67.296,67.221,67.224,67.31,67.483,67.746,68.103,68.556,69.107,69.753,70.488,71.298,72.165,73.062,73.957,74.814,75.599,76.287,76.867,77.347,77.745,78.082
22440.0,68.427,68.044,67.733,67.499,67.341,67.26,67.259,67.34,67.508,67.766,68.119,68.568,69.115,69.758,70.49,71.298,72.163,73.059,73.954,74.811,75.596,76.285,76.866,77.346,77.745,78.082
22500.0,68.495,68.105,67.788,67.548,67.385,67.299,67.293,67.369,67.533,67.786,68.135,68.58,69.124,69.763,70.492,71.297,72.161,73.056,73.95,74.807,75.593,76.283,76.865,77.346,77.746,78.083
22560.0,68.562,68.166,67.844,67.598,67.43,67.339,67.327,67.399,67.557,67.807,68.151,68.592,69.132,69.768,70.494,71.297,72.159,73.053,73.947,74.804,75.59,76.281,76.864,77.346,77.746,78.083
22620.0,68.63,68.227,67.899,67.648,67.474,67.378,67.362,67.429,67.582,67.827,68.167,68.605,69.141,69.773,70.496,71.297,72.157,73.05,73.943,74.8,75.587,76.278,76.862,77.345,77.746,78.083
22680.0,68.697,68.289,67.955,67.698,67.519,67.418,67.397,67.459,67.608,67.848,68.183,68.617,69.149,69.779,70.499,71.297,72.156,73.047,73.94,74.797,75.584,76.276,76.861,77.345,77.746,78.083
22740.0,68.764,68.35,68.01,67.748,67.564,67.458,67.431,67.488,67.633,67.869,68.2,68.629,69.158,69.784,70.501,71.297,72.154,73.044,73.936,74.793,75.581,76.274,76.86,77.344,77.746,78.084
22800.0,68.833,68.412,68.066,67.799,67.609,67.497,67.466,67.518,67.658,67.889,68.216,68.642,69.167,69.789,70.504,71.297,72.152,73.041,73.933,74.79,75.578,76.272,76.858,77.344,77.746,78.084
22860.0,68.902,68.475,68.122,67.849,67.654,67.537,67.501,67.548,67.683,67.91,68.233,68.654,69.175,69.795,70.506,71.297,72.15,73.038,73.929,74.786,75.575,76.27,76.857,77.343,77.746,78.084
22920.0,68.972,68.538,68.179,67.9,67.699,67.577,67.536,67.578,67.709,67.931,68.249,68.667,69.184,69.8,70.509,71.298,72.148,73.035,73.926,74.783,75.572,76.267,76.856,77.343,77.746,78.084
22980.0,69.042,68.601,68.236,67.951,67.744,67.617,67.571,67.609,67.734,67.952,68.266,68.679,69.193,69.806,70.511,71.298,72.147,73.032,73.922,74.779,75.569,76.265,76.854,77.342,77.746,78.085
23040.0,69.112,68.664,68.293,68.002,67.79,67.657,67.606,67.639,67.76,67.973,68.283,68.692,69.202,69.811,70.514,71.298,72.145,73.03,73.919,74.776,75.566,76.263,76.853,77.341,77.746,78.085
23100.0,69.182,68.728,68.35,68.053,67.836,67.698,67.641,67.669,67.786,67.994,68.3,68.705,69.211,69.817,70.516,71.298,72.144,73.027,73.915,74.772,75.563,76.261,76.852,77.341,77.746,78.085
23160.0,69.252,68.791,68.408,68.105,67.882,67.738,67.677,67.7,67.811,68.016,68.317,68.718,69.22,69.823,70.519,71.299,72.142,73.024,73.912,74.769,75.56,76.258,76.85,77.34,77.746,78.085
23220.0,69.322,68.855,68.465,68.157,67.928,67.779,67.712,67.73,67.837,68.037,68.334,68.731,69.229,69.828,70.522,71.299,72.141,73.021,73.908,74.765,75.557,76.256,76.849,77.34,77.746,78.085
23280.0,69.392,68.919,68.523,68.208,67.974,67.82,67.748,67.761,67.863,68.058,68.351,68.744,69.239,69.834,70.525,71.299,72.139,73.018,73.905,74.762,75.554,76.254,76.848,77.339,77.746,78.086
23340.0,69.463,68.983,68.581,68.26,68.02,67.861,67.784,67.792,67.889,68.08,68.368,68.757,69.248,69.84,70.528,71.3,72.138,73.016,73.902,74.759,75.551,76.252,76.846,77.339,77.746,78.086
23400.0,69.533,69.047,68.639,68.312,68.067,67.902,67.82,67.823,67.915,68.102,68.385,68.77,69.258,69.846,70.531,71.3,72.136,73.013,73.898,74.755,75.548,76.249,76.845,77.338,77.746,78.086
23460.0,69.603,69.111,68.697,68.365,68.113,67.943,67.856,67.854,67.942,68.123,68.403,68.783,69.267,69.852,70.534,71.301,72.135,73.01,73.895,74.752,75.545,76.247,76.844,77.338,77.746,78.086
23520.0,69.673,69.175,68.755,68.417,68.16,67.985,67.892,67.885,67.968,68.145,68.42,68.797,69.277,69.859,70.537,71.302,72.134,73.008,73.892,74.748,75.542,76.245,76.842,77.337,77.746,78.086
23580.0,69.743,69.239,68.813,68.469,68.207,68.026,67.928,67.917,67.995,68.167,68.438,68.81,69.286,69.865,70.541,71.302,72.132,73.005,73.888,74.745,75.539,76.243,76.841,77.336,77.746,78.087
23640.0,69.813,69.302,68.871,68.522,68.254,68.068,67.965,67.948,68.021,68.189,68.456,68.824,69.296,69.871,70.544,71.303,72.131,73.003,73.885,74.742,75.536,76.241,76.84,77.336,77.746,78.087
23700.0,69.883,69.366,68.929,68.574,68.301,68.109,68.001,67.979,68.048,68.211,68.473,68.838,69.306,69.878,70.547,71.304,72.13,73.0,73.882,74.738,75.533,76.238,76.838,77.335,77.746,78.087
23760.0,69.953,69.43,68.987,68.627,68.348,68.151,68.038,68.011,68.075,68.234,68.491,68.851,69.316,69.884,70.551,71.305,72.129,72.998,73.879,74.735,75.531,76.236,76.837,77.335,77.746,78.087
23820.0,70.023,69.494,69.045,68.679,68.395,68.193,68.075,68.043,68.102,68.256,68.509,68.865,69.326,69.891,70.554,71.306,72.128,72.995,73.876,74.732,75.528,76.234,76.835,77.334,77.746,78.087
23880.0,70.094,69.559,69.104,68.732,68.442,68.235,68.111,68.075,68.129,68.278,68.527,68.879,69.336,69.897,70.557,71.307,72.127,72.993,73.872,74.728,75.525,76.232,76.834,77.333,77.746,78.087
23940.0,70.166,69.624,69.163,68.785,68.49,68.277,68.148,68.107,68.156,68.301,68.545,68.893,69.346,69.904,70.561,71.307,72.126,72.99,73.869,74.725,75.522,76.229,76.832,77.333,77.746,78.087
24000.0,70.237,69.689,69.222,68.838,68.537,68.319,68.185,68.139,68.183,68.323,68.563,68.907,69.356,69.91,70.565,71.308,72.125,72.988,73.866,74.722,75.519,76.227,76.831,77.332,77.746,78.087
24060.0,70.309,69.754,69.281,68.891,68.585,68.361,68.222,68.171,68.21,68.346,68.582,68.921,69.366,69.917,70.568,71.31,72.124,72.986,73.863,74.718,75.516,76.225,76.83,77.332,77.746,78.088
24120.0,70.381,69.82,69.34,68.945,68.633,68.404,68.26,68.203,68.238,68.369,68.6,68.935,69.377,69.924,70.572,71.311,72.123,72.983,73.86,74.715,75.513,76.222,76.828,77.331,77.745,78.088
24180.0,70.453,69.885,69.4,68.998,68.681,68.446,68.297,68.235,68.265,68.392,68.618,68.949,69.387,69.931,70.576,71.312,72.122,72.981,73.856,74.712,75.51,76.22,76.827,77.33,77.745,78.088
24240.0,70.525,69.951,69.459,69.052,68.729,68.489,68.334,68.268,68.293,68.415,68.637,68.964,69.398,69.938,70.58,71.313,72.121,72.979,73.853,74.708,75.507,76.218,76.825,77.33,77.745,78.088
24300.0,70.597,70.017,69.519,69.106,68.777,68.532,68.372,68.3,68.321,68.438,68.656,68.978,69.408,69.945,70.583,71.314,72.12,72.976,73.85,74.705,75.504,76.216,76.824,77.329,77.745,78.088
24360.0,70.669,70.083,69.579,69.16,68.826,68.575,68.41,68.333,68.348,68.461,68.674,68.993,69.419,69.952,70.587,71.316,72.119,72.974,73.847,74.702,75.501,76.213,76.822,77.328,77.745,78.088
24420.0,70.741,70.149,69.639,69.214,68.874,68.618,68.448,68.366,68.376,68.484,68.693,69.007,69.43,69.959,70.591,71.317,72.119,72.972,73.844,74.699,75.498,76.211,76.821,77.328,77.745,78.088
24480.0,70.813,70.214,69.699,69.268,68.923,68.661,68.486,68.399,68.404,68.507,68.712,69.022,69.44,69.966,70.596,71.318,72.118,72.97,73.841,74.695,75.495,76.209,76.819,77.327,77.745,78.088
24540.0,70.885,70.28,69.758,69.323,68.972,68.705,68.524,68.432,68.433,68.531,68.731,69.037,69.451,69.973,70.6,71.32,72.117,72.968,73.838,74.692,75.492,76.206,76.818,77.326,77.745,78.088
24600.0,70.957,70.346,69.818,69.377,69.02,68.748,68.562,68.465,68.461,68.554,68.75,69.052,69.462,69.981,70.604,71.321,72.117,72.966,73.835,74.689,75.489,76.204,76.816,77.325,77.745,78.088
24660.0,71.028,70.412,69.878,69.431,69.069,68.792,68.6,68.498,68.489,68.578,68.769,69.067,69.473,69.988,70.608,71.323,72.116,72.963,73.832,74.686,75.486,76.202,76.815,77.325,77.744,78.088
24720.0,71.1,70.477,69.938,69.486,69.118,68.835,68.639,68.532,68.518,68.602,68.789,69.082,69.484,69.996,70.612,71.325,72.116,72.961,73.829,74.683,75.483,76.2,76.814,77.324,77.744,78.088
24780.0,71.171,70.543,69.998,69.54,69.167,68.879,68.677,68.565,68.546,68.626,68.808,69.097,69.495,70.003,70.617,71.326,72.115,72.959,73.827,74.68,75.48,76.197,76.812,77.323,77.744,78.088
24840.0,71.243,70.608,70.058,69.595,69.216,68.923,68.716,68.599,68.575,68.65,68.827,69.112,69.507,70.011,70.621,71.328,72.115,72.958,73.824,74.676,75.477,76.195,76.811,77.323,77.744,78.088
24900.0,71.314,70.674,70.118,69.649,69.265,68.967,68.755,68.632,68.604,68.674,68.847,69.128,69.518,70.019,70.626,71.33,72.115,72.956,73.821,74.673,75.474,76.193,76.809,77.322,77.744,78.088
24960.0,71.385,70.739,70.178,69.704,69.315,69.011,68.794,68.666,68.633,68.698,68.867,69.143,69.53,70.027,70.63,71.332,72.114,72.954,73.818,74.67,75.472,76.19,76.808,77.321,77.744,78.089
25020.0,71.456,70.804,70.238,69.758,69.364,69.055,68.832,68.7,68.662,68.722,68.886,69.158,69.541,70.034,70.635,71.334,72.114,72.952,73.815,74.667,75.469,76.188,76.806,77.321,77.744,78.089
25080.0,71.526,70.87,70.298,69.813,69.413,69.099,68.871,68.734,68.691,68.747,68.906,69.174,69.553,70.042,70.64,71.336,72.114,72.95,73.813,74.664,75.466,76.186,76.805,77.32,77.743,78.089
25140.0,71.597,70.935,70.357,69.867,69.462,69.143,68.91,68.768,68.72,68.771,68.926,69.19,69.564,70.05,70.645,71.338,72.114,72.948,73.81,74.661,75.463,76.184,76.803,77.319,77.743,78.089
25200.0,71.667,71.0,70.417,69.921,69.512,69.187,68.95,68.802,68.749,68.796,68.946,69.205,69.576,70.059,70.649,71.34,72.113,72.947,73.807,74.658,75.46,76.181,76.802,77.318,77.743,78.089
25260.0,71.737,71.064,70.477,69.976,69.561,69.231,68.989,68.836,68.779,68.82,68.966,69.221,69.588,70.067,70.654,71.342,72.113,72.945,73.804,74.655,75.457,76.179,76.8,77.318,77.743,78.089
25320.0,71.807,71.129,70.536,70.03,69.61,69.275,69.028,68.871,68.808,68.845,68.987,69.237,69.6,70.075,70.659,71.344,72.113,72.943,73.802,74.652,75.454,76.177,76.799,77.317,77.743,78.089
25380.0,71.877,71.194,70.595,70.085,69.659,69.32,69.067,68.905,68.838,68.87,69.007,69.253,69.612,70.083,70.664,71.346,72.113,72.941,73.799,74.649,75.452,76.175,76.797,77.316,77.743,78.089
25440.0,71.947,71.258,70.655,70.139,69.709,69.364,69.107,68.94,68.867,68.895,69.027,69.269,69.624,70.092,70.669,71.349,72.113,72.94,73.797,74.646,75.449,76.172,76.796,77.316,77.742,78.089
25500.0,72.016,71.322,70.714,70.193,69.758,69.408,69.146,68.974,68.897,68.92,69.048,69.286,69.636,70.1,70.675,71.351,72.113,72.938,73.794,74.643,75.446,76.17,76.794,77.315,77.742,78.089
25560.0,72.085,71.387,70.773,70.247,69.807,69.453,69.185,69.009,68.927,68.945,69.069,69.302,69.648,70.109,70.68,71.353,72.114,72.937,73.791,74.64,75.443,76.168,76.793,77.314,77.742,78.089
25620.0,72.154,71.451,70.832,70.301,69.856,69.497,69.225,69.043,68.957,68.97,69.089,69.318,69.661,70.117,70.685,71.356,72.114,72.935,73.789,74.637,75.44,76.166,76.791,77.313,77.742,78.089
25680.0,72.224,71.515,70.891,70.355,69.906,69.541,69.264,69.078,68.987,68.996,69.11,69.335,69.673,70.126,70.69,71.358,72.114,72.934,73.786,74.634,75.438,76.163,76.79,77.313,77.742,78.089
25740.0,72.294,71.579,70.95,70.41,69.955,69.586,69.304,69.113,69.017,69.021,69.131,69.351,69.685,70.135,70.696,71.361,72.114,72.932,73.784,74.631,75.435,76.161,76.788,77.312,77.742,78.089
25800.0,72.364,71.644,71.01,70.464,70.004,69.63,69.343,69.147,69.047,69.046,69.152,69.368,69.698,70.143,70.701,71.363,72.114,72.931,73.781,74.628,75.432,76.159,76.787,77.311,77.741,78.089
25860.0,72.434,71.708,71.069,70.518,70.053,69.674,69.383,69.182,69.077,69.072,69.173,69.384,69.711,70.152,70.707,71.366,72.115,72.93,73.779,74.625,75.429,76.157,76.785,77.31,77.741,78.089
25920.0,72.504,71.772,71.128,70.572,70.103,69.719,69.423,69.217,69.107,69.097,69.194,69.401,69.723,70.161,70.713,71.369,72.115,72.928,73.777,74.622,75.427,76.155,76.784,77.31,77.741,78.089
25980.0,72.573,71.837,71.187,70.626,70.152,69.763,69.462,69.252,69.137,69.123,69.215,69.418,69.736,70.17,70.718,71.372,72.116,72.927,73.774,74.62,75.424,76.152,76.783,77.309,77.741,78.089
26040.0,72.643,71.901,71.247,70.681,70.201,69.808,69.502,69.287,69.168,69.149,69.236,69.435,69.749,70.179,70.724,71.374,72.116,72.926,73.772,74.617,75.421,76.15,76.781,77.308,77.741,78.089
26100.0,72.712,71.965,71.306,70.735,70.251,69.852,69.542,69.322,69.198,69.175,69.257,69.452,69.762,70.189,70.73,71.377,72.117,72.924,73.769,74.614,75.418,76.148,76.78,77.307,77.74,78.089
26160.0,72.781,72.03,71.365,70.789,70.3,69.897,69.582,69.357,69.228,69.2,69.279,69.469,69.775,70.198,70.736,71.38,72.117,72.923,73.767,74.611,75.416,76.146,76.778,77.307,77.74,78.089
26220.0,72.851,72.094,71.424,70.843,70.349,69.941,69.621,69.392,69.259,69.226,69.3,69.486,69.788,70.207,70.741,71.383,72.118,72.922,73.765,74.608,75.413,76.143,76.777,77.306,77.74,78.089
26280.0,72.919,72.158,71.483,70.898,70.399,69.986,69.661,69.428,69.289,69.252,69.322,69.503,69.801,70.217,70.747,71.386,72.118,72.921,73.763,74.606,75.41,76.141,76.775,77.305,77.74,78.088
26340.0,72.988,72.221,71.542,70.952,70.448,70.031,69.701,69.463,69.32,69.278,69.343,69.521,69.814,70.226,70.754,71.389,72.119,72.92,73.76,74.603,75.408,76.139,76.774,77.304,77.739,78.088
26400.0,73.058,72.286,71.601,71.006,70.497,70.075,69.741,69.498,69.351,69.304,69.365,69.538,69.828,70.235,70.76,71.393,72.12,72.919,73.758,74.6,75.405,76.137,76.772,77.304,77.739,78.088
26460.0,73.129,72.351,71.661,71.06,70.547,70.12,69.781,69.533,69.381,69.331,69.387,69.555,69.841,70.245,70.766,71.396,72.121,72.918,73.756,74.597,75.402,76.134,76.77,77.303,77.739,78.088
26520.0,73.199,72.415,71.72,71.114,70.596,70.165,69.821,69.569,69.412,69.357,69.409,69.573,69.854,70.255,70.772,71.399,72.121,72.917,73.754,74.595,75.399,76.132,76.769,77.302,77.739,78.088
26580.0,73.27,72.48,71.78,71.169,70.646,70.209,69.861,69.604,69.443,69.383,69.43,69.59,69.868,70.264,70.778,71.402,72.122,72.916,73.751,74.592,75.397,76.13,76.767,77.301,77.738,78.088
26640.0,73.34,72.545,71.839,71.224,70.695,70.254,69.901,69.639,69.474,69.409,69.452,69.608,69.881,70.274,70.784,71.405,72.123,72.915,73.749,74.589,75.394,76.128,76.766,77.3,77.738,78.088
26700.0,73.411,72.61,71.899,71.278,70.745,70.299,69.941,69.675,69.504,69.436,69.474,69.626,69.895,70.284,70.791,71.409,72.124,72.914,73.747,74.586,75.391,76.125,76.764,77.299,77.738,78.088
26760.0,73.481,72.676,71.959,71.333,70.795,70.344,69.981,69.71,69.535,69.462,69.496,69.643,69.908,70.294,70.797,71.412,72.125,72.913,73.745,74.584,75.389,76.123,76.763,77.298,77.737,78.087
26820.0,73.552,72.741,72.019,71.388,70.845,70.389,70.022,69.746,69.566,69.489,69.518,69.661,69.922,70.303,70.804,71.416,72.126,72.912,73.743,74.581,75.386,76.121,76.761,77.298,77.737,78.087
26880.0,73.622,72.806,72.079,71.443,70.895,70.434,70.062,69.782,69.598,69.515,69.54,69.679,69.936,70.313,70.81,71.419,72.127,72.911,73.741,74.578,75.383,76.119,76.759,77.297,77.737,78.087
26940.0,73.692,72.871,72.139,71.498,70.945,70.479,70.102,69.817,69.629,69.542,69.563,69.697,69.95,70.324,70.817,71.423,72.128,72.91,73.739,74.576,75.381,76.116,76.758,77.296,77.736,78.087
27000.0,73.762,72.935,72.199,71.553,70.995,70.525,70.143,69.853,69.66,69.568,69.585,69.715,69.964,70.334,70.823,71.426,72.129,72.91,73.737,74.573,75.378,76.114,76.756,77.295,77.736,78.087
27060.0,73.832,73.0,72.259,71.608,71.045,70.57,70.183,69.889,69.691,69.595,69.607,69.733,69.978,70.344,70.83,71.43,72.13,72.909,73.735,74.571,75.375,76.112,76.755,77.294,77.736,78.087
27120.0,73.901,73.065,72.318,71.663,71.095,70.615,70.224,69.925,69.723,69.622,69.63,69.751,69.992,70.354,70.837,71.434,72.132,72.908,73.733,74.568,75.373,76.11,76.753,77.293,77.735,78.087
27180.0,73.971,73.13,72.378,71.717,71.145,70.661,70.265,69.961,69.754,69.649,69.652,69.77,70.006,70.364,70.844,71.438,72.133,72.907,73.731,74.565,75.37,76.108,76.752,77.292,77.735,78.086
27240.0,74.04,73.194,72.438,71.772,71.195,70.706,70.305,69.997,69.785,69.676,69.675,69.788,70.02,70.375,70.851,71.442,72.134,72.907,73.729,74.563,75.367,76.105,76.75,77.291,77.735,78.086
27300.0,74.109,73.258,72.497,71.827,71.245,70.751,70.346,70.033,69.817,69.703,69.697,69.806,70.035,70.385,70.858,71.445,72.136,72.906,73.727,74.56,75.365,76.103,76.748,77.291,77.734,78.086
27360.0,74.178,73.323,72.557,71.882,71.296,70.797,70.387,70.069,69.849,69.73,69.72,69.825,70.049,70.396,70.865,71.449,72.137,72.906,73.725,74.558,75.362,76.101,76.747,77.29,77.734,78.086
27420.0,74.247,73.387,72.616,71.937,71.346,70.842,70.428,70.106,69.88,69.757,69.743,69.843,70.063,70.406,70.872,71.453,72.138,72.905,73.723,74.555,75.36,76.099,76.745,77.289,77.734,78.086
27480.0,74.317,73.451,72.676,71.992,71.396,70.888,70.469,70.142,69.912,69.784,69.766,69.862,70.078,70.417,70.879,71.457,72.14,72.905,73.722,74.553,75.357,76.096,76.744,77.288,77.733,78.085
27540.0,74.387,73.516,72.735,72.046,71.446,70.933,70.51,70.178,69.944,69.812,69.788,69.88,70.092,70.428,70.886,71.461,72.141,72.904,73.72,74.55,75.354,76.094,76.742,77.287,77.733,78.085
27600.0,74.458,73.581,72.795,72.101,71.496,70.979,70.55,70.214,69.975,69.839,69.811,69.899,70.107,70.438,70.893,71.466,72.143,72.904,73.718,74.548,75.352,76.092,76.74,77.286,77.732,78.085
27660.0,74.528,73.646,72.855,72.156,71.546,71.024,70.591,70.251,70.007,69.866,69.834,69.918,70.121,70.449,70.9,71.47,72.144,72.903,73.716,74.545,75.349,76.09,76.739,77.285,77.732,78.085
27720.0,74.598,73.711,72.915,72.211,71.597,71.07,70.632,70.287,70.039,69.894,69.857,69.936,70.136,70.46,70.908,71.474,72.146,72.903,73.714,74.543,75.347,76.087,76.737,77.284,77.731,78.084
27780.0,74.669,73.776,72.975,72.267,71.647,71.116,70.673,70.324,70.071,69.921,69.88,69.955,70.151,70.471,70.915,71.478,72.148,72.903,73.713,74.54,75.344,76.085,76.735,77.283,77.731,78.084
27840.0,74.739,73.841,73.035,72.322,71.698,71.161,70.715,70.36,70.103,69.949,69.904,69.974,70.166,70.482,70.923,71.483,72.149,72.902,73.711,74.538,75.341,76.083,76.734,77.282,77.73,78.084
27900.0,74.809,73.906,73.096,72.377,71.748,71.207,70.756,70.397,70.135,69.976,69.927,69.993,70.181,70.493,70.93,71.487,72.151,72.902,73.709,74.535,75.339,76.081,76.732,77.281,77.73,78.083
27960.0,74.879,73.971,73.156,72.433,71.799,71.253,70.797,70.433,70.167,70.004,69.95,70.012,70.196,70.504,70.938,71.491,72.153,72.902,73.708,74.533,75.336,76.078,76.731,77.28,77.729,78.083
28020.0,74.949,74.036,73.216,72.488,71.849,71.299,70.838,70.47,70.199,70.032,69.974,70.031,70.211,70.515,70.945,71.496,72.155,72.902,73.706,74.531,75.334,76.076,76.729,77.279,77.729,78.083
28080.0,75.018,74.101,73.276,72.543,71.9,71.345,70.88,70.507,70.232,70.06,69.997,70.05,70.226,70.526,70.953,71.5,72.157,72.901,73.704,74.528,75.331,76.074,76.727,77.278,77.729,78.083
28140.0,75.088,74.166,73.336,72.599,71.951,71.391,70.921,70.544,70.264,70.087,70.02,70.07,70.241,70.538,70.961,71.505,72.159,72.901,73.703,74.526,75.329,76.072,76.726,77.277,77.728,78.082
28200.0,75.157,74.231,73.396,72.654,72.001,71.437,70.963,70.581,70.296,70.115,70.044,70.089,70.256,70.549,70.969,71.51,72.161,72.901,73.701,74.524,75.326,76.069,76.724,77.276,77.728,78.082
28260.0,75.227,74.295,73.456,72.709,72.052,71.483,71.004,70.618,70.329,70.143,70.068,70.108,70.271,70.561,70.976,71.514,72.163,72.901,73.7,74.521,75.324,76.067,76.722,77.275,77.727,78.082
28320.0,75.296,74.36,73.516,72.765,72.103,71.529,71.046,70.655,70.361,70.171,70.091,70.128,70.287,70.572,70.984,71.519,72.165,72.901,73.698,74.519,75.321,76.065,76.721,77.274,77.727,78.081
28380.0,75.365,74.424,73.576,72.82,72.153,71.576,71.087,70.692,70.394,70.2,70.115,70.147,70.302,70.584,70.992,71.524,72.167,72.901,73.697,74.517,75.319,76.063,76.719,77.273,77.726,78.081
28440.0,75.433,74.488,73.635,72.875,72.204,71.622,71.129,70.729,70.427,70.228,70.139,70.167,70.318,70.595,71.0,71.529,72.169,72.901,73.696,74.515,75.316,76.061,76.717,77.272,77.726,78.081
28500.0,75.502,74.552,73.695,72.93,72.255,71.668,71.171,70.766,70.459,70.256,70.163,70.186,70.333,70.607,71.008,71.534,72.171,72.901,73.694,74.512,75.314,76.058,76.716,77.271,77.725,78.08
28560.0,75.57,74.616,73.754,72.985,72.305,71.714,71.212,70.803,70.492,70.284,70.187,70.206,70.349,70.619,71.017,71.539,72.174,72.901,73.693,74.51,75.311,76.056,76.714,77.27,77.725,78.08
28620.0,75.638,74.679,73.814,73.04,72.356,71.76,71.254,70.841,70.525,70.313,70.211,70.226,70.364,70.63,71.025,71.544,72.176,72.902,73.691,74.508,75.309,76.054,76.712,77.269,77.724,78.08
28680.0,75.706,74.743,73.873,73.095,72.407,71.806,71.296,70.878,70.558,70.341,70.235,70.246,70.38,70.642,71.033,71.549,72.178,72.902,73.69,74.506,75.306,76.052,76.711,77.268,77.724,78.079
28740.0,75.773,74.806,73.932,73.15,72.457,71.853,71.338,70.915,70.591,70.37,70.259,70.266,70.396,70.654,71.041,71.554,72.181,72.902,73.689,74.504,75.304,76.05,76.709,77.267,77.723,78.079
28800.0,75.84,74.869,73.991,73.205,72.508,71.899,71.379,70.953,70.623,70.398,70.283,70.286,70.412,70.666,71.05,71.559,72.183,72.902,73.688,74.501,75.302,76.047,76.708,77.266,77.723,78.079
28860.0,75.907,74.932,74.05,73.259,72.558,71.945,71.421,70.99,70.656,70.427,70.307,70.306,70.428,70.678,71.058,71.564,72.186,72.903,73.686,74.499,75.299,76.045,76.706,77.265,77.722,78.078
28920.0,75.974,74.995,74.108,73.314,72.608,71.991,71.463,71.027,70.69,70.455,70.332,70.326,70.444,70.69,71.067,71.57,72.188,72.903,73.685,74.497,75.297,76.043,76.704,77.264,77.722,78.078
28980.0,76.041,75.058,74.167,73.368,72.659,72.037,71.505,71.065,70.723,70.484,70.356,70.346,70.46,70.702,71.075,71.575,72.191,72.903,73.684,74.495,75.294,76.041,76.703,77.263,77.721,78.078
29040.0,76.107,75.12,74.225,73.423,72.709,72.083,71.546,71.102,70.756,70.513,70.381,70.366,70.476,70.715,71.084,71.58,72.193,72.904,73.683,74.493,75.292,76.039,76.701,77.262,77.721,78.077
29100.0,76.174,75.183,74.284,73.477,72.759,72.129,71.588,71.14,70.789,70.542,70.405,70.386,70.492,70.727,71.093,71.586,72.196,72.904,73.682,74.491,75.29,76.037,76.699,77.261,77.72,78.077
29160.0,76.241,75.245,74.342,73.531,72.809,72.175,71.63,71.177,70.822,70.57,70.43,70.407,70.508,70.739,71.101,71.591,72.199,72.905,73.681,74.489,75.287,76.034,76.698,77.26,77.719,78.077
29220.0,76.308,75.308,74.401,73.586,72.859,72.221,71.672,71.215,70.855,70.599,70.454,70.427,70.524,70.752,71.11,71.597,72.201,72.905,73.68,74.487,75.285,76.032,76.696,77.259,77.719,78.076
29280.0,76.375,75.37,74.459,73.64,72.91,72.267,71.714,71.252,70.889,70.628,70.479,70.447,70.541,70.764,71.119,71.602,72.204,72.906,73.678,74.485,75.283,76.03,76.694,77.258,77.718,78.076
29340.0,76.441,75.433,74.517,73.694,72.96,72.313,71.755,71.29,70.922,70.657,70.504,70.468,70.557,70.777,71.128,71.608,72.207,72.906,73.677,74.483,75.28,76.028,76.693,77.257,77.718,78.075
29400.0,76.508,75.495,74.576,73.748,73.01,72.359,71.797,71.327,70.955,70.686,70.528,70.488,70.574,70.789,71.137,71.614,72.21,72.907,73.677,74.481,75.278,76.026,76.691,77.256,77.717,78.075
29460.0,76.574,75.557,74.634,73.802,73.06,72.405,71.839,71.365,70.988,70.715,70.553,70.509,70.59,70.802,71.146,71.619,72.213,72.908,73.676,74.479,75.276,76.024,76.69,77.255,77.717,78.075
29520.0,76.64,75.62,74.692,73.856,73.11,72.451,71.881,71.403,71.022,70.745,70.578,70.53,70.607,70.814,71.155,71.625,72.216,72.908,73.675,74.477,75.274,76.022,76.688,77.254,77.716,78.074
29580.0,76.706,75.681,74.75,73.91,73.16,72.497,71.922,71.44,71.055,70.774,70.603,70.551,70.623,70.827,71.164,71.631,72.219,72.909,73.674,74.475,75.271,76.02,76.686,77.253,77.716,78.074
29640.0,76.772,75.743,74.808,73.964,73.21,72.543,71.964,71.478,71.089,70.803,70.628,70.571,70.64,70.84,71.173,71.637,72.222,72.91,73.673,74.474,75.269,76.017,76.685,77.252,77.715,78.074
29700.0,76.837,75.805,74.865,74.018,73.26,72.588,72.006,71.516,71.122,70.832,70.653,70.592,70.657,70.853,71.182,71.643,72.225,72.911,73.672,74.472,75.267,76.015,76.683,77.251,77.715,78.073
29760.0,76.902,75.866,74.923,74.072,73.309,72.634,72.048,71.553,71.156,70.861,70.678,70.613,70.674,70.866,71.192,71.649,72.228,72.912,73.671,74.47,75.265,76.013,76.681,77.25,77.714,78.073
29820.0,76.967,75.927,74.981,74.126,73.359,72.68,72.09,71.591,71.189,70.891,70.703,70.634,70.691,70.879,71.201,71.655,72.231,72.913,73.67,74.468,75.262,76.011,76.68,77.249,77.713,78.072
29880.0,77.032,75.988,75.038,74.179,73.409,72.726,72.131,71.628,71.223,70.92,70.728,70.655,70.708,70.892,71.21,71.661,72.235,72.914,73.67,74.466,75.26,76.009,76.678,77.248,77.713,78.072
29940.0,77.096,76.049,75.095,74.233,73.459,72.772,72.173,71.666,71.256,70.949,70.753,70.676,70.725,70.905,71.22,71.667,72.238,72.915,73.669,74.464,75.258,76.007,76.677,77.247,77.712,78.072
30000.0,77.16,76.11,75.152,74.286,73.508,72.817,72.215,71.704,71.29,70.979,70.779,70.697,70.742,70.918,71.229,71.673,72.241,72.916,73.668,74.463,75.256,76.005,76.675,77.246,77.712,78.071
30060.0,77.224,76.17,75.209,74.339,73.558,72.863,72.256,71.741,71.323,71.008,70.804,70.718,70.759,70.931,71.239,71.68,72.245,72.917,73.668,74.461,75.254,76.003,76.673,77.245,77.711,78.071
30120.0,77.288,76.231,75.266,74.392,73.607,72.909,72.298,71.779,71.357,71.038,70.829,70.739,70.776,70.945,71.248,71.686,72.248,72.918,73.667,74.459,75.252,76.001,76.672,77.243,77.711,78.07
30180.0,77.353,76.291,75.322,74.445,73.656,72.954,72.34,71.817,71.39,71.067,70.855,70.761,70.793,70.958,71.258,71.692,72.252,72.919,73.666,74.458,75.249,75.999,76.67,77.242,77.71,78.07
30240.0,77.417,76.352,75.379,74.498,73.706,73.0,72.381,71.854,71.424,71.097,70.88,70.782,70.81,70.971,71.268,71.699,72.255,72.92,73.666,74.456,75.247,75.997,76.668,77.241,77.709,78.069
30300.0,77.482,76.413,75.436,74.551,73.755,73.045,72.423,71.892,71.458,71.126,70.905,70.803,70.827,70.984,71.277,71.705,72.258,72.921,73.665,74.454,75.245,75.994,76.667,77.24,77.709,78.069
30360.0,77.547,76.474,75.493,74.605,73.804,73.09,72.464,71.93,71.491,71.156,70.931,70.825,70.845,70.998,71.287,71.711,72.262,72.922,73.664,74.452,75.243,75.992,76.665,77.239,77.708,78.068
30420.0,77.612,76.534,75.55,74.658,73.853,73.136,72.506,71.967,71.525,71.185,70.956,70.846,70.862,71.011,71.297,71.718,72.266,72.923,73.664,74.451,75.241,75.99,76.663,77.238,77.707,78.068
30480.0,77.676,76.595,75.607,74.711,73.903,73.181,72.548,72.005,71.558,71.215,70.982,70.867,70.88,71.025,71.307,71.724,72.269,72.925,73.663,74.449,75.239,75.988,76.661,77.237,77.707,78.067
30540.0,77.74,76.656,75.664,74.764,73.952,73.227,72.589,72.043,71.592,71.244,71.007,70.889,70.897,71.039,71.317,71.731,72.273,72.926,73.663,74.447,75.236,75.986,76.66,77.236,77.706,78.067
30600.0,77.805,76.716,75.721,74.817,74.001,73.272,72.631,72.08,71.626,71.274,71.033,70.91,70.915,71.052,71.327,71.738,72.277,72.927,73.662,74.446,75.234,75.984,76.658,77.234,77.705,78.066
30660.0,77.87,76.777,75.778,74.87,74.051,73.318,72.672,72.118,71.659,71.304,71.058,70.932,70.932,71.066,71.337,71.744,72.28,72.929,73.662,74.444,75.232,75.982,76.656,77.233,77.705,78.066
30720.0,77.935,76.838,75.835,74.923,74.1,73.363,72.714,72.156,71.693,71.333,71.084,70.954,70.95,71.08,71.347,71.751,72.284,72.93,73.662,74.443,75.23,75.98,76.655,77.232,77.704,78.065
30780.0,78.0,76.899,75.892,74.976,74.149,73.409,72.756,72.193,71.727,71.363,71.11,70.975,70.967,71.093,71.357,71.758,72.288,72.931,73.661,74.441,75.228,75.978,76.653,77.231,77.703,78.065
30840.0,78.065,76.96,75.949,75.029,74.199,73.454,72.797,72.231,71.761,71.393,71.136,70.997,70.985,71.107,71.367,71.765,72.292,72.933,73.661,74.44,75.226,75.976,76.651,77.23,77.703,78.064
30900.0,78.129,77.021,76.006,75.083,74.248,73.5,72.839,72.269,71.794,71.423,71.161,71.019,71.003,71.121,71.378,71.772,72.296,72.934,73.66,74.438,75.224,75.974,76.65,77.229,77.702,78.064
30960.0,78.194,77.081,76.063,75.136,74.297,73.545,72.88,72.306,71.828,71.452,71.187,71.04,71.021,71.135,71.388,71.778,72.3,72.936,73.66,74.437,75.222,75.972,76.648,77.228,77.701,78.063
31020.0,78.258,77.142,76.12,75.189,74.347,73.591,72.922,72.344,71.862,71.482,71.213,71.062,71.039,71.149,71.398,71.785,72.304,72.937,73.66,74.435,75.22,75.969,76.646,77.226,77.7,78.062
31080.0,78.323,77.203,76.176,75.242,74.396,73.636,72.964,72.382,71.896,71.512,71.239,71.084,71.056,71.163,71.409,71.792,72.308,72.939,73.66,74.434,75.218,75.967,76.645,77.225,77.7,78.062
31140.0,78.387,77.263,76.233,75.295,74.445,73.682,73.005,72.42,71.93,71.542,71.265,71.106,71.074,71.177,71.419,71.8,72.312,72.941,73.659,74.432,75.216,75.965,76.643,77.224,77.699,78.061
31200.0,78.451,77.323,76.29,75.348,74.495,73.727,73.047,72.458,71.964,71.572,71.291,71.128,71.092,71.191,71.429,71.807,72.316,72.942,73.659,74.431,75.214,75.963,76.641,77.223,77.698,78.061
31260.0,78.514,77.384,76.346,75.401,74.544,73.773,73.089,72.495,71.998,71.602,71.317,71.15,71.11,71.206,71.44,71.814,72.32,72.944,73.659,74.429,75.212,75.961,76.64,77.222,77.698,78.06
31320.0,78.578,77.443,76.403,75.454,74.593,73.818,73.131,72.533,72.032,71.632,71.343,71.172,71.129,71.22,71.451,71.821,72.325,72.946,73.659,74.428,75.21,75.959,76.638,77.221,77.697,78.06
31380.0,78.641,77.503,76.459,75.507,74.642,73.864,73.172,72.571,72.065,71.662,71.369,71.194,71.147,71.234,71.461,71.828,72.329,72.948,73.659,74.427,75.208,75.957,76.636,77.219,77.696,78.059
31440.0,78.704,77.563,76.515,75.56,74.691,73.909,73.214,72.609,72.099,71.692,71.395,71.216,71.165,71.248,71.472,71.836,72.333,72.949,73.659,74.425,75.206,75.955,76.635,77.218,77.695,78.059
31500.0,78.766,77.622,76.571,75.612,74.74,73.955,73.256,72.647,72.133,71.722,71.421,71.238,71.183,71.263,71.483,71.843,72.338,72.951,73.659,74.424,75.204,75.953,76.633,77.217,77.695,78.058
31560.0,78.829,77.681,76.627,75.665,74.789,74.0,73.297,72.685,72.167,71.752,71.447,71.26,71.201,71.277,71.493,71.85,72.342,72.953,73.659,74.423,75.202,75.951,76.631,77.216,77.694,78.057
31620.0,78.891,77.74,76.683,75.717,74.838,74.045,73.339,72.723,72.202,71.782,71.473,71.283,71.22,71.292,71.504,71.858,72.346,72.955,73.659,74.422,75.2,75.949,76.63,77.215,77.693,78.057
31680.0,78.953,77.799,76.739,75.769,74.887,74.091,73.381,72.761,72.236,71.812,71.499,71.305,71.238,71.306,71.515,71.865,72.351,72.957,73.659,74.42,75.198,75.947,76.628,77.214,77.693,78.056
31740.0,79.014,77.858,76.794,75.822,74.936,74.136,73.422,72.798,72.27,71.843,71.526,71.327,71.256,71.321,71.526,71.873,72.355,72.959,73.659,74.419,75.196,75.945,76.626,77.212,77.692,78.056
31800.0,79.076,77.916,76.85,75.874,74.985,74.181,73.464,72.836,72.304,71.873,71.552,71.35,71.275,71.336,71.537,71.88,72.36,72.961,73.659,74.418,75.195,75.944,76.625,77.211,77.691,78.055
31860.0,79.137,77.974,76.905,75.926,75.033,74.226,73.506,72.874,72.338,71.903,71.578,71.372,71.293,71.35,71.548,71.888,72.365,72.963,73.659,74.417,75.193,75.942,76.623,77.21,77.69,78.054
31920.0,79.198,78.032,76.96,75.977,75.082,74.272,73.547,72.912,72.372,71.933,71.604,71.394,71.312,71.365,71.559,71.896,72.369,72.965,73.659,74.416,75.191,75.94,76.621,77.209,77.69,78.054
31980.0,79.258,78.09,77.014,76.029,75.13,74.317,73.589,72.95,72.406,71.964,71.631,71.417,71.33,71.38,71.57,71.904,72.374,72.968,73.659,74.414,75.189,75.938,76.62,77.208,77.689,78.053
32040.0,79.318,78.147,77.069,76.081,75.179,74.362,73.63,72.988,72.44,71.994,71.657,71.439,71.349,71.394,71.581,71.911,72.379,72.97,73.66,74.413,75.187,75.936,76.618,77.207,77.688,78.053
32100.0,79.378,78.205,77.123,76.132,75.227,74.406,73.672,73.026,72.474,72.024,71.684,71.462,71.368,71.409,71.593,71.919,72.384,72.972,73.66,74.412,75.186,75.934,76.616,77.205,77.687,78.052
32160.0,79.438,78.262,77.178,76.183,75.275,74.451,73.713,73.064,72.508,72.055,71.71,71.484,71.386,71.424,71.604,71.927,72.388,72.974,73.66,74.411,75.184,75.932,76.615,77.204,77.687,78.051
32220.0,79.497,78.318,77.232,76.234,75.323,74.496,73.754,73.101,72.543,72.085,71.737,71.507,71.405,71.439,71.615,71.935,72.393,72.977,73.661,74.41,75.182,75.93,76.613,77.203,77.686,78.051
32280.0,79.556,78.375,77.285,76.285,75.371,74.541,73.796,73.139,72.577,72.115,71.763,71.53,71.424,71.454,71.627,71.943,72.398,72.979,73.661,74.409,75.18,75.928,76.612,77.202,77.685,78.05
32340.0,79.615,78.431,77.339,76.336,75.419,74.585,73.837,73.177,72.611,72.146,71.79,71.552,71.443,71.469,71.638,71.951,72.403,72.981,73.661,74.408,75.179,75.926,76.61,77.201,77.684,78.05
32400.0,79.673,78.487,77.392,76.387,75.467,74.63,73.878,73.215,72.645,72.176,71.816,71.575,71.461,71.484,71.649,71.959,72.408,72.984,73.662,74.407,75.177,75.924,76.608,77.2,77.684,78.049
32460.0,79.731,78.543,77.446,76.437,75.514,74.674,73.919,73.252,72.679,72.206,71.843,71.598,71.48,71.499,71.661,71.967,72.413,72.986,73.662,74.406,75.175,75.922,76.607,77.198,77.683,78.048
32520.0,79.789,78.598,77.499,76.488,75.562,74.719,73.96,73.29,72.713,72.237,71.869,71.62,71.499,71.514,71.672,71.975,72.418,72.989,73.663,74.405,75.173,75.921,76.605,77.197,77.682,78.048
32580.0,79.847,78.654,77.551,76.538,75.609,74.763,74.002,73.328,72.747,72.267,71.896,71.643,71.518,71.53,71.684,71.983,72.423,72.991,73.663,74.404,75.172,75.919,76.603,77.196,77.681,78.047
32640.0,79.904,78.708,77.604,76.588,75.656,74.807,74.042,73.365,72.781,72.298,71.923,71.666,71.537,71.545,71.696,71.991,72.428,72.994,73.664,74.403,75.17,75.917,76.602,77.195,77.681,78.046
32700.0,79.961,78.763,77.656,76.638,75.703,74.851,74.083,73.403,72.815,72.328,71.949,71.689,71.556,71.56,71.707,72.0,72.434,72.996,73.664,74.403,75.168,75.915,76.6,77.194,77.68,78.046
32760.0,80.017,78.818,77.708,76.687,75.75,74.895,74.124,73.44,72.849,72.358,71.976,71.712,71.575,71.576,71.719,72.008,72.439,72.999,73.665,74.402,75.167,75.913,76.599,77.193,77.679,78.045
32820.0,80.074,78.872,77.76,76.737,75.797,74.939,74.165,73.478,72.883,72.389,72.003,71.735,71.595,71.591,71.731,72.016,72.444,73.002,73.665,74.401,75.165,75.911,76.597,77.191,77.678,78.044
32880.0,80.129,78.926,77.812,76.786,75.843,74.983,74.206,73.515,72.918,72.419,72.03,71.758,71.614,71.606,71.742,72.025,72.449,73.004,73.666,74.4,75.164,75.91,76.595,77.19,77.677,78.044
32940.0,80.185,78.979,77.863,76.835,75.89,75.027,74.246,73.553,72.952,72.45,72.056,71.781,71.633,71.622,71.754,72.033,72.455,73.007,73.667,74.399,75.162,75.908,76.594,77.189,77.677,78.043
33000.0,80.24,79.033,77.915,76.884,75.936,75.07,74.287,73.59,72.985,72.48,72.083,71.804,71.652,71.637,71.766,72.042,72.46,73.01,73.667,74.399,75.16,75.906,76.592,77.188,77.676,78.043
33060.0,80.295,79.086,77.966,76.933,75.982,75.114,74.327,73.628,73.019,72.511,72.11,71.827,71.671,71.653,71.778,72.05,72.466,73.013,73.668,74.398,75.159,75.904,76.59,77.187,77.675,78.042
33120.0,80.351,79.139,78.017,76.981,76.028,75.157,74.368,73.665,73.053,72.541,72.137,71.85,71.691,71.668,71.79,72.059,72.471,73.015,73.669,74.397,75.157,75.902,76.589,77.185,77.674,78.041
33180.0,80.407,79.193,78.068,77.03,76.074,75.2,74.408,73.702,73.087,72.571,72.163,71.873,71.71,71.684,71.802,72.067,72.477,73.018,73.669,74.396,75.156,75.9,76.587,77.184,77.673,78.04
33240.0,80.463,79.246,78.119,77.078,76.12,75.243,74.448,73.739,73.121,72.602,72.19,71.896,71.729,71.699,71.814,72.076,72.482,73.021,73.67,74.395,75.154,75.899,76.585,77.183,77.672,78.04
33300.0,80.518,79.299,78.169,77.127,76.166,75.286,74.489,73.776,73.155,72.632,72.217,71.919,71.749,71.715,71.826,72.084,72.488,73.024,73.671,74.395,75.152,75.897,76.584,77.182,77.672,78.039
33360.0,80.573,79.352,78.22,77.175,76.212,75.329,74.529,73.813,73.189,72.663,72.244,71.942,71.768,71.731,71.838,72.093,72.493,73.027,73.672,74.394,75.151,75.895,76.582,77.18,77.671,78.038
33420.0,80.629,79.405,78.271,77.223,76.257,75.372,74.569,73.85,73.222,72.693,72.27,71.965,71.787,71.746,71.85,72.102,72.499,73.03,73.672,74.393,75.149,75.893,76.58,77.179,77.67,78.037
33480.0,80.684,79.458,78.322,77.271,76.303,75.415,74.609,73.887,73.256,72.723,72.297,71.988,71.807,71.762,71.862,72.11,72.504,73.033,73.673,74.393,75.148,75.891,76.579,77.178,77.669,78.037
33540.0,80.738,79.511,78.372,77.319,76.349,75.458,74.649,73.924,73.29,72.754,72.324,72.012,71.826,71.778,71.874,72.119,72.51,73.036,73.674,74.392,75.146,75.889,76.577,77.176,77.668,78.036
33600.0,80.793,79.563,78.422,77.367,76.394,75.501,74.689,73.961,73.323,72.784,72.351,72.035,71.846,71.794,71.887,72.128,72.516,73.039,73.675,74.391,75.145,75.888,76.576,77.175,77.667,78.035
33660.0,80.847,79.615,78.472,77.415,76.439,75.543,74.728,73.998,73.357,72.814,72.378,72.058,71.865,71.81,71.899,72.137,72.522,73.042,73.676,74.391,75.143,75.886,76.574,77.174,77.666,78.034
33720.0,80.901,79.667,78.522,77.463,76.485,75.586,74.768,74.035,73.391,72.844,72.405,72.081,71.885,71.826,71.911,72.146,72.527,73.045,73.677,74.39,75.142,75.884,76.572,77.173,77.665,78.034
33780.0,80.955,79.719,78.572,77.51,76.53,75.629,74.808,74.071,73.424,72.875,72.431,72.104,71.904,71.841,71.924,72.155,72.533,73.048,73.678,74.39,75.14,75.882,76.571,77.171,77.665,78.033
33840.0,81.008,79.771,78.622,77.558,76.575,75.671,74.848,74.108,73.458,72.905,72.458,72.128,71.924,71.857,71.936,72.164,72.539,73.051,73.679,74.389,75.139,75.88,76.569,77.17,77.664,78.032
33900.0,81.061,79.822,78.671,77.605,76.62,75.713,74.887,74.145,73.492,72.935,72.485,72.151,71.944,71.873,71.948,72.173,72.545,73.055,73.68,74.389,75.138,75.879,76.567,77.169,77.663,78.031
33960.0,81.114,79.874,78.721,77.652,76.665,75.756,74.927,74.181,73.525,72.966,72.512,72.174,71.963,71.889,71.961,72.182,72.551,73.058,73.681,74.388,75.136,75.877,76.566,77.168,77.662,78.031
34020.0,81.167,79.924,78.77,77.699,76.709,75.798,74.966,74.218,73.559,72.996,72.539,72.197,71.983,71.905,71.973,72.191,72.557,73.061,73.682,74.388,75.135,75.875,76.564,77.166,77.661,78.03
34080.0,81.219,79.975,78.818,77.746,76.754,75.84,75.006,74.255,73.592,73.026,72.566,72.221,72.003,71.922,71.986,72.2,72.563,73.064,73.683,74.387,75.133,75.874,76.562,77.165,77.66,78.029
34140.0,81.271,80.026,78.867,77.793,76.798,75.882,75.045,74.291,73.626,73.056,72.592,72.244,72.022,71.938,71.998,72.209,72.569,73.068,73.685,74.387,75.132,75.872,76.561,77.164,77.659,78.028
34200.0,81.323,80.076,78.916,77.839,76.843,75.924,75.084,74.328,73.659,73.087,72.619,72.268,72.042,71.954,72.011,72.219,72.575,73.071,73.686,74.386,75.131,75.87,76.559,77.163,77.658,78.027
34260.0,81.375,80.126,78.964,77.886,76.887,75.966,75.124,74.364,73.692,73.117,72.646,72.291,72.062,71.97,72.024,72.228,72.581,73.075,73.687,74.386,75.129,75.868,76.558,77.161,77.657,78.027
34320.0,81.426,80.176,79.012,77.932,76.931,76.008,75.163,74.4,73.726,73.147,72.673,72.314,72.082,71.986,72.036,72.237,72.588,73.078,73.688,74.386,75.128,75.867,76.556,77.16,77.656,78.026
34380.0,81.476,80.225,79.06,77.978,76.975,76.049,75.202,74.437,73.759,73.177,72.7,72.338,72.102,72.003,72.049,72.246,72.594,73.082,73.69,74.385,75.127,75.865,76.554,77.159,77.655,78.025
34440.0,81.527,80.274,79.107,78.024,77.019,76.091,75.241,74.473,73.792,73.207,72.727,72.361,72.122,72.019,72.062,72.256,72.6,73.085,73.691,74.385,75.125,75.863,76.553,77.157,77.655,78.024
34500.0,81.578,80.323,79.155,78.069,77.062,76.132,75.28,74.509,73.826,73.237,72.753,72.384,72.141,72.035,72.075,72.265,72.606,73.089,73.692,74.385,75.124,75.862,76.551,77.156,77.654,78.023
34560.0,81.629,80.373,79.203,78.115,77.106,76.173,75.319,74.545,73.859,73.268,72.78,72.408,72.161,72.051,72.087,72.275,72.613,73.092,73.693,74.384,75.123,75.86,76.549,77.155,77.653,78.022
34620.0,81.68,80.422,79.25,78.161,77.149,76.215,75.357,74.581,73.892,73.298,72.807,72.431,72.181,72.068,72.1,72.284,72.619,73.096,73.695,74.384,75.121,75.858,76.548,77.153,77.652,78.022
34680.0,81.731,80.471,79.297,78.206,77.193,76.256,75.396,74.617,73.925,73.328,72.834,72.455,72.201,72.084,72.113,72.293,72.625,73.099,73.696,74.384,75.12,75.856,76.546,77.152,77.65,78.021
34740.0,81.782,80.52,79.345,78.251,77.236,76.297,75.435,74.653,73.958,73.358,72.861,72.478,72.221,72.1,72.126,72.303,72.632,73.103,73.698,74.384,75.119,75.855,76.544,77.151,77.649,78.02
34800.0,81.833,80.569,79.392,78.297,77.279,76.338,75.473,74.689,73.991,73.388,72.888,72.501,72.241,72.117,72.139,72.313,72.638,73.107,73.699,74.383,75.117,75.853,76.543,77.149,77.648,78.019
34860.0,81.883,80.618,79.439,78.342,77.322,76.379,75.512,74.725,74.024,73.418,72.914,72.525,72.261,72.133,72.152,72.322,72.645,73.11,73.7,74.383,75.116,75.851,76.541,77.148,77.647,78.018
34920.0,81.933,80.667,79.486,78.387,77.366,76.42,75.55,74.761,74.057,73.448,72.941,72.548,72.281,72.15,72.165,72.332,72.651,73.114,73.702,74.383,75.115,75.85,76.539,77.147,77.646,78.017
34980.0,81.984,80.716,79.533,78.432,77.409,76.46,75.588,74.797,74.09,73.478,72.968,72.572,72.301,72.166,72.178,72.341,72.658,73.118,73.703,74.383,75.114,75.848,76.538,77.145,77.645,78.016
35040.0,82.034,80.765,79.58,78.477,77.451,76.501,75.627,74.832,74.123,73.508,72.995,72.595,72.321,72.183,72.191,72.351,72.664,73.122,73.705,74.383,75.113,75.846,76.536,77.144,77.644,78.015
35100.0,82.085,80.813,79.627,78.522,77.494,76.542,75.665,74.868,74.156,73.538,73.021,72.619,72.341,72.199,72.204,72.361,72.671,73.126,73.707,74.383,75.111,75.845,76.534,77.143,77.643,78.014
35160.0,82.135,80.862,79.674,78.567,77.537,76.582,75.703,74.904,74.189,73.568,73.048,72.642,72.361,72.216,72.217,72.371,72.677,73.129,73.708,74.382,75.11,75.843,76.533,77.141,77.642,78.013
35220.0,82.185,80.91,79.72,78.612,77.58,76.623,75.741,74.939,74.222,73.597,73.075,72.666,72.381,72.232,72.23,72.38,72.684,73.133,73.71,74.382,75.109,75.841,76.531,77.14,77.641,78.012
35280.0,82.234,80.958,79.767,78.656,77.623,76.663,75.78,74.975,74.255,73.627,73.102,72.689,72.401,72.249,72.243,72.39,72.691,73.137,73.711,74.382,75.108,75.84,76.53,77.139,77.64,78.012
35340.0,82.284,81.006,79.813,78.701,77.665,76.704,75.818,75.01,74.288,73.657,73.129,72.713,72.421,72.266,72.256,72.4,72.697,73.141,73.713,74.382,75.107,75.838,76.528,77.137,77.639,78.011
35400.0,82.333,81.054,79.859,78.745,77.708,76.744,75.856,75.046,74.32,73.687,73.155,72.736,72.441,72.282,72.27,72.41,72.704,73.145,73.715,74.382,75.106,75.836,76.526,77.136,77.638,78.01
35460.0,82.382,81.101,79.905,78.79,77.75,76.784,75.894,75.081,74.353,73.717,73.182,72.76,72.461,72.299,72.283,72.42,72.711,73.149,73.717,74.382,75.105,75.835,76.525,77.135,77.637,78.009
35520.0,82.43,81.149,79.951,78.834,77.792,76.825,75.932,75.117,74.386,73.747,73.209,72.783,72.482,72.316,72.296,72.43,72.718,73.153,73.718,74.382,75.103,75.833,76.523,77.133,77.636,78.008
35580.0,82.478,81.196,79.997,78.878,77.834,76.865,75.969,75.152,74.419,73.777,73.236,72.807,72.502,72.333,72.31,72.44,72.725,73.158,73.72,74.382,75.102,75.832,76.521,77.132,77.635,78.007
35640.0,82.526,81.242,80.042,78.922,77.877,76.905,76.007,75.187,74.451,73.806,73.262,72.83,72.522,72.349,72.323,72.45,72.732,73.162,73.722,74.382,75.101,75.83,76.52,77.131,77.634,78.006
35700.0,82.574,81.289,80.088,78.966,77.919,76.945,76.045,75.223,74.484,73.836,73.289,72.854,72.542,72.366,72.336,72.46,72.739,73.166,73.724,74.382,75.1,75.828,76.518,77.129,77.633,78.005
35760.0,82.622,81.335,80.133,79.009,77.96,76.984,76.082,75.258,74.516,73.866,73.316,72.877,72.562,72.383,72.35,72.47,72.746,73.17,73.726,74.383,75.099,75.827,76.517,77.128,77.632,78.004
35820.0,82.669,81.382,80.178,79.053,78.002,77.024,76.12,75.293,74.549,73.896,73.342,72.901,72.583,72.4,72.363,72.48,72.753,73.174,73.728,74.383,75.098,75.825,76.515,77.126,77.631,78.003
35880.0,82.715,81.427,80.222,79.096,78.044,77.064,76.158,75.328,74.581,73.925,73.369,72.924,72.603,72.417,72.377,72.49,72.76,73.178,73.729,74.383,75.097,75.824,76.513,77.125,77.63,78.002
35940.0,82.762,81.473,80.267,79.139,78.085,77.103,76.195,75.363,74.614,73.955,73.396,72.948,72.623,72.434,72.39,72.5,72.767,73.183,73.731,74.383,75.096,75.822,76.512,77.124,77.629,78.001
36000.0,82.808,81.518,80.311,79.182,78.126,77.143,76.232,75.398,74.646,73.985,73.423,72.971,72.643,72.45,72.404,72.511,72.774,73.187,73.733,74.383,75.095,75.821,76.51,77.122,77.628,78.0
36060.0,82.854,81.563,80.355,79.225,78.168,77.182,76.27,75.433,74.679,74.014,73.449,72.995,72.664,72.467,72.417,72.521,72.781,73.191,73.735,74.383,75.094,75.819,76.509,77.121,77.627,77.999
36120.0,82.899,81.608,80.399,79.267,78.209,77.222,76.307,75.468,74.711,74.044,73.476,73.019,72.684,72.484,72.431,72.531,72.788,73.196,73.737,74.384,75.093,75.818,76.507,77.12,77.626,77.998
36180.0,82.945,81.653,80.442,79.31,78.25,77.261,76.344,75.503,74.744,74.074,73.503,73.042,72.704,72.501,72.444,72.542,72.795,73.2,73.739,74.384,75.093,75.816,76.506,77.118,77.625,77.997
36240.0,82.99,81.697,80.486,79.352,78.29,77.3,76.381,75.538,74.776,74.103,73.529,73.066,72.725,72.518,72.458,72.552,72.803,73.205,73.742,74.384,75.092,75.815,76.504,77.117,77.624,77.996
36300.0,83.034,81.741,80.529,79.394,78.331,77.339,76.418,75.572,74.808,74.133,73.556,73.089,72.745,72.535,72.472,72.562,72.81,73.209,73.744,74.385,75.091,75.813,76.502,77.116,77.623,77.995
36360.0,83.078,81.785,80.572,79.436,78.371,77.377,76.455,75.607,74.84,74.162,73.583,73.113,72.765,72.552,72.485,72.573,72.817,73.214,73.746,74.385,75.09,75.812,76.501,77.114,77.622,77.995
36420.0,83.122,81.828,80.614,79.477,78.412,77.416,76.491,75.642,74.872,74.192,73.609,73.136,72.786,72.569,72.499,72.583,72.825,73.218,73.748,74.385,75.089,75.81,76.499,77.113,77.62,77.994
36480.0,83.166,81.871,80.657,79.519,78.452,77.454,76.528,75.676,74.905,74.221,73.636,73.16,72.806,72.586,72.513,72.594,72.832,73.223,73.75,74.386,75.088,75.809,76.498,77.112,77.619,77.993
36540.0,83.209,81.914,80.699,79.56,78.492,77.493,76.565,75.711,74.937,74.251,73.663,73.184,72.826,72.604,72.527,72.604,72.839,73.227,73.752,74.386,75.087,75.808,76.496,77.11,77.618,77.992
36600.0,83.252,81.957,80.741,79.601,78.531,77.531,76.601,75.745,74.969,74.28,73.689,73.207,72.847,72.621,72.54,72.615,72.847,73.232,73.755,74.386,75.087,75.806,76.495,77.109,77.617,77.991
36660.0,83.294,81.999,80.783,79.642,78.571,77.569,76.637,75.779,75.001,74.309,73.716,73.231,72.867,72.638,72.554,72.625,72.854,73.237,73.757,74.387,75.086,75.805,76.493,77.108,77.616,77.99
36720.0,83.337,82.041,80.824,79.682,78.61,77.607,76.674,75.814,75.033,74.339,73.742,73.254,72.888,72.655,72.568,72.636,72.862,73.241,73.759,74.387,75.085,75.803,76.492,77.106,77.615,77.989
36780.0,83.379,82.082,80.865,79.723,78.65,77.645,76.71,75.848,75.064,74.368,73.769,73.278,72.908,72.672,72.582,72.646,72.869,73.246,73.762,74.388,75.084,75.802,76.49,77.105,77.614,77.988
36840.0,83.42,82.124,80.906,79.763,78.689,77.683,76.746,75.882,75.096,74.397,73.795,73.302,72.929,72.689,72.596,72.657,72.877,73.251,73.764,74.388,75.084,75.801,76.489,77.104,77.613,77.987
36900.0,83.461,82.165,80.947,79.803,78.728,77.72,76.782,75.916,75.128,74.427,73.822,73.325,72.949,72.707,72.61,72.668,72.884,73.256,73.766,74.389,75.083,75.799,76.487,77.102,77.612,77.986
36960.0,83.502,82.206,80.987,79.842,78.766,77.758,76.818,75.95,75.16,74.456,73.848,73.349,72.969,72.724,72.624,72.678,72.892,73.26,73.769,74.389,75.082,75.798,76.486,77.101,77.611,77.985
37020.0,83.543,82.246,81.027,79.882,78.805,77.795,76.853,75.983,75.191,74.485,73.875,73.372,72.99,72.741,72.638,72.689,72.9,73.265,73.771,74.39,75.081,75.796,76.484,77.1,77.61,77.984
37080.0,83.583,82.286,81.067,79.921,78.843,77.832,76.889,76.017,75.223,74.514,73.901,73.396,73.01,72.758,72.652,72.7,72.907,73.27,73.774,74.391,75.081,75.795,76.482,77.098,77.609,77.983
37140.0,83.623,82.326,81.107,79.96,78.882,77.869,76.924,76.051,75.254,74.543,73.928,73.419,73.031,72.776,72.666,72.711,72.915,73.275,73.776,74.391,75.08,75.794,76.481,77.097,77.608,77.982
37200.0,83.662,82.366,81.146,79.999,78.92,77.906,76.96,76.084,75.286,74.572,73.954,73.443,73.051,72.793,72.68,72.721,72.923,73.28,73.779,74.392,75.079,75.792,76.48,77.096,77.606,77.981
37260.0,83.701,82.405,81.186,80.038,78.957,77.943,76.995,76.118,75.317,74.601,73.981,73.466,73.072,72.81,72.694,72.732,72.931,73.285,73.781,74.393,75.079,75.791,76.478,77.094,77.605,77.98
37320.0,83.74,82.444,81.224,80.076,78.995,77.979,77.03,76.151,75.348,74.63,74.007,73.49,73.092,72.827,72.708,72.743,72.938,73.29,73.784,74.393,75.078,75.79,76.477,77.093,77.604,77.979
37380.0,83.778,82.483,81.263,80.114,79.032,78.016,77.065,76.184,75.38,74.659,74.033,73.513,73.113,72.845,72.722,72.754,72.946,73.295,73.786,74.394,75.078,75.789,76.475,77.092,77.603,77.978
37440.0,83.817,82.521,81.301,80.152,79.07,78.052,77.1,76.218,75.411,74.688,74.06,73.537,73.133,72.862,72.736,72.765,72.954,73.3,73.789,74.395,75.077,75.787,76.474,77.09,77.602,77.977
37500.0,83.855,82.56,81.34,80.19,79.107,78.088,77.135,76.251,75.442,74.717,74.086,73.56,73.154,72.879,72.75,72.776,72.962,73.305,73.792,74.395,75.076,75.786,76.472,77.089,77.601,77.976
37560.0,83.893,82.598,81.378,80.228,79.144,78.124,77.169,76.284,75.473,74.746,74.112,73.584,73.174,72.897,72.764,72.787,72.97,73.31,73.794,74.396,75.076,75.785,76.471,77.088,77.6,77.975
37620.0,83.931,82.635,81.415,80.265,79.18,78.16,77.204,76.316,75.504,74.775,74.138,73.607,73.195,72.914,72.779,72.798,72.978,73.315,73.797,74.397,75.075,75.783,76.469,77.086,77.599,77.974
37680.0,83.968,82.673,81.453,80.302,79.217,78.195,77.238,76.349,75.535,74.803,74.165,73.631,73.215,72.932,72.793,72.809,72.986,73.32,73.8,74.398,75.075,75.782,76.468,77.085,77.598,77.973
37740.0,84.005,82.71,81.49,80.339,79.253,78.231,77.272,76.382,75.566,74.832,74.191,73.654,73.236,72.949,72.807,72.82,72.994,73.326,73.803,74.399,75.074,75.781,76.466,77.084,77.597,77.972
37800.0,84.042,82.747,81.527,80.376,79.29,78.266,77.306,76.414,75.596,74.86,74.217,73.678,73.256,72.967,72.821,72.831,73.002,73.331,73.805,74.399,75.074,75.78,76.465,77.082,77.596,77.971
37860.0,84.078,82.784,81.564,80.413,79.326,78.301,77.34,76.447,75.627,74.889,74.243,73.701,73.277,72.984,72.836,72.842,73.01,73.336,73.808,74.4,75.073,75.779,76.463,77.081,77.594,77.97
37920.0,84.114,82.821,81.601,80.449,79.362,78.336,77.374,76.479,75.658,74.918,74.269,73.725,73.297,73.001,72.85,72.853,73.018,73.341,73.811,74.401,75.073,75.777,76.462,77.08,77.593,77.969
37980.0,84.15,82.857,81.637,80.485,79.397,78.371,77.408,76.512,75.688,74.946,74.295,73.748,73.318,73.019,72.864,72.865,73.026,73.347,73.814,74.402,75.073,75.776,76.461,77.078,77.592,77.968
38040.0,84.185,82.893,81.673,80.521,79.433,78.406,77.442,76.544,75.719,74.974,74.321,73.771,73.338,73.036,72.878,72.876,73.034,73.352,73.817,74.403,75.072,75.775,76.459,77.077,77.591,77.967
38100.0,84.22,82.928,81.709,80.557,79.468,78.44,77.475,76.576,75.749,75.003,74.347,73.795,73.359,73.054,72.893,72.887,73.042,73.357,73.82,74.404,75.072,75.774,76.458,77.076,77.59,77.965
38160.0,84.255,82.964,81.745,80.593,79.503,78.475,77.508,76.608,75.779,75.031,74.373,73.818,73.379,73.071,72.907,72.898,73.051,73.363,73.823,74.405,75.071,75.773,76.456,77.074,77.589,77.964
38220.0,84.289,82.999,81.78,80.628,79.538,78.509,77.542,76.64,75.81,75.059,74.399,73.841,73.4,73.089,72.922,72.909,73.059,73.368,73.826,74.406,75.071,75.771,76.455,77.073,77.588,77.963
38280.0,84.323,83.033,81.815,80.663,79.573,78.543,77.575,76.672,75.84,75.087,74.425,73.865,73.42,73.106,72.936,72.921,73.067,73.374,73.829,74.407,75.071,75.77,76.453,77.072,77.587,77.962
38340.0,84.357,83.068,81.85,80.698,79.608,78.577,77.608,76.703,75.87,75.115,74.451,73.888,73.441,73.124,72.95,72.932,73.075,73.379,73.832,74.408,75.07,75.769,76.452,77.07,77.586,77.961
38400.0,84.39,83.102,81.884,80.733,79.642,78.611,77.641,76.735,75.9,75.143,74.477,73.911,73.461,73.141,72.965,72.943,73.084,73.385,73.835,74.409,75.07,75.768,76.451,77.069,77.585,77.96
38460.0,84.423,83.136,81.919,80.767,79.676,78.645,77.673,76.766,75.93,75.171,74.502,73.935,73.482,73.159,72.979,72.955,73.092,73.39,73.838,74.41,75.07,75.767,76.449,77.068,77.583,77.959
38520.0,84.456,83.169,81.953,80.801,79.71,78.678,77.706,76.798,75.959,75.199,74.528,73.958,73.502,73.176,72.994,72.966,73.1,73.396,73.841,74.411,75.069,75.766,76.448,77.066,77.582,77.958
38580.0,84.489,83.203,81.987,80.835,79.744,78.711,77.738,76.829,75.989,75.227,74.554,73.981,73.523,73.194,73.008,72.977,73.109,73.401,73.844,74.412,75.069,75.765,76.446,77.065,77.581,77.957
38640.0,84.522,83.236,82.02,80.869,79.778,78.744,77.771,76.86,76.019,75.255,74.579,74.004,73.543,73.211,73.023,72.989,73.117,73.407,73.847,74.414,75.069,75.763,76.445,77.064,77.58,77.956
38700.0,84.554,83.269,82.054,80.903,79.811,78.777,77.803,76.891,76.048,75.283,74.605,74.027,73.564,73.229,73.037,73.0,73.125,73.412,73.85,74.415,75.068,75.762,76.443,77.062,77.579,77.955
38760.0,84.587,83.302,82.087,80.936,79.844,78.81,77.835,76.922,76.078,75.31,74.63,74.05,73.584,73.246,73.052,73.012,73.134,73.418,73.853,74.416,75.068,75.761,76.442,77.061,77.577,77.954
38820.0,84.619,83.335,82.121,80.97,79.878,78.843,77.867,76.953,76.107,75.338,74.656,74.073,73.605,73.264,73.066,73.023,73.142,73.423,73.856,74.417,75.068,75.76,76.441,77.06,77.576,77.952
38880.0,84.65,83.368,82.154,81.003,79.911,78.875,77.898,76.983,76.136,75.365,74.681,74.096,73.625,73.282,73.081,73.034,73.151,73.429,73.86,74.418,75.067,75.759,76.439,77.058,77.575,77.951
38940.0,84.682,83.4,82.186,81.036,79.943,78.908,77.93,77.014,76.165,75.393,74.707,74.119,73.645,73.299,73.095,73.046,73.159,73.435,73.863,74.419,75.067,75.758,76.438,77.057,77.574,77.95
39000.0,84.713,83.432,82.219,81.069,79.976,78.94,77.962,77.044,76.194,75.42,74.732,74.142,73.666,73.317,73.11,73.057,73.168,73.44,73.866,74.421,75.067,75.757,76.436,77.055,77.573,77.949
39060.0,84.743,83.463,82.251,81.101,80.009,78.972,77.993,77.075,76.223,75.447,74.757,74.165,73.686,73.334,73.124,73.069,73.176,73.446,73.869,74.422,75.067,75.756,76.435,77.054,77.571,77.948
39120.0,84.774,83.495,82.283,81.133,80.041,79.004,78.024,77.105,76.252,75.475,74.782,74.188,73.706,73.352,73.139,73.08,73.185,73.452,73.872,74.423,75.067,75.755,76.433,77.053,77.57,77.947
39180.0,84.804,83.526,82.315,81.166,80.073,79.036,78.056,77.135,76.281,75.502,74.808,74.211,73.727,73.369,73.153,73.092,73.193,73.458,73.876,74.424,75.066,75.754,76.432,77.051,77.569,77.946
39240.0,84.833,83.557,82.347,81.198,80.105,79.068,78.087,77.165,76.31,75.529,74.833,74.234,73.747,73.387,73.168,73.104,73.202,73.464,73.879,74.426,75.066,75.753,76.431,77.05,77.568,77.944
39300.0,84.863,83.587,82.378,81.229,80.137,79.099,78.118,77.195,76.339,75.556,74.858,74.257,73.767,73.404,73.183,73.115,73.21,73.469,73.882,74.427,75.066,75.752,76.429,77.049,77.567,77.943
39360.0,84.892,83.617,82.409,81.261,80.169,79.131,78.148,77.225,76.367,75.583,74.883,74.28,73.788,73.422,73.197,73.127,73.219,73.475,73.886,74.428,75.066,75.75,76.428,77.047,77.565,77.942
39420.0,84.92,83.647,82.44,81.292,80.2,79.162,78.179,77.255,76.396,75.61,74.908,74.303,73.808,73.439,73.212,73.138,73.228,73.481,73.889,74.43,75.066,75.749,76.427,77.046,77.564,77.941
39480.0,84.949,83.677,82.47,81.323,80.231,79.193,78.21,77.285,76.424,75.637,74.933,74.325,73.828,73.457,73.226,73.15,73.236,73.487,73.893,74.431,75.066,75.748,76.425,77.044,77.563,77.94
39540.0,84.977,83.706,82.501,81.354,80.262,79.224,78.24,77.314,76.453,75.664,74.958,74.348,73.848,73.474,73.241,73.162,73.245,73.493,73.896,74.432,75.066,75.747,76.424,77.043,77.562,77.939
39600.0,85.004,83.735,82.531,81.385,80.293,79.255,78.27,77.344,76.481,75.69,74.983,74.371,73.869,73.492,73.256,73.173,73.254,73.499,73.9,74.434,75.066,75.746,76.422,77.042,77.561,77.938
39660.0,85.032,83.764,82.56,81.415,80.324,79.285,78.3,77.373,76.509,75.717,75.008,74.393,73.889,73.51,73.27,73.185,73.263,73.505,73.903,74.435,75.066,75.746,76.421,77.04,77.559,77.936
39720.0,85.059,83.792,82.59,81.445,80.354,79.316,78.33,77.402,76.537,75.744,75.032,74.416,73.909,73.527,73.285,73.197,73.271,73.511,73.907,74.437,75.066,75.745,76.42,77.039,77.558,77.935
39780.0,85.085,83.82,82.619,81.475,80.385,79.346,78.36,77.431,76.565,75.77,75.057,74.439,73.929,73.545,73.3,73.209,73.28,73.517,73.91,74.438,75.065,75.744,76.418,77.038,77.557,77.934
39840.0,85.111,83.848,82.648,81.505,80.415,79.376,78.39,77.46,76.593,75.797,75.082,74.461,73.95,73.562,73.315,73.22,73.289,73.523,73.914,74.44,75.065,75.743,76.417,77.036,77.556,77.933
39900.0,85.137,83.875,82.676,81.534,80.444,79.406,78.419,77.489,76.621,75.823,75.106,74.484,73.97,73.58,73.329,73.232,73.298,73.529,73.917,74.441,75.066,75.742,76.416,77.035,77.555,77.932
39960.0,85.163,83.903,82.705,81.563,80.474,79.436,78.449,77.518,76.649,75.849,75.131,74.506,73.99,73.597,73.344,73.244,73.307,73.535,73.921,74.443,75.066,75.741,76.414,77.034,77.553,77.931
40020.0,85.188,83.929,82.733,81.592,80.504,79.465,78.478,77.546,76.676,75.876,75.156,74.529,74.01,73.615,73.359,73.256,73.316,73.541,73.925,74.444,75.066,75.74,76.413,77.032,77.552,77.929
40080.0,85.213,83.956,82.761,81.621,80.533,79.494,78.507,77.575,76.704,75.902,75.18,74.551,74.03,73.632,73.373,73.268,73.325,73.547,73.928,74.446,75.066,75.739,76.412,77.031,77.551,77.928
40140.0,85.237,83.982,82.788,81.649,80.562,79.524,78.536,77.603,76.731,75.928,75.205,74.574,74.05,73.65,73.388,73.279,73.334,73.554,73.932,74.448,75.066,75.738,76.41,77.03,77.55,77.927
40200.0,85.261,84.008,82.815,81.678,80.591,79.553,78.565,77.632,76.758,75.954,75.229,74.596,74.07,73.667,73.403,73.291,73.342,73.56,73.936,74.449,75.066,75.737,76.409,77.028,77.548,77.926
40260.0,85.285,84.033,82.842,81.706,80.619,79.581,78.594,77.66,76.786,75.98,75.253,74.619,74.09,73.685,73.418,73.303,73.351,73.566,73.939,74.451,75.066,75.736,76.408,77.027,77.547,77.925
40320.0,85.308,84.058,82.869,81.733,80.648,79.61,78.622,77.688,76.813,76.006,75.278,74.641,74.111,73.702,73.432,73.315,73.36,73.572,73.943,74.453,75.066,75.736,76.407,77.026,77.546,77.924
40380.0,85.331,84.083,82.895,81.761,80.676,79.639,78.651,77.716,76.84,76.032,75.302,74.663,74.131,73.72,73.447,73.327,73.369,73.578,73.947,74.454,75.066,75.735,76.405,77.024,77.545,77.922
40440.0,85.353,84.108,82.921,81.788,80.704,79.667,78.679,77.744,76.867,76.057,75.326,74.685,74.151,73.737,73.462,73.339,73.379,73.585,73.951,74.456,75.066,75.734,76.404,77.023,77.544,77.921
40500.0,85.376,84.132,82.947,81.815,80.731,79.695,78.707,77.771,76.894,76.083,75.35,74.708,74.171,73.755,73.477,73.351,73.388,73.591,73.954,74.458,75.067,75.733,76.403,77.022,77.542,77.92
40560.0,85.397,84.156,82.973,81.842,80.759,79.723,78.735,77.799,76.92,76.109,75.374,74.73,74.191,73.772,73.491,73.363,73.397,73.597,73.958,74.46,75.067,75.732,76.401,77.02,77.541,77.919
40620.0,85.419,84.179,82.998,81.868,80.786,79.751,78.763,77.826,76.947,76.134,75.398,74.752,74.21,73.79,73.506,73.375,73.406,73.604,73.962,74.461,75.067,75.731,76.4,77.019,77.54,77.918
40680.0,85.44,84.203,83.023,81.894,80.813,79.778,78.79,77.853,76.974,76.16,75.422,74.774,74.23,73.807,73.521,73.387,73.415,73.61,73.966,74.463,75.067,75.731,76.399,77.018,77.539,77.916
40740.0,85.461,84.225,83.047,81.92,80.84,79.805,78.818,77.88,77.0,76.185,75.446,74.796,74.25,73.825,73.536,73.399,73.424,73.617,73.97,74.465,75.067,75.73,76.398,77.016,77.537,77.915
40800.0,85.481,84.248,83.072,81.946,80.867,79.833,78.845,77.907,77.026,76.21,75.47,74.818,74.27,73.842,73.551,73.411,73.433,73.623,73.974,74.467,75.068,75.729,76.397,77.015,77.536,77.914
40860.0,85.501,84.27,83.096,81.971,80.893,79.86,78.872,77.934,77.053,76.235,75.494,74.84,74.29,73.86,73.566,73.423,73.442,73.629,73.978,74.469,75.068,75.729,76.395,77.014,77.535,77.913
40920.0,85.521,84.292,83.119,81.996,80.919,79.886,78.899,77.961,77.079,76.261,75.517,74.862,74.31,73.877,73.58,73.435,73.452,73.636,73.982,74.471,75.068,75.728,76.394,77.013,77.534,77.912
40980.0,85.54,84.314,83.143,82.021,80.945,79.913,78.926,77.988,77.105,76.286,75.541,74.884,74.33,73.895,73.595,73.447,73.461,73.643,73.986,74.473,75.069,75.727,76.393,77.011,77.533,77.911
41040.0,85.559,84.335,83.166,82.046,80.971,79.939,78.953,78.014,77.131,76.311,75.565,74.906,74.35,73.912,73.61,73.459,73.47,73.649,73.99,74.475,75.069,75.727,76.392,77.01,77.532,77.91
41100.0,85.577,84.356,83.189,82.07,80.996,79.966,78.979,78.041,77.157,76.336,75.588,74.928,74.37,73.93,73.625,73.471,73.48,73.656,73.994,74.477,75.07,75.726,76.391,77.009,77.531,77.909
41160.0,85.596,84.376,83.211,82.095,81.022,79.992,79.005,78.067,77.182,76.36,75.612,74.95,74.389,73.947,73.64,73.483,73.489,73.662,73.998,74.479,75.07,75.725,76.39,77.008,77.529,77.907
41220.0,85.614,84.397,83.234,82.118,81.047,80.017,79.031,78.093,77.208,76.385,75.635,74.971,74.409,73.964,73.655,73.495,73.498,73.669,74.002,74.481,75.07,75.725,76.388,77.006,77.528,77.906
41280.0,85.631,84.417,83.256,82.142,81.072,80.043,79.057,78.119,77.233,76.41,75.659,74.993,74.429,73.982,73.669,73.507,73.508,73.675,74.007,74.483,75.071,75.724,76.387,77.005,77.527,77.905
41340.0,85.649,84.437,83.278,82.165,81.096,80.068,79.083,78.145,77.259,76.434,75.682,75.015,74.448,73.999,73.684,73.519,73.517,73.682,74.011,74.485,75.071,75.723,76.386,77.004,77.526,77.904
41400.0,85.666,84.456,83.299,82.189,81.12,80.093,79.109,78.17,77.284,76.459,75.705,75.036,74.468,74.017,73.699,73.532,73.526,73.689,74.015,74.487,75.072,75.723,76.385,77.002,77.525,77.903
41460.0,85.683,84.475,83.32,82.212,81.145,80.118,79.134,78.196,77.309,76.483,75.728,75.058,74.488,74.034,73.714,73.544,73.536,73.695,74.019,74.489,75.072,75.722,76.384,77.001,77.523,77.901
41520.0,85.699,84.494,83.342,82.234,81.169,80.143,79.159,78.221,77.334,76.507,75.751,75.079,74.507,74.051,73.729,73.556,73.545,73.702,74.023,74.491,75.072,75.721,76.383,77.0,77.522,77.9
41580.0,85.716,84.513,83.362,82.257,81.192,80.168,79.185,78.246,77.359,76.531,75.774,75.101,74.527,74.069,73.744,73.568,73.554,73.709,74.027,74.493,75.073,75.721,76.381,76.998,77.521,77.899
41640.0,85.731,84.531,83.383,82.279,81.216,80.192,79.21,78.271,77.384,76.555,75.797,75.122,74.546,74.086,73.758,73.58,73.564,73.715,74.032,74.495,75.073,75.72,76.38,76.997,77.52,77.898
41700.0,85.747,84.55,83.403,82.301,81.239,80.217,79.234,78.296,77.408,76.579,75.82,75.144,74.566,74.103,73.773,73.592,73.573,73.722,74.036,74.497,75.074,75.72,76.379,76.996,77.518,77.897
41760.0,85.762,84.567,83.423,82.323,81.262,80.241,79.259,78.321,77.433,76.603,75.843,75.165,74.585,74.12,73.788,73.604,73.583,73.729,74.04,74.499,75.074,75.719,76.378,76.995,77.517,77.895
41820.0,85.777,84.585,83.443,82.344,81.285,80.265,79.283,78.346,77.457,76.627,75.865,75.186,74.605,74.138,73.803,73.617,73.592,73.736,74.044,74.501,75.075,75.718,76.377,76.993,77.516,77.894
41880.0,85.791,84.602,83.462,82.365,81.308,80.288,79.308,78.37,77.482,76.651,75.888,75.207,74.624,74.155,73.818,73.629,73.601,73.743,74.049,74.504,75.075,75.718,76.376,76.992,77.515,77.893
41940.0,85.805,84.619,83.481,82.386,81.33,80.312,79.332,78.395,77.506,76.674,75.911,75.229,74.643,74.172,73.832,73.641,73.611,73.749,74.053,74.506,75.076,75.717,76.375,76.991,77.514,77.892
42000.0,85.819,84.635,83.5,82.407,81.353,80.335,79.356,78.419,77.53,76.698,75.933,75.25,74.663,74.189,73.847,73.653,73.62,73.756,74.057,74.508,75.077,75.717,76.373,76.989,77.512,77.891
42060.0,85.832,84.651,83.518,82.428,81.375,80.358,79.38,78.443,77.554,76.721,75.956,75.271,74.682,74.207,73.862,73.665,73.63,73.763,74.062,74.51,75.077,75.716,76.372,76.988,77.511,77.889
42120.0,85.845,84.667,83.537,82.448,81.396,80.381,79.403,78.467,77.578,76.744,75.978,75.292,74.701,74.224,73.877,73.677,73.639,73.77,74.066,74.513,75.078,75.716,76.371,76.987,77.51,77.888
42180.0,85.857,84.682,83.555,82.468,81.418,80.404,79.427,78.491,77.601,76.768,76.0,75.313,74.721,74.241,73.892,73.69,73.649,73.777,74.071,74.515,75.078,75.715,76.37,76.986,77.509,77.887
42240.0,85.87,84.697,83.572,82.487,81.439,80.426,79.45,78.514,77.625,76.791,76.023,75.334,74.74,74.258,73.906,73.702,73.659,73.784,74.075,74.517,75.079,75.715,76.369,76.984,77.507,77.886
42300.0,85.881,84.712,83.59,82.507,81.46,80.449,79.473,78.538,77.649,76.814,76.045,75.355,74.759,74.275,73.921,73.714,73.668,73.791,74.08,74.52,75.08,75.714,76.368,76.983,77.506,77.884
42360.0,85.893,84.727,83.607,82.526,81.481,80.471,79.496,78.561,77.672,76.837,76.067,75.375,74.778,74.292,73.936,73.726,73.678,73.798,74.084,74.522,75.08,75.714,76.367,76.982,77.505,77.883
42420.0,85.904,84.741,83.623,82.545,81.502,80.493,79.519,78.585,77.695,76.86,76.089,75.396,74.797,74.309,73.951,73.739,73.687,73.804,74.089,74.524,75.081,75.713,76.366,76.981,77.504,77.882
42480.0,85.914,84.754,83.64,82.564,81.522,80.514,79.542,78.608,77.718,76.882,76.111,75.417,74.816,74.326,73.965,73.751,73.697,73.811,74.093,74.527,75.082,75.713,76.365,76.979,77.502,77.881
42540.0,85.925,84.768,83.656,82.582,81.542,80.536,79.564,78.631,77.741,76.905,76.133,75.437,74.835,74.343,73.98,73.763,73.706,73.818,74.098,74.529,75.082,75.712,76.364,76.978,77.501,77.88
42600.0,85.935,84.781,83.672,82.6,81.562,80.557,79.586,78.653,77.764,76.928,76.154,75.458,74.854,74.36,73.995,73.775,73.716,73.825,74.102,74.531,75.083,75.712,76.363,76.977,77.5,77.878
42660.0,85.944,84.794,83.687,82.618,81.582,80.578,79.608,78.676,77.787,76.95,76.176,75.478,74.873,74.377,74.01,73.788,73.726,73.832,74.107,74.534,75.084,75.712,76.362,76.976,77.499,77.877
42720.0,85.953,84.806,83.702,82.635,81.601,80.599,79.63,78.698,77.81,76.972,76.198,75.499,74.892,74.394,74.024,73.8,73.735,73.84,74.111,74.536,75.085,75.711,76.361,76.974,77.498,77.876
42780.0,85.962,84.818,83.717,82.653,81.621,80.62,79.652,78.721,77.832,76.995,76.219,75.519,74.911,74.411,74.039,73.812,73.745,73.847,74.116,74.539,75.085,75.711,76.36,76.973,77.496,77.875
42840.0,85.97,84.83,83.732,82.67,81.639,80.64,79.674,78.743,77.854,77.017,76.241,75.54,74.93,74.428,74.054,73.824,73.755,73.854,74.121,74.541,75.086,75.71,76.359,76.972,77.495,77.873
42900.0,85.978,84.841,83.746,82.686,81.658,80.661,79.695,78.765,77.877,77.039,76.262,75.56,74.949,74.445,74.069,73.837,73.764,73.861,74.125,74.544,75.087,75.71,76.358,76.971,77.494,77.872
42960.0,85.986,84.852,83.76,82.703,81.677,80.681,79.716,78.787,77.899,77.061,76.283,75.58,74.967,74.462,74.083,73.849,73.774,73.868,74.13,74.546,75.088,75.71,76.357,76.969,77.493,77.871
43020.0,85.993,84.863,83.774,82.719,81.695,80.7,79.737,78.809,77.921,77.083,76.305,75.6,74.986,74.479,74.098,73.861,73.784,73.875,74.135,74.549,75.089,75.709,76.356,76.968,77.491,77.87
43080.0,86.0,84.873,83.787,82.735,81.713,80.72,79.758,78.83,77.943,77.104,76.326,75.621,75.005,74.496,74.113,73.874,73.794,73.882,74.139,74.551,75.089,75.709,76.355,76.967,77.49,77.869
43140.0,86.006,84.883,83.8,82.75,81.731,80.74,79.779,78.852,77.964,77.126,76.347,75.641,75.023,74.513,74.127,73.886,73.803,73.889,74.144,74.554,75.09,75.709,76.354,76.966,77.489,77.867
43200.0,86.012,84.893,83.813,82.766,81.748,80.759,79.799,78.873,77.986,77.147,76.368,75.661,75.042,74.53,74.142,73.898,73.813,73.897,74.149,74.557,75.091,75.708,76.353,76.964,77.488,77.866
43260.0,86.018,84.902,83.825,82.781,81.765,80.778,79.819,78.894,78.008,77.169,76.389,75.681,75.06,74.546,74.157,73.91,73.823,73.904,74.153,74.559,75.092,75.708,76.352,76.963,77.486,77.865
43320.0,86.023,84.911,83.837,82.796,81.782,80.796,79.839,78.915,78.029,77.19,76.409,75.7,75.079,74.563,74.171,73.923,73.833,73.911,74.158,74.562,75.093,75.708,76.351,76.962,77.485,77.864
43380.0,86.028,84.919,83.849,82.81,81.799,80.815,79.859,78.936,78.05,77.211,76.43,75.72,75.097,74.58,74.186,73.935,73.842,73.918,74.163,74.564,75.094,75.707,76.35,76.961,77.484,77.862
43440.0,86.033,84.928,83.86,82.824,81.815,80.833,79.879,78.956,78.071,77.232,76.451,75.74,75.116,74.596,74.201,73.947,73.852,73.925,74.168,74.567,75.095,75.707,76.349,76.96,77.483,77.861
43500.0,86.037,84.936,83.872,82.838,81.832,80.851,79.898,78.977,78.092,77.253,76.471,75.76,75.134,74.613,74.215,73.96,73.862,73.933,74.173,74.57,75.096,75.707,76.348,76.958,77.482,77.86
43560.0,86.041,84.943,83.882,82.852,81.848,80.869,79.918,78.997,78.113,77.274,76.492,75.779,75.153,74.63,74.23,73.972,73.872,73.94,74.178,74.572,75.097,75.707,76.347,76.957,77.48,77.859
43620.0,86.044,84.95,83.893,82.865,81.863,80.887,79.937,79.017,78.134,77.295,76.512,75.799,75.171,74.646,74.245,73.984,73.881,73.947,74.182,74.575,75.098,75.706,76.346,76.956,77.479,77.857
43680.0,86.047,84.957,83.903,82.878,81.879,80.904,79.956,79.037,78.154,77.316,76.533,75.818,75.189,74.663,74.259,73.996,73.891,73.954,74.187,74.578,75.099,75.706,76.345,76.955,77.478,77.856
43740.0,86.05,84.964,83.913,82.891,81.894,80.922,79.975,79.057,78.175,77.336,76.553,75.838,75.207,74.68,74.274,74.009,73.901,73.962,74.192,74.581,75.1,75.706,76.344,76.954,77.477,77.855
43800.0,86.052,84.97,83.922,82.903,81.909,80.938,79.993,79.077,78.195,77.357,76.573,75.857,75.226,74.696,74.288,74.021,73.911,73.969,74.197,74.583,75.101,75.706,76.343,76.952,77.475,77.854
43860.0,86.054,84.975,83.932,82.916,81.924,80.955,80.011,79.096,78.215,77.377,76.593,75.877,75.244,74.713,74.303,74.033,73.921,73.976,74.202,74.586,75.102,75.706,76.342,76.951,77.474,77.852
43920.0,86.055,84.981,83.941,82.928,81.938,80.972,80.03,79.115,78.235,77.397,76.613,75.896,75.262,74.729,74.317,74.046,73.931,73.984,74.207,74.589,75.103,75.705,76.341,76.95,77.473,77.851
43980.0,86.056,84.986,83.949,82.939,81.952,80.988,80.048,79.134,78.255,77.417,76.633,75.915,75.28,74.746,74.332,74.058,73.941,73.991,74.212,74.592,75.104,75.705,76.34,76.949,77.472,77.85
44040.0,86.057,84.991,83.957,82.951,81.966,81.004,80.065,79.153,78.275,77.437,76.653,75.934,75.298,74.762,74.346,74.07,73.95,73.999,74.217,74.595,75.105,75.705,76.339,76.948,77.47,77.849
44100.0,86.057,84.995,83.965,82.962,81.98,81.02,80.083,79.172,78.294,77.457,76.672,75.953,75.316,74.778,74.361,74.082,73.96,74.006,74.222,74.598,75.106,75.705,76.339,76.946,77.469,77.848
44160.0,86.057,84.999,83.973,82.972,81.994,81.036,80.1,79.191,78.314,77.477,76.692,75.972,75.334,74.795,74.375,74.095,73.97,74.013,74.227,74.6,75.107,75.705,76.338,76.945,77.468,77.846
44220.0,86.056,85.003,83.98,82.983,82.007,81.051,80.117,79.209,78.333,77.497,76.711,75.991,75.351,74.811,74.39,74.107,73.98,74.021,74.232,74.603,75.108,75.705,76.337,76.944,77.467,77.845
44280.0,86.055,85.006,83.987,82.993,82.02,81.066,80.134,79.228,78.352,77.516,76.731,76.01,75.369,74.827,74.404,74.119,73.99,74.028,74.237,74.606,75.11,75.705,76.336,76.943,77.466,77.844
44340.0,86.054,85.009,83.994,83.003,82.032,81.081,80.151,79.246,78.371,77.536,76.75,76.029,75.387,74.844,74.419,74.132,74.0,74.036,74.242,74.609,75.111,75.704,76.335,76.942,77.464,77.843
44400.0,86.052,85.011,84.0,83.013,82.045,81.096,80.168,79.264,78.39,77.555,76.769,76.047,75.405,74.86,74.433,74.144,74.01,74.043,74.247,74.612,75.112,75.704,76.334,76.941,77.463,77.841
44460.0,86.05,85.014,84.006,83.022,82.057,81.11,80.184,79.281,78.409,77.574,76.788,76.066,75.422,74.876,74.447,74.156,74.02,74.051,74.252,74.615,75.113,75.704,76.333,76.939,77.462,77.84
44520.0,86.048,85.015,84.012,83.031,82.069,81.125,80.2,79.299,78.427,77.593,76.808,76.084,75.44,74.892,74.462,74.168,74.03,74.058,74.257,74.618,75.114,75.704,76.333,76.938,77.461,77.839
44580.0,86.045,85.017,84.017,83.04,82.08,81.139,80.216,79.317,78.446,77.612,76.826,76.103,75.457,74.908,74.476,74.181,74.039,74.066,74.263,74.621,75.115,75.704,76.332,76.937,77.459,77.838
44640.0,86.042,85.018,84.022,83.048,82.092,81.153,80.232,79.334,78.464,77.631,76.845,76.121,75.475,74.925,74.491,74.193,74.049,74.073,74.268,74.624,75.117,75.704,76.331,76.936,77.458,77.836
44700.0,86.038,85.019,84.027,83.056,82.103,81.166,80.248,79.351,78.482,77.649,76.864,76.14,75.492,74.941,74.505,74.205,74.059,74.081,74.273,74.627,75.118,75.704,76.33,76.935,77.457,77.835
44760.0,86.034,85.019,84.032,83.064,82.114,81.179,80.263,79.368,78.5,77.668,76.883,76.158,75.51,74.957,74.519,74.217,74.069,74.088,74.278,74.63,75.119,75.704,76.329,76.934,77.456,77.834
44820.0,86.03,85.019,84.036,83.072,82.124,81.193,80.278,79.385,78.518,77.686,76.901,76.176,75.527,74.973,74.533,74.23,74.079,74.096,74.283,74.633,75.121,75.704,76.329,76.933,77.455,77.833
44880.0,86.025,85.019,84.039,83.079,82.135,81.205,80.293,79.401,78.536,77.705,76.92,76.194,75.544,74.989,74.548,74.242,74.089,74.103,74.288,74.636,75.122,75.704,76.328,76.931,77.453,77.831
44940.0,86.02,85.018,84.043,83.086,82.145,81.218,80.308,79.417,78.553,77.723,76.938,76.212,75.561,75.005,74.562,74.254,74.099,74.111,74.294,74.639,75.123,75.704,76.327,76.93,77.452,77.83
45000.0,86.014,85.017,84.046,83.093,82.154,81.23,80.322,79.434,78.57,77.741,76.956,76.23,75.579,75.02,74.576,74.266,74.109,74.118,74.299,74.642,75.124,75.704,76.326,76.929,77.451,77.829
45060.0,86.008,85.016,84.049,83.099,82.164,81.243,80.337,79.45,78.588,77.759,76.975,76.248,75.596,75.036,74.59,74.278,74.119,74.126,74.304,74.645,75.126,75.704,76.325,76.928,77.45,77.828
45120.0,86.002,85.014,84.051,83.105,82.173,81.254,80.351,79.466,78.605,77.777,76.993,76.266,75.613,75.052,74.605,74.291,74.129,74.134,74.309,74.649,75.127,75.704,76.325,76.927,77.448,77.826
45180.0,85.995,85.012,84.053,83.111,82.182,81.266,80.365,79.481,78.622,77.795,77.011,76.283,75.63,75.068,74.619,74.303,74.139,74.141,74.315,74.652,75.128,75.704,76.324,76.926,77.447,77.825
45240.0,85.988,85.01,84.055,83.116,82.191,81.278,80.378,79.497,78.639,77.812,77.028,76.301,75.647,75.084,74.633,74.315,74.149,74.149,74.32,74.655,75.13,75.704,76.323,76.925,77.446,77.824
45300.0,85.98,85.007,84.057,83.122,82.199,81.289,80.392,79.512,78.655,77.83,77.046,76.319,75.663,75.099,74.647,74.327,74.159,74.156,74.325,74.658,75.131,75.704,76.322,76.924,77.445,77.823
45360.0,85.972,85.004,84.058,83.127,82.207,81.3,80.405,79.527,78.672,77.847,77.064,76.336,75.68,75.115,74.661,74.339,74.169,74.164,74.331,74.661,75.133,75.704,76.322,76.922,77.444,77.821
45420.0,85.964,85.0,84.059,83.131,82.215,81.311,80.418,79.542,78.688,77.864,77.081,76.354,75.697,75.131,74.675,74.351,74.179,74.172,74.336,74.664,75.134,75.704,76.321,76.921,77.442,77.82
45480.0,85.955,84.997,84.059,83.135,82.223,81.321,80.431,79.557,78.704,77.881,77.099,76.371,75.714,75.146,74.689,74.364,74.189,74.179,74.341,74.668,75.136,75.705,76.32,76.92,77.441,77.819
45540.0,85.946,84.992,84.059,83.139,82.23,81.331,80.444,79.572,78.72,77.898,77.116,76.388,75.73,75.162,74.703,74.376,74.199,74.187,74.347,74.671,75.137,75.705,76.32,76.919,77.44,77.818
45600.0,85.937,84.988,84.059,83.143,82.238,81.341,80.456,79.586,78.736,77.915,77.133,76.405,75.747,75.177,74.717,74.388,74.209,74.195,74.352,74.674,75.138,75.705,76.319,76.918,77.439,77.816
45660.0,85.927,84.983,84.058,83.147,82.244,81.351,80.469,79.6,78.752,77.932,77.151,76.422,75.763,75.193,74.731,74.4,74.219,74.202,74.357,74.677,75.14,75.705,76.318,76.917,77.438,77.815
45720.0,85.916,84.978,84.058,83.15,82.251,81.361,80.481,79.614,78.767,77.948,77.168,76.439,75.78,75.208,74.745,74.412,74.229,74.21,74.363,74.681,75.141,75.705,76.317,76.916,77.436,77.814
45780.0,85.906,84.972,84.056,83.153,82.257,81.37,80.492,79.628,78.783,77.964,77.184,76.456,75.796,75.224,74.759,74.424,74.239,74.218,74.368,74.684,75.143,75.705,76.317,76.915,77.435,77.813
45840.0,85.895,84.966,84.055,83.155,82.263,81.379,80.504,79.642,78.798,77.981,77.201,76.473,75.813,75.239,74.773,74.436,74.249,74.226,74.374,74.687,75.144,75.705,76.316,76.914,77.434,77.811
45900.0,85.883,84.959,84.053,83.157,82.269,81.388,80.515,79.655,78.813,77.997,77.218,76.49,75.829,75.254,74.787,74.448,74.259,74.233,74.379,74.691,75.146,75.706,76.315,76.913,77.433,77.81
45960.0,85.871,84.953,84.051,83.159,82.275,81.397,80.527,79.669,78.828,78.013,77.235,76.507,75.845,75.27,74.801,74.46,74.269,74.241,74.385,74.694,75.148,75.706,76.315,76.912,77.432,77.809
46020.0,85.859,84.946,84.049,83.161,82.28,81.405,80.538,79.682,78.843,78.029,77.251,76.523,75.861,75.285,74.815,74.473,74.279,74.249,74.39,74.697,75.149,75.706,76.314,76.91,77.43,77.808
46080.0,85.846,84.938,84.046,83.162,82.285,81.413,80.548,79.695,78.857,78.045,77.268,76.54,75.877,75.3,74.828,74.485,74.289,74.256,74.396,74.701,75.151,75.706,76.313,76.909,77.429,77.806
46140.0,85.833,84.93,84.043,83.163,82.289,81.421,80.559,79.707,78.872,78.06,77.284,76.556,75.893,75.315,74.842,74.497,74.299,74.264,74.401,74.704,75.152,75.706,76.313,76.908,77.428,77.805
46200.0,85.82,84.922,84.039,83.164,82.294,81.428,80.569,79.72,78.886,78.076,77.3,76.572,75.909,75.33,74.856,74.509,74.309,74.272,74.407,74.708,75.154,75.707,76.312,76.907,77.427,77.804
46260.0,85.806,84.913,84.035,83.164,82.298,81.436,80.579,79.732,78.9,78.091,77.316,76.589,75.925,75.345,74.87,74.521,74.319,74.28,74.412,74.711,75.155,75.707,76.312,76.906,77.426,77.803
46320.0,85.792,84.905,84.031,83.164,82.302,81.443,80.589,79.744,78.914,78.106,77.332,76.605,75.941,75.36,74.883,74.533,74.329,74.288,74.418,74.714,75.157,75.707,76.311,76.905,77.424,77.801
46380.0,85.778,84.896,84.027,83.164,82.305,81.45,80.599,79.756,78.928,78.121,77.348,76.621,75.957,75.375,74.897,74.545,74.339,74.295,74.423,74.718,75.159,75.707,76.31,76.904,77.423,77.8
46440.0,85.764,84.886,84.022,83.164,82.309,81.456,80.608,79.768,78.941,78.136,77.364,76.637,75.973,75.39,74.911,74.557,74.349,74.303,74.429,74.721,75.16,75.708,76.31,76.903,77.422,77.799
46500.0,85.749,84.877,84.017,83.163,82.312,81.463,80.618,79.78,78.955,78.151,77.379,76.653,75.988,75.405,74.924,74.569,74.358,74.311,74.434,74.725,75.162,75.708,76.309,76.902,77.421,77.798
46560.0,85.734,84.867,84.012,83.162,82.315,81.469,80.627,79.791,78.968,78.166,77.395,76.669,76.004,75.42,74.938,74.581,74.368,74.319,74.44,74.728,75.164,75.708,76.309,76.901,77.42,77.796
46620.0,85.718,84.857,84.007,83.161,82.317,81.475,80.636,79.802,78.981,78.18,77.41,76.684,76.019,75.435,74.952,74.592,74.378,74.326,74.445,74.732,75.165,75.709,76.308,76.9,77.418,77.795
46680.0,85.703,84.846,84.001,83.16,82.32,81.481,80.644,79.814,78.994,78.195,77.425,76.7,76.035,75.449,74.965,74.604,74.388,74.334,74.451,74.735,75.167,75.709,76.307,76.899,77.417,77.794
46740.0,85.687,84.836,83.995,83.158,82.322,81.486,80.653,79.824,79.007,78.209,77.441,76.715,76.05,75.464,74.979,74.616,74.398,74.342,74.457,74.739,75.169,75.709,76.307,76.898,77.416,77.793
46800.0,85.67,84.824,83.989,83.156,82.324,81.492,80.661,79.835,79.02,78.223,77.456,76.731,76.065,75.479,74.992,74.628,74.408,74.35,74.462,74.742,75.171,75.71,76.306,76.897,77.415,77.791
46860.0,85.653,84.813,83.982,83.154,82.325,81.497,80.669,79.846,79.032,78.237,77.471,76.746,76.081,75.493,75.005,74.64,74.418,74.358,74.468,74.746,75.172,75.71,76.306,76.896,77.414,77.79
46920.0,85.636,84.801,83.975,83.151,82.327,81.501,80.677,79.856,79.045,78.251,77.485,76.761,76.096,75.508,75.019,74.652,74.428,74.366,74.474,74.749,75.174,75.71,76.305,76.895,77.412,77.789
46980.0,85.619,84.789,83.968,83.148,82.328,81.506,80.684,79.866,79.057,78.265,77.5,76.777,76.111,75.522,75.032,74.664,74.438,74.373,74.479,74.753,75.176,75.711,76.305,76.894,77.411,77.788
47040.0,85.601,84.777,83.96,83.145,82.329,81.51,80.692,79.876,79.069,78.278,77.515,76.792,76.126,75.537,75.046,74.676,74.448,74.381,74.485,74.757,75.178,75.711,76.304,76.893,77.41,77.786
47100.0,85.582,84.764,83.953,83.142,82.329,81.515,80.699,79.886,79.081,78.292,77.529,76.807,76.141,75.551,75.059,74.687,74.458,74.389,74.491,74.76,75.179,75.712,76.304,76.892,77.409,77.785
47160.0,85.564,84.751,83.945,83.138,82.33,81.518,80.706,79.895,79.092,78.305,77.543,76.822,76.156,75.565,75.072,74.699,74.468,74.397,74.496,74.764,75.181,75.712,76.303,76.891,77.408,77.784
47220.0,85.545,84.737,83.936,83.134,82.33,81.522,80.713,79.905,79.104,78.318,77.558,76.836,76.171,75.58,75.085,74.711,74.478,74.405,74.502,74.767,75.183,75.712,76.303,76.89,77.406,77.783
47280.0,85.526,84.723,83.927,83.13,82.33,81.526,80.719,79.914,79.115,78.331,77.572,76.851,76.185,75.594,75.099,74.723,74.488,74.413,74.508,74.771,75.185,75.713,76.302,76.889,77.405,77.781
47340.0,85.506,84.709,83.918,83.126,82.329,81.529,80.726,79.923,79.126,78.344,77.586,76.866,76.2,75.608,75.112,74.734,74.498,74.421,74.513,74.775,75.187,75.713,76.302,76.888,77.404,77.78
47400.0,85.486,84.695,83.909,83.121,82.329,81.532,80.732,79.932,79.138,78.357,77.6,76.88,76.215,75.622,75.125,74.746,74.508,74.428,74.519,74.778,75.189,75.714,76.301,76.887,77.403,77.779
47460.0,85.465,84.68,83.899,83.116,82.328,81.535,80.738,79.94,79.148,78.369,77.614,76.895,76.229,75.636,75.138,74.758,74.518,74.436,74.525,74.782,75.19,75.714,76.301,76.886,77.402,77.778
47520.0,85.444,84.665,83.889,83.111,82.327,81.537,80.743,79.949,79.159,78.382,77.627,76.909,76.244,75.65,75.151,74.769,74.527,74.444,74.531,74.786,75.192,75.715,76.3,76.885,77.401,77.777
47580.0,85.423,84.649,83.879,83.105,82.325,81.539,80.749,79.957,79.17,78.394,77.641,76.923,76.258,75.664,75.164,74.781,74.537,74.452,74.536,74.789,75.194,75.715,76.3,76.884,77.399,77.775
47640.0,85.402,84.634,83.868,83.099,82.323,81.541,80.754,79.965,79.18,78.406,77.654,76.937,76.272,75.678,75.177,74.793,74.547,74.46,74.542,74.793,75.196,75.716,76.299,76.883,77.398,77.774
47700.0,85.38,84.617,83.857,83.093,82.322,81.543,80.759,79.973,79.19,78.418,77.668,76.951,76.286,75.692,75.19,74.804,74.557,74.468,74.548,74.797,75.198,75.716,76.299,76.882,77.397,77.773
47760.0,85.357,84.601,83.846,83.086,82.319,81.545,80.764,79.981,79.2,78.43,77.681,76.965,76.301,75.706,75.203,74.816,74.567,74.476,74.554,74.801,75.2,75.717,76.298,76.881,77.396,77.772
47820.0,85.335,84.584,83.835,83.08,82.317,81.546,80.769,79.989,79.21,78.442,77.694,76.979,76.315,75.72,75.216,74.828,74.577,74.484,74.559,74.804,75.202,75.717,76.298,76.88,77.395,77.77
47880.0,85.312,84.567,83.823,83.073,82.314,81.547,80.773,79.996,79.22,78.454,77.707,76.993,76.329,75.733,75.229,74.839,74.587,74.492,74.565,74.808,75.204,75.718,76.298,76.879,77.394,77.769
47940.0,85.288,84.549,83.811,83.065,82.311,81.548,80.778,80.003,79.23,78.465,77.72,77.007,76.343,75.747,75.242,74.851,74.597,74.499,74.571,74.812,75.206,75.718,76.297,76.878,77.393,77.768
48000.0,85.265,84.532,83.798,83.058,82.308,81.549,80.782,80.01,79.239,78.477,77.733,77.02,76.357,75.761,75.255,74.862,74.607,74.507,74.577,74.816,75.208,75.719,76.297,76.877,77.391,77.767
48060.0,85.241,84.514,83.786,83.05,82.304,81.549,80.786,80.017,79.248,78.488,77.745,77.034,76.37,75.774,75.268,74.874,74.617,74.515,74.583,74.82,75.21,75.72,76.296,76.876,77.39,77.766
48120.0,85.217,84.496,83.773,83.042,82.301,81.549,80.789,80.024,79.258,78.499,77.758,77.047,76.384,75.788,75.28,74.885,74.626,74.523,74.589,74.824,75.212,75.72,76.296,76.876,77.389,77.765
48180.0,85.193,84.477,83.759,83.033,82.297,81.549,80.793,80.03,79.267,78.51,77.77,77.061,76.398,75.801,75.293,74.897,74.636,74.531,74.595,74.828,75.214,75.721,76.296,76.875,77.388,77.763
48240.0,85.168,84.458,83.746,83.025,82.293,81.549,80.796,80.036,79.275,78.521,77.782,77.074,76.411,75.815,75.306,74.908,74.646,74.539,74.601,74.831,75.216,75.722,76.296,76.874,77.387,77.762
48300.0,85.143,84.439,83.732,83.016,82.288,81.549,80.799,80.042,79.284,78.531,77.795,77.087,76.425,75.828,75.318,74.92,74.656,74.547,74.607,74.835,75.219,75.722,76.295,76.873,77.386,77.761
48360.0,85.118,84.42,83.718,83.007,82.283,81.548,80.802,80.048,79.292,78.542,77.807,77.1,76.438,75.841,75.331,74.931,74.666,74.555,74.613,74.839,75.221,75.723,76.295,76.872,77.385,77.76
48420.0,85.092,84.4,83.704,82.997,82.278,81.547,80.804,80.054,79.301,78.552,77.819,77.113,76.452,75.855,75.344,74.943,74.676,74.563,74.618,74.843,75.223,75.724,76.295,76.871,77.384,77.759
48480.0,85.066,84.38,83.689,82.988,82.273,81.546,80.807,80.059,79.309,78.562,77.83,77.126,76.465,75.868,75.356,74.954,74.686,74.571,74.624,74.847,75.225,75.724,76.294,76.871,77.383,77.758
48540.0,85.04,84.36,83.674,82.978,82.268,81.544,80.809,80.065,79.317,78.573,77.842,77.139,76.478,75.881,75.369,74.965,74.695,74.579,74.63,74.851,75.227,75.725,76.294,76.87,77.382,77.756
48600.0,85.013,84.339,83.659,82.968,82.262,81.543,80.811,80.07,79.325,78.582,77.854,77.151,76.491,75.894,75.381,74.977,74.705,74.587,74.636,74.855,75.229,75.726,76.294,76.869,77.381,77.755
48660.0,84.987,84.318,83.644,82.957,82.256,81.541,80.813,80.075,79.332,78.592,77.865,77.164,76.505,75.907,75.393,74.988,74.715,74.595,74.642,74.859,75.232,75.727,76.294,76.868,77.38,77.754
48720.0,84.961,84.297,83.628,82.947,82.25,81.539,80.814,80.08,79.34,78.602,77.876,77.176,76.518,75.92,75.406,74.999,74.725,74.603,74.648,74.863,75.234,75.727,76.293,76.867,77.379,77.753
48780.0,84.934,84.276,83.613,82.936,82.244,81.537,80.816,80.084,79.347,78.611,77.888,77.189,76.53,75.933,75.418,75.011,74.734,74.611,74.654,74.867,75.236,75.728,76.293,76.866,77.377,77.752
48840.0,84.907,84.255,83.597,82.925,82.237,81.534,80.817,80.089,79.354,78.621,77.899,77.201,76.543,75.946,75.43,75.022,74.744,74.619,74.66,74.871,75.238,75.729,76.293,76.866,77.376,77.751
48900.0,84.88,84.234,83.581,82.914,82.231,81.532,80.818,80.093,79.361,78.63,77.91,77.213,76.556,75.958,75.443,75.033,74.754,74.627,74.666,74.875,75.24,75.73,76.293,76.865,77.375,77.75
48960.0,84.852,84.212,83.564,82.902,82.224,81.529,80.819,80.097,79.368,78.639,77.921,77.225,76.569,75.971,75.455,75.044,74.764,74.635,74.672,74.879,75.243,75.731,76.292,76.864,77.374,77.748
49020.0,84.824,84.19,83.548,82.89,82.216,81.526,80.82,80.101,79.375,78.648,77.931,77.237,76.581,75.984,75.467,75.055,74.773,74.643,74.678,74.883,75.245,75.731,76.292,76.863,77.373,77.747
49080.0,84.796,84.168,83.531,82.879,82.209,81.522,80.82,80.105,79.381,78.657,77.942,77.249,76.594,75.996,75.479,75.067,74.783,74.651,74.684,74.887,75.247,75.732,76.292,76.862,77.372,77.746
49140.0,84.768,84.145,83.514,82.866,82.202,81.519,80.82,80.108,79.388,78.666,77.952,77.26,76.606,76.009,75.491,75.078,74.793,74.659,74.69,74.891,75.249,75.733,76.292,76.862,77.371,77.745
49200.0,84.739,84.122,83.496,82.854,82.194,81.515,80.82,80.111,79.394,78.674,77.963,77.272,76.618,76.021,75.503,75.089,74.803,74.667,74.696,74.895,75.252,75.734,76.292,76.861,77.37,77.744
49260.0,84.71,84.099,83.479,82.841,82.186,81.512,80.82,80.115,79.4,78.683,77.973,77.284,76.631,76.034,75.515,75.1,74.812,74.675,74.702,74.899,75.254,75.735,76.291,76.86,77.369,77.743
49320.0,84.681,84.076,83.461,82.829,82.177,81.507,80.82,80.118,79.406,78.691,77.983,77.295,76.643,76.046,75.527,75.111,74.822,74.683,74.708,74.904,75.256,75.736,76.291,76.859,77.368,77.742
49380.0,84.651,84.052,83.443,82.816,82.169,81.503,80.819,80.121,79.411,78.699,77.993,77.306,76.655,76.058,75.539,75.122,74.832,74.69,74.714,74.908,75.259,75.736,76.291,76.858,77.367,77.74
49440.0,84.621,84.028,83.424,82.802,82.16,81.499,80.819,80.123,79.417,78.707,78.003,77.318,76.667,76.071,75.551,75.133,74.841,74.698,74.72,74.912,75.261,75.737,76.291,76.858,77.366,77.739
49500.0,84.591,84.004,83.406,82.789,82.151,81.494,80.818,80.126,79.422,78.715,78.013,77.329,76.679,76.083,75.563,75.144,74.851,74.706,74.726,74.916,75.263,75.738,76.291,76.857,77.365,77.738
49560.0,84.56,83.98,83.387,82.775,82.142,81.489,80.817,80.128,79.428,78.722,78.022,77.34,76.691,76.095,75.575,75.155,74.86,74.714,74.732,74.92,75.266,75.739,76.291,76.856,77.364,77.737
49620.0,84.529,83.955,83.368,82.761,82.133,81.484,80.816,80.13,79.433,78.73,78.032,77.351,76.703,76.107,75.586,75.166,74.87,74.722,74.739,74.924,75.268,75.74,76.29,76.855,77.363,77.736
49680.0,84.498,83.93,83.348,82.747,82.123,81.479,80.814,80.132,79.438,78.737,78.041,77.361,76.714,76.119,75.598,75.177,74.88,74.73,74.745,74.928,75.27,75.741,76.29,76.855,77.362,77.735
49740.0,84.466,83.904,83.329,82.732,82.114,81.473,80.812,80.134,79.442,78.745,78.05,77.372,76.726,76.131,75.61,75.187,74.889,74.738,74.751,74.932,75.273,75.742,76.29,76.854,77.361,77.734
49800.0,84.435,83.879,83.309,82.717,82.104,81.468,80.811,80.136,79.447,78.752,78.06,77.383,76.737,76.143,75.621,75.198,74.899,74.746,74.757,74.937,75.275,75.743,76.29,76.853,77.36,77.733
49860.0,84.402,83.853,83.288,82.702,82.093,81.462,80.809,80.137,79.452,78.759,78.069,77.393,76.749,76.154,75.633,75.209,74.908,74.754,74.763,74.941,75.278,75.744,76.29,76.852,77.359,77.731
49920.0,84.37,83.827,83.268,82.687,82.083,81.456,80.806,80.138,79.456,78.766,78.078,77.404,76.76,76.166,75.644,75.22,74.918,74.762,74.769,74.945,75.28,75.745,76.29,76.852,77.358,77.73
49980.0,84.337,83.8,83.247,82.671,82.072,81.449,80.804,80.139,79.46,78.773,78.086,77.414,76.771,76.178,75.656,75.23,74.927,74.77,74.775,74.949,75.282,75.746,76.29,76.851,77.357,77.729
50040.0,84.304,83.773,83.226,82.656,82.061,81.443,80.801,80.14,79.464,78.779,78.095,77.424,76.783,76.189,75.667,75.241,74.937,74.778,74.781,74.953,75.285,75.747,76.29,76.85,77.356,77.728
50100.0,84.27,83.746,83.204,82.64,82.05,81.436,80.799,80.141,79.468,78.786,78.104,77.434,76.794,76.201,75.679,75.252,74.946,74.786,74.787,74.958,75.287,75.747,76.29,76.85,77.355,77.727
50160.0,84.237,83.718,83.183,82.623,82.039,81.429,80.796,80.142,79.472,78.792,78.112,77.444,76.805,76.212,75.69,75.262,74.956,74.793,74.793,74.962,75.29,75.748,76.29,76.849,77.354,77.726
50220.0,84.202,83.691,83.161,82.607,82.027,81.422,80.793,80.142,79.475,78.798,78.12,77.454,76.816,76.224,75.701,75.273,74.965,74.801,74.799,74.966,75.292,75.749,76.289,76.848,77.353,77.725
50280.0,84.168,83.662,83.139,82.59,82.015,81.414,80.789,80.142,79.478,78.804,78.129,77.464,76.827,76.235,75.712,75.284,74.975,74.809,74.805,74.97,75.295,75.75,76.289,76.847,77.351,77.724
50340.0,84.133,83.634,83.116,82.573,82.003,81.407,80.786,80.142,79.482,78.81,78.137,77.474,76.837,76.246,75.724,75.294,74.984,74.817,74.811,74.974,75.297,75.752,76.289,76.847,77.35,77.722
50400.0,84.098,83.605,83.093,82.555,81.99,81.399,80.782,80.142,79.485,78.816,78.145,77.483,76.848,76.258,75.735,75.305,74.993,74.825,74.818,74.979,75.3,75.753,76.289,76.846,77.349,77.721
50460.0,84.062,83.576,83.07,82.538,81.978,81.391,80.778,80.142,79.488,78.821,78.152,77.493,76.859,76.269,75.746,75.315,75.003,74.833,74.824,74.983,75.302,75.754,76.289,76.845,77.348,77.72
50520.0,84.026,83.547,83.047,82.52,81.965,81.382,80.774,80.142,79.49,78.827,78.16,77.502,76.869,76.28,75.757,75.326,75.012,74.841,74.83,74.987,75.305,75.755,76.289,76.845,77.347,77.719
50580.0,83.99,83.517,83.023,82.502,81.952,81.374,80.769,80.141,79.493,78.832,78.168,77.512,76.88,76.291,75.768,75.336,75.021,74.849,74.836,74.991,75.307,75.756,76.289,76.844,77.346,77.718
50640.0,83.954,83.487,82.999,82.483,81.938,81.365,80.765,80.14,79.495,78.837,78.175,77.521,76.89,76.302,75.779,75.346,75.031,74.856,74.842,74.996,75.31,75.757,76.289,76.843,77.345,77.717
50700.0,83.917,83.457,82.975,82.465,81.925,81.356,80.76,80.139,79.498,78.842,78.183,77.53,76.9,76.313,75.79,75.357,75.04,74.864,74.848,75.0,75.312,75.758,76.289,76.843,77.344,77.716
50760.0,83.88,83.426,82.95,82.446,81.911,81.347,80.755,80.138,79.5,78.847,78.19,77.539,76.91,76.323,75.801,75.367,75.049,74.872,74.854,75.004,75.315,75.759,76.289,76.842,77.343,77.715
50820.0,83.842,83.395,82.926,82.426,81.897,81.338,80.75,80.136,79.502,78.852,78.197,77.548,76.921,76.334,75.811,75.377,75.059,74.88,74.86,75.009,75.317,75.76,76.289,76.841,77.342,77.714
50880.0,83.805,83.364,82.901,82.407,81.883,81.328,80.744,80.135,79.504,78.857,78.204,77.557,76.931,76.345,75.822,75.388,75.068,74.888,74.866,75.013,75.32,75.761,76.289,76.841,77.341,77.712
50940.0,83.767,83.333,82.875,82.387,81.868,81.318,80.739,80.133,79.505,78.861,78.211,77.565,76.941,76.356,75.833,75.398,75.077,74.895,74.873,75.017,75.323,75.762,76.289,76.84,77.34,77.711
51000.0,83.73,83.302,82.85,82.367,81.853,81.308,80.733,80.131,79.507,78.866,78.217,77.574,76.95,76.366,75.843,75.408,75.086,74.903,74.879,75.022,75.325,75.763,76.289,76.839,77.339,77.71
51060.0,83.692,83.27,82.824,82.347,81.838,81.298,80.727,80.129,79.508,78.87,78.224,77.582,76.96,76.377,75.854,75.418,75.095,74.911,74.885,75.026,75.328,75.764,76.289,76.839,77.338,77.709
51120.0,83.654,83.239,82.799,82.327,81.823,81.287,80.721,80.127,79.509,78.874,78.231,77.591,76.97,76.387,75.865,75.428,75.105,74.919,74.891,75.03,75.33,75.766,76.289,76.838,77.337,77.708
51180.0,83.615,83.207,82.773,82.306,81.808,81.277,80.715,80.124,79.51,78.878,78.237,77.599,76.979,76.397,75.875,75.438,75.114,74.927,74.897,75.035,75.333,75.767,76.289,76.837,77.337,77.707
51240.0,83.577,83.174,82.746,82.286,81.792,81.266,80.708,80.122,79.511,78.882,78.243,77.607,76.989,76.408,75.886,75.448,75.123,74.934,74.903,75.039,75.336,75.768,76.289,76.837,77.336,77.706
51300.0,83.538,83.142,82.72,82.265,81.776,81.255,80.701,80.119,79.512,78.885,78.249,77.615,76.998,76.418,75.896,75.458,75.132,74.942,74.909,75.043,75.338,75.769,76.289,76.836,77.335,77.705
51360.0,83.498,83.109,82.693,82.244,81.76,81.244,80.695,80.116,79.512,78.889,78.255,77.623,77.008,76.428,75.906,75.468,75.141,74.95,74.915,75.048,75.341,75.77,76.29,76.835,77.334,77.704
51420.0,83.459,83.076,82.666,82.222,81.744,81.232,80.687,80.113,79.512,78.892,78.261,77.631,77.017,76.438,75.917,75.478,75.15,74.958,74.922,75.052,75.344,75.771,76.29,76.835,77.333,77.703
51480.0,83.419,83.043,82.639,82.201,81.728,81.22,80.68,80.11,79.513,78.895,78.267,77.639,77.026,76.448,75.927,75.488,75.159,74.965,74.928,75.056,75.346,75.773,76.29,76.834,77.332,77.701
51540.0,83.379,83.009,82.611,82.179,81.711,81.209,80.673,80.106,79.513,78.899,78.273,77.646,77.035,76.458,75.937,75.498,75.168,74.973,74.934,75.061,75.349,75.774,76.29,76.834,77.331,77.7
51600.0,83.338,82.975,82.584,82.157,81.694,81.197,80.665,80.102,79.512,78.901,78.278,77.654,77.044,76.468,75.947,75.508,75.177,74.981,74.94,75.065,75.352,75.775,76.29,76.833,77.33,77.699
51660.0,83.298,82.941,82.556,82.135,81.677,81.184,80.657,80.099,79.512,78.904,78.283,77.661,77.053,76.478,75.957,75.518,75.186,74.989,74.946,75.069,75.354,75.776,76.29,76.832,77.329,77.698
51720.0,83.256,82.907,82.527,82.112,81.66,81.172,80.649,80.095,79.512,78.907,78.289,77.669,77.062,76.487,75.967,75.527,75.195,74.996,74.952,75.074,75.357,75.777,76.29,76.832,77.328,77.697
51780.0,83.215,82.872,82.499,82.089,81.642,81.159,80.641,80.09,79.511,78.909,78.294,77.676,77.071,76.497,75.977,75.537,75.204,75.004,74.958,75.078,75.36,75.779,76.29,76.831,77.327,77.696
51840.0,83.173,82.837,82.47,82.066,81.625,81.146,80.633,80.086,79.51,78.912,78.299,77.683,77.079,76.507,75.987,75.547,75.213,75.012,74.964,75.083,75.362,75.78,76.29,76.831,77.326,77.695
51900.0,83.131,82.802,82.441,82.043,81.607,81.133,80.624,80.082,79.51,78.914,78.304,77.69,77.088,76.516,75.997,75.557,75.222,75.019,74.971,75.087,75.365,75.781,76.29,76.83,77.325,77.694
51960.0,83.089,82.767,82.412,82.019,81.589,81.12,80.615,80.077,79.508,78.916,78.309,77.697,77.096,76.525,76.007,75.566,75.231,75.027,74.977,75.091,75.368,75.782,76.291,76.829,77.324,77.693
52020.0,83.047,82.731,82.382,81.996,81.57,81.107,80.606,80.072,79.507,78.918,78.313,77.704,77.105,76.535,76.017,75.576,75.24,75.035,74.983,75.096,75.371,75.784,76.291,76.829,77.323,77.692
52080.0,83.004,82.695,82.353,81.972,81.552,81.093,80.597,80.067,79.506,78.92,78.318,77.71,77.113,76.544,76.026,75.585,75.248,75.042,74.989,75.1,75.373,75.785,76.291,76.828,77.322,77.691
52140.0,82.96,82.658,82.322,81.947,81.533,81.079,80.588,80.062,79.504,78.922,78.322,77.717,77.121,76.553,76.036,75.595,75.257,75.05,74.995,75.105,75.376,75.786,76.291,76.828,77.321,77.69
52200.0,82.917,82.621,82.292,81.923,81.514,81.065,80.578,80.056,79.503,78.923,78.326,77.723,77.129,76.563,76.046,75.604,75.266,75.058,75.001,75.109,75.379,75.788,76.291,76.827,77.32,77.689
52260.0,82.873,82.584,82.261,81.898,81.494,81.051,80.569,80.051,79.501,78.925,78.331,77.73,77.137,76.572,76.055,75.614,75.275,75.065,75.007,75.114,75.382,75.789,76.291,76.827,77.319,77.687
52320.0,82.829,82.547,82.231,81.873,81.475,81.036,80.559,80.045,79.499,78.926,78.335,77.736,77.145,76.581,76.065,75.623,75.283,75.073,75.013,75.118,75.384,75.79,76.292,76.826,77.318,77.686
52380.0,82.784,82.51,82.199,81.848,81.455,81.021,80.549,80.039,79.497,78.927,78.339,77.742,77.153,76.59,76.074,75.632,75.292,75.08,75.019,75.123,75.387,75.792,76.292,76.825,77.317,77.685
52440.0,82.74,82.472,82.168,81.822,81.435,81.007,80.538,80.033,79.494,78.928,78.342,77.748,77.161,76.599,76.084,75.642,75.301,75.088,75.026,75.127,75.39,75.793,76.292,76.825,77.316,77.684
52500.0,82.696,82.434,82.136,81.797,81.415,80.991,80.528,80.027,79.492,78.929,78.346,77.754,77.169,76.607,76.093,75.651,75.31,75.095,75.032,75.131,75.393,75.794,76.292,76.824,77.315,77.683
52560.0,82.651,82.396,82.105,81.771,81.394,80.976,80.517,80.02,79.489,78.93,78.35,77.76,77.176,76.616,76.102,75.66,75.318,75.103,75.038,75.136,75.396,75.796,76.292,76.824,77.315,77.682
52620.0,82.607,82.358,82.073,81.745,81.374,80.961,80.506,80.014,79.487,78.93,78.353,77.766,77.184,76.625,76.111,75.669,75.327,75.111,75.044,75.14,75.398,75.797,76.293,76.823,77.314,77.681
52680.0,82.562,82.32,82.041,81.719,81.353,80.945,80.495,80.007,79.484,78.931,78.356,77.772,77.191,76.633,76.121,75.679,75.335,75.118,75.05,75.145,75.401,75.798,76.293,76.823,77.313,77.68
52740.0,82.518,82.282,82.009,81.692,81.332,80.929,80.484,80.0,79.481,78.931,78.359,77.777,77.198,76.642,76.13,75.688,75.344,75.126,75.056,75.149,75.404,75.8,76.293,76.822,77.312,77.679
52800.0,82.473,82.244,81.977,81.666,81.311,80.913,80.473,79.993,79.477,78.931,78.363,77.783,77.206,76.65,76.139,75.697,75.352,75.133,75.062,75.154,75.407,75.801,76.293,76.822,77.311,77.678
52860.0,82.427,82.205,81.944,81.639,81.29,80.897,80.461,79.986,79.474,78.931,78.366,77.788,77.213,76.659,76.148,75.706,75.361,75.141,75.068,75.158,75.41,75.802,76.294,76.821,77.31,77.677
52920.0,82.382,82.166,81.911,81.612,81.268,80.88,80.45,79.978,79.471,78.931,78.368,77.793,77.22,76.667,76.157,75.715,75.37,75.148,75.074,75.163,75.413,75.804,76.294,76.821,77.309,77.676
52980.0,82.336,82.127,81.879,81.585,81.247,80.864,80.438,79.971,79.467,78.931,78.371,77.798,77.227,76.675,76.166,75.724,75.378,75.156,75.081,75.167,75.416,75.805,76.294,76.82,77.308,77.675
53040.0,82.29,82.088,81.845,81.558,81.225,80.847,80.426,79.963,79.463,78.931,78.374,77.804,77.234,76.684,76.175,75.733,75.387,75.163,75.087,75.172,75.419,75.807,76.295,76.82,77.308,77.674
53100.0,82.244,82.048,81.812,81.53,81.203,80.83,80.413,79.955,79.459,78.93,78.376,77.808,77.241,76.692,76.184,75.742,75.395,75.171,75.093,75.177,75.422,75.808,76.295,76.82,77.307,77.673
53160.0,82.197,82.008,81.779,81.503,81.18,80.813,80.401,79.947,79.455,78.93,78.379,77.813,77.248,76.7,76.192,75.751,75.403,75.178,75.099,75.181,75.425,75.81,76.295,76.819,77.306,77.672
53220.0,82.15,81.968,81.745,81.475,81.158,80.796,80.389,79.939,79.451,78.929,78.381,77.818,77.254,76.708,76.201,75.76,75.412,75.186,75.105,75.186,75.428,75.811,76.296,76.819,77.305,77.671
53280.0,82.103,81.928,81.711,81.447,81.135,80.778,80.376,79.931,79.446,78.928,78.383,77.823,77.261,76.716,76.21,75.769,75.42,75.193,75.111,75.19,75.43,75.813,76.296,76.818,77.304,77.67
53340.0,82.056,81.887,81.677,81.418,81.113,80.76,80.363,79.922,79.442,78.927,78.385,77.827,77.267,76.724,76.218,75.777,75.429,75.2,75.117,75.195,75.433,75.814,76.296,76.818,77.304,77.669
53400.0,82.008,81.846,81.642,81.39,81.09,80.743,80.35,79.914,79.437,78.926,78.387,77.832,77.274,76.732,76.227,75.786,75.437,75.208,75.123,75.199,75.436,75.816,76.297,76.818,77.303,77.668
53460.0,81.96,81.805,81.607,81.361,81.066,80.725,80.337,79.905,79.432,78.924,78.389,77.836,77.28,76.739,76.236,75.795,75.445,75.215,75.13,75.204,75.439,75.817,76.297,76.817,77.302,77.667
53520.0,81.912,81.764,81.572,81.332,81.043,80.706,80.323,79.896,79.427,78.923,78.391,77.84,77.286,76.747,76.244,75.803,75.453,75.223,75.136,75.208,75.442,75.819,76.298,76.817,77.301,77.667
53580.0,81.863,81.722,81.537,81.303,81.019,80.688,80.31,79.887,79.422,78.921,78.392,77.844,77.293,76.755,76.252,75.812,75.462,75.23,75.142,75.213,75.445,75.821,76.298,76.816,77.3,77.666
53640.0,81.814,81.68,81.502,81.273,80.996,80.669,80.296,79.877,79.417,78.92,78.393,77.848,77.299,76.762,76.261,75.821,75.47,75.237,75.148,75.218,75.448,75.822,76.298,76.816,77.299,77.665
53700.0,81.765,81.638,81.466,81.244,80.972,80.65,80.282,79.868,79.411,78.918,78.395,77.852,77.305,76.769,76.269,75.829,75.478,75.245,75.154,75.222,75.451,75.824,76.299,76.816,77.299,77.664
53760.0,81.716,81.596,81.43,81.214,80.947,80.631,80.268,79.858,79.406,78.916,78.396,77.856,77.31,76.777,76.277,75.838,75.486,75.252,75.16,75.227,75.454,75.825,76.299,76.815,77.298,77.663
53820.0,81.667,81.553,81.394,81.184,80.923,80.612,80.253,79.848,79.4,78.914,78.397,77.86,77.316,76.784,76.285,75.846,75.494,75.259,75.166,75.231,75.457,75.827,76.3,76.815,77.297,77.662
53880.0,81.618,81.511,81.358,81.153,80.898,80.593,80.239,79.838,79.394,78.912,78.398,77.863,77.322,76.791,76.294,75.854,75.503,75.267,75.172,75.236,75.46,75.828,76.3,76.815,77.296,77.661
53940.0,81.569,81.469,81.322,81.123,80.873,80.573,80.224,79.828,79.388,78.909,78.399,77.867,77.328,76.798,76.302,75.863,75.511,75.274,75.178,75.24,75.463,75.83,76.3,76.814,77.296,77.66
54000.0,81.52,81.426,81.285,81.092,80.848,80.553,80.209,79.818,79.382,78.907,78.399,77.87,77.333,76.806,76.31,75.871,75.519,75.281,75.184,75.245,75.467,75.832,76.301,76.814,77.295,77.659
54060.0,81.471,81.383,81.249,81.062,80.823,80.534,80.194,79.807,79.375,78.904,78.4,77.874,77.338,76.812,76.318,75.879,75.527,75.288,75.19,75.25,75.47,75.833,76.301,76.814,77.294,77.658
54120.0,81.421,81.34,81.212,81.031,80.798,80.513,80.179,79.797,79.369,78.901,78.4,77.877,77.344,76.819,76.325,75.888,75.535,75.296,75.196,75.254,75.473,75.835,76.302,76.813,77.293,77.657
54180.0,81.372,81.297,81.175,81.0,80.772,80.493,80.164,79.786,79.362,78.898,78.401,77.88,77.349,76.826,76.333,75.896,75.543,75.303,75.202,75.259,75.476,75.836,76.302,76.813,77.292,77.656
54240.0,81.322,81.254,81.138,80.969,80.747,80.473,80.148,79.775,79.355,78.895,78.401,77.883,77.354,76.833,76.341,75.904,75.551,75.31,75.208,75.263,75.479,75.838,76.303,76.813,77.292,77.655
54300.0,81.271,81.21,81.101,80.937,80.721,80.452,80.132,79.764,79.348,78.892,78.401,77.886,77.359,76.84,76.349,75.912,75.559,75.317,75.214,75.268,75.482,75.84,76.303,76.812,77.291,77.654
54360.0,81.221,81.167,81.063,80.906,80.695,80.431,80.117,79.752,79.341,78.889,78.401,77.888,77.364,76.846,76.356,75.92,75.566,75.324,75.22,75.273,75.485,75.841,76.304,76.812,77.29,77.654
54420.0,81.17,81.123,81.026,80.874,80.669,80.411,80.101,79.741,79.334,78.885,78.401,77.891,77.369,76.853,76.364,75.928,75.574,75.332,75.226,75.277,75.488,75.843,76.304,76.812,77.289,77.653
54480.0,81.12,81.079,80.988,80.842,80.643,80.39,80.084,79.729,79.327,78.881,78.4,77.893,77.374,76.859,76.371,75.936,75.582,75.339,75.232,75.282,75.491,75.845,76.305,76.811,77.289,77.652
54540.0,81.068,81.034,80.95,80.81,80.616,80.368,80.068,79.718,79.319,78.878,78.4,77.896,77.379,76.866,76.379,75.944,75.59,75.346,75.238,75.286,75.494,75.846,76.305,76.811,77.288,77.651
54600.0,81.017,80.99,80.912,80.778,80.589,80.347,80.052,79.706,79.311,78.874,78.399,77.898,77.383,76.872,76.386,75.952,75.598,75.353,75.244,75.291,75.497,75.848,76.306,76.811,77.287,77.65
54660.0,80.965,80.945,80.873,80.746,80.563,80.325,80.035,79.694,79.304,78.87,78.399,77.9,77.388,76.878,76.394,75.96,75.605,75.36,75.25,75.296,75.5,75.85,76.306,76.81,77.286,77.649
54720.0,80.914,80.9,80.835,80.713,80.535,80.304,80.018,79.681,79.296,78.866,78.398,77.902,77.392,76.884,76.401,75.968,75.613,75.367,75.256,75.3,75.503,75.851,76.307,76.81,77.286,77.648
54780.0,80.861,80.855,80.796,80.68,80.508,80.282,80.001,79.669,79.288,78.861,78.397,77.904,77.396,76.891,76.408,75.975,75.621,75.374,75.262,75.305,75.506,75.853,76.307,76.81,77.285,77.647
54840.0,80.809,80.809,80.757,80.647,80.481,80.26,79.984,79.656,79.279,78.857,78.396,77.906,77.401,76.897,76.415,75.983,75.628,75.381,75.268,75.309,75.51,75.855,76.308,76.81,77.284,77.646
54900.0,80.756,80.763,80.717,80.614,80.453,80.237,79.967,79.644,79.271,78.852,78.395,77.908,77.405,76.902,76.423,75.991,75.636,75.388,75.274,75.314,75.513,75.856,76.308,76.809,77.283,77.645
54960.0,80.703,80.717,80.678,80.58,80.425,80.215,79.949,79.631,79.262,78.848,78.394,77.91,77.409,76.908,76.43,75.998,75.644,75.395,75.28,75.319,75.516,75.858,76.309,76.809,77.283,77.645
55020.0,80.65,80.671,80.638,80.547,80.398,80.192,79.932,79.618,79.254,78.843,78.392,77.911,77.413,76.914,76.437,76.006,75.651,75.402,75.286,75.323,75.519,75.86,76.309,76.809,77.282,77.644
55080.0,80.596,80.624,80.598,80.513,80.369,80.169,79.914,79.605,79.245,78.838,78.391,77.913,77.417,76.92,76.444,76.014,75.659,75.409,75.292,75.328,75.522,75.862,76.31,76.809,77.281,77.643
55140.0,80.543,80.578,80.558,80.479,80.341,80.146,79.896,79.592,79.236,78.833,78.389,77.914,77.421,76.926,76.45,76.021,75.666,75.416,75.298,75.332,75.525,75.863,76.311,76.808,77.28,77.642
55200.0,80.488,80.531,80.517,80.444,80.312,80.123,79.878,79.578,79.227,78.828,78.387,77.915,77.424,76.931,76.457,76.028,75.674,75.423,75.304,75.337,75.528,75.865,76.311,76.808,77.28,77.641
55260.0,80.434,80.483,80.477,80.41,80.284,80.1,79.86,79.565,79.217,78.822,78.386,77.916,77.428,76.937,76.464,76.036,75.681,75.43,75.31,75.342,75.531,75.867,76.312,76.808,77.279,77.64
55320.0,80.38,80.436,80.436,80.375,80.255,80.076,79.841,79.551,79.208,78.817,78.384,77.918,77.431,76.942,76.471,76.043,75.689,75.437,75.316,75.346,75.535,75.869,76.312,76.808,77.278,77.639
55380.0,80.326,80.388,80.395,80.34,80.225,80.053,79.822,79.537,79.198,78.811,78.382,77.918,77.435,76.947,76.477,76.051,75.696,75.444,75.322,75.351,75.538,75.87,76.313,76.807,77.278,77.638
55440.0,80.272,80.341,80.353,80.305,80.196,80.029,79.804,79.523,79.189,78.806,78.379,77.919,77.438,76.953,76.484,76.058,75.703,75.45,75.328,75.355,75.541,75.872,76.314,76.807,77.277,77.638
55500.0,80.217,80.293,80.312,80.27,80.167,80.005,79.785,79.509,79.179,78.8,78.377,77.92,77.441,76.958,76.49,76.065,75.711,75.457,75.333,75.36,75.544,75.874,76.314,76.807,77.276,77.637
55560.0,80.163,80.246,80.271,80.234,80.137,79.98,79.766,79.494,79.169,78.794,78.375,77.921,77.445,76.963,76.497,76.072,75.718,75.464,75.339,75.365,75.547,75.876,76.315,76.807,77.275,77.636
55620.0,80.109,80.198,80.229,80.199,80.107,79.956,79.746,79.48,79.159,78.788,78.372,77.921,77.448,76.968,76.503,76.079,75.725,75.471,75.345,75.369,75.55,75.877,76.315,76.806,77.275,77.635
55680.0,80.054,80.15,80.188,80.163,80.077,79.931,79.727,79.465,79.149,78.781,78.369,77.922,77.451,76.973,76.51,76.086,75.732,75.478,75.351,75.374,75.554,75.879,76.316,76.806,77.274,77.634
55740.0,79.999,80.102,80.146,80.127,80.047,79.907,79.707,79.45,79.138,78.775,78.366,77.922,77.453,76.978,76.516,76.093,75.739,75.484,75.357,75.378,75.557,75.881,76.317,76.806,77.273,77.633
55800.0,79.944,80.053,80.104,80.091,80.017,79.882,79.687,79.435,79.128,78.768,78.364,77.922,77.456,76.983,76.522,76.1,75.747,75.491,75.363,75.383,75.56,75.883,76.317,76.806,77.273,77.632
55860.0,79.888,80.005,80.062,80.055,79.987,79.857,79.668,79.42,79.117,78.762,78.36,77.922,77.459,76.987,76.528,76.107,75.754,75.498,75.369,75.387,75.563,75.885,76.318,76.806,77.272,77.632
55920.0,79.833,79.956,80.02,80.019,79.956,79.832,79.648,79.405,79.106,78.755,78.357,77.922,77.462,76.992,76.534,76.114,75.761,75.505,75.374,75.392,75.566,75.886,76.319,76.805,77.271,77.631
55980.0,79.777,79.907,79.977,79.983,79.925,79.806,79.627,79.389,79.095,78.748,78.354,77.922,77.464,76.997,76.54,76.121,75.768,75.511,75.38,75.397,75.569,75.888,76.319,76.805,77.271,77.63
56040.0,79.721,79.858,79.934,79.946,79.894,79.781,79.607,79.374,79.084,78.741,78.351,77.922,77.466,77.001,76.546,76.128,75.775,75.518,75.386,75.401,75.573,75.89,76.32,76.805,77.27,77.629
56100.0,79.665,79.809,79.891,79.909,79.863,79.755,79.586,79.358,79.073,78.734,78.347,77.921,77.469,77.005,76.552,76.135,75.782,75.524,75.392,75.406,75.576,75.892,76.321,76.805,77.269,77.628
56160.0,79.608,79.759,79.848,79.872,79.832,79.73,79.566,79.342,79.061,78.726,78.344,77.921,77.471,77.01,76.558,76.141,75.789,75.531,75.397,75.41,75.579,75.894,76.321,76.805,77.269,77.627
56220.0,79.552,79.709,79.805,79.835,79.801,79.704,79.545,79.326,79.05,78.719,78.34,77.92,77.473,77.014,76.564,76.148,75.796,75.538,75.403,75.415,75.582,75.896,76.322,76.804,77.268,77.626
56280.0,79.494,79.659,79.762,79.798,79.769,79.678,79.524,79.31,79.038,78.711,78.336,77.92,77.475,77.018,76.57,76.155,75.803,75.544,75.409,75.419,75.585,75.897,76.323,76.804,77.267,77.626
56340.0,79.437,79.609,79.718,79.76,79.737,79.651,79.503,79.294,79.026,78.704,78.332,77.919,77.477,77.022,76.575,76.161,75.809,75.551,75.415,75.424,75.589,75.899,76.323,76.804,77.267,77.625
56400.0,79.38,79.559,79.674,79.722,79.705,79.625,79.482,79.277,79.014,78.696,78.328,77.918,77.479,77.026,76.581,76.168,75.816,75.557,75.42,75.429,75.592,75.901,76.324,76.804,77.266,77.624
56460.0,79.322,79.508,79.63,79.684,79.673,79.598,79.46,79.261,79.002,78.688,78.324,77.917,77.481,77.03,76.586,76.174,75.823,75.564,75.426,75.433,75.595,75.903,76.325,76.804,77.265,77.623
56520.0,79.264,79.457,79.585,79.646,79.641,79.571,79.439,79.244,78.99,78.68,78.319,77.916,77.483,77.034,76.592,76.181,75.83,75.57,75.432,75.438,75.598,75.905,76.325,76.804,77.265,77.622
56580.0,79.206,79.406,79.541,79.608,79.609,79.545,79.417,79.227,78.978,78.672,78.315,77.915,77.484,77.038,76.597,76.187,75.836,75.577,75.438,75.442,75.602,75.907,76.326,76.804,77.264,77.622
56640.0,79.147,79.354,79.496,79.569,79.576,79.517,79.395,79.21,78.965,78.664,78.31,77.914,77.486,77.042,76.603,76.193,75.843,75.583,75.443,75.447,75.605,75.909,76.327,76.803,77.263,77.621
56700.0,79.089,79.303,79.451,79.531,79.543,79.49,79.373,79.193,78.953,78.655,78.306,77.912,77.487,77.045,76.608,76.2,75.85,75.59,75.449,75.451,75.608,75.911,76.327,76.803,77.263,77.62
56760.0,79.031,79.252,79.406,79.492,79.51,79.463,79.351,79.176,78.94,78.647,78.301,77.911,77.488,77.049,76.613,76.206,75.856,75.596,75.455,75.456,75.611,75.912,76.328,76.803,77.262,77.619
56820.0,78.974,79.2,79.361,79.453,79.477,79.435,79.328,79.158,78.927,78.638,78.296,77.909,77.49,77.053,76.618,76.212,75.863,75.602,75.46,75.461,75.614,75.914,76.329,76.803,77.261,77.618
56880.0,78.916,79.149,79.316,79.414,79.444,79.407,79.306,79.141,78.914,78.629,78.291,77.908,77.491,77.056,76.623,76.218,75.87,75.609,75.466,75.465,75.618,75.916,76.33,76.803,77.261,77.618
56940.0,78.859,79.098,79.271,79.375,79.41,79.379,79.283,79.123,78.901,78.62,78.286,77.906,77.492,77.059,76.628,76.224,75.876,75.615,75.472,75.47,75.621,75.918,76.33,76.803,77.26,77.617
57000.0,78.802,79.047,79.226,79.335,79.377,79.351,79.26,79.105,78.888,78.611,78.281,77.904,77.493,77.063,76.633,76.23,75.883,75.621,75.477,75.474,75.624,75.92,76.331,76.803,77.26,77.616
57060.0,78.745,78.996,79.181,79.296,79.343,79.323,79.237,79.087,78.874,78.602,78.275,77.902,77.494,77.066,76.638,76.236,75.889,75.628,75.483,75.479,75.627,75.922,76.332,76.803,77.259,77.615
57120.0,78.688,78.945,79.136,79.257,79.309,79.295,79.214,79.069,78.861,78.593,78.27,77.9,77.495,77.069,76.643,76.242,75.895,75.634,75.488,75.483,75.631,75.924,76.333,76.802,77.258,77.614
57180.0,78.63,78.894,79.091,79.218,79.276,79.267,79.191,79.051,78.847,78.583,78.264,77.898,77.495,77.072,76.648,76.248,75.902,75.64,75.494,75.488,75.634,75.926,76.333,76.802,77.258,77.614
57240.0,78.573,78.843,79.046,79.178,79.242,79.238,79.168,79.032,78.833,78.574,78.258,77.895,77.496,77.075,76.653,76.254,75.908,75.646,75.5,75.492,75.637,75.928,76.334,76.802,77.257,77.613
57300.0,78.516,78.792,79.001,79.139,79.208,79.209,79.144,79.014,78.819,78.564,78.253,77.893,77.496,77.078,76.657,76.26,75.914,75.653,75.505,75.497,75.64,75.93,76.335,76.802,77.257,77.612
57360.0,78.459,78.741,78.956,79.1,79.174,79.181,79.121,78.995,78.805,78.554,78.247,77.891,77.497,77.081,76.662,76.266,75.921,75.659,75.511,75.501,75.644,75.932,76.336,76.802,77.256,77.611
57420.0,78.401,78.69,78.911,79.06,79.14,79.152,79.097,78.976,78.791,78.544,78.241,77.888,77.497,77.083,76.666,76.271,75.927,75.665,75.516,75.506,75.647,75.934,76.337,76.802,77.255,77.61
57480.0,78.344,78.639,78.865,79.02,79.106,79.123,79.073,78.957,78.777,78.534,78.234,77.885,77.497,77.086,76.671,76.277,75.933,75.671,75.522,75.51,75.65,75.935,76.337,76.802,77.255,77.61
57540.0,78.286,78.587,78.82,78.981,79.072,79.094,79.049,78.938,78.762,78.524,78.228,77.882,77.498,77.089,76.675,76.282,75.939,75.677,75.527,75.515,75.653,75.937,76.338,76.802,77.254,77.609
57600.0,78.228,78.536,78.774,78.941,79.037,79.065,79.026,78.919,78.748,78.514,78.222,77.88,77.498,77.091,76.68,76.288,75.945,75.683,75.533,75.519,75.657,75.939,76.339,76.802,77.254,77.608
57660.0,78.17,78.484,78.729,78.901,79.003,79.036,79.001,78.9,78.733,78.503,78.215,77.877,77.498,77.094,76.684,76.294,75.951,75.689,75.538,75.524,75.66,75.941,76.34,76.802,77.253,77.607
57720.0,78.111,78.432,78.683,78.861,78.968,79.007,78.977,78.881,78.718,78.493,78.209,77.873,77.498,77.096,76.688,76.299,75.957,75.695,75.544,75.528,75.663,75.943,76.341,76.802,77.252,77.607
57780.0,78.053,78.38,78.637,78.821,78.934,78.977,78.953,78.861,78.703,78.482,78.202,77.87,77.497,77.098,76.692,76.304,75.963,75.701,75.549,75.533,75.666,75.945,76.341,76.802,77.252,77.606
57840.0,77.994,78.328,78.591,78.78,78.899,78.948,78.928,78.841,78.688,78.471,78.195,77.867,77.497,77.1,76.696,76.31,75.969,75.707,75.555,75.537,75.67,75.947,76.342,76.802,77.251,77.605
57900.0,77.936,78.276,78.545,78.74,78.864,78.918,78.904,78.822,78.673,78.46,78.188,77.864,77.497,77.102,76.7,76.315,75.975,75.713,75.56,75.542,75.673,75.949,76.343,76.802,77.251,77.604
57960.0,77.877,78.223,78.498,78.699,78.829,78.889,78.879,78.802,78.658,78.45,78.181,77.86,77.496,77.105,76.704,76.32,75.981,75.719,75.565,75.546,75.676,75.951,76.344,76.802,77.25,77.604
58020.0,77.817,78.17,78.452,78.659,78.794,78.859,78.855,78.782,78.643,78.438,78.174,77.856,77.496,77.106,76.708,76.325,75.987,75.725,75.571,75.551,75.679,75.953,76.345,76.802,77.249,77.603
58080.0,77.758,78.118,78.405,78.618,78.759,78.829,78.83,78.762,78.627,78.427,78.167,77.853,77.495,77.108,76.712,76.331,75.993,75.731,75.576,75.555,75.683,75.955,76.346,76.801,77.249,77.602
58140.0,77.698,78.065,78.358,78.577,78.723,78.799,78.805,78.742,78.611,78.416,78.16,77.849,77.494,77.11,76.716,76.336,75.999,75.737,75.582,75.56,75.686,75.957,76.347,76.801,77.248,77.601
58200.0,77.639,78.011,78.311,78.536,78.688,78.769,78.78,78.722,78.596,78.405,78.152,77.845,77.493,77.112,76.72,76.341,76.004,75.743,75.587,75.564,75.689,75.959,76.347,76.801,77.248,77.601
58260.0,77.579,77.958,78.264,78.495,78.652,78.738,78.754,78.701,78.58,78.393,78.145,77.841,77.493,77.114,76.723,76.346,76.01,75.748,75.592,75.568,75.692,75.961,76.348,76.801,77.247,77.6
58320.0,77.519,77.904,78.217,78.453,78.616,78.708,78.729,78.681,78.564,78.381,78.137,77.837,77.492,77.115,76.727,76.351,76.016,75.754,75.598,75.573,75.696,75.963,76.349,76.801,77.247,77.599
58380.0,77.458,77.851,78.169,78.412,78.58,78.677,78.704,78.66,78.548,78.37,78.129,77.833,77.491,77.117,76.73,76.356,76.022,75.76,75.603,75.577,75.699,75.965,76.35,76.801,77.246,77.598
58440.0,77.398,77.797,78.122,78.37,78.544,78.647,78.678,78.639,78.532,78.358,78.121,77.828,77.489,77.118,76.734,76.36,76.027,75.766,75.608,75.582,75.702,75.967,76.351,76.801,77.246,77.598
58500.0,77.337,77.743,78.074,78.328,78.508,78.616,78.652,78.618,78.516,78.346,78.113,77.824,77.488,77.119,76.737,76.365,76.033,75.771,75.613,75.586,75.705,75.969,76.352,76.801,77.245,77.597
58560.0,77.276,77.688,78.026,78.286,78.472,78.585,78.626,78.598,78.499,78.334,78.105,77.82,77.487,77.121,76.74,76.37,76.038,75.777,75.619,75.591,75.709,75.971,76.353,76.801,77.245,77.596
58620.0,77.214,77.634,77.978,78.244,78.435,78.554,78.6,78.576,78.483,78.322,78.097,77.815,77.485,77.122,76.744,76.375,76.044,75.783,75.624,75.595,75.712,75.973,76.354,76.801,77.244,77.596
58680.0,77.153,77.579,77.929,78.201,78.398,78.522,78.574,78.555,78.466,78.31,78.089,77.81,77.484,77.123,76.747,76.379,76.049,75.788,75.629,75.599,75.715,75.975,76.354,76.801,77.244,77.595
58740.0,77.091,77.524,77.881,78.159,78.362,78.491,78.548,78.534,78.45,78.297,78.08,77.806,77.482,77.124,76.75,76.384,76.055,75.794,75.634,75.604,75.719,75.977,76.355,76.802,77.243,77.594
58800.0,77.029,77.469,77.832,78.116,78.325,78.459,78.522,78.512,78.433,78.285,78.072,77.801,77.481,77.125,76.753,76.389,76.06,75.8,75.64,75.608,75.722,75.98,76.356,76.802,77.242,77.594
58860.0,76.967,77.414,77.783,78.073,78.287,78.428,78.495,78.491,78.416,78.272,78.063,77.796,77.479,77.126,76.756,76.393,76.065,75.805,75.645,75.613,75.725,75.982,76.357,76.802,77.242,77.593
58920.0,76.905,77.358,77.734,78.03,78.25,78.396,78.469,78.469,78.399,78.259,78.055,77.791,77.477,77.127,76.759,76.397,76.071,75.811,75.65,75.617,75.728,75.984,76.358,76.802,77.241,77.592
58980.0,76.842,77.302,77.685,77.987,78.213,78.364,78.442,78.447,78.382,78.247,78.046,77.786,77.475,77.128,76.762,76.402,76.076,75.816,75.655,75.621,75.732,75.986,76.359,76.802,77.241,77.591
59040.0,76.78,77.246,77.635,77.944,78.175,78.332,78.415,78.425,78.364,78.234,78.037,77.78,77.473,77.128,76.765,76.406,76.081,75.822,75.66,75.626,75.735,75.988,76.36,76.802,77.24,77.591
59100.0,76.716,77.19,77.585,77.9,78.137,78.3,78.388,78.403,78.347,78.221,78.028,77.775,77.471,77.129,76.768,76.41,76.086,75.827,75.666,75.63,75.738,75.99,76.361,76.802,77.24,77.59
59160.0,76.653,77.134,77.535,77.856,78.099,78.267,78.361,78.381,78.33,78.208,78.019,77.77,77.469,77.129,76.77,76.415,76.091,75.832,75.671,75.634,75.741,75.992,76.362,76.802,77.239,77.589
59220.0,76.59,77.077,77.485,77.812,78.061,78.235,78.333,78.359,78.312,78.194,78.01,77.764,77.466,77.13,76.773,76.419,76.097,75.838,75.676,75.639,75.745,75.994,76.363,76.802,77.239,77.589
59280.0,76.526,77.02,77.435,77.768,78.023,78.202,78.306,78.336,78.294,78.181,78.001,77.759,77.464,77.13,76.775,76.423,76.102,75.843,75.681,75.643,75.748,75.996,76.364,76.802,77.238,77.588
59340.0,76.462,76.964,77.385,77.724,77.985,78.169,78.278,78.314,78.276,78.168,77.991,77.753,77.462,77.131,76.778,76.427,76.107,75.849,75.686,75.647,75.751,75.998,76.365,76.802,77.238,77.587
59400.0,76.399,76.907,77.334,77.679,77.946,78.136,78.251,78.291,78.258,78.154,77.982,77.747,77.459,77.131,76.78,76.431,76.112,75.854,75.691,75.652,75.755,76.0,76.366,76.802,77.237,77.587
59460.0,76.337,76.85,77.284,77.635,77.907,78.103,78.223,78.268,78.24,78.14,77.972,77.741,77.457,77.131,76.783,76.435,76.117,75.859,75.696,75.656,75.758,76.002,76.367,76.802,77.237,77.586
59520.0,76.274,76.794,77.233,77.59,77.868,78.069,78.195,78.245,78.222,78.127,77.962,77.735,77.454,77.131,76.785,76.439,76.121,75.864,75.701,75.66,75.761,76.004,76.368,76.802,77.237,77.585
59580.0,76.211,76.737,77.183,77.546,77.829,78.036,78.167,78.222,78.204,78.113,77.953,77.729,77.451,77.131,76.787,76.443,76.126,75.87,75.706,75.665,75.764,76.006,76.369,76.802,77.236,77.585
59640.0,76.147,76.68,77.132,77.501,77.79,78.002,78.138,78.199,78.185,78.099,77.943,77.723,77.448,77.131,76.79,76.447,76.131,75.875,75.711,75.669,75.768,76.008,76.37,76.802,77.236,77.584
59700.0,76.084,76.623,77.081,77.456,77.751,77.969,78.11,78.176,78.167,78.085,77.933,77.717,77.445,77.131,76.792,76.451,76.136,75.88,75.716,75.673,75.771,76.011,76.371,76.803,77.235,77.583
59760.0,76.021,76.566,77.03,77.411,77.712,77.935,78.081,78.152,78.148,78.07,77.923,77.71,77.442,77.131,76.794,76.454,76.141,75.885,75.721,75.678,75.774,76.013,76.372,76.803,77.235,77.583
59820.0,75.957,76.509,76.979,77.366,77.672,77.901,78.053,78.129,78.129,78.056,77.913,77.704,77.439,77.13,76.796,76.458,76.145,75.89,75.726,75.682,75.777,76.015,76.373,76.803,77.234,77.582
59880.0,75.894,76.452,76.928,77.321,77.633,77.867,78.024,78.105,78.11,78.042,77.902,77.698,77.436,77.13,76.798,76.462,76.15,75.896,75.731,75.686,75.781,76.017,76.374,76.803,77.234,77.581
59940.0,75.83,76.395,76.877,77.276,77.593,77.833,77.995,78.081,78.091,78.027,77.892,77.691,77.433,77.13,76.8,76.465,76.155,75.901,75.736,75.69,75.784,76.019,76.375,76.803,77.233,77.581
60000.0,75.766,76.337,76.826,77.23,77.554,77.799,77.966,78.057,78.072,78.012,77.881,77.684,77.429,77.129,76.801,76.469,76.159,75.906,75.741,75.695,75.787,76.021,76.376,76.803,77.233,77.58
60060.0,75.701,76.28,76.774,77.185,77.514,77.764,77.937,78.033,78.053,77.998,77.871,77.677,77.426,77.129,76.803,76.472,76.164,75.911,75.746,75.699,75.79,76.023,76.377,76.803,77.232,77.58
60120.0,75.637,76.222,76.723,77.139,77.474,77.73,77.908,78.009,78.033,77.983,77.86,77.67,77.422,77.128,76.805,76.476,76.169,75.916,75.75,75.703,75.794,76.025,76.378,76.803,77.232,77.579
60180.0,75.572,76.164,76.671,77.093,77.434,77.695,77.878,77.984,78.014,77.968,77.849,77.663,77.419,77.127,76.806,76.479,76.173,75.921,75.755,75.707,75.797,76.027,76.379,76.803,77.232,77.578
60240.0,75.508,76.105,76.619,77.047,77.393,77.66,77.849,77.96,77.994,77.953,77.838,77.656,77.415,77.126,76.808,76.482,76.177,75.926,75.76,75.711,75.8,76.03,76.38,76.804,77.231,77.578
60300.0,75.443,76.047,76.567,77.001,77.353,77.625,77.819,77.935,77.974,77.937,77.827,77.649,77.411,77.126,76.81,76.486,76.182,75.93,75.765,75.716,75.803,76.032,76.381,76.804,77.231,77.577
60360.0,75.378,75.989,76.515,76.955,77.313,77.59,77.79,77.911,77.954,77.922,77.816,77.642,77.407,77.125,76.811,76.489,76.186,75.935,75.77,75.72,75.807,76.034,76.382,76.804,77.23,77.576
60420.0,75.314,75.931,76.463,76.908,77.272,77.555,77.76,77.886,77.935,77.907,77.805,77.635,77.403,77.124,76.812,76.492,76.191,75.94,75.774,75.724,75.81,76.036,76.383,76.804,77.23,77.576
60480.0,75.251,75.873,76.411,76.862,77.231,77.52,77.73,77.861,77.914,77.891,77.794,77.627,77.399,77.123,76.814,76.495,76.195,75.945,75.779,75.728,75.813,76.038,76.384,76.804,77.229,77.575
60540.0,75.188,75.816,76.359,76.816,77.19,77.485,77.7,77.836,77.894,77.875,77.782,77.62,77.395,77.121,76.815,76.498,76.199,75.95,75.784,75.732,75.816,76.04,76.385,76.804,77.229,77.575
60600.0,75.126,75.759,76.307,76.77,77.15,77.449,77.67,77.811,77.874,77.86,77.771,77.612,77.391,77.12,76.816,76.501,76.203,75.955,75.789,75.737,75.82,76.042,76.386,76.805,77.229,77.574
60660.0,75.063,75.702,76.256,76.723,77.109,77.414,77.639,77.786,77.853,77.844,77.759,77.604,77.387,77.119,76.817,76.504,76.207,75.959,75.793,75.741,75.823,76.044,76.387,76.805,77.228,77.573
60720.0,75.001,75.645,76.204,76.677,77.068,77.378,77.609,77.76,77.833,77.828,77.747,77.596,77.382,77.118,76.818,76.507,76.212,75.964,75.798,75.745,75.826,76.047,76.388,76.805,77.228,77.573
60780.0,74.939,75.588,76.153,76.631,77.027,77.343,77.578,77.735,77.812,77.812,77.736,77.588,77.378,77.116,76.819,76.51,76.216,75.969,75.803,75.749,75.829,76.049,76.389,76.805,77.227,77.572
60840.0,74.876,75.531,76.101,76.585,76.986,77.307,77.548,77.709,77.792,77.796,77.724,77.58,77.373,77.115,76.82,76.513,76.22,75.973,75.807,75.753,75.832,76.051,76.39,76.805,77.227,77.572
60900.0,74.814,75.475,76.05,76.539,76.945,77.271,77.517,77.684,77.771,77.779,77.712,77.572,77.369,77.113,76.821,76.516,76.224,75.978,75.812,75.757,75.836,76.053,76.391,76.805,77.227,77.571
60960.0,74.751,75.418,75.998,76.493,76.905,77.235,77.486,77.658,77.75,77.763,77.7,77.564,77.364,77.111,76.822,76.518,76.228,75.983,75.817,75.761,75.839,76.055,76.392,76.806,77.226,77.571
61020.0,74.689,75.361,75.947,76.447,76.864,77.2,77.456,77.632,77.729,77.746,77.687,77.556,77.359,77.11,76.823,76.521,76.232,75.987,75.821,75.765,75.842,76.057,76.393,76.806,77.226,77.57
61080.0,74.626,75.304,75.896,76.401,76.823,77.164,77.425,77.606,77.708,77.73,77.675,77.547,77.355,77.108,76.823,76.523,76.236,75.992,75.826,75.77,75.845,76.059,76.394,76.806,77.225,77.569
61140.0,74.563,75.247,75.844,76.354,76.782,77.128,77.394,77.58,77.686,77.713,77.663,77.539,77.35,77.106,76.824,76.526,76.239,75.996,75.83,75.774,75.849,76.062,76.395,76.806,77.225,77.569
61200.0,74.501,75.19,75.792,76.308,76.741,77.092,77.363,77.554,77.665,77.696,77.65,77.53,77.345,77.104,76.825,76.529,76.243,76.001,75.835,75.778,75.852,76.064,76.397,76.806,77.225,77.568
61260.0,74.438,75.133,75.741,76.262,76.699,77.056,77.332,77.528,77.644,77.679,77.637,77.522,77.339,77.102,76.825,76.531,76.247,76.005,75.839,75.782,75.855,76.066,76.398,76.807,77.224,77.568
61320.0,74.375,75.075,75.689,76.216,76.658,77.02,77.301,77.502,77.622,77.662,77.625,77.513,77.334,77.1,76.826,76.533,76.251,76.01,75.844,75.786,75.858,76.068,76.399,76.807,77.224,77.567
61380.0,74.311,75.018,75.637,76.169,76.617,76.984,77.27,77.475,77.6,77.645,77.612,77.504,77.329,77.098,76.826,76.536,76.254,76.014,75.848,75.79,75.861,76.07,76.4,76.807,77.224,77.567
61440.0,74.248,74.961,75.586,76.123,76.576,76.947,77.239,77.449,77.579,77.628,77.599,77.495,77.324,77.095,76.826,76.538,76.258,76.018,75.853,75.794,75.865,76.072,76.401,76.807,77.223,77.566
61500.0,74.185,74.903,75.534,76.076,76.534,76.911,77.207,77.423,77.557,77.611,77.586,77.486,77.318,77.093,76.826,76.54,76.262,76.023,75.857,75.798,75.868,76.074,76.402,76.807,77.223,77.565
61560.0,74.121,74.846,75.482,76.029,76.493,76.875,77.176,77.396,77.535,77.594,77.573,77.477,77.313,77.091,76.827,76.542,76.265,76.027,75.862,75.802,75.871,76.077,76.403,76.808,77.223,77.565
61620.0,74.058,74.788,75.429,75.983,76.452,76.838,77.144,77.369,77.513,77.576,77.56,77.468,77.307,77.088,76.827,76.545,76.269,76.031,75.866,75.806,75.874,76.079,76.404,76.808,77.222,77.564
61680.0,73.994,74.73,75.377,75.936,76.41,76.802,77.113,77.343,77.491,77.559,77.547,77.459,77.301,77.085,76.827,76.547,76.272,76.035,75.871,75.81,75.877,76.081,76.405,76.808,77.222,77.564
61740.0,73.93,74.672,75.325,75.889,76.368,76.765,77.081,77.316,77.469,77.541,77.533,77.449,77.296,77.083,76.827,76.549,76.276,76.04,75.875,75.814,75.881,76.083,76.407,76.808,77.222,77.563
61800.0,73.866,74.614,75.272,75.842,76.327,76.729,77.049,77.289,77.447,77.523,77.52,77.44,77.29,77.08,76.827,76.551,76.279,76.044,75.879,75.818,75.884,76.085,76.408,76.809,77.221,77.563
61860.0,73.802,74.556,75.22,75.795,76.285,76.692,77.018,77.262,77.425,77.506,77.506,77.43,77.284,77.077,76.827,76.553,76.282,76.048,75.884,75.822,75.887,76.087,76.409,76.809,77.221,77.562
61920.0,73.737,74.497,75.167,75.748,76.243,76.655,76.986,77.235,77.402,77.488,77.493,77.421,77.278,77.075,76.826,76.555,76.286,76.052,75.888,75.826,75.89,76.09,76.41,76.809,77.221,77.562
61980.0,73.673,74.439,75.114,75.7,76.201,76.618,76.954,77.208,77.38,77.47,77.479,77.411,77.272,77.072,76.826,76.556,76.289,76.056,75.892,75.83,75.893,76.092,76.411,76.809,77.22,77.561
62040.0,73.608,74.38,75.062,75.653,76.159,76.581,76.922,77.181,77.357,77.452,77.465,77.401,77.266,77.069,76.826,76.558,76.292,76.06,75.896,75.834,75.896,76.094,76.412,76.81,77.22,77.561
62100.0,73.543,74.321,75.008,75.605,76.116,76.544,76.89,77.153,77.335,77.434,77.451,77.391,77.259,77.066,76.826,76.56,76.296,76.064,75.901,75.838,75.9,76.096,76.413,76.81,77.22,77.56
62160.0,73.478,74.262,74.955,75.558,76.074,76.507,76.858,77.126,77.312,77.415,77.437,77.381,77.253,77.062,76.825,76.562,76.299,76.068,75.905,75.841,75.903,76.098,76.414,76.81,77.219,77.56
62220.0,73.413,74.203,74.902,75.51,76.032,76.47,76.825,77.099,77.289,77.397,77.423,77.371,77.247,77.059,76.825,76.563,76.302,76.072,75.909,75.845,75.906,76.101,76.416,76.811,77.219,77.559
62280.0,73.348,74.144,74.849,75.462,75.989,76.432,76.793,77.071,77.266,77.379,77.409,77.361,77.24,77.056,76.824,76.565,76.305,76.076,75.913,75.849,75.909,76.103,76.417,76.811,77.219,77.559
62340.0,73.282,74.085,74.795,75.414,75.946,76.395,76.76,77.043,77.243,77.36,77.395,77.351,77.234,77.053,76.823,76.566,76.308,76.08,75.918,75.853,75.912,76.105,76.418,76.811,77.218,77.558
62400.0,73.217,74.025,74.741,75.366,75.904,76.357,76.728,77.016,77.22,77.342,77.381,77.341,77.227,77.049,76.823,76.568,76.311,76.084,75.922,75.857,75.915,76.107,76.419,76.811,77.218,77.558
62460.0,73.151,73.966,74.688,75.318,75.861,76.32,76.695,76.988,77.197,77.323,77.366,77.33,77.22,77.046,76.822,76.569,76.314,76.088,75.926,75.861,75.919,76.109,76.42,76.812,77.218,77.557
62520.0,73.085,73.906,74.634,75.27,75.818,76.282,76.662,76.96,77.174,77.304,77.352,77.32,77.213,77.042,76.821,76.571,76.317,76.092,75.93,75.865,75.922,76.111,76.421,76.812,77.218,77.557
62580.0,73.019,73.846,74.58,75.221,75.775,76.244,76.63,76.932,77.151,77.286,77.338,77.309,77.207,77.039,76.82,76.572,76.32,76.096,75.934,75.868,75.925,76.114,76.423,76.812,77.217,77.556
62640.0,72.953,73.786,74.525,75.172,75.732,76.206,76.597,76.904,77.127,77.267,77.323,77.299,77.2,77.035,76.819,76.573,76.323,76.099,75.938,75.872,75.928,76.116,76.424,76.813,77.217,77.556
62700.0,72.886,73.726,74.471,75.124,75.688,76.168,76.563,76.876,77.104,77.248,77.308,77.288,77.193,77.031,76.818,76.574,76.325,76.103,75.942,75.876,75.931,76.118,76.425,76.813,77.217,77.555
62760.0,72.82,73.665,74.417,75.075,75.645,76.13,76.53,76.847,77.08,77.229,77.293,77.277,77.185,77.027,76.817,76.575,76.328,76.107,75.946,75.88,75.934,76.12,76.426,76.813,77.216,77.555
62820.0,72.753,73.605,74.362,75.026,75.601,76.091,76.497,76.819,77.056,77.209,77.279,77.266,77.178,77.023,76.816,76.577,76.331,76.11,75.95,75.884,75.937,76.122,76.427,76.814,77.216,77.554
62880.0,72.686,73.544,74.307,74.977,75.558,76.053,76.464,76.79,77.033,77.19,77.264,77.255,77.171,77.019,76.815,76.578,76.333,76.114,75.954,75.887,75.94,76.124,76.428,76.814,77.216,77.554
62940.0,72.619,73.483,74.252,74.928,75.514,76.014,76.43,76.762,77.009,77.171,77.249,77.244,77.164,77.015,76.814,76.579,76.336,76.118,75.958,75.891,75.943,76.127,76.43,76.814,77.216,77.554
63000.0,72.553,73.423,74.197,74.878,75.47,75.976,76.397,76.733,76.985,77.151,77.233,77.233,77.156,77.011,76.812,76.58,76.339,76.121,75.962,75.895,75.947,76.129,76.431,76.815,77.215,77.553
63060.0,72.487,73.362,74.142,74.829,75.426,75.937,76.363,76.704,76.961,77.132,77.218,77.222,77.149,77.007,76.811,76.58,76.341,76.125,75.966,75.899,75.95,76.131,76.432,76.815,77.215,77.553
63120.0,72.421,73.302,74.088,74.779,75.382,75.898,76.329,76.676,76.937,77.112,77.203,77.211,77.141,77.003,76.81,76.581,76.344,76.128,75.97,75.902,75.953,76.133,76.433,76.815,77.215,77.552
63180.0,72.355,73.242,74.033,74.73,75.338,75.859,76.295,76.647,76.912,77.093,77.188,77.2,77.134,76.999,76.808,76.582,76.346,76.132,75.974,75.906,75.956,76.135,76.434,76.816,77.215,77.552
63240.0,72.289,73.181,73.978,74.68,75.293,75.82,76.261,76.618,76.888,77.073,77.172,77.188,77.126,76.994,76.807,76.583,76.349,76.135,75.978,75.91,75.959,76.138,76.436,76.816,77.214,77.551
63300.0,72.223,73.121,73.923,74.631,75.249,75.781,76.227,76.588,76.864,77.053,77.157,77.177,77.118,76.99,76.805,76.584,76.351,76.139,75.981,75.913,75.962,76.14,76.437,76.816,77.214,77.551
63360.0,72.157,73.06,73.868,74.581,75.205,75.742,76.193,76.559,76.839,77.033,77.141,77.165,77.11,76.985,76.803,76.584,76.353,76.142,75.985,75.917,75.965,76.142,76.438,76.817,77.214,77.55
63420.0,72.091,73.0,73.813,74.532,75.16,75.702,76.159,76.53,76.815,77.013,77.125,77.153,77.102,76.981,76.802,76.585,76.356,76.145,75.989,75.921,75.968,76.144,76.439,76.817,77.214,77.55
63480.0,72.024,72.939,73.758,74.482,75.116,75.663,76.124,76.5,76.79,76.993,77.109,77.142,77.094,76.976,76.8,76.585,76.358,76.149,75.993,75.924,75.971,76.146,76.441,76.817,77.213,77.55
63540.0,71.958,72.879,73.703,74.432,75.071,75.623,76.09,76.471,76.765,76.973,77.094,77.13,77.086,76.971,76.798,76.586,76.36,76.152,75.997,75.928,75.974,76.148,76.442,76.818,77.213,77.549
63600.0,71.892,72.818,73.648,74.382,75.027,75.584,76.056,76.441,76.74,76.952,77.078,77.118,77.078,76.966,76.796,76.586,76.362,76.155,76.0,75.932,75.977,76.151,76.443,76.818,77.213,77.549
63660.0,71.826,72.758,73.593,74.332,74.982,75.544,76.021,76.411,76.715,76.932,77.062,77.106,77.07,76.962,76.794,76.587,76.364,76.159,76.004,75.935,75.98,76.153,76.444,76.818,77.213,77.548
63720.0,71.761,72.698,73.538,74.282,74.937,75.505,75.986,76.382,76.69,76.911,77.045,77.094,77.062,76.957,76.792,76.587,76.366,76.162,76.008,75.939,75.983,76.155,76.445,76.819,77.213,77.548
63780.0,71.696,72.638,73.483,74.233,74.892,75.465,75.951,76.352,76.665,76.891,77.029,77.082,77.053,76.952,76.79,76.587,76.368,76.165,76.011,75.943,75.986,76.157,76.447,76.819,77.212,77.548
63840.0,71.63,72.578,73.428,74.183,74.848,75.425,75.917,76.322,76.64,76.87,77.013,77.07,77.045,76.947,76.788,76.587,76.371,76.168,76.015,75.946,75.99,76.159,76.448,76.82,77.212,77.547
63900.0,71.565,72.518,73.373,74.133,74.803,75.385,75.882,76.292,76.615,76.849,76.997,77.057,77.036,76.942,76.786,76.588,76.373,76.171,76.019,75.95,75.993,76.162,76.449,76.82,77.212,77.547
63960.0,71.5,72.458,73.318,74.083,74.758,75.346,75.847,76.262,76.589,76.829,76.98,77.045,77.028,76.936,76.783,76.588,76.375,76.174,76.023,75.953,75.996,76.164,76.451,76.821,77.212,77.547
64020.0,71.435,72.398,73.263,74.033,74.713,75.306,75.812,76.232,76.564,76.808,76.964,77.033,77.019,76.931,76.781,76.588,76.376,76.178,76.026,75.957,75.999,76.166,76.452,76.821,77.212,77.546
64080.0,71.371,72.339,73.209,73.984,74.668,75.266,75.777,76.201,76.538,76.787,76.947,77.02,77.011,76.926,76.779,76.588,76.378,76.181,76.03,75.961,76.002,76.168,76.453,76.821,77.212,77.546
64140.0,71.307,72.279,73.154,73.934,74.624,75.226,75.742,76.171,76.513,76.766,76.93,77.008,77.002,76.921,76.776,76.588,76.38,76.184,76.033,75.964,76.005,76.171,76.455,76.822,77.212,77.546
64200.0,71.244,72.22,73.1,73.884,74.579,75.186,75.707,76.141,76.487,76.745,76.914,76.995,76.993,76.915,76.774,76.588,76.382,76.187,76.037,75.968,76.008,76.173,76.456,76.822,77.212,77.545
64260.0,71.18,72.161,73.046,73.835,74.534,75.146,75.671,76.11,76.461,76.723,76.897,76.982,76.984,76.91,76.772,76.588,76.384,76.19,76.041,75.971,76.011,76.175,76.457,76.823,77.212,77.545
64320.0,71.116,72.103,72.991,73.785,74.489,75.106,75.636,76.08,76.435,76.702,76.88,76.969,76.975,76.904,76.769,76.588,76.386,76.193,76.044,75.975,76.014,76.177,76.458,76.823,77.211,77.545
64380.0,71.053,72.044,72.937,73.736,74.445,75.066,75.601,76.049,76.409,76.681,76.863,76.957,76.966,76.898,76.766,76.588,76.387,76.196,76.048,75.978,76.017,76.18,76.46,76.824,77.211,77.545
64440.0,70.989,71.985,72.883,73.687,74.4,75.026,75.566,76.018,76.383,76.659,76.846,76.944,76.957,76.893,76.764,76.587,76.389,76.198,76.051,75.982,76.02,76.182,76.461,76.824,77.211,77.544
64500.0,70.926,71.926,72.829,73.637,74.355,74.986,75.53,75.988,76.357,76.638,76.828,76.931,76.948,76.887,76.761,76.587,76.39,76.201,76.055,75.985,76.023,76.184,76.462,76.825,77.211,77.544
64560.0,70.862,71.868,72.775,73.588,74.31,74.946,75.495,75.957,76.331,76.616,76.811,76.917,76.938,76.881,76.758,76.587,76.392,76.204,76.058,75.989,76.026,76.186,76.464,76.825,77.211,77.544
64620.0,70.799,71.809,72.721,73.538,74.266,74.906,75.459,75.926,76.305,76.595,76.794,76.904,76.929,76.875,76.755,76.586,76.394,76.207,76.061,75.992,76.029,76.189,76.465,76.826,77.211,77.543
64680.0,70.735,71.75,72.667,73.489,74.221,74.866,75.424,75.895,76.279,76.573,76.777,76.891,76.92,76.869,76.752,76.586,76.395,76.21,76.065,75.996,76.032,76.191,76.466,76.826,77.211,77.543
64740.0,70.671,71.691,72.613,73.44,74.176,74.825,75.388,75.865,76.253,76.551,76.759,76.878,76.91,76.863,76.749,76.586,76.396,76.212,76.068,75.999,76.035,76.193,76.468,76.827,77.211,77.543
64800.0,70.607,71.632,72.559,73.39,74.131,74.785,75.353,75.834,76.226,76.529,76.742,76.864,76.9,76.857,76.746,76.585,76.398,76.215,76.072,76.003,76.038,76.195,76.469,76.827,77.211,77.543
64860.0,70.544,71.574,72.505,73.341,74.087,74.745,75.317,75.803,76.2,76.507,76.724,76.851,76.891,76.851,76.743,76.584,76.399,76.218,76.075,76.006,76.041,76.198,76.471,76.828,77.211,77.542
64920.0,70.48,71.515,72.451,73.292,74.042,74.705,75.282,75.772,76.173,76.485,76.706,76.837,76.881,76.845,76.74,76.584,76.401,76.22,76.078,76.009,76.044,76.2,76.472,76.829,77.211,77.542
64980.0,70.417,71.456,72.397,73.242,73.997,74.665,75.246,75.741,76.147,76.463,76.688,76.824,76.871,76.839,76.737,76.583,76.402,76.223,76.081,76.013,76.047,76.202,76.473,76.829,77.211,77.542
65040.0,70.354,71.398,72.343,73.193,73.952,74.624,75.21,75.709,76.12,76.441,76.671,76.81,76.861,76.832,76.733,76.582,76.403,76.226,76.085,76.016,76.05,76.204,76.475,76.83,77.211,77.542
65100.0,70.291,71.34,72.289,73.143,73.907,74.584,75.175,75.678,76.093,76.419,76.653,76.796,76.852,76.826,76.73,76.582,76.404,76.228,76.088,76.02,76.053,76.207,76.476,76.83,77.211,77.541
65160.0,70.229,71.282,72.236,73.094,73.863,74.544,75.139,75.647,76.067,76.396,76.635,76.782,76.842,76.819,76.727,76.581,76.405,76.231,76.091,76.023,76.056,76.209,76.477,76.831,77.21,77.541
65220.0,70.166,71.224,72.182,73.045,73.818,74.504,75.103,75.616,76.04,76.374,76.617,76.768,76.831,76.813,76.723,76.58,76.406,76.233,76.094,76.026,76.059,76.211,76.479,76.831,77.21,77.541
65280.0,70.104,71.166,72.129,72.996,73.773,74.463,75.067,75.584,76.013,76.352,76.598,76.754,76.821,76.806,76.72,76.579,76.408,76.236,76.098,76.03,76.062,76.213,76.48,76.832,77.21,77.541
65340.0,70.042,71.108,72.075,72.947,73.728,74.423,75.031,75.553,75.986,76.329,76.58,76.74,76.811,76.799,76.716,76.578,76.409,76.238,76.101,76.033,76.065,76.216,76.481,76.832,77.21,77.54
65400.0,69.979,71.05,72.022,72.898,73.684,74.383,74.996,75.522,75.959,76.306,76.562,76.726,76.801,76.793,76.712,76.577,76.41,76.24,76.104,76.036,76.068,76.218,76.483,76.833,77.21,77.54
65460.0,69.917,70.992,71.968,72.849,73.639,74.342,74.96,75.49,75.932,76.284,76.544,76.712,76.79,76.786,76.709,76.576,76.41,76.243,76.107,76.039,76.071,76.22,76.484,76.833,77.21,77.54
65520.0,69.854,70.934,71.915,72.8,73.594,74.302,74.924,75.459,75.905,76.261,76.525,76.698,76.78,76.779,76.705,76.575,76.411,76.245,76.11,76.043,76.074,76.222,76.485,76.834,77.21,77.54
65580.0,69.792,70.876,71.861,72.751,73.55,74.262,74.888,75.427,75.878,76.238,76.507,76.683,76.77,76.772,76.701,76.573,76.412,76.247,76.113,76.046,76.077,76.224,76.487,76.835,77.21,77.54
65640.0,69.73,70.818,71.808,72.702,73.505,74.222,74.852,75.396,75.851,76.216,76.488,76.669,76.759,76.765,76.697,76.572,76.413,76.249,76.116,76.049,76.08,76.227,76.488,76.835,77.21,77.539
65700.0,69.667,70.761,71.755,72.653,73.461,74.181,74.816,75.364,75.824,76.193,76.47,76.654,76.748,76.758,76.693,76.571,76.414,76.252,76.119,76.052,76.082,76.229,76.49,76.836,77.21,77.539
65760.0,69.605,70.703,71.701,72.604,73.416,74.141,74.78,75.333,75.797,76.17,76.451,76.64,76.738,76.751,76.689,76.569,76.414,76.254,76.122,76.055,76.085,76.231,76.491,76.836,77.21,77.539
65820.0,69.542,70.645,71.648,72.555,73.371,74.101,74.744,75.301,75.769,76.147,76.432,76.625,76.727,76.744,76.685,76.568,76.415,76.256,76.125,76.059,76.088,76.233,76.492,76.837,77.21,77.539
65880.0,69.479,70.587,71.594,72.506,73.326,74.06,74.708,75.269,75.742,76.124,76.414,76.61,76.716,76.736,76.681,76.567,76.416,76.258,76.128,76.062,76.091,76.235,76.494,76.837,77.21,77.539
65940.0,69.417,70.529,71.541,72.457,73.282,74.02,74.672,75.238,75.715,76.101,76.395,76.596,76.705,76.729,76.677,76.565,76.416,76.26,76.131,76.065,76.094,76.238,76.495,76.838,77.21,77.538
66000.0,69.354,70.471,71.487,72.407,73.237,73.98,74.636,75.206,75.687,76.078,76.376,76.581,76.694,76.722,76.673,76.564,76.417,76.262,76.134,76.068,76.097,76.24,76.496,76.839,77.21,77.538
66060.0,69.291,70.413,71.434,72.358,73.192,73.939,74.6,75.174,75.66,76.055,76.357,76.566,76.683,76.714,76.668,76.562,76.417,76.264,76.137,76.071,76.1,76.242,76.498,76.839,77.21,77.538
66120.0,69.228,70.354,71.38,72.309,73.148,73.899,74.564,75.142,75.632,76.031,76.338,76.551,76.672,76.707,76.664,76.56,76.418,76.266,76.14,76.074,76.103,76.244,76.499,76.84,77.21,77.538
66180.0,69.165,70.296,71.326,72.26,73.103,73.858,74.528,75.11,75.605,76.008,76.319,76.536,76.661,76.699,76.66,76.559,76.418,76.268,76.142,76.077,76.105,76.247,76.501,76.84,77.21,77.538
66240.0,69.102,70.238,71.273,72.211,73.058,73.818,74.491,75.079,75.577,75.985,76.3,76.521,76.65,76.691,76.655,76.557,76.419,76.27,76.145,76.081,76.108,76.249,76.502,76.841,77.21,77.538
66300.0,69.039,70.18,71.219,72.161,73.013,73.777,74.455,75.047,75.549,75.961,76.281,76.506,76.639,76.684,76.651,76.555,76.419,76.272,76.148,76.084,76.111,76.251,76.503,76.842,77.21,77.537
66360.0,68.976,70.121,71.165,72.112,72.968,73.737,74.419,75.015,75.522,75.938,76.261,76.491,76.627,76.676,76.646,76.553,76.419,76.274,76.151,76.087,76.114,76.253,76.505,76.842,77.21,77.537
66420.0,68.913,70.063,71.111,72.063,72.923,73.696,74.383,74.983,75.494,75.915,76.242,76.475,76.616,76.668,76.642,76.551,76.42,76.276,76.154,76.09,76.117,76.255,76.506,76.843,77.21,77.537
66480.0,68.85,70.004,71.058,72.013,72.878,73.655,74.346,74.951,75.466,75.891,76.223,76.46,76.604,76.66,76.637,76.549,76.42,76.277,76.156,76.093,76.119,76.258,76.508,76.843,77.211,77.537
66540.0,68.788,69.946,71.004,71.964,72.833,73.615,74.31,74.919,75.438,75.867,76.203,76.445,76.593,76.652,76.632,76.547,76.42,76.279,76.159,76.096,76.122,76.26,76.509,76.844,77.211,77.537
66600.0,68.726,69.889,70.95,71.915,72.788,73.574,74.274,74.886,75.411,75.844,76.184,76.429,76.581,76.644,76.627,76.545,76.42,76.281,76.162,76.099,76.125,76.262,76.51,76.845,77.211,77.537
66660.0,68.664,69.831,70.897,71.865,72.743,73.533,74.237,74.854,75.383,75.82,76.164,76.414,76.57,76.636,76.623,76.543,76.42,76.283,76.164,76.102,76.128,76.264,76.512,76.845,77.211,77.537
66720.0,68.602,69.774,70.843,71.816,72.698,73.493,74.201,74.822,75.355,75.797,76.145,76.398,76.558,76.628,76.618,76.541,76.421,76.284,76.167,76.105,76.131,76.266,76.513,76.846,77.211,77.537
66780.0,68.541,69.716,70.79,71.767,72.653,73.452,74.164,74.79,75.327,75.773,76.125,76.383,76.547,76.62,76.613,76.539,76.421,76.286,76.17,76.108,76.134,76.269,76.515,76.847,77.211,77.537
66840.0,68.479,69.659,70.737,71.718,72.608,73.411,74.128,74.758,75.299,75.749,76.106,76.367,76.535,76.612,76.608,76.537,76.421,76.288,76.172,76.111,76.136,76.271,76.516,76.847,77.211,77.536
66900.0,68.418,69.601,70.684,71.669,72.563,73.37,74.091,74.726,75.271,75.725,76.086,76.352,76.523,76.604,76.603,76.535,76.421,76.289,76.175,76.114,76.139,76.273,76.518,76.848,77.211,77.536
66960.0,68.356,69.544,70.63,71.62,72.518,73.33,74.055,74.693,75.243,75.701,76.066,76.336,76.511,76.596,76.598,76.532,76.421,76.291,76.177,76.117,76.142,76.275,76.519,76.849,77.211,77.536
67020.0,68.294,69.487,70.577,71.571,72.473,73.289,74.018,74.661,75.215,75.677,76.046,76.32,76.499,76.587,76.593,76.53,76.421,76.292,76.18,76.12,76.145,76.278,76.521,76.849,77.212,77.536
67080.0,68.233,69.429,70.524,71.522,72.429,73.248,73.982,74.629,75.187,75.654,76.027,76.304,76.487,76.579,76.588,76.528,76.42,76.294,76.183,76.123,76.147,76.28,76.522,76.85,77.212,77.536
67140.0,68.171,69.372,70.471,71.473,72.384,73.207,73.945,74.596,75.158,75.629,76.007,76.288,76.475,76.57,76.582,76.525,76.42,76.295,76.185,76.125,76.15,76.282,76.524,76.851,77.212,77.536
67200.0,68.11,69.315,70.418,71.424,72.339,73.167,73.909,74.564,75.13,75.605,75.987,76.273,76.463,76.562,76.577,76.523,76.42,76.297,76.187,76.128,76.153,76.284,76.525,76.852,77.212,77.536
67260.0,68.048,69.257,70.365,71.375,72.294,73.126,73.872,74.531,75.102,75.581,75.967,76.257,76.451,76.553,76.572,76.52,76.42,76.298,76.19,76.131,76.156,76.286,76.527,76.852,77.212,77.536
67320.0,67.986,69.2,70.311,71.326,72.249,73.085,73.835,74.499,75.074,75.557,75.947,76.24,76.439,76.545,76.566,76.518,76.419,76.3,76.192,76.134,76.158,76.289,76.528,76.853,77.212,77.536
67380.0,67.925,69.143,70.258,71.277,72.204,73.044,73.799,74.466,75.045,75.533,75.927,76.224,76.426,76.536,76.561,76.515,76.419,76.301,76.195,76.137,76.161,76.291,76.529,76.854,77.213,77.536
67440.0,67.863,69.085,70.205,71.227,72.159,73.003,73.762,74.434,75.017,75.509,75.906,76.208,76.414,76.527,76.555,76.512,76.419,76.302,76.197,76.14,76.164,76.293,76.531,76.854,77.213,77.536
67500.0,67.801,69.028,70.152,71.178,72.114,72.962,73.725,74.401,74.988,75.484,75.886,76.192,76.402,76.518,76.55,76.51,76.418,76.304,76.2,76.143,76.167,76.295,76.532,76.855,77.213,77.536
67560.0,67.739,68.97,70.099,71.129,72.069,72.922,73.688,74.368,74.96,75.46,75.866,76.176,76.389,76.51,76.544,76.507,76.418,76.305,76.202,76.145,76.169,76.297,76.534,76.856,77.213,77.536
67620.0,67.677,68.913,70.045,71.08,72.024,72.881,73.652,74.336,74.931,75.436,75.846,76.159,76.377,76.501,76.539,76.504,76.417,76.306,76.204,76.148,76.172,76.3,76.535,76.857,77.213,77.536
67680.0,67.615,68.855,69.992,71.031,71.979,72.84,73.615,74.303,74.903,75.411,75.825,76.143,76.364,76.492,76.533,76.501,76.417,76.307,76.206,76.151,76.175,76.302,76.537,76.857,77.213,77.536
67740.0,67.553,68.798,69.939,70.982,71.934,72.799,73.578,74.27,74.874,75.387,75.805,76.127,76.352,76.483,76.527,76.498,76.416,76.309,76.209,76.154,76.177,76.304,76.538,76.858,77.214,77.536
67800.0,67.491,68.74,69.885,70.933,71.889,72.758,73.541,74.238,74.846,75.362,75.784,76.11,76.339,76.474,76.521,76.495,76.416,76.31,76.211,76.156,76.18,76.306,76.54,76.859,77.214,77.536
67860.0,67.429,68.682,69.832,70.883,71.844,72.717,73.504,74.205,74.817,75.338,75.764,76.094,76.326,76.465,76.516,76.492,76.415,76.311,76.213,76.159,76.183,76.308,76.541,76.86,77.214,77.536
67920.0,67.367,68.625,69.778,70.834,71.799,72.676,73.467,74.172,74.788,75.313,75.743,76.077,76.313,76.455,76.51,76.489,76.414,76.312,76.215,76.162,76.185,76.311,76.543,76.86,77.214,77.536
67980.0,67.305,68.567,69.725,70.785,71.753,72.635,73.43,74.139,74.759,75.288,75.723,76.06,76.301,76.446,76.504,76.486,76.414,76.313,76.217,76.164,76.188,76.313,76.544,76.861,77.214,77.536
68040.0,67.243,68.509,69.671,70.735,71.708,72.594,73.393,74.106,74.731,75.264,75.702,76.044,76.288,76.437,76.498,76.483,76.413,76.314,76.22,76.167,76.191,76.315,76.546,76.862,77.215,77.536
68100.0,67.18,68.451,69.618,70.686,71.663,72.552,73.356,74.073,74.702,75.239,75.681,76.027,76.275,76.427,76.492,76.48,76.412,76.315,76.222,76.17,76.193,76.317,76.547,76.863,77.215,77.536
68160.0,67.118,68.393,69.564,70.637,71.618,72.511,73.319,74.04,74.673,75.214,75.66,76.01,76.262,76.418,76.486,76.477,76.411,76.316,76.224,76.172,76.196,76.319,76.549,76.863,77.215,77.536
68220.0,67.057,68.336,69.511,70.587,71.572,72.47,73.282,74.007,74.644,75.189,75.64,75.993,76.249,76.409,76.479,76.473,76.41,76.317,76.226,76.175,76.198,76.321,76.55,76.864,77.215,77.536
68280.0,66.996,68.278,69.457,70.538,71.527,72.429,73.245,73.974,74.615,75.164,75.619,75.976,76.236,76.399,76.473,76.47,76.409,76.317,76.228,76.178,76.201,76.324,76.552,76.865,77.215,77.536
68340.0,66.935,68.221,69.404,70.488,71.482,72.388,73.208,73.941,74.586,75.139,75.598,75.959,76.222,76.39,76.467,76.467,76.408,76.318,76.23,76.18,76.204,76.326,76.553,76.866,77.216,77.536
68400.0,66.874,68.164,69.351,70.439,71.436,72.346,73.17,73.908,74.557,75.114,75.577,75.942,76.209,76.38,76.461,76.463,76.407,76.319,76.232,76.183,76.206,76.328,76.555,76.866,77.216,77.536
68460.0,66.813,68.107,69.298,70.39,71.391,72.305,73.133,73.875,74.528,75.089,75.556,75.925,76.196,76.37,76.454,76.46,76.406,76.32,76.234,76.185,76.209,76.33,76.556,76.867,77.216,77.536
68520.0,66.752,68.05,69.244,70.341,71.346,72.264,73.096,73.841,74.499,75.064,75.535,75.908,76.183,76.36,76.448,76.456,76.405,76.321,76.236,76.188,76.211,76.332,76.558,76.868,77.216,77.536
68580.0,66.691,67.993,69.191,70.292,71.3,72.222,73.058,73.808,74.469,75.039,75.514,75.891,76.169,76.351,76.441,76.453,76.404,76.321,76.238,76.19,76.214,76.334,76.559,76.869,77.217,77.537
68640.0,66.63,67.936,69.138,70.242,71.255,72.181,73.021,73.775,74.44,75.014,75.493,75.874,76.156,76.341,76.435,76.449,76.403,76.322,76.24,76.193,76.216,76.337,76.56,76.87,77.217,77.537
68700.0,66.569,67.879,69.085,70.193,71.21,72.14,72.984,73.742,74.411,74.989,75.471,75.856,76.142,76.331,76.428,76.445,76.401,76.322,76.241,76.195,76.219,76.339,76.562,76.87,77.217,77.537
68760.0,66.508,67.822,69.032,70.144,71.165,72.098,72.946,73.708,74.382,74.963,75.45,75.839,76.129,76.321,76.422,76.442,76.4,76.323,76.243,76.198,76.221,76.341,76.563,76.871,77.217,77.537
68820.0,66.447,67.766,68.979,70.095,71.12,72.057,72.909,73.675,74.352,74.938,75.429,75.822,76.115,76.311,76.415,76.438,76.399,76.324,76.245,76.2,76.224,76.343,76.565,76.872,77.218,77.537
68880.0,66.386,67.709,68.926,70.046,71.074,72.016,72.872,73.641,74.323,74.913,75.407,75.804,76.102,76.301,76.408,76.434,76.397,76.324,76.247,76.203,76.226,76.345,76.566,76.873,77.218,77.537
68940.0,66.326,67.652,68.873,69.997,71.029,71.974,72.834,73.608,74.293,74.887,75.386,75.787,76.088,76.291,76.401,76.43,76.396,76.325,76.249,76.205,76.229,76.347,76.568,76.873,77.218,77.537
69000.0,66.265,67.595,68.82,69.948,70.984,71.933,72.797,73.575,74.264,74.862,75.364,75.769,76.074,76.281,76.394,76.426,76.395,76.325,76.25,76.207,76.231,76.349,76.569,76.874,77.218,77.537
69060.0,66.205,67.538,68.768,69.899,70.939,71.892,72.759,73.541,74.234,74.836,75.343,75.752,76.06,76.271,76.388,76.422,76.393,76.326,76.252,76.21,76.234,76.351,76.571,76.875,77.219,77.537
69120.0,66.145,67.482,68.715,69.85,70.893,71.85,72.722,73.508,74.205,74.811,75.321,75.734,76.047,76.26,76.381,76.418,76.392,76.326,76.254,76.212,76.236,76.353,76.572,76.876,77.219,77.537
69180.0,66.086,67.426,68.662,69.801,70.848,71.809,72.685,73.474,74.175,74.785,75.3,75.716,76.033,76.25,76.374,76.414,76.39,76.326,76.255,76.214,76.239,76.356,76.574,76.877,77.219,77.537
69240.0,66.027,67.37,68.61,69.752,70.803,71.768,72.647,73.441,74.146,74.76,75.278,75.698,76.019,76.24,76.367,76.41,76.388,76.327,76.257,76.217,76.241,76.358,76.575,76.877,77.219,77.537
69300.0,65.968,67.315,68.558,69.703,70.758,71.726,72.61,73.407,74.116,74.734,75.256,75.681,76.005,76.229,76.36,76.406,76.387,76.327,76.259,76.219,76.244,76.36,76.577,76.878,77.22,77.538
69360.0,65.908,67.259,68.505,69.654,70.713,71.685,72.572,73.373,74.087,74.708,75.235,75.663,75.991,76.219,76.352,76.402,76.385,76.327,76.26,76.221,76.246,76.362,76.578,76.879,77.22,77.538
69420.0,65.849,67.203,68.453,69.606,70.668,71.644,72.535,73.34,74.057,74.682,75.213,75.645,75.977,76.208,76.345,76.398,76.383,76.327,76.262,76.224,76.248,76.364,76.58,76.88,77.22,77.538
69480.0,65.79,67.148,68.401,69.557,70.623,71.602,72.497,73.306,74.027,74.657,75.191,75.627,75.962,76.198,76.338,76.394,76.382,76.328,76.263,76.226,76.251,76.366,76.581,76.881,77.221,77.538
69540.0,65.732,67.092,68.349,69.509,70.578,71.561,72.46,73.272,73.997,74.631,75.169,75.609,75.948,76.187,76.331,76.389,76.38,76.328,76.265,76.228,76.253,76.368,76.583,76.882,77.221,77.538
69600.0,65.674,67.037,68.297,69.46,70.533,71.52,72.422,73.239,73.968,74.605,75.147,75.591,75.934,76.177,76.324,76.385,76.378,76.328,76.266,76.23,76.256,76.37,76.584,76.882,77.221,77.538
69660.0,65.616,66.983,68.246,69.412,70.488,71.479,72.385,73.205,73.938,74.579,75.125,75.573,75.92,76.166,76.316,76.381,76.376,76.328,76.268,76.233,76.258,76.372,76.586,76.883,77.221,77.538
69720.0,65.559,66.928,68.194,69.364,70.443,71.437,72.347,73.171,73.908,74.553,75.103,75.555,75.905,76.155,76.309,76.376,76.374,76.328,76.269,76.235,76.26,76.374,76.587,76.884,77.222,77.538
69780.0,65.501,66.874,68.143,69.316,70.399,71.396,72.31,73.138,73.878,74.527,75.081,75.537,75.891,76.144,76.301,76.372,76.372,76.328,76.271,76.237,76.263,76.376,76.589,76.885,77.222,77.538
69840.0,65.444,66.82,68.092,69.268,70.354,71.355,72.272,73.104,73.848,74.501,75.059,75.518,75.876,76.133,76.294,76.367,76.37,76.328,76.272,76.239,76.265,76.378,76.59,76.886,77.222,77.539
69900.0,65.387,66.766,68.041,69.22,70.31,71.314,72.235,73.07,73.818,74.475,75.037,75.5,75.862,76.123,76.286,76.363,76.368,76.328,76.273,76.241,76.267,76.38,76.592,76.886,77.223,77.539
69960.0,65.33,66.712,67.99,69.172,70.265,71.273,72.197,73.037,73.788,74.449,75.015,75.482,75.847,76.112,76.279,76.358,76.366,76.328,76.275,76.243,76.27,76.383,76.593,76.887,77.223,77.539
70020.0,65.273,66.658,67.939,69.125,70.221,71.232,72.16,73.003,73.758,74.423,74.993,75.464,75.833,76.101,76.271,76.353,76.364,76.328,76.276,76.245,76.272,76.385,76.595,76.888,77.223,77.539
70080.0,65.216,66.604,67.889,69.077,70.176,71.191,72.122,72.969,73.729,74.397,74.971,75.445,75.818,76.09,76.263,76.349,76.362,76.328,76.277,76.247,76.274,76.387,76.596,76.889,77.224,77.539
70140.0,65.16,66.551,67.838,69.03,70.132,71.15,72.085,72.935,73.699,74.371,74.948,75.427,75.804,76.079,76.256,76.344,76.36,76.328,76.279,76.249,76.277,76.389,76.598,76.89,77.224,77.539
70200.0,65.105,66.498,67.788,68.982,70.088,71.109,72.048,72.902,73.669,74.345,74.926,75.408,75.789,76.067,76.248,76.339,76.358,76.327,76.28,76.252,76.279,76.391,76.599,76.891,77.224,77.539
70260.0,65.05,66.445,67.738,68.935,70.044,71.069,72.01,72.868,73.639,74.319,74.904,75.39,75.774,76.056,76.24,76.334,76.355,76.327,76.281,76.254,76.281,76.393,76.6,76.891,77.225,77.54
70320.0,64.995,66.393,67.688,68.888,70.0,71.028,71.973,72.834,73.609,74.292,74.881,75.371,75.759,76.045,76.232,76.329,76.353,76.327,76.282,76.256,76.283,76.395,76.602,76.892,77.225,77.54
70380.0,64.94,66.34,67.638,68.841,69.956,70.987,71.936,72.8,73.578,74.266,74.859,75.353,75.744,76.034,76.224,76.324,76.351,76.327,76.283,76.258,76.286,76.397,76.603,76.893,77.225,77.54
70440.0,64.886,66.288,67.589,68.794,69.912,70.947,71.899,72.767,73.548,74.24,74.836,75.334,75.729,76.022,76.216,76.319,76.348,76.326,76.285,76.259,76.288,76.399,76.605,76.894,77.226,77.54
70500.0,64.831,66.236,67.539,68.748,69.869,70.906,71.861,72.733,73.518,74.214,74.814,75.315,75.714,76.011,76.208,76.314,76.346,76.326,76.286,76.261,76.29,76.401,76.606,76.895,77.226,77.54
70560.0,64.777,66.184,67.49,68.701,69.825,70.866,71.824,72.699,73.488,74.187,74.791,75.296,75.699,76.0,76.2,76.309,76.343,76.325,76.287,76.263,76.292,76.403,76.608,76.896,77.226,77.54
70620.0,64.722,66.133,67.441,68.655,69.782,70.825,71.787,72.666,73.458,74.161,74.769,75.278,75.684,75.988,76.192,76.304,76.341,76.325,76.288,76.265,76.294,76.405,76.609,76.897,77.227,77.541
70680.0,64.668,66.081,67.392,68.609,69.738,70.785,71.75,72.632,73.428,74.134,74.746,75.259,75.669,75.977,76.184,76.299,76.338,76.325,76.289,76.267,76.297,76.407,76.611,76.897,77.227,77.541
70740.0,64.614,66.029,67.343,68.562,69.695,70.745,71.713,72.598,73.398,74.108,74.724,75.24,75.654,75.965,76.175,76.294,76.336,76.324,76.29,76.269,76.299,76.409,76.612,76.898,77.227,77.541
70800.0,64.56,65.978,67.294,68.516,69.652,70.705,71.676,72.565,73.368,74.082,74.701,75.221,75.639,75.953,76.167,76.289,76.333,76.324,76.291,76.271,76.301,76.411,76.614,76.899,77.228,77.541
70860.0,64.506,65.926,67.245,68.47,69.609,70.664,71.639,72.531,73.338,74.055,74.678,75.202,75.624,75.942,76.159,76.283,76.331,76.323,76.292,76.273,76.303,76.413,76.615,76.9,77.228,77.541
70920.0,64.452,65.875,67.197,68.424,69.566,70.624,71.602,72.498,73.308,74.029,74.655,75.183,75.608,75.93,76.151,76.278,76.328,76.322,76.293,76.275,76.305,76.415,76.617,76.901,77.228,77.542
70980.0,64.398,65.824,67.148,68.379,69.523,70.584,71.565,72.464,73.278,74.002,74.633,75.164,75.593,75.918,76.142,76.273,76.325,76.322,76.294,76.276,76.307,76.417,76.618,76.902,77.229,77.542
71040.0,64.344,65.773,67.1,68.333,69.48,70.544,71.528,72.431,73.248,73.976,74.61,75.145,75.578,75.906,76.134,76.267,76.322,76.321,76.294,76.278,76.309,76.418,76.62,76.903,77.229,77.542
71100.0,64.29,65.722,67.051,68.287,69.437,70.504,71.492,72.397,73.218,73.949,74.587,75.126,75.562,75.895,76.125,76.262,76.32,76.32,76.295,76.28,76.312,76.42,76.621,76.903,77.229,77.542
71160.0,64.236,65.671,67.003,68.241,69.394,70.465,71.455,72.364,73.188,73.923,74.564,75.107,75.547,75.883,76.117,76.257,76.317,76.32,76.296,76.282,76.314,76.422,76.623,76.904,77.23,77.542
71220.0,64.183,65.619,66.954,68.196,69.351,70.425,71.418,72.33,73.158,73.896,74.541,75.088,75.531,75.871,76.108,76.251,76.314,76.319,76.297,76.283,76.316,76.424,76.624,76.905,77.23,77.543
71280.0,64.129,65.569,66.906,68.15,69.308,70.385,71.381,72.297,73.128,73.87,74.519,75.069,75.516,75.859,76.1,76.245,76.311,76.318,76.298,76.285,76.318,76.426,76.625,76.906,77.231,77.543
71340.0,64.075,65.518,66.858,68.105,69.266,70.345,71.345,72.263,73.098,73.843,74.496,75.049,75.5,75.847,76.091,76.24,76.308,76.317,76.298,76.287,76.32,76.428,76.627,76.907,77.231,77.543
71400.0,64.022,65.467,66.81,68.059,69.223,70.306,71.308,72.23,73.068,73.817,74.473,75.03,75.485,75.835,76.082,76.234,76.305,76.317,76.299,76.289,76.322,76.43,76.628,76.908,77.231,77.543
71460.0,63.968,65.416,66.762,68.014,69.18,70.266,71.272,72.196,73.037,73.79,74.45,75.011,75.469,75.823,76.073,76.229,76.302,76.316,76.3,76.29,76.324,76.432,76.63,76.909,77.232,77.544
71520.0,63.915,65.365,66.713,67.969,69.138,70.226,71.235,72.163,73.007,73.764,74.427,74.991,75.453,75.811,76.065,76.223,76.299,76.315,76.3,76.292,76.326,76.434,76.631,76.91,77.232,77.544
71580.0,63.861,65.314,66.665,67.923,69.095,70.187,71.198,72.13,72.977,73.737,74.404,74.972,75.438,75.798,76.056,76.217,76.296,76.314,76.301,76.293,76.328,76.436,76.633,76.91,77.233,77.544
71640.0,63.808,65.264,66.617,67.878,69.053,70.147,71.162,72.096,72.947,73.711,74.381,74.953,75.422,75.786,76.047,76.211,76.293,76.313,76.302,76.295,76.33,76.438,76.634,76.911,77.233,77.544
71700.0,63.755,65.213,66.569,67.833,69.011,70.108,71.125,72.063,72.917,73.684,74.358,74.933,75.406,75.774,76.038,76.205,76.289,76.312,76.302,76.297,76.332,76.44,76.636,76.912,77.233,77.545
71760.0,63.701,65.162,66.522,67.788,68.968,70.068,71.089,72.03,72.887,73.657,74.335,74.914,75.39,75.762,76.029,76.199,76.286,76.311,76.303,76.298,76.334,76.441,76.637,76.913,77.234,77.545
71820.0,63.648,65.112,66.474,67.742,68.926,70.029,71.053,71.996,72.857,73.631,74.312,74.894,75.374,75.749,76.02,76.194,76.283,76.31,76.303,76.3,76.336,76.443,76.639,76.914,77.234,77.545
71880.0,63.595,65.061,66.426,67.697,68.883,69.989,71.016,71.963,72.827,73.604,74.289,74.875,75.358,75.737,76.011,76.188,76.28,76.309,76.304,76.301,76.338,76.445,76.64,76.915,77.235,77.545
71940.0,63.541,65.011,66.378,67.652,68.841,69.95,70.98,71.93,72.797,73.578,74.265,74.855,75.343,75.724,76.002,76.182,76.276,76.307,76.304,76.303,76.34,76.447,76.641,76.916,77.235,77.546
72000.0,63.488,64.96,66.33,67.607,68.799,69.91,70.943,71.897,72.767,73.551,74.242,74.836,75.327,75.712,75.993,76.175,76.273,76.306,76.305,76.304,76.342,76.449,76.643,76.917,77.235,77.546
72060.0,63.435,64.91,66.282,67.562,68.757,69.871,70.907,71.863,72.737,73.524,74.219,74.816,75.311,75.699,75.984,76.169,76.269,76.305,76.305,76.306,76.344,76.451,76.644,76.917,77.236,77.546
72120.0,63.382,64.859,66.235,67.517,68.714,69.832,70.871,71.83,72.707,73.498,74.196,74.797,75.294,75.687,75.974,76.163,76.266,76.304,76.306,76.307,76.346,76.453,76.646,76.918,77.236,77.546
72180.0,63.328,64.809,66.187,67.472,68.672,69.792,70.834,71.797,72.677,73.471,74.173,74.777,75.278,75.674,75.965,76.157,76.263,76.303,76.306,76.309,76.347,76.455,76.647,76.919,77.237,77.547
72240.0,63.275,64.758,66.139,67.427,68.63,69.753,70.798,71.764,72.647,73.444,74.15,74.757,75.262,75.662,75.956,76.151,76.259,76.301,76.307,76.31,76.349,76.456,76.649,76.92,77.237,77.547
72300.0,63.222,64.708,66.091,67.382,68.588,69.714,70.762,71.73,72.617,73.418,74.126,74.738,75.246,75.649,75.947,76.145,76.256,76.3,76.307,76.311,76.351,76.458,76.65,76.921,77.238,77.547
72360.0,63.169,64.657,66.044,67.337,68.546,69.675,70.725,71.697,72.587,73.391,74.103,74.718,75.23,75.636,75.937,76.138,76.252,76.299,76.307,76.313,76.353,76.46,76.652,76.922,77.238,77.547
72420.0,63.116,64.607,65.996,67.292,68.504,69.635,70.689,71.664,72.557,73.364,74.08,74.698,75.214,75.624,75.928,76.132,76.248,76.297,76.307,76.314,76.355,76.462,76.653,76.923,77.238,77.548
72480.0,63.063,64.557,65.949,67.247,68.462,69.596,70.653,71.631,72.527,73.338,74.057,74.678,75.197,75.611,75.918,76.126,76.245,76.296,76.308,76.316,76.357,76.464,76.654,76.924,77.239,77.548
72540.0,63.01,64.507,65.901,67.203,68.42,69.557,70.617,71.598,72.497,73.311,74.033,74.659,75.181,75.598,75.909,76.119,76.241,76.294,76.308,76.317,76.359,76.465,76.656,76.925,77.239,77.548
72600.0,62.957,64.456,65.853,67.158,68.378,69.518,70.58,71.564,72.467,73.284,74.01,74.639,75.165,75.585,75.899,76.113,76.237,76.293,76.308,76.318,76.36,76.467,76.657,76.926,77.24,77.549
72660.0,62.904,64.406,65.806,67.113,68.336,69.479,70.544,71.531,72.437,73.258,73.987,74.619,75.149,75.572,75.89,76.106,76.233,76.291,76.308,76.319,76.362,76.469,76.659,76.926,77.24,77.549
72720.0,62.851,64.356,65.758,67.068,68.294,69.439,70.508,71.498,72.407,73.231,73.963,74.599,75.132,75.559,75.88,76.1,76.23,76.29,76.309,76.321,76.364,76.471,76.66,76.927,77.241,77.549
72780.0,62.799,64.306,65.711,67.023,68.252,69.4,70.472,71.465,72.377,73.204,73.94,74.579,75.116,75.546,75.871,76.093,76.226,76.288,76.309,76.322,76.366,76.473,76.662,76.928,77.241,77.55
72840.0,62.747,64.256,65.664,66.979,68.21,69.361,70.435,71.432,72.347,73.177,73.917,74.559,75.099,75.533,75.861,76.087,76.222,76.287,76.309,76.323,76.367,76.474,76.663,76.929,77.242,77.55
72900.0,62.696,64.207,65.617,66.934,68.168,69.322,70.399,71.399,72.317,73.151,73.893,74.539,75.083,75.52,75.851,76.08,76.218,76.285,76.309,76.324,76.369,76.476,76.664,76.93,77.242,77.55
72960.0,62.644,64.158,65.57,66.89,68.126,69.283,70.363,71.365,72.287,73.124,73.87,74.519,75.066,75.507,75.841,76.073,76.214,76.283,76.309,76.326,76.371,76.478,76.666,76.931,77.243,77.55
73020.0,62.594,64.109,65.523,66.845,68.084,69.244,70.327,71.332,72.257,73.097,73.846,74.499,75.05,75.494,75.832,76.066,76.21,76.282,76.309,76.327,76.373,76.48,76.667,76.932,77.243,77.551
73080.0,62.543,64.06,65.477,66.801,68.042,69.205,70.291,71.299,72.227,73.07,73.823,74.479,75.033,75.481,75.822,76.06,76.206,76.28,76.309,76.328,76.374,76.481,76.669,76.933,77.244,77.551
73140.0,62.493,64.012,65.43,66.757,68.001,69.166,70.255,71.266,72.197,73.043,73.799,74.459,75.017,75.468,75.812,76.053,76.202,76.278,76.309,76.329,76.376,76.483,76.67,76.934,77.244,77.551
73200.0,62.444,63.964,65.384,66.713,67.959,69.127,70.219,71.233,72.167,73.017,73.776,74.439,75.0,75.455,75.802,76.046,76.198,76.276,76.309,76.33,76.378,76.485,76.672,76.935,77.244,77.552
73260.0,62.394,63.916,65.338,66.669,67.918,69.088,70.183,71.2,72.137,72.99,73.753,74.419,74.983,75.441,75.792,76.039,76.194,76.274,76.309,76.331,76.379,76.487,76.673,76.936,77.245,77.552
73320.0,62.345,63.869,65.293,66.626,67.877,69.05,70.147,71.167,72.107,72.963,73.729,74.399,74.967,75.428,75.782,76.032,76.19,76.273,76.309,76.332,76.381,76.488,76.674,76.937,77.245,77.552
73380.0,62.296,63.822,65.247,66.582,67.835,69.011,70.111,71.134,72.077,72.936,73.705,74.379,74.95,75.415,75.772,76.025,76.185,76.271,76.309,76.333,76.383,76.49,76.676,76.937,77.246,77.553
73440.0,62.247,63.774,65.202,66.539,67.794,68.972,70.075,71.1,72.047,72.909,73.682,74.359,74.933,75.401,75.762,76.018,76.181,76.269,76.308,76.334,76.384,76.492,76.677,76.938,77.246,77.553
73500.0,62.198,63.727,65.157,66.496,67.753,68.934,70.039,71.067,72.017,72.882,73.658,74.338,74.916,75.388,75.752,76.011,76.177,76.267,76.308,76.336,76.386,76.494,76.679,76.939,77.247,77.553
73560.0,62.15,63.68,65.112,66.453,67.712,68.895,70.003,71.034,71.987,72.856,73.635,74.318,74.9,75.375,75.742,76.004,76.173,76.265,76.308,76.337,76.388,76.495,76.68,76.94,77.247,77.554
73620.0,62.101,63.633,65.067,66.41,67.672,68.857,69.967,71.001,71.957,72.829,73.611,74.298,74.883,75.361,75.732,75.997,76.168,76.263,76.308,76.337,76.389,76.497,76.681,76.941,77.248,77.554
73680.0,62.052,63.587,65.022,66.367,67.631,68.819,69.931,70.968,71.927,72.802,73.588,74.278,74.866,75.348,75.721,75.99,76.164,76.261,76.308,76.338,76.391,76.499,76.683,76.942,77.248,77.555
73740.0,62.004,63.54,64.977,66.324,67.59,68.78,69.896,70.936,71.897,72.775,73.564,74.257,74.849,75.334,75.711,75.983,76.159,76.259,76.307,76.339,76.392,76.5,76.684,76.943,77.249,77.555
73800.0,61.956,63.494,64.932,66.282,67.55,68.742,69.86,70.903,71.867,72.748,73.54,74.237,74.832,75.321,75.701,75.976,76.155,76.257,76.307,76.34,76.394,76.502,76.686,76.944,77.249,77.555
73860.0,61.908,63.447,64.888,66.239,67.51,68.704,69.825,70.87,71.837,72.721,73.517,74.217,74.815,75.307,75.691,75.968,76.151,76.254,76.307,76.341,76.396,76.504,76.687,76.945,77.25,77.556
73920.0,61.86,63.401,64.843,66.197,67.469,68.666,69.789,70.837,71.807,72.694,73.493,74.196,74.798,75.293,75.68,75.961,76.146,76.252,76.306,76.342,76.397,76.505,76.688,76.946,77.25,77.556
73980.0,61.812,63.355,64.799,66.154,67.429,68.628,69.754,70.804,71.777,72.667,73.469,74.176,74.781,75.28,75.67,75.954,76.141,76.25,76.306,76.343,76.399,76.507,76.69,76.947,77.251,77.556
74040.0,61.766,63.31,64.755,66.112,67.389,68.59,69.718,70.771,71.747,72.641,73.446,74.156,74.764,75.266,75.659,75.947,76.137,76.248,76.306,76.344,76.4,76.509,76.691,76.948,77.251,77.557
74100.0,61.719,63.264,64.711,66.07,67.349,68.552,69.683,70.739,71.717,72.614,73.422,74.135,74.747,75.252,75.649,75.939,76.132,76.246,76.305,76.345,76.402,76.51,76.693,76.949,77.252,77.557
74160.0,61.673,63.219,64.668,66.028,67.309,68.515,69.647,70.706,71.687,72.587,73.398,74.115,74.73,75.239,75.639,75.932,76.128,76.243,76.305,76.346,76.403,76.512,76.694,76.95,77.253,77.558
74220.0,61.627,63.175,64.624,65.987,67.269,68.477,69.612,70.673,71.658,72.56,73.375,74.094,74.713,75.225,75.628,75.924,76.123,76.241,76.304,76.346,76.405,76.514,76.695,76.951,77.253,77.558
74280.0,61.581,63.13,64.581,65.945,67.23,68.44,69.577,70.641,71.628,72.533,73.351,74.074,74.696,75.211,75.618,75.917,76.118,76.239,76.304,76.347,76.406,76.515,76.697,76.952,77.254,77.559
74340.0,61.535,63.086,64.538,65.904,67.19,68.402,69.542,70.608,71.598,72.506,73.327,74.054,74.679,75.197,75.607,75.91,76.114,76.237,76.304,76.348,76.408,76.517,76.698,76.953,77.254,77.559
74400.0,61.49,63.041,64.495,65.862,67.151,68.365,69.507,70.576,71.568,72.48,73.304,74.033,74.662,75.184,75.596,75.902,76.109,76.234,76.303,76.349,76.409,76.519,76.7,76.954,77.255,77.56
74460.0,61.444,62.997,64.453,65.821,67.111,68.328,69.472,70.543,71.539,72.453,73.28,74.013,74.645,75.17,75.586,75.895,76.104,76.232,76.303,76.35,76.411,76.52,76.701,76.955,77.256,77.56
74520.0,61.399,62.953,64.41,65.78,67.072,68.29,69.437,70.511,71.509,72.426,73.256,73.992,74.627,75.156,75.575,75.887,76.1,76.229,76.302,76.35,76.412,76.522,76.703,76.956,77.256,77.56
74580.0,61.353,62.909,64.368,65.739,67.033,68.253,69.402,70.479,71.479,72.399,73.232,73.972,74.61,75.142,75.565,75.879,76.095,76.227,76.301,76.351,76.414,76.524,76.704,76.957,77.257,77.561
74640.0,61.309,62.865,64.325,65.699,66.994,68.216,69.367,70.446,71.45,72.373,73.209,73.951,74.593,75.128,75.554,75.872,76.09,76.225,76.301,76.352,76.415,76.525,76.706,76.958,77.257,77.561
74700.0,61.265,62.822,64.283,65.658,66.955,68.179,69.333,70.414,71.42,72.346,73.185,73.931,74.576,75.114,75.543,75.864,76.085,76.222,76.3,76.353,76.417,76.527,76.707,76.959,77.258,77.562
74760.0,61.221,62.779,64.241,65.618,66.916,68.143,69.298,70.382,71.39,72.319,73.161,73.91,74.558,75.1,75.532,75.856,76.08,76.219,76.3,76.353,76.418,76.529,76.708,76.96,77.259,77.562
74820.0,61.177,62.736,64.2,65.577,66.878,68.106,69.263,70.349,71.361,72.292,73.138,73.89,74.541,75.086,75.522,75.849,76.075,76.217,76.299,76.354,76.419,76.53,76.71,76.961,77.259,77.563
74880.0,61.134,62.694,64.158,65.537,66.839,68.069,69.229,70.317,71.331,72.265,73.114,73.869,74.524,75.072,75.511,75.841,76.07,76.214,76.298,76.355,76.421,76.532,76.711,76.962,77.26,77.563
74940.0,61.09,62.651,64.117,65.497,66.801,68.033,69.194,70.285,71.302,72.239,73.09,73.848,74.506,75.058,75.5,75.833,76.065,76.212,76.298,76.355,76.422,76.533,76.713,76.963,77.261,77.564
75000.0,61.047,62.609,64.076,65.457,66.763,67.996,69.16,70.253,71.272,72.212,73.066,73.828,74.489,75.044,75.489,75.825,76.06,76.209,76.297,76.356,76.424,76.535,76.714,76.964,77.261,77.564
75060.0,61.004,62.567,64.035,65.418,66.724,67.96,69.126,70.221,71.243,72.185,73.043,73.807,74.472,75.03,75.478,75.817,76.055,76.206,76.296,76.357,76.425,76.537,76.715,76.965,77.262,77.565
75120.0,60.961,62.525,63.994,65.378,66.686,67.924,69.092,70.189,71.213,72.159,73.019,73.786,74.454,75.016,75.467,75.809,76.05,76.204,76.295,76.357,76.426,76.538,76.717,76.966,77.263,77.565
75180.0,60.919,62.484,63.953,65.339,66.649,67.888,69.057,70.157,71.184,72.132,72.995,73.766,74.437,75.001,75.456,75.802,76.045,76.201,76.294,76.358,76.428,76.54,76.718,76.967,77.263,77.566
75240.0,60.876,62.442,63.913,65.3,66.611,67.852,69.023,70.125,71.154,72.105,72.971,73.745,74.419,74.987,75.445,75.794,76.04,76.198,76.294,76.358,76.429,76.541,76.72,76.968,77.264,77.566
75300.0,60.834,62.4,63.873,65.261,66.573,67.816,68.989,70.094,71.125,72.079,72.948,73.725,74.402,74.973,75.434,75.786,76.034,76.195,76.293,76.359,76.43,76.543,76.721,76.969,77.264,77.567
75360.0,60.791,62.359,63.832,65.222,66.536,67.78,68.955,70.062,71.096,72.052,72.924,73.704,74.384,74.959,75.423,75.778,76.029,76.193,76.292,76.359,76.432,76.544,76.722,76.97,77.265,77.568
75420.0,60.749,62.318,63.792,65.183,66.498,67.744,68.922,70.03,71.067,72.025,72.9,73.683,74.367,74.944,75.412,75.769,76.024,76.19,76.291,76.36,76.433,76.546,76.724,76.971,77.266,77.568
75480.0,60.707,62.277,63.752,65.144,66.461,67.708,68.888,69.999,71.037,71.999,72.876,73.662,74.349,74.93,75.401,75.761,76.019,76.187,76.29,76.36,76.434,76.548,76.725,76.972,77.266,77.569
75540.0,60.665,62.236,63.712,65.105,66.424,67.673,68.854,69.967,71.008,71.972,72.853,73.642,74.332,74.916,75.39,75.753,76.013,76.184,76.289,76.361,76.435,76.549,76.727,76.973,77.267,77.569
75600.0,60.623,62.195,63.673,65.067,66.387,67.637,68.821,69.936,70.979,71.946,72.829,73.621,74.314,74.901,75.378,75.745,76.008,76.181,76.288,76.361,76.437,76.551,76.728,76.974,77.268,77.57
75660.0,60.582,62.154,63.633,65.028,66.35,67.602,68.787,69.904,70.95,71.919,72.805,73.6,74.297,74.887,75.367,75.737,76.002,76.178,76.287,76.361,76.438,76.552,76.729,76.975,77.268,77.57
75720.0,60.54,62.114,63.593,64.99,66.313,67.567,68.754,69.873,70.921,71.893,72.782,73.58,74.279,74.872,75.356,75.729,75.997,76.175,76.286,76.362,76.439,76.554,76.731,76.976,77.269,77.571
75780.0,60.498,62.073,63.554,64.952,66.276,67.531,68.72,69.841,70.892,71.866,72.758,73.559,74.261,74.858,75.345,75.72,75.992,76.172,76.285,76.362,76.44,76.555,76.732,76.977,77.27,77.571
75840.0,60.457,62.033,63.515,64.914,66.239,67.496,68.687,69.81,70.863,71.84,72.734,73.538,74.244,74.844,75.333,75.712,75.986,76.169,76.284,76.362,76.441,76.557,76.734,76.978,77.27,77.572
75900.0,60.416,61.992,63.475,64.876,66.203,67.461,68.654,69.779,70.834,71.813,72.71,73.517,74.226,74.829,75.322,75.704,75.981,76.166,76.283,76.363,76.443,76.558,76.735,76.979,77.271,77.572
75960.0,60.375,61.952,63.436,64.838,66.166,67.426,68.62,69.748,70.805,71.787,72.687,73.497,74.208,74.815,75.31,75.695,75.975,76.163,76.282,76.363,76.444,76.56,76.736,76.98,77.272,77.573
76020.0,60.334,61.912,63.397,64.8,66.13,67.391,68.587,69.717,70.776,71.761,72.663,73.476,74.191,74.8,75.299,75.687,75.969,76.16,76.281,76.363,76.445,76.561,76.738,76.981,77.272,77.573
76080.0,60.293,61.872,63.358,64.762,66.093,67.357,68.554,69.686,70.747,71.734,72.639,73.455,74.173,74.785,75.288,75.679,75.964,76.156,76.279,76.364,76.446,76.563,76.739,76.982,77.273,77.574
76140.0,60.252,61.832,63.32,64.725,66.057,67.322,68.521,69.655,70.718,71.708,72.616,73.434,74.155,74.771,75.276,75.67,75.958,76.153,76.278,76.364,76.447,76.564,76.74,76.983,77.274,77.575
76200.0,60.211,61.793,63.281,64.687,66.021,67.287,68.488,69.624,70.69,71.682,72.592,73.414,74.137,74.756,75.265,75.662,75.952,76.15,76.277,76.364,76.448,76.565,76.742,76.984,77.274,77.575
76260.0,60.171,61.753,63.242,64.65,65.985,67.253,68.456,69.593,70.661,71.655,72.569,73.393,74.12,74.742,75.253,75.653,75.947,76.147,76.276,76.364,76.449,76.567,76.743,76.985,77.275,77.576
76320.0,60.13,61.713,63.204,64.613,65.949,67.218,68.423,69.562,70.632,71.629,72.545,73.372,74.102,74.727,75.242,75.645,75.941,76.144,76.274,76.365,76.45,76.568,76.744,76.986,77.276,77.576
76380.0,60.09,61.674,63.165,64.575,65.913,67.184,68.39,69.531,70.604,71.603,72.521,73.351,74.084,74.712,75.23,75.636,75.935,76.14,76.273,76.365,76.452,76.57,76.746,76.987,77.276,77.577
76440.0,60.049,61.635,63.127,64.538,65.877,67.149,68.357,69.5,70.575,71.576,72.498,73.33,74.066,74.698,75.218,75.628,75.929,76.137,76.272,76.365,76.453,76.571,76.747,76.988,77.277,77.577
76500.0,60.009,61.595,63.089,64.501,65.841,67.115,68.325,69.47,70.546,71.55,72.474,73.31,74.049,74.683,75.207,75.619,75.924,76.134,76.27,76.365,76.454,76.573,76.748,76.989,77.278,77.578
76560.0,59.969,61.556,63.051,64.464,65.806,67.081,68.292,69.439,70.518,71.524,72.45,73.289,74.031,74.668,75.195,75.61,75.918,76.13,76.269,76.365,76.455,76.574,76.75,76.99,77.278,77.579
76620.0,59.929,61.517,63.013,64.427,65.77,67.047,68.26,69.408,70.489,71.498,72.427,73.268,74.013,74.653,75.184,75.602,75.912,76.127,76.268,76.365,76.456,76.575,76.751,76.991,77.279,77.579
76680.0,59.889,61.478,62.975,64.39,65.735,67.013,68.227,69.378,70.461,71.472,72.403,73.247,73.995,74.639,75.172,75.593,75.906,76.123,76.266,76.365,76.457,76.577,76.752,76.992,77.28,77.58
76740.0,59.85,61.439,62.937,64.354,65.699,66.979,68.195,69.347,70.433,71.446,72.38,73.227,73.977,74.624,75.16,75.584,75.9,76.12,76.265,76.365,76.458,76.578,76.754,76.993,77.281,77.58
76800.0,59.81,61.4,62.899,64.317,65.664,66.945,68.163,69.317,70.404,71.42,72.356,73.206,73.959,74.609,75.148,75.575,75.894,76.116,76.263,76.365,76.459,76.579,76.755,76.994,77.281,77.581
76860.0,59.77,61.362,62.861,64.28,65.628,66.911,68.131,69.287,70.376,71.394,72.333,73.185,73.942,74.594,75.137,75.567,75.888,76.113,76.262,76.365,76.46,76.581,76.756,76.995,77.282,77.581
76920.0,59.731,61.323,62.824,64.244,65.593,66.877,68.098,69.256,70.348,71.368,72.309,73.164,73.924,74.579,75.125,75.558,75.882,76.109,76.26,76.365,76.461,76.582,76.758,76.996,77.283,77.582
76980.0,59.692,61.285,62.786,64.208,65.558,66.844,68.066,69.226,70.319,71.342,72.286,73.143,73.906,74.564,75.113,75.549,75.876,76.106,76.259,76.365,76.461,76.583,76.759,76.997,77.283,77.583
77040.0,59.654,61.247,62.749,64.171,65.523,66.81,68.034,69.196,70.291,71.316,72.262,73.123,73.888,74.55,75.101,75.54,75.87,76.102,76.257,76.365,76.462,76.585,76.76,76.999,77.284,77.583
77100.0,59.616,61.209,62.712,64.135,65.488,66.776,68.002,69.165,70.263,71.29,72.239,73.102,73.87,74.535,75.089,75.531,75.864,76.098,76.256,76.365,76.463,76.586,76.762,77.0,77.285,77.584
77160.0,59.578,61.172,62.675,64.099,65.453,66.743,67.97,69.135,70.235,71.264,72.215,73.081,73.852,74.52,75.077,75.522,75.858,76.095,76.254,76.365,76.464,76.587,76.763,77.001,77.285,77.584
77220.0,59.54,61.135,62.639,64.063,65.419,66.709,67.938,69.105,70.207,71.238,72.192,73.06,73.834,74.505,75.065,75.513,75.851,76.091,76.252,76.365,76.465,76.589,76.764,77.002,77.286,77.585
77280.0,59.503,61.098,62.602,64.028,65.384,66.676,67.907,69.075,70.179,71.212,72.169,73.04,73.816,74.49,75.053,75.504,75.845,76.087,76.251,76.365,76.466,76.59,76.766,77.003,77.287,77.586
77340.0,59.466,61.061,62.566,63.992,65.349,66.643,67.875,69.045,70.151,71.186,72.145,73.019,73.798,74.475,75.042,75.495,75.839,76.084,76.249,76.365,76.467,76.591,76.767,77.004,77.288,77.586
77400.0,59.428,61.024,62.53,63.957,65.315,66.61,67.843,69.015,70.123,71.16,72.122,72.998,73.78,74.46,75.03,75.486,75.833,76.08,76.247,76.365,76.468,76.593,76.768,77.005,77.288,77.587
77460.0,59.391,60.987,62.494,63.922,65.281,66.577,67.812,68.985,70.095,71.135,72.098,72.977,73.762,74.445,75.018,75.477,75.827,76.076,76.246,76.364,76.468,76.594,76.769,77.006,77.289,77.588
77520.0,59.355,60.951,62.458,63.886,65.247,66.544,67.78,68.955,70.067,71.109,72.075,72.957,73.744,74.43,75.005,75.468,75.82,76.072,76.244,76.364,76.469,76.595,76.771,77.007,77.29,77.588
77580.0,59.318,60.915,62.422,63.851,65.213,66.511,67.749,68.926,70.039,71.083,72.052,72.936,73.726,74.415,74.993,75.459,75.814,76.068,76.242,76.364,76.47,76.596,76.772,77.008,77.29,77.589
77640.0,59.281,60.879,62.386,63.817,65.179,66.478,67.717,68.896,70.011,71.057,72.028,72.915,73.708,74.4,74.981,75.45,75.808,76.064,76.24,76.364,76.471,76.598,76.773,77.009,77.291,77.589
77700.0,59.245,60.843,62.351,63.782,65.145,66.445,67.686,68.866,69.983,71.032,72.005,72.894,73.691,74.385,74.969,75.441,75.801,76.061,76.238,76.364,76.472,76.599,76.775,77.01,77.292,77.59
77760.0,59.209,60.807,62.316,63.747,65.111,66.413,67.655,68.837,69.955,71.006,71.982,72.874,73.673,74.37,74.957,75.432,75.795,76.057,76.237,76.363,76.472,76.6,76.776,77.011,77.293,77.591
77820.0,59.173,60.771,62.28,63.713,65.077,66.38,67.624,68.807,69.928,70.98,71.958,72.853,73.655,74.354,74.945,75.422,75.788,76.053,76.235,76.363,76.473,76.601,76.777,77.012,77.293,77.591
77880.0,59.137,60.735,62.245,63.678,65.044,66.348,67.593,68.778,69.9,70.955,71.935,72.832,73.637,74.339,74.933,75.413,75.782,76.049,76.233,76.363,76.474,76.603,76.778,77.013,77.294,77.592
77940.0,59.101,60.7,62.21,63.644,65.011,66.316,67.562,68.748,69.872,70.929,71.912,72.811,73.619,74.324,74.921,75.404,75.775,76.045,76.231,76.362,76.474,76.604,76.78,77.014,77.295,77.593
78000.0,59.065,60.665,62.175,63.61,64.977,66.283,67.531,68.719,69.845,70.904,71.889,72.791,73.601,74.309,74.908,75.394,75.769,76.041,76.229,76.362,76.475,76.605,76.781,77.015,77.296,77.593
78060.0,59.029,60.629,62.141,63.576,64.944,66.251,67.5,68.689,69.817,70.878,71.865,72.77,73.583,74.294,74.896,75.385,75.762,76.037,76.227,76.362,76.476,76.606,76.782,77.016,77.296,77.594
78120.0,58.994,60.594,62.106,63.542,64.911,66.219,67.469,68.66,69.79,70.853,71.842,72.749,73.564,74.279,74.884,75.376,75.756,76.033,76.225,76.361,76.477,76.607,76.783,77.017,77.297,77.594
78180.0,58.959,60.559,62.072,63.508,64.878,66.187,67.438,68.631,69.762,70.827,71.819,72.728,73.546,74.264,74.872,75.366,75.749,76.028,76.223,76.361,76.477,76.609,76.785,77.018,77.298,77.595
78240.0,58.924,60.524,62.037,63.474,64.845,66.155,67.408,68.602,69.735,70.802,71.796,72.708,73.528,74.248,74.859,75.357,75.742,76.024,76.221,76.36,76.478,76.61,76.786,77.019,77.299,77.596
78300.0,58.888,60.49,62.003,63.441,64.812,66.124,67.377,68.573,69.708,70.777,71.773,72.687,73.51,74.233,74.847,75.348,75.736,76.02,76.219,76.36,76.478,76.611,76.787,77.02,77.299,77.596
78360.0,58.854,60.455,61.969,63.407,64.779,66.092,67.347,68.544,69.68,70.751,71.749,72.666,73.492,74.218,74.835,75.338,75.729,76.016,76.217,76.36,76.479,76.612,76.788,77.021,77.3,77.597
78420.0,58.819,60.421,61.935,63.374,64.747,66.06,67.316,68.515,69.653,70.726,71.726,72.646,73.474,74.203,74.822,75.329,75.722,76.012,76.215,76.359,76.48,76.613,76.789,77.022,77.301,77.598
78480.0,58.784,60.386,61.901,63.34,64.714,66.029,67.286,68.486,69.626,70.701,71.703,72.625,73.456,74.187,74.81,75.319,75.716,76.007,76.213,76.359,76.48,76.614,76.791,77.023,77.302,77.598
78540.0,58.75,60.352,61.867,63.307,64.682,65.997,67.256,68.457,69.599,70.675,71.68,72.604,73.438,74.172,74.798,75.31,75.709,76.003,76.211,76.358,76.481,76.615,76.792,77.024,77.302,77.599
78600.0,58.715,60.318,61.833,63.274,64.65,65.966,67.225,68.428,69.571,70.65,71.657,72.584,73.42,74.157,74.785,75.3,75.702,75.999,76.208,76.358,76.481,76.616,76.793,77.025,77.303,77.6
78660.0,58.681,60.284,61.8,63.241,64.617,65.934,67.195,68.399,69.544,70.625,71.634,72.563,73.402,74.142,74.773,75.291,75.695,75.995,76.206,76.357,76.482,76.618,76.794,77.026,77.304,77.6
78720.0,58.647,60.25,61.766,63.208,64.585,65.903,67.165,68.371,69.517,70.6,71.611,72.542,73.384,74.126,74.76,75.281,75.688,75.99,76.204,76.356,76.482,76.619,76.795,77.027,77.305,77.601
78780.0,58.613,60.216,61.733,63.175,64.553,65.872,67.135,68.342,69.49,70.575,71.588,72.522,73.366,74.111,74.748,75.271,75.682,75.986,76.202,76.356,76.483,76.62,76.797,77.028,77.305,77.602
78840.0,58.579,60.183,61.7,63.143,64.521,65.841,67.105,68.314,69.463,70.549,71.565,72.501,73.348,74.096,74.735,75.262,75.675,75.982,76.199,76.355,76.483,76.621,76.798,77.029,77.306,77.602
78900.0,58.545,60.149,61.667,63.11,64.489,65.81,67.075,68.285,69.436,70.524,71.542,72.48,73.33,74.08,74.723,75.252,75.668,75.977,76.197,76.355,76.484,76.622,76.799,77.03,77.307,77.603
78960.0,58.512,60.116,61.634,63.078,64.457,65.779,67.046,68.257,69.41,70.499,71.519,72.46,73.312,74.065,74.71,75.243,75.661,75.973,76.195,76.354,76.484,76.623,76.8,77.031,77.308,77.604
79020.0,58.478,60.083,61.601,63.045,64.426,65.748,67.016,68.228,69.383,70.474,71.496,72.439,73.294,74.05,74.698,75.233,75.654,75.968,76.193,76.353,76.485,76.624,76.801,77.032,77.308,77.604
79080.0,58.445,60.05,61.568,63.013,64.394,65.718,66.986,68.2,69.356,70.449,71.473,72.419,73.276,74.034,74.685,75.223,75.647,75.964,76.19,76.353,76.485,76.625,76.803,77.033,77.309,77.605
79140.0,58.412,60.017,61.535,62.981,64.363,65.687,66.957,68.172,69.329,70.424,71.45,72.398,73.258,74.019,74.673,75.213,75.64,75.959,76.188,76.352,76.486,76.626,76.804,77.034,77.31,77.606
79200.0,58.379,59.984,61.503,62.949,64.331,65.656,66.927,68.143,69.303,70.4,71.428,72.378,73.24,74.004,74.66,75.204,75.633,75.955,76.185,76.351,76.486,76.627,76.805,77.035,77.311,77.606
79260.0,58.346,59.951,61.47,62.917,64.3,65.626,66.898,68.115,69.276,70.375,71.405,72.357,73.222,73.988,74.648,75.194,75.626,75.95,76.183,76.351,76.487,76.628,76.806,77.036,77.311,77.607
79320.0,58.314,59.919,61.438,62.885,64.269,65.596,66.868,68.087,69.249,70.35,71.382,72.336,73.203,73.973,74.635,75.184,75.619,75.946,76.181,76.35,76.487,76.629,76.807,77.037,77.312,77.608
79380.0,58.282,59.887,61.406,62.853,64.238,65.565,66.839,68.059,69.223,70.325,71.359,72.316,73.185,73.957,74.622,75.174,75.612,75.941,76.178,76.349,76.487,76.63,76.808,77.038,77.313,77.609
79440.0,58.25,59.855,61.374,62.822,64.207,65.535,66.81,68.031,69.196,70.3,71.336,72.295,73.167,73.942,74.61,75.164,75.604,75.936,76.176,76.348,76.488,76.631,76.81,77.039,77.314,77.609
79500.0,58.219,59.823,61.343,62.79,64.176,65.505,66.781,68.003,69.17,70.276,71.314,72.275,73.149,73.927,74.597,75.155,75.597,75.932,76.173,76.347,76.488,76.632,76.811,77.04,77.314,77.61
79560.0,58.187,59.791,61.311,62.759,64.145,65.475,66.752,67.975,69.143,70.251,71.291,72.254,73.131,73.911,74.584,75.145,75.59,75.927,76.171,76.347,76.488,76.633,76.812,77.041,77.315,77.611
79620.0,58.156,59.76,61.28,62.728,64.114,65.445,66.723,67.948,69.117,70.226,71.268,72.234,73.113,73.896,74.572,75.135,75.583,75.922,76.168,76.346,76.489,76.634,76.813,77.042,77.316,77.611
79680.0,58.125,59.729,61.248,62.697,64.084,65.415,66.694,67.92,69.091,70.202,71.245,72.213,73.095,73.88,74.559,75.125,75.576,75.918,76.165,76.345,76.489,76.635,76.814,77.043,77.317,77.612
79740.0,58.094,59.698,61.217,62.666,64.053,65.385,66.665,67.892,69.065,70.177,71.223,72.193,73.077,73.865,74.546,75.115,75.568,75.913,76.163,76.344,76.489,76.636,76.815,77.044,77.318,77.613
79800.0,58.064,59.667,61.187,62.635,64.023,65.356,66.636,67.865,69.038,70.153,71.2,72.172,73.059,73.849,74.534,75.105,75.561,75.908,76.16,76.343,76.49,76.637,76.816,77.045,77.318,77.613
79860.0,58.033,59.636,61.156,62.605,63.993,65.326,66.608,67.837,69.012,70.128,71.178,72.152,73.041,73.834,74.521,75.095,75.554,75.903,76.158,76.342,76.49,76.638,76.817,77.046,77.319,77.614
79920.0,58.003,59.606,61.125,62.574,63.963,65.297,66.579,67.81,68.986,70.104,71.155,72.132,73.023,73.818,74.508,75.085,75.547,75.898,76.155,76.341,76.49,76.639,76.819,77.047,77.32,77.615
79980.0,57.972,59.575,61.095,62.544,63.933,65.267,66.551,67.782,68.96,70.079,71.132,72.111,73.005,73.803,74.495,75.075,75.539,75.894,76.152,76.34,76.49,76.64,76.82,77.048,77.321,77.616
80040.0,57.942,59.545,61.064,62.514,63.903,65.238,66.522,67.755,68.934,70.055,71.11,72.091,72.987,73.787,74.483,75.065,75.532,75.889,76.15,76.339,76.491,76.64,76.821,77.049,77.321,77.616
80100.0,57.913,59.515,61.034,62.484,63.873,65.209,66.494,67.728,68.908,70.03,71.087,72.07,72.969,73.772,74.47,75.055,75.525,75.884,76.147,76.338,76.491,76.641,76.822,77.05,77.322,77.617
80160.0,57.883,59.485,61.004,62.454,63.844,65.18,66.466,67.7,68.882,70.006,71.065,72.05,72.951,73.756,74.457,75.045,75.517,75.879,76.144,76.337,76.491,76.642,76.823,77.051,77.323,77.618
80220.0,57.853,59.455,60.974,62.424,63.814,65.151,66.437,67.673,68.856,69.982,71.042,72.03,72.933,73.741,74.444,75.035,75.51,75.874,76.141,76.336,76.491,76.643,76.824,77.052,77.324,77.618
80280.0,57.824,59.425,60.944,62.394,63.785,65.122,66.409,67.646,68.831,69.957,71.02,72.009,72.915,73.725,74.431,75.025,75.502,75.869,76.139,76.335,76.491,76.644,76.825,77.053,77.325,77.619
80340.0,57.795,59.396,60.915,62.365,63.756,65.094,66.381,67.619,68.805,69.933,70.998,71.989,72.897,73.71,74.418,75.014,75.495,75.864,76.136,76.334,76.492,76.645,76.826,77.054,77.325,77.62
80400.0,57.765,59.366,60.885,62.335,63.727,65.065,66.353,67.592,68.779,69.909,70.975,71.969,72.879,73.694,74.406,75.004,75.487,75.859,76.133,76.333,76.492,76.646,76.827,77.055,77.326,77.621
80460.0,57.737,59.337,60.856,62.306,63.698,65.036,66.326,67.565,68.753,69.885,70.953,71.948,72.861,73.679,74.393,74.994,75.48,75.854,76.13,76.332,76.492,76.647,76.828,77.056,77.327,77.621
80520.0,57.708,59.308,60.827,62.277,63.669,65.008,66.298,67.539,68.728,69.861,70.931,71.928,72.843,73.663,74.38,74.984,75.472,75.849,76.127,76.331,76.492,76.647,76.829,77.057,77.328,77.622
80580.0,57.679,59.279,60.798,62.248,63.64,64.98,66.27,67.512,68.702,69.837,70.908,71.908,72.825,73.648,74.367,74.974,75.465,75.844,76.124,76.33,76.492,76.648,76.83,77.058,77.329,77.623
80640.0,57.651,59.25,60.769,62.219,63.611,64.951,66.243,67.485,68.677,69.813,70.886,71.887,72.807,73.632,74.354,74.963,75.457,75.839,76.121,76.328,76.492,76.649,76.832,77.059,77.329,77.623
80700.0,57.623,59.222,60.74,62.19,63.582,64.923,66.215,67.459,68.651,69.789,70.864,71.867,72.789,73.617,74.341,74.953,75.45,75.834,76.119,76.327,76.492,76.65,76.833,77.06,77.33,77.624
80760.0,57.595,59.193,60.711,62.161,63.554,64.895,66.188,67.432,68.626,69.765,70.842,71.847,72.771,73.601,74.328,74.943,75.442,75.829,76.116,76.326,76.492,76.651,76.834,77.061,77.331,77.625
80820.0,57.568,59.166,60.683,62.133,63.526,64.867,66.16,67.406,68.601,69.741,70.819,71.827,72.753,73.586,74.315,74.933,75.434,75.823,76.113,76.325,76.492,76.651,76.835,77.062,77.332,77.626
80880.0,57.541,59.138,60.655,62.105,63.497,64.839,66.133,67.379,68.576,69.717,70.797,71.807,72.735,73.57,74.302,74.922,75.427,75.818,76.11,76.324,76.492,76.652,76.836,77.063,77.333,77.626
80940.0,57.514,59.11,60.627,62.076,63.469,64.811,66.106,67.353,68.55,69.693,70.775,71.786,72.717,73.555,74.289,74.912,75.419,75.813,76.107,76.322,76.492,76.653,76.837,77.064,77.333,77.627
81000.0,57.487,59.083,60.599,62.048,63.441,64.784,66.079,67.327,68.525,69.67,70.753,71.766,72.699,73.539,74.276,74.902,75.411,75.808,76.104,76.321,76.492,76.654,76.838,77.065,77.334,77.628
81060.0,57.461,59.056,60.571,62.021,63.413,64.756,66.052,67.301,68.5,69.646,70.731,71.746,72.681,73.523,74.263,74.891,75.404,75.803,76.1,76.32,76.492,76.654,76.839,77.066,77.335,77.629
81120.0,57.435,59.029,60.544,61.993,63.386,64.729,66.025,67.275,68.475,69.622,70.709,71.726,72.663,73.508,74.25,74.881,75.396,75.797,76.097,76.319,76.492,76.655,76.84,77.067,77.336,77.629
81180.0,57.409,59.002,60.517,61.965,63.358,64.702,65.998,67.249,68.45,69.599,70.687,71.706,72.645,73.492,74.237,74.871,75.388,75.792,76.094,76.317,76.492,76.656,76.841,77.068,77.337,77.63
81240.0,57.383,58.976,60.489,61.938,63.331,64.674,65.971,67.223,68.425,69.575,70.665,71.686,72.627,73.477,74.224,74.86,75.38,75.787,76.091,76.316,76.492,76.657,76.842,77.069,77.337,77.631
81300.0,57.357,58.949,60.462,61.911,63.304,64.647,65.945,67.197,68.401,69.552,70.643,71.666,72.609,73.461,74.211,74.85,75.372,75.781,76.088,76.315,76.492,76.657,76.843,77.07,77.338,77.632
81360.0,57.332,58.923,60.436,61.884,63.276,64.62,65.918,67.171,68.376,69.528,70.621,71.646,72.591,73.446,74.198,74.839,75.365,75.776,76.085,76.313,76.492,76.658,76.844,77.071,77.339,77.632
81420.0,57.307,58.897,60.409,61.857,63.249,64.593,65.892,67.145,68.351,69.505,70.599,71.626,72.573,73.43,74.185,74.829,75.357,75.771,76.082,76.312,76.492,76.659,76.845,77.072,77.34,77.633
81480.0,57.281,58.871,60.383,61.83,63.222,64.567,65.866,67.12,68.326,69.481,70.577,71.606,72.555,73.415,74.172,74.819,75.349,75.765,76.079,76.31,76.492,76.659,76.846,77.073,77.341,77.634
81540.0,57.256,58.845,60.356,61.803,63.196,64.54,65.839,67.094,68.302,69.458,70.556,71.586,72.537,73.399,74.159,74.808,75.341,75.76,76.075,76.309,76.492,76.66,76.847,77.073,77.341,77.635
81600.0,57.232,58.82,60.33,61.777,63.169,64.514,65.813,67.069,68.277,69.435,70.534,71.566,72.519,73.383,74.146,74.798,75.333,75.754,76.072,76.308,76.492,76.661,76.848,77.074,77.342,77.635
81660.0,57.207,58.794,60.304,61.75,63.143,64.487,65.787,67.043,68.253,69.411,70.512,71.546,72.502,73.368,74.133,74.787,75.325,75.749,76.069,76.306,76.492,76.661,76.849,77.075,77.343,77.636
81720.0,57.183,58.769,60.278,61.724,63.116,64.461,65.761,67.018,68.228,69.388,70.49,71.526,72.484,73.352,74.12,74.777,75.317,75.743,76.066,76.305,76.491,76.662,76.85,77.076,77.344,77.637
81780.0,57.158,58.744,60.253,61.698,63.09,64.435,65.735,66.993,68.204,69.365,70.469,71.506,72.466,73.337,74.107,74.766,75.309,75.738,76.062,76.303,76.491,76.663,76.851,77.077,77.345,77.638
81840.0,57.134,58.719,60.227,61.672,63.064,64.409,65.71,66.967,68.18,69.342,70.447,71.486,72.448,73.321,74.094,74.756,75.301,75.732,76.059,76.302,76.491,76.663,76.852,77.078,77.345,77.639
81900.0,57.111,58.694,60.202,61.646,63.038,64.383,65.684,66.942,68.156,69.319,70.425,71.466,72.43,73.306,74.08,74.745,75.294,75.727,76.056,76.3,76.491,76.664,76.853,77.079,77.346,77.639
81960.0,57.087,58.67,60.177,61.621,63.012,64.357,65.658,66.917,68.131,69.296,70.404,71.446,72.412,73.29,74.067,74.734,75.285,75.721,76.052,76.299,76.491,76.664,76.854,77.08,77.347,77.64
82020.0,57.063,58.645,60.151,61.595,62.986,64.331,65.633,66.892,68.107,69.273,70.382,71.427,72.395,73.274,74.054,74.724,75.277,75.716,76.049,76.297,76.49,76.665,76.854,77.081,77.348,77.641
82080.0,57.04,58.621,60.127,61.57,62.961,64.305,65.608,66.868,68.083,69.25,70.361,71.407,72.377,73.259,74.041,74.713,75.269,75.71,76.045,76.295,76.49,76.666,76.855,77.082,77.349,77.642
82140.0,57.017,58.597,60.102,61.544,62.935,64.28,65.582,66.843,68.059,69.227,70.339,71.387,72.359,73.243,74.028,74.703,75.261,75.705,76.042,76.294,76.49,76.666,76.856,77.083,77.35,77.642
82200.0,56.994,58.573,60.077,61.519,62.91,64.255,65.557,66.818,68.035,69.204,70.318,71.367,72.341,73.228,74.015,74.692,75.253,75.699,76.039,76.292,76.49,76.667,76.857,77.084,77.35,77.643
82260.0,56.971,58.55,60.053,61.494,62.884,64.229,65.532,66.794,68.012,69.182,70.297,71.348,72.323,73.212,74.002,74.681,75.245,75.693,76.035,76.291,76.489,76.667,76.858,77.085,77.351,77.644
82320.0,56.948,58.526,60.028,61.47,62.859,64.204,65.507,66.769,67.988,69.159,70.275,71.328,72.306,73.197,73.988,74.671,75.237,75.688,76.032,76.289,76.489,76.668,76.859,77.086,77.352,77.645
82380.0,56.926,58.503,60.004,61.445,62.834,64.179,65.482,66.745,67.964,69.136,70.254,71.308,72.288,73.181,73.975,74.66,75.229,75.682,76.028,76.287,76.489,76.668,76.86,77.087,77.353,77.645
82440.0,56.904,58.479,59.98,61.42,62.809,64.154,65.457,66.72,67.941,69.114,70.233,71.288,72.27,73.165,73.962,74.649,75.221,75.676,76.025,76.286,76.488,76.669,76.861,77.088,77.354,77.646
82500.0,56.882,58.456,59.956,61.396,62.785,64.129,65.433,66.696,67.917,69.091,70.211,71.269,72.252,73.15,73.949,74.639,75.213,75.671,76.021,76.284,76.488,76.669,76.862,77.089,77.354,77.647
82560.0,56.86,58.433,59.933,61.372,62.76,64.104,65.408,66.672,67.893,69.069,70.19,71.249,72.235,73.134,73.936,74.628,75.205,75.665,76.018,76.282,76.488,76.67,76.863,77.09,77.355,77.648
82620.0,56.838,58.41,59.909,61.347,62.735,64.08,65.384,66.648,67.87,69.046,70.169,71.23,72.217,73.119,73.922,74.617,75.196,75.659,76.014,76.28,76.487,76.67,76.864,77.091,77.356,77.649
82680.0,56.816,58.388,59.886,61.323,62.711,64.055,65.359,66.624,67.847,69.024,70.148,71.21,72.199,73.103,73.909,74.607,75.188,75.653,76.01,76.279,76.487,76.671,76.864,77.091,77.357,77.649
82740.0,56.795,58.365,59.862,61.299,62.687,64.031,65.335,66.6,67.823,69.001,70.127,71.191,72.182,73.088,73.896,74.596,75.18,75.647,76.007,76.277,76.487,76.671,76.865,77.092,77.358,77.65
82800.0,56.774,58.343,59.839,61.276,62.663,64.007,65.311,66.576,67.8,68.979,70.106,71.171,72.164,73.072,73.883,74.585,75.172,75.642,76.003,76.275,76.486,76.672,76.866,77.093,77.359,77.651
82860.0,56.753,58.321,59.816,61.252,62.639,63.982,65.287,66.552,67.777,68.957,70.085,71.152,72.146,73.057,73.87,74.574,75.163,75.636,75.999,76.273,76.486,76.672,76.867,77.094,77.359,77.652
82920.0,56.732,58.299,59.794,61.229,62.615,63.958,65.263,66.528,67.754,68.935,70.064,71.132,72.129,73.041,73.856,74.564,75.155,75.63,75.996,76.271,76.485,76.673,76.868,77.095,77.36,77.653
82980.0,56.712,58.278,59.771,61.205,62.591,63.934,65.239,66.505,67.731,68.913,70.043,71.113,72.111,73.026,73.843,74.553,75.147,75.624,75.992,76.27,76.485,76.673,76.869,77.096,77.361,77.653
83040.0,56.692,58.257,59.749,61.182,62.567,63.91,65.215,66.481,67.708,68.89,70.022,71.093,72.094,73.01,73.83,74.542,75.139,75.618,75.988,76.268,76.484,76.674,76.87,77.097,77.362,77.654
83100.0,56.673,58.236,59.727,61.159,62.544,63.887,65.191,66.458,67.685,68.868,70.001,71.074,72.076,72.995,73.817,74.531,75.13,75.612,75.985,76.266,76.484,76.674,76.871,77.098,77.363,77.655
83160.0,56.653,58.215,59.705,61.137,62.521,63.863,65.167,66.434,67.662,68.846,69.98,71.055,72.058,72.979,73.803,74.52,75.122,75.606,75.981,76.264,76.483,76.674,76.871,77.099,77.363,77.656
83220.0,56.634,58.194,59.683,61.114,62.497,63.84,65.144,66.411,67.64,68.825,69.96,71.035,72.041,72.964,73.79,74.51,75.113,75.6,75.977,76.262,76.483,76.675,76.872,77.1,77.364,77.656
83280.0,56.615,58.174,59.661,61.091,62.474,63.816,65.121,66.388,67.617,68.803,69.939,71.016,72.023,72.948,73.777,74.499,75.105,75.594,75.973,76.26,76.482,76.675,76.873,77.101,77.365,77.657
83340.0,56.596,58.153,59.64,61.069,62.451,63.793,65.097,66.365,67.594,68.781,69.918,70.997,72.006,72.933,73.764,74.488,75.097,75.588,75.97,76.258,76.482,76.676,76.874,77.102,77.366,77.658
83400.0,56.577,58.133,59.619,61.047,62.429,63.77,65.074,66.342,67.572,68.759,69.898,70.978,71.988,72.917,73.751,74.477,75.088,75.582,75.966,76.256,76.481,76.676,76.875,77.102,77.367,77.659
83460.0,56.559,58.113,59.598,61.025,62.406,63.747,65.051,66.319,67.549,68.738,69.877,70.959,71.971,72.902,73.737,74.466,75.08,75.576,75.962,76.254,76.481,76.676,76.875,77.103,77.368,77.66
83520.0,56.54,58.094,59.577,61.003,62.384,63.724,65.028,66.296,67.527,68.716,69.856,70.939,71.953,72.886,73.724,74.455,75.072,75.57,75.958,76.252,76.48,76.677,76.876,77.104,77.368,77.66
83580.0,56.522,58.074,59.556,60.982,62.361,63.701,65.005,66.273,67.505,68.694,69.836,70.92,71.936,72.871,73.711,74.444,75.063,75.564,75.954,76.25,76.48,76.677,76.877,77.105,77.369,77.661
83640.0,56.505,58.055,59.535,60.96,62.339,63.679,64.982,66.251,67.482,68.673,69.815,70.901,71.919,72.855,73.697,74.434,75.055,75.558,75.95,76.248,76.479,76.677,76.878,77.106,77.37,77.662
83700.0,56.487,58.036,59.515,60.939,62.317,63.656,64.959,66.228,67.46,68.651,69.795,70.882,71.901,72.84,73.684,74.423,75.046,75.552,75.947,76.246,76.478,76.678,76.879,77.107,77.371,77.663
83760.0,56.469,58.017,59.495,60.918,62.295,63.634,64.937,66.206,67.438,68.63,69.775,70.863,71.884,72.824,73.671,74.412,75.038,75.546,75.943,76.244,76.478,76.678,76.879,77.108,77.372,77.664
83820.0,56.452,57.998,59.475,60.897,62.273,63.611,64.914,66.183,67.416,68.609,69.754,70.844,71.866,72.809,73.658,74.401,75.029,75.54,75.939,76.242,76.477,76.678,76.88,77.109,77.373,77.665
83880.0,56.435,57.979,59.455,60.876,62.252,63.589,64.892,66.161,67.394,68.587,69.734,70.825,71.849,72.793,73.644,74.39,75.021,75.534,75.935,76.24,76.477,76.679,76.881,77.11,77.373,77.665
83940.0,56.418,57.961,59.435,60.855,62.23,63.567,64.87,66.139,67.372,68.566,69.714,70.806,71.832,72.778,73.631,74.379,75.012,75.528,75.931,76.238,76.476,76.679,76.882,77.111,77.374,77.666
84000.0,56.401,57.943,59.416,60.835,62.209,63.545,64.848,66.117,67.35,68.545,69.694,70.787,71.814,72.763,73.618,74.368,75.004,75.521,75.927,76.236,76.475,76.679,76.883,77.111,77.375,77.667
84060.0,56.385,57.925,59.396,60.814,62.188,63.524,64.826,66.095,67.329,68.524,69.673,70.768,71.797,72.747,73.605,74.357,74.995,75.515,75.923,76.234,76.474,76.679,76.883,77.112,77.376,77.668
84120.0,56.368,57.907,59.377,60.794,62.167,63.502,64.804,66.073,67.307,68.503,69.653,70.749,71.78,72.732,73.591,74.346,74.986,75.509,75.919,76.231,76.474,76.68,76.884,77.113,77.377,77.669
84180.0,56.352,57.889,59.358,60.774,62.146,63.48,64.782,66.051,67.285,68.482,69.633,70.731,71.763,72.716,73.578,74.335,74.978,75.503,75.915,76.229,76.473,76.68,76.885,77.114,77.378,77.669
84240.0,56.336,57.872,59.339,60.754,62.125,63.459,64.76,66.029,67.264,68.461,69.613,70.712,71.745,72.701,73.565,74.324,74.969,75.496,75.911,76.227,76.472,76.68,76.886,77.115,77.378,77.67
84300.0,56.321,57.854,59.321,60.734,62.104,63.438,64.739,66.007,67.243,68.44,69.593,70.693,71.728,72.686,73.552,74.313,74.961,75.49,75.907,76.225,76.472,76.68,76.886,77.116,77.379,77.671
84360.0,56.305,57.837,59.302,60.714,62.084,63.417,64.717,65.986,67.221,68.419,69.573,70.674,71.711,72.67,73.538,74.302,74.952,75.484,75.902,76.223,76.471,76.681,76.887,77.117,77.38,77.672
84420.0,56.29,57.82,59.284,60.695,62.063,63.396,64.696,65.964,67.2,68.399,69.553,70.656,71.694,72.655,73.525,74.291,74.943,75.478,75.898,76.22,76.47,76.681,76.888,77.118,77.381,77.673
84480.0,56.275,57.803,59.266,60.676,62.043,63.375,64.674,65.943,67.179,68.378,69.534,70.637,71.677,72.64,73.512,74.28,74.935,75.471,75.894,76.218,76.469,76.681,76.888,77.118,77.382,77.673
84540.0,56.26,57.787,59.248,60.656,62.023,63.354,64.653,65.922,67.158,68.357,69.514,70.618,71.66,72.624,73.498,74.269,74.926,75.465,75.89,76.216,76.468,76.681,76.889,77.119,77.383,77.674
84600.0,56.245,57.77,59.23,60.637,62.003,63.333,64.632,65.9,67.137,68.337,69.494,70.6,71.643,72.609,73.485,74.258,74.917,75.459,75.886,76.214,76.468,76.681,76.89,77.12,77.383,77.675
84660.0,56.23,57.754,59.212,60.618,61.983,63.313,64.611,65.879,67.116,68.316,69.474,70.581,71.625,72.594,73.472,74.247,74.909,75.452,75.882,76.211,76.467,76.682,76.891,77.121,77.384,77.676
84720.0,56.216,57.738,59.194,60.6,61.963,63.292,64.59,65.858,67.095,68.296,69.455,70.563,71.608,72.578,73.459,74.236,74.9,75.446,75.877,76.209,76.466,76.682,76.891,77.122,77.385,77.677
84780.0,56.202,57.722,59.177,60.581,61.944,63.272,64.57,65.837,67.074,68.275,69.435,70.544,71.591,72.563,73.445,74.225,74.891,75.44,75.873,76.207,76.465,76.682,76.892,77.123,77.386,77.678
84840.0,56.188,57.706,59.16,60.563,61.924,63.252,64.549,65.816,67.053,68.255,69.416,70.526,71.574,72.548,73.432,74.214,74.883,75.433,75.869,76.204,76.464,76.682,76.893,77.124,77.387,77.678
84900.0,56.174,57.691,59.143,60.544,61.905,63.232,64.528,65.796,67.033,68.235,69.396,70.508,71.557,72.533,73.419,74.203,74.874,75.427,75.865,76.202,76.463,76.682,76.893,77.124,77.388,77.679
84960.0,56.16,57.675,59.126,60.526,61.886,63.212,64.508,65.775,67.012,68.215,69.377,70.489,71.54,72.517,73.406,74.192,74.865,75.42,75.861,76.2,76.463,76.682,76.894,77.125,77.388,77.68
85020.0,56.147,57.66,59.109,60.508,61.867,63.192,64.488,65.755,66.992,68.195,69.357,70.471,71.523,72.502,73.392,74.181,74.856,75.414,75.856,76.197,76.462,76.682,76.895,77.126,77.389,77.681
85080.0,56.134,57.645,59.093,60.49,61.848,63.172,64.467,65.734,66.971,68.175,69.338,70.453,71.507,72.487,73.379,74.17,74.848,75.407,75.852,76.195,76.461,76.683,76.895,77.127,77.39,77.682
85140.0,56.121,57.63,59.076,60.473,61.829,63.153,64.447,65.714,66.951,68.155,69.319,70.434,71.49,72.472,73.366,74.159,74.839,75.401,75.848,76.192,76.46,76.683,76.896,77.128,77.391,77.683
85200.0,56.108,57.616,59.06,60.455,61.811,63.133,64.427,65.694,66.931,68.135,69.3,70.416,71.473,72.456,73.353,74.148,74.83,75.394,75.843,76.19,76.459,76.683,76.897,77.129,77.392,77.683
85260.0,56.095,57.601,59.044,60.438,61.792,63.114,64.407,65.673,66.91,68.115,69.28,70.398,71.456,72.441,73.339,74.136,74.821,75.388,75.839,76.188,76.458,76.683,76.897,77.129,77.392,77.684
85320.0,56.083,57.587,59.028,60.421,61.774,63.095,64.388,65.653,66.89,68.095,69.261,70.38,71.439,72.426,73.326,74.125,74.812,75.381,75.835,76.185,76.457,76.683,76.898,77.13,77.393,77.685
85380.0,56.07,57.573,59.013,60.403,61.756,63.076,64.368,65.633,66.87,68.075,69.242,70.362,71.422,72.411,73.313,74.114,74.804,75.375,75.83,76.183,76.456,76.683,76.899,77.131,77.394,77.686
85440.0,56.058,57.559,58.997,60.387,61.738,63.057,64.349,65.613,66.85,68.056,69.223,70.344,71.406,72.396,73.3,74.103,74.795,75.368,75.826,76.18,76.455,76.683,76.899,77.132,77.395,77.687
85500.0,56.047,57.545,58.982,60.37,61.72,63.038,64.329,65.594,66.831,68.036,69.204,70.326,71.389,72.381,73.286,74.092,74.786,75.362,75.821,76.178,76.454,76.683,76.9,77.133,77.396,77.687
85560.0,56.035,57.532,58.966,60.353,61.702,63.02,64.31,65.574,66.811,68.017,69.185,70.308,71.372,72.366,73.273,74.081,74.777,75.355,75.817,76.175,76.453,76.683,76.9,77.134,77.397,77.688
85620.0,56.024,57.518,58.951,60.337,61.684,63.001,64.291,65.554,66.791,67.997,69.166,70.29,71.355,72.35,73.26,74.07,74.768,75.349,75.813,76.173,76.452,76.683,76.901,77.134,77.397,77.689
85680.0,56.012,57.505,58.937,60.32,61.667,62.983,64.271,65.535,66.772,67.978,69.148,70.272,71.339,72.335,73.247,74.059,74.759,75.342,75.808,76.17,76.451,76.683,76.902,77.135,77.398,77.69
85740.0,56.001,57.492,58.922,60.304,61.649,62.964,64.252,65.515,66.752,67.959,69.129,70.254,71.322,72.32,73.234,74.048,74.75,75.335,75.804,76.167,76.45,76.683,76.902,77.136,77.399,77.691
85800.0,55.99,57.479,58.907,60.288,61.632,62.946,64.234,65.496,66.733,67.939,69.11,70.236,71.305,72.305,73.22,74.036,74.742,75.329,75.799,76.165,76.449,76.683,76.903,77.137,77.4,77.692
85860.0,55.98,57.467,58.893,60.272,61.615,62.928,64.215,65.477,66.713,67.92,69.091,70.218,71.289,72.29,73.207,74.025,74.733,75.322,75.795,76.162,76.448,76.683,76.903,77.138,77.401,77.692
85920.0,55.969,57.454,58.879,60.257,61.598,62.91,64.196,65.458,66.694,67.901,69.073,70.2,71.272,72.275,73.194,74.014,74.724,75.315,75.79,76.16,76.447,76.683,76.904,77.139,77.402,77.693
85980.0,55.959,57.442,58.865,60.241,61.581,62.892,64.178,65.439,66.675,67.882,69.054,70.183,71.256,72.26,73.181,74.003,74.715,75.309,75.786,76.157,76.445,76.683,76.905,77.139,77.402,77.694
86040.0,55.949,57.43,58.851,60.226,61.565,62.875,64.159,65.42,66.656,67.863,69.036,70.165,71.239,72.245,73.168,73.992,74.706,75.302,75.781,76.154,76.444,76.683,76.905,77.14,77.403,77.695
86100.0,55.939,57.418,58.837,60.211,61.548,62.857,64.141,65.401,66.637,67.844,69.017,70.147,71.223,72.23,73.154,73.981,74.697,75.295,75.777,76.152,76.443,76.683,76.906,77.141,77.404,77.696
86160.0,55.93,57.407,58.824,60.196,61.532,62.84,64.123,65.382,66.618,67.825,68.999,70.13,71.206,72.215,73.141,73.97,74.688,75.289,75.772,76.149,76.442,76.683,76.906,77.142,77.405,77.697
86220.0,55.92,57.395,58.81,60.181,61.516,62.822,64.104,65.364,66.599,67.807,68.981,70.112,71.19,72.2,73.128,73.959,74.679,75.282,75.767,76.146,76.441,76.683,76.907,77.143,77.406,77.697
86280.0,55.911,57.384,58.797,60.166,61.5,62.805,64.086,65.345,66.58,67.788,68.962,70.095,71.174,72.185,73.115,73.947,74.67,75.275,75.763,76.144,76.44,76.683,76.907,77.143,77.407,77.698
86340.0,55.902,57.373,58.784,60.151,61.484,62.788,64.069,65.327,66.561,67.769,68.944,70.077,71.157,72.17,73.102,73.936,74.661,75.268,75.758,76.141,76.439,76.683,76.908,77.144,77.407,77.699
