local_time_s,0.00000,0.00334,0.00711,0.01135,0.01614,0.02154,0.02762,0.03449,0.04222,0.05095,0.06078,0.07187,0.08438,0.09847,0.11437,0.13229,0.15250,0.17528,0.20097,0.22993,0.26259,0.29940,0.34092,0.38772,0.44050,0.50000
0.0,56.739,59.185,61.54,63.828,66.066,68.269,70.444,72.596,74.722,76.818,78.869,80.858,82.757,84.528,86.129,87.511,88.627,89.437,89.928,90.116,90.061,89.858,89.625,89.471,89.471,89.669
60.0,56.715,59.203,61.579,63.876,66.12,68.327,70.507,72.663,74.795,76.896,78.953,80.948,82.852,84.63,86.238,87.627,88.749,89.567,90.065,90.26,90.212,90.015,89.788,89.638,89.641,89.843
120.0,56.69,59.175,61.554,63.854,66.099,68.305,70.483,72.637,74.767,76.867,78.924,80.919,82.824,84.603,86.212,87.604,88.73,89.552,90.055,90.254,90.209,90.015,89.789,89.64,89.642,89.844
180.0,56.669,59.151,61.53,63.831,66.076,68.282,70.459,72.611,74.74,76.839,78.895,80.89,82.795,84.575,86.187,87.582,88.711,89.538,90.044,90.248,90.206,90.015,89.79,89.641,89.644,89.846
240.0,56.65,59.129,61.507,63.808,66.054,68.259,70.434,72.586,74.713,76.81,78.866,80.861,82.767,84.548,86.162,87.559,88.692,89.523,90.034,90.242,90.204,90.015,89.792,89.643,89.645,89.847
300.0,56.633,59.109,61.485,63.785,66.031,68.235,70.41,72.56,74.686,76.782,78.837,80.832,82.738,84.521,86.137,87.537,88.674,89.508,90.024,90.236,90.201,90.015,89.793,89.644,89.647,89.848
360.0,56.616,59.089,61.463,63.763,66.008,68.211,70.385,72.534,74.659,76.754,78.809,80.803,82.71,84.494,86.112,87.515,88.655,89.494,90.013,90.229,90.198,90.014,89.794,89.646,89.648,89.85
420.0,56.6,59.071,61.442,63.741,65.984,68.188,70.36,72.508,74.632,76.726,78.78,80.774,82.682,84.467,86.086,87.492,88.636,89.479,90.003,90.223,90.196,90.014,89.795,89.647,89.65,89.851
480.0,56.584,59.052,61.422,63.719,65.961,68.164,70.335,72.482,74.605,76.698,78.752,80.745,82.653,84.44,86.061,87.47,88.617,89.464,89.992,90.217,90.193,90.014,89.796,89.649,89.651,89.853
540.0,56.569,59.034,61.402,63.697,65.939,68.14,70.311,72.456,74.578,76.671,78.723,80.717,82.625,84.413,86.036,87.448,88.598,89.449,89.982,90.21,90.19,90.014,89.797,89.65,89.652,89.854
600.0,56.554,59.017,61.383,63.676,65.916,68.116,70.286,72.43,74.551,76.643,78.695,80.688,82.597,84.386,86.011,87.425,88.58,89.434,89.971,90.204,90.187,90.013,89.798,89.652,89.654,89.855
660.0,56.54,59.0,61.363,63.655,65.893,68.092,70.261,72.405,74.524,76.615,78.666,80.66,82.569,84.359,85.986,87.403,88.561,89.42,89.961,90.198,90.184,90.013,89.799,89.653,89.655,89.857
720.0,56.525,58.983,61.344,63.634,65.871,68.068,70.236,72.379,74.497,76.587,78.638,80.632,82.541,84.332,85.962,87.381,88.542,89.405,89.95,90.191,90.181,90.013,89.8,89.655,89.657,89.858
780.0,56.511,58.966,61.325,63.613,65.849,68.045,70.211,72.353,74.47,76.56,78.61,80.603,82.513,84.305,85.937,87.359,88.523,89.39,89.94,90.185,90.178,90.012,89.801,89.656,89.658,89.86
840.0,56.497,58.95,61.307,63.593,65.826,68.021,70.187,72.327,74.444,76.532,78.582,80.575,82.486,84.279,85.912,87.337,88.504,89.375,89.929,90.178,90.175,90.012,89.802,89.658,89.659,89.861
900.0,56.484,58.934,61.288,63.572,65.804,67.998,70.162,72.301,74.417,76.505,78.554,80.547,82.458,84.252,85.887,87.314,88.486,89.361,89.919,90.172,90.173,90.011,89.803,89.659,89.661,89.862
960.0,56.47,58.918,61.27,63.552,65.783,67.975,70.137,72.276,74.39,76.477,78.526,80.519,82.43,84.226,85.862,87.292,88.467,89.346,89.908,90.165,90.17,90.011,89.804,89.661,89.662,89.864
1020.0,56.456,58.902,61.252,63.532,65.761,67.951,70.113,72.25,74.364,76.45,78.498,80.491,82.403,84.199,85.838,87.27,88.448,89.331,89.898,90.159,90.167,90.01,89.805,89.662,89.664,89.865
1080.0,56.443,58.886,61.234,63.512,65.739,67.928,70.088,72.224,74.337,76.423,78.47,80.463,82.375,84.173,85.813,87.248,88.429,89.316,89.887,90.152,90.163,90.01,89.806,89.664,89.665,89.867
1140.0,56.43,58.87,61.216,63.492,65.718,67.905,70.064,72.199,74.311,76.395,78.443,80.435,82.348,84.146,85.788,87.226,88.411,89.301,89.876,90.146,90.16,90.009,89.807,89.665,89.667,89.868
1200.0,56.416,58.855,61.198,63.473,65.696,67.882,70.04,72.173,74.284,76.368,78.415,80.407,82.32,84.12,85.764,87.204,88.392,89.286,89.866,90.139,90.157,90.009,89.808,89.666,89.668,89.869
1260.0,56.403,58.839,61.181,63.453,65.675,67.859,70.015,72.148,74.258,76.341,78.387,80.38,82.293,84.094,85.739,87.182,88.373,89.272,89.855,90.133,90.154,90.008,89.809,89.668,89.669,89.871
1320.0,56.39,58.824,61.163,63.434,65.654,67.836,69.991,72.123,74.232,76.314,78.36,80.352,82.266,84.067,85.715,87.16,88.355,89.257,89.844,90.126,90.151,90.008,89.81,89.669,89.671,89.872
1380.0,56.377,58.809,61.146,63.414,65.633,67.814,69.967,72.097,74.205,76.287,78.332,80.324,82.238,84.041,85.69,87.138,88.336,89.242,89.834,90.119,90.148,90.007,89.811,89.671,89.672,89.874
1440.0,56.364,58.794,61.129,63.395,65.612,67.791,69.943,72.072,74.179,76.26,78.305,80.297,82.211,84.015,85.666,87.116,88.317,89.227,89.823,90.113,90.145,90.007,89.812,89.672,89.674,89.875
1500.0,56.352,58.778,61.112,63.376,65.591,67.769,69.919,72.047,74.153,76.233,78.277,80.269,82.184,83.989,85.641,87.094,88.299,89.212,89.812,90.106,90.141,90.006,89.813,89.674,89.675,89.876
1560.0,56.339,58.763,61.095,63.357,65.57,67.746,69.895,72.022,74.127,76.206,78.25,80.242,82.157,83.963,85.617,87.073,88.28,89.197,89.801,90.099,90.138,90.005,89.813,89.675,89.677,89.878
1620.0,56.326,58.749,61.078,63.338,65.549,67.724,69.872,71.997,74.101,76.179,78.223,80.215,82.13,83.937,85.593,87.051,88.261,89.182,89.791,90.092,90.135,90.005,89.814,89.676,89.678,89.879
1680.0,56.314,58.734,61.061,63.319,65.529,67.702,69.848,71.972,74.075,76.153,78.196,80.187,82.103,83.911,85.569,87.029,88.243,89.168,89.78,90.086,90.132,90.004,89.815,89.678,89.679,89.881
1740.0,56.301,58.719,61.044,63.301,65.508,67.68,69.824,71.947,74.049,76.126,78.168,80.16,82.076,83.885,85.544,87.007,88.224,89.153,89.769,90.079,90.128,90.003,89.816,89.679,89.681,89.882
1800.0,56.288,58.704,61.027,63.282,65.488,67.658,69.801,71.923,74.023,76.1,78.141,80.133,82.05,83.859,85.52,86.985,88.205,89.138,89.758,90.072,90.125,90.003,89.817,89.681,89.682,89.884
1860.0,56.276,58.69,61.01,63.263,65.467,67.636,69.777,71.898,73.998,76.073,78.114,80.106,82.023,83.833,85.496,86.964,88.187,89.123,89.747,90.065,90.122,90.002,89.818,89.682,89.684,89.885
1920.0,56.264,58.675,60.994,63.245,65.447,67.614,69.754,71.873,73.972,76.047,78.088,80.079,81.996,83.808,85.472,86.942,88.168,89.108,89.737,90.058,90.118,90.001,89.818,89.683,89.685,89.886
1980.0,56.251,58.661,60.977,63.226,65.427,67.592,69.731,71.849,73.946,76.02,78.061,80.052,81.97,83.782,85.448,86.92,88.15,89.093,89.726,90.052,90.115,90.0,89.819,89.685,89.686,89.888
2040.0,56.239,58.646,60.961,63.208,65.407,67.57,69.708,71.824,73.921,75.994,78.034,80.025,81.943,83.756,85.424,86.899,88.131,89.078,89.715,90.045,90.112,89.999,89.82,89.686,89.688,89.889
2100.0,56.227,58.632,60.944,63.19,65.387,67.549,69.685,71.8,73.896,75.968,78.007,79.998,81.917,83.731,85.4,86.877,88.112,89.063,89.704,90.038,90.108,89.999,89.821,89.687,89.689,89.891
2160.0,56.215,58.617,60.928,63.172,65.367,67.527,69.662,71.776,73.87,75.942,77.98,79.971,81.89,83.705,85.376,86.855,88.094,89.049,89.693,90.031,90.105,89.998,89.821,89.689,89.691,89.892
2220.0,56.202,58.603,60.912,63.153,65.347,67.506,69.639,71.751,73.845,75.915,77.954,79.944,81.864,83.68,85.352,86.834,88.075,89.034,89.682,90.024,90.101,89.997,89.822,89.69,89.692,89.894
2280.0,56.19,58.589,60.896,63.135,65.327,67.484,69.616,71.727,73.82,75.889,77.927,79.918,81.837,83.654,85.328,86.812,88.057,89.019,89.671,90.017,90.098,89.996,89.823,89.691,89.694,89.895
2340.0,56.178,58.575,60.879,63.117,65.307,67.463,69.593,71.703,73.795,75.863,77.901,79.891,81.811,83.629,85.304,86.791,88.038,89.004,89.66,90.01,90.094,89.995,89.823,89.693,89.695,89.897
2400.0,56.166,58.561,60.863,63.1,65.288,67.442,69.57,71.679,73.769,75.838,77.874,79.865,81.785,83.604,85.281,86.769,88.02,88.989,89.649,90.003,90.091,89.994,89.824,89.694,89.696,89.898
2460.0,56.154,58.547,60.847,63.082,65.268,67.42,69.548,71.655,73.744,75.812,77.848,79.838,81.759,83.578,85.257,86.748,88.001,88.974,89.638,89.996,90.087,89.993,89.825,89.695,89.698,89.899
2520.0,56.142,58.533,60.831,63.064,65.249,67.399,69.525,71.631,73.719,75.786,77.822,79.812,81.733,83.553,85.233,86.726,87.983,88.959,89.627,89.989,90.083,89.992,89.825,89.697,89.699,89.901
2580.0,56.131,58.519,60.815,63.046,65.229,67.378,69.503,71.608,73.695,75.76,77.796,79.785,81.707,83.528,85.21,86.705,87.964,88.944,89.616,89.982,90.08,89.991,89.826,89.698,89.701,89.902
2640.0,56.119,58.505,60.8,63.028,65.21,67.357,69.48,71.584,73.67,75.735,77.769,79.759,81.681,83.503,85.186,86.683,87.946,88.929,89.605,89.974,90.076,89.99,89.827,89.699,89.702,89.904
2700.0,56.107,58.491,60.784,63.011,65.19,67.336,69.458,71.56,73.645,75.709,77.743,79.733,81.655,83.478,85.162,86.662,87.928,88.914,89.594,89.967,90.072,89.989,89.827,89.701,89.703,89.905
2760.0,56.095,58.477,60.768,62.993,65.171,67.315,69.435,71.537,73.62,75.684,77.717,79.707,81.629,83.453,85.139,86.641,87.909,88.899,89.583,89.96,90.069,89.988,89.828,89.702,89.705,89.907
2820.0,56.083,58.463,60.752,62.976,65.152,67.295,69.413,71.513,73.596,75.658,77.691,79.68,81.603,83.428,85.115,86.619,87.891,88.885,89.572,89.953,90.065,89.987,89.828,89.703,89.706,89.908
2880.0,56.072,58.45,60.737,62.958,65.133,67.274,69.391,71.49,73.571,75.633,77.665,79.654,81.577,83.403,85.092,86.598,87.872,88.87,89.561,89.946,90.061,89.986,89.829,89.704,89.708,89.91
2940.0,56.06,58.436,60.721,62.941,65.114,67.253,69.369,71.466,73.547,75.607,77.64,79.628,81.551,83.378,85.068,86.577,87.854,88.855,89.55,89.939,90.057,89.985,89.83,89.706,89.709,89.911
3000.0,56.048,58.422,60.706,62.924,65.095,67.233,69.347,71.443,73.523,75.582,77.614,79.602,81.526,83.353,85.045,86.556,87.836,88.84,89.539,89.931,90.054,89.984,89.83,89.707,89.71,89.912
3060.0,56.037,58.409,60.69,62.906,65.076,67.212,69.325,71.42,73.498,75.557,77.588,79.576,81.5,83.328,85.022,86.534,87.817,88.825,89.528,89.924,90.05,89.983,89.831,89.708,89.712,89.914
3120.0,56.025,58.395,60.675,62.889,65.057,67.192,69.303,71.397,73.474,75.532,77.562,79.551,81.474,83.303,84.998,86.513,87.799,88.81,89.517,89.917,90.046,89.982,89.831,89.71,89.713,89.915
3180.0,56.014,58.382,60.659,62.872,65.038,67.171,69.281,71.374,73.45,75.507,77.537,79.525,81.449,83.279,84.975,86.492,87.78,88.795,89.506,89.91,90.042,89.981,89.832,89.711,89.715,89.917
3240.0,56.002,58.368,60.644,62.855,65.019,67.151,69.26,71.351,73.426,75.482,77.511,79.499,81.423,83.254,84.952,86.471,87.762,88.78,89.495,89.902,90.038,89.979,89.832,89.712,89.716,89.918
3300.0,55.991,58.355,60.629,62.838,65.001,67.131,69.238,71.328,73.402,75.457,77.486,79.474,81.398,83.229,84.929,86.45,87.744,88.765,89.483,89.895,90.035,89.978,89.833,89.713,89.717,89.92
3360.0,55.98,58.341,60.614,62.821,64.982,67.111,69.216,71.305,73.378,75.432,77.461,79.448,81.373,83.205,84.905,86.429,87.725,88.75,89.472,89.888,90.031,89.977,89.833,89.715,89.719,89.921
3420.0,55.968,58.328,60.598,62.804,64.964,67.091,69.195,71.282,73.354,75.408,77.435,79.422,81.347,83.18,84.882,86.408,87.707,88.735,89.461,89.88,90.027,89.976,89.834,89.716,89.72,89.923
3480.0,55.957,58.315,60.583,62.787,64.945,67.071,69.173,71.259,73.33,75.383,77.41,79.397,81.322,83.156,84.859,86.387,87.689,88.72,89.45,89.873,90.023,89.974,89.834,89.717,89.722,89.924
3540.0,55.946,58.302,60.568,62.77,64.927,67.051,69.152,71.237,73.306,75.358,77.385,79.371,81.297,83.131,84.836,86.366,87.671,88.706,89.439,89.865,90.019,89.973,89.834,89.718,89.723,89.926
3600.0,55.934,58.288,60.553,62.754,64.908,67.031,69.131,71.214,73.282,75.334,77.36,79.346,81.272,83.107,84.813,86.345,87.652,88.691,89.427,89.858,90.015,89.972,89.835,89.719,89.724,89.927
3660.0,55.923,58.275,60.538,62.737,64.89,67.011,69.109,71.191,73.259,75.309,77.334,79.321,81.247,83.083,84.79,86.324,87.634,88.676,89.416,89.851,90.011,89.97,89.835,89.721,89.726,89.928
3720.0,55.912,58.262,60.523,62.72,64.872,66.991,69.088,71.169,73.235,75.285,77.309,79.296,81.222,83.058,84.767,86.303,87.616,88.661,89.405,89.843,90.007,89.969,89.836,89.722,89.727,89.93
3780.0,55.901,58.249,60.508,62.704,64.853,66.971,69.067,71.146,73.212,75.26,77.285,79.27,81.197,83.034,84.744,86.282,87.598,88.646,89.394,89.836,90.003,89.968,89.836,89.723,89.729,89.931
3840.0,55.89,58.236,60.494,62.687,64.835,66.951,69.046,71.124,73.188,75.236,77.26,79.245,81.172,83.01,84.721,86.261,87.58,88.631,89.383,89.828,89.999,89.966,89.836,89.724,89.73,89.933
3900.0,55.878,58.223,60.479,62.671,64.817,66.932,69.025,71.102,73.165,75.212,77.235,79.22,81.147,82.986,84.699,86.24,87.561,88.616,89.371,89.821,89.995,89.965,89.837,89.725,89.731,89.934
3960.0,55.867,58.21,60.464,62.654,64.799,66.912,69.004,71.08,73.142,75.188,77.21,79.195,81.122,82.962,84.676,86.219,87.543,88.601,89.36,89.813,89.99,89.964,89.837,89.726,89.733,89.936
4020.0,55.856,58.197,60.449,62.638,64.781,66.893,68.983,71.057,73.118,75.163,77.185,79.17,81.097,82.938,84.653,86.198,87.525,88.586,89.349,89.806,89.986,89.962,89.837,89.728,89.734,89.937
4080.0,55.845,58.184,60.435,62.621,64.763,66.873,68.962,71.035,73.095,75.139,77.161,79.145,81.073,82.913,84.63,86.178,87.507,88.571,89.338,89.798,89.982,89.961,89.838,89.729,89.736,89.939
4140.0,55.834,58.171,60.42,62.605,64.745,66.854,68.941,71.013,73.072,75.115,77.136,79.121,81.048,82.89,84.607,86.157,87.489,88.556,89.326,89.79,89.978,89.959,89.838,89.73,89.737,89.94
4200.0,55.823,58.159,60.405,62.589,64.727,66.834,68.92,70.991,73.049,75.092,77.112,79.096,81.023,82.866,84.585,86.136,87.471,88.541,89.315,89.783,89.974,89.958,89.838,89.731,89.738,89.942
4260.0,55.812,58.146,60.391,62.572,64.709,66.815,68.9,70.969,73.026,75.068,77.087,79.071,80.999,82.842,84.562,86.116,87.453,88.527,89.304,89.775,89.97,89.956,89.839,89.732,89.74,89.943
4320.0,55.802,58.133,60.376,62.556,64.692,66.796,68.879,70.947,73.003,75.044,77.063,79.046,80.974,82.818,84.54,86.095,87.434,88.512,89.292,89.768,89.965,89.955,89.839,89.733,89.741,89.945
4380.0,55.791,58.12,60.362,62.54,64.674,66.777,68.859,70.926,72.98,75.02,77.038,79.022,80.95,82.794,84.517,86.074,87.416,88.497,89.281,89.76,89.961,89.953,89.839,89.734,89.742,89.946
4440.0,55.78,58.108,60.347,62.524,64.656,66.758,68.838,70.904,72.957,74.996,77.014,78.997,80.925,82.77,84.495,86.054,87.398,88.482,89.27,89.752,89.957,89.952,89.839,89.736,89.744,89.947
4500.0,55.769,58.095,60.333,62.508,64.639,66.739,68.818,70.882,72.935,74.973,76.99,78.973,80.901,82.747,84.472,86.033,87.38,88.467,89.258,89.745,89.953,89.95,89.84,89.737,89.745,89.949
4560.0,55.758,58.082,60.319,62.492,64.621,66.719,68.797,70.861,72.912,74.949,76.966,78.948,80.877,82.723,84.45,86.012,87.362,88.452,89.247,89.737,89.948,89.948,89.84,89.738,89.747,89.95
4620.0,55.748,58.07,60.304,62.476,64.604,66.701,68.777,70.839,72.889,74.926,76.942,78.924,80.853,82.699,84.427,85.992,87.344,88.437,89.236,89.729,89.944,89.947,89.84,89.739,89.748,89.952
4680.0,55.737,58.057,60.29,62.46,64.586,66.682,68.757,70.818,72.867,74.902,76.918,78.9,80.828,82.676,84.405,85.971,87.326,88.422,89.224,89.722,89.94,89.945,89.84,89.74,89.749,89.953
4740.0,55.726,58.045,60.276,62.444,64.569,66.663,68.736,70.796,72.844,74.879,76.894,78.875,80.804,82.652,84.383,85.951,87.308,88.407,89.213,89.714,89.935,89.944,89.84,89.741,89.751,89.955
4800.0,55.715,58.032,60.262,62.429,64.551,66.644,68.716,70.775,72.822,74.856,76.87,78.851,80.78,82.629,84.36,85.93,87.29,88.392,89.202,89.706,89.931,89.942,89.84,89.742,89.752,89.956
4860.0,55.705,58.02,60.248,62.413,64.534,66.625,68.696,70.753,72.799,74.832,76.846,78.827,80.756,82.605,84.338,85.91,87.272,88.378,89.19,89.698,89.926,89.94,89.841,89.743,89.753,89.958
4920.0,55.694,58.007,60.233,62.397,64.517,66.606,68.676,70.732,72.777,74.809,76.822,78.803,80.732,82.582,84.316,85.889,87.254,88.363,89.179,89.691,89.922,89.939,89.841,89.744,89.755,89.959
4980.0,55.684,57.995,60.219,62.381,64.5,66.588,68.656,70.711,72.755,74.786,76.798,78.779,80.708,82.558,84.294,85.869,87.236,88.348,89.167,89.683,89.918,89.937,89.841,89.745,89.756,89.961
5040.0,55.673,57.983,60.205,62.366,64.482,66.569,68.636,70.69,72.732,74.763,76.774,78.755,80.684,82.535,84.271,85.849,87.218,88.333,89.156,89.675,89.913,89.935,89.841,89.746,89.758,89.962
5100.0,55.663,57.97,60.191,62.35,64.465,66.551,68.616,70.669,72.71,74.74,76.751,78.731,80.66,82.512,84.249,85.828,87.2,88.318,89.144,89.667,89.909,89.933,89.841,89.747,89.759,89.964
5160.0,55.652,57.958,60.177,62.335,64.448,66.532,68.596,70.648,72.688,74.717,76.727,78.707,80.637,82.489,84.227,85.808,87.183,88.303,89.133,89.659,89.904,89.932,89.841,89.748,89.76,89.965
5220.0,55.642,57.946,60.163,62.319,64.431,66.514,68.577,70.627,72.666,74.694,76.704,78.683,80.613,82.465,84.205,85.788,87.165,88.288,89.122,89.651,89.9,89.93,89.841,89.749,89.762,89.966
5280.0,55.631,57.934,60.15,62.304,64.414,66.495,68.557,70.606,72.644,74.671,76.68,78.659,80.589,82.442,84.183,85.768,87.147,88.273,89.11,89.643,89.895,89.928,89.841,89.75,89.763,89.968
5340.0,55.621,57.921,60.136,62.288,64.397,66.477,68.537,70.585,72.622,74.648,76.657,78.636,80.565,82.419,84.161,85.747,87.129,88.258,89.099,89.636,89.891,89.926,89.841,89.751,89.764,89.969
5400.0,55.61,57.909,60.122,62.273,64.38,66.459,68.518,70.564,72.6,74.626,76.633,78.612,80.542,82.396,84.139,85.727,87.111,88.244,89.087,89.628,89.886,89.924,89.841,89.752,89.766,89.971
5460.0,55.6,57.897,60.108,62.257,64.364,66.44,68.498,70.543,72.579,74.603,76.61,78.588,80.518,82.373,84.117,85.707,87.093,88.229,89.076,89.62,89.881,89.923,89.841,89.753,89.767,89.972
5520.0,55.59,57.885,60.094,62.242,64.347,66.422,68.479,70.523,72.557,74.58,76.587,78.565,80.495,82.35,84.095,85.687,87.076,88.214,89.064,89.612,89.877,89.921,89.841,89.754,89.768,89.974
5580.0,55.579,57.873,60.081,62.227,64.33,66.404,68.459,70.502,72.535,74.558,76.564,78.541,80.471,82.327,84.074,85.667,87.058,88.199,89.053,89.604,89.872,89.919,89.841,89.755,89.77,89.975
5640.0,55.569,57.861,60.067,62.212,64.313,66.386,68.44,70.481,72.513,74.535,76.54,78.518,80.448,82.304,84.052,85.646,87.04,88.184,89.041,89.596,89.868,89.917,89.841,89.756,89.771,89.977
5700.0,55.559,57.849,60.053,62.196,64.297,66.368,68.42,70.461,72.492,74.513,76.517,78.494,80.425,82.282,84.03,85.626,87.022,88.169,89.03,89.588,89.863,89.915,89.841,89.757,89.772,89.978
5760.0,55.549,57.837,60.04,62.181,64.28,66.35,68.401,70.44,72.47,74.49,76.494,78.471,80.401,82.259,84.008,85.606,87.004,88.154,89.018,89.58,89.858,89.913,89.841,89.758,89.774,89.98
5820.0,55.538,57.825,60.026,62.166,64.263,66.332,68.382,70.42,72.449,74.468,76.471,78.448,80.378,82.236,83.986,85.586,86.987,88.14,89.007,89.572,89.853,89.911,89.841,89.759,89.775,89.981
5880.0,55.528,57.813,60.013,62.151,64.247,66.314,68.363,70.399,72.427,74.446,76.448,78.424,80.355,82.213,83.965,85.566,86.969,88.125,88.995,89.564,89.849,89.909,89.841,89.76,89.776,89.983
5940.0,55.518,57.801,59.999,62.136,64.23,66.296,68.343,70.379,72.406,74.423,76.426,78.401,80.332,82.191,83.943,85.546,86.951,88.11,88.984,89.556,89.844,89.907,89.841,89.761,89.778,89.984
6000.0,55.508,57.79,59.986,62.121,64.214,66.278,68.324,70.359,72.385,74.401,76.403,78.378,80.308,82.168,83.922,85.526,86.934,88.095,88.972,89.548,89.839,89.905,89.841,89.762,89.779,89.985
6060.0,55.498,57.778,59.972,62.106,64.198,66.261,68.305,70.339,72.363,74.379,76.38,78.355,80.285,82.145,83.9,85.506,86.916,88.08,88.961,89.54,89.835,89.903,89.841,89.763,89.78,89.987
6120.0,55.488,57.766,59.959,62.091,64.181,66.243,68.286,70.318,72.342,74.357,76.357,78.332,80.262,82.123,83.878,85.486,86.898,88.065,88.949,89.532,89.83,89.901,89.841,89.764,89.782,89.988
6180.0,55.478,57.754,59.946,62.076,64.165,66.225,68.267,70.298,72.321,74.335,76.335,78.309,80.239,82.1,83.857,85.467,86.881,88.051,88.938,89.524,89.825,89.899,89.841,89.765,89.783,89.99
6240.0,55.467,57.743,59.932,62.062,64.149,66.207,68.248,70.278,72.3,74.313,76.312,78.286,80.216,82.078,83.836,85.447,86.863,88.036,88.926,89.516,89.82,89.897,89.84,89.766,89.784,89.991
6300.0,55.457,57.731,59.919,62.047,64.132,66.19,68.23,70.258,72.279,74.291,76.289,78.263,80.194,82.055,83.814,85.427,86.845,88.021,88.915,89.507,89.815,89.895,89.84,89.767,89.786,89.993
6360.0,55.447,57.719,59.906,62.032,64.116,66.172,68.211,70.238,72.258,74.269,76.267,78.24,80.171,82.033,83.793,85.407,86.828,88.006,88.903,89.499,89.81,89.893,89.84,89.768,89.787,89.994
6420.0,55.437,57.708,59.893,62.017,64.1,66.155,68.192,70.218,72.237,74.247,76.244,78.217,80.148,82.011,83.771,85.387,86.81,87.991,88.891,89.491,89.806,89.891,89.84,89.769,89.788,89.996
6480.0,55.428,57.696,59.879,62.003,64.084,66.137,68.173,70.198,72.216,74.226,76.222,78.195,80.125,81.988,83.75,85.367,86.793,87.977,88.88,89.483,89.801,89.888,89.84,89.769,89.79,89.997
6540.0,55.418,57.684,59.866,61.988,64.068,66.12,68.155,70.178,72.195,74.204,76.2,78.172,80.102,81.966,83.729,85.348,86.775,87.962,88.868,89.475,89.796,89.886,89.84,89.77,89.791,89.998
6600.0,55.408,57.673,59.853,61.973,64.052,66.103,68.136,70.159,72.174,74.182,76.177,78.149,80.08,81.944,83.707,85.328,86.757,87.947,88.857,89.467,89.791,89.884,89.839,89.771,89.792,90.0
6660.0,55.398,57.661,59.84,61.959,64.036,66.085,68.117,70.139,72.154,74.161,76.155,78.127,80.057,81.922,83.686,85.308,86.74,87.932,88.845,89.459,89.786,89.882,89.839,89.772,89.793,90.001
6720.0,55.388,57.65,59.827,61.944,64.02,66.068,68.099,70.119,72.133,74.139,76.133,78.104,80.035,81.9,83.665,85.289,86.722,87.917,88.834,89.45,89.781,89.88,89.839,89.773,89.795,90.003
6780.0,55.378,57.638,59.814,61.93,64.004,66.051,68.08,70.1,72.112,74.118,76.111,78.081,80.012,81.878,83.644,85.269,86.705,87.903,88.822,89.442,89.776,89.878,89.839,89.774,89.796,90.004
6840.0,55.368,57.627,59.801,61.915,63.988,66.034,68.062,70.08,72.092,74.096,76.089,78.059,79.99,81.855,83.623,85.249,86.687,87.888,88.81,89.434,89.771,89.875,89.838,89.775,89.797,90.006
6900.0,55.359,57.615,59.788,61.901,63.972,66.016,68.044,70.061,72.071,74.075,76.067,78.037,79.967,81.833,83.602,85.23,86.67,87.873,88.799,89.426,89.766,89.873,89.838,89.775,89.799,90.007
6960.0,55.349,57.604,59.775,61.887,63.957,65.999,68.025,70.041,72.051,74.053,76.045,78.014,79.945,81.811,83.581,85.21,86.652,87.858,88.787,89.417,89.761,89.871,89.838,89.776,89.8,90.009
7020.0,55.339,57.593,59.762,61.872,63.941,65.982,68.007,70.022,72.03,74.032,76.023,77.992,79.923,81.79,83.56,85.191,86.635,87.844,88.775,89.409,89.756,89.869,89.837,89.777,89.801,90.01
7080.0,55.329,57.581,59.749,61.858,63.925,65.965,67.989,70.002,72.01,74.011,76.001,77.97,79.9,81.768,83.539,85.171,86.618,87.829,88.764,89.401,89.751,89.866,89.837,89.778,89.802,90.011
7140.0,55.32,57.57,59.737,61.844,63.909,65.948,67.97,69.983,71.989,73.99,75.979,77.947,79.878,81.746,83.518,85.152,86.6,87.814,88.752,89.393,89.746,89.864,89.837,89.779,89.804,90.013
7200.0,55.31,57.559,59.724,61.829,63.894,65.931,67.952,69.964,71.969,73.968,75.957,77.925,79.856,81.724,83.497,85.132,86.583,87.799,88.741,89.384,89.741,89.862,89.836,89.779,89.805,90.014
7260.0,55.3,57.548,59.711,61.815,63.878,65.914,67.934,69.944,71.949,73.947,75.936,77.903,79.834,81.702,83.476,85.113,86.565,87.785,88.729,89.376,89.736,89.859,89.836,89.78,89.806,90.016
7320.0,55.291,57.536,59.698,61.801,63.863,65.898,67.916,69.925,71.929,73.926,75.914,77.881,79.812,81.68,83.455,85.093,86.548,87.77,88.717,89.368,89.731,89.857,89.836,89.781,89.808,90.017
7380.0,55.281,57.525,59.686,61.787,63.847,65.881,67.898,69.906,71.908,73.905,75.892,77.859,79.789,81.659,83.434,85.074,86.531,87.755,88.706,89.359,89.726,89.855,89.835,89.782,89.809,90.019
7440.0,55.272,57.514,59.673,61.773,63.832,65.864,67.88,69.887,71.888,73.884,75.871,77.837,79.767,81.637,83.413,85.055,86.513,87.741,88.694,89.351,89.721,89.852,89.835,89.783,89.81,90.02
7500.0,55.262,57.503,59.66,61.759,63.816,65.847,67.862,69.868,71.868,73.863,75.849,77.815,79.745,81.615,83.393,85.035,86.496,87.726,88.682,89.343,89.715,89.85,89.835,89.783,89.811,90.021
7560.0,55.252,57.492,59.648,61.745,63.801,65.831,67.844,69.849,71.848,73.843,75.828,77.793,79.723,81.594,83.372,85.016,86.479,87.711,88.671,89.334,89.71,89.847,89.834,89.784,89.813,90.023
7620.0,55.243,57.481,59.635,61.731,63.786,65.814,67.826,69.83,71.828,73.822,75.806,77.771,79.702,81.572,83.351,84.997,86.461,87.696,88.659,89.326,89.705,89.845,89.834,89.785,89.814,90.024
7680.0,55.233,57.47,59.623,61.717,63.77,65.797,67.809,69.811,71.808,73.801,75.785,77.75,79.68,81.551,83.33,84.977,86.444,87.682,88.647,89.318,89.7,89.842,89.833,89.786,89.815,90.026
7740.0,55.224,57.459,59.61,61.703,63.755,65.781,67.791,69.792,71.788,73.78,75.763,77.728,79.658,81.529,83.31,84.958,86.427,87.667,88.636,89.309,89.695,89.84,89.833,89.786,89.816,90.027
7800.0,55.214,57.448,59.598,61.689,63.74,65.764,67.773,69.773,71.769,73.76,75.742,77.706,79.636,81.508,83.289,84.939,86.41,87.652,88.624,89.301,89.689,89.837,89.832,89.787,89.818,90.029
7860.0,55.205,57.437,59.585,61.675,63.725,65.748,67.755,69.754,71.749,73.739,75.721,77.685,79.614,81.487,83.269,84.92,86.392,87.638,88.612,89.292,89.684,89.835,89.832,89.788,89.819,90.03
7920.0,55.196,57.426,59.573,61.661,63.709,65.731,67.738,69.736,71.729,73.718,75.7,77.663,79.593,81.465,83.248,84.901,86.375,87.623,88.601,89.284,89.679,89.832,89.831,89.788,89.82,90.031
7980.0,55.186,57.415,59.56,61.647,63.694,65.715,67.72,69.717,71.709,73.698,75.678,77.641,79.571,81.444,83.228,84.881,86.358,87.608,88.589,89.276,89.674,89.83,89.831,89.789,89.821,90.033
8040.0,55.177,57.404,59.548,61.634,63.679,65.699,67.703,69.698,71.69,73.677,75.657,77.62,79.55,81.423,83.207,84.862,86.341,87.594,88.577,89.267,89.668,89.827,89.83,89.79,89.823,90.034
8100.0,55.168,57.393,59.536,61.62,63.664,65.682,67.685,69.68,71.67,73.657,75.636,77.598,79.528,81.401,83.187,84.843,86.324,87.579,88.566,89.259,89.663,89.825,89.83,89.79,89.824,90.036
8160.0,55.158,57.382,59.523,61.606,63.649,65.666,67.668,69.661,71.651,73.637,75.615,77.577,79.507,81.38,83.166,84.824,86.307,87.564,88.554,89.25,89.658,89.822,89.829,89.791,89.825,90.037
8220.0,55.149,57.371,59.511,61.592,63.634,65.65,67.65,69.643,71.631,73.616,75.594,77.556,79.485,81.359,83.146,84.805,86.289,87.55,88.542,89.242,89.652,89.82,89.829,89.792,89.826,90.038
8280.0,55.14,57.36,59.499,61.579,63.619,65.634,67.633,69.624,71.612,73.596,75.573,77.534,79.464,81.338,83.126,84.786,86.272,87.535,88.531,89.233,89.647,89.817,89.828,89.792,89.827,90.04
8340.0,55.13,57.35,59.486,61.565,63.604,65.617,67.615,69.606,71.592,73.576,75.552,77.513,79.442,81.317,83.105,84.767,86.255,87.52,88.519,89.225,89.642,89.814,89.828,89.793,89.829,90.041
8400.0,55.121,57.339,59.474,61.552,63.589,65.601,67.598,69.587,71.573,73.556,75.532,77.492,79.421,81.296,83.085,84.748,86.238,87.506,88.507,89.216,89.636,89.812,89.827,89.794,89.83,90.043
8460.0,55.112,57.328,59.462,61.538,63.574,65.585,67.581,69.569,71.554,73.535,75.511,77.471,79.4,81.275,83.065,84.729,86.221,87.491,88.496,89.208,89.631,89.809,89.826,89.794,89.831,90.044
8520.0,55.103,57.317,59.45,61.525,63.56,65.569,67.564,69.551,71.534,73.515,75.49,77.449,79.378,81.254,83.045,84.71,86.204,87.477,88.484,89.199,89.626,89.807,89.826,89.795,89.832,90.045
8580.0,55.093,57.307,59.438,61.511,63.545,65.553,67.547,69.532,71.515,73.495,75.469,77.428,79.357,81.233,83.024,84.691,86.187,87.462,88.472,89.191,89.62,89.804,89.825,89.796,89.833,90.047
8640.0,55.084,57.296,59.426,61.498,63.53,65.537,67.529,69.514,71.496,73.475,75.449,77.407,79.336,81.212,83.004,84.672,86.17,87.447,88.46,89.182,89.615,89.801,89.825,89.796,89.835,90.048
8700.0,55.075,57.285,59.414,61.484,63.515,65.521,67.512,69.496,71.477,73.455,75.428,77.386,79.315,81.191,82.984,84.654,86.153,87.433,88.449,89.174,89.609,89.799,89.824,89.797,89.836,90.05
8760.0,55.066,57.275,59.402,61.471,63.501,65.505,67.495,69.478,71.458,73.435,75.407,77.365,79.294,81.17,82.964,84.635,86.136,87.418,88.437,89.165,89.604,89.796,89.823,89.798,89.837,90.051
8820.0,55.057,57.264,59.39,61.457,63.486,65.489,67.478,69.46,71.439,73.416,75.387,77.344,79.273,81.15,82.944,84.616,86.119,87.404,88.425,89.156,89.598,89.793,89.823,89.798,89.838,90.052
8880.0,55.048,57.254,59.378,61.444,63.471,65.474,67.461,69.442,71.42,73.396,75.366,77.323,79.252,81.129,82.924,84.597,86.102,87.389,88.414,89.148,89.593,89.79,89.822,89.799,89.839,90.054
8940.0,55.039,57.243,59.366,61.431,63.457,65.458,67.444,69.424,71.401,73.376,75.346,77.303,79.231,81.108,82.904,84.578,86.085,87.374,88.402,89.139,89.587,89.788,89.821,89.799,89.841,90.055
9000.0,55.03,57.232,59.354,61.418,63.442,65.442,67.427,69.406,71.382,73.356,75.326,77.282,79.21,81.087,82.884,84.56,86.068,87.36,88.39,89.131,89.582,89.785,89.82,89.8,89.842,90.057
9060.0,55.021,57.222,59.342,61.404,63.428,65.426,67.411,69.388,71.363,73.336,75.305,77.261,79.189,81.067,82.864,84.541,86.051,87.345,88.378,89.122,89.576,89.782,89.82,89.8,89.843,90.058
9120.0,55.012,57.211,59.33,61.391,63.413,65.411,67.394,69.37,71.344,73.317,75.285,77.24,79.168,81.046,82.844,84.522,86.034,87.331,88.367,89.113,89.571,89.779,89.819,89.801,89.844,90.059
9180.0,55.003,57.201,59.318,61.378,63.399,65.395,67.377,69.352,71.325,73.297,75.265,77.22,79.147,81.026,82.824,84.504,86.018,87.316,88.355,89.105,89.565,89.776,89.818,89.802,89.845,90.061
9240.0,54.994,57.191,59.306,61.365,63.385,65.379,67.36,69.334,71.306,73.278,75.244,77.199,79.126,81.005,82.804,84.485,86.001,87.302,88.343,89.096,89.56,89.774,89.818,89.802,89.846,90.062
9300.0,54.985,57.18,59.295,61.352,63.37,65.364,67.343,69.317,71.288,73.258,75.224,77.178,79.106,80.985,82.785,84.466,85.984,87.287,88.332,89.087,89.554,89.771,89.817,89.803,89.848,90.063
9360.0,54.976,57.17,59.283,61.339,63.356,65.348,67.327,69.299,71.269,73.239,75.204,77.158,79.085,80.964,82.765,84.448,85.967,87.273,88.32,89.079,89.549,89.768,89.816,89.803,89.849,90.065
9420.0,54.967,57.159,59.271,61.326,63.342,65.333,67.31,69.281,71.25,73.219,75.184,77.137,79.064,80.944,82.745,84.429,85.95,87.258,88.308,89.07,89.543,89.765,89.815,89.804,89.85,90.066
9480.0,54.958,57.149,59.259,61.313,63.327,65.317,67.294,69.264,71.232,73.2,75.164,77.117,79.044,80.923,82.725,84.411,85.933,87.244,88.296,89.062,89.537,89.762,89.814,89.804,89.851,90.068
9540.0,54.949,57.139,59.248,61.3,63.313,65.302,67.277,69.246,71.213,73.18,75.144,77.096,79.023,80.903,82.706,84.392,85.917,87.229,88.285,89.053,89.532,89.759,89.814,89.805,89.852,90.069
9600.0,54.94,57.128,59.236,61.287,63.299,65.286,67.26,69.228,71.195,73.161,75.124,77.076,79.003,80.883,82.686,84.374,85.9,87.215,88.273,89.044,89.526,89.756,89.813,89.805,89.853,90.07
9660.0,54.931,57.118,59.224,61.274,63.285,65.271,67.244,69.211,71.176,73.142,75.104,77.056,78.982,80.862,82.666,84.355,85.883,87.2,88.261,89.035,89.521,89.753,89.812,89.806,89.855,90.072
9720.0,54.923,57.108,59.213,61.261,63.27,65.256,67.228,69.193,71.158,73.122,75.084,77.035,78.962,80.842,82.647,84.337,85.866,87.186,88.249,89.027,89.515,89.75,89.811,89.806,89.856,90.073
9780.0,54.914,57.098,59.201,61.248,63.256,65.241,67.211,69.176,71.14,73.103,75.064,77.015,78.941,80.822,82.627,84.318,85.85,87.171,88.238,89.018,89.509,89.747,89.81,89.807,89.857,90.074
9840.0,54.905,57.087,59.19,61.235,63.242,65.225,67.195,69.159,71.121,73.084,75.045,76.995,78.921,80.802,82.608,84.3,85.833,87.157,88.226,89.009,89.504,89.744,89.809,89.807,89.858,90.076
9900.0,54.896,57.077,59.178,61.222,63.228,65.21,67.178,69.141,71.103,73.065,75.025,76.975,78.901,80.782,82.588,84.282,85.816,87.142,88.214,89.001,89.498,89.742,89.808,89.808,89.859,90.077
9960.0,54.887,57.067,59.167,61.209,63.214,65.195,67.162,69.124,71.085,73.046,75.005,76.954,78.88,80.762,82.569,84.263,85.8,87.128,88.203,88.992,89.492,89.739,89.808,89.808,89.86,90.078
10020.0,54.879,57.057,59.155,61.197,63.2,65.18,67.146,69.107,71.066,73.027,74.985,76.934,78.86,80.742,82.549,84.245,85.783,87.114,88.191,88.983,89.486,89.736,89.807,89.808,89.861,90.08
10080.0,54.87,57.047,59.144,61.184,63.186,65.165,67.13,69.089,71.048,73.008,74.966,76.914,78.84,80.722,82.53,84.227,85.766,87.099,88.179,88.974,89.481,89.732,89.806,89.809,89.862,90.081
10140.0,54.861,57.037,59.132,61.171,63.172,65.149,67.113,69.072,71.03,72.989,74.946,76.894,78.82,80.702,82.51,84.208,85.75,87.085,88.167,88.966,89.475,89.729,89.805,89.809,89.864,90.082
10200.0,54.853,57.027,59.121,61.159,63.158,65.134,67.097,69.055,71.012,72.97,74.927,76.874,78.8,80.682,82.491,84.19,85.733,87.07,88.156,88.957,89.469,89.726,89.804,89.81,89.865,90.084
10260.0,54.844,57.017,59.109,61.146,63.145,65.119,67.081,69.038,70.994,72.951,74.907,76.854,78.779,80.662,82.472,84.172,85.716,87.056,88.144,88.948,89.463,89.723,89.803,89.81,89.866,90.085
10320.0,54.835,57.007,59.098,61.133,63.131,65.104,67.065,69.021,70.976,72.932,74.888,76.834,78.759,80.642,82.452,84.154,85.7,87.041,88.132,88.939,89.458,89.72,89.802,89.811,89.867,90.086
10380.0,54.827,56.997,59.087,61.121,63.117,65.089,67.049,69.004,70.958,72.914,74.868,76.815,78.739,80.622,82.433,84.136,85.683,87.027,88.12,88.931,89.452,89.717,89.801,89.811,89.868,90.088
10440.0,54.818,56.987,59.075,61.108,63.103,65.075,67.033,68.987,70.94,72.895,74.849,76.795,78.719,80.602,82.414,84.117,85.667,87.013,88.109,88.922,89.446,89.714,89.8,89.811,89.869,90.089
10500.0,54.809,56.977,59.064,61.096,63.089,65.06,67.017,68.97,70.922,72.876,74.83,76.775,78.699,80.582,82.395,84.099,85.65,86.998,88.097,88.913,89.44,89.711,89.799,89.812,89.87,90.09
10560.0,54.801,56.967,59.053,61.083,63.076,65.045,67.001,68.953,70.904,72.857,74.81,76.755,78.679,80.563,82.376,84.081,85.634,86.984,88.085,88.904,89.434,89.708,89.798,89.812,89.871,90.092
10620.0,54.792,56.957,59.042,61.071,63.062,65.03,66.985,68.936,70.886,72.839,74.791,76.736,78.66,80.543,82.356,84.063,85.617,86.97,88.073,88.895,89.429,89.705,89.797,89.812,89.872,90.093
10680.0,54.784,56.947,59.03,61.058,63.048,65.015,66.969,68.919,70.869,72.82,74.772,76.716,78.64,80.523,82.337,84.045,85.601,86.955,88.062,88.886,89.423,89.702,89.796,89.813,89.873,90.094
10740.0,54.775,56.937,59.019,61.046,63.035,65.0,66.954,68.902,70.851,72.802,74.753,76.696,78.62,80.503,82.318,84.027,85.584,86.941,88.05,88.878,89.417,89.698,89.795,89.813,89.874,90.096
10800.0,54.767,56.927,59.008,61.033,63.021,64.986,66.938,68.885,70.833,72.783,74.733,76.677,78.6,80.484,82.299,84.009,85.568,86.927,88.038,88.869,89.411,89.695,89.794,89.814,89.875,90.097
10860.0,54.758,56.917,58.997,61.021,63.008,64.971,66.922,68.868,70.815,72.765,74.714,76.657,78.58,80.464,82.28,83.991,85.551,86.912,88.026,88.86,89.405,89.692,89.793,89.814,89.877,90.098
10920.0,54.75,56.907,58.986,61.009,62.994,64.956,66.906,68.852,70.798,72.746,74.695,76.638,78.561,80.445,82.261,83.973,85.535,86.898,88.015,88.851,89.399,89.689,89.792,89.814,89.878,90.099
10980.0,54.741,56.898,58.975,60.996,62.981,64.942,66.891,68.835,70.78,72.728,74.676,76.618,78.541,80.425,82.242,83.955,85.519,86.884,88.003,88.842,89.393,89.686,89.791,89.814,89.879,90.101
11040.0,54.733,56.888,58.964,60.984,62.967,64.927,66.875,68.818,70.763,72.71,74.657,76.599,78.521,80.406,82.223,83.937,85.502,86.869,87.991,88.833,89.387,89.682,89.79,89.815,89.88,90.102
11100.0,54.724,56.878,58.952,60.972,62.954,64.913,66.859,68.802,70.745,72.691,74.638,76.579,78.502,80.386,82.204,83.919,85.486,86.855,87.979,88.825,89.382,89.679,89.788,89.815,89.881,90.103
11160.0,54.716,56.868,58.941,60.959,62.94,64.898,66.844,68.785,70.728,72.673,74.619,76.56,78.482,80.367,82.185,83.901,85.469,86.841,87.968,88.816,89.376,89.676,89.787,89.815,89.882,90.105
11220.0,54.708,56.859,58.93,60.947,62.927,64.883,66.828,68.769,70.71,72.655,74.6,76.541,78.463,80.347,82.167,83.883,85.453,86.826,87.956,88.807,89.37,89.673,89.786,89.816,89.883,90.106
11280.0,54.699,56.849,58.919,60.935,62.913,64.869,66.813,68.752,70.693,72.637,74.582,76.521,78.443,80.328,82.148,83.866,85.437,86.812,87.944,88.798,89.364,89.669,89.785,89.816,89.884,90.107
11340.0,54.691,56.839,58.909,60.923,62.9,64.855,66.797,68.736,70.675,72.618,74.563,76.502,78.424,80.309,82.129,83.848,85.421,86.798,87.932,88.789,89.358,89.666,89.784,89.816,89.885,90.108
11400.0,54.683,56.829,58.898,60.911,62.887,64.84,66.782,68.719,70.658,72.6,74.544,76.483,78.404,80.289,82.11,83.83,85.404,86.784,87.921,88.78,89.352,89.663,89.783,89.817,89.886,90.11
11460.0,54.674,56.82,58.887,60.899,62.874,64.826,66.766,68.703,70.641,72.582,74.525,76.464,78.385,80.27,82.091,83.812,85.388,86.769,87.909,88.771,89.346,89.659,89.782,89.817,89.887,90.111
11520.0,54.666,56.81,58.876,60.886,62.86,64.811,66.751,68.686,70.623,72.564,74.507,76.444,78.366,80.251,82.073,83.794,85.372,86.755,87.897,88.762,89.34,89.656,89.78,89.817,89.888,90.112
11580.0,54.658,56.801,58.865,60.874,62.847,64.797,66.735,68.67,70.606,72.546,74.488,76.425,78.346,80.232,82.054,83.777,85.355,86.741,87.886,88.753,89.334,89.653,89.779,89.817,89.889,90.114
11640.0,54.649,56.791,58.854,60.862,62.834,64.783,66.72,68.654,70.589,72.528,74.469,76.406,78.327,80.213,82.035,83.759,85.339,86.727,87.874,88.744,89.328,89.649,89.778,89.818,89.89,90.115
11700.0,54.641,56.781,58.843,60.85,62.821,64.769,66.705,68.637,70.572,72.51,74.451,76.387,78.308,80.194,82.017,83.741,85.323,86.713,87.862,88.736,89.322,89.646,89.777,89.818,89.891,90.116
11760.0,54.633,56.772,58.832,60.838,62.808,64.754,66.69,68.621,70.555,72.492,74.432,76.368,78.289,80.174,81.998,83.724,85.307,86.698,87.85,88.727,89.316,89.643,89.776,89.818,89.892,90.117
11820.0,54.625,56.762,58.822,60.826,62.794,64.74,66.674,68.605,70.538,72.474,74.414,76.349,78.27,80.155,81.98,83.706,85.291,86.684,87.839,88.718,89.31,89.639,89.774,89.818,89.893,90.119
11880.0,54.616,56.753,58.811,60.814,62.781,64.726,66.659,68.589,70.521,72.457,74.395,76.33,78.25,80.136,81.961,83.688,85.274,86.67,87.827,88.709,89.303,89.636,89.773,89.818,89.894,90.12
11940.0,54.608,56.743,58.8,60.803,62.768,64.712,66.644,68.573,70.504,72.439,74.377,76.312,78.231,80.117,81.942,83.671,85.258,86.656,87.815,88.7,89.297,89.632,89.772,89.819,89.895,90.121
12000.0,54.6,56.734,58.789,60.791,62.755,64.698,66.629,68.557,70.487,72.421,74.358,76.293,78.212,80.098,81.924,83.653,85.242,86.642,87.803,88.691,89.291,89.629,89.771,89.819,89.896,90.122
12060.0,54.592,56.724,58.779,60.779,62.742,64.684,66.614,68.541,70.47,72.403,74.34,76.274,78.193,80.079,81.906,83.636,85.226,86.627,87.792,88.682,89.285,89.626,89.769,89.819,89.897,90.124
12120.0,54.584,56.715,58.768,60.767,62.729,64.67,66.599,68.525,70.453,72.386,74.322,76.255,78.174,80.061,81.887,83.618,85.21,86.613,87.78,88.673,89.279,89.622,89.768,89.819,89.898,90.125
12180.0,54.576,56.706,58.757,60.755,62.716,64.656,66.584,68.509,70.436,72.368,74.303,76.236,78.155,80.042,81.869,83.601,85.194,86.599,87.768,88.664,89.273,89.619,89.767,89.819,89.899,90.126
12240.0,54.568,56.696,58.747,60.743,62.703,64.642,66.569,68.493,70.419,72.35,74.285,76.218,78.136,80.023,81.85,83.583,85.178,86.585,87.756,88.655,89.267,89.615,89.765,89.819,89.9,90.127
12300.0,54.559,56.687,58.736,60.732,62.691,64.628,66.554,68.477,70.402,72.333,74.267,76.199,78.117,80.004,81.832,83.566,85.162,86.571,87.745,88.646,89.261,89.612,89.764,89.82,89.901,90.128
12360.0,54.551,56.677,58.726,60.72,62.678,64.614,66.539,68.461,70.385,72.315,74.249,76.18,78.099,79.985,81.814,83.548,85.146,86.557,87.733,88.637,89.255,89.608,89.763,89.82,89.902,90.13
12420.0,54.543,56.668,58.715,60.708,62.665,64.6,66.524,68.445,70.369,72.298,74.231,76.162,78.08,79.967,81.795,83.531,85.13,86.543,87.721,88.628,89.248,89.605,89.761,89.82,89.903,90.131
12480.0,54.535,56.659,58.705,60.696,62.652,64.586,66.509,68.429,70.352,72.28,74.212,76.143,78.061,79.948,81.777,83.514,85.114,86.529,87.71,88.619,89.242,89.601,89.76,89.82,89.904,90.132
12540.0,54.527,56.649,58.694,60.685,62.639,64.572,66.494,68.413,70.335,72.263,74.194,76.125,78.042,79.929,81.759,83.496,85.098,86.514,87.698,88.61,89.236,89.598,89.759,89.82,89.904,90.133
12600.0,54.519,56.64,58.684,60.673,62.627,64.558,66.479,68.397,70.319,72.245,74.176,76.106,78.024,79.91,81.741,83.479,85.082,86.5,87.686,88.601,89.23,89.594,89.757,89.82,89.905,90.135
12660.0,54.511,56.631,58.673,60.661,62.614,64.544,66.464,68.382,70.302,72.228,74.158,76.088,78.005,79.892,81.722,83.462,85.066,86.486,87.674,88.592,89.224,89.591,89.756,89.82,89.906,90.136
12720.0,54.503,56.622,58.663,60.65,62.601,64.531,66.45,68.366,70.285,72.211,74.14,76.069,77.986,79.873,81.704,83.444,85.05,86.472,87.663,88.583,89.218,89.587,89.754,89.82,89.907,90.137
12780.0,54.495,56.612,58.652,60.638,62.588,64.517,66.435,68.35,70.269,72.193,74.122,76.051,77.968,79.855,81.686,83.427,85.034,86.458,87.651,88.574,89.211,89.583,89.753,89.821,89.908,90.138
12840.0,54.487,56.603,58.642,60.627,62.576,64.503,66.42,68.335,70.252,72.176,74.105,76.033,77.949,79.836,81.668,83.41,85.018,86.444,87.639,88.565,89.205,89.58,89.752,89.821,89.909,90.139
12900.0,54.479,56.594,58.631,60.615,62.563,64.49,66.405,68.319,70.236,72.159,74.087,76.014,77.93,79.818,81.65,83.393,85.002,86.43,87.628,88.556,89.199,89.576,89.75,89.821,89.91,90.141
12960.0,54.471,56.585,58.621,60.604,62.551,64.476,66.391,68.303,70.22,72.142,74.069,75.996,77.912,79.799,81.632,83.375,84.986,86.416,87.616,88.547,89.193,89.573,89.749,89.821,89.911,90.142
13020.0,54.463,56.576,58.611,60.592,62.538,64.462,66.376,68.288,70.203,72.124,74.051,75.978,77.893,79.781,81.614,83.358,84.97,86.402,87.604,88.538,89.186,89.569,89.747,89.821,89.912,90.143
13080.0,54.456,56.566,58.6,60.581,62.525,64.449,66.362,68.272,70.187,72.107,74.033,75.959,77.875,79.762,81.596,83.341,84.955,86.388,87.592,88.529,89.18,89.565,89.746,89.821,89.913,90.144
13140.0,54.448,56.557,58.59,60.569,62.513,64.435,66.347,68.257,70.17,72.09,74.016,75.941,77.857,79.744,81.578,83.324,84.939,86.374,87.581,88.52,89.174,89.562,89.744,89.821,89.914,90.145
13200.0,54.44,56.548,58.58,60.558,62.5,64.422,66.333,68.241,70.154,72.073,73.998,75.923,77.838,79.726,81.56,83.307,84.923,86.36,87.569,88.511,89.168,89.558,89.743,89.821,89.914,90.146
13260.0,54.432,56.539,58.569,60.546,62.488,64.408,66.318,68.226,70.138,72.056,73.98,75.905,77.82,79.707,81.542,83.29,84.907,86.346,87.557,88.502,89.161,89.554,89.741,89.821,89.915,90.148
13320.0,54.424,56.53,58.559,60.535,62.475,64.395,66.304,68.211,70.122,72.039,73.963,75.887,77.801,79.689,81.524,83.273,84.891,86.332,87.546,88.492,89.155,89.551,89.74,89.821,89.916,90.149
13380.0,54.416,56.521,58.549,60.524,62.463,64.381,66.289,68.195,70.105,72.022,73.945,75.869,77.783,79.671,81.506,83.255,84.876,86.318,87.534,88.483,89.149,89.547,89.738,89.821,89.917,90.15
13440.0,54.408,56.512,58.539,60.512,62.451,64.368,66.275,68.18,70.089,72.005,73.927,75.851,77.765,79.653,81.488,83.238,84.86,86.304,87.522,88.474,89.142,89.543,89.737,89.821,89.918,90.151
13500.0,54.401,56.503,58.529,60.501,62.438,64.354,66.26,68.165,70.073,71.988,73.91,75.833,77.747,79.634,81.471,83.221,84.844,86.29,87.511,88.465,89.136,89.54,89.735,89.821,89.919,90.152
13560.0,54.393,56.494,58.518,60.49,62.426,64.341,66.246,68.149,70.057,71.971,73.892,75.815,77.728,79.616,81.453,83.204,84.828,86.276,87.499,88.456,89.13,89.536,89.734,89.821,89.92,90.153
13620.0,54.385,56.485,58.508,60.479,62.414,64.328,66.232,68.134,70.041,71.955,73.875,75.797,77.71,79.598,81.435,83.187,84.813,86.262,87.487,88.447,89.123,89.532,89.732,89.821,89.921,90.154
13680.0,54.377,56.476,58.498,60.467,62.401,64.314,66.217,68.119,70.025,71.938,73.858,75.779,77.692,79.58,81.417,83.171,84.797,86.248,87.476,88.438,89.117,89.529,89.731,89.821,89.921,90.156
13740.0,54.37,56.467,58.488,60.456,62.389,64.301,66.203,68.104,70.009,71.921,73.84,75.761,77.674,79.562,81.4,83.154,84.781,86.235,87.464,88.429,89.111,89.525,89.729,89.821,89.922,90.157
13800.0,54.362,56.458,58.478,60.445,62.377,64.288,66.189,68.089,69.993,71.904,73.823,75.743,77.656,79.544,81.382,83.137,84.766,86.221,87.452,88.42,89.104,89.521,89.727,89.821,89.923,90.158
13860.0,54.354,56.449,58.468,60.434,62.365,64.275,66.175,68.074,69.977,71.888,73.805,75.726,77.638,79.526,81.364,83.12,84.75,86.207,87.441,88.411,89.098,89.517,89.726,89.821,89.924,90.159
13920.0,54.346,56.44,58.458,60.423,62.352,64.261,66.161,68.058,69.961,71.871,73.788,75.708,77.62,79.508,81.347,83.103,84.734,86.193,87.429,88.402,89.092,89.513,89.724,89.821,89.925,90.16
13980.0,54.339,56.431,58.448,60.411,62.34,64.248,66.146,68.043,69.945,71.854,73.771,75.69,77.602,79.49,81.329,83.086,84.719,86.179,87.417,88.393,89.085,89.51,89.723,89.821,89.926,90.161
14040.0,54.331,56.422,58.438,60.4,62.328,64.235,66.132,68.028,69.929,71.838,73.754,75.672,77.584,79.472,81.311,83.069,84.703,86.165,87.406,88.383,89.079,89.506,89.721,89.821,89.926,90.162
14100.0,54.323,56.414,58.428,60.389,62.316,64.222,66.118,68.013,69.913,71.821,73.736,75.655,77.566,79.454,81.294,83.052,84.688,86.151,87.394,88.374,89.072,89.502,89.719,89.821,89.927,90.163
14160.0,54.316,56.405,58.418,60.378,62.304,64.209,66.104,67.998,69.898,71.805,73.719,75.637,77.548,79.436,81.276,83.036,84.672,86.137,87.382,88.365,89.066,89.498,89.718,89.821,89.928,90.165
14220.0,54.31,56.397,58.408,60.367,62.292,64.196,66.09,67.983,69.882,71.788,73.702,75.62,77.53,79.418,81.259,83.019,84.657,86.124,87.371,88.356,89.06,89.494,89.716,89.82,89.929,90.166
14280.0,54.309,56.391,58.399,60.357,62.28,64.183,66.076,67.969,69.866,71.772,73.685,75.602,77.513,79.4,81.241,83.002,84.641,86.11,87.359,88.347,89.053,89.491,89.714,89.82,89.93,90.167
14340.0,54.314,56.389,58.392,60.346,62.268,64.17,66.062,67.954,69.85,71.755,73.668,75.584,77.495,79.383,81.224,82.985,84.626,86.096,87.347,88.338,89.047,89.487,89.713,89.82,89.93,90.168
14400.0,54.325,56.39,58.387,60.337,62.257,64.157,66.048,67.939,69.835,71.739,73.651,75.567,77.477,79.365,81.207,82.969,84.61,86.082,87.336,88.329,89.04,89.483,89.711,89.82,89.931,90.169
14460.0,54.339,56.394,58.384,60.33,62.246,64.144,66.034,67.924,69.819,71.722,73.634,75.549,77.459,79.347,81.189,82.952,84.595,86.068,87.324,88.32,89.034,89.479,89.709,89.82,89.932,90.17
14520.0,54.356,56.401,58.383,60.324,62.236,64.132,66.021,67.909,69.803,71.706,73.617,75.532,77.442,79.329,81.172,82.935,84.579,86.055,87.312,88.31,89.027,89.475,89.708,89.82,89.933,90.171
14580.0,54.375,56.41,58.385,60.319,62.227,64.12,66.007,67.895,69.788,71.69,73.6,75.515,77.424,79.312,81.154,82.919,84.564,86.041,87.301,88.301,89.021,89.471,89.706,89.82,89.933,90.172
14640.0,54.399,56.422,58.388,60.315,62.219,64.109,65.994,67.88,69.772,71.673,73.583,75.497,77.406,79.294,81.137,82.902,84.548,86.027,87.289,88.292,89.014,89.467,89.704,89.82,89.934,90.173
14700.0,54.427,56.438,58.393,60.314,62.212,64.099,65.981,67.866,69.757,71.657,73.566,75.48,77.389,79.277,81.12,82.886,84.533,86.013,87.277,88.283,89.008,89.463,89.702,89.819,89.935,90.174
14760.0,54.46,56.457,58.401,60.313,62.206,64.089,65.969,67.852,69.742,71.641,73.549,75.463,77.371,79.259,81.102,82.869,84.517,86.0,87.266,88.274,89.001,89.459,89.701,89.819,89.936,90.175
14820.0,54.497,56.479,58.411,60.315,62.202,64.08,65.957,67.838,69.726,71.625,73.533,75.445,77.353,79.241,81.085,82.853,84.502,85.986,87.254,88.265,88.995,89.455,89.699,89.819,89.936,90.176
14880.0,54.536,56.503,58.424,60.319,62.198,64.072,65.945,67.824,69.711,71.609,73.516,75.428,77.336,79.224,81.068,82.836,84.487,85.972,87.242,88.255,88.988,89.452,89.697,89.819,89.937,90.177
14940.0,54.576,56.53,58.439,60.324,62.196,64.065,65.935,67.811,69.696,71.593,73.499,75.411,77.318,79.206,81.051,82.82,84.471,85.958,87.231,88.246,88.982,89.448,89.695,89.819,89.938,90.178
15000.0,54.619,56.558,58.456,60.331,62.196,64.058,65.924,67.798,69.682,71.577,73.482,75.394,77.301,79.189,81.034,82.803,84.456,85.945,87.219,88.237,88.975,89.444,89.694,89.819,89.939,90.18
15060.0,54.663,56.589,58.474,60.339,62.196,64.053,65.914,67.785,69.667,71.561,73.466,75.376,77.284,79.171,81.016,82.787,84.441,85.931,87.208,88.228,88.969,89.44,89.692,89.818,89.939,90.181
15120.0,54.711,56.622,58.494,60.349,62.198,64.048,65.905,67.773,69.653,71.545,73.449,75.359,77.266,79.154,80.999,82.77,84.425,85.917,87.196,88.219,88.962,89.436,89.69,89.818,89.94,90.182
15180.0,54.763,56.657,58.517,60.361,62.201,64.045,65.897,67.761,69.639,71.53,73.433,75.342,77.249,79.137,80.982,82.754,84.41,85.904,87.184,88.21,88.956,89.432,89.688,89.818,89.941,90.183
15240.0,54.818,56.695,58.541,60.374,62.205,64.042,65.889,67.75,69.625,71.514,73.416,75.325,77.231,79.119,80.965,82.737,84.395,85.89,87.173,88.201,88.949,89.428,89.686,89.818,89.942,90.184
15300.0,54.877,56.737,58.568,60.389,62.211,64.041,65.882,67.739,69.611,71.499,73.4,75.308,77.214,79.102,80.948,82.721,84.38,85.876,87.161,88.191,88.943,89.424,89.685,89.817,89.942,90.185
15360.0,54.94,56.781,58.597,60.406,62.218,64.04,65.876,67.728,69.598,71.484,73.384,75.291,77.197,79.085,80.931,82.705,84.364,85.863,87.15,88.182,88.936,89.42,89.683,89.817,89.943,90.186
15420.0,55.007,56.829,58.628,60.424,62.226,64.041,65.871,67.719,69.585,71.469,73.368,75.275,77.18,79.067,80.914,82.688,84.349,85.849,87.138,88.173,88.93,89.416,89.681,89.817,89.944,90.187
15480.0,55.077,56.879,58.662,60.445,62.236,64.042,65.866,67.709,69.573,71.455,73.352,75.258,77.162,79.05,80.897,82.672,84.334,85.835,87.126,88.164,88.923,89.412,89.679,89.817,89.944,90.188
15540.0,55.149,56.932,58.699,60.468,62.248,64.045,65.862,67.7,69.56,71.44,73.336,75.241,77.145,79.033,80.88,82.656,84.319,85.822,87.115,88.155,88.916,89.407,89.677,89.816,89.945,90.189
15600.0,55.222,56.987,58.737,60.492,62.261,64.049,65.859,67.692,69.549,71.426,73.32,75.224,77.128,79.016,80.863,82.639,84.303,85.808,87.103,88.145,88.91,89.403,89.675,89.816,89.946,90.19
15660.0,55.298,57.043,58.777,60.518,62.275,64.054,65.857,67.685,69.537,71.412,73.304,75.208,77.111,78.998,80.846,82.623,84.288,85.794,87.092,88.136,88.903,89.399,89.673,89.816,89.946,90.191
15720.0,55.374,57.101,58.819,60.546,62.291,64.06,65.855,67.678,69.526,71.398,73.289,75.191,77.094,78.981,80.829,82.607,84.273,85.781,87.08,88.127,88.897,89.395,89.671,89.816,89.947,90.192
15780.0,55.451,57.16,58.862,60.575,62.308,64.067,65.855,67.671,69.515,71.385,73.274,75.175,77.077,78.964,80.813,82.591,84.258,85.767,87.068,88.118,88.89,89.391,89.67,89.815,89.948,90.193
15840.0,55.531,57.221,58.907,60.605,62.327,64.076,65.855,67.665,69.505,71.371,73.258,75.158,77.06,78.947,80.796,82.574,84.243,85.754,87.057,88.109,88.883,89.387,89.668,89.815,89.948,90.194
15900.0,55.614,57.285,58.953,60.637,62.346,64.085,65.856,67.66,69.496,71.358,73.243,75.142,77.043,78.93,80.779,82.558,84.228,85.74,87.045,88.099,88.877,89.383,89.666,89.815,89.949,90.195
15960.0,55.698,57.35,59.001,60.671,62.367,64.096,65.859,67.656,69.486,71.346,73.228,75.126,77.027,78.913,80.762,82.542,84.213,85.727,87.034,88.09,88.87,89.379,89.664,89.814,89.95,90.196
16020.0,55.785,57.417,59.051,60.706,62.39,64.108,65.862,67.652,69.478,71.333,73.214,75.11,77.01,78.896,80.745,82.526,84.198,85.713,87.022,88.081,88.863,89.375,89.662,89.814,89.95,90.197
16080.0,55.876,57.486,59.103,60.742,62.413,64.12,65.866,67.649,69.469,71.321,73.199,75.094,76.993,78.879,80.729,82.51,84.183,85.699,87.011,88.072,88.857,89.371,89.66,89.814,89.951,90.198
16140.0,55.971,57.559,59.157,60.78,62.438,64.134,65.87,67.647,69.461,71.31,73.185,75.078,76.977,78.862,80.712,82.494,84.168,85.686,86.999,88.063,88.85,89.366,89.658,89.813,89.952,90.198
16200.0,56.068,57.635,59.213,60.82,62.464,64.149,65.876,67.645,69.454,71.298,73.171,75.063,76.96,78.846,80.695,82.478,84.152,85.672,86.987,88.053,88.843,89.362,89.656,89.813,89.952,90.199
16260.0,56.167,57.712,59.271,60.862,62.492,64.165,65.883,67.644,69.447,71.288,73.157,75.047,76.944,78.829,80.679,82.462,84.137,85.659,86.976,88.044,88.837,89.358,89.654,89.813,89.953,90.2
16320.0,56.267,57.791,59.331,60.905,62.521,64.183,65.89,67.644,69.441,71.277,73.144,75.032,76.927,78.812,80.662,82.446,84.122,85.645,86.964,88.035,88.83,89.354,89.652,89.812,89.953,90.201
16380.0,56.368,57.871,59.392,60.95,62.552,64.201,65.899,67.644,69.436,71.267,73.13,75.016,76.911,78.795,80.646,82.43,84.108,85.632,86.953,88.026,88.823,89.35,89.65,89.812,89.954,90.202
16440.0,56.47,57.952,59.455,60.996,62.584,64.221,65.908,67.646,69.43,71.257,73.117,75.001,76.895,78.779,80.629,82.414,84.093,85.618,86.941,88.017,88.817,89.346,89.648,89.812,89.955,90.203
16500.0,56.573,58.035,59.519,61.044,62.617,64.241,65.918,67.648,69.426,71.247,73.105,74.986,76.879,78.762,80.613,82.398,84.078,85.605,86.93,88.007,88.81,89.341,89.646,89.811,89.955,90.204
16560.0,56.677,58.118,59.584,61.093,62.651,64.263,65.93,67.65,69.422,71.238,73.092,74.972,76.863,78.746,80.596,82.382,84.063,85.591,86.918,87.998,88.803,89.337,89.644,89.811,89.956,90.205
16620.0,56.781,58.202,59.65,61.143,62.687,64.286,65.942,67.654,69.418,71.23,73.08,74.957,76.847,78.729,80.58,82.366,84.048,85.578,86.907,87.989,88.797,89.333,89.642,89.81,89.956,90.206
16680.0,56.885,58.287,59.717,61.194,62.723,64.31,65.955,67.658,69.415,71.221,73.068,74.943,76.831,78.713,80.563,82.35,84.033,85.565,86.895,87.98,88.79,89.329,89.64,89.81,89.957,90.207
16740.0,56.992,58.373,59.786,61.246,62.761,64.335,65.969,67.663,69.413,71.214,73.056,74.928,76.815,78.696,80.547,82.334,84.018,85.551,86.884,87.97,88.783,89.325,89.638,89.81,89.958,90.208
16800.0,57.103,58.463,59.855,61.299,62.799,64.36,65.984,67.668,69.411,71.206,73.045,74.914,76.799,78.68,80.53,82.318,84.003,85.538,86.872,87.961,88.777,89.32,89.636,89.809,89.958,90.209
16860.0,57.217,58.554,59.927,61.353,62.839,64.387,65.999,67.675,69.41,71.199,73.034,74.9,76.784,78.664,80.514,82.302,83.988,85.524,86.861,87.952,88.77,89.316,89.634,89.809,89.959,90.21
16920.0,57.332,58.647,60.0,61.409,62.88,64.415,66.016,67.682,69.409,71.193,73.023,74.887,76.769,78.648,80.498,82.287,83.973,85.511,86.849,87.943,88.763,89.312,89.632,89.808,89.959,90.21
16980.0,57.448,58.741,60.075,61.467,62.922,64.444,66.033,67.689,69.409,71.187,73.012,74.873,76.753,78.632,80.482,82.271,83.959,85.498,86.838,87.934,88.756,89.307,89.629,89.808,89.96,90.211
17040.0,57.566,58.837,60.151,61.525,62.965,64.473,66.051,67.698,69.41,71.181,73.002,74.86,76.738,78.615,80.466,82.255,83.944,85.484,86.826,87.924,88.75,89.303,89.627,89.807,89.96,90.212
17100.0,57.687,58.935,60.229,61.585,63.009,64.504,66.07,67.707,69.411,71.176,72.992,74.847,76.723,78.6,80.449,82.239,83.929,85.471,86.815,87.915,88.743,89.299,89.625,89.807,89.961,90.213
17160.0,57.809,59.034,60.308,61.646,63.055,64.536,66.09,67.717,69.413,71.171,72.983,74.834,76.708,78.584,80.433,82.224,83.914,85.457,86.803,87.906,88.736,89.295,89.623,89.806,89.962,90.214
17220.0,57.932,59.135,60.389,61.709,63.102,64.569,66.111,67.728,69.415,71.167,72.973,74.821,76.694,78.568,80.417,82.208,83.899,85.444,86.792,87.897,88.729,89.29,89.621,89.806,89.962,90.215
17280.0,58.055,59.237,60.47,61.773,63.149,64.602,66.133,67.739,69.418,71.163,72.964,74.809,76.679,78.552,80.401,82.192,83.885,85.431,86.78,87.887,88.723,89.286,89.619,89.805,89.963,90.216
17340.0,58.18,59.339,60.553,61.838,63.198,64.637,66.155,67.751,69.421,71.16,72.956,74.797,76.664,78.537,80.385,82.177,83.87,85.417,86.769,87.878,88.716,89.282,89.617,89.805,89.963,90.217
17400.0,58.304,59.443,60.637,61.904,63.248,64.673,66.179,67.764,69.425,71.157,72.948,74.785,76.65,78.521,80.369,82.161,83.855,85.404,86.757,87.869,88.709,89.277,89.615,89.804,89.964,90.217
17460.0,58.429,59.546,60.721,61.971,63.299,64.71,66.203,67.777,69.43,71.154,72.94,74.773,76.636,78.506,80.354,82.146,83.841,85.391,86.746,87.86,88.702,89.273,89.612,89.804,89.964,90.218
17520.0,58.555,59.651,60.807,62.038,63.351,64.747,66.228,67.792,69.435,71.152,72.932,74.762,76.622,78.49,80.338,82.13,83.826,85.377,86.734,87.85,88.695,89.269,89.61,89.803,89.965,90.219
17580.0,58.684,59.758,60.894,62.107,63.404,64.786,66.254,67.807,69.441,71.151,72.925,74.751,76.608,78.475,80.322,82.115,83.811,85.364,86.723,87.841,88.689,89.264,89.608,89.803,89.965,90.22
17640.0,58.814,59.866,60.981,62.177,63.458,64.825,66.28,67.822,69.448,71.15,72.918,74.74,76.595,78.46,80.306,82.099,83.797,85.351,86.711,87.832,88.682,89.26,89.606,89.802,89.966,90.221
17700.0,58.944,59.974,61.07,62.248,63.512,64.865,66.308,67.839,69.455,71.149,72.912,74.729,76.581,78.445,80.291,82.084,83.782,85.338,86.7,87.823,88.675,89.256,89.604,89.802,89.966,90.222
17760.0,59.075,60.084,61.16,62.32,63.568,64.906,66.336,67.856,69.462,71.149,72.906,74.718,76.568,78.43,80.275,82.068,83.767,85.324,86.689,87.813,88.668,89.251,89.601,89.801,89.967,90.222
17820.0,59.206,60.194,61.25,62.392,63.624,64.948,66.365,67.874,69.47,71.149,72.9,74.708,76.555,78.415,80.26,82.053,83.753,85.311,86.677,87.804,88.661,89.247,89.599,89.801,89.967,90.223
17880.0,59.342,60.306,61.342,62.466,63.682,64.991,66.395,67.892,69.479,71.15,72.895,74.698,76.542,78.4,80.244,82.038,83.738,85.298,86.666,87.795,88.655,89.242,89.597,89.8,89.967,90.224
17940.0,59.481,60.421,61.436,62.541,63.74,65.035,66.425,67.911,69.489,71.152,72.89,74.689,76.529,78.386,80.229,82.022,83.724,85.285,86.654,87.786,88.648,89.238,89.595,89.8,89.968,90.225
18000.0,59.622,60.538,61.531,62.617,63.799,65.079,66.457,67.931,69.499,71.153,72.885,74.679,76.516,78.371,80.214,82.007,83.709,85.272,86.643,87.776,88.641,89.234,89.592,89.799,89.968,90.226
18060.0,59.763,60.656,61.628,62.695,63.86,65.125,66.489,67.951,69.509,71.156,72.881,74.67,76.504,78.357,80.198,81.992,83.695,85.258,86.631,87.767,88.634,89.229,89.59,89.798,89.969,90.226
18120.0,59.906,60.775,61.726,62.773,63.921,65.171,66.522,67.972,69.52,71.158,72.877,74.661,76.492,78.342,80.183,81.977,83.68,85.245,86.62,87.758,88.627,89.225,89.588,89.798,89.969,90.227
18180.0,60.049,60.895,61.825,62.853,63.984,65.218,66.555,67.994,69.532,71.162,72.874,74.653,76.48,78.328,80.168,81.962,83.666,85.232,86.609,87.749,88.62,89.22,89.586,89.797,89.97,90.228
18240.0,60.193,61.016,61.925,62.934,64.048,65.266,66.59,68.017,69.544,71.165,72.871,74.645,76.468,78.314,80.153,81.947,83.651,85.219,86.597,87.739,88.613,89.216,89.583,89.797,89.97,90.229
18300.0,60.34,61.139,62.026,63.016,64.112,65.315,66.625,68.04,69.557,71.17,72.868,74.637,76.456,78.3,80.138,81.932,83.637,85.206,86.586,87.73,88.607,89.211,89.581,89.796,89.971,90.23
18360.0,60.488,61.263,62.128,63.099,64.178,65.365,66.661,68.064,69.57,71.174,72.865,74.629,76.445,78.287,80.123,81.917,83.623,85.193,86.574,87.721,88.6,89.207,89.579,89.795,89.971,90.23
18420.0,60.637,61.388,62.232,63.183,64.245,65.416,66.698,68.088,69.584,71.179,72.863,74.622,76.433,78.273,80.108,81.902,83.608,85.179,86.563,87.712,88.593,89.203,89.577,89.795,89.971,90.231
18480.0,60.785,61.514,62.337,63.269,64.312,65.468,66.735,68.114,69.599,71.185,72.862,74.614,76.422,78.259,80.094,81.887,83.594,85.166,86.552,87.702,88.586,89.198,89.574,89.794,89.972,90.232
18540.0,60.934,61.64,62.442,63.355,64.381,65.52,66.774,68.14,69.614,71.191,72.861,74.608,76.411,78.246,80.079,81.872,83.58,85.153,86.54,87.693,88.579,89.194,89.572,89.793,89.972,90.233
18600.0,61.083,61.767,62.548,63.441,64.45,65.574,66.813,68.166,69.63,71.198,72.86,74.601,76.401,78.233,80.065,81.857,83.565,85.14,86.529,87.684,88.572,89.189,89.57,89.793,89.973,90.233
18660.0,61.233,61.895,62.655,63.529,64.52,65.628,66.853,68.193,69.646,71.205,72.859,74.595,76.39,78.22,80.05,81.842,83.551,85.127,86.517,87.675,88.565,89.185,89.567,89.792,89.973,90.234
18720.0,61.386,62.024,62.763,63.618,64.591,65.683,66.894,68.221,69.663,71.213,72.859,74.589,76.38,78.207,80.036,81.828,83.537,85.114,86.506,87.665,88.558,89.18,89.565,89.792,89.973,90.235
18780.0,61.54,62.154,62.872,63.707,64.663,65.739,66.935,68.25,69.681,71.221,72.86,74.583,76.37,78.194,80.021,81.813,83.523,85.101,86.495,87.656,88.552,89.176,89.563,89.791,89.974,90.236
18840.0,61.694,62.285,62.982,63.798,64.736,65.796,66.977,68.279,69.699,71.229,72.861,74.578,76.361,78.181,80.007,81.798,83.509,85.088,86.483,87.647,88.545,89.171,89.56,89.79,89.974,90.236
18900.0,61.849,62.417,63.093,63.889,64.809,65.853,67.02,68.309,69.717,71.238,72.862,74.573,76.351,78.169,79.993,81.784,83.495,85.075,86.472,87.638,88.538,89.167,89.558,89.789,89.975,90.237
18960.0,62.003,62.55,63.204,63.981,64.884,65.911,67.064,68.34,69.737,71.248,72.863,74.568,76.342,78.157,79.979,81.769,83.48,85.062,86.461,87.628,88.531,89.162,89.555,89.789,89.975,90.238
19020.0,62.159,62.683,63.316,64.074,64.959,65.97,67.108,68.371,69.756,71.258,72.865,74.564,76.333,78.144,79.965,81.755,83.466,85.049,86.449,87.619,88.524,89.157,89.553,89.788,89.975,90.238
19080.0,62.318,62.818,63.43,64.168,65.035,66.03,67.153,68.403,69.777,71.268,72.868,74.56,76.324,78.132,79.951,81.74,83.452,85.036,86.438,87.61,88.517,89.153,89.551,89.787,89.976,90.239
19140.0,62.479,62.954,63.544,64.263,65.112,66.091,67.199,68.436,69.798,71.279,72.87,74.556,76.315,78.12,79.938,81.726,83.438,85.023,86.427,87.601,88.51,89.148,89.548,89.787,89.976,90.24
19200.0,62.643,63.093,63.66,64.359,65.19,66.152,67.246,68.469,69.819,71.291,72.873,74.552,76.307,78.109,79.924,81.712,83.424,85.01,86.415,87.591,88.503,89.144,89.546,89.786,89.976,90.241
19260.0,62.807,63.233,63.778,64.456,65.269,66.214,67.293,68.503,69.841,71.303,72.877,74.549,76.298,78.097,79.911,81.698,83.41,84.997,86.404,87.582,88.496,89.139,89.543,89.785,89.977,90.241
19320.0,62.972,63.374,63.896,64.554,65.348,66.277,67.341,68.537,69.864,71.315,72.881,74.546,76.291,78.086,79.897,81.683,83.396,84.984,86.393,87.573,88.489,89.135,89.541,89.784,89.977,90.242
19380.0,63.138,63.515,64.016,64.653,65.429,66.341,67.389,68.573,69.887,71.328,72.885,74.544,76.283,78.075,79.884,81.669,83.383,84.971,86.382,87.564,88.482,89.13,89.539,89.784,89.977,90.243
19440.0,63.304,63.658,64.136,64.754,65.511,66.406,67.439,68.608,69.911,71.342,72.89,74.542,76.275,78.063,79.871,81.655,83.369,84.958,86.37,87.554,88.475,89.125,89.536,89.783,89.978,90.243
19500.0,63.47,63.8,64.257,64.855,65.593,66.471,67.489,68.645,69.935,71.355,72.895,74.54,76.268,78.053,79.858,81.641,83.355,84.946,86.359,87.545,88.468,89.121,89.534,89.782,89.978,90.244
19560.0,63.636,63.943,64.379,64.956,65.676,66.538,67.54,68.682,69.96,71.37,72.901,74.538,76.261,78.042,79.845,81.627,83.341,84.933,86.348,87.536,88.461,89.116,89.531,89.781,89.978,90.245
19620.0,63.801,64.087,64.501,65.059,65.76,66.605,67.592,68.72,69.986,71.385,72.907,74.537,76.254,78.031,79.832,81.614,83.327,84.92,86.336,87.527,88.454,89.112,89.529,89.781,89.978,90.245
19680.0,63.967,64.23,64.624,65.162,65.845,66.673,67.644,68.758,70.012,71.4,72.913,74.536,76.248,78.021,79.819,81.6,83.314,84.907,86.325,87.517,88.448,89.107,89.526,89.78,89.979,90.246
19740.0,64.132,64.374,64.747,65.265,65.93,66.741,67.697,68.797,70.039,71.416,72.92,74.535,76.242,78.011,79.806,81.586,83.3,84.894,86.314,87.508,88.441,89.102,89.524,89.779,89.979,90.247
19800.0,64.297,64.517,64.87,65.369,66.016,66.81,67.751,68.837,70.066,71.432,72.927,74.535,76.236,78.001,79.794,81.572,83.286,84.882,86.303,87.499,88.434,89.098,89.521,89.778,89.979,90.247
19860.0,64.461,64.66,64.993,65.474,66.103,66.88,67.805,68.877,70.094,71.449,72.935,74.535,76.23,77.991,79.782,81.559,83.273,84.869,86.291,87.49,88.427,89.093,89.519,89.777,89.98,90.248
19920.0,64.629,64.805,65.117,65.579,66.19,66.951,67.86,68.918,70.122,71.467,72.943,74.535,76.224,77.981,79.769,81.545,83.259,84.856,86.28,87.48,88.42,89.088,89.516,89.777,89.98,90.248
19980.0,64.798,64.951,65.242,65.684,66.278,67.022,67.916,68.96,70.151,71.484,72.951,74.536,76.219,77.972,79.757,81.532,83.246,84.843,86.269,87.471,88.413,89.084,89.514,89.776,89.98,90.249
20040.0,64.966,65.097,65.368,65.79,66.366,67.093,67.972,69.002,70.18,71.503,72.96,74.537,76.214,77.962,79.745,81.519,83.232,84.831,86.258,87.462,88.406,89.079,89.511,89.775,89.98,90.25
20100.0,65.137,65.245,65.494,65.897,66.455,67.165,68.029,69.044,70.21,71.521,72.969,74.539,76.209,77.953,79.733,81.505,83.219,84.818,86.247,87.453,88.399,89.074,89.509,89.774,89.981,90.25
20160.0,65.31,65.394,65.622,66.005,66.544,67.238,68.086,69.088,70.241,71.541,72.979,74.54,76.205,77.944,79.721,81.492,83.206,84.806,86.235,87.443,88.392,89.07,89.506,89.773,89.981,90.251
20220.0,65.483,65.544,65.75,66.114,66.635,67.312,68.144,69.132,70.272,71.56,72.989,74.542,76.201,77.935,79.71,81.479,83.192,84.793,86.224,87.434,88.385,89.065,89.504,89.772,89.981,90.251
20280.0,65.656,65.695,65.879,66.223,66.726,67.386,68.203,69.176,70.303,71.581,72.999,74.545,76.197,77.927,79.698,81.466,83.179,84.78,86.213,87.425,88.378,89.06,89.501,89.772,89.981,90.252
20340.0,65.83,65.845,66.009,66.333,66.817,67.461,68.262,69.221,70.335,71.601,73.01,74.547,76.193,77.919,79.687,81.453,83.166,84.768,86.202,87.416,88.371,89.056,89.498,89.771,89.982,90.253
20400.0,66.003,65.996,66.139,66.444,66.91,67.536,68.322,69.266,70.368,71.622,73.021,74.55,76.19,77.91,79.676,81.44,83.152,84.755,86.191,87.406,88.364,89.051,89.496,89.77,89.982,90.253
20460.0,66.176,66.148,66.269,66.555,67.003,67.612,68.382,69.312,70.401,71.644,73.033,74.554,76.186,77.902,79.664,81.428,83.139,84.743,86.18,87.397,88.357,89.046,89.493,89.769,89.982,90.254
20520.0,66.351,66.3,66.401,66.667,67.096,67.689,68.443,69.359,70.435,71.666,73.045,74.557,76.184,77.895,79.653,81.415,83.126,84.73,86.168,87.388,88.35,89.042,89.491,89.768,89.982,90.254
20580.0,66.528,66.453,66.533,66.779,67.191,67.766,68.505,69.406,70.469,71.689,73.057,74.562,76.181,77.887,79.643,81.402,83.113,84.718,86.157,87.379,88.343,89.037,89.488,89.767,89.982,90.255
20640.0,66.705,66.607,66.666,66.892,67.285,67.844,68.567,69.454,70.504,71.712,73.07,74.566,76.178,77.88,79.632,81.39,83.1,84.705,86.146,87.369,88.336,89.032,89.486,89.766,89.983,90.255
20700.0,66.881,66.762,66.799,67.006,67.381,67.922,68.63,69.502,70.539,71.735,73.083,74.571,76.176,77.872,79.621,81.377,83.087,84.693,86.135,87.36,88.328,89.027,89.483,89.765,89.983,90.256
20760.0,67.059,66.917,66.933,67.12,67.477,68.002,68.693,69.551,70.574,71.759,73.097,74.576,76.175,77.865,79.611,81.365,83.074,84.68,86.124,87.351,88.321,89.023,89.48,89.764,89.983,90.257
20820.0,67.239,67.073,67.068,67.235,67.574,68.081,68.757,69.601,70.611,71.783,73.111,74.581,76.173,77.859,79.601,81.353,83.061,84.668,86.113,87.342,88.314,89.018,89.478,89.764,89.983,90.257
20880.0,67.42,67.23,67.203,67.351,67.671,68.161,68.821,69.65,70.647,71.808,73.126,74.587,76.172,77.852,79.59,81.341,83.049,84.656,86.102,87.332,88.307,89.013,89.475,89.763,89.983,90.258
20940.0,67.601,67.388,67.34,67.467,67.769,68.242,68.886,69.701,70.684,71.833,73.14,74.593,76.171,77.846,79.58,81.328,83.036,84.643,86.091,87.323,88.3,89.008,89.472,89.762,89.983,90.258
21000.0,67.781,67.546,67.477,67.584,67.867,68.324,68.952,69.752,70.722,71.859,73.156,74.599,76.17,77.839,79.57,81.316,83.023,84.631,86.08,87.314,88.293,89.004,89.47,89.761,89.984,90.259
21060.0,67.962,67.705,67.614,67.702,67.967,68.406,69.018,69.803,70.76,71.885,73.171,74.606,76.169,77.833,79.561,81.305,83.011,84.619,86.069,87.305,88.286,88.999,89.467,89.76,89.984,90.259
21120.0,68.143,67.864,67.752,67.82,68.066,68.488,69.085,69.855,70.799,71.912,73.187,74.613,76.169,77.828,79.551,81.293,82.998,84.607,86.058,87.296,88.279,88.994,89.464,89.759,89.984,90.26
21180.0,68.327,68.024,67.891,67.939,68.167,68.571,69.152,69.908,70.838,71.939,73.204,74.62,76.169,77.822,79.542,81.281,82.986,84.594,86.047,87.286,88.272,88.989,89.462,89.758,89.984,90.26
21240.0,68.512,68.185,68.03,68.059,68.268,68.655,69.22,69.961,70.877,71.966,73.221,74.628,76.169,77.817,79.532,81.27,82.973,84.582,86.036,87.277,88.265,88.985,89.459,89.757,89.984,90.261
21300.0,68.697,68.347,68.171,68.179,68.37,68.74,69.288,70.014,70.917,71.994,73.238,74.636,76.17,77.811,79.523,81.258,82.961,84.57,86.025,87.268,88.258,88.98,89.456,89.756,89.984,90.261
21360.0,68.882,68.51,68.312,68.3,68.472,68.825,69.357,70.068,70.958,72.022,73.255,74.644,76.171,77.806,79.514,81.247,82.948,84.558,86.014,87.259,88.251,88.975,89.454,89.755,89.984,90.262
21420.0,69.067,68.673,68.453,68.422,68.575,68.91,69.426,70.123,70.999,72.051,73.273,74.653,76.172,77.802,79.505,81.235,82.936,84.546,86.003,87.25,88.244,88.97,89.451,89.754,89.985,90.262
21480.0,69.255,68.837,68.596,68.544,68.678,68.996,69.496,70.178,71.04,72.08,73.292,74.662,76.173,77.797,79.497,81.224,82.924,84.534,85.992,87.24,88.237,88.965,89.448,89.753,89.985,90.263
21540.0,69.444,69.002,68.739,68.667,68.783,69.083,69.567,70.234,71.082,72.11,73.31,74.671,76.175,77.793,79.488,81.213,82.912,84.522,85.981,87.231,88.23,88.96,89.446,89.752,89.985,90.263
21600.0,69.633,69.168,68.883,68.791,68.888,69.171,69.638,70.29,71.125,72.14,73.329,74.681,76.177,77.789,79.48,81.202,82.899,84.51,85.97,87.222,88.223,88.956,89.443,89.751,89.985,90.264
21660.0,69.822,69.334,69.027,68.915,68.993,69.259,69.71,70.347,71.168,72.171,73.349,74.691,76.179,77.785,79.471,81.191,82.887,84.498,85.959,87.213,88.216,88.951,89.44,89.75,89.985,90.264
21720.0,70.011,69.5,69.172,69.04,69.099,69.347,69.782,70.404,71.211,72.202,73.369,74.702,76.181,77.781,79.463,81.18,82.875,84.486,85.948,87.204,88.209,88.946,89.437,89.749,89.985,90.265
21780.0,70.2,69.667,69.318,69.165,69.206,69.436,69.855,70.461,71.255,72.233,73.389,74.712,76.184,77.778,79.455,81.17,82.864,84.474,85.937,87.194,88.201,88.941,89.435,89.748,89.985,90.265
21840.0,70.388,69.833,69.464,69.291,69.313,69.526,69.928,70.52,71.299,72.265,73.41,74.723,76.187,77.774,79.448,81.159,82.852,84.462,85.927,87.185,88.194,88.936,89.432,89.747,89.985,90.265
21900.0,70.58,70.001,69.61,69.418,69.421,69.616,70.002,70.578,71.344,72.297,73.431,74.735,76.19,77.771,79.44,81.149,82.84,84.451,85.916,87.176,88.187,88.931,89.429,89.746,89.985,90.266
21960.0,70.771,70.17,69.757,69.545,69.529,69.707,70.077,70.638,71.389,72.33,73.452,74.746,76.194,77.769,79.433,81.138,82.828,84.439,85.905,87.167,88.18,88.927,89.426,89.745,89.985,90.266
22020.0,70.964,70.339,69.905,69.673,69.638,69.799,70.152,70.697,71.435,72.363,73.474,74.758,76.198,77.766,79.425,81.128,82.817,84.427,85.894,87.158,88.173,88.922,89.423,89.743,89.985,90.267
22080.0,71.159,70.51,70.054,69.801,69.748,69.89,70.227,70.758,71.481,72.396,73.496,74.771,76.202,77.764,79.418,81.118,82.805,84.415,85.883,87.149,88.166,88.917,89.421,89.742,89.985,90.267
22140.0,71.356,70.682,70.203,69.93,69.858,69.983,70.303,70.818,71.528,72.43,73.519,74.783,76.206,77.761,79.411,81.108,82.793,84.404,85.873,87.139,88.159,88.912,89.418,89.741,89.985,90.268
22200.0,71.553,70.856,70.354,70.06,69.969,70.076,70.38,70.88,71.575,72.464,73.541,74.796,76.211,77.759,79.404,81.098,82.782,84.392,85.862,87.13,88.152,88.907,89.415,89.74,89.985,90.268
22260.0,71.75,71.029,70.506,70.191,70.08,70.17,70.457,70.941,71.623,72.499,73.565,74.809,76.216,77.758,79.398,81.088,82.771,84.381,85.851,87.121,88.145,88.902,89.412,89.739,89.985,90.268
22320.0,71.947,71.203,70.658,70.323,70.193,70.264,70.534,71.004,71.671,72.534,73.588,74.823,76.221,77.756,79.391,81.078,82.759,84.369,85.84,87.112,88.138,88.897,89.409,89.738,89.985,90.269
22380.0,72.144,71.377,70.81,70.455,70.306,70.359,70.613,71.066,71.719,72.57,73.612,74.837,76.227,77.755,79.385,81.069,82.748,84.357,85.83,87.103,88.131,88.892,89.407,89.737,89.985,90.269
22440.0,72.344,71.553,70.964,70.587,70.419,70.454,70.691,71.13,71.768,72.606,73.637,74.851,76.232,77.754,79.379,81.059,82.737,84.346,85.819,87.094,88.123,88.887,89.404,89.736,89.985,90.269
22500.0,72.545,71.73,71.118,70.721,70.533,70.551,70.771,71.193,71.818,72.642,73.662,74.866,76.238,77.753,79.373,81.05,82.726,84.335,85.808,87.085,88.116,88.882,89.401,89.735,89.985,90.27
22560.0,72.747,71.908,71.273,70.855,70.648,70.647,70.851,71.258,71.868,72.679,73.687,74.881,76.245,77.752,79.367,81.041,82.715,84.323,85.798,87.076,88.109,88.878,89.398,89.734,89.985,90.27
22620.0,72.949,72.086,71.429,70.99,70.764,70.745,70.931,71.322,71.918,72.716,73.712,74.896,76.251,77.752,79.361,81.032,82.704,84.312,85.787,87.067,88.102,88.873,89.395,89.732,89.985,90.271
22680.0,73.151,72.264,71.586,71.126,70.88,70.843,71.012,71.388,71.969,72.754,73.738,74.912,76.258,77.752,79.356,81.023,82.693,84.301,85.777,87.057,88.095,88.868,89.392,89.731,89.985,90.271
22740.0,73.352,72.443,71.743,71.262,70.997,70.941,71.094,71.454,72.02,72.792,73.764,74.928,76.265,77.752,79.351,81.014,82.682,84.289,85.766,87.048,88.088,88.863,89.39,89.73,89.985,90.271
22800.0,73.553,72.621,71.9,71.399,71.114,71.041,71.176,71.52,72.072,72.831,73.791,74.944,76.273,77.752,79.345,81.005,82.672,84.278,85.755,87.039,88.081,88.858,89.387,89.729,89.985,90.272
22860.0,73.757,72.801,72.058,71.537,71.232,71.14,71.259,71.587,72.124,72.87,73.818,74.96,76.28,77.752,79.34,80.996,82.661,84.267,85.745,87.03,88.074,88.853,89.384,89.728,89.985,90.272
22920.0,73.961,72.982,72.216,71.674,71.351,71.241,71.342,71.654,72.177,72.909,73.846,74.977,76.288,77.753,79.336,80.988,82.65,84.256,85.734,87.021,88.067,88.848,89.381,89.727,89.985,90.272
22980.0,74.165,73.163,72.375,71.813,71.47,71.342,71.426,71.722,72.23,72.949,73.873,74.994,76.296,77.754,79.331,80.979,82.64,84.245,85.724,87.012,88.059,88.843,89.378,89.725,89.985,90.273
23040.0,74.37,73.344,72.535,71.952,71.59,71.443,71.51,71.791,72.284,72.989,73.901,75.012,76.305,77.755,79.327,80.971,82.63,84.234,85.713,87.003,88.052,88.838,89.375,89.724,89.985,90.273
23100.0,74.574,73.526,72.695,72.092,71.71,71.545,71.595,71.86,72.338,73.03,73.93,75.03,76.314,77.756,79.322,80.963,82.619,84.223,85.703,86.994,88.045,88.833,89.372,89.723,89.985,90.273
23160.0,74.777,73.707,72.855,72.232,71.831,71.648,71.681,71.929,72.393,73.071,73.959,75.048,76.323,77.758,79.318,80.955,82.609,84.212,85.693,86.985,88.038,88.828,89.369,89.722,89.985,90.274
23220.0,74.98,73.888,73.016,72.372,71.952,71.751,71.767,71.999,72.448,73.112,73.988,75.067,76.332,77.76,79.314,80.947,82.599,84.201,85.682,86.976,88.031,88.823,89.366,89.721,89.985,90.274
23280.0,75.183,74.07,73.176,72.513,72.074,71.854,71.853,72.069,72.504,73.154,74.018,75.085,76.342,77.762,79.31,80.939,82.589,84.19,85.672,86.967,88.024,88.818,89.364,89.719,89.985,90.274
23340.0,75.389,74.252,73.337,72.654,72.196,71.958,71.94,72.14,72.56,73.197,74.048,75.105,76.351,77.764,79.307,80.932,82.579,84.179,85.661,86.958,88.017,88.813,89.361,89.718,89.985,90.274
23400.0,75.595,74.436,73.499,72.795,72.318,72.063,72.027,72.212,72.616,73.239,74.078,75.124,76.362,77.767,79.303,80.924,82.569,84.169,85.651,86.949,88.01,88.808,89.358,89.717,89.985,90.275
23460.0,75.802,74.62,73.661,72.937,72.441,72.168,72.115,72.284,72.673,73.283,74.109,75.144,76.372,77.769,79.3,80.917,82.559,84.158,85.641,86.94,88.003,88.803,89.355,89.716,89.985,90.275
23520.0,76.008,74.804,73.824,73.08,72.565,72.273,72.204,72.356,72.73,73.326,74.14,75.164,76.383,77.772,79.297,80.909,82.549,84.147,85.631,86.931,87.995,88.798,89.352,89.714,89.984,90.275
23580.0,76.214,74.988,73.987,73.223,72.689,72.379,72.292,72.429,72.788,73.37,74.172,75.184,76.394,77.775,79.294,80.902,82.54,84.137,85.62,86.922,87.988,88.793,89.349,89.713,89.984,90.276
23640.0,76.419,75.171,74.15,73.366,72.813,72.485,72.382,72.502,72.846,73.415,74.204,75.205,76.405,77.779,79.291,80.895,82.53,84.126,85.61,86.913,87.981,88.788,89.346,89.712,89.984,90.276
23700.0,76.628,75.357,74.314,73.51,72.938,72.592,72.472,72.576,72.905,73.46,74.236,75.226,76.416,77.782,79.289,80.888,82.521,84.116,85.6,86.904,87.974,88.783,89.343,89.711,89.984,90.276
23760.0,76.837,75.543,74.479,73.655,73.063,72.7,72.562,72.65,72.964,73.505,74.269,75.248,76.428,77.786,79.287,80.882,82.511,84.105,85.59,86.895,87.967,88.778,89.34,89.709,89.984,90.276
23820.0,77.05,75.731,74.645,73.8,73.189,72.807,72.652,72.724,73.024,73.55,74.302,75.27,76.44,77.79,79.284,80.875,82.502,84.095,85.58,86.886,87.96,88.773,89.337,89.708,89.984,90.277
23880.0,77.264,75.921,74.812,73.946,73.316,72.916,72.744,72.799,73.084,73.597,74.335,75.292,76.453,77.795,79.282,80.869,82.493,84.085,85.569,86.877,87.953,88.768,89.334,89.707,89.984,90.277
23940.0,77.478,76.111,74.979,74.093,73.443,73.025,72.835,72.875,73.144,73.643,74.369,75.314,76.465,77.799,79.281,80.862,82.484,84.074,85.559,86.868,87.946,88.763,89.331,89.706,89.984,90.277
24000.0,77.693,76.302,75.148,74.24,73.571,73.134,72.927,72.951,73.205,73.69,74.403,75.337,76.478,77.804,79.279,80.856,82.475,84.064,85.549,86.859,87.938,88.758,89.328,89.704,89.983,90.277
24060.0,77.907,76.493,75.317,74.388,73.699,73.244,73.02,73.027,73.266,73.737,74.437,75.36,76.492,77.809,79.277,80.85,82.466,84.054,85.539,86.851,87.931,88.753,89.325,89.703,89.983,90.277
24120.0,78.121,76.684,75.486,74.537,73.828,73.355,73.113,73.104,73.328,73.785,74.472,75.383,76.505,77.814,79.276,80.844,82.457,84.044,85.529,86.842,87.924,88.748,89.322,89.702,89.983,90.278
24180.0,78.336,76.876,75.656,74.686,73.958,73.466,73.207,73.182,73.39,73.833,74.507,75.407,76.519,77.819,79.275,80.838,82.448,84.034,85.519,86.833,87.917,88.743,89.319,89.7,89.983,90.278
24240.0,78.552,77.069,75.827,74.836,74.088,73.578,73.301,73.259,73.453,73.881,74.543,75.431,76.533,77.825,79.274,80.832,82.439,84.024,85.509,86.824,87.91,88.738,89.316,89.699,89.983,90.278
24300.0,78.769,77.262,75.998,74.986,74.219,73.69,73.396,73.338,73.516,73.93,74.579,75.456,76.547,77.831,79.273,80.827,82.431,84.014,85.499,86.815,87.903,88.733,89.313,89.698,89.983,90.278
24360.0,78.986,77.456,76.17,75.137,74.35,73.803,73.491,73.417,73.579,73.979,74.615,75.48,76.562,77.837,79.273,80.821,82.422,84.004,85.49,86.806,87.896,88.728,89.31,89.696,89.982,90.278
24420.0,79.203,77.65,76.342,75.289,74.482,73.916,73.587,73.496,73.643,74.029,74.652,75.505,76.577,77.844,79.272,80.816,82.414,83.994,85.48,86.797,87.889,88.722,89.307,89.695,89.982,90.279
24480.0,79.419,77.843,76.514,75.441,74.615,74.03,73.683,73.576,73.707,74.079,74.689,75.531,76.592,77.85,79.272,80.811,82.406,83.984,85.47,86.789,87.882,88.717,89.304,89.694,89.982,90.279
24540.0,79.637,78.038,76.687,75.593,74.747,74.144,73.78,73.656,73.772,74.13,74.726,75.556,76.607,77.857,79.272,80.806,82.397,83.975,85.46,86.78,87.875,88.712,89.3,89.692,89.982,90.279
24600.0,79.857,78.234,76.861,75.746,74.881,74.259,73.877,73.737,73.837,74.181,74.764,75.582,76.623,77.864,79.272,80.801,82.389,83.965,85.45,86.771,87.867,88.707,89.297,89.691,89.981,90.279
24660.0,80.077,78.431,77.035,75.9,75.015,74.374,73.975,73.818,73.903,74.232,74.802,75.609,76.639,77.871,79.273,80.796,82.381,83.955,85.441,86.762,87.86,88.702,89.294,89.689,89.981,90.279
24720.0,80.297,78.628,77.21,76.054,75.149,74.49,74.073,73.899,73.969,74.283,74.841,75.635,76.655,77.879,79.273,80.792,82.373,83.946,85.431,86.754,87.853,88.697,89.291,89.688,89.981,90.279
24780.0,80.517,78.825,77.386,76.208,75.284,74.606,74.172,73.981,74.036,74.336,74.88,75.662,76.672,77.887,79.274,80.787,82.366,83.936,85.421,86.745,87.846,88.692,89.288,89.687,89.981,90.28
24840.0,80.736,79.022,77.561,76.363,75.42,74.723,74.271,74.064,74.103,74.388,74.919,75.69,76.689,77.895,79.275,80.783,82.358,83.927,85.412,86.736,87.839,88.687,89.285,89.685,89.98,90.28
24900.0,80.955,79.219,77.737,76.519,75.556,74.84,74.371,74.147,74.17,74.441,74.958,75.717,76.706,77.903,79.276,80.779,82.35,83.918,85.402,86.727,87.832,88.682,89.282,89.684,89.98,90.28
24960.0,81.173,79.415,77.913,76.675,75.692,74.958,74.471,74.23,74.238,74.494,74.998,75.745,76.723,77.911,79.277,80.775,82.343,83.908,85.392,86.719,87.825,88.677,89.279,89.682,89.98,90.28
25020.0,81.39,79.611,78.089,76.83,75.829,75.076,74.572,74.314,74.306,74.548,75.039,75.773,76.741,77.92,79.279,80.771,82.335,83.899,85.383,86.71,87.818,88.672,89.276,89.681,89.98,90.28
25080.0,81.608,79.808,78.264,76.986,75.965,75.195,74.673,74.399,74.375,74.602,75.079,75.802,76.759,77.929,79.281,80.767,82.328,83.89,85.373,86.701,87.811,88.667,89.273,89.68,89.979,90.28
25140.0,81.828,80.005,78.441,77.143,76.103,75.314,74.774,74.484,74.444,74.656,75.12,75.831,76.777,77.938,79.283,80.764,82.321,83.881,85.364,86.693,87.804,88.661,89.27,89.678,89.979,90.28
25200.0,82.047,80.203,78.617,77.299,76.24,75.433,74.876,74.569,74.513,74.711,75.162,75.86,76.796,77.948,79.285,80.76,82.314,83.872,85.355,86.684,87.797,88.656,89.266,89.677,89.979,90.28
25260.0,82.266,80.4,78.794,77.456,76.378,75.553,74.978,74.654,74.583,74.767,75.203,75.89,76.814,77.957,79.287,80.757,82.307,83.863,85.345,86.675,87.79,88.651,89.263,89.675,89.979,90.28
25320.0,82.485,80.598,78.971,77.614,76.517,75.673,75.081,74.74,74.654,74.822,75.246,75.92,76.833,77.967,79.289,80.754,82.3,83.854,85.336,86.667,87.782,88.646,89.26,89.674,89.978,90.281
25380.0,82.707,80.797,79.149,77.771,76.655,75.794,75.184,74.827,74.724,74.878,75.288,75.95,76.853,77.977,79.292,80.751,82.293,83.845,85.326,86.658,87.775,88.641,89.257,89.672,89.978,90.281
25440.0,82.93,80.997,79.327,77.929,76.794,75.914,75.287,74.914,74.796,74.935,75.331,75.98,76.872,77.988,79.295,80.748,82.286,83.836,85.317,86.65,87.768,88.636,89.254,89.671,89.978,90.281
25500.0,83.156,81.198,79.507,78.088,76.934,76.036,75.391,75.001,74.867,74.991,75.374,76.011,76.892,77.998,79.298,80.745,82.279,83.828,85.308,86.641,87.761,88.631,89.251,89.669,89.977,90.281
25560.0,83.383,81.401,79.687,78.248,77.074,76.157,75.495,75.088,74.939,75.049,75.418,76.042,76.913,78.009,79.301,80.742,82.273,83.819,85.299,86.633,87.754,88.626,89.247,89.668,89.977,90.281
25620.0,83.609,81.604,79.868,78.408,77.215,76.279,75.6,75.176,75.011,75.106,75.461,76.074,76.933,78.02,79.304,80.74,82.267,83.81,85.29,86.624,87.747,88.62,89.244,89.666,89.977,90.281
25680.0,83.838,81.809,80.05,78.569,77.356,76.402,75.705,75.265,75.084,75.164,75.506,76.106,76.954,78.031,79.308,80.738,82.26,83.802,85.28,86.615,87.74,88.615,89.241,89.665,89.976,90.281
25740.0,84.068,82.015,80.233,78.731,77.498,76.525,75.811,75.354,75.157,75.222,75.55,76.138,76.975,78.043,79.312,80.735,82.254,83.793,85.271,86.607,87.733,88.61,89.238,89.663,89.976,90.281
25800.0,84.3,82.222,80.417,78.894,77.64,76.649,75.917,75.443,75.23,75.281,75.595,76.17,76.996,78.055,79.316,80.733,82.248,83.785,85.262,86.599,87.726,88.605,89.235,89.662,89.976,90.281
25860.0,84.531,82.429,80.602,79.057,77.784,76.773,76.023,75.533,75.304,75.34,75.64,76.203,77.018,78.067,79.32,80.732,82.242,83.777,85.253,86.59,87.719,88.6,89.232,89.66,89.975,90.281
25920.0,84.762,82.637,80.787,79.221,77.928,76.898,76.13,75.623,75.378,75.399,75.686,76.236,77.04,78.079,79.324,80.73,82.236,83.768,85.244,86.582,87.712,88.595,89.228,89.659,89.975,90.281
25980.0,84.993,82.845,80.973,79.386,78.072,77.024,76.238,75.713,75.453,75.459,75.732,76.269,77.062,78.092,79.329,80.728,82.23,83.76,85.235,86.573,87.705,88.59,89.225,89.657,89.975,90.281
26040.0,85.223,83.052,81.159,79.551,78.217,77.15,76.346,75.804,75.528,75.519,75.778,76.303,77.084,78.104,79.333,80.727,82.225,83.752,85.226,86.565,87.698,88.584,89.222,89.656,89.974,90.281
26100.0,85.453,83.26,81.345,79.716,78.363,77.276,76.454,75.896,75.604,75.58,75.825,76.337,77.107,78.117,79.338,80.726,82.219,83.744,85.218,86.556,87.691,88.579,89.219,89.654,89.974,90.281
26160.0,85.682,83.467,81.531,79.882,78.509,77.403,76.563,75.988,75.679,75.64,75.872,76.371,77.13,78.13,79.343,80.725,82.214,83.736,85.209,86.548,87.684,88.574,89.215,89.653,89.973,90.281
26220.0,85.911,83.674,81.718,80.048,78.655,77.531,76.673,76.08,75.756,75.702,75.919,76.406,77.153,78.144,79.349,80.724,82.208,83.728,85.2,86.54,87.677,88.569,89.212,89.651,89.973,90.281
26280.0,86.141,83.882,81.904,80.214,78.802,77.659,76.783,76.173,75.832,75.763,75.967,76.441,77.177,78.158,79.354,80.723,82.203,83.721,85.191,86.531,87.67,88.564,89.209,89.65,89.973,90.281
26340.0,86.372,84.09,82.091,80.381,78.949,77.787,76.893,76.266,75.91,75.825,76.015,76.476,77.2,78.171,79.36,80.722,82.198,83.713,85.183,86.523,87.663,88.559,89.206,89.648,89.972,90.281
26400.0,86.603,84.299,82.278,80.548,79.096,77.916,77.004,76.36,75.987,75.888,76.063,76.511,77.224,78.186,79.366,80.722,82.193,83.705,85.174,86.515,87.656,88.553,89.202,89.647,89.972,90.281
26460.0,86.837,84.509,82.466,80.715,79.244,78.045,77.115,76.454,76.065,75.951,76.112,76.547,77.249,78.2,79.372,80.721,82.188,83.698,85.165,86.507,87.649,88.548,89.199,89.645,89.971,90.281
26520.0,87.071,84.72,82.655,80.883,79.392,78.175,77.226,76.549,76.143,76.014,76.161,76.583,77.273,78.215,79.378,80.721,82.183,83.69,85.157,86.498,87.642,88.543,89.196,89.643,89.971,90.281
26580.0,87.306,84.932,82.845,81.052,79.541,78.305,77.339,76.644,76.222,76.077,76.21,76.62,77.298,78.229,79.385,80.721,82.179,83.683,85.148,86.49,87.635,88.538,89.193,89.642,89.97,90.281
26640.0,87.54,85.143,83.035,81.221,79.691,78.435,77.451,76.739,76.301,76.141,76.26,76.657,77.324,78.245,79.391,80.721,82.174,83.675,85.14,86.482,87.628,88.533,89.189,89.64,89.97,90.281
26700.0,87.774,85.355,83.225,81.391,79.84,78.566,77.564,76.835,76.381,76.205,76.31,76.694,77.349,78.26,79.398,80.721,82.17,83.668,85.131,86.474,87.621,88.528,89.186,89.639,89.97,90.281
26760.0,88.012,85.569,83.416,81.561,79.991,78.697,77.677,76.931,76.461,76.27,76.361,76.731,77.375,78.275,79.405,80.722,82.165,83.661,85.123,86.466,87.614,88.522,89.183,89.637,89.969,90.281
26820.0,88.249,85.783,83.608,81.732,80.142,78.829,77.791,77.027,76.541,76.335,76.411,76.769,77.401,78.291,79.413,80.722,82.161,83.654,85.115,86.457,87.607,88.517,89.18,89.635,89.969,90.281
26880.0,88.487,85.997,83.8,81.903,80.293,78.962,77.905,77.124,76.622,76.4,76.462,76.807,77.427,78.307,79.42,80.723,82.157,83.647,85.106,86.449,87.601,88.512,89.176,89.634,89.968,90.28
26940.0,88.724,86.212,83.993,82.075,80.445,79.094,78.02,77.222,76.703,76.466,76.514,76.845,77.454,78.324,79.428,80.724,82.153,83.64,85.098,86.441,87.594,88.507,89.173,89.632,89.968,90.28
27000.0,88.963,86.427,84.187,82.247,80.597,79.228,78.135,77.32,76.784,76.532,76.566,76.884,77.48,78.34,79.436,80.725,82.149,83.633,85.09,86.433,87.587,88.502,89.17,89.63,89.967,90.28
27060.0,89.203,86.643,84.381,82.42,80.75,79.362,78.251,77.418,76.866,76.599,76.618,76.923,77.508,78.357,79.444,80.726,82.145,83.626,85.082,86.425,87.58,88.496,89.166,89.629,89.967,90.28
27120.0,89.443,86.86,84.575,82.594,80.904,79.496,78.367,77.517,76.949,76.666,76.67,76.962,77.535,78.374,79.452,80.728,82.142,83.619,85.074,86.417,87.573,88.491,89.163,89.627,89.966,90.28
27180.0,89.683,87.077,84.77,82.768,81.058,79.631,78.483,77.616,77.031,76.733,76.723,77.002,77.563,78.391,79.461,80.729,82.138,83.612,85.066,86.409,87.566,88.486,89.16,89.626,89.966,90.28
27240.0,89.922,87.294,84.965,82.942,81.212,79.766,78.6,77.716,77.114,76.801,76.776,77.042,77.591,78.409,79.469,80.731,82.135,83.606,85.058,86.401,87.559,88.481,89.156,89.624,89.965,90.28
27300.0,90.163,87.512,85.161,83.117,81.367,79.902,78.718,77.816,77.198,76.868,76.83,77.082,77.619,78.426,79.478,80.733,82.131,83.599,85.05,86.393,87.552,88.476,89.153,89.622,89.965,90.28
27360.0,90.406,87.731,85.358,83.293,81.522,80.038,78.836,77.916,77.282,76.937,76.884,77.122,77.647,78.444,79.487,80.735,82.128,83.593,85.042,86.385,87.545,88.471,89.15,89.621,89.964,90.28
27420.0,90.653,87.952,85.555,83.469,81.678,80.175,78.954,78.017,77.366,77.006,76.938,77.163,77.676,78.462,79.496,80.737,82.125,83.587,85.034,86.377,87.539,88.465,89.146,89.619,89.964,90.279
27480.0,90.899,88.174,85.754,83.646,81.835,80.312,79.073,78.118,77.451,77.075,76.992,77.204,77.705,78.481,79.506,80.739,82.122,83.58,85.026,86.37,87.532,88.46,89.143,89.617,89.963,90.279
27540.0,91.146,88.396,85.954,83.824,81.992,80.45,79.192,78.22,77.536,77.144,77.047,77.246,77.734,78.5,79.515,80.741,82.119,83.574,85.018,86.362,87.525,88.455,89.14,89.615,89.963,90.279
27600.0,91.393,88.619,86.154,84.002,82.15,80.588,79.312,78.322,77.622,77.214,77.103,77.288,77.764,78.518,79.525,80.744,82.117,83.568,85.011,86.354,87.518,88.45,89.136,89.614,89.962,90.279
27660.0,91.639,88.842,86.354,84.181,82.308,80.727,79.432,78.425,77.708,77.284,77.158,77.33,77.794,78.538,79.535,80.747,82.114,83.562,85.003,86.346,87.511,88.445,89.133,89.612,89.962,90.279
27720.0,91.885,89.065,86.555,84.36,82.467,80.866,79.553,78.528,77.794,77.355,77.214,77.372,77.824,78.557,79.546,80.75,82.112,83.556,84.995,86.338,87.504,88.439,89.13,89.61,89.961,90.279
27780.0,92.13,89.288,86.756,84.54,82.627,81.006,79.674,78.632,77.881,77.426,77.27,77.415,77.854,78.577,79.556,80.753,82.109,83.55,84.988,86.331,87.498,88.434,89.126,89.609,89.96,90.278
27840.0,92.374,89.51,86.957,84.72,82.787,81.147,79.796,78.736,77.968,77.497,77.327,77.458,77.885,78.596,79.567,80.756,82.107,83.544,84.98,86.323,87.491,88.429,89.123,89.607,89.96,90.278
27900.0,92.62,89.733,87.158,84.901,82.947,81.288,79.918,78.84,78.056,77.569,77.384,77.501,77.916,78.616,79.578,80.76,82.105,83.539,84.973,86.315,87.484,88.424,89.12,89.605,89.959,90.278
27960.0,92.87,89.958,87.36,85.082,83.108,81.429,80.041,78.945,78.144,77.641,77.441,77.545,77.947,78.637,79.589,80.763,82.103,83.533,84.965,86.308,87.477,88.419,89.116,89.603,89.959,90.278
28020.0,93.121,90.184,87.564,85.263,83.269,81.57,80.164,79.05,78.232,77.714,77.499,77.589,77.979,78.657,79.6,80.767,82.101,83.527,84.958,86.3,87.471,88.414,89.113,89.602,89.958,90.278
28080.0,93.371,90.411,87.768,85.445,83.431,81.713,80.288,79.156,78.321,77.786,77.557,77.633,78.011,78.678,79.611,80.771,82.099,83.522,84.951,86.292,87.464,88.408,89.109,89.6,89.957,90.277
28140.0,93.627,90.64,87.973,85.628,83.593,81.855,80.412,79.262,78.41,77.86,77.615,77.677,78.043,78.699,79.623,80.775,82.098,83.517,84.943,86.285,87.457,88.403,89.106,89.598,89.957,90.277
28200.0,93.886,90.872,88.18,85.813,83.756,81.999,80.536,79.369,78.5,77.933,77.674,77.722,78.075,78.721,79.635,80.779,82.096,83.511,84.936,86.277,87.45,88.398,89.103,89.596,89.956,90.277
28260.0,94.146,91.105,88.388,85.998,83.92,82.142,80.661,79.476,78.59,78.007,77.733,77.767,78.108,78.742,79.647,80.783,82.095,83.506,84.929,86.27,87.444,88.393,89.099,89.595,89.956,90.277
28320.0,94.406,91.339,88.597,86.184,84.085,82.287,80.787,79.583,78.68,78.082,77.792,77.813,78.141,78.764,79.659,80.788,82.093,83.501,84.922,86.262,87.437,88.388,89.096,89.593,89.955,90.277
28380.0,94.666,91.573,88.807,86.371,84.25,82.432,80.913,79.691,78.771,78.157,77.852,77.859,78.174,78.786,79.672,80.793,82.092,83.496,84.915,86.255,87.43,88.382,89.092,89.591,89.954,90.276
28440.0,94.925,91.808,89.018,86.559,84.417,82.578,81.039,79.8,78.862,78.232,77.912,77.905,78.207,78.808,79.684,80.797,82.091,83.491,84.908,86.247,87.424,88.377,89.089,89.589,89.954,90.276
28500.0,95.185,92.043,89.229,86.748,84.584,82.725,81.167,79.909,78.954,78.307,77.972,77.951,78.241,78.831,79.697,80.802,82.09,83.486,84.901,86.24,87.417,88.372,89.086,89.588,89.953,90.276
28560.0,95.448,92.28,89.442,86.937,84.751,82.872,81.294,80.018,79.046,78.383,78.033,77.998,78.275,78.853,79.71,80.808,82.09,83.481,84.894,86.232,87.41,88.367,89.082,89.586,89.952,90.275
28620.0,95.714,92.518,89.655,87.128,84.92,83.02,81.423,80.128,79.139,78.459,78.094,78.045,78.309,78.876,79.723,80.813,82.089,83.477,84.887,86.225,87.404,88.362,89.079,89.584,89.952,90.275
28680.0,95.982,92.759,89.87,87.319,85.089,83.168,81.552,80.239,79.232,78.536,78.156,78.092,78.344,78.899,79.737,80.818,82.088,83.472,84.88,86.218,87.397,88.357,89.075,89.582,89.951,90.275
28740.0,96.253,93.001,90.087,87.512,85.259,83.318,81.681,80.35,79.325,78.613,78.217,78.14,78.379,78.923,79.751,80.824,82.088,83.468,84.874,86.21,87.39,88.351,89.072,89.58,89.95,90.275
28800.0,96.525,93.245,90.305,87.705,85.43,83.468,81.811,80.461,79.419,78.691,78.279,78.188,78.414,78.947,79.764,80.83,82.088,83.463,84.867,86.203,87.384,88.346,89.068,89.578,89.95,90.274
28860.0,96.799,93.491,90.524,87.9,85.602,83.618,81.942,80.573,79.514,78.769,78.342,78.236,78.449,78.97,79.778,80.836,82.088,83.459,84.86,86.196,87.377,88.341,89.065,89.577,89.949,90.274
28920.0,97.077,93.739,90.745,88.096,85.776,83.77,82.074,80.686,79.609,78.847,78.405,78.285,78.485,78.995,79.793,80.842,82.088,83.455,84.854,86.189,87.371,88.336,89.062,89.575,89.948,90.274
28980.0,97.361,93.991,90.968,88.294,85.95,83.923,82.206,80.799,79.704,78.926,78.468,78.334,78.521,79.019,79.807,80.849,82.088,83.451,84.847,86.182,87.364,88.331,89.058,89.573,89.948,90.273
29040.0,97.65,94.247,91.194,88.493,86.125,84.076,82.339,80.913,79.8,79.005,78.532,78.383,78.557,79.044,79.822,80.855,82.088,83.447,84.841,86.174,87.358,88.326,89.055,89.571,89.947,90.273
29100.0,97.944,94.506,91.423,88.695,86.302,84.23,82.473,81.027,79.896,79.084,78.596,78.433,78.593,79.069,79.837,80.862,82.088,83.443,84.835,86.167,87.351,88.32,89.051,89.569,89.946,90.273
29160.0,98.24,94.768,91.654,88.898,86.48,84.386,82.607,81.142,79.993,79.164,78.66,78.483,78.63,79.094,79.852,80.869,82.089,83.439,84.828,86.16,87.344,88.315,89.048,89.567,89.946,90.272
29220.0,98.537,95.033,91.888,89.104,86.66,84.542,82.742,81.258,80.091,79.245,78.725,78.533,78.667,79.119,79.867,80.876,82.089,83.435,84.822,86.153,87.338,88.31,89.044,89.566,89.945,90.272
29280.0,98.835,95.298,92.123,89.311,86.842,84.7,82.879,81.374,80.189,79.326,78.79,78.583,78.705,79.145,79.883,80.883,82.09,83.431,84.816,86.146,87.331,88.305,89.041,89.564,89.944,90.272
29340.0,99.134,95.565,92.36,89.52,87.025,84.86,83.016,81.491,80.287,79.407,78.855,78.634,78.742,79.171,79.898,80.89,82.091,83.428,84.81,86.139,87.325,88.3,89.037,89.562,89.943,90.271
29400.0,99.432,95.832,92.598,89.73,87.209,85.02,83.154,81.609,80.386,79.489,78.921,78.685,78.78,79.197,79.914,80.897,82.092,83.424,84.804,86.132,87.319,88.295,89.034,89.56,89.943,90.271
29460.0,99.73,96.1,92.837,89.941,87.395,85.181,83.293,81.728,80.486,79.571,78.987,78.737,78.819,79.223,79.93,80.905,82.093,83.421,84.798,86.125,87.312,88.29,89.03,89.558,89.942,90.271
29520.0,100.028,96.368,93.076,90.154,87.581,85.344,83.433,81.847,80.586,79.654,79.054,78.789,78.857,79.25,79.947,80.913,82.094,83.417,84.792,86.119,87.306,88.284,89.027,89.556,89.941,90.27
29580.0,100.325,96.636,93.316,90.367,87.769,85.507,83.575,81.968,80.687,79.737,79.121,78.841,78.896,79.277,79.963,80.921,82.096,83.414,84.786,86.112,87.299,88.279,89.023,89.554,89.94,90.27
29640.0,100.622,96.904,93.556,90.581,87.958,85.672,83.717,82.089,80.789,79.821,79.189,78.894,78.935,79.304,79.98,80.929,82.097,83.411,84.78,86.105,87.293,88.274,89.02,89.552,89.94,90.27
29700.0,100.917,97.171,93.797,90.795,88.147,85.837,83.859,82.21,80.891,79.906,79.257,78.947,78.974,79.331,79.997,80.937,82.099,83.408,84.774,86.098,87.286,88.269,89.017,89.55,89.939,90.269
29760.0,101.211,97.438,94.037,91.01,88.337,86.004,84.003,82.333,80.994,79.99,79.325,79.0,79.014,79.359,80.014,80.946,82.101,83.405,84.768,86.091,87.28,88.264,89.013,89.549,89.938,90.269
29820.0,101.505,97.705,94.278,91.225,88.527,86.17,84.147,82.456,81.098,80.076,79.394,79.054,79.054,79.386,80.031,80.955,82.103,83.402,84.763,86.085,87.274,88.259,89.01,89.547,89.937,90.268
29880.0,101.797,97.971,94.518,91.44,88.718,86.338,84.293,82.58,81.202,80.162,79.463,79.108,79.094,79.414,80.049,80.963,82.105,83.399,84.757,86.078,87.267,88.254,89.006,89.545,89.937,90.268
29940.0,102.087,98.236,94.758,91.656,88.91,86.506,84.438,82.705,81.307,80.248,79.533,79.162,79.135,79.443,80.067,80.972,82.107,83.397,84.752,86.071,87.261,88.248,89.003,89.543,89.936,90.268
30000.0,102.376,98.5,94.998,91.872,89.102,86.675,84.585,82.83,81.412,80.335,79.603,79.217,79.176,79.471,80.085,80.982,82.109,83.394,84.746,86.065,87.255,88.243,88.999,89.541,89.935,90.267
30060.0,102.664,98.763,95.238,92.087,89.294,86.844,84.732,82.956,81.518,80.423,79.673,79.272,79.217,79.5,80.103,80.991,82.112,83.392,84.741,86.058,87.248,88.238,88.996,89.539,89.934,90.267
30120.0,102.95,99.026,95.476,92.302,89.486,87.014,84.879,83.083,81.625,80.511,79.744,79.327,79.258,79.529,80.121,81.001,82.114,83.389,84.735,86.052,87.242,88.233,88.992,89.537,89.933,90.266
30180.0,103.235,99.287,95.715,92.518,89.678,87.183,85.028,83.21,81.732,80.6,79.816,79.383,79.3,79.559,80.14,81.01,82.117,83.387,84.73,86.045,87.236,88.228,88.989,89.535,89.933,90.266
30240.0,103.517,99.547,95.952,92.733,89.871,87.354,85.176,83.337,81.84,80.689,79.888,79.439,79.342,79.588,80.159,81.02,82.12,83.385,84.725,86.039,87.23,88.223,88.985,89.533,89.932,90.265
30300.0,103.799,99.806,96.189,92.947,90.063,87.524,85.325,83.465,81.948,80.779,79.96,79.496,79.385,79.618,80.178,81.03,82.123,83.383,84.72,86.032,87.223,88.218,88.981,89.531,89.931,90.265
30360.0,104.078,100.064,96.425,93.161,90.256,87.695,85.474,83.594,82.057,80.869,80.033,79.553,79.427,79.648,80.197,81.04,82.126,83.381,84.715,86.026,87.217,88.213,88.978,89.529,89.93,90.264
30420.0,104.356,100.321,96.66,93.375,90.448,87.866,85.624,83.723,82.167,80.959,80.106,79.61,79.471,79.679,80.217,81.051,82.129,83.379,84.71,86.02,87.211,88.208,88.974,89.527,89.929,90.264
30480.0,104.632,100.576,96.895,93.589,90.64,88.037,85.774,83.853,82.276,81.051,80.18,79.668,79.514,79.71,80.236,81.061,82.132,83.377,84.705,86.013,87.205,88.203,88.971,89.525,89.928,90.264
30540.0,104.906,100.83,97.128,93.802,90.832,88.208,85.924,83.983,82.387,81.142,80.254,79.726,79.558,79.74,80.256,81.072,82.136,83.375,84.7,86.007,87.199,88.197,88.967,89.523,89.927,90.263
30600.0,105.178,101.083,97.361,94.014,91.024,88.379,86.075,84.113,82.497,81.234,80.329,79.785,79.602,79.772,80.276,81.083,82.139,83.374,84.695,86.001,87.192,88.192,88.964,89.521,89.927,90.263
30660.0,105.448,101.334,97.593,94.226,91.215,88.55,86.226,84.244,82.609,81.327,80.404,79.844,79.646,79.803,80.297,81.094,82.143,83.372,84.69,85.995,87.186,88.187,88.96,89.519,89.926,90.262
30720.0,105.717,101.584,97.824,94.437,91.406,88.721,86.376,84.375,82.72,81.42,80.479,79.903,79.691,79.835,80.317,81.105,82.147,83.371,84.686,85.989,87.18,88.182,88.957,89.517,89.925,90.262
30780.0,105.983,101.832,98.053,94.647,91.597,88.892,86.527,84.506,82.832,81.513,80.555,79.963,79.736,79.867,80.338,81.117,82.151,83.37,84.681,85.982,87.174,88.177,88.953,89.515,89.924,90.261
30840.0,106.248,102.079,98.282,94.857,91.788,89.063,86.679,84.637,82.944,81.607,80.631,80.023,79.781,79.899,80.359,81.128,82.155,83.368,84.676,85.976,87.168,88.172,88.95,89.513,89.923,90.261
30900.0,106.511,102.324,98.509,95.066,91.978,89.233,86.83,84.769,83.057,81.701,80.708,80.083,79.827,79.932,80.38,81.14,82.16,83.367,84.672,85.97,87.162,88.167,88.946,89.511,89.922,90.26
30960.0,106.772,102.568,98.736,95.275,92.168,89.404,86.981,84.901,83.17,81.795,80.785,80.144,79.873,79.965,80.402,81.152,82.164,83.366,84.668,85.964,87.156,88.162,88.943,89.509,89.921,90.26
31020.0,107.031,102.811,98.961,95.482,92.357,89.574,87.132,85.033,83.283,81.89,80.863,80.205,79.919,79.998,80.423,81.164,82.169,83.365,84.663,85.958,87.15,88.157,88.939,89.507,89.92,90.259
31080.0,107.288,103.052,99.185,95.689,92.545,89.744,87.283,85.165,83.397,81.986,80.94,80.267,79.966,80.031,80.445,81.176,82.173,83.365,84.659,85.953,87.144,88.152,88.936,89.505,89.919,90.258
31140.0,107.543,103.291,99.409,95.895,92.734,89.914,87.435,85.298,83.51,82.081,81.019,80.329,80.013,80.065,80.468,81.189,82.178,83.364,84.655,85.947,87.138,88.147,88.932,89.503,89.919,90.258
31200.0,107.796,103.529,99.631,96.1,92.921,90.084,87.586,85.43,83.624,82.177,81.097,80.391,80.06,80.099,80.49,81.202,82.183,83.363,84.651,85.941,87.132,88.142,88.928,89.501,89.918,90.257
31260.0,108.047,103.766,99.851,96.304,93.108,90.253,87.737,85.563,83.739,82.273,81.176,80.454,80.108,80.133,80.512,81.214,82.188,83.363,84.646,85.935,87.126,88.137,88.925,89.499,89.917,90.257
31320.0,108.297,104.001,100.071,96.508,93.295,90.422,87.888,85.696,83.853,82.37,81.255,80.516,80.156,80.167,80.535,81.228,82.194,83.362,84.642,85.929,87.12,88.132,88.921,89.497,89.916,90.256
31380.0,108.544,104.234,100.289,96.71,93.481,90.591,88.039,85.828,83.968,82.467,81.335,80.58,80.204,80.202,80.558,81.241,82.199,83.362,84.638,85.924,87.114,88.127,88.918,89.495,89.915,90.256
31440.0,108.79,104.466,100.507,96.912,93.666,90.759,88.189,85.961,84.083,82.564,81.415,80.643,80.252,80.237,80.582,81.254,82.205,83.362,84.635,85.918,87.108,88.122,88.914,89.493,89.914,90.255
31500.0,109.033,104.696,100.723,97.113,93.851,90.927,88.34,86.094,84.198,82.661,81.495,80.707,80.301,80.273,80.605,81.268,82.21,83.362,84.631,85.912,87.102,88.117,88.911,89.491,89.913,90.254
31560.0,109.275,104.925,100.937,97.313,94.035,91.095,88.49,86.227,84.313,82.759,81.575,80.771,80.35,80.308,80.629,81.281,82.216,83.362,84.627,85.907,87.097,88.112,88.907,89.489,89.912,90.254
31620.0,109.515,105.152,101.151,97.512,94.218,91.262,88.641,86.36,84.428,82.857,81.656,80.836,80.4,80.344,80.653,81.295,82.222,83.362,84.623,85.901,87.091,88.107,88.904,89.486,89.911,90.253
31680.0,109.753,105.378,101.363,97.71,94.401,91.428,88.791,86.493,84.543,82.955,81.737,80.901,80.45,80.38,80.677,81.31,82.228,83.362,84.62,85.896,87.085,88.102,88.9,89.484,89.91,90.253
31740.0,109.99,105.602,101.574,97.907,94.583,91.595,88.94,86.625,84.659,83.053,81.819,80.966,80.5,80.416,80.701,81.324,82.235,83.363,84.616,85.89,87.079,88.097,88.896,89.482,89.909,90.252
31800.0,110.224,105.825,101.784,98.103,94.765,91.761,89.09,86.758,84.775,83.151,81.9,81.032,80.55,80.453,80.726,81.338,82.241,83.363,84.613,85.885,87.074,88.092,88.893,89.48,89.908,90.251
31860.0,110.456,106.046,101.993,98.298,94.945,91.926,89.239,86.891,84.89,83.25,81.982,81.097,80.601,80.49,80.751,81.353,82.248,83.364,84.609,85.88,87.068,88.087,88.889,89.478,89.907,90.251
31920.0,110.687,106.265,102.2,98.492,95.125,92.091,89.388,87.023,85.006,83.349,82.064,81.163,80.652,80.527,80.776,81.368,82.254,83.364,84.606,85.874,87.062,88.082,88.886,89.476,89.906,90.25
31980.0,110.916,106.483,102.407,98.686,95.305,92.255,89.537,87.156,85.122,83.448,82.147,81.23,80.703,80.565,80.801,81.383,82.261,83.365,84.603,85.869,87.056,88.077,88.882,89.474,89.905,90.25
32040.0,111.143,106.7,102.612,98.878,95.483,92.419,89.685,87.288,85.237,83.547,82.229,81.296,80.754,80.602,80.827,81.398,82.268,83.366,84.6,85.864,87.051,88.072,88.879,89.472,89.904,90.249
32100.0,111.368,106.915,102.815,99.069,95.661,92.582,89.833,87.42,85.353,83.646,82.312,81.363,80.806,80.64,80.853,81.414,82.275,83.367,84.597,85.859,87.045,88.067,88.875,89.47,89.903,90.248
32160.0,111.592,107.129,103.018,99.26,95.838,92.745,89.981,87.552,85.469,83.745,82.395,81.43,80.858,80.679,80.879,81.429,82.283,83.368,84.594,85.853,87.039,88.063,88.871,89.467,89.902,90.248
32220.0,111.814,107.341,103.219,99.449,96.014,92.908,90.129,87.684,85.585,83.845,82.478,81.497,80.911,80.717,80.905,81.445,82.29,83.369,84.591,85.848,87.034,88.058,88.868,89.465,89.901,90.247
32280.0,112.034,107.551,103.419,99.637,96.19,93.07,90.276,87.816,85.701,83.944,82.562,81.565,80.963,80.756,80.931,81.461,82.298,83.37,84.588,85.843,87.028,88.053,88.864,89.463,89.9,90.246
32340.0,112.252,107.76,103.618,99.825,96.365,93.231,90.423,87.947,85.817,84.044,82.645,81.633,81.016,80.795,80.958,81.477,82.305,83.372,84.585,85.838,87.023,88.048,88.861,89.461,89.899,90.246
32400.0,112.469,107.968,103.816,100.011,96.539,93.392,90.569,88.079,85.932,84.144,82.729,81.701,81.069,80.834,80.985,81.494,82.313,83.373,84.582,85.833,87.017,88.043,88.857,89.459,89.898,90.245
32460.0,112.683,108.174,104.012,100.197,96.712,93.552,90.715,88.21,86.048,84.244,82.813,81.769,81.122,80.874,81.012,81.51,82.321,83.375,84.58,85.828,87.012,88.038,88.854,89.457,89.897,90.244
32520.0,112.896,108.379,104.208,100.381,96.885,93.711,90.861,88.341,86.164,84.344,82.897,81.838,81.176,80.913,81.039,81.527,82.329,83.377,84.577,85.823,87.006,88.033,88.85,89.455,89.896,90.243
32580.0,113.108,108.582,104.402,100.565,97.057,93.87,91.006,88.472,86.279,84.444,82.981,81.906,81.23,80.953,81.067,81.544,82.338,83.379,84.575,85.819,87.001,88.028,88.846,89.453,89.895,90.243
32640.0,113.317,108.784,104.594,100.747,97.228,94.029,91.151,88.602,86.395,84.544,83.066,81.975,81.284,80.993,81.095,81.561,82.346,83.38,84.572,85.814,86.995,88.024,88.843,89.45,89.894,90.242
32700.0,113.525,108.985,104.786,100.929,97.398,94.187,91.296,88.733,86.51,84.644,83.15,82.045,81.338,81.034,81.123,81.578,82.355,83.383,84.57,85.809,86.99,88.019,88.839,89.448,89.892,90.241
32760.0,113.732,109.184,104.976,101.109,97.568,94.344,91.44,88.863,86.626,84.744,83.235,82.114,81.393,81.075,81.151,81.596,82.364,83.385,84.568,85.804,86.985,88.014,88.836,89.446,89.891,90.241
32820.0,113.937,109.381,105.165,101.289,97.736,94.501,91.584,88.993,86.741,84.844,83.32,82.183,81.447,81.116,81.179,81.614,82.373,83.387,84.565,85.8,86.979,88.009,88.832,89.444,89.89,90.24
32880.0,114.14,109.577,105.353,101.467,97.904,94.657,91.727,89.122,86.856,84.944,83.404,82.253,81.502,81.157,81.208,81.631,82.382,83.389,84.563,85.795,86.974,88.004,88.829,89.442,89.889,90.239
32940.0,114.341,109.772,105.54,101.645,98.071,94.813,91.87,89.252,86.971,85.044,83.489,82.323,81.558,81.198,81.237,81.65,82.391,83.392,84.561,85.791,86.969,87.999,88.825,89.439,89.888,90.238
33000.0,114.541,109.965,105.726,101.822,98.238,94.968,92.013,89.381,87.086,85.145,83.575,82.393,81.613,81.24,81.266,81.668,82.4,83.394,84.559,85.786,86.963,87.995,88.821,89.437,89.887,90.238
33060.0,114.739,110.157,105.91,101.997,98.403,95.122,92.155,89.51,87.201,85.245,83.66,82.463,81.669,81.282,81.295,81.686,82.41,83.397,84.557,85.782,86.958,87.99,88.818,89.435,89.886,90.237
33120.0,114.936,110.348,106.094,102.172,98.568,95.276,92.296,89.638,87.316,85.345,83.745,82.534,81.724,81.324,81.325,81.705,82.419,83.4,84.556,85.777,86.953,87.985,88.814,89.433,89.885,90.236
33180.0,115.131,110.537,106.276,102.346,98.732,95.429,92.438,89.767,87.43,85.445,83.83,82.604,81.78,81.366,81.354,81.724,82.429,83.403,84.554,85.773,86.948,87.98,88.811,89.431,89.884,90.235
33240.0,115.324,110.725,106.457,102.518,98.895,95.582,92.578,89.895,87.544,85.545,83.916,82.675,81.837,81.408,81.384,81.743,82.439,83.406,84.552,85.769,86.942,87.976,88.807,89.428,89.882,90.235
33300.0,115.516,110.911,106.636,102.69,99.058,95.733,92.719,90.022,87.659,85.645,84.001,82.746,81.893,81.451,81.414,81.762,82.449,83.409,84.551,85.765,86.937,87.971,88.804,89.426,89.881,90.234
33360.0,115.707,111.096,106.815,102.861,99.22,95.885,92.859,90.15,87.773,85.745,84.087,82.817,81.95,81.494,81.445,81.781,82.459,83.413,84.549,85.76,86.932,87.966,88.8,89.424,89.88,90.233
33420.0,115.896,111.28,106.993,103.031,99.38,96.036,92.998,90.277,87.887,85.845,84.172,82.888,82.006,81.537,81.475,81.801,82.47,83.416,84.548,85.756,86.927,87.961,88.796,89.422,89.879,90.232
33480.0,116.083,111.463,107.169,103.199,99.541,96.186,93.137,90.404,88.0,85.945,84.258,82.959,82.063,81.58,81.506,81.82,82.48,83.419,84.546,85.752,86.922,87.957,88.793,89.42,89.878,90.231
33540.0,116.269,111.644,107.344,103.367,99.7,96.335,93.275,90.53,88.114,86.045,84.344,83.03,82.12,81.624,81.537,81.84,82.491,83.423,84.545,85.748,86.917,87.952,88.789,89.417,89.877,90.231
33600.0,116.453,111.824,107.518,103.534,99.858,96.484,93.414,90.656,88.227,86.145,84.43,83.102,82.178,81.667,81.568,81.86,82.502,83.427,84.544,85.744,86.912,87.947,88.786,89.415,89.876,90.23
33660.0,116.636,112.002,107.691,103.7,100.016,96.632,93.551,90.782,88.341,86.245,84.515,83.173,82.235,81.711,81.599,81.88,82.513,83.431,84.543,85.74,86.907,87.943,88.782,89.413,89.874,90.229
33720.0,116.817,112.179,107.863,103.865,100.173,96.78,93.688,90.908,88.454,86.344,84.601,83.245,82.293,81.755,81.631,81.901,82.524,83.435,84.542,85.736,86.902,87.938,88.779,89.411,89.873,90.228
33780.0,116.997,112.355,108.033,104.029,100.329,96.927,93.825,91.033,88.566,86.444,84.687,83.317,82.35,81.8,81.663,81.921,82.535,83.439,84.541,85.732,86.897,87.933,88.775,89.408,89.872,90.227
33840.0,117.175,112.53,108.203,104.192,100.484,97.073,93.961,91.158,88.679,86.543,84.773,83.388,82.408,81.844,81.695,81.942,82.547,83.443,84.54,85.729,86.892,87.929,88.772,89.406,89.871,90.226
33900.0,117.352,112.703,108.371,104.355,100.639,97.219,94.097,91.282,88.791,86.643,84.859,83.46,82.466,81.889,81.727,81.963,82.558,83.447,84.539,85.725,86.887,87.924,88.768,89.404,89.87,90.226
33960.0,117.528,112.875,108.539,104.516,100.793,97.364,94.232,91.407,88.904,86.742,84.945,83.532,82.525,81.933,81.759,81.984,82.57,83.452,84.539,85.721,86.882,87.919,88.764,89.402,89.868,90.225
34020.0,117.702,113.046,108.705,104.676,100.946,97.508,94.367,91.53,89.016,86.841,85.03,83.604,82.583,81.978,81.791,82.006,82.582,83.456,84.538,85.718,86.878,87.915,88.761,89.399,89.867,90.224
34080.0,117.875,113.216,108.87,104.835,101.098,97.652,94.501,91.654,89.127,86.941,85.116,83.677,82.641,82.024,81.824,82.027,82.594,83.461,84.538,85.714,86.873,87.91,88.757,89.397,89.866,90.223
34140.0,118.046,113.384,109.034,104.994,101.25,97.795,94.635,91.777,89.239,87.04,85.202,83.749,82.7,82.069,81.857,82.049,82.606,83.466,84.537,85.71,86.868,87.906,88.754,89.395,89.865,90.222
34200.0,118.216,113.551,109.197,105.151,101.4,97.938,94.768,91.9,89.35,87.139,85.288,83.821,82.759,82.114,81.89,82.07,82.619,83.471,84.537,85.707,86.863,87.901,88.75,89.393,89.863,90.221
34260.0,118.384,113.717,109.359,105.308,101.55,98.08,94.901,92.022,89.461,87.237,85.374,83.894,82.818,82.16,81.923,82.092,82.631,83.476,84.537,85.704,86.859,87.897,88.747,89.39,89.862,90.22
34320.0,118.551,113.881,109.52,105.464,101.699,98.221,95.033,92.144,89.572,87.336,85.46,83.966,82.877,82.206,81.956,82.115,82.644,83.481,84.536,85.7,86.854,87.892,88.743,89.388,89.861,90.219
34380.0,118.717,114.045,109.679,105.618,101.848,98.362,95.165,92.266,89.683,87.435,85.545,84.039,82.936,82.252,81.99,82.137,82.657,83.486,84.536,85.697,86.849,87.887,88.739,89.386,89.86,90.219
34440.0,118.881,114.207,109.838,105.772,101.995,98.502,95.296,92.388,89.793,87.533,85.631,84.111,82.995,82.298,82.024,82.159,82.669,83.491,84.536,85.694,86.845,87.883,88.736,89.384,89.859,90.218
34500.0,119.044,114.368,109.996,105.925,102.142,98.641,95.427,92.509,89.903,87.631,85.717,84.184,83.054,82.344,82.057,82.182,82.683,83.497,84.536,85.69,86.84,87.878,88.732,89.381,89.857,90.217
34560.0,119.205,114.527,110.152,106.077,102.288,98.78,95.557,92.629,90.013,87.73,85.803,84.256,83.114,82.39,82.091,82.205,82.696,83.502,84.536,85.687,86.836,87.874,88.729,89.379,89.856,90.216
34620.0,119.365,114.686,110.308,106.228,102.433,98.918,95.687,92.749,90.123,87.828,85.888,84.329,83.173,82.437,82.126,82.228,82.709,83.508,84.537,85.684,86.831,87.869,88.725,89.377,89.855,90.215
34680.0,119.524,114.843,110.462,106.378,102.578,99.056,95.816,92.869,90.232,87.925,85.974,84.402,83.233,82.484,82.16,82.251,82.723,83.514,84.537,85.681,86.827,87.865,88.722,89.374,89.853,90.214
34740.0,119.682,114.999,110.615,106.527,102.722,99.193,95.945,92.989,90.341,88.023,86.059,84.475,83.293,82.53,82.195,82.274,82.736,83.52,84.537,85.678,86.822,87.861,88.718,89.372,89.852,90.213
34800.0,119.838,115.154,110.768,106.676,102.864,99.329,96.073,93.108,90.45,88.121,86.145,84.547,83.352,82.577,82.229,82.298,82.75,83.526,84.538,85.675,86.818,87.856,88.715,89.37,89.851,90.212
34860.0,119.993,115.308,110.919,106.823,103.007,99.465,96.201,93.227,90.559,88.218,86.23,84.62,83.412,82.624,82.264,82.321,82.764,83.532,84.538,85.672,86.813,87.852,88.711,89.368,89.85,90.211
34920.0,120.146,115.46,111.069,106.97,103.148,99.6,96.328,93.345,90.667,88.315,86.316,84.693,83.472,82.672,82.299,82.345,82.778,83.538,84.539,85.669,86.809,87.847,88.708,89.365,89.848,90.21
34980.0,120.299,115.612,111.219,107.115,103.289,99.734,96.455,93.463,90.775,88.413,86.401,84.766,83.532,82.719,82.334,82.369,82.792,83.545,84.54,85.667,86.805,87.843,88.704,89.363,89.847,90.209
35040.0,120.45,115.762,111.367,107.26,103.429,99.868,96.582,93.581,90.883,88.509,86.486,84.839,83.593,82.767,82.369,82.393,82.807,83.551,84.541,85.664,86.8,87.838,88.701,89.361,89.846,90.208
35100.0,120.599,115.911,111.514,107.404,103.568,100.001,96.707,93.698,90.99,88.606,86.571,84.912,83.653,82.814,82.405,82.417,82.821,83.558,84.542,85.661,86.796,87.834,88.697,89.358,89.844,90.207
35160.0,120.748,116.059,111.66,107.547,103.706,100.134,96.833,93.815,91.098,88.703,86.656,84.985,83.713,82.862,82.44,82.442,82.836,83.565,84.543,85.659,86.792,87.83,88.694,89.356,89.843,90.206
35220.0,120.895,116.206,111.805,107.689,103.844,100.265,96.957,93.931,91.204,88.799,86.741,85.058,83.774,82.91,82.476,82.466,82.85,83.572,84.544,85.656,86.788,87.825,88.69,89.354,89.842,90.205
35280.0,121.041,116.351,111.949,107.83,103.981,100.397,97.082,94.047,91.311,88.896,86.826,85.13,83.834,82.958,82.512,82.491,82.865,83.579,84.545,85.654,86.783,87.821,88.687,89.351,89.84,90.204
35340.0,121.185,116.496,112.093,107.97,104.117,100.527,97.205,94.163,91.418,88.992,86.911,85.203,83.894,83.006,82.548,82.516,82.88,83.586,84.546,85.651,86.779,87.817,88.683,89.349,89.839,90.203
35400.0,121.328,116.639,112.235,108.11,104.252,100.657,97.329,94.278,91.524,89.088,86.996,85.276,83.955,83.054,82.584,82.541,82.896,83.593,84.547,85.649,86.775,87.812,88.68,89.347,89.838,90.202
35460.0,121.47,116.782,112.376,108.249,104.387,100.787,97.451,94.393,91.63,89.183,87.081,85.349,84.016,83.102,82.62,82.566,82.911,83.6,84.549,85.647,86.771,87.808,88.676,89.344,89.836,90.201
35520.0,121.611,116.923,112.516,108.386,104.521,100.915,97.574,94.508,91.735,89.279,87.165,85.422,84.076,83.151,82.657,82.591,82.926,83.608,84.55,85.644,86.767,87.804,88.673,89.342,89.835,90.2
35580.0,121.751,117.063,112.655,108.523,104.654,101.043,97.695,94.622,91.84,89.374,87.25,85.495,84.137,83.199,82.693,82.616,82.942,83.615,84.552,85.642,86.763,87.8,88.669,89.34,89.834,90.199
35640.0,121.889,117.202,112.793,108.659,104.786,101.171,97.817,94.735,91.945,89.469,87.334,85.568,84.198,83.248,82.73,82.642,82.958,83.623,84.554,85.64,86.759,87.795,88.666,89.337,89.832,90.198
35700.0,122.026,117.339,112.93,108.794,104.918,101.298,97.937,94.849,92.05,89.564,87.418,85.64,84.259,83.296,82.767,82.668,82.973,83.631,84.555,85.638,86.755,87.791,88.662,89.335,89.831,90.197
35760.0,122.162,117.476,113.067,108.928,105.049,101.424,98.058,94.962,92.155,89.659,87.503,85.713,84.32,83.345,82.804,82.693,82.989,83.639,84.557,85.636,86.751,87.787,88.659,89.333,89.83,90.196
35820.0,122.297,117.612,113.202,109.062,105.179,101.55,98.177,95.074,92.259,89.754,87.587,85.786,84.381,83.394,82.841,82.719,83.006,83.647,84.559,85.634,86.747,87.783,88.655,89.33,89.828,90.195
35880.0,122.43,117.746,113.336,109.194,105.309,101.675,98.296,95.186,92.362,89.848,87.671,85.859,84.442,83.443,82.878,82.746,83.022,83.655,84.561,85.632,86.743,87.779,88.652,89.328,89.827,90.194
35940.0,122.562,117.88,113.469,109.326,105.437,101.799,98.415,95.298,92.466,89.942,87.754,85.932,84.503,83.492,82.915,82.772,83.038,83.663,84.563,85.63,86.74,87.774,88.648,89.325,89.825,90.193
36000.0,122.693,118.012,113.602,109.457,105.565,101.923,98.533,95.409,92.569,90.036,87.838,86.004,84.564,83.541,82.953,82.798,83.055,83.671,84.566,85.628,86.736,87.77,88.645,89.323,89.824,90.192
36060.0,122.823,118.143,113.733,109.587,105.693,102.046,98.651,95.52,92.672,90.13,87.922,86.077,84.625,83.59,82.99,82.825,83.071,83.68,84.568,85.627,86.732,87.766,88.641,89.321,89.823,90.191
36120.0,122.952,118.273,113.863,109.716,105.819,102.168,98.768,95.631,92.775,90.224,88.005,86.149,84.686,83.64,83.028,82.851,83.088,83.688,84.57,85.625,86.728,87.762,88.638,89.318,89.821,90.19
36180.0,123.079,118.403,113.993,109.844,105.945,102.29,98.885,95.741,92.877,90.317,88.089,86.222,84.747,83.689,83.066,82.878,83.105,83.697,84.573,85.623,86.725,87.758,88.634,89.316,89.82,90.189
36240.0,123.206,118.531,114.121,109.972,106.07,102.411,99.001,95.85,92.979,90.41,88.172,86.295,84.808,83.739,83.104,82.905,83.122,83.706,84.575,85.622,86.721,87.754,88.631,89.314,89.818,90.187
36300.0,123.331,118.658,114.249,110.099,106.194,102.532,99.116,95.96,93.081,90.503,88.255,86.367,84.869,83.788,83.142,82.932,83.139,83.715,84.578,85.62,86.717,87.75,88.627,89.311,89.817,90.186
36360.0,123.455,118.783,114.375,110.224,106.318,102.652,99.231,96.069,93.182,90.596,88.338,86.44,84.93,83.838,83.18,82.959,83.157,83.724,84.581,85.619,86.714,87.746,88.624,89.309,89.816,90.185
36420.0,123.577,118.908,114.501,110.349,106.441,102.771,99.346,96.177,93.283,90.688,88.421,86.512,84.992,83.887,83.218,82.986,83.174,83.733,84.583,85.618,86.71,87.742,88.62,89.307,89.814,90.184
36480.0,123.699,119.032,114.626,110.473,106.563,102.89,99.46,96.285,93.384,90.781,88.504,86.584,85.053,83.937,83.256,83.014,83.191,83.742,84.586,85.616,86.707,87.738,88.617,89.304,89.813,90.183
36540.0,123.819,119.155,114.749,110.597,106.684,103.008,99.574,96.393,93.484,90.873,88.587,86.657,85.114,83.987,83.295,83.041,83.209,83.751,84.589,85.615,86.703,87.734,88.614,89.302,89.811,90.182
36600.0,123.939,119.277,114.872,110.719,106.805,103.126,99.687,96.5,93.585,90.965,88.669,86.729,85.175,84.037,83.333,83.069,83.227,83.761,84.592,85.614,86.7,87.73,88.61,89.299,89.81,90.181
36660.0,124.057,119.397,114.994,110.841,106.925,103.243,99.799,96.607,93.684,91.056,88.751,86.801,85.237,84.087,83.372,83.097,83.245,83.77,84.596,85.613,86.697,87.726,88.607,89.297,89.808,90.18
36720.0,124.174,119.517,115.115,110.962,107.044,103.359,99.911,96.713,93.784,91.148,88.834,86.873,85.298,84.137,83.41,83.124,83.263,83.78,84.599,85.612,86.693,87.722,88.603,89.295,89.807,90.178
36780.0,124.29,119.635,115.235,111.082,107.163,103.475,100.023,96.819,93.883,91.239,88.916,86.945,85.359,84.187,83.449,83.152,83.281,83.79,84.602,85.611,86.69,87.718,88.6,89.292,89.805,90.177
36840.0,124.404,119.753,115.354,111.201,107.281,103.59,100.134,96.925,93.982,91.33,88.998,87.017,85.42,84.237,83.488,83.181,83.299,83.8,84.606,85.61,86.687,87.714,88.597,89.29,89.804,90.176
36900.0,124.518,119.87,115.472,111.319,107.398,103.704,100.244,97.03,94.081,91.421,89.08,87.089,85.482,84.287,83.527,83.209,83.318,83.81,84.609,85.609,86.683,87.71,88.593,89.287,89.802,90.175
36960.0,124.63,119.985,115.59,111.437,107.514,103.818,100.354,97.135,94.179,91.511,89.161,87.161,85.543,84.337,83.566,83.237,83.336,83.82,84.613,85.608,86.68,87.706,88.59,89.285,89.801,90.174
37020.0,124.742,120.1,115.706,111.553,107.63,103.932,100.464,97.239,94.277,91.601,89.243,87.233,85.604,84.388,83.605,83.266,83.355,83.83,84.616,85.607,86.677,87.702,88.586,89.283,89.799,90.173
37080.0,124.852,120.213,115.821,111.669,107.745,104.044,100.573,97.343,94.374,91.692,89.324,87.304,85.665,84.438,83.645,83.294,83.373,83.84,84.62,85.606,86.674,87.698,88.583,89.28,89.798,90.171
37140.0,124.961,120.326,115.936,111.784,107.859,104.156,100.681,97.446,94.472,91.781,89.405,87.376,85.727,84.488,83.684,83.323,83.392,83.851,84.624,85.606,86.671,87.695,88.58,89.278,89.796,90.17
37200.0,125.069,120.437,116.049,111.899,107.973,104.268,100.789,97.55,94.569,91.871,89.486,87.447,85.788,84.539,83.723,83.351,83.411,83.861,84.628,85.605,86.668,87.691,88.576,89.275,89.795,90.169
37260.0,125.176,120.547,116.162,112.012,108.085,104.378,100.896,97.652,94.665,91.96,89.567,87.519,85.849,84.589,83.763,83.38,83.43,83.872,84.632,85.605,86.665,87.687,88.573,89.273,89.793,90.168
37320.0,125.282,120.657,116.274,112.125,108.198,104.489,101.003,97.754,94.761,92.049,89.648,87.59,85.91,84.64,83.802,83.409,83.449,83.883,84.636,85.604,86.662,87.683,88.569,89.271,89.792,90.167
37380.0,125.386,120.765,116.385,112.237,108.309,104.598,101.11,97.856,94.857,92.138,89.729,87.662,85.971,84.69,83.842,83.438,83.469,83.894,84.64,85.604,86.659,87.679,88.566,89.268,89.79,90.165
37440.0,125.49,120.873,116.495,112.348,108.42,104.707,101.216,97.958,94.953,92.227,89.809,87.733,86.033,84.741,83.882,83.468,83.488,83.905,84.644,85.604,86.656,87.676,88.563,89.266,89.789,90.164
37500.0,125.592,120.979,116.604,112.458,108.53,104.816,101.321,98.059,95.048,92.315,89.889,87.804,86.094,84.791,83.922,83.497,83.508,83.916,84.649,85.603,86.653,87.672,88.559,89.263,89.787,90.163
37560.0,125.694,121.085,116.712,112.567,108.639,104.923,101.426,98.159,95.143,92.403,89.969,87.875,86.155,84.842,83.961,83.526,83.527,83.927,84.653,85.603,86.65,87.668,88.556,89.261,89.786,90.162
37620.0,125.794,121.189,116.819,112.676,108.748,105.031,101.53,98.259,95.238,92.491,90.049,87.946,86.216,84.892,84.001,83.556,83.547,83.938,84.658,85.603,86.648,87.665,88.553,89.259,89.784,90.16
37680.0,125.893,121.292,116.926,112.784,108.856,105.137,101.634,98.359,95.332,92.579,90.129,88.017,86.277,84.943,84.041,83.585,83.567,83.949,84.662,85.603,86.645,87.661,88.549,89.256,89.783,90.159
37740.0,125.991,121.395,117.031,112.891,108.963,105.243,101.737,98.459,95.426,92.666,90.209,88.088,86.338,84.994,84.082,83.615,83.587,83.961,84.667,85.603,86.642,87.657,88.546,89.254,89.781,90.158
37800.0,126.088,121.496,117.136,112.997,109.069,105.348,101.84,98.557,95.52,92.753,90.288,88.158,86.399,85.045,84.122,83.645,83.607,83.972,84.672,85.603,86.639,87.654,88.543,89.251,89.78,90.157
37860.0,126.184,121.597,117.24,113.103,109.175,105.453,101.942,98.656,95.613,92.84,90.367,88.229,86.46,85.095,84.162,83.674,83.627,83.984,84.677,85.603,86.637,87.65,88.539,89.249,89.778,90.155
37920.0,126.279,121.696,117.342,113.208,109.28,105.557,102.044,98.754,95.706,92.927,90.447,88.299,86.521,85.146,84.202,83.704,83.647,83.996,84.682,85.603,86.634,87.647,88.536,89.247,89.777,90.154
37980.0,126.373,121.795,117.444,113.311,109.385,105.661,102.146,98.852,95.799,93.013,90.525,88.37,86.582,85.197,84.243,83.734,83.667,84.008,84.687,85.603,86.632,87.643,88.533,89.244,89.775,90.153
38040.0,126.466,121.893,117.545,113.415,109.488,105.764,102.246,98.949,95.891,93.1,90.604,88.44,86.643,85.248,84.283,83.765,83.688,84.02,84.692,85.604,86.629,87.64,88.53,89.242,89.773,90.152
38100.0,126.557,121.989,117.646,113.517,109.592,105.866,102.347,99.046,95.983,93.185,90.683,88.51,86.704,85.298,84.323,83.795,83.708,84.032,84.697,85.604,86.627,87.636,88.526,89.239,89.772,90.15
38160.0,126.648,122.085,117.745,113.618,109.694,105.968,102.446,99.142,96.075,93.271,90.761,88.58,86.764,85.349,84.364,83.825,83.729,84.044,84.702,85.604,86.624,87.633,88.523,89.237,89.77,90.149
38220.0,126.738,122.179,117.843,113.719,109.796,106.069,102.546,99.238,96.166,93.356,90.839,88.65,86.825,85.4,84.405,83.855,83.75,84.056,84.708,85.605,86.622,87.629,88.52,89.234,89.769,90.148
38280.0,126.826,122.273,117.941,113.819,109.896,106.17,102.644,99.333,96.257,93.442,90.918,88.72,86.886,85.451,84.445,83.886,83.771,84.068,84.713,85.605,86.62,87.626,88.516,89.232,89.767,90.146
38340.0,126.914,122.366,118.038,113.918,109.997,106.27,102.742,99.429,96.348,93.527,90.995,88.79,86.947,85.502,84.486,83.916,83.792,84.081,84.719,85.606,86.617,87.622,88.513,89.23,89.766,90.145
38400.0,127.0,122.458,118.133,114.017,110.096,106.369,102.84,99.523,96.438,93.611,91.073,88.859,87.007,85.553,84.527,83.947,83.813,84.093,84.724,85.607,86.615,87.619,88.51,89.227,89.764,90.144
38460.0,127.085,122.549,118.228,114.114,110.195,106.468,102.937,99.618,96.528,93.695,91.151,88.929,87.068,85.604,84.567,83.978,83.834,84.106,84.73,85.607,86.613,87.615,88.507,89.225,89.762,90.142
38520.0,127.17,122.638,118.323,114.211,110.293,106.566,103.034,99.711,96.618,93.78,91.228,88.998,87.128,85.655,84.608,84.009,83.855,84.119,84.736,85.608,86.611,87.612,88.504,89.222,89.761,90.141
38580.0,127.253,122.727,118.416,114.307,110.391,106.663,103.13,99.805,96.707,93.863,91.305,89.068,87.189,85.706,84.649,84.039,83.876,84.131,84.742,85.609,86.608,87.609,88.5,89.22,89.759,90.14
38640.0,127.335,122.815,118.508,114.403,110.488,106.76,103.226,99.898,96.796,93.947,91.382,89.137,87.249,85.756,84.69,84.07,83.898,84.144,84.748,85.61,86.606,87.605,88.497,89.217,89.758,90.138
38700.0,127.416,122.902,118.6,114.497,110.584,106.857,103.321,99.99,96.885,94.03,91.459,89.206,87.31,85.807,84.731,84.101,83.919,84.157,84.754,85.611,86.604,87.602,88.494,89.215,89.756,90.137
38760.0,127.496,122.988,118.69,114.591,110.679,106.952,103.416,100.082,96.973,94.113,91.535,89.275,87.37,85.858,84.772,84.133,83.941,84.171,84.76,85.612,86.602,87.599,88.491,89.213,89.754,90.136
38820.0,127.575,123.073,118.78,114.684,110.774,107.048,103.51,100.174,97.061,94.196,91.612,89.344,87.43,85.909,84.813,84.164,83.963,84.184,84.766,85.613,86.6,87.596,88.487,89.21,89.753,90.134
38880.0,127.654,123.158,118.869,114.776,110.868,107.142,103.603,100.265,97.148,94.279,91.688,89.412,87.49,85.96,84.854,84.195,83.984,84.197,84.772,85.614,86.598,87.592,88.484,89.208,89.751,90.133
38940.0,127.731,123.241,118.957,114.868,110.962,107.236,103.696,100.356,97.236,94.361,91.764,89.481,87.551,86.011,84.896,84.226,84.006,84.21,84.779,85.615,86.596,87.589,88.481,89.205,89.749,90.132
39000.0,127.807,123.323,119.044,114.959,111.055,107.329,103.789,100.447,97.322,94.443,91.84,89.549,87.611,86.062,84.937,84.258,84.028,84.224,84.785,85.617,86.595,87.586,88.478,89.203,89.748,90.13
39060.0,127.882,123.404,119.131,115.048,111.147,107.422,103.881,100.537,97.409,94.525,91.915,89.618,87.671,86.113,84.978,84.289,84.05,84.237,84.792,85.618,86.593,87.583,88.475,89.2,89.746,90.129
39120.0,127.956,123.485,119.216,115.138,111.238,107.514,103.973,100.626,97.495,94.606,91.991,89.686,87.731,86.164,85.019,84.321,84.072,84.251,84.798,85.62,86.591,87.58,88.472,89.198,89.744,90.128
39180.0,128.028,123.564,119.301,115.226,111.329,107.606,104.064,100.715,97.581,94.687,92.066,89.754,87.791,86.215,85.061,84.352,84.095,84.265,84.805,85.621,86.589,87.577,88.469,89.196,89.743,90.126
39240.0,128.1,123.643,119.385,115.314,111.419,107.697,104.154,100.804,97.666,94.768,92.141,89.822,87.85,86.265,85.102,84.384,84.117,84.279,84.812,85.623,86.587,87.573,88.465,89.193,89.741,90.125
39300.0,128.171,123.72,119.468,115.401,111.508,107.787,104.244,100.892,97.752,94.849,92.216,89.89,87.91,86.316,85.143,84.416,84.139,84.292,84.819,85.624,86.586,87.57,88.462,89.191,89.739,90.123
39360.0,128.241,123.797,119.55,115.487,111.597,107.877,104.334,100.98,97.836,94.929,92.291,89.958,87.97,86.367,85.185,84.447,84.162,84.306,84.826,85.626,86.584,87.567,88.459,89.188,89.738,90.122
39420.0,128.31,123.873,119.631,115.572,111.685,107.966,104.423,101.068,97.921,95.009,92.365,90.025,88.03,86.418,85.226,84.479,84.184,84.321,84.833,85.628,86.583,87.564,88.456,89.186,89.736,90.12
39480.0,128.378,123.948,119.711,115.657,111.772,108.055,104.511,101.155,98.005,95.089,92.439,90.093,88.089,86.469,85.268,84.511,84.207,84.335,84.84,85.629,86.581,87.561,88.453,89.183,89.734,90.119
39540.0,128.445,124.022,119.791,115.741,111.859,108.143,104.599,101.241,98.089,95.169,92.513,90.16,88.149,86.52,85.309,84.543,84.23,84.349,84.847,85.631,86.58,87.558,88.45,89.181,89.733,90.118
39600.0,128.511,124.095,119.87,115.824,111.945,108.231,104.687,101.327,98.172,95.248,92.587,90.227,88.208,86.57,85.351,84.575,84.252,84.363,84.854,85.633,86.578,87.555,88.447,89.178,89.731,90.116
39660.0,128.576,124.167,119.948,115.906,112.03,108.317,104.774,101.413,98.255,95.327,92.661,90.294,88.267,86.621,85.392,84.607,84.275,84.378,84.861,85.635,86.577,87.552,88.444,89.176,89.729,90.115
39720.0,128.639,124.238,120.025,115.987,112.115,108.404,104.86,101.498,98.338,95.405,92.734,90.361,88.327,86.672,85.434,84.639,84.298,84.392,84.869,85.637,86.575,87.549,88.441,89.174,89.728,90.113
39780.0,128.702,124.308,120.101,116.068,112.199,108.489,104.946,101.583,98.42,95.484,92.807,90.428,88.386,86.722,85.475,84.672,84.321,84.407,84.876,85.639,86.574,87.547,88.438,89.171,89.726,90.112
39840.0,128.764,124.377,120.176,116.148,112.282,108.574,105.032,101.667,98.502,95.562,92.88,90.494,88.445,86.773,85.517,84.704,84.344,84.422,84.884,85.641,86.573,87.544,88.435,89.169,89.724,90.11
39900.0,128.825,124.446,120.251,116.228,112.364,108.659,105.117,101.751,98.584,95.64,92.953,90.561,88.504,86.824,85.558,84.736,84.367,84.436,84.891,85.644,86.572,87.541,88.431,89.166,89.723,90.109
39960.0,128.885,124.513,120.325,116.306,112.446,108.743,105.201,101.835,98.665,95.718,93.026,90.627,88.563,86.874,85.6,84.768,84.391,84.451,84.899,85.646,86.57,87.538,88.428,89.164,89.721,90.107
40020.0,128.944,124.58,120.398,116.384,112.528,108.826,105.285,101.918,98.746,95.795,93.098,90.693,88.622,86.925,85.642,84.801,84.414,84.466,84.907,85.648,86.569,87.535,88.425,89.161,89.719,90.106
40080.0,129.001,124.645,120.47,116.461,112.608,108.909,105.368,102.001,98.826,95.872,93.17,90.759,88.681,86.976,85.683,84.833,84.437,84.481,84.915,85.651,86.568,87.532,88.422,89.159,89.717,90.105
40140.0,129.058,124.71,120.541,116.537,112.688,108.991,105.451,102.083,98.906,95.949,93.242,90.825,88.739,87.026,85.725,84.866,84.461,84.496,84.923,85.653,86.567,87.53,88.419,89.157,89.716,90.103
40200.0,129.114,124.774,120.611,116.613,112.767,109.072,105.534,102.165,98.986,96.025,93.314,90.891,88.798,87.077,85.767,84.898,84.484,84.511,84.931,85.656,86.566,87.527,88.416,89.154,89.714,90.102
40260.0,129.169,124.837,120.681,116.688,112.846,109.153,105.616,102.246,99.066,96.101,93.386,90.957,88.856,87.127,85.809,84.931,84.508,84.527,84.939,85.658,86.565,87.524,88.413,89.152,89.712,90.1
40320.0,129.223,124.899,120.75,116.762,112.924,109.234,105.697,102.327,99.145,96.177,93.457,91.022,88.915,87.178,85.85,84.964,84.532,84.542,84.947,85.661,86.564,87.522,88.411,89.149,89.711,90.099
40380.0,129.276,124.96,120.818,116.835,113.001,109.313,105.778,102.408,99.224,96.253,93.528,91.088,88.973,87.228,85.892,84.996,84.555,84.557,84.955,85.664,86.563,87.519,88.408,89.147,89.709,90.097
40440.0,129.328,125.02,120.885,116.908,113.078,109.393,105.858,102.488,99.302,96.328,93.599,91.153,89.031,87.278,85.934,85.029,84.579,84.573,84.963,85.666,86.562,87.516,88.405,89.144,89.707,90.096
40500.0,129.379,125.079,120.951,116.98,113.154,109.471,105.938,102.567,99.38,96.403,93.67,91.218,89.09,87.329,85.976,85.062,84.603,84.588,84.972,85.669,86.562,87.514,88.402,89.142,89.705,90.094
40560.0,129.429,125.138,121.017,117.051,113.229,109.549,106.017,102.647,99.458,96.478,93.74,91.283,89.148,87.379,86.017,85.095,84.627,84.604,84.98,85.672,86.561,87.511,88.399,89.14,89.704,90.093
40620.0,129.478,125.195,121.081,117.121,113.304,109.627,106.096,102.725,99.535,96.552,93.81,91.347,89.206,87.429,86.059,85.128,84.651,84.62,84.989,85.675,86.56,87.509,88.396,89.137,89.702,90.091
40680.0,129.526,125.252,121.145,117.191,113.377,109.703,106.174,102.804,99.612,96.626,93.88,91.412,89.264,87.48,86.101,85.161,84.675,84.635,84.997,85.678,86.56,87.506,88.393,89.135,89.7,90.089
40740.0,129.573,125.307,121.208,117.259,113.451,109.78,106.252,102.882,99.689,96.7,93.95,91.476,89.321,87.53,86.143,85.193,84.699,84.651,85.006,85.681,86.559,87.504,88.39,89.132,89.698,90.088
40800.0,129.619,125.362,121.27,117.327,113.523,109.855,106.329,102.959,99.765,96.774,94.02,91.54,89.379,87.58,86.184,85.226,84.723,84.667,85.015,85.684,86.558,87.501,88.387,89.13,89.697,90.086
40860.0,129.664,125.416,121.332,117.395,113.595,109.93,106.406,103.036,99.841,96.847,94.089,91.605,89.437,87.63,86.226,85.26,84.748,84.683,85.024,85.688,86.558,87.499,88.384,89.128,89.695,90.085
40920.0,129.708,125.469,121.392,117.461,113.666,110.005,106.482,103.113,99.916,96.92,94.158,91.668,89.494,87.68,86.268,85.293,84.772,84.699,85.032,85.691,86.557,87.496,88.381,89.125,89.693,90.083
40980.0,129.751,125.521,121.452,117.527,113.737,110.079,106.558,103.189,99.991,96.993,94.227,91.732,89.552,87.73,86.31,85.326,84.796,84.715,85.041,85.694,86.557,87.494,88.379,89.123,89.691,90.082
41040.0,129.793,125.572,121.511,117.592,113.807,110.152,106.633,103.265,100.066,97.065,94.296,91.796,89.609,87.78,86.352,85.359,84.821,84.732,85.05,85.697,86.556,87.491,88.376,89.12,89.69,90.08
41100.0,129.834,125.623,121.569,117.657,113.876,110.225,106.708,103.34,100.141,97.138,94.364,91.859,89.666,87.83,86.393,85.392,84.845,84.748,85.06,85.701,86.556,87.489,88.373,89.118,89.688,90.079
41160.0,129.875,125.672,121.626,117.721,113.945,110.297,106.782,103.415,100.215,97.209,94.432,91.923,89.723,87.88,86.435,85.425,84.87,84.764,85.069,85.704,86.556,87.487,88.37,89.115,89.686,90.077
41220.0,129.914,125.721,121.682,117.783,114.013,110.368,106.856,103.489,100.288,97.281,94.5,91.986,89.78,87.93,86.477,85.458,84.894,84.781,85.078,85.708,86.555,87.485,88.367,89.113,89.684,90.075
41280.0,129.952,125.768,121.738,117.846,114.08,110.439,106.929,103.563,100.362,97.352,94.568,92.049,89.837,87.979,86.519,85.492,84.919,84.797,85.087,85.712,86.555,87.482,88.364,89.111,89.682,90.074
41340.0,129.99,125.815,121.793,117.907,114.147,110.51,107.002,103.637,100.435,97.423,94.636,92.111,89.894,88.029,86.56,85.525,84.944,84.814,85.097,85.715,86.555,87.48,88.362,89.108,89.681,90.072
41400.0,130.026,125.861,121.847,117.968,114.213,110.579,107.074,103.71,100.507,97.494,94.703,92.174,89.951,88.079,86.602,85.558,84.969,84.83,85.106,85.719,86.555,87.478,88.359,89.106,89.679,90.071
41460.0,130.061,125.906,121.9,118.028,114.278,110.649,107.146,103.782,100.58,97.564,94.77,92.237,90.007,88.128,86.644,85.592,84.993,84.847,85.116,85.723,86.555,87.476,88.356,89.103,89.677,90.069
41520.0,130.096,125.95,121.953,118.087,114.343,110.717,107.217,103.855,100.651,97.634,94.837,92.299,90.064,88.178,86.686,85.625,85.018,84.864,85.125,85.727,86.555,87.473,88.353,89.101,89.675,90.067
41580.0,130.129,125.993,122.004,118.146,114.407,110.785,107.287,103.926,100.723,97.704,94.904,92.361,90.12,88.227,86.727,85.658,85.043,84.881,85.135,85.731,86.555,87.471,88.351,89.099,89.673,90.066
41640.0,130.162,126.035,122.055,118.203,114.47,110.853,107.357,103.998,100.794,97.774,94.97,92.423,90.176,88.277,86.769,85.692,85.068,84.897,85.145,85.735,86.555,87.469,88.348,89.096,89.672,90.064
41700.0,130.193,126.077,122.105,118.26,114.533,110.919,107.427,104.069,100.865,97.843,95.036,92.485,90.232,88.326,86.811,85.725,85.093,84.914,85.154,85.739,86.555,87.467,88.345,89.094,89.67,90.063
41760.0,130.224,126.117,122.154,118.317,114.594,110.986,107.496,104.139,100.935,97.912,95.102,92.546,90.289,88.375,86.853,85.759,85.118,84.931,85.164,85.743,86.555,87.465,88.343,89.091,89.668,90.061
41820.0,130.254,126.157,122.202,118.372,114.656,111.051,107.565,104.209,101.005,97.98,95.168,92.608,90.344,88.425,86.894,85.792,85.144,84.948,85.174,85.747,86.555,87.463,88.34,89.089,89.666,90.059
41880.0,130.282,126.196,122.25,118.427,114.716,111.116,107.633,104.279,101.075,98.048,95.233,92.669,90.4,88.474,86.936,85.826,85.169,84.966,85.184,85.751,86.555,87.461,88.337,89.087,89.664,90.058
41940.0,130.31,126.234,122.297,118.481,114.777,111.181,107.7,104.348,101.144,98.116,95.298,92.73,90.456,88.523,86.978,85.859,85.194,84.983,85.194,85.755,86.555,87.459,88.334,89.084,89.662,90.056
42000.0,130.337,126.271,122.343,118.534,114.836,111.245,107.767,104.416,101.213,98.184,95.363,92.791,90.512,88.572,87.019,85.893,85.219,85.0,85.204,85.76,86.556,87.457,88.332,89.082,89.661,90.054
42060.0,130.363,126.307,122.388,118.587,114.895,111.308,107.834,104.485,101.281,98.251,95.428,92.852,90.567,88.621,87.061,85.927,85.245,85.017,85.214,85.764,86.556,87.455,88.329,89.08,89.659,90.053
42120.0,130.387,126.342,122.432,118.639,114.953,111.371,107.9,104.553,101.35,98.318,95.493,92.912,90.622,88.67,87.103,85.96,85.27,85.035,85.225,85.768,86.556,87.453,88.327,89.077,89.657,90.051
42180.0,130.411,126.377,122.476,118.69,115.01,111.433,107.965,104.62,101.417,98.385,95.557,92.973,90.678,88.719,87.144,85.994,85.295,85.052,85.235,85.773,86.557,87.451,88.324,89.075,89.655,90.049
42240.0,130.434,126.41,122.518,118.741,115.067,111.495,108.03,104.687,101.485,98.452,95.621,93.033,90.733,88.768,87.186,86.027,85.321,85.07,85.245,85.777,86.557,87.449,88.321,89.072,89.653,90.048
42300.0,130.456,126.443,122.56,118.79,115.123,111.556,108.095,104.753,101.552,98.518,95.685,93.093,90.788,88.817,87.227,86.061,85.346,85.087,85.256,85.782,86.558,87.448,88.319,89.07,89.651,90.046
42360.0,130.477,126.474,122.601,118.839,115.178,111.616,108.159,104.819,101.619,98.584,95.748,93.153,90.843,88.865,87.269,86.095,85.372,85.105,85.266,85.787,86.558,87.446,88.316,89.068,89.65,90.044
42420.0,130.497,126.505,122.642,118.887,115.233,111.676,108.222,104.885,101.685,98.649,95.812,93.213,90.897,88.914,87.31,86.129,85.397,85.123,85.277,85.791,86.559,87.444,88.314,89.065,89.648,90.043
42480.0,130.517,126.535,122.681,118.935,115.287,111.735,108.285,104.95,101.751,98.714,95.875,93.272,90.952,88.962,87.352,86.162,85.423,85.14,85.287,85.796,86.559,87.442,88.311,89.063,89.646,90.041
42540.0,130.535,126.564,122.72,118.982,115.34,111.794,108.347,105.015,101.816,98.779,95.938,93.332,91.006,89.011,87.393,86.196,85.449,85.158,85.298,85.801,86.56,87.441,88.308,89.061,89.644,90.039
42600.0,130.552,126.593,122.758,119.028,115.393,111.852,108.409,105.079,101.881,98.844,96.0,93.391,91.061,89.059,87.435,86.23,85.474,85.176,85.309,85.806,86.561,87.439,88.306,89.058,89.642,90.038
42660.0,130.568,126.62,122.795,119.073,115.445,111.909,108.47,105.143,101.946,98.908,96.063,93.45,91.115,89.108,87.476,86.263,85.5,85.194,85.32,85.811,86.561,87.437,88.303,89.056,89.64,90.036
42720.0,130.584,126.647,122.831,119.118,115.497,111.966,108.531,105.206,102.011,98.972,96.125,93.508,91.169,89.156,87.517,86.297,85.526,85.212,85.33,85.816,86.562,87.436,88.301,89.053,89.638,90.034
42780.0,130.598,126.672,122.866,119.162,115.547,112.022,108.592,105.269,102.075,99.036,96.186,93.567,91.223,89.204,87.559,86.331,85.552,85.23,85.341,85.821,86.563,87.434,88.298,89.051,89.637,90.033
42840.0,130.612,126.697,122.901,119.205,115.598,112.078,108.651,105.332,102.138,99.099,96.248,93.625,91.277,89.252,87.6,86.365,85.578,85.248,85.352,85.826,86.564,87.432,88.296,89.049,89.635,90.031
42900.0,130.624,126.721,122.935,119.247,115.647,112.133,108.711,105.394,102.202,99.162,96.309,93.684,91.331,89.3,87.641,86.398,85.604,85.266,85.363,85.831,86.565,87.431,88.293,89.046,89.633,90.029
42960.0,130.636,126.744,122.968,119.289,115.696,112.188,108.77,105.455,102.265,99.225,96.371,93.742,91.384,89.348,87.683,86.432,85.63,85.284,85.375,85.836,86.566,87.429,88.291,89.044,89.631,90.027
43020.0,130.646,126.766,123.0,119.33,115.744,112.241,108.828,105.516,102.327,99.287,96.431,93.8,91.438,89.396,87.724,86.466,85.656,85.303,85.386,85.842,86.567,87.428,88.289,89.042,89.629,90.026
43080.0,130.656,126.787,123.032,119.37,115.792,112.295,108.886,105.577,102.389,99.35,96.492,93.857,91.491,89.444,87.765,86.5,85.682,85.321,85.397,85.847,86.568,87.426,88.286,89.039,89.627,90.024
43140.0,130.665,126.808,123.063,119.41,115.838,112.348,108.943,105.637,102.451,99.411,96.552,93.915,91.545,89.492,87.806,86.534,85.708,85.339,85.408,85.852,86.569,87.425,88.284,89.037,89.625,90.022
43200.0,130.673,126.827,123.092,119.448,115.885,112.4,109.0,105.697,102.512,99.473,96.613,93.972,91.598,89.539,87.847,86.567,85.734,85.358,85.42,85.858,86.57,87.424,88.281,89.035,89.623,90.021
43260.0,130.68,126.846,123.122,119.486,115.93,112.451,109.056,105.756,102.573,99.534,96.672,94.029,91.651,89.587,87.888,86.601,85.76,85.376,85.431,85.863,86.571,87.422,88.279,89.032,89.622,90.019
43320.0,130.686,126.864,123.15,119.524,115.975,112.502,109.111,105.815,102.634,99.595,96.732,94.086,91.703,89.634,87.929,86.635,85.786,85.395,85.442,85.869,86.573,87.421,88.277,89.03,89.62,90.017
43380.0,130.691,126.881,123.177,119.56,116.019,112.553,109.167,105.874,102.694,99.655,96.791,94.143,91.756,89.682,87.97,86.669,85.812,85.413,85.454,85.875,86.574,87.419,88.274,89.028,89.618,90.015
43440.0,130.695,126.897,123.204,119.596,116.063,112.603,109.221,105.932,102.754,99.716,96.85,94.199,91.809,89.729,88.011,86.703,85.838,85.432,85.465,85.88,86.575,87.418,88.272,89.025,89.616,90.014
43500.0,130.698,126.912,123.23,119.631,116.106,112.652,109.275,105.989,102.814,99.776,96.909,94.256,91.861,89.776,88.052,86.737,85.864,85.451,85.477,85.886,86.576,87.417,88.27,89.023,89.614,90.012
43560.0,130.7,126.926,123.255,119.666,116.148,112.7,109.329,106.046,102.873,99.835,96.968,94.312,91.913,89.823,88.093,86.77,85.891,85.469,85.489,85.892,86.578,87.416,88.267,89.021,89.612,90.01
43620.0,130.701,126.94,123.279,119.699,116.19,112.749,109.382,106.103,102.931,99.894,97.026,94.368,91.966,89.87,88.134,86.804,85.917,85.488,85.5,85.897,86.579,87.414,88.265,89.019,89.61,90.008
43680.0,130.702,126.952,123.303,119.732,116.23,112.796,109.435,106.159,102.99,99.953,97.084,94.424,92.018,89.917,88.175,86.838,85.943,85.507,85.512,85.903,86.581,87.413,88.263,89.016,89.608,90.007
43740.0,130.701,126.964,123.326,119.764,116.271,112.843,109.487,106.215,103.048,100.012,97.142,94.479,92.069,89.964,88.216,86.872,85.97,85.526,85.524,85.909,86.582,87.412,88.26,89.014,89.606,90.005
43800.0,130.699,126.975,123.348,119.796,116.31,112.889,109.538,106.27,103.105,100.07,97.2,94.534,92.121,90.011,88.256,86.906,85.996,85.544,85.536,85.915,86.584,87.411,88.258,89.012,89.604,90.003
43860.0,130.697,126.985,123.369,119.827,116.349,112.935,109.589,106.325,103.162,100.128,97.257,94.59,92.173,90.058,88.297,86.939,86.022,85.563,85.548,85.921,86.585,87.41,88.256,89.009,89.603,90.001
43920.0,130.693,126.994,123.389,119.857,116.388,112.98,109.64,106.379,103.219,100.186,97.314,94.645,92.224,90.104,88.338,86.973,86.049,85.582,85.56,85.927,86.587,87.409,88.254,89.007,89.601,89.999
43980.0,130.689,127.002,123.409,119.886,116.425,113.025,109.69,106.433,103.275,100.243,97.371,94.699,92.276,90.151,88.378,87.007,86.075,85.601,85.572,85.933,86.589,87.408,88.251,89.005,89.599,89.998
44040.0,130.684,127.01,123.427,119.915,116.462,113.068,109.739,106.487,103.331,100.3,97.428,94.754,92.327,90.197,88.419,87.041,86.102,85.62,85.584,85.94,86.59,87.407,88.249,89.003,89.597,89.996
44100.0,130.677,127.016,123.445,119.943,116.499,113.112,109.788,106.54,103.387,100.357,97.484,94.808,92.378,90.244,88.459,87.075,86.128,85.64,85.596,85.946,86.592,87.406,88.247,89.0,89.595,89.994
44160.0,130.67,127.022,123.462,119.97,116.534,113.155,109.836,106.592,103.442,100.414,97.54,94.863,92.429,90.29,88.5,87.108,86.155,85.659,85.609,85.952,86.594,87.405,88.245,88.998,89.593,89.992
44220.0,130.662,127.027,123.479,119.996,116.569,113.197,109.884,106.644,103.497,100.47,97.596,94.916,92.479,90.336,88.54,87.142,86.181,85.678,85.621,85.958,86.596,87.404,88.243,88.996,89.591,89.99
44280.0,130.653,127.031,123.494,120.022,116.604,113.238,109.932,106.696,103.552,100.525,97.651,94.97,92.53,90.382,88.581,87.176,86.208,85.697,85.633,85.965,86.598,87.403,88.241,88.994,89.589,89.989
44340.0,130.643,127.034,123.509,120.047,116.637,113.279,109.978,106.747,103.606,100.581,97.706,95.024,92.58,90.428,88.621,87.21,86.234,85.716,85.645,85.971,86.6,87.402,88.238,88.991,89.587,89.987
44400.0,130.632,127.036,123.523,120.071,116.67,113.32,110.025,106.798,103.659,100.636,97.761,95.077,92.631,90.474,88.661,87.243,86.261,85.736,85.658,85.978,86.602,87.401,88.236,88.989,89.585,89.985
44460.0,130.62,127.037,123.536,120.095,116.703,113.36,110.07,106.848,103.713,100.691,97.816,95.13,92.681,90.52,88.701,87.277,86.288,85.755,85.67,85.984,86.604,87.4,88.234,88.987,89.583,89.983
44520.0,130.608,127.038,123.549,120.117,116.734,113.399,110.116,106.898,103.766,100.745,97.871,95.183,92.731,90.566,88.742,87.311,86.314,85.774,85.683,85.991,86.606,87.4,88.232,88.985,89.581,89.981
44580.0,130.594,127.038,123.56,120.139,116.766,113.437,110.16,106.947,103.818,100.799,97.925,95.236,92.781,90.611,88.782,87.344,86.341,85.794,85.695,85.998,86.608,87.399,88.23,88.982,89.58,89.98
44640.0,130.579,127.036,123.571,120.161,116.796,113.475,110.205,106.996,103.87,100.853,97.979,95.289,92.83,90.657,88.822,87.378,86.368,85.813,85.708,86.004,86.61,87.398,88.228,88.98,89.578,89.978
44700.0,130.564,127.034,123.581,120.181,116.826,113.513,110.248,107.045,103.922,100.906,98.032,95.341,92.88,90.702,88.862,87.412,86.394,85.833,85.721,86.011,86.612,87.397,88.226,88.978,89.576,89.976
44760.0,130.547,127.031,123.59,120.201,116.855,113.55,110.292,107.093,103.973,100.959,98.086,95.393,92.929,90.747,88.902,87.445,86.421,85.852,85.733,86.018,86.614,87.397,88.224,88.976,89.574,89.974
44820.0,130.53,127.027,123.599,120.22,116.883,113.586,110.334,107.14,104.024,101.012,98.139,95.445,92.979,90.792,88.942,87.479,86.448,85.872,85.746,86.025,86.617,87.396,88.222,88.973,89.572,89.972
44880.0,130.511,127.023,123.606,120.239,116.911,113.622,110.376,107.187,104.075,101.065,98.192,95.497,93.028,90.838,88.982,87.513,86.474,85.892,85.759,86.031,86.619,87.395,88.22,88.971,89.57,89.97
44940.0,130.492,127.017,123.613,120.256,116.938,113.657,110.418,107.234,104.125,101.117,98.244,95.548,93.077,90.883,89.021,87.546,86.501,85.911,85.772,86.038,86.621,87.395,88.218,88.969,89.568,89.968
45000.0,130.472,127.011,123.619,120.273,116.965,113.691,110.459,107.28,104.175,101.169,98.297,95.6,93.125,90.927,89.061,87.58,86.528,85.931,85.785,86.045,86.624,87.394,88.216,88.967,89.566,89.967
45060.0,130.45,127.003,123.624,120.29,116.99,113.725,110.499,107.326,104.224,101.22,98.349,95.651,93.174,90.972,89.101,87.613,86.555,85.951,85.798,86.052,86.626,87.394,88.214,88.965,89.564,89.965
45120.0,130.428,126.995,123.629,120.305,117.015,113.758,110.539,107.371,104.273,101.271,98.4,95.701,93.223,91.017,89.14,87.647,86.581,85.97,85.811,86.059,86.629,87.393,88.212,88.962,89.562,89.963
45180.0,130.405,126.986,123.632,120.32,117.04,113.791,110.579,107.416,104.321,101.322,98.452,95.752,93.271,91.061,89.18,87.681,86.608,85.99,85.824,86.067,86.631,87.393,88.21,88.96,89.56,89.961
45240.0,130.381,126.976,123.635,120.334,117.064,113.823,110.618,107.46,104.37,101.373,98.503,95.803,93.319,91.106,89.22,87.714,86.635,86.01,85.837,86.074,86.634,87.392,88.208,88.958,89.558,89.959
45300.0,130.356,126.966,123.637,120.347,117.087,113.855,110.656,107.504,104.417,101.423,98.554,95.853,93.367,91.15,89.259,87.748,86.662,86.03,85.85,86.081,86.636,87.392,88.207,88.956,89.556,89.957
45360.0,130.33,126.954,123.639,120.36,117.109,113.886,110.694,107.547,104.465,101.473,98.605,95.903,93.415,91.195,89.298,87.781,86.689,86.05,85.863,86.088,86.639,87.391,88.205,88.954,89.554,89.955
45420.0,130.304,126.942,123.639,120.372,117.131,113.916,110.732,107.59,104.512,101.522,98.655,95.953,93.463,91.239,89.338,87.814,86.716,86.07,85.876,86.095,86.642,87.391,88.203,88.951,89.552,89.954
45480.0,130.276,126.928,123.639,120.383,117.152,113.946,110.768,107.633,104.558,101.571,98.705,96.002,93.51,91.283,89.377,87.848,86.742,86.09,85.89,86.103,86.644,87.391,88.201,88.949,89.55,89.952
45540.0,130.247,126.914,123.637,120.393,117.173,113.975,110.805,107.675,104.604,101.62,98.755,96.052,93.557,91.327,89.416,87.881,86.769,86.11,85.903,86.11,86.647,87.39,88.199,88.947,89.548,89.95
45600.0,130.218,126.899,123.636,120.403,117.193,114.003,110.841,107.716,104.65,101.668,98.805,96.101,93.605,91.37,89.455,87.915,86.796,86.13,85.916,86.118,86.65,87.39,88.197,88.945,89.546,89.948
45660.0,130.187,126.883,123.633,120.412,117.212,114.031,110.876,107.757,104.696,101.717,98.854,96.15,93.652,91.414,89.494,87.948,86.823,86.15,85.93,86.125,86.653,87.39,88.196,88.943,89.545,89.946
45720.0,130.156,126.866,123.629,120.42,117.23,114.059,110.91,107.798,104.741,101.764,98.903,96.198,93.699,91.458,89.533,87.981,86.85,86.17,85.943,86.133,86.656,87.39,88.194,88.941,89.543,89.944
45780.0,130.123,126.849,123.625,120.428,117.248,114.085,110.945,107.838,104.785,101.812,98.952,96.247,93.745,91.501,89.572,88.015,86.877,86.19,85.957,86.14,86.659,87.389,88.192,88.939,89.541,89.942
45840.0,130.09,126.83,123.62,120.435,117.265,114.112,110.978,107.878,104.829,101.859,99.0,96.295,93.792,91.545,89.611,88.048,86.904,86.21,85.97,86.148,86.661,87.389,88.19,88.936,89.539,89.94
45900.0,130.056,126.811,123.614,120.441,117.282,114.137,111.011,107.917,104.873,101.906,99.049,96.343,93.838,91.588,89.65,88.081,86.931,86.23,85.984,86.156,86.664,87.389,88.189,88.934,89.537,89.938
45960.0,130.02,126.791,123.607,120.446,117.298,114.162,111.044,107.956,104.916,101.952,99.097,96.391,93.884,91.631,89.689,88.114,86.957,86.25,85.997,86.163,86.667,87.389,88.187,88.932,89.535,89.936
46020.0,129.984,126.769,123.6,120.451,117.313,114.186,111.076,107.994,104.959,101.998,99.144,96.439,93.931,91.674,89.727,88.148,86.984,86.271,86.011,86.171,86.671,87.389,88.185,88.93,89.533,89.935
46080.0,129.947,126.748,123.591,120.454,117.328,114.21,111.108,108.032,105.002,102.044,99.192,96.486,93.976,91.717,89.766,88.181,87.011,86.291,86.025,86.179,86.674,87.389,88.183,88.928,89.531,89.933
46140.0,129.909,126.725,123.582,120.457,117.342,114.233,111.139,108.069,105.044,102.089,99.239,96.533,94.022,91.76,89.804,88.214,87.038,86.311,86.038,86.187,86.677,87.389,88.182,88.926,89.529,89.931
46200.0,129.87,126.701,123.572,120.46,117.355,114.256,111.169,108.106,105.086,102.134,99.285,96.58,94.068,91.802,89.843,88.247,87.065,86.331,86.052,86.195,86.68,87.389,88.18,88.924,89.527,89.929
46260.0,129.83,126.676,123.562,120.462,117.367,114.278,111.199,108.143,105.127,102.179,99.332,96.627,94.113,91.845,89.881,88.28,87.092,86.352,86.066,86.203,86.683,87.389,88.178,88.922,89.525,89.927
46320.0,129.789,126.651,123.55,120.462,117.379,114.299,111.228,108.178,105.168,102.223,99.378,96.674,94.158,91.887,89.92,88.313,87.119,86.372,86.08,86.211,86.686,87.389,88.177,88.92,89.523,89.925
46380.0,129.748,126.625,123.538,120.463,117.39,114.32,111.257,108.214,105.209,102.268,99.424,96.72,94.203,91.93,89.958,88.346,87.146,86.392,86.094,86.219,86.69,87.389,88.175,88.918,89.521,89.923
46440.0,129.705,126.597,123.525,120.462,117.401,114.34,111.286,108.249,105.249,102.311,99.47,96.766,94.248,91.972,89.996,88.379,87.173,86.413,86.108,86.227,86.693,87.389,88.174,88.915,89.519,89.921
46500.0,129.661,126.569,123.511,120.461,117.411,114.36,111.313,108.283,105.288,102.355,99.515,96.812,94.293,92.014,90.034,88.412,87.2,86.433,86.122,86.235,86.697,87.389,88.172,88.913,89.517,89.919
46560.0,129.617,126.541,123.496,120.459,117.42,114.379,111.341,108.317,105.328,102.398,99.56,96.857,94.338,92.056,90.072,88.445,87.226,86.454,86.136,86.243,86.7,87.389,88.171,88.911,89.515,89.917
46620.0,129.571,126.511,123.481,120.456,117.429,114.397,111.367,108.351,105.367,102.44,99.605,96.903,94.382,92.098,90.11,88.478,87.253,86.474,86.15,86.251,86.703,87.39,88.169,88.909,89.513,89.915
46680.0,129.525,126.48,123.464,120.453,117.436,114.415,111.394,108.384,105.405,102.483,99.65,96.948,94.426,92.14,90.148,88.51,87.28,86.495,86.164,86.259,86.707,87.39,88.168,88.907,89.511,89.913
46740.0,129.477,126.449,123.447,120.448,117.444,114.432,111.419,108.417,105.443,102.524,99.694,96.993,94.47,92.181,90.186,88.543,87.307,86.515,86.178,86.268,86.71,87.39,88.166,88.905,89.509,89.911
46800.0,129.429,126.416,123.429,120.444,117.45,114.449,111.444,108.449,105.481,102.566,99.738,97.038,94.514,92.223,90.223,88.576,87.334,86.536,86.192,86.276,86.714,87.39,88.165,88.903,89.507,89.91
46860.0,129.38,126.383,123.411,120.438,117.456,114.465,111.469,108.481,105.518,102.607,99.782,97.082,94.558,92.264,90.261,88.609,87.361,86.556,86.206,86.284,86.718,87.391,88.163,88.901,89.505,89.908
46920.0,129.33,126.349,123.391,120.431,117.461,114.48,111.493,108.512,105.555,102.648,99.825,97.126,94.601,92.305,90.299,88.641,87.388,86.577,86.22,86.293,86.721,87.391,88.162,88.899,89.503,89.906
46980.0,129.278,126.314,123.371,120.424,117.466,114.495,111.516,108.542,105.591,102.689,99.868,97.17,94.644,92.346,90.336,88.674,87.415,86.597,86.235,86.301,86.725,87.391,88.16,88.897,89.501,89.904
47040.0,129.226,126.278,123.35,120.416,117.47,114.509,111.539,108.573,105.627,102.729,99.911,97.214,94.688,92.387,90.374,88.707,87.442,86.618,86.249,86.31,86.729,87.392,88.159,88.895,89.499,89.902
47100.0,129.173,126.241,123.328,120.408,117.473,114.522,111.562,108.603,105.663,102.769,99.953,97.258,94.731,92.428,90.411,88.739,87.468,86.639,86.263,86.318,86.732,87.392,88.157,88.893,89.497,89.9
47160.0,129.119,126.204,123.305,120.398,117.475,114.535,111.584,108.632,105.698,102.808,99.995,97.301,94.773,92.469,90.448,88.772,87.495,86.659,86.278,86.327,86.736,87.393,88.156,88.891,89.495,89.898
47220.0,129.064,126.165,123.282,120.388,117.477,114.548,111.605,108.661,105.733,102.848,100.037,97.344,94.816,92.51,90.485,88.804,87.522,86.68,86.292,86.335,86.74,87.393,88.155,88.889,89.493,89.896
47280.0,129.008,126.126,123.257,120.378,117.478,114.559,111.626,108.689,105.767,102.886,100.079,97.387,94.858,92.55,90.522,88.837,87.549,86.701,86.306,86.344,86.744,87.394,88.153,88.887,89.491,89.894
47340.0,128.952,126.085,123.232,120.366,117.479,114.57,111.646,108.717,105.801,102.925,100.12,97.429,94.901,92.59,90.559,88.869,87.576,86.721,86.321,86.352,86.748,87.394,88.152,88.885,89.489,89.892
47400.0,128.894,126.044,123.206,120.354,117.479,114.581,111.666,108.744,105.835,102.963,100.161,97.472,94.943,92.631,90.596,88.901,87.603,86.742,86.335,86.361,86.752,87.395,88.151,88.883,89.488,89.89
47460.0,128.835,126.002,123.18,120.341,117.478,114.591,111.685,108.771,105.868,103.001,100.202,97.514,94.985,92.671,90.633,88.934,87.629,86.763,86.35,86.37,86.756,87.395,88.149,88.881,89.486,89.888
47520.0,128.775,125.96,123.152,120.327,117.476,114.6,111.703,108.798,105.901,103.038,100.243,97.556,95.026,92.711,90.67,88.966,87.656,86.783,86.364,86.379,86.76,87.396,88.148,88.879,89.484,89.886
47580.0,128.715,125.916,123.124,120.312,117.474,114.609,111.721,108.823,105.933,103.075,100.283,97.597,95.068,92.75,90.706,88.998,87.683,86.804,86.379,86.388,86.764,87.397,88.147,88.877,89.482,89.884
47640.0,128.653,125.871,123.095,120.297,117.471,114.617,111.739,108.849,105.965,103.112,100.323,97.639,95.109,92.79,90.743,89.03,87.71,86.825,86.394,86.396,86.768,87.397,88.146,88.875,89.48,89.882
47700.0,128.591,125.826,123.065,120.281,117.468,114.624,111.756,108.874,105.996,103.148,100.362,97.68,95.15,92.83,90.779,89.063,87.737,86.846,86.408,86.405,86.772,87.398,88.144,88.873,89.478,89.88
47760.0,128.527,125.779,123.034,120.264,117.463,114.631,111.772,108.898,106.027,103.184,100.402,97.721,95.191,92.869,90.816,89.095,87.763,86.866,86.423,86.414,86.776,87.399,88.143,88.871,89.476,89.878
47820.0,128.463,125.732,123.002,120.247,117.459,114.637,111.788,108.922,106.058,103.22,100.44,97.762,95.232,92.908,90.852,89.127,87.79,86.887,86.438,86.423,86.78,87.4,88.142,88.87,89.474,89.876
47880.0,128.398,125.684,122.97,120.229,117.453,114.643,111.803,108.946,106.088,103.255,100.479,97.802,95.273,92.948,90.888,89.159,87.817,86.908,86.452,86.432,86.785,87.4,88.141,88.868,89.472,89.874
47940.0,128.331,125.635,122.937,120.21,117.447,114.648,111.818,108.969,106.118,103.29,100.518,97.842,95.313,92.987,90.925,89.191,87.844,86.929,86.467,86.441,86.789,87.401,88.14,88.866,89.47,89.872
48000.0,128.264,125.585,122.903,120.19,117.44,114.652,111.832,108.992,106.147,103.324,100.556,97.882,95.353,93.025,90.961,89.223,87.87,86.95,86.482,86.45,86.793,87.402,88.138,88.864,89.468,89.87
48060.0,128.196,125.534,122.868,120.169,117.432,114.656,111.846,109.014,106.176,103.358,100.593,97.922,95.393,93.064,90.997,89.254,87.897,86.971,86.497,86.46,86.798,87.403,88.137,88.862,89.466,89.868
48120.0,128.127,125.483,122.832,120.148,117.424,114.659,111.859,109.035,106.205,103.392,100.631,97.961,95.433,93.103,91.032,89.286,87.924,86.991,86.511,86.469,86.802,87.404,88.136,88.86,89.464,89.866
48180.0,128.056,125.43,122.796,120.126,117.415,114.662,111.872,109.056,106.233,103.426,100.668,98.001,95.473,93.141,91.068,89.318,87.95,87.012,86.526,86.478,86.806,87.405,88.135,88.858,89.462,89.864
48240.0,127.985,125.377,122.758,120.103,117.405,114.664,111.884,109.077,106.26,103.459,100.705,98.04,95.512,93.18,91.104,89.35,87.977,87.033,86.541,86.487,86.811,87.406,88.134,88.856,89.46,89.862
48300.0,127.913,125.322,122.72,120.08,117.395,114.665,111.895,109.097,106.287,103.491,100.741,98.078,95.552,93.218,91.139,89.381,88.004,87.054,86.556,86.496,86.815,87.407,88.133,88.854,89.458,89.86
48360.0,127.84,125.267,122.681,120.056,117.384,114.666,111.906,109.117,106.314,103.524,100.778,98.117,95.591,93.256,91.175,89.413,88.03,87.075,86.571,86.506,86.82,87.408,88.132,88.853,89.456,89.858
48420.0,127.766,125.211,122.642,120.031,117.372,114.666,111.917,109.136,106.341,103.556,100.814,98.155,95.63,93.294,91.21,89.444,88.057,87.096,86.586,86.515,86.824,87.409,88.131,88.851,89.454,89.856
48480.0,127.691,125.154,122.601,120.005,117.36,114.665,111.926,109.154,106.367,103.587,100.849,98.193,95.668,93.331,91.246,89.476,88.083,87.117,86.601,86.524,86.829,87.41,88.13,88.849,89.452,89.854
48540.0,127.616,125.096,122.56,119.979,117.347,114.664,111.936,109.173,106.392,103.619,100.885,98.231,95.707,93.369,91.281,89.507,88.11,87.138,86.616,86.534,86.833,87.411,88.129,88.847,89.45,89.852
48600.0,127.539,125.038,122.517,119.951,117.333,114.662,111.944,109.19,106.417,103.649,100.92,98.268,95.745,93.407,91.316,89.539,88.136,87.159,86.631,86.543,86.838,87.412,88.128,88.845,89.448,89.85
48660.0,127.461,124.978,122.474,119.923,117.319,114.66,111.953,109.207,106.442,103.68,100.954,98.306,95.783,93.444,91.351,89.57,88.163,87.18,86.646,86.553,86.843,87.413,88.127,88.843,89.446,89.848
48720.0,127.382,124.917,122.431,119.895,117.303,114.657,111.96,109.224,106.466,103.71,100.989,98.343,95.821,93.481,91.386,89.601,88.189,87.201,86.661,86.562,86.848,87.414,88.126,88.842,89.444,89.846
48780.0,127.303,124.856,122.386,119.865,117.288,114.653,111.967,109.24,106.49,103.74,101.023,98.38,95.859,93.518,91.421,89.632,88.216,87.222,86.676,86.572,86.852,87.415,88.125,88.84,89.442,89.844
48840.0,127.222,124.794,122.34,119.835,117.271,114.649,111.974,109.256,106.513,103.769,101.057,98.416,95.896,93.555,91.455,89.664,88.242,87.242,86.692,86.581,86.857,87.417,88.124,88.838,89.44,89.842
48900.0,127.14,124.731,122.294,119.804,117.254,114.644,111.98,109.271,106.536,103.798,101.09,98.452,95.934,93.592,91.49,89.695,88.269,87.263,86.707,86.591,86.862,87.418,88.123,88.836,89.438,89.84
48960.0,127.058,124.666,122.247,119.772,117.236,114.639,111.985,109.286,106.559,103.827,101.123,98.488,95.971,93.628,91.525,89.726,88.295,87.284,86.722,86.601,86.867,87.419,88.122,88.834,89.436,89.838
49020.0,126.974,124.601,122.199,119.74,117.217,114.632,111.99,109.3,106.581,103.855,101.156,98.524,96.008,93.665,91.559,89.757,88.321,87.305,86.737,86.61,86.872,87.421,88.122,88.833,89.434,89.836
49080.0,126.889,124.536,122.15,119.707,117.198,114.626,111.994,109.314,106.602,103.883,101.189,98.56,96.045,93.701,91.593,89.788,88.348,87.326,86.752,86.62,86.877,87.422,88.121,88.831,89.433,89.834
49140.0,126.804,124.469,122.101,119.673,117.178,114.618,111.998,109.327,106.623,103.911,101.221,98.595,96.081,93.737,91.628,89.818,88.374,87.347,86.768,86.63,86.881,87.423,88.12,88.829,89.431,89.832
49200.0,126.717,124.401,122.05,119.638,117.158,114.61,112.001,109.34,106.644,103.938,101.253,98.63,96.117,93.773,91.662,89.849,88.4,87.368,86.783,86.639,86.886,87.425,88.119,88.827,89.429,89.83
49260.0,126.63,124.333,121.999,119.602,117.136,114.602,112.003,109.352,106.665,103.965,101.285,98.665,96.154,93.809,91.696,89.88,88.427,87.389,86.798,86.649,86.891,87.426,88.118,88.826,89.427,89.828
49320.0,126.541,124.263,121.947,119.566,117.114,114.592,112.005,109.364,106.684,103.991,101.316,98.699,96.19,93.845,91.73,89.911,88.453,87.41,86.814,86.659,86.897,87.428,88.118,88.824,89.425,89.826
49380.0,126.452,124.193,121.894,119.529,117.091,114.582,112.007,109.375,106.704,104.017,101.347,98.733,96.225,93.881,91.764,89.941,88.479,87.431,86.829,86.669,86.902,87.429,88.117,88.822,89.423,89.824
49440.0,126.362,124.121,121.84,119.491,117.068,114.572,112.008,109.386,106.723,104.043,101.378,98.767,96.261,93.916,91.797,89.972,88.505,87.452,86.844,86.679,86.907,87.431,88.116,88.82,89.421,89.822
49500.0,126.27,124.049,121.786,119.452,117.044,114.561,112.008,109.396,106.742,104.068,101.408,98.801,96.296,93.951,91.831,90.002,88.532,87.473,86.86,86.689,86.912,87.432,88.115,88.819,89.419,89.82
49560.0,126.178,123.976,121.73,119.413,117.019,114.549,112.008,109.406,106.76,104.093,101.438,98.834,96.331,93.987,91.864,90.033,88.558,87.494,86.875,86.699,86.917,87.434,88.115,88.817,89.417,89.818
49620.0,126.084,123.902,121.674,119.373,116.994,114.536,112.007,109.415,106.777,104.118,101.468,98.868,96.366,94.021,91.898,90.063,88.584,87.515,86.891,86.709,86.922,87.435,88.114,88.815,89.415,89.816
49680.0,125.99,123.827,121.617,119.332,116.967,114.523,112.005,109.424,106.795,104.142,101.497,98.901,96.401,94.056,91.931,90.093,88.61,87.536,86.906,86.719,86.927,87.437,88.113,88.814,89.413,89.814
49740.0,125.895,123.751,121.559,119.29,116.94,114.51,112.003,109.432,106.811,104.166,101.526,98.933,96.436,94.091,91.964,90.124,88.636,87.557,86.921,86.729,86.933,87.438,88.113,88.812,89.411,89.812
49800.0,125.798,123.675,121.5,119.248,116.913,114.495,112.001,109.439,106.828,104.189,101.555,98.966,96.47,94.125,91.997,90.154,88.662,87.578,86.937,86.739,86.938,87.44,88.112,88.81,89.409,89.81
49860.0,125.701,123.597,121.441,119.205,116.884,114.48,111.998,109.447,106.844,104.212,101.584,98.998,96.504,94.16,92.03,90.184,88.688,87.599,86.952,86.749,86.943,87.442,88.112,88.809,89.407,89.808
49920.0,125.603,123.518,121.38,119.161,116.855,114.465,111.994,109.453,106.859,104.235,101.612,99.03,96.538,94.194,92.063,90.214,88.714,87.62,86.968,86.759,86.949,87.443,88.111,88.807,89.405,89.806
49980.0,125.504,123.439,121.319,119.116,116.826,114.449,111.99,109.46,106.874,104.257,101.64,99.061,96.572,94.228,92.096,90.244,88.74,87.641,86.984,86.769,86.954,87.445,88.11,88.805,89.403,89.804
50040.0,125.403,123.358,121.257,119.071,116.795,114.432,111.985,109.465,106.889,104.279,101.667,99.093,96.605,94.262,92.129,90.274,88.766,87.662,86.999,86.779,86.96,87.447,88.11,88.804,89.401,89.802
50100.0,125.302,123.277,121.194,119.024,116.764,114.414,111.979,109.47,106.903,104.301,101.694,99.124,96.638,94.296,92.161,90.304,88.792,87.683,87.015,86.79,86.965,87.449,88.109,88.802,89.4,89.8
50160.0,125.2,123.195,121.13,118.977,116.732,114.396,111.973,109.475,106.917,104.322,101.721,99.155,96.671,94.329,92.194,90.334,88.818,87.704,87.03,86.8,86.971,87.451,88.109,88.8,89.398,89.798
50220.0,125.096,123.112,121.065,118.929,116.7,114.377,111.967,109.479,106.93,104.342,101.748,99.185,96.704,94.363,92.226,90.363,88.843,87.725,87.046,86.81,86.976,87.452,88.108,88.799,89.396,89.796
50280.0,124.992,123.028,121.0,118.881,116.666,114.358,111.96,109.483,106.943,104.363,101.774,99.215,96.737,94.396,92.258,90.393,88.869,87.746,87.061,86.82,86.982,87.454,88.108,88.797,89.394,89.794
50340.0,124.887,122.943,120.933,118.831,116.632,114.338,111.952,109.486,106.955,104.383,101.8,99.245,96.769,94.429,92.29,90.422,88.895,87.767,87.077,86.831,86.987,87.456,88.107,88.796,89.392,89.792
50400.0,124.781,122.857,120.866,118.781,116.598,114.317,111.944,109.489,106.967,104.402,101.825,99.275,96.802,94.462,92.322,90.452,88.921,87.788,87.093,86.841,86.993,87.458,88.107,88.794,89.39,89.79
50460.0,124.673,122.77,120.798,118.73,116.562,114.295,111.935,109.491,106.979,104.422,101.85,99.305,96.834,94.495,92.354,90.481,88.946,87.809,87.108,86.851,86.998,87.46,88.106,88.792,89.388,89.787
50520.0,124.565,122.682,120.729,118.678,116.526,114.273,111.925,109.492,106.99,104.44,101.875,99.334,96.865,94.527,92.386,90.511,88.972,87.83,87.124,86.862,87.004,87.462,88.106,88.791,89.386,89.785
50580.0,124.456,122.593,120.659,118.626,116.489,114.251,111.915,109.493,107.0,104.459,101.9,99.363,96.897,94.56,92.417,90.54,88.997,87.85,87.14,86.872,87.01,87.464,88.106,88.789,89.384,89.783
50640.0,124.346,122.504,120.589,118.573,116.452,114.227,111.905,109.494,107.01,104.477,101.924,99.392,96.928,94.592,92.449,90.569,89.023,87.871,87.155,86.883,87.016,87.466,88.105,88.788,89.382,89.781
50700.0,124.234,122.413,120.517,118.519,116.413,114.203,111.894,109.494,107.02,104.494,101.948,99.42,96.959,94.624,92.48,90.598,89.049,87.892,87.171,86.893,87.021,87.468,88.105,88.786,89.38,89.779
50760.0,124.122,122.322,120.445,118.464,116.374,114.179,111.882,109.493,107.029,104.512,101.972,99.448,96.99,94.656,92.512,90.627,89.074,87.913,87.187,86.904,87.027,87.47,88.105,88.785,89.378,89.777
50820.0,124.009,122.229,120.372,118.408,116.335,114.153,111.869,109.492,107.038,104.528,101.995,99.476,97.021,94.688,92.543,90.656,89.099,87.934,87.203,86.914,87.033,87.472,88.104,88.783,89.377,89.775
50880.0,123.894,122.136,120.297,118.351,116.294,114.128,111.856,109.491,107.046,104.545,102.018,99.504,97.052,94.72,92.574,90.685,89.125,87.955,87.218,86.925,87.039,87.474,88.104,88.782,89.375,89.773
50940.0,123.779,122.042,120.222,118.294,116.253,114.101,111.843,109.489,107.054,104.561,102.04,99.531,97.082,94.751,92.605,90.714,89.15,87.976,87.234,86.935,87.045,87.477,88.104,88.78,89.373,89.771
51000.0,123.662,121.946,120.147,118.236,116.211,114.074,111.829,109.486,107.061,104.577,102.062,99.558,97.112,94.782,92.636,90.743,89.176,87.997,87.25,86.946,87.05,87.479,88.103,88.779,89.371,89.769
51060.0,123.545,121.85,120.07,118.177,116.169,114.046,111.814,109.483,107.068,104.592,102.084,99.585,97.142,94.814,92.666,90.772,89.201,88.018,87.266,86.957,87.056,87.481,88.103,88.777,89.369,89.767
51120.0,123.427,121.753,119.992,118.118,116.125,114.017,111.799,109.479,107.075,104.607,102.106,99.611,97.171,94.845,92.697,90.8,89.226,88.038,87.281,86.967,87.062,87.483,88.103,88.776,89.367,89.765
51180.0,123.307,121.655,119.914,118.057,116.081,113.988,111.783,109.475,107.081,104.621,102.127,99.637,97.201,94.875,92.727,90.829,89.251,88.059,87.297,86.978,87.068,87.485,88.103,88.774,89.365,89.763
51240.0,123.187,121.556,119.835,117.996,116.036,113.958,111.766,109.47,107.086,104.635,102.148,99.663,97.23,94.906,92.758,90.857,89.276,88.08,87.313,86.989,87.074,87.488,88.103,88.773,89.363,89.761
51300.0,123.065,121.456,119.754,117.934,115.991,113.928,111.749,109.465,107.091,104.649,102.169,99.689,97.259,94.936,92.788,90.885,89.302,88.101,87.329,86.999,87.08,87.49,88.102,88.771,89.361,89.759
51360.0,122.942,121.355,119.673,117.871,115.945,113.896,111.731,109.46,107.096,104.662,102.189,99.714,97.288,94.967,92.818,90.914,89.327,88.122,87.345,87.01,87.086,87.492,88.102,88.77,89.36,89.757
51420.0,122.819,121.253,119.591,117.807,115.898,113.864,111.713,109.453,107.1,104.675,102.209,99.74,97.316,94.997,92.848,90.942,89.352,88.142,87.361,87.021,87.093,87.495,88.102,88.768,89.358,89.755
51480.0,122.694,121.15,119.508,117.743,115.85,113.832,111.694,109.446,107.104,104.688,102.228,99.764,97.344,95.027,92.878,90.97,89.377,88.163,87.376,87.032,87.099,87.497,88.102,88.767,89.356,89.753
51540.0,122.568,121.046,119.425,117.677,115.801,113.799,111.675,109.439,107.107,104.7,102.247,99.789,97.373,95.056,92.908,90.998,89.402,88.184,87.392,87.042,87.105,87.5,88.102,88.766,89.354,89.751
51600.0,122.442,120.941,119.34,117.611,115.752,113.765,111.655,109.431,107.11,104.711,102.266,99.813,97.4,95.086,92.937,91.026,89.427,88.205,87.408,87.053,87.111,87.502,88.102,88.764,89.352,89.749
51660.0,122.314,120.835,119.255,117.544,115.702,113.73,111.634,109.423,107.112,104.723,102.285,99.837,97.428,95.116,92.967,91.054,89.451,88.225,87.424,87.064,87.117,87.504,88.102,88.763,89.35,89.747
51720.0,122.185,120.729,119.168,117.477,115.651,113.695,111.613,109.414,107.114,104.733,102.303,99.861,97.455,95.145,92.996,91.082,89.476,88.246,87.44,87.075,87.123,87.507,88.102,88.761,89.348,89.745
51780.0,122.055,120.621,119.081,117.408,115.6,113.659,111.591,109.404,107.115,104.744,102.321,99.884,97.483,95.174,93.025,91.11,89.501,88.267,87.456,87.086,87.13,87.509,88.102,88.76,89.346,89.743
51840.0,121.924,120.512,118.993,117.339,115.548,113.623,111.568,109.394,107.116,104.754,102.338,99.907,97.509,95.203,93.054,91.137,89.526,88.287,87.472,87.097,87.136,87.512,88.101,88.759,89.345,89.741
51900.0,121.792,120.403,118.904,117.269,115.495,113.585,111.545,109.384,107.116,104.764,102.355,99.93,97.536,95.231,93.083,91.165,89.55,88.308,87.488,87.108,87.142,87.514,88.101,88.757,89.343,89.739
51960.0,121.659,120.292,118.814,117.198,115.441,113.547,111.521,109.373,107.116,104.773,102.372,99.953,97.563,95.26,93.112,91.192,89.575,88.329,87.504,87.119,87.149,87.517,88.101,88.756,89.341,89.737
52020.0,121.525,120.18,118.723,117.126,115.387,113.509,111.497,109.361,107.116,104.782,102.389,99.975,97.589,95.288,93.141,91.22,89.6,88.349,87.519,87.13,87.155,87.52,88.102,88.755,89.339,89.735
52080.0,121.389,120.068,118.631,117.053,115.332,113.47,111.472,109.349,107.115,104.79,102.405,99.997,97.615,95.317,93.169,91.247,89.624,88.37,87.535,87.141,87.161,87.522,88.102,88.753,89.337,89.733
52140.0,121.253,119.954,118.538,116.979,115.276,113.43,111.447,109.336,107.113,104.798,102.42,100.019,97.641,95.345,93.198,91.274,89.649,88.391,87.551,87.152,87.168,87.525,88.102,88.752,89.335,89.731
52200.0,121.116,119.839,118.445,116.905,115.219,113.389,111.421,109.323,107.111,104.806,102.436,100.04,97.666,95.372,93.226,91.301,89.673,88.411,87.567,87.163,87.174,87.528,88.102,88.751,89.333,89.729
52260.0,120.977,119.724,118.35,116.83,115.162,113.348,111.394,109.309,107.109,104.813,102.451,100.061,97.691,95.4,93.254,91.328,89.698,88.432,87.583,87.174,87.181,87.53,88.102,88.749,89.332,89.727
52320.0,120.838,119.607,118.255,116.754,115.103,113.306,111.366,109.295,107.106,104.82,102.466,100.082,97.717,95.428,93.282,91.355,89.722,88.452,87.599,87.185,87.187,87.533,88.102,88.748,89.33,89.725
52380.0,120.697,119.49,118.158,116.677,115.044,113.263,111.338,109.28,107.102,104.826,102.48,100.102,97.741,95.455,93.31,91.382,89.746,88.473,87.615,87.196,87.194,87.536,88.102,88.747,89.328,89.723
52440.0,120.555,119.371,118.061,116.6,114.985,113.219,111.31,109.265,107.098,104.832,102.494,100.123,97.766,95.482,93.338,91.409,89.77,88.493,87.631,87.207,87.2,87.539,88.102,88.745,89.326,89.721
52500.0,120.412,119.251,117.963,116.521,114.924,113.175,111.281,109.249,107.094,104.837,102.508,100.143,97.79,95.509,93.366,91.436,89.795,88.514,87.647,87.218,87.207,87.541,88.102,88.744,89.324,89.719
52560.0,120.269,119.131,117.864,116.442,114.863,113.131,111.251,109.232,107.089,104.842,102.521,100.162,97.815,95.536,93.393,91.462,89.819,88.534,87.663,87.229,87.213,87.544,88.103,88.743,89.322,89.717
52620.0,120.124,119.009,117.764,116.361,114.801,113.085,111.22,109.215,107.084,104.847,102.534,100.182,97.838,95.562,93.421,91.489,89.843,88.555,87.679,87.24,87.22,87.547,88.103,88.742,89.321,89.715
52680.0,119.977,118.887,117.663,116.28,114.738,113.039,111.189,109.197,107.078,104.851,102.546,100.201,97.862,95.589,93.448,91.515,89.867,88.575,87.695,87.251,87.227,87.55,88.103,88.74,89.319,89.713
52740.0,119.83,118.763,117.561,116.198,114.674,112.992,111.157,109.179,107.071,104.855,102.559,100.219,97.885,95.615,93.475,91.541,89.891,88.595,87.711,87.263,87.233,87.553,88.103,88.739,89.317,89.711
52800.0,119.682,118.638,117.458,116.116,114.61,112.945,111.125,109.16,107.065,104.859,102.57,100.238,97.909,95.641,93.502,91.568,89.915,88.616,87.727,87.274,87.24,87.556,88.103,88.738,89.315,89.709
52860.0,119.532,118.513,117.355,116.032,114.545,112.896,111.092,109.141,107.057,104.862,102.582,100.256,97.932,95.667,93.529,91.594,89.939,88.636,87.743,87.285,87.247,87.559,88.104,88.737,89.313,89.707
52920.0,119.382,118.386,117.25,115.948,114.479,112.847,111.058,109.121,107.049,104.864,102.593,100.274,97.954,95.692,93.556,91.62,89.962,88.656,87.759,87.296,87.253,87.561,88.104,88.736,89.312,89.705
52980.0,119.23,118.258,117.144,115.862,114.412,112.798,111.024,109.101,107.041,104.866,102.604,100.291,97.977,95.718,93.582,91.646,89.986,88.677,87.775,87.308,87.26,87.564,88.104,88.734,89.31,89.703
53040.0,119.077,118.129,117.038,115.776,114.345,112.747,110.989,109.08,107.032,104.868,102.614,100.309,97.999,95.743,93.609,91.672,90.01,88.697,87.791,87.319,87.267,87.567,88.105,88.733,89.308,89.701
53100.0,118.923,118.0,116.93,115.689,114.277,112.696,110.954,109.058,107.023,104.869,102.624,100.326,98.021,95.768,93.635,91.697,90.034,88.717,87.807,87.33,87.274,87.57,88.105,88.732,89.306,89.698
53160.0,118.768,117.869,116.822,115.601,114.207,112.644,110.917,109.036,107.013,104.87,102.634,100.342,98.043,95.793,93.661,91.723,90.057,88.738,87.823,87.341,87.28,87.574,88.105,88.731,89.304,89.696
53220.0,118.612,117.737,116.712,115.512,114.138,112.592,110.881,109.013,107.003,104.87,102.643,100.359,98.064,95.818,93.687,91.749,90.081,88.758,87.839,87.353,87.287,87.577,88.106,88.73,89.303,89.694
53280.0,118.455,117.604,116.602,115.423,114.067,112.539,110.843,108.99,106.992,104.87,102.652,100.375,98.085,95.842,93.713,91.774,90.104,88.778,87.854,87.364,87.294,87.58,88.106,88.729,89.301,89.693
53340.0,118.296,117.47,116.49,115.332,113.996,112.485,110.805,108.966,106.981,104.87,102.661,100.391,98.106,95.866,93.739,91.8,90.128,88.798,87.87,87.375,87.301,87.583,88.107,88.728,89.299,89.691
53400.0,118.137,117.335,116.378,115.241,113.923,112.43,110.766,108.942,106.969,104.869,102.669,100.406,98.127,95.891,93.764,91.825,90.151,88.818,87.886,87.387,87.308,87.586,88.107,88.726,89.297,89.689
53460.0,117.976,117.199,116.265,115.148,113.85,112.375,110.727,108.917,106.957,104.868,102.677,100.421,98.148,95.915,93.79,91.85,90.174,88.838,87.902,87.398,87.315,87.589,88.107,88.725,89.295,89.687
53520.0,117.814,117.062,116.151,115.055,113.776,112.318,110.687,108.891,106.944,104.866,102.684,100.436,98.168,95.938,93.815,91.875,90.198,88.858,87.918,87.41,87.322,87.592,88.108,88.724,89.294,89.685
53580.0,117.651,116.923,116.035,114.961,113.702,112.262,110.646,108.865,106.931,104.864,102.691,100.45,98.188,95.962,93.84,91.9,90.221,88.878,87.934,87.421,87.329,87.595,88.108,88.723,89.292,89.683
53640.0,117.486,116.784,115.919,114.866,113.626,112.204,110.605,108.838,106.917,104.861,102.698,100.465,98.208,95.985,93.865,91.925,90.244,88.898,87.95,87.432,87.336,87.599,88.109,88.722,89.29,89.681
53700.0,117.321,116.644,115.802,114.77,113.55,112.146,110.563,108.811,106.903,104.858,102.705,100.479,98.227,96.008,93.89,91.95,90.267,88.918,87.966,87.444,87.343,87.602,88.109,88.721,89.288,89.679
53760.0,117.154,116.502,115.684,114.673,113.473,112.087,110.52,108.783,106.888,104.855,102.711,100.492,98.246,96.031,93.915,91.975,90.29,88.938,87.982,87.455,87.35,87.605,88.11,88.72,89.287,89.677
53820.0,116.986,116.36,115.564,114.576,113.395,112.027,110.477,108.755,106.873,104.851,102.716,100.505,98.265,96.054,93.94,91.999,90.313,88.958,87.998,87.467,87.357,87.608,88.11,88.719,89.285,89.675
53880.0,116.817,116.216,115.444,114.477,113.316,111.966,110.433,108.726,106.857,104.846,102.721,100.518,98.284,96.077,93.964,92.024,90.336,88.978,88.014,87.478,87.364,87.612,88.111,88.718,89.283,89.673
53940.0,116.647,116.071,115.323,114.378,113.237,111.905,110.388,108.696,106.84,104.842,102.726,100.531,98.303,96.099,93.988,92.048,90.359,88.998,88.03,87.49,87.371,87.615,88.112,88.717,89.281,89.671
54000.0,116.476,115.926,115.201,114.277,113.156,111.843,110.343,108.666,106.824,104.836,102.731,100.543,98.321,96.121,94.013,92.072,90.381,89.018,88.046,87.501,87.378,87.618,88.112,88.716,89.28,89.669
54060.0,116.303,115.779,115.078,114.176,113.075,111.78,110.297,108.635,106.806,104.831,102.735,100.555,98.339,96.143,94.037,92.096,90.404,89.038,88.062,87.513,87.385,87.622,88.113,88.715,89.278,89.667
54120.0,116.129,115.631,114.953,114.074,112.993,111.717,110.251,108.603,106.788,104.824,102.739,100.567,98.357,96.165,94.06,92.121,90.427,89.058,88.078,87.524,87.393,87.625,88.113,88.714,89.276,89.665
54180.0,115.954,115.481,114.828,113.97,112.91,111.652,110.203,108.571,106.77,104.818,102.742,100.578,98.374,96.186,94.084,92.145,90.449,89.077,88.094,87.536,87.4,87.629,88.114,88.713,89.274,89.663
54240.0,115.778,115.331,114.702,113.866,112.826,111.587,110.155,108.539,106.751,104.811,102.745,100.589,98.391,96.208,94.108,92.168,90.472,89.097,88.109,87.547,87.407,87.632,88.115,88.712,89.273,89.661
54300.0,115.6,115.18,114.575,113.761,112.742,111.522,110.107,108.506,106.731,104.803,102.747,100.6,98.408,96.229,94.131,92.192,90.494,89.117,88.125,87.559,87.414,87.636,88.116,88.711,89.271,89.659
54360.0,115.422,115.027,114.446,113.655,112.656,111.455,110.057,108.472,106.711,104.795,102.75,100.611,98.425,96.25,94.154,92.216,90.517,89.136,88.141,87.57,87.421,87.639,88.116,88.71,89.269,89.657
54420.0,115.242,114.873,114.317,113.548,112.57,111.388,110.007,108.437,106.691,104.787,102.751,100.621,98.441,96.271,94.177,92.239,90.539,89.156,88.157,87.582,87.429,87.643,88.117,88.709,89.268,89.655
54480.0,115.06,114.719,114.187,113.441,112.483,111.32,109.957,108.402,106.67,104.778,102.753,100.631,98.457,96.291,94.2,92.263,90.561,89.176,88.173,87.594,87.436,87.646,88.118,88.708,89.266,89.653
54540.0,114.878,114.563,114.055,113.332,112.395,111.251,109.905,108.367,106.648,104.768,102.754,100.64,98.473,96.311,94.223,92.286,90.583,89.195,88.189,87.605,87.443,87.65,88.118,88.707,89.264,89.651
54600.0,114.694,114.406,113.923,113.222,112.306,111.181,109.853,108.331,106.626,104.759,102.754,100.649,98.489,96.332,94.246,92.309,90.606,89.215,88.205,87.617,87.45,87.653,88.119,88.706,89.263,89.649
54660.0,114.509,114.247,113.789,113.111,112.217,111.111,109.8,108.294,106.603,104.748,102.755,100.658,98.504,96.352,94.268,92.333,90.628,89.234,88.221,87.628,87.458,87.657,88.12,88.705,89.261,89.647
54720.0,114.323,114.088,113.655,113.0,112.126,111.04,109.747,108.256,106.58,104.738,102.755,100.666,98.519,96.371,94.291,92.356,90.65,89.254,88.236,87.64,87.465,87.66,88.121,88.704,89.259,89.645
54780.0,114.135,113.927,113.519,112.887,112.035,110.968,109.693,108.218,106.557,104.726,102.754,100.675,98.534,96.391,94.313,92.379,90.671,89.273,88.252,87.652,87.473,87.664,88.122,88.703,89.257,89.643
54840.0,113.946,113.766,113.382,112.773,111.942,110.895,109.638,108.18,106.532,104.715,102.753,100.682,98.549,96.41,94.335,92.401,90.693,89.292,88.268,87.663,87.48,87.668,88.122,88.703,89.256,89.641
54900.0,113.756,113.603,113.244,112.659,111.849,110.822,109.582,108.14,106.508,104.703,102.752,100.69,98.563,96.429,94.357,92.424,90.715,89.312,88.284,87.675,87.487,87.671,88.123,88.702,89.254,89.639
54960.0,113.564,113.438,113.106,112.543,111.755,110.747,109.526,108.1,106.482,104.69,102.75,100.697,98.577,96.448,94.378,92.447,90.737,89.331,88.3,87.687,87.495,87.675,88.124,88.701,89.252,89.637
55020.0,113.372,113.273,112.966,112.427,111.66,110.672,109.469,108.06,106.456,104.677,102.748,100.704,98.591,96.467,94.4,92.469,90.758,89.35,88.315,87.698,87.502,87.679,88.125,88.7,89.251,89.635
55080.0,113.178,113.107,112.825,112.309,111.564,110.596,109.412,108.019,106.43,104.663,102.745,100.71,98.605,96.485,94.421,92.491,90.78,89.37,88.331,87.71,87.51,87.682,88.126,88.699,89.249,89.634
55140.0,112.982,112.939,112.682,112.191,111.468,110.52,109.353,107.977,106.403,104.649,102.742,100.717,98.618,96.503,94.443,92.514,90.801,89.389,88.347,87.722,87.517,87.686,88.127,88.698,89.248,89.632
55200.0,112.785,112.77,112.539,112.071,111.37,110.442,109.294,107.934,106.375,104.635,102.739,100.722,98.631,96.521,94.464,92.536,90.823,89.408,88.363,87.733,87.525,87.69,88.128,88.698,89.246,89.63
55260.0,112.587,112.6,112.395,111.95,111.271,110.364,109.234,107.891,106.347,104.62,102.735,100.728,98.643,96.539,94.485,92.558,90.844,89.427,88.378,87.745,87.532,87.694,88.129,88.697,89.244,89.628
55320.0,112.388,112.428,112.249,111.829,111.172,110.285,109.174,107.848,106.319,104.605,102.731,100.733,98.656,96.557,94.505,92.58,90.865,89.446,88.394,87.757,87.54,87.697,88.13,88.696,89.243,89.626
55380.0,112.187,112.255,112.103,111.706,111.071,110.205,109.112,107.803,106.289,104.589,102.727,100.738,98.668,96.574,94.526,92.602,90.887,89.465,88.41,87.768,87.547,87.701,88.131,88.695,89.241,89.624
55440.0,111.985,112.082,111.955,111.583,110.97,110.124,109.05,107.758,106.26,104.572,102.722,100.742,98.68,96.591,94.546,92.623,90.908,89.484,88.426,87.78,87.555,87.705,88.132,88.694,89.239,89.622
55500.0,111.781,111.906,111.806,111.458,110.868,110.042,108.988,107.713,106.229,104.555,102.716,100.746,98.691,96.608,94.566,92.645,90.929,89.503,88.441,87.792,87.562,87.709,88.133,88.694,89.238,89.62
55560.0,111.576,111.73,111.656,111.332,110.765,109.96,108.924,107.666,106.198,104.538,102.71,100.75,98.703,96.625,94.587,92.666,90.95,89.522,88.457,87.803,87.57,87.713,88.134,88.693,89.236,89.618
55620.0,111.37,111.552,111.505,111.206,110.661,109.876,108.86,107.619,106.167,104.52,102.704,100.754,98.714,96.642,94.607,92.688,90.971,89.541,88.473,87.815,87.578,87.717,88.135,88.692,89.234,89.616
55680.0,111.162,111.373,111.352,111.078,110.556,109.792,108.795,107.572,106.135,104.502,102.698,100.757,98.725,96.658,94.626,92.709,90.991,89.56,88.488,87.827,87.585,87.721,88.136,88.691,89.233,89.614
55740.0,110.953,111.193,111.199,110.949,110.45,109.707,108.729,107.524,106.102,104.483,102.691,100.76,98.735,96.674,94.646,92.73,91.012,89.579,88.504,87.839,87.593,87.725,88.137,88.691,89.231,89.612
55800.0,110.742,111.011,111.044,110.819,110.343,109.622,108.663,107.475,106.069,104.464,102.683,100.762,98.745,96.69,94.665,92.751,91.033,89.597,88.52,87.85,87.6,87.729,88.138,88.69,89.23,89.611
55860.0,110.53,110.828,110.888,110.688,110.235,109.535,108.596,107.425,106.035,104.444,102.675,100.764,98.755,96.706,94.685,92.772,91.053,89.616,88.535,87.862,87.608,87.733,88.139,88.689,89.228,89.609
55920.0,110.316,110.644,110.731,110.556,110.126,109.447,108.528,107.375,106.001,104.423,102.667,100.766,98.765,96.721,94.704,92.792,91.074,89.635,88.551,87.874,87.616,87.737,88.14,88.689,89.226,89.607
55980.0,110.101,110.459,110.573,110.423,110.016,109.359,108.459,107.324,105.966,104.403,102.658,100.767,98.774,96.736,94.723,92.813,91.094,89.653,88.566,87.886,87.624,87.741,88.141,88.688,89.225,89.605
56040.0,109.885,110.272,110.413,110.289,109.905,109.27,108.389,107.272,105.931,104.381,102.649,100.768,98.783,96.751,94.741,92.834,91.115,89.672,88.582,87.897,87.631,87.745,88.143,88.687,89.223,89.603
56100.0,109.667,110.084,110.253,110.154,109.794,109.18,108.319,107.22,105.894,104.359,102.64,100.769,98.792,96.766,94.76,92.854,91.135,89.691,88.597,87.909,87.639,87.749,88.144,88.687,89.222,89.601
56160.0,109.447,109.894,110.091,110.017,109.681,109.089,108.248,107.167,105.858,104.337,102.63,100.769,98.8,96.78,94.778,92.874,91.155,89.709,88.613,87.921,87.647,87.753,88.145,88.686,89.22,89.599
56220.0,109.226,109.703,109.927,109.88,109.567,108.997,108.176,107.114,105.821,104.314,102.619,100.769,98.809,96.795,94.797,92.894,91.175,89.727,88.628,87.933,87.654,87.757,88.146,88.685,89.219,89.597
56280.0,109.004,109.511,109.763,109.741,109.452,108.904,108.104,107.059,105.783,104.291,102.608,100.769,98.816,96.809,94.815,92.914,91.195,89.746,88.644,87.944,87.662,87.761,88.147,88.685,89.217,89.596
56340.0,108.78,109.317,109.597,109.602,109.337,108.81,108.03,107.004,105.744,104.267,102.597,100.768,98.824,96.823,94.832,92.934,91.215,89.764,88.659,87.956,87.67,87.765,88.149,88.684,89.215,89.594
56400.0,108.554,109.122,109.43,109.461,109.22,108.716,107.956,106.949,105.705,104.243,102.585,100.767,98.831,96.836,94.85,92.954,91.235,89.783,88.675,87.968,87.678,87.769,88.15,88.683,89.214,89.592
56460.0,108.327,108.925,109.262,109.319,109.102,108.62,107.881,106.892,105.665,104.218,102.573,100.765,98.838,96.849,94.868,92.974,91.255,89.801,88.69,87.98,87.686,87.773,88.151,88.683,89.212,89.59
56520.0,108.098,108.727,109.093,109.175,108.983,108.524,107.805,106.835,105.625,104.192,102.561,100.763,98.845,96.863,94.885,92.993,91.275,89.819,88.706,87.991,87.693,87.777,88.152,88.682,89.211,89.588
56580.0,107.868,108.528,108.922,109.031,108.863,108.427,107.729,106.777,105.584,104.166,102.548,100.761,98.852,96.875,94.902,93.012,91.294,89.837,88.721,88.003,87.701,87.782,88.154,88.682,89.209,89.586
56640.0,107.636,108.327,108.75,108.886,108.742,108.328,107.651,106.719,105.543,104.14,102.534,100.759,98.858,96.888,94.919,93.032,91.314,89.855,88.737,88.015,87.709,87.786,88.155,88.681,89.208,89.584
56700.0,107.403,108.125,108.576,108.739,108.62,108.229,107.573,106.66,105.501,104.113,102.52,100.756,98.864,96.901,94.936,93.051,91.333,89.873,88.752,88.027,87.717,87.79,88.156,88.681,89.206,89.583
56760.0,107.168,107.921,108.402,108.591,108.497,108.129,107.494,106.6,105.458,104.085,102.506,100.752,98.869,96.913,94.953,93.07,91.353,89.891,88.767,88.038,87.725,87.794,88.158,88.68,89.205,89.581
56820.0,106.931,107.716,108.226,108.442,108.373,108.028,107.414,106.539,105.415,104.057,102.491,100.749,98.874,96.925,94.969,93.089,91.372,89.909,88.783,88.05,87.733,87.799,88.159,88.679,89.203,89.579
56880.0,106.692,107.509,108.048,108.292,108.248,107.926,107.333,106.478,105.371,104.029,102.476,100.744,98.879,96.936,94.986,93.107,91.391,89.927,88.798,88.062,87.741,87.803,88.161,88.679,89.202,89.577
56940.0,106.452,107.301,107.869,108.14,108.122,107.823,107.252,106.415,105.326,104.0,102.46,100.74,98.884,96.948,95.002,93.126,91.41,89.945,88.813,88.074,87.749,87.807,88.162,88.678,89.2,89.575
57000.0,106.21,107.091,107.689,107.988,107.995,107.719,107.169,106.353,105.281,103.97,102.444,100.735,98.888,96.959,95.018,93.145,91.429,89.963,88.828,88.086,87.756,87.811,88.163,88.678,89.199,89.573
57060.0,105.967,106.88,107.508,107.834,107.866,107.614,107.086,106.289,105.235,103.94,102.427,100.73,98.892,96.97,95.033,93.163,91.448,89.981,88.844,88.097,87.764,87.816,88.165,88.677,89.197,89.572
57120.0,105.722,106.667,107.325,107.678,107.737,107.509,107.002,106.225,105.188,103.909,102.41,100.724,98.896,96.981,95.049,93.181,91.467,89.999,88.859,88.109,87.772,87.82,88.166,88.677,89.196,89.57
57180.0,105.475,106.452,107.14,107.522,107.606,107.402,106.917,106.16,105.141,103.878,102.393,100.718,98.899,96.991,95.064,93.199,91.486,90.016,88.874,88.121,87.78,87.824,88.168,88.676,89.194,89.568
57240.0,105.226,106.236,106.955,107.364,107.474,107.294,106.831,106.094,105.093,103.846,102.374,100.712,98.902,97.002,95.079,93.217,91.505,90.034,88.889,88.133,87.788,87.829,88.169,88.676,89.193,89.566
57300.0,104.975,106.018,106.767,107.205,107.341,107.185,106.744,106.027,105.045,103.813,102.356,100.705,98.905,97.012,95.094,93.235,91.523,90.052,88.904,88.144,87.796,87.833,88.171,88.676,89.191,89.564
57360.0,104.723,105.799,106.579,107.045,107.207,107.075,106.657,105.96,104.996,103.78,102.337,100.698,98.908,97.022,95.109,93.253,91.542,90.069,88.92,88.156,87.804,87.838,88.172,88.675,89.19,89.563
57420.0,104.471,105.579,106.389,106.883,107.072,106.964,106.568,105.892,104.946,103.747,102.318,100.691,98.91,97.031,95.124,93.27,91.56,90.087,88.935,88.168,87.812,87.842,88.174,88.675,89.188,89.561
57480.0,104.221,105.359,106.198,106.721,106.936,106.852,106.479,105.823,104.895,103.713,102.298,100.683,98.912,97.04,95.138,93.288,91.578,90.104,88.95,88.18,87.82,87.847,88.175,88.674,89.187,89.559
57540.0,103.974,105.14,106.007,106.557,106.798,106.739,106.388,105.753,104.844,103.678,102.277,100.675,98.913,97.049,95.153,93.305,91.597,90.121,88.965,88.191,87.828,87.851,88.177,88.674,89.186,89.557
57600.0,103.73,104.923,105.816,106.393,106.66,106.626,106.297,105.682,104.792,103.643,102.257,100.666,98.914,97.058,95.167,93.322,91.615,90.139,88.98,88.203,87.836,87.855,88.178,88.673,89.184,89.555
57660.0,103.488,104.706,105.626,106.228,106.521,106.511,106.205,105.611,104.74,103.607,102.235,100.657,98.915,97.067,95.181,93.339,91.633,90.156,88.995,88.215,87.844,87.86,88.18,88.673,89.183,89.554
57720.0,103.245,104.49,105.436,106.064,106.381,106.395,106.112,105.539,104.687,103.571,102.213,100.647,98.916,97.075,95.194,93.356,91.651,90.173,89.01,88.227,87.852,87.864,88.181,88.673,89.181,89.552
57780.0,103.003,104.274,105.245,105.899,106.241,106.279,106.019,105.466,104.633,103.534,102.191,100.637,98.916,97.083,95.208,93.373,91.669,90.19,89.025,88.238,87.861,87.869,88.183,88.672,89.18,89.55
57840.0,102.762,104.059,105.055,105.734,106.1,106.162,105.924,105.393,104.578,103.496,102.168,100.627,98.916,97.091,95.221,93.389,91.686,90.207,89.04,88.25,87.869,87.874,88.185,88.672,89.179,89.548
57900.0,102.524,103.845,104.865,105.568,105.959,106.045,105.829,105.319,104.523,103.458,102.145,100.616,98.916,97.098,95.234,93.406,91.704,90.224,89.055,88.262,87.877,87.878,88.186,88.672,89.177,89.547
57960.0,102.288,103.632,104.676,105.403,105.818,105.926,105.733,105.244,104.467,103.419,102.121,100.605,98.915,97.106,95.247,93.422,91.722,90.241,89.069,88.274,87.885,87.883,88.188,88.671,89.176,89.545
58020.0,102.053,103.42,104.488,105.238,105.676,105.808,105.636,105.168,104.411,103.38,102.097,100.594,98.914,97.113,95.26,93.438,91.739,90.258,89.084,88.285,87.893,87.887,88.19,88.671,89.174,89.543
58080.0,101.818,103.209,104.299,105.073,105.534,105.688,105.539,105.092,104.354,103.34,102.072,100.582,98.912,97.119,95.272,93.454,91.756,90.275,89.099,88.297,87.901,87.892,88.191,88.671,89.173,89.541
58140.0,101.583,102.998,104.111,104.908,105.392,105.569,105.442,105.015,104.296,103.299,102.047,100.57,98.911,97.126,95.285,93.47,91.774,90.292,89.114,88.309,87.909,87.896,88.193,88.67,89.172,89.54
58200.0,101.348,102.786,103.923,104.743,105.25,105.449,105.343,104.937,104.237,103.258,102.021,100.557,98.909,97.132,95.297,93.486,91.791,90.309,89.129,88.32,87.917,87.901,88.195,88.67,89.17,89.538
58260.0,101.113,102.575,103.735,104.578,105.107,105.328,105.244,104.859,104.178,103.217,101.995,100.544,98.906,97.138,95.309,93.501,91.808,90.325,89.143,88.332,87.925,87.906,88.197,88.67,89.169,89.536
58320.0,100.879,102.365,103.548,104.412,104.964,105.208,105.145,104.78,104.119,103.175,101.968,100.53,98.903,97.144,95.32,93.517,91.825,90.342,89.158,88.344,87.934,87.91,88.198,88.67,89.167,89.534
58380.0,100.647,102.155,103.36,104.247,104.821,105.087,105.045,104.701,104.059,103.132,101.941,100.516,98.9,97.149,95.332,93.532,91.842,90.359,89.173,88.356,87.942,87.915,88.2,88.669,89.166,89.533
58440.0,100.416,101.946,103.173,104.082,104.678,104.965,104.945,104.621,103.998,103.089,101.913,100.502,98.897,97.154,95.343,93.547,91.859,90.375,89.187,88.367,87.95,87.92,88.202,88.669,89.165,89.531
58500.0,100.187,101.737,102.986,103.917,104.535,104.843,104.844,104.54,103.937,103.045,101.885,100.487,98.893,97.159,95.354,93.562,91.875,90.392,89.202,88.379,87.958,87.924,88.204,88.669,89.163,89.529
58560.0,99.959,101.53,102.8,103.752,104.391,104.721,104.743,104.459,103.875,103.0,101.856,100.472,98.889,97.164,95.365,93.577,91.892,90.408,89.217,88.391,87.966,87.929,88.205,88.669,89.162,89.528
58620.0,99.734,101.325,102.615,103.588,104.248,104.599,104.642,104.378,103.812,102.956,101.827,100.456,98.885,97.168,95.376,93.592,91.909,90.424,89.231,88.402,87.974,87.934,88.207,88.668,89.161,89.526
58680.0,99.509,101.12,102.43,103.423,104.104,104.476,104.54,104.296,103.749,102.91,101.797,100.44,98.88,97.172,95.386,93.606,91.925,90.441,89.246,88.414,87.983,87.939,88.209,88.668,89.159,89.524
58740.0,99.285,100.916,102.246,103.259,103.961,104.354,104.438,104.214,103.686,102.864,101.767,100.424,98.875,97.176,95.397,93.621,91.941,90.457,89.26,88.425,87.991,87.943,88.211,88.668,89.158,89.523
58800.0,99.061,100.712,102.062,103.096,103.818,104.231,104.335,104.131,103.622,102.818,101.737,100.407,98.869,97.179,95.407,93.635,91.957,90.473,89.275,88.437,87.999,87.948,88.213,88.668,89.157,89.521
58860.0,98.836,100.508,101.878,102.932,103.674,104.108,104.232,104.048,103.558,102.771,101.706,100.389,98.863,97.183,95.417,93.649,91.973,90.489,89.289,88.449,88.007,87.953,88.215,88.668,89.155,89.519
58920.0,98.612,100.304,101.695,102.769,103.531,103.985,104.129,103.964,103.493,102.724,101.674,100.372,98.857,97.186,95.426,93.663,91.989,90.505,89.304,88.46,88.015,87.958,88.216,88.667,89.154,89.517
58980.0,98.386,100.1,101.511,102.606,103.388,103.861,104.025,103.88,103.427,102.676,101.642,100.354,98.851,97.188,95.436,93.677,92.005,90.521,89.318,88.472,88.024,87.962,88.218,88.667,89.153,89.516
59040.0,98.161,99.896,101.328,102.442,103.245,103.738,103.922,103.796,103.362,102.628,101.61,100.335,98.844,97.191,95.445,93.69,92.021,90.537,89.332,88.484,88.032,87.967,88.22,88.667,89.152,89.514
59100.0,97.937,99.692,101.145,102.279,103.101,103.614,103.818,103.711,103.295,102.579,101.577,100.316,98.837,97.193,95.454,93.704,92.037,90.553,89.347,88.495,88.04,87.972,88.222,88.667,89.15,89.512
59160.0,97.714,99.489,100.961,102.116,102.958,103.491,103.714,103.626,103.229,102.53,101.543,100.297,98.829,97.195,95.463,93.717,92.052,90.568,89.361,88.507,88.048,87.977,88.224,88.667,89.149,89.511
59220.0,97.493,99.287,100.779,101.953,102.814,103.367,103.609,103.54,103.162,102.48,101.51,100.277,98.821,97.196,95.472,93.73,92.068,90.584,89.375,88.518,88.057,87.982,88.226,88.667,89.148,89.509
59280.0,97.272,99.086,100.596,101.79,102.671,103.243,103.504,103.455,103.094,102.43,101.475,100.257,98.813,97.198,95.48,93.743,92.083,90.6,89.389,88.53,88.065,87.987,88.228,88.667,89.147,89.508
59340.0,97.052,98.885,100.414,101.627,102.527,103.118,103.399,103.368,103.026,102.379,101.441,100.236,98.805,97.199,95.488,93.756,92.098,90.615,89.404,88.541,88.073,87.991,88.23,88.667,89.145,89.506
59400.0,96.834,98.685,100.233,101.464,102.384,102.994,103.294,103.282,102.958,102.328,101.406,100.216,98.796,97.2,95.496,93.769,92.113,90.631,89.418,88.553,88.081,87.996,88.232,88.667,89.144,89.504
59460.0,96.616,98.486,100.052,101.302,102.24,102.87,103.189,103.195,102.89,102.277,101.37,100.194,98.786,97.2,95.504,93.781,92.128,90.646,89.432,88.565,88.09,88.001,88.234,88.666,89.143,89.503
59520.0,96.399,98.287,99.871,101.14,102.097,102.745,103.083,103.108,102.821,102.225,101.334,100.173,98.777,97.2,95.511,93.794,92.143,90.662,89.446,88.576,88.098,88.006,88.236,88.666,89.142,89.501
59580.0,96.181,98.088,99.691,100.978,101.954,102.621,102.977,103.021,102.751,102.173,101.298,100.15,98.767,97.2,95.519,93.806,92.158,90.677,89.46,88.588,88.106,88.011,88.238,88.666,89.14,89.499
59640.0,95.963,97.889,99.511,100.816,101.811,102.496,102.871,102.933,102.682,102.12,101.261,100.128,98.757,97.2,95.526,93.818,92.173,90.692,89.474,88.599,88.114,88.016,88.24,88.666,89.139,89.498
59700.0,95.744,97.69,99.331,100.655,101.667,102.371,102.765,102.845,102.612,102.067,101.224,100.105,98.746,97.199,95.532,93.83,92.187,90.707,89.488,88.611,88.123,88.021,88.242,88.666,89.138,89.496
59760.0,95.526,97.491,99.151,100.493,101.524,102.247,102.659,102.757,102.541,102.014,101.187,100.082,98.735,97.198,95.539,93.842,92.202,90.722,89.502,88.622,88.131,88.026,88.244,88.666,89.137,89.495
59820.0,95.307,97.292,98.971,100.331,101.381,102.122,102.552,102.669,102.471,101.96,101.149,100.058,98.724,97.197,95.546,93.853,92.216,90.737,89.516,88.633,88.139,88.031,88.246,88.666,89.136,89.493
59880.0,95.09,97.094,98.791,100.17,101.238,101.997,102.445,102.58,102.4,101.906,101.111,100.034,98.712,97.196,95.552,93.865,92.23,90.752,89.529,88.645,88.148,88.036,88.248,88.666,89.134,89.491
59940.0,94.873,96.895,98.611,100.008,101.095,101.872,102.339,102.491,102.328,101.852,101.072,100.01,98.7,97.194,95.558,93.876,92.245,90.767,89.543,88.656,88.156,88.041,88.251,88.666,89.133,89.49
60000.0,94.656,96.697,98.431,99.847,100.951,101.747,102.231,102.402,102.257,101.797,101.033,99.985,98.688,97.192,95.563,93.887,92.259,90.782,89.557,88.668,88.164,88.046,88.253,88.666,89.132,89.488
60060.0,94.439,96.499,98.251,99.685,100.808,101.621,102.124,102.313,102.185,101.742,100.994,99.96,98.676,97.189,95.569,93.898,92.272,90.797,89.571,88.679,88.172,88.051,88.255,88.666,89.131,89.487
60120.0,94.224,96.302,98.072,99.524,100.665,101.496,102.017,102.223,102.113,101.687,100.954,99.935,98.663,97.187,95.574,93.909,92.286,90.811,89.584,88.691,88.181,88.056,88.257,88.666,89.13,89.485
60180.0,94.012,96.106,97.893,99.363,100.521,101.371,101.909,102.133,102.04,101.631,100.914,99.909,98.649,97.184,95.579,93.919,92.3,90.826,89.598,88.702,88.189,88.061,88.259,88.666,89.128,89.484
60240.0,93.801,95.911,97.715,99.202,100.378,101.245,101.802,102.043,101.967,101.575,100.874,99.883,98.636,97.181,95.584,93.93,92.313,90.84,89.612,88.713,88.197,88.066,88.261,88.667,89.127,89.482
60300.0,93.59,95.717,97.537,99.041,100.235,101.12,101.694,101.953,101.894,101.518,100.833,99.857,98.622,97.177,95.589,93.94,92.327,90.855,89.625,88.725,88.206,88.071,88.264,88.667,89.126,89.48
60360.0,93.378,95.522,97.36,98.881,100.092,100.994,101.586,101.862,101.821,101.461,100.792,99.83,98.608,97.174,95.593,93.95,92.34,90.869,89.639,88.736,88.214,88.076,88.266,88.667,89.125,89.479
60420.0,93.167,95.328,97.183,98.721,99.949,100.868,101.478,101.772,101.747,101.404,100.75,99.803,98.593,97.17,95.597,93.96,92.353,90.883,89.652,88.747,88.222,88.081,88.268,88.667,89.124,89.477
60480.0,92.955,95.134,97.006,98.561,99.806,100.743,101.369,101.681,101.673,101.347,100.709,99.775,98.579,97.165,95.601,93.969,92.366,90.898,89.666,88.759,88.231,88.086,88.27,88.667,89.123,89.476
60540.0,92.743,94.94,96.829,98.401,99.663,100.617,101.261,101.59,101.599,101.289,100.666,99.748,98.563,97.161,95.605,93.979,92.379,90.912,89.679,88.77,88.239,88.092,88.272,88.667,89.122,89.474
60600.0,92.531,94.746,96.652,98.241,99.52,100.491,101.152,101.498,101.525,101.231,100.624,99.72,98.548,97.156,95.609,93.988,92.392,90.926,89.693,88.781,88.247,88.097,88.275,88.667,89.121,89.473
60660.0,92.318,94.551,96.475,98.081,99.377,100.366,101.044,101.407,101.45,101.173,100.581,99.691,98.532,97.151,95.612,93.998,92.405,90.94,89.706,88.792,88.256,88.102,88.277,88.667,89.119,89.471
60720.0,92.105,94.356,96.298,97.922,99.235,100.24,100.935,101.315,101.375,101.114,100.538,99.662,98.516,97.146,95.615,94.007,92.418,90.954,89.719,88.804,88.264,88.107,88.279,88.667,89.118,89.47
60780.0,91.891,94.161,96.121,97.762,99.092,100.114,100.826,101.223,101.3,101.055,100.495,99.633,98.5,97.14,95.618,94.016,92.43,90.967,89.732,88.815,88.272,88.112,88.282,88.668,89.117,89.468
60840.0,91.676,93.966,95.943,97.602,98.949,99.988,100.717,101.131,101.225,100.996,100.451,99.604,98.483,97.134,95.621,94.024,92.442,90.981,89.746,88.826,88.28,88.117,88.284,88.668,89.116,89.467
60900.0,91.464,93.771,95.766,97.441,98.806,99.862,100.608,101.039,101.149,100.937,100.407,99.574,98.466,97.128,95.623,94.033,92.455,90.995,89.759,88.837,88.289,88.122,88.286,88.668,89.115,89.465
60960.0,91.255,93.577,95.589,97.281,98.663,99.736,100.499,100.946,101.073,100.877,100.363,99.544,98.449,97.122,95.625,94.041,92.467,91.008,89.772,88.848,88.297,88.128,88.288,88.668,89.114,89.464
61020.0,91.046,93.384,95.412,97.121,98.52,99.61,100.389,100.854,100.997,100.817,100.318,99.514,98.431,97.115,95.627,94.049,92.479,91.022,89.785,88.86,88.305,88.133,88.291,88.668,89.113,89.462
61080.0,90.837,93.192,95.236,96.962,98.377,99.484,100.28,100.761,100.921,100.757,100.273,99.483,98.414,97.108,95.629,94.057,92.491,91.035,89.798,88.871,88.314,88.138,88.293,88.669,89.112,89.461
61140.0,90.628,93.0,95.06,96.802,98.234,99.357,100.17,100.668,100.844,100.696,100.228,99.452,98.395,97.101,95.63,94.065,92.502,91.049,89.811,88.882,88.322,88.143,88.296,88.669,89.111,89.459
61200.0,90.419,92.808,94.884,96.643,98.091,99.231,100.061,100.575,100.767,100.636,100.183,99.421,98.377,97.093,95.632,94.073,92.514,91.062,89.824,88.893,88.33,88.148,88.298,88.669,89.11,89.458
61260.0,90.214,92.617,94.709,96.483,97.948,99.104,99.951,100.481,100.69,100.574,100.137,99.389,98.358,97.086,95.633,94.08,92.525,91.075,89.837,88.904,88.339,88.154,88.3,88.669,89.109,89.456
61320.0,90.011,92.428,94.534,96.324,97.805,98.978,99.841,100.388,100.613,100.513,100.091,99.358,98.339,97.078,95.634,94.088,92.537,91.088,89.85,88.915,88.347,88.159,88.303,88.67,89.108,89.455
61380.0,89.809,92.239,94.361,96.166,97.662,98.851,99.731,100.294,100.536,100.452,100.044,99.326,98.32,97.069,95.634,94.095,92.548,91.101,89.862,88.926,88.355,88.164,88.305,88.67,89.107,89.454
61440.0,89.607,92.052,94.188,96.008,97.52,98.725,99.62,100.2,100.458,100.39,99.998,99.293,98.3,97.061,95.635,94.102,92.559,91.114,89.875,88.937,88.364,88.169,88.308,88.67,89.106,89.452
61500.0,89.405,91.864,94.015,95.85,97.377,98.598,99.51,100.106,100.38,100.328,99.951,99.26,98.281,97.052,95.635,94.109,92.57,91.127,89.888,88.948,88.372,88.175,88.31,88.67,89.105,89.451
61560.0,89.203,91.677,93.843,95.693,97.235,98.472,99.4,100.012,100.302,100.265,99.904,99.227,98.26,97.043,95.635,94.115,92.581,91.14,89.901,88.959,88.38,88.18,88.312,88.671,89.104,89.449
61620.0,89.0,91.49,93.67,95.536,97.093,98.346,99.289,99.918,100.224,100.203,99.856,99.194,98.24,97.034,95.635,94.122,92.592,91.152,89.913,88.97,88.389,88.185,88.315,88.671,89.103,89.448
61680.0,88.798,91.303,93.498,95.379,96.952,98.22,99.179,99.823,100.145,100.14,99.808,99.161,98.219,97.024,95.634,94.128,92.602,91.165,89.926,88.981,88.397,88.19,88.317,88.671,89.102,89.446
61740.0,88.595,91.116,93.327,95.222,96.81,98.094,99.069,99.729,100.066,100.077,99.76,99.127,98.198,97.014,95.633,94.134,92.613,91.177,89.938,88.992,88.405,88.196,88.32,88.672,89.101,89.445
61800.0,88.392,90.929,93.155,95.065,96.669,97.967,98.958,99.634,99.988,100.014,99.712,99.093,98.177,97.004,95.633,94.14,92.623,91.19,89.951,89.003,88.413,88.201,88.322,88.672,89.1,89.444
61860.0,88.189,90.742,92.983,94.909,96.527,97.841,98.848,99.539,99.909,99.95,99.664,99.058,98.156,96.994,95.631,94.146,92.633,91.202,89.963,89.014,88.422,88.206,88.325,88.672,89.099,89.442
61920.0,87.985,90.554,92.811,94.752,96.386,97.715,98.737,99.444,99.829,99.886,99.615,99.024,98.134,96.984,95.63,94.151,92.643,91.214,89.975,89.025,88.43,88.212,88.327,88.673,89.098,89.441
61980.0,87.781,90.366,92.639,94.596,96.245,97.589,98.627,99.349,99.75,99.822,99.566,98.989,98.112,96.973,95.629,94.157,92.653,91.227,89.988,89.035,88.438,88.217,88.33,88.673,89.097,89.439
62040.0,87.577,90.179,92.467,94.439,96.103,97.463,98.516,99.254,99.67,99.758,99.517,98.954,98.09,96.962,95.627,94.162,92.663,91.239,90.0,89.046,88.447,88.222,88.332,88.673,89.096,89.438
62100.0,87.375,89.991,92.295,94.282,95.962,97.337,98.405,99.159,99.591,99.694,99.467,98.918,98.067,96.951,95.625,94.167,92.673,91.251,90.012,89.057,88.455,88.228,88.335,88.674,89.095,89.437
62160.0,87.174,89.805,92.123,94.126,95.821,97.211,98.295,99.064,99.511,99.629,99.417,98.883,98.044,96.939,95.623,94.172,92.682,91.263,90.024,89.068,88.463,88.233,88.338,88.674,89.094,89.435
62220.0,86.975,89.62,91.952,93.969,95.679,97.085,98.184,98.968,99.431,99.565,99.367,98.847,98.021,96.927,95.62,94.177,92.692,91.274,90.036,89.078,88.471,88.238,88.34,88.675,89.093,89.434
62280.0,86.777,89.435,91.782,93.813,95.538,96.959,98.073,98.873,99.351,99.5,99.317,98.81,97.998,96.915,95.618,94.181,92.701,91.286,90.048,89.089,88.48,88.244,88.343,88.675,89.092,89.433
62340.0,86.578,89.251,91.612,93.657,95.397,96.833,97.962,98.777,99.27,99.434,99.267,98.774,97.974,96.903,95.615,94.186,92.71,91.298,90.06,89.1,88.488,88.249,88.345,88.676,89.092,89.431
62400.0,86.379,89.066,91.441,93.502,95.256,96.707,97.851,98.682,99.19,99.369,99.216,98.737,97.95,96.891,95.612,94.19,92.719,91.309,90.072,89.111,88.496,88.254,88.348,88.676,89.091,89.43
62460.0,86.18,88.882,91.272,93.346,95.115,96.581,97.74,98.586,99.109,99.303,99.165,98.7,97.926,96.878,95.609,94.194,92.728,91.321,90.084,89.121,88.505,88.26,88.351,88.676,89.09,89.429
62520.0,85.981,88.698,91.102,93.191,94.974,96.455,97.629,98.49,99.028,99.238,99.114,98.663,97.902,96.865,95.605,94.198,92.737,91.332,90.096,89.132,88.513,88.265,88.353,88.677,89.089,89.427
62580.0,85.785,88.515,90.932,93.036,94.833,96.328,97.518,98.394,98.947,99.172,99.063,98.626,97.878,96.852,95.602,94.201,92.746,91.343,90.108,89.142,88.521,88.271,88.356,88.677,89.088,89.426
62640.0,85.588,88.332,90.763,92.881,94.693,96.203,97.407,98.297,98.866,99.105,99.011,98.588,97.853,96.838,95.598,94.205,92.754,91.355,90.12,89.153,88.529,88.276,88.358,88.678,89.087,89.425
62700.0,85.392,88.149,90.595,92.726,94.552,96.077,97.295,98.201,98.785,99.039,98.959,98.55,97.828,96.825,95.594,94.208,92.762,91.366,90.131,89.164,88.538,88.281,88.361,88.678,89.086,89.423
62760.0,85.195,87.967,90.426,92.572,94.412,95.951,97.184,98.105,98.704,98.973,98.907,98.512,97.802,96.811,95.589,94.211,92.771,91.377,90.143,89.174,88.546,88.287,88.364,88.679,89.086,89.422
62820.0,84.999,87.785,90.258,92.417,94.272,95.825,97.073,98.008,98.622,98.906,98.855,98.474,97.777,96.797,95.585,94.214,92.779,91.388,90.155,89.184,88.554,88.292,88.366,88.679,89.085,89.421
62880.0,84.802,87.603,90.09,92.263,94.132,95.699,96.962,97.912,98.541,98.839,98.803,98.435,97.751,96.782,95.58,94.217,92.787,91.398,90.166,89.195,88.562,88.298,88.369,88.68,89.084,89.42
62940.0,84.608,87.421,89.922,92.109,93.992,95.573,96.85,97.815,98.459,98.772,98.75,98.396,97.725,96.768,95.575,94.22,92.795,91.409,90.178,89.205,88.57,88.303,88.372,88.68,89.083,89.418
63000.0,84.414,87.241,89.754,91.955,93.852,95.447,96.739,97.719,98.377,98.705,98.697,98.357,97.699,96.753,95.57,94.222,92.802,91.42,90.189,89.216,88.579,88.308,88.375,88.681,89.082,89.417
63060.0,84.22,87.06,89.587,91.801,93.712,95.322,96.628,97.622,98.295,98.637,98.644,98.318,97.672,96.738,95.565,94.225,92.81,91.43,90.2,89.226,88.587,88.314,88.377,88.681,89.081,89.416
63120.0,84.027,86.88,89.42,91.648,93.572,95.196,96.516,97.525,98.213,98.57,98.591,98.278,97.646,96.723,95.559,94.227,92.818,91.441,90.212,89.237,88.595,88.319,88.38,88.682,89.081,89.415
63180.0,83.832,86.699,89.253,91.495,93.432,95.07,96.405,97.428,98.13,98.502,98.537,98.238,97.619,96.707,95.554,94.229,92.825,91.451,90.223,89.247,88.603,88.325,88.383,88.683,89.08,89.413
63240.0,83.638,86.519,89.087,91.341,93.293,94.945,96.294,97.331,98.048,98.434,98.484,98.198,97.591,96.692,95.548,94.23,92.832,91.461,90.234,89.257,88.611,88.33,88.385,88.683,89.079,89.412
63300.0,83.446,86.339,88.92,91.188,93.154,94.819,96.182,97.234,97.965,98.366,98.43,98.158,97.564,96.676,95.542,94.232,92.839,91.472,90.245,89.267,88.62,88.336,88.388,88.684,89.078,89.411
63360.0,83.255,86.161,88.754,91.035,93.014,94.694,96.071,97.137,97.883,98.298,98.376,98.118,97.536,96.66,95.535,94.233,92.846,91.482,90.256,89.278,88.628,88.341,88.391,88.684,89.078,89.41
63420.0,83.063,85.982,88.588,90.883,92.875,94.568,95.959,97.04,97.8,98.229,98.321,98.077,97.509,96.643,95.529,94.235,92.853,91.492,90.267,89.288,88.636,88.347,88.394,88.685,89.077,89.408
63480.0,82.873,85.804,88.423,90.73,92.736,94.443,95.848,96.943,97.717,98.161,98.267,98.036,97.48,96.627,95.522,94.236,92.86,91.502,90.278,89.298,88.644,88.352,88.397,88.686,89.076,89.407
63540.0,82.684,85.627,88.258,90.578,92.597,94.318,95.737,96.846,97.634,98.092,98.212,97.995,97.452,96.61,95.515,94.237,92.866,91.511,90.289,89.308,88.652,88.358,88.399,88.686,89.075,89.406
63600.0,82.496,85.45,88.094,90.426,92.458,94.192,95.625,96.748,97.551,98.023,98.158,97.954,97.424,96.593,95.508,94.238,92.872,91.521,90.3,89.318,88.66,88.363,88.402,88.687,89.075,89.405
63660.0,82.308,85.274,87.93,90.275,92.32,94.067,95.514,96.651,97.468,97.954,98.103,97.913,97.395,96.576,95.501,94.238,92.879,91.531,90.311,89.328,88.668,88.368,88.405,88.687,89.074,89.404
63720.0,82.12,85.098,87.766,90.124,92.181,93.942,95.402,96.553,97.384,97.885,98.047,97.871,97.366,96.558,95.493,94.239,92.885,91.54,90.321,89.338,88.676,88.374,88.408,88.688,89.073,89.402
63780.0,81.932,84.923,87.602,89.973,92.043,93.817,95.291,96.456,97.301,97.816,97.992,97.829,97.337,96.541,95.485,94.239,92.891,91.55,90.332,89.349,88.685,88.379,88.411,88.689,89.072,89.401
63840.0,81.743,84.747,87.439,89.822,91.905,93.692,95.179,96.358,97.217,97.746,97.936,97.787,97.308,96.523,95.478,94.239,92.897,91.559,90.343,89.359,88.693,88.385,88.413,88.689,89.072,89.4
63900.0,81.555,84.571,87.276,89.671,91.767,93.567,95.068,96.261,97.134,97.677,97.881,97.745,97.278,96.505,95.47,94.239,92.902,91.568,90.353,89.368,88.701,88.39,88.416,88.69,89.071,89.399
63960.0,81.366,84.395,87.113,89.521,91.629,93.443,94.957,96.163,97.05,97.607,97.825,97.702,97.248,96.487,95.461,94.239,92.908,91.577,90.364,89.378,88.709,88.396,88.419,88.691,89.07,89.398
64020.0,81.177,84.22,86.95,89.37,91.492,93.318,94.845,96.065,96.966,97.537,97.769,97.66,97.218,96.468,95.453,94.238,92.914,91.586,90.374,89.388,88.717,88.401,88.422,88.692,89.07,89.397
64080.0,80.987,84.043,86.787,89.22,91.354,93.193,94.734,95.968,96.882,97.467,97.713,97.617,97.188,96.449,95.444,94.238,92.919,91.595,90.384,89.398,88.725,88.407,88.425,88.692,89.069,89.396
64140.0,80.798,83.867,86.623,89.069,91.217,93.069,94.623,95.87,96.798,97.397,97.656,97.574,97.158,96.431,95.435,94.237,92.924,91.604,90.395,89.408,88.733,88.412,88.428,88.693,89.068,89.394
64200.0,80.611,83.692,86.46,88.919,91.079,92.944,94.512,95.772,96.714,97.327,97.6,97.531,97.127,96.412,95.426,94.236,92.929,91.613,90.405,89.418,88.741,88.418,88.431,88.694,89.068,89.393
64260.0,80.424,83.517,86.298,88.769,90.942,92.82,94.4,95.674,96.63,97.256,97.543,97.487,97.096,96.392,95.417,94.235,92.934,91.622,90.415,89.428,88.749,88.423,88.434,88.694,89.067,89.392
64320.0,80.237,83.342,86.135,88.619,90.804,92.695,94.289,95.576,96.546,97.186,97.486,97.444,97.065,96.373,95.408,94.234,92.939,91.63,90.425,89.437,88.757,88.429,88.436,88.695,89.066,89.391
64380.0,80.049,83.168,85.973,88.469,90.667,92.571,94.178,95.478,96.462,97.115,97.429,97.4,97.034,96.353,95.398,94.233,92.944,91.639,90.435,89.447,88.765,88.434,88.439,88.696,89.066,89.39
64440.0,79.863,82.993,85.811,88.319,90.53,92.447,94.066,95.38,96.377,97.044,97.372,97.356,97.003,96.333,95.388,94.231,92.948,91.647,90.445,89.457,88.773,88.44,88.442,88.697,89.065,89.389
64500.0,79.678,82.819,85.649,88.169,90.393,92.322,93.955,95.282,96.293,96.973,97.314,97.312,96.971,96.313,95.378,94.229,92.953,91.655,90.455,89.466,88.781,88.446,88.445,88.698,89.064,89.388
64560.0,79.496,82.647,85.487,88.02,90.255,92.198,93.844,95.184,96.208,96.902,97.257,97.267,96.939,96.293,95.368,94.227,92.957,91.663,90.465,89.476,88.789,88.451,88.448,88.698,89.064,89.387
64620.0,79.315,82.476,85.327,87.871,90.119,92.074,93.732,95.086,96.123,96.831,97.199,97.223,96.907,96.273,95.358,94.225,92.961,91.671,90.475,89.486,88.797,88.457,88.451,88.699,89.063,89.386
64680.0,79.135,82.306,85.167,87.722,89.982,91.949,93.621,94.988,96.039,96.76,97.141,97.178,96.875,96.252,95.347,94.223,92.965,91.679,90.484,89.495,88.805,88.462,88.454,88.7,89.063,89.385
64740.0,78.954,82.136,85.008,87.574,89.845,91.825,93.51,94.89,95.954,96.689,97.084,97.133,96.843,96.231,95.337,94.221,92.969,91.687,90.494,89.505,88.813,88.468,88.457,88.701,89.062,89.384
64800.0,78.774,81.966,84.849,87.426,89.709,91.701,93.398,94.792,95.869,96.617,97.025,97.088,96.81,96.21,95.326,94.218,92.973,91.695,90.504,89.514,88.821,88.473,88.46,88.702,89.061,89.383
64860.0,78.595,81.797,84.69,87.279,89.573,91.577,93.287,94.693,95.784,96.545,96.967,97.043,96.778,96.189,95.315,94.216,92.976,91.703,90.513,89.524,88.828,88.479,88.463,88.702,89.061,89.381
64920.0,78.418,81.629,84.532,87.131,89.437,91.454,93.176,94.595,95.699,96.474,96.909,96.998,96.745,96.167,95.303,94.213,92.98,91.71,90.523,89.533,88.836,88.484,88.466,88.703,89.06,89.38
64980.0,78.241,81.462,84.375,86.985,89.302,91.33,93.065,94.497,95.614,96.402,96.85,96.952,96.712,96.146,95.292,94.21,92.983,91.718,90.532,89.542,88.844,88.49,88.469,88.704,89.06,89.379
65040.0,78.064,81.295,84.218,86.838,89.167,91.207,92.954,94.399,95.528,96.33,96.791,96.907,96.678,96.124,95.28,94.207,92.987,91.725,90.541,89.552,88.852,88.495,88.472,88.705,89.059,89.378
65100.0,77.888,81.128,84.061,86.692,89.032,91.083,92.843,94.3,95.443,96.258,96.733,96.861,96.645,96.102,95.269,94.203,92.99,91.733,90.551,89.561,88.86,88.501,88.475,88.706,89.059,89.377
65160.0,77.711,80.962,83.905,86.546,88.897,90.96,92.732,94.202,95.358,96.186,96.674,96.815,96.611,96.08,95.257,94.2,92.993,91.74,90.56,89.57,88.868,88.506,88.478,88.707,89.058,89.376
65220.0,77.535,80.796,83.749,86.401,88.763,90.837,92.621,94.104,95.272,96.114,96.615,96.768,96.577,96.058,95.245,94.196,92.995,91.747,90.569,89.579,88.876,88.512,88.481,88.708,89.058,89.375
65280.0,77.358,80.629,83.593,86.256,88.628,90.714,92.51,94.005,95.187,96.041,96.555,96.722,96.543,96.035,95.232,94.192,92.998,91.754,90.578,89.589,88.883,88.517,88.484,88.708,89.057,89.374
65340.0,77.181,80.463,83.437,86.111,88.494,90.592,92.399,93.907,95.102,95.969,96.496,96.676,96.509,96.012,95.22,94.189,93.001,91.761,90.587,89.598,88.891,88.523,88.487,88.709,89.057,89.373
65400.0,77.004,80.297,83.282,85.966,88.36,90.469,92.289,93.809,95.016,95.896,96.436,96.629,96.475,95.99,95.207,94.184,93.003,91.768,90.596,89.607,88.899,88.528,88.49,88.71,89.056,89.372
65460.0,76.83,80.132,83.127,85.821,88.227,90.347,92.178,93.71,94.93,95.823,96.377,96.582,96.44,95.967,95.194,94.18,93.006,91.774,90.605,89.616,88.907,88.534,88.493,88.711,89.056,89.372
65520.0,76.656,79.967,82.972,85.677,88.093,90.225,92.068,93.612,94.845,95.751,96.317,96.535,96.406,95.943,95.181,94.176,93.008,91.781,90.614,89.625,88.914,88.539,88.496,88.712,89.055,89.371
65580.0,76.482,79.803,82.817,85.533,87.96,90.103,91.957,93.514,94.759,95.678,96.257,96.488,96.371,95.92,95.168,94.171,93.01,91.787,90.622,89.634,88.922,88.545,88.5,88.713,89.055,89.37
65640.0,76.308,79.639,82.663,85.389,87.826,89.981,91.847,93.416,94.673,95.605,96.197,96.441,96.336,95.896,95.155,94.167,93.012,91.794,90.631,89.643,88.93,88.551,88.503,88.714,89.054,89.369
65700.0,76.134,79.475,82.509,85.245,87.693,89.859,91.737,93.317,94.588,95.532,96.137,96.393,96.301,95.873,95.141,94.162,93.014,91.8,90.64,89.652,88.938,88.556,88.506,88.715,89.054,89.368
65760.0,75.959,79.311,82.355,85.101,87.561,89.737,91.626,93.219,94.502,95.459,96.077,96.345,96.265,95.849,95.128,94.157,93.015,91.806,90.648,89.661,88.945,88.562,88.509,88.716,89.053,89.367
65820.0,75.786,79.147,82.202,84.958,87.428,89.615,91.516,93.121,94.416,95.386,96.016,96.298,96.23,95.825,95.114,94.152,93.017,91.813,90.657,89.67,88.953,88.567,88.512,88.717,89.053,89.366
65880.0,75.614,78.984,82.048,84.815,87.295,89.494,91.406,93.023,94.33,95.312,95.956,96.25,96.194,95.8,95.1,94.146,93.018,91.819,90.665,89.678,88.961,88.573,88.515,88.718,89.052,89.365
65940.0,75.443,78.822,81.896,84.672,87.163,89.372,91.296,92.925,94.244,95.239,95.895,96.202,96.158,95.776,95.086,94.141,93.02,91.824,90.674,89.687,88.968,88.578,88.518,88.719,89.052,89.364
66000.0,75.272,78.66,81.743,84.529,87.031,89.251,91.186,92.827,94.158,95.166,95.834,96.154,96.122,95.751,95.071,94.135,93.021,91.83,90.682,89.696,88.976,88.584,88.521,88.72,89.052,89.363
66060.0,75.1,78.498,81.591,84.387,86.899,89.13,91.076,92.728,94.072,95.092,95.773,96.105,96.086,95.727,95.057,94.129,93.022,91.836,90.69,89.705,88.983,88.589,88.524,88.721,89.051,89.362
66120.0,74.929,78.337,81.439,84.245,86.767,89.009,90.966,92.63,93.986,95.019,95.712,96.057,96.05,95.702,95.042,94.123,93.023,91.842,90.698,89.713,88.991,88.595,88.527,88.722,89.051,89.361
66180.0,74.758,78.175,81.287,84.103,86.635,88.888,90.857,92.532,93.9,94.945,95.651,96.008,96.013,95.677,95.027,94.117,93.024,91.847,90.706,89.722,88.999,88.6,88.531,88.723,89.05,89.361
66240.0,74.587,78.014,81.135,83.961,86.504,88.767,90.747,92.434,93.814,94.871,95.59,95.959,95.976,95.651,95.012,94.111,93.024,91.853,90.714,89.731,89.006,88.606,88.534,88.724,89.05,89.36
66300.0,74.419,77.854,80.984,83.82,86.372,88.646,90.637,92.336,93.728,94.798,95.529,95.911,95.94,95.626,94.997,94.105,93.025,91.858,90.722,89.739,89.014,88.611,88.537,88.725,89.05,89.359
66360.0,74.254,77.695,80.834,83.679,86.241,88.526,90.528,92.238,93.642,94.724,95.467,95.862,95.903,95.6,94.982,94.098,93.025,91.863,90.73,89.748,89.021,88.617,88.54,88.726,89.049,89.358
66420.0,74.089,77.537,80.684,83.538,86.11,88.405,90.418,92.14,93.556,94.65,95.406,95.812,95.866,95.574,94.966,94.092,93.025,91.868,90.738,89.756,89.029,88.622,88.543,88.727,89.049,89.357
66480.0,73.925,77.38,80.535,83.398,85.98,88.285,90.309,92.042,93.47,94.576,95.344,95.763,95.828,95.549,94.951,94.085,93.026,91.873,90.746,89.764,89.036,88.628,88.546,88.728,89.049,89.356
66540.0,73.76,77.224,80.386,83.258,85.849,88.165,90.2,91.944,93.384,94.502,95.283,95.714,95.791,95.522,94.935,94.078,93.026,91.878,90.753,89.773,89.044,88.633,88.55,88.729,89.048,89.356
66600.0,73.596,77.068,80.238,83.118,85.719,88.045,90.091,91.846,93.298,94.428,95.221,95.664,95.753,95.496,94.919,94.071,93.026,91.883,90.761,89.781,89.051,88.639,88.553,88.73,89.048,89.355
66660.0,73.433,76.912,80.091,82.979,85.59,87.925,89.981,91.748,93.211,94.354,95.159,95.615,95.716,95.47,94.903,94.063,93.025,91.888,90.768,89.789,89.058,88.644,88.556,88.732,89.048,89.354
66720.0,73.271,76.757,79.943,82.841,85.46,87.805,89.872,91.651,93.125,94.279,95.097,95.565,95.678,95.443,94.887,94.056,93.025,91.892,90.776,89.798,89.066,88.65,88.559,88.733,89.047,89.353
66780.0,73.111,76.603,79.797,82.702,85.331,87.686,89.764,91.553,93.039,94.205,95.035,95.515,95.64,95.417,94.87,94.048,93.025,91.897,90.783,89.806,89.073,88.655,88.562,88.734,89.047,89.352
66840.0,72.951,76.45,79.651,82.564,85.202,87.567,89.655,91.455,92.953,94.131,94.973,95.465,95.602,95.39,94.854,94.041,93.024,91.901,90.791,89.814,89.081,88.661,88.566,88.735,89.047,89.352
66900.0,72.79,76.297,79.505,82.427,85.073,87.448,89.546,91.357,92.866,94.056,94.91,95.415,95.563,95.363,94.837,94.033,93.023,91.906,90.798,89.822,89.088,88.666,88.569,88.736,89.046,89.351
66960.0,72.63,76.144,79.36,82.29,84.945,87.329,89.438,91.26,92.78,93.982,94.848,95.364,95.525,95.336,94.82,94.025,93.022,91.91,90.805,89.83,89.095,88.672,88.572,88.737,89.046,89.35
67020.0,72.47,75.991,79.215,82.153,84.817,87.211,89.329,91.162,92.694,93.908,94.785,95.314,95.486,95.308,94.803,94.017,93.021,91.914,90.812,89.838,89.103,88.677,88.575,88.738,89.046,89.349
67080.0,72.31,75.839,79.071,82.017,84.689,87.092,89.221,91.065,92.608,93.833,94.723,95.263,95.448,95.281,94.786,94.009,93.02,91.918,90.819,89.846,89.11,88.683,88.578,88.739,89.045,89.349
67140.0,72.15,75.687,78.926,81.881,84.562,86.974,89.113,90.967,92.522,93.758,94.66,95.213,95.409,95.253,94.769,94.0,93.019,91.922,90.826,89.854,89.117,88.688,88.582,88.741,89.045,89.348
67200.0,71.992,75.535,78.782,81.745,84.435,86.856,89.005,90.87,92.435,93.684,94.598,95.162,95.37,95.225,94.751,93.992,93.018,91.926,90.833,89.862,89.124,88.694,88.585,88.742,89.045,89.347
67260.0,71.835,75.384,78.639,81.609,84.308,86.739,88.897,90.772,92.349,93.609,94.535,95.111,95.331,95.197,94.733,93.983,93.016,91.93,90.84,89.87,89.132,88.699,88.588,88.743,89.045,89.346
67320.0,71.678,75.234,78.496,81.474,84.181,86.621,88.789,90.675,92.263,93.534,94.472,95.06,95.291,95.169,94.716,93.974,93.015,91.933,90.847,89.878,89.139,88.705,88.591,88.744,89.044,89.346
67380.0,71.521,75.084,78.353,81.339,84.055,86.504,88.682,90.578,92.177,93.46,94.409,95.009,95.252,95.141,94.698,93.965,93.013,91.937,90.853,89.886,89.146,88.71,88.595,88.745,89.044,89.345
67440.0,71.364,74.935,78.211,81.204,83.928,86.387,88.574,90.481,92.091,93.385,94.346,94.958,95.212,95.113,94.68,93.956,93.011,91.941,90.86,89.893,89.153,88.716,88.598,88.747,89.044,89.344
67500.0,71.207,74.785,78.068,81.07,83.802,86.27,88.467,90.384,92.004,93.31,94.283,94.907,95.173,95.084,94.661,93.947,93.009,91.944,90.866,89.901,89.16,88.721,88.601,88.748,89.044,89.344
67560.0,71.053,74.637,77.927,80.936,83.677,86.153,88.36,90.287,91.918,93.235,94.22,94.855,95.133,95.056,94.643,93.937,93.007,91.947,90.873,89.909,89.168,88.726,88.604,88.749,89.044,89.343
67620.0,70.902,74.49,77.786,80.802,83.551,86.036,88.253,90.19,91.832,93.161,94.156,94.804,95.093,95.027,94.625,93.928,93.005,91.95,90.879,89.916,89.175,88.732,88.608,88.75,89.043,89.342
67680.0,70.752,74.344,77.646,80.669,83.426,85.92,88.146,90.093,91.746,93.086,94.093,94.752,95.053,94.998,94.606,93.918,93.003,91.953,90.886,89.924,89.182,88.737,88.611,88.751,89.043,89.341
67740.0,70.603,74.199,77.507,80.537,83.301,85.804,88.039,89.996,91.66,93.011,94.03,94.7,95.013,94.969,94.587,93.909,93.0,91.956,90.892,89.931,89.189,88.743,88.614,88.753,89.043,89.341
67800.0,70.453,74.055,77.368,80.405,83.177,85.688,87.932,89.9,91.574,92.936,93.966,94.649,94.973,94.94,94.568,93.899,92.998,91.959,90.898,89.939,89.196,88.748,88.618,88.754,89.043,89.34
67860.0,70.304,73.911,77.23,80.273,83.053,85.572,87.826,89.803,91.488,92.861,93.903,94.597,94.932,94.91,94.549,93.889,92.995,91.962,90.904,89.946,89.203,88.754,88.621,88.755,89.043,89.34
67920.0,70.158,73.769,77.093,80.142,82.929,85.457,87.72,89.707,91.402,92.786,93.839,94.545,94.892,94.881,94.53,93.878,92.992,91.965,90.91,89.954,89.21,88.759,88.624,88.756,89.043,89.339
67980.0,70.013,73.627,76.956,80.012,82.806,85.342,87.614,89.61,91.316,92.711,93.775,94.493,94.851,94.851,94.511,93.868,92.989,91.967,90.916,89.961,89.217,88.764,88.627,88.758,89.042,89.338
68040.0,69.868,73.486,76.82,79.882,82.683,85.227,87.508,89.514,91.23,92.636,93.712,94.44,94.81,94.822,94.491,93.858,92.986,91.97,90.922,89.968,89.224,88.77,88.631,88.759,89.042,89.338
68100.0,69.723,73.346,76.685,79.753,82.561,85.112,87.402,89.418,91.144,92.561,93.648,94.388,94.769,94.792,94.471,93.847,92.983,91.972,90.928,89.976,89.231,88.775,88.634,88.76,89.042,89.337
68160.0,69.579,73.206,76.55,79.624,82.439,84.998,87.296,89.322,91.058,92.486,93.584,94.336,94.728,94.762,94.452,93.836,92.98,91.975,90.934,89.983,89.238,88.781,88.637,88.762,89.042,89.336
68220.0,69.434,73.067,76.416,79.495,82.317,84.884,87.191,89.226,90.972,92.411,93.52,94.283,94.687,94.732,94.432,93.825,92.977,91.977,90.94,89.99,89.244,88.786,88.641,88.763,89.042,89.336
68280.0,69.29,72.928,76.282,79.367,82.196,84.77,87.086,89.13,90.887,92.336,93.456,94.231,94.646,94.701,94.412,93.814,92.973,91.979,90.945,89.997,89.251,88.791,88.644,88.764,89.042,89.335
68340.0,69.146,72.789,76.148,79.24,82.075,84.657,86.981,89.034,90.801,92.26,93.392,94.178,94.605,94.671,94.391,93.803,92.97,91.981,90.951,90.004,89.258,88.797,88.647,88.766,89.042,89.335
68400.0,69.002,72.65,76.015,79.112,81.954,84.544,86.876,88.939,90.715,92.185,93.328,94.125,94.563,94.64,94.371,93.792,92.966,91.983,90.956,90.011,89.265,88.802,88.651,88.767,89.042,89.334
68460.0,68.859,72.511,75.882,78.985,81.834,84.431,86.771,88.843,90.63,92.11,93.264,94.072,94.522,94.61,94.351,93.781,92.962,91.985,90.962,90.018,89.272,88.807,88.654,88.768,89.041,89.334
68520.0,68.718,72.374,75.75,78.859,81.714,84.318,86.667,88.748,90.544,92.035,93.2,94.019,94.48,94.579,94.33,93.769,92.958,91.986,90.967,90.025,89.279,88.813,88.657,88.77,89.041,89.333
68580.0,68.577,72.237,75.618,78.732,81.594,84.206,86.563,88.653,90.459,91.96,93.136,93.966,94.438,94.548,94.309,93.757,92.954,91.988,90.972,90.032,89.285,88.818,88.661,88.771,89.041,89.332
68640.0,68.436,72.101,75.486,78.607,81.475,84.094,86.459,88.557,90.373,91.885,93.072,93.913,94.396,94.517,94.289,93.746,92.95,91.989,90.977,90.039,89.292,88.823,88.664,88.772,89.041,89.332
68700.0,68.297,71.965,75.355,78.481,81.355,83.982,86.355,88.463,90.288,91.81,93.007,93.86,94.354,94.486,94.268,93.734,92.945,91.991,90.983,90.046,89.299,88.829,88.667,88.774,89.041,89.331
68760.0,68.159,71.831,75.225,78.356,81.237,83.87,86.251,88.368,90.202,91.735,92.943,93.807,94.312,94.454,94.246,93.722,92.941,91.992,90.988,90.052,89.305,88.834,88.671,88.775,89.041,89.331
68820.0,68.022,71.697,75.095,78.232,81.118,83.759,86.148,88.273,90.117,91.66,92.879,93.754,94.27,94.423,94.225,93.71,92.936,91.993,90.993,90.059,89.312,88.839,88.674,88.776,89.041,89.33
68880.0,67.885,71.564,74.966,78.108,81.0,83.648,86.044,88.178,90.032,91.585,92.814,93.7,94.227,94.392,94.204,93.697,92.932,91.995,90.998,90.066,89.319,88.845,88.677,88.778,89.041,89.33
68940.0,67.749,71.431,74.838,77.984,80.883,83.537,85.941,88.084,89.947,91.51,92.75,93.647,94.185,94.36,94.182,93.685,92.927,91.996,91.002,90.072,89.325,88.85,88.681,88.779,89.041,89.329
69000.0,67.613,71.299,74.71,77.861,80.766,83.426,85.839,87.99,89.862,91.435,92.685,93.593,94.142,94.328,94.161,93.672,92.922,91.997,91.007,90.079,89.332,88.855,88.684,88.781,89.041,89.329
69060.0,67.477,71.167,74.582,77.738,80.649,83.316,85.736,87.895,89.777,91.36,92.621,93.54,94.1,94.296,94.139,93.66,92.917,91.997,91.012,90.086,89.338,88.861,88.687,88.782,89.041,89.328
69120.0,67.341,71.035,74.454,77.616,80.532,83.206,85.634,87.801,89.692,91.285,92.556,93.486,94.057,94.264,94.117,93.647,92.912,91.998,91.017,90.092,89.345,88.866,88.691,88.783,89.041,89.328
69180.0,67.205,70.903,74.327,77.494,80.416,83.097,85.531,87.707,89.607,91.21,92.492,93.432,94.014,94.232,94.095,93.634,92.907,91.999,91.021,90.098,89.351,88.871,88.694,88.785,89.041,89.328
69240.0,67.068,70.771,74.2,77.372,80.3,82.987,85.429,87.614,89.523,91.135,92.427,93.378,93.971,94.2,94.073,93.621,92.901,91.999,91.026,90.105,89.358,88.876,88.697,88.786,89.041,89.327
69300.0,66.934,70.64,74.074,77.251,80.184,82.878,85.328,87.52,89.438,91.06,92.363,93.324,93.928,94.167,94.051,93.608,92.896,92.0,91.03,90.111,89.364,88.882,88.701,88.788,89.041,89.327
69360.0,66.8,70.51,73.948,77.13,80.069,82.769,85.226,87.427,89.354,90.985,92.298,93.271,93.885,94.135,94.028,93.595,92.89,92.0,91.034,90.117,89.371,88.887,88.704,88.789,89.041,89.326
69420.0,66.667,70.38,73.822,77.009,79.954,82.661,85.125,87.333,89.269,90.91,92.234,93.217,93.842,94.102,94.006,93.581,92.885,92.001,91.039,90.124,89.377,88.892,88.707,88.791,89.041,89.326
69480.0,66.536,70.252,73.697,76.888,79.839,82.552,85.023,87.24,89.185,90.835,92.169,93.162,93.799,94.07,93.983,93.568,92.879,92.001,91.043,90.13,89.384,88.897,88.711,88.792,89.041,89.325
69540.0,66.407,70.124,73.573,76.769,79.725,82.444,84.922,87.147,89.1,90.761,92.104,93.108,93.755,94.037,93.96,93.554,92.873,92.001,91.047,90.136,89.39,88.903,88.714,88.793,89.041,89.325
69600.0,66.278,69.997,73.449,76.649,79.61,82.336,84.821,87.054,89.016,90.686,92.04,93.054,93.712,94.004,93.937,93.54,92.867,92.001,91.051,90.142,89.396,88.908,88.717,88.795,89.041,89.325
69660.0,66.151,69.872,73.326,76.53,79.497,82.229,84.721,86.961,88.932,90.611,91.975,93.0,93.668,93.971,93.914,93.526,92.861,92.001,91.055,90.148,89.402,88.913,88.721,88.796,89.041,89.324
69720.0,66.026,69.748,73.204,76.412,79.383,82.121,84.62,86.869,88.848,90.537,91.91,92.946,93.625,93.938,93.891,93.512,92.855,92.001,91.059,90.154,89.409,88.918,88.724,88.798,89.041,89.324
69780.0,65.903,69.625,73.083,76.294,79.27,82.014,84.52,86.776,88.764,90.462,91.845,92.891,93.581,93.905,93.868,93.498,92.848,92.0,91.063,90.16,89.415,88.923,88.728,88.799,89.042,89.323
69840.0,65.781,69.503,72.963,76.178,79.158,81.908,84.42,86.684,88.68,90.387,91.781,92.837,93.537,93.871,93.845,93.484,92.842,92.0,91.066,90.166,89.421,88.929,88.731,88.801,89.042,89.323
69900.0,65.661,69.383,72.844,76.061,79.046,81.801,84.321,86.592,88.596,90.313,91.716,92.783,93.493,93.838,93.821,93.47,92.835,92.0,91.07,90.172,89.427,88.934,88.734,88.802,89.042,89.323
69960.0,65.541,69.263,72.726,75.946,78.935,81.695,84.221,86.5,88.513,90.238,91.651,92.728,93.449,93.804,93.798,93.455,92.829,91.999,91.074,90.178,89.434,88.939,88.738,88.804,89.042,89.322
70020.0,65.421,69.144,72.608,75.831,78.824,81.59,84.122,86.408,88.429,90.164,91.586,92.674,93.405,93.771,93.774,93.441,92.822,91.998,91.077,90.183,89.44,88.944,88.741,88.805,89.042,89.322
70080.0,65.301,69.025,72.491,75.717,78.714,81.484,84.023,86.316,88.346,90.089,91.522,92.619,93.361,93.737,93.75,93.426,92.815,91.998,91.081,90.189,89.446,88.949,88.744,88.807,89.042,89.322
70140.0,65.182,68.907,72.375,75.603,78.604,81.38,83.924,86.225,88.262,90.015,91.457,92.564,93.317,93.703,93.726,93.411,92.808,91.997,91.084,90.195,89.452,88.954,88.748,88.808,89.042,89.321
70200.0,65.063,68.79,72.259,75.49,78.495,81.275,83.826,86.133,88.179,89.94,91.392,92.51,93.273,93.669,93.702,93.396,92.801,91.996,91.088,90.2,89.458,88.959,88.751,88.81,89.042,89.321
70260.0,64.945,68.672,72.144,75.378,78.386,81.171,83.728,86.042,88.096,89.866,91.327,92.455,93.228,93.635,93.678,93.381,92.794,91.995,91.091,90.206,89.464,88.964,88.755,88.811,89.043,89.321
70320.0,64.826,68.555,72.029,75.265,78.277,81.067,83.63,85.951,88.013,89.792,91.263,92.4,93.184,93.601,93.654,93.366,92.786,91.994,91.094,90.211,89.47,88.969,88.758,88.813,89.043,89.32
70380.0,64.71,68.439,71.914,75.154,78.169,80.964,83.532,85.86,87.93,89.718,91.198,92.345,93.139,93.567,93.63,93.351,92.779,91.993,91.097,90.217,89.476,88.975,88.761,88.815,89.043,89.32
70440.0,64.596,68.325,71.801,75.042,78.062,80.861,83.435,85.77,87.847,89.643,91.133,92.291,93.095,93.532,93.605,93.335,92.772,91.991,91.1,90.222,89.482,88.98,88.765,88.816,89.043,89.32
70500.0,64.484,68.211,71.688,74.932,77.954,80.758,83.338,85.68,87.764,89.569,91.068,92.236,93.05,93.498,93.581,93.32,92.764,91.99,91.103,90.228,89.488,88.985,88.768,88.818,89.043,89.319
70560.0,64.372,68.099,71.576,74.822,77.848,80.656,83.241,85.589,87.682,89.495,91.003,92.181,93.005,93.463,93.556,93.304,92.756,91.988,91.106,90.233,89.494,88.99,88.771,88.819,89.043,89.319
70620.0,64.262,67.988,71.465,74.713,77.742,80.554,83.145,85.499,87.6,89.421,90.939,92.126,92.96,93.429,93.531,93.289,92.748,91.987,91.109,90.238,89.5,88.995,88.775,88.821,89.044,89.319
70680.0,64.155,67.879,71.356,74.604,77.636,80.453,83.048,85.41,87.517,89.347,90.874,92.071,92.916,93.394,93.506,93.273,92.74,91.985,91.112,90.243,89.505,89.0,88.778,88.822,89.044,89.319
70740.0,64.051,67.771,71.247,74.497,77.531,80.352,82.953,85.32,87.435,89.274,90.809,92.016,92.871,93.359,93.481,93.257,92.732,91.983,91.114,90.249,89.511,89.005,88.782,88.824,89.044,89.318
70800.0,63.948,67.665,71.14,74.39,77.426,80.251,82.857,85.231,87.353,89.2,90.745,91.961,92.826,93.324,93.456,93.241,92.724,91.982,91.117,90.254,89.517,89.01,88.785,88.826,89.044,89.318
70860.0,63.846,67.56,71.033,74.284,77.323,80.151,82.762,85.142,87.271,89.126,90.68,91.906,92.781,93.289,93.431,93.225,92.716,91.98,91.12,90.259,89.523,89.015,88.788,88.827,89.044,89.318
70920.0,63.744,67.456,70.928,74.179,77.219,80.051,82.667,85.053,87.189,89.052,90.615,91.851,92.736,93.254,93.406,93.208,92.708,91.978,91.122,90.264,89.528,89.02,88.792,88.829,89.045,89.318
70980.0,63.643,67.352,70.823,74.075,77.117,79.952,82.572,84.964,87.108,88.979,90.551,91.796,92.69,93.219,93.38,93.192,92.699,91.976,91.124,90.269,89.534,89.025,88.795,88.83,89.045,89.318
71040.0,63.542,67.25,70.72,73.971,77.015,79.853,82.478,84.876,87.026,88.906,90.486,91.74,92.645,93.184,93.355,93.176,92.691,91.973,91.127,90.274,89.54,89.03,88.799,88.832,89.045,89.317
71100.0,63.442,67.147,70.616,73.868,76.914,79.755,82.384,84.788,86.945,88.832,90.421,91.685,92.6,93.149,93.329,93.159,92.682,91.971,91.129,90.278,89.545,89.035,88.802,88.834,89.045,89.317
71160.0,63.342,67.046,70.514,73.766,76.813,79.657,82.291,84.7,86.864,88.759,90.357,91.63,92.554,93.113,93.303,93.142,92.673,91.969,91.131,90.283,89.551,89.04,88.805,88.835,89.046,89.317
71220.0,63.244,66.945,70.412,73.664,76.713,79.56,82.198,84.612,86.783,88.686,90.292,91.575,92.509,93.078,93.278,93.126,92.664,91.966,91.133,90.288,89.557,89.044,88.809,88.837,89.046,89.317
71280.0,63.15,66.847,70.312,73.564,76.614,79.463,82.105,84.525,86.702,88.613,90.228,91.52,92.464,93.042,93.252,93.109,92.655,91.964,91.135,90.293,89.562,89.049,88.812,88.838,89.046,89.317
71340.0,63.057,66.75,70.212,73.464,76.515,79.367,82.013,84.438,86.622,88.54,90.163,91.464,92.418,93.007,93.226,93.092,92.646,91.961,91.137,90.297,89.568,89.054,88.815,88.84,89.047,89.316
71400.0,62.965,66.654,70.114,73.365,76.416,79.271,81.921,84.351,86.541,88.467,90.099,91.409,92.373,92.971,93.2,93.075,92.637,91.958,91.139,90.302,89.573,89.059,88.819,88.842,89.047,89.316
71460.0,62.874,66.559,70.016,73.266,76.319,79.176,81.829,84.264,86.461,88.394,90.034,91.354,92.327,92.935,93.173,93.057,92.628,91.956,91.141,90.307,89.579,89.064,88.822,88.843,89.047,89.316
71520.0,62.783,66.464,69.92,73.169,76.222,79.081,81.738,84.178,86.381,88.321,89.97,91.299,92.281,92.899,93.147,93.04,92.618,91.953,91.143,90.311,89.584,89.069,88.826,88.845,89.048,89.316
71580.0,62.692,66.371,69.824,73.072,76.126,78.986,81.647,84.092,86.301,88.249,89.906,91.243,92.235,92.863,93.121,93.023,92.609,91.95,91.145,90.316,89.589,89.074,88.829,88.847,89.048,89.316
71640.0,62.602,66.278,69.729,72.976,76.03,78.893,81.556,84.006,86.222,88.176,89.841,91.188,92.19,92.827,93.094,93.005,92.599,91.947,91.146,90.32,89.595,89.079,88.832,88.848,89.048,89.316
71700.0,62.517,66.187,69.635,72.881,75.935,78.799,81.466,83.921,86.142,88.104,89.777,91.133,92.144,92.791,93.068,92.988,92.59,91.943,91.148,90.324,89.6,89.083,88.836,88.85,89.049,89.316
71760.0,62.434,66.098,69.542,72.786,75.841,78.707,81.377,83.836,86.063,88.032,89.713,91.078,92.098,92.755,93.041,92.97,92.58,91.94,91.149,90.329,89.605,89.088,88.839,88.852,89.049,89.316
71820.0,62.353,66.011,69.45,72.693,75.747,78.615,81.288,83.751,85.984,87.959,89.649,91.022,92.052,92.719,93.014,92.952,92.57,91.937,91.151,90.333,89.611,89.093,88.842,88.853,89.049,89.316
71880.0,62.277,65.926,69.361,72.6,75.654,78.523,81.199,83.667,85.905,87.887,89.585,90.967,92.006,92.682,92.988,92.934,92.56,91.933,91.152,90.337,89.616,89.098,88.846,88.855,89.05,89.315
71940.0,62.202,65.843,69.272,72.509,75.562,78.432,81.11,83.582,85.826,87.816,89.521,90.912,91.96,92.646,92.961,92.916,92.55,91.93,91.153,90.341,89.621,89.102,88.849,88.857,89.05,89.315
72000.0,62.128,65.762,69.185,72.419,75.471,78.341,81.023,83.499,85.748,87.744,89.457,90.856,91.914,92.609,92.934,92.898,92.54,91.926,91.155,90.345,89.626,89.107,88.853,88.858,89.05,89.315
72060.0,62.055,65.682,69.1,72.33,75.38,78.252,80.935,83.415,85.67,87.672,89.393,90.801,91.868,92.573,92.906,92.88,92.53,91.923,91.156,90.35,89.631,89.112,88.856,88.86,89.051,89.315
72120.0,61.988,65.604,69.016,72.242,75.291,78.163,80.848,83.332,85.592,87.601,89.329,90.746,91.822,92.536,92.879,92.862,92.519,91.919,91.157,90.354,89.637,89.117,88.859,88.862,89.051,89.315
72180.0,61.926,65.531,68.934,72.155,75.202,78.074,80.762,83.249,85.514,87.53,89.266,90.691,91.776,92.5,92.852,92.843,92.509,91.915,91.158,90.357,89.642,89.121,88.863,88.864,89.051,89.315
72240.0,61.868,65.46,68.855,72.07,75.115,77.986,80.676,83.166,85.436,87.458,89.202,90.635,91.73,92.463,92.825,92.825,92.498,91.911,91.159,90.361,89.647,89.126,88.866,88.865,89.052,89.315
72300.0,61.814,65.393,68.778,71.987,75.028,77.899,80.59,83.084,85.359,87.387,89.138,90.58,91.684,92.426,92.797,92.806,92.488,91.907,91.16,90.365,89.652,89.131,88.869,88.867,89.052,89.315
72360.0,61.762,65.328,68.703,71.906,74.943,77.813,80.505,83.003,85.282,87.317,89.075,90.525,91.637,92.389,92.77,92.788,92.477,91.903,91.16,90.369,89.657,89.135,88.873,88.869,89.053,89.315
72420.0,61.712,65.265,68.63,71.826,74.859,77.728,80.421,82.921,85.205,87.246,89.011,90.47,91.591,92.352,92.742,92.769,92.466,91.899,91.161,90.373,89.662,89.14,88.876,88.87,89.053,89.315
72480.0,61.663,65.204,68.559,71.747,74.777,77.644,80.337,82.84,85.129,87.175,88.948,90.415,91.545,92.315,92.714,92.75,92.455,91.894,91.162,90.377,89.667,89.145,88.879,88.872,89.054,89.315
72540.0,61.615,65.144,68.489,71.67,74.695,77.56,80.254,82.76,85.053,87.105,88.885,90.359,91.499,92.278,92.687,92.731,92.444,91.89,91.162,90.38,89.672,89.149,88.883,88.874,89.054,89.315
72600.0,61.568,65.085,68.421,71.595,74.615,77.478,80.172,82.68,84.977,87.035,88.822,90.304,91.452,92.241,92.659,92.712,92.433,91.886,91.163,90.384,89.676,89.154,88.886,88.876,89.054,89.315
72660.0,61.522,65.028,68.354,71.521,74.536,77.396,80.09,82.6,84.901,86.965,88.758,90.249,91.406,92.204,92.631,92.693,92.422,91.881,91.163,90.387,89.681,89.159,88.889,88.877,89.055,89.315
72720.0,61.477,64.972,68.289,71.448,74.458,77.315,80.009,82.521,84.826,86.895,88.696,90.194,91.36,92.167,92.603,92.674,92.411,91.877,91.164,90.391,89.686,89.163,88.893,88.879,89.055,89.315
72780.0,61.433,64.917,68.225,71.377,74.381,77.236,79.929,82.442,84.751,86.825,88.633,90.139,91.313,92.129,92.575,92.654,92.4,91.872,91.164,90.394,89.691,89.168,88.896,88.881,89.056,89.315
72840.0,61.39,64.863,68.162,71.306,74.305,77.157,79.85,82.364,84.676,86.756,88.57,90.084,91.267,92.092,92.546,92.635,92.388,91.867,91.164,90.398,89.696,89.172,88.899,88.883,89.056,89.315
72900.0,61.347,64.81,68.1,71.237,74.231,77.079,79.771,82.287,84.602,86.687,88.507,90.029,91.22,92.055,92.518,92.615,92.377,91.862,91.164,90.401,89.7,89.177,88.903,88.884,89.057,89.315
72960.0,61.305,64.758,68.039,71.169,74.157,77.002,79.693,82.21,84.528,86.618,88.445,89.974,91.174,92.017,92.49,92.596,92.365,91.857,91.165,90.404,89.705,89.181,88.906,88.886,89.057,89.315
73020.0,61.264,64.707,67.979,71.101,74.084,76.926,79.615,82.133,84.455,86.549,88.382,89.919,91.128,91.98,92.461,92.576,92.353,91.852,91.165,90.408,89.71,89.186,88.909,88.888,89.058,89.315
73080.0,61.223,64.656,67.919,71.035,74.013,76.851,79.538,82.057,84.381,86.48,88.32,89.865,91.081,91.942,92.433,92.556,92.341,91.847,91.165,90.411,89.714,89.19,88.913,88.89,89.058,89.315
73140.0,61.183,64.606,67.861,70.97,73.942,76.776,79.462,81.982,84.309,86.412,88.258,89.81,91.035,91.905,92.404,92.537,92.329,91.842,91.164,90.414,89.719,89.195,88.916,88.892,89.059,89.316
73200.0,61.144,64.557,67.803,70.905,73.872,76.702,79.387,81.907,84.236,86.344,88.196,89.755,90.988,91.867,92.376,92.517,92.318,91.837,91.164,90.417,89.723,89.199,88.919,88.893,89.059,89.316
73260.0,61.105,64.509,67.747,70.841,73.802,76.629,79.312,81.832,84.164,86.276,88.134,89.701,90.942,91.83,92.347,92.497,92.305,91.831,91.164,90.42,89.728,89.204,88.923,88.895,89.06,89.316
73320.0,61.066,64.461,67.691,70.778,73.734,76.557,79.238,81.759,84.093,86.209,88.072,89.646,90.895,91.792,92.318,92.477,92.293,91.826,91.164,90.423,89.732,89.208,88.926,88.897,89.06,89.316
73380.0,61.028,64.414,67.635,70.716,73.666,76.486,79.165,81.685,84.021,86.142,88.011,89.591,90.849,91.754,92.29,92.456,92.281,91.82,91.163,90.426,89.737,89.212,88.929,88.899,89.061,89.316
73440.0,60.99,64.367,67.581,70.655,73.6,76.415,79.092,81.612,83.95,86.075,87.949,89.537,90.803,91.716,92.261,92.436,92.269,91.815,91.163,90.429,89.741,89.217,88.933,88.901,89.061,89.316
73500.0,60.953,64.321,67.527,70.594,73.533,76.345,79.02,81.54,83.88,86.008,87.888,89.483,90.756,91.679,92.232,92.416,92.256,91.809,91.162,90.432,89.746,89.221,88.936,88.902,89.062,89.316
73560.0,60.916,64.276,67.474,70.534,73.468,76.276,78.949,81.468,83.81,85.941,87.827,89.428,90.71,91.641,92.203,92.395,92.244,91.803,91.162,90.435,89.75,89.226,88.939,88.904,89.063,89.316
73620.0,60.88,64.231,67.421,70.475,73.403,76.207,78.878,81.397,83.74,85.875,87.766,89.374,90.663,91.603,92.174,92.375,92.231,91.797,91.161,90.437,89.754,89.23,88.943,88.906,89.063,89.317
73680.0,60.844,64.186,67.369,70.416,73.339,76.139,78.808,81.327,83.671,85.809,87.705,89.32,90.617,91.565,92.145,92.354,92.219,91.791,91.16,90.44,89.759,89.234,88.946,88.908,89.064,89.317
73740.0,60.808,64.142,67.318,70.358,73.276,76.072,78.738,81.256,83.602,85.744,87.645,89.266,90.571,91.527,92.115,92.334,92.206,91.785,91.16,90.443,89.763,89.239,88.949,88.91,89.064,89.317
73800.0,60.773,64.099,67.267,70.301,73.213,76.006,78.669,81.187,83.534,85.678,87.584,89.212,90.524,91.489,92.086,92.313,92.193,91.779,91.159,90.445,89.767,89.243,88.952,88.911,89.065,89.317
73860.0,60.738,64.056,67.216,70.244,73.151,75.94,78.6,81.118,83.466,85.613,87.524,89.158,90.478,91.451,92.057,92.292,92.18,91.773,91.158,90.448,89.771,89.247,88.956,88.913,89.065,89.317
73920.0,60.704,64.013,67.166,70.188,73.09,75.874,78.533,81.049,83.398,85.549,87.464,89.104,90.432,91.413,92.027,92.271,92.167,91.767,91.157,90.45,89.776,89.251,88.959,88.915,89.066,89.317
73980.0,60.67,63.971,67.117,70.132,73.029,75.809,78.465,80.981,83.331,85.484,87.404,89.051,90.385,91.375,91.998,92.25,92.154,91.761,91.156,90.453,89.78,89.256,88.962,88.917,89.067,89.318
74040.0,60.636,63.929,67.068,70.077,72.969,75.745,78.398,80.913,83.264,85.42,87.344,88.997,90.339,91.337,91.968,92.229,92.141,91.754,91.155,90.455,89.784,89.26,88.965,88.919,89.067,89.318
74100.0,60.602,63.888,67.02,70.023,72.909,75.681,78.332,80.846,83.197,85.356,87.285,88.943,90.293,91.299,91.939,92.208,92.128,91.748,91.153,90.458,89.788,89.264,88.969,88.921,89.068,89.318
74160.0,60.569,63.847,66.972,69.969,72.85,75.618,78.266,80.779,83.131,85.293,87.226,88.89,90.247,91.261,91.909,92.187,92.114,91.741,91.152,90.46,89.792,89.268,88.972,88.922,89.069,89.318
74220.0,60.536,63.807,66.925,69.916,72.792,75.556,78.201,80.713,83.066,85.229,87.167,88.837,90.2,91.223,91.88,92.166,92.101,91.735,91.151,90.462,89.796,89.273,88.975,88.924,89.069,89.319
74280.0,60.504,63.766,66.878,69.863,72.734,75.494,78.137,80.647,83.0,85.166,87.108,88.784,90.154,91.184,91.85,92.145,92.087,91.728,91.15,90.464,89.8,89.277,88.978,88.926,89.07,89.319
74340.0,60.471,63.727,66.831,69.81,72.676,75.432,78.072,80.581,82.936,85.104,87.049,88.731,90.108,91.146,91.82,92.123,92.074,91.721,91.148,90.466,89.804,89.281,88.982,88.928,89.07,89.319
74400.0,60.439,63.687,66.785,69.758,72.619,75.371,78.009,80.516,82.871,85.041,86.991,88.678,90.062,91.108,91.79,92.102,92.06,91.714,91.147,90.468,89.808,89.285,88.985,88.93,89.071,89.319
74460.0,60.407,63.648,66.74,69.707,72.563,75.311,77.946,80.452,82.807,84.979,86.932,88.625,90.016,91.07,91.76,92.08,92.046,91.707,91.145,90.47,89.812,89.289,88.988,88.932,89.072,89.32
74520.0,60.376,63.61,66.694,69.656,72.507,75.251,77.883,80.388,82.743,84.918,86.874,88.572,89.97,91.032,91.73,92.059,92.033,91.7,91.143,90.472,89.815,89.293,88.991,88.934,89.072,89.32
74580.0,60.345,63.571,66.65,69.605,72.451,75.191,77.821,80.324,82.68,84.856,86.816,88.52,89.924,90.993,91.701,92.037,92.019,91.693,91.142,90.474,89.819,89.297,88.995,88.935,89.073,89.32
74640.0,60.314,63.533,66.605,69.555,72.396,75.132,77.759,80.261,82.617,84.795,86.759,88.467,89.879,90.955,91.671,92.015,92.005,91.686,91.14,90.476,89.823,89.301,88.998,88.937,89.074,89.32
74700.0,60.283,63.495,66.561,69.505,72.341,75.074,77.698,80.198,82.554,84.734,86.701,88.415,89.833,90.917,91.64,91.993,91.991,91.679,91.138,90.478,89.827,89.305,89.001,88.939,89.075,89.321
74760.0,60.252,63.458,66.517,69.456,72.287,75.016,77.637,80.136,82.492,84.673,86.644,88.363,89.787,90.879,91.61,91.971,91.977,91.672,91.136,90.48,89.83,89.309,89.004,88.941,89.075,89.321
74820.0,60.222,63.421,66.474,69.407,72.234,74.958,77.576,80.074,82.43,84.613,86.587,88.311,89.741,90.841,91.58,91.949,91.962,91.664,91.134,90.482,89.834,89.313,89.007,88.943,89.076,89.321
74880.0,60.192,63.384,66.431,69.358,72.18,74.901,77.516,80.013,82.368,84.553,86.53,88.259,89.696,90.802,91.55,91.927,91.948,91.657,91.132,90.483,89.838,89.317,89.011,88.945,89.077,89.322
74940.0,60.162,63.348,66.388,69.31,72.127,74.844,77.457,79.951,82.307,84.493,86.474,88.207,89.65,90.764,91.52,91.905,91.934,91.649,91.13,90.485,89.841,89.321,89.014,88.947,89.077,89.322
75000.0,60.133,63.311,66.346,69.263,72.075,74.788,77.398,79.891,82.246,84.434,86.417,88.155,89.605,90.726,91.49,91.883,91.919,91.642,91.128,90.486,89.845,89.325,89.017,88.949,89.078,89.322
75060.0,60.103,63.275,66.304,69.215,72.023,74.732,77.339,79.83,82.185,84.375,86.361,88.104,89.559,90.688,91.459,91.861,91.905,91.634,91.125,90.488,89.848,89.329,89.02,88.95,89.079,89.323
75120.0,60.074,63.24,66.263,69.168,71.971,74.677,77.281,79.771,82.125,84.316,86.305,88.052,89.514,90.65,91.429,91.839,91.89,91.626,91.123,90.49,89.852,89.333,89.023,88.952,89.08,89.323
75180.0,60.045,63.204,66.221,69.122,71.92,74.622,77.223,79.711,82.065,84.257,86.25,88.001,89.469,90.611,91.399,91.817,91.876,91.618,91.121,90.491,89.855,89.337,89.027,88.954,89.08,89.323
75240.0,60.017,63.169,66.18,69.075,71.869,74.567,77.165,79.652,82.006,84.199,86.194,87.95,89.423,90.573,91.368,91.794,91.861,91.61,91.118,90.492,89.859,89.341,89.03,88.956,89.081,89.324
75300.0,59.988,63.134,66.14,69.03,71.819,74.513,77.108,79.593,81.947,84.141,86.139,87.899,89.378,90.535,91.338,91.772,91.846,91.602,91.116,90.494,89.862,89.345,89.033,88.958,89.082,89.324
75360.0,59.96,63.1,66.099,68.984,71.769,74.459,77.051,79.535,81.888,84.083,86.084,87.848,89.333,90.497,91.308,91.749,91.831,91.594,91.113,90.495,89.865,89.349,89.036,88.96,89.083,89.324
75420.0,59.932,63.066,66.059,68.939,71.719,74.405,76.995,79.477,81.829,84.025,86.029,87.798,89.288,90.459,91.277,91.727,91.816,91.586,91.111,90.496,89.869,89.352,89.039,88.962,89.083,89.325
75480.0,59.904,63.031,66.02,68.894,71.67,74.352,76.939,79.419,81.771,83.968,85.974,87.747,89.243,90.421,91.247,91.704,91.801,91.578,91.108,90.497,89.872,89.356,89.042,88.964,89.084,89.325
75540.0,59.876,62.998,65.98,68.85,71.621,74.3,76.884,79.361,81.713,83.911,85.92,87.697,89.199,90.383,91.216,91.681,91.786,91.57,91.105,90.498,89.875,89.36,89.046,88.966,89.085,89.326
75600.0,59.848,62.964,65.941,68.805,71.572,74.247,76.828,79.304,81.656,83.855,85.865,87.647,89.154,90.345,91.186,91.659,91.771,91.561,91.102,90.5,89.879,89.364,89.049,88.968,89.086,89.326
75660.0,59.821,62.931,65.902,68.761,71.524,74.195,76.774,79.248,81.599,83.798,85.811,87.596,89.109,90.307,91.155,91.636,91.756,91.553,91.1,90.501,89.882,89.368,89.052,88.969,89.086,89.327
75720.0,59.794,62.898,65.864,68.718,71.476,74.144,76.719,79.192,81.542,83.742,85.758,87.547,89.064,90.269,91.124,91.613,91.741,91.545,91.097,90.502,89.885,89.371,89.055,88.971,89.087,89.327
75780.0,59.767,62.865,65.825,68.675,71.428,74.092,76.665,79.136,81.485,83.686,85.704,87.497,89.02,90.231,91.094,91.59,91.726,91.536,91.094,90.502,89.888,89.375,89.058,88.973,89.088,89.327
75840.0,59.74,62.832,65.787,68.632,71.381,74.041,76.611,79.08,81.429,83.631,85.651,87.447,88.976,90.193,91.063,91.567,91.71,91.527,91.09,90.503,89.891,89.379,89.061,88.975,89.089,89.328
75900.0,59.713,62.8,65.749,68.589,71.334,73.991,76.558,79.025,81.373,83.575,85.597,87.398,88.931,90.155,91.032,91.544,91.695,91.519,91.087,90.504,89.894,89.382,89.064,88.977,89.09,89.328
75960.0,59.687,62.767,65.712,68.547,71.287,73.941,76.505,78.97,81.317,83.52,85.544,87.348,88.887,90.117,91.002,91.521,91.679,91.51,91.084,90.505,89.897,89.386,89.067,88.979,89.091,89.329
76020.0,59.661,62.735,65.675,68.505,71.241,73.891,76.452,78.915,81.262,83.466,85.492,87.299,88.843,90.079,90.971,91.498,91.664,91.501,91.081,90.506,89.9,89.39,89.07,88.981,89.091,89.329
76080.0,59.635,62.703,65.637,68.463,71.195,73.841,76.4,78.861,81.207,83.411,85.439,87.25,88.799,90.041,90.94,91.475,91.648,91.492,91.078,90.506,89.903,89.393,89.073,88.983,89.092,89.33
76140.0,59.609,62.672,65.601,68.421,71.149,73.792,76.347,78.807,81.152,83.357,85.387,87.201,88.755,90.003,90.91,91.452,91.632,91.483,91.074,90.507,89.906,89.397,89.077,88.985,89.093,89.33
76200.0,59.583,62.64,65.564,68.38,71.104,73.743,76.296,78.753,81.097,83.303,85.335,87.152,88.711,89.966,90.879,91.429,91.617,91.474,91.071,90.508,89.909,89.401,89.08,88.987,89.094,89.331
76260.0,59.557,62.609,65.528,68.339,71.059,73.694,76.244,78.7,81.043,83.249,85.283,87.104,88.667,89.928,90.848,91.406,91.601,91.465,91.067,90.508,89.912,89.404,89.083,88.989,89.095,89.331
76320.0,59.532,62.578,65.492,68.298,71.014,73.646,76.193,78.647,80.989,83.195,85.231,87.055,88.623,89.89,90.818,91.382,91.585,91.456,91.064,90.509,89.915,89.408,89.086,88.991,89.096,89.332
76380.0,59.506,62.547,65.456,68.258,70.969,73.598,76.142,78.594,80.936,83.142,85.179,87.007,88.58,89.852,90.787,91.359,91.569,91.447,91.06,90.509,89.917,89.411,89.089,88.993,89.096,89.332
76440.0,59.481,62.517,65.42,68.218,70.925,73.55,76.092,78.541,80.882,83.089,85.128,86.959,88.536,89.815,90.756,91.336,91.553,91.438,91.056,90.509,89.92,89.415,89.092,88.994,89.097,89.333
76500.0,59.456,62.486,65.385,68.178,70.881,73.503,76.041,78.489,80.829,83.036,85.077,86.911,88.493,89.777,90.725,91.312,91.537,91.428,91.053,90.51,89.923,89.418,89.095,88.996,89.098,89.333
76560.0,59.431,62.456,65.35,68.138,70.838,73.455,75.992,78.437,80.777,82.984,85.026,86.863,88.449,89.74,90.695,91.289,91.521,91.419,91.049,90.51,89.926,89.422,89.098,88.998,89.099,89.334
76620.0,59.406,62.426,65.315,68.099,70.794,73.409,75.942,78.386,80.724,82.932,84.975,86.815,88.406,89.702,90.664,91.266,91.505,91.41,91.045,90.51,89.928,89.425,89.101,89.0,89.1,89.334
76680.0,59.382,62.396,65.28,68.06,70.751,73.362,75.893,78.335,80.672,82.879,84.925,86.768,88.363,89.665,90.633,91.242,91.488,91.4,91.041,90.51,89.931,89.429,89.104,89.002,89.101,89.335
76740.0,59.357,62.367,65.246,68.021,70.708,73.316,75.844,78.284,80.62,82.828,84.875,86.72,88.32,89.627,90.602,91.218,91.472,91.39,91.037,90.51,89.933,89.432,89.107,89.004,89.102,89.335
76800.0,59.333,62.337,65.211,67.982,70.666,73.27,75.795,78.233,80.568,82.776,84.824,86.673,88.277,89.59,90.572,91.195,91.456,91.381,91.033,90.511,89.936,89.435,89.11,89.006,89.103,89.336
76860.0,59.309,62.308,65.177,67.944,70.623,73.224,75.746,78.182,80.517,82.725,84.774,86.626,88.234,89.552,90.541,91.171,91.439,91.371,91.029,90.511,89.938,89.439,89.113,89.008,89.104,89.337
76920.0,59.285,62.279,65.143,67.905,70.581,73.179,75.698,78.132,80.465,82.674,84.725,86.579,88.191,89.515,90.51,91.148,91.423,91.361,91.025,90.511,89.941,89.442,89.116,89.01,89.105,89.337
76980.0,59.261,62.25,65.11,67.867,70.539,73.133,75.65,78.082,80.414,82.623,84.675,86.532,88.148,89.478,90.479,91.124,91.406,91.351,91.021,90.511,89.943,89.445,89.119,89.012,89.105,89.338
77040.0,59.237,62.221,65.076,67.83,70.498,73.088,75.602,78.033,80.364,82.572,84.626,86.485,88.106,89.441,90.448,91.1,91.39,91.342,91.016,90.51,89.946,89.449,89.122,89.014,89.106,89.338
77100.0,59.213,62.192,65.043,67.792,70.456,73.044,75.555,77.983,80.313,82.522,84.577,86.439,88.063,89.404,90.418,91.077,91.373,91.332,91.012,90.51,89.948,89.452,89.125,89.016,89.107,89.339
77160.0,59.19,62.164,65.01,67.755,70.415,72.999,75.508,77.934,80.263,82.472,84.528,86.393,88.021,89.366,90.387,91.053,91.356,91.322,91.008,90.51,89.95,89.455,89.128,89.018,89.108,89.339
77220.0,59.166,62.135,64.977,67.718,70.374,72.955,75.461,77.885,80.213,82.422,84.479,86.346,87.979,89.329,90.356,91.029,91.34,91.311,91.003,90.51,89.953,89.458,89.131,89.02,89.109,89.34
77280.0,59.143,62.107,64.944,67.681,70.334,72.911,75.415,77.837,80.164,82.372,84.43,86.3,87.936,89.292,90.325,91.005,91.323,91.301,90.999,90.509,89.955,89.462,89.134,89.022,89.11,89.341
77340.0,59.12,62.079,64.912,67.644,70.293,72.868,75.368,77.788,80.114,82.322,84.382,86.254,87.894,89.255,90.295,90.981,91.306,91.291,90.994,90.509,89.957,89.465,89.137,89.024,89.111,89.341
77400.0,59.097,62.051,64.88,67.608,70.253,72.824,75.322,77.74,80.065,82.273,84.334,86.209,87.852,89.219,90.264,90.957,91.289,91.281,90.989,90.509,89.959,89.468,89.139,89.026,89.112,89.342
77460.0,59.074,62.024,64.847,67.572,70.213,72.781,75.276,77.693,80.016,82.224,84.286,86.163,87.811,89.182,90.233,90.933,91.272,91.271,90.985,90.508,89.961,89.471,89.142,89.028,89.113,89.343
77520.0,59.051,61.996,64.815,67.536,70.174,72.738,75.231,77.645,79.967,82.175,84.238,86.117,87.769,89.145,90.202,90.91,91.255,91.26,90.98,90.508,89.964,89.474,89.145,89.03,89.114,89.343
77580.0,59.029,61.969,64.784,67.5,70.134,72.695,75.185,77.598,79.919,82.126,84.19,86.072,87.727,89.108,90.172,90.886,91.238,91.25,90.975,90.507,89.966,89.478,89.148,89.031,89.115,89.344
77640.0,59.006,61.942,64.752,67.464,70.095,72.653,75.14,77.551,79.87,82.078,84.143,86.027,87.685,89.072,90.141,90.862,91.221,91.239,90.97,90.507,89.968,89.481,89.151,89.033,89.116,89.345
77700.0,58.984,61.914,64.721,67.429,70.056,72.611,75.095,77.504,79.822,82.03,84.096,85.982,87.644,89.035,90.11,90.838,91.204,91.229,90.965,90.506,89.97,89.484,89.154,89.035,89.117,89.345
77760.0,58.961,61.887,64.689,67.394,70.017,72.569,75.051,77.457,79.775,81.982,84.049,85.937,87.603,88.998,90.08,90.814,91.187,91.218,90.96,90.505,89.972,89.487,89.157,89.037,89.118,89.346
77820.0,58.939,61.861,64.658,67.359,69.978,72.527,75.006,77.411,79.727,81.934,84.002,85.892,87.561,88.962,90.049,90.789,91.17,91.207,90.955,90.505,89.974,89.49,89.16,89.039,89.119,89.347
77880.0,58.917,61.834,64.627,67.324,69.94,72.486,74.962,77.365,79.68,81.886,83.955,85.848,87.52,88.925,90.018,90.765,91.153,91.197,90.95,90.504,89.976,89.493,89.163,89.041,89.12,89.347
77940.0,58.895,61.807,64.597,67.289,69.902,72.444,74.918,77.319,79.633,81.839,83.908,85.803,87.479,88.889,89.988,90.741,91.135,91.186,90.945,90.503,89.977,89.496,89.165,89.043,89.121,89.348
78000.0,58.873,61.781,64.566,67.255,69.864,72.403,74.875,77.273,79.586,81.792,83.862,85.759,87.438,88.853,89.957,90.717,91.118,91.175,90.94,90.502,89.979,89.499,89.168,89.045,89.122,89.349
78060.0,58.851,61.755,64.536,67.22,69.826,72.362,74.831,77.228,79.539,81.745,83.816,85.715,87.397,88.816,89.927,90.693,91.101,91.164,90.935,90.501,89.981,89.502,89.171,89.047,89.123,89.349
78120.0,58.83,61.729,64.505,67.186,69.789,72.322,74.788,77.182,79.493,81.698,83.77,85.671,87.356,88.78,89.896,90.669,91.083,91.153,90.929,90.5,89.983,89.505,89.174,89.049,89.124,89.35
78180.0,58.808,61.703,64.475,67.152,69.751,72.281,74.745,77.137,79.446,81.652,83.724,85.627,87.316,88.744,89.865,90.645,91.066,91.142,90.924,90.499,89.985,89.508,89.177,89.051,89.125,89.351
78240.0,58.787,61.677,64.445,67.119,69.714,72.241,74.702,77.093,79.4,81.605,83.678,85.583,87.275,88.708,89.835,90.621,91.048,91.131,90.919,90.498,89.986,89.511,89.179,89.053,89.126,89.352
78300.0,58.765,61.651,64.416,67.085,69.677,72.201,74.66,77.048,79.355,81.559,83.633,85.539,87.235,88.672,89.804,90.596,91.031,91.12,90.913,90.497,89.988,89.513,89.182,89.055,89.127,89.352
78360.0,58.744,61.626,64.386,67.052,69.64,72.161,74.617,77.004,79.309,81.513,83.587,85.496,87.194,88.636,89.774,90.572,91.013,91.109,90.908,90.496,89.99,89.516,89.185,89.057,89.128,89.353
78420.0,58.723,61.6,64.357,67.019,69.604,72.122,74.575,76.96,79.264,81.467,83.542,85.452,87.154,88.6,89.743,90.548,90.996,91.098,90.902,90.495,89.991,89.519,89.188,89.059,89.129,89.354
78480.0,58.702,61.575,64.327,66.986,69.567,72.082,74.533,76.916,79.218,81.422,83.497,85.409,87.114,88.564,89.713,90.524,90.978,91.087,90.896,90.493,89.993,89.522,89.191,89.061,89.13,89.355
78540.0,58.681,61.55,64.298,66.953,69.531,72.043,74.491,76.872,79.173,81.376,83.453,85.366,87.074,88.528,89.682,90.499,90.96,91.075,90.891,90.492,89.994,89.525,89.193,89.063,89.131,89.355
78600.0,58.66,61.525,64.269,66.92,69.495,72.004,74.45,76.828,79.129,81.331,83.408,85.323,87.034,88.492,89.652,90.475,90.943,91.064,90.885,90.491,89.996,89.527,89.196,89.065,89.132,89.356
78660.0,58.639,61.5,64.24,66.887,69.459,71.965,74.408,76.785,79.084,81.286,83.363,85.28,86.994,88.457,89.622,90.451,90.925,91.053,90.879,90.489,89.997,89.53,89.199,89.067,89.134,89.357
78720.0,58.619,61.475,64.211,66.855,69.424,71.927,74.367,76.742,79.04,81.241,83.319,85.238,86.954,88.421,89.591,90.427,90.907,91.041,90.873,90.488,89.999,89.533,89.202,89.069,89.135,89.358
78780.0,58.598,61.45,64.183,66.823,69.388,71.888,74.326,76.699,78.996,81.197,83.275,85.195,86.915,88.385,89.561,90.402,90.889,91.03,90.868,90.486,90.0,89.536,89.204,89.071,89.136,89.358
78840.0,58.578,61.425,64.154,66.791,69.353,71.85,74.286,76.657,78.952,81.152,83.231,85.153,86.875,88.35,89.531,90.378,90.871,91.018,90.862,90.485,90.001,89.538,89.207,89.073,89.137,89.359
78900.0,58.557,61.401,64.126,66.759,69.318,71.812,74.245,76.614,78.908,81.108,83.187,85.111,86.836,88.314,89.5,90.354,90.854,91.006,90.856,90.483,90.003,89.541,89.21,89.075,89.138,89.36
78960.0,58.537,61.377,64.098,66.727,69.283,71.774,74.205,76.572,78.864,81.064,83.144,85.069,86.796,88.279,89.47,90.329,90.836,90.995,90.85,90.482,90.004,89.544,89.212,89.076,89.139,89.361
79020.0,58.517,61.352,64.07,66.696,69.248,71.736,74.165,76.53,78.821,81.02,83.1,85.027,86.757,88.244,89.44,90.305,90.818,90.983,90.844,90.48,90.005,89.546,89.215,89.078,89.14,89.362
79080.0,58.497,61.328,64.042,66.664,69.213,71.699,74.125,76.488,78.778,80.976,83.057,84.985,86.718,88.209,89.409,90.281,90.8,90.971,90.837,90.478,90.006,89.549,89.218,89.08,89.141,89.363
79140.0,58.477,61.304,64.014,66.633,69.179,71.662,74.085,76.446,78.735,80.933,83.014,84.943,86.679,88.173,89.379,90.256,90.782,90.96,90.831,90.476,90.008,89.551,89.22,89.082,89.142,89.363
79200.0,58.457,61.28,63.987,66.602,69.145,71.624,74.045,76.405,78.692,80.889,82.971,84.902,86.64,88.138,89.349,90.232,90.764,90.948,90.825,90.475,90.009,89.554,89.223,89.084,89.143,89.364
79260.0,58.437,61.257,63.959,66.571,69.11,71.588,74.006,76.363,78.649,80.846,82.928,84.86,86.601,88.103,89.319,90.208,90.745,90.936,90.819,90.473,90.01,89.557,89.226,89.086,89.145,89.365
79320.0,58.417,61.233,63.932,66.54,69.076,71.551,73.967,76.322,78.607,80.803,82.885,84.819,86.562,88.068,89.289,90.183,90.727,90.924,90.812,90.471,90.011,89.559,89.228,89.088,89.146,89.366
79380.0,58.398,61.209,63.904,66.51,69.043,71.514,73.928,76.281,78.564,80.76,82.843,84.778,86.524,88.033,89.259,90.159,90.709,90.912,90.806,90.469,90.012,89.562,89.231,89.09,89.147,89.367
79440.0,58.378,61.186,63.877,66.479,69.009,71.478,73.889,76.24,78.522,80.717,82.8,84.737,86.485,87.998,89.229,90.135,90.691,90.9,90.799,90.467,90.013,89.564,89.234,89.092,89.148,89.368
79500.0,58.359,61.163,63.85,66.449,68.976,71.441,73.85,76.2,78.48,80.675,82.758,84.696,86.447,87.964,89.199,90.11,90.673,90.888,90.793,90.465,90.014,89.566,89.236,89.094,89.149,89.368
79560.0,58.339,61.139,63.824,66.419,68.942,71.405,73.812,76.16,78.439,80.633,82.716,84.655,86.408,87.929,89.169,90.086,90.655,90.876,90.786,90.463,90.015,89.569,89.239,89.096,89.15,89.369
79620.0,58.32,61.116,63.797,66.389,68.909,71.37,73.774,76.119,78.397,80.59,82.674,84.614,86.37,87.894,89.139,90.061,90.636,90.864,90.78,90.461,90.016,89.571,89.241,89.098,89.151,89.37
79680.0,58.301,61.093,63.77,66.359,68.876,71.334,73.736,76.079,78.356,80.548,82.632,84.574,86.332,87.86,89.109,90.037,90.618,90.852,90.773,90.459,90.017,89.574,89.244,89.1,89.153,89.371
79740.0,58.282,61.07,63.744,66.329,68.843,71.298,73.698,76.039,78.315,80.507,82.591,84.533,86.294,87.825,89.079,90.013,90.6,90.839,90.767,90.456,90.018,89.576,89.247,89.102,89.154,89.372
79800.0,58.263,61.047,63.717,66.299,68.811,71.263,73.66,76.0,78.274,80.465,82.549,84.493,86.256,87.791,89.049,89.988,90.581,90.827,90.76,90.454,90.018,89.578,89.249,89.104,89.155,89.373
79860.0,58.244,61.025,63.691,66.27,68.778,71.228,73.622,75.96,78.233,80.423,82.508,84.453,86.218,87.756,89.019,89.964,90.563,90.815,90.753,90.452,90.019,89.581,89.252,89.106,89.156,89.374
79920.0,58.225,61.002,63.665,66.24,68.746,71.192,73.585,75.921,78.192,80.382,82.467,84.413,86.18,87.722,88.989,89.94,90.545,90.802,90.746,90.449,90.02,89.583,89.254,89.108,89.157,89.375
79980.0,58.206,60.979,63.639,66.211,68.714,71.158,73.548,75.882,78.152,80.341,82.426,84.373,86.143,87.688,88.96,89.915,90.526,90.79,90.739,90.447,90.021,89.585,89.257,89.11,89.158,89.376
80040.0,58.187,60.957,63.613,66.182,68.681,71.123,73.51,75.843,78.111,80.3,82.385,84.333,86.105,87.653,88.93,89.891,90.508,90.778,90.732,90.445,90.021,89.588,89.259,89.112,89.16,89.377
80100.0,58.169,60.935,63.587,66.153,68.65,71.088,73.474,75.804,78.071,80.259,82.344,84.294,86.068,87.619,88.9,89.866,90.489,90.765,90.725,90.442,90.022,89.59,89.262,89.114,89.161,89.377
80160.0,58.15,60.913,63.562,66.124,68.618,71.054,73.437,75.765,78.031,80.218,82.303,84.254,86.03,87.585,88.87,89.842,90.471,90.753,90.718,90.44,90.022,89.592,89.264,89.115,89.162,89.378
80220.0,58.132,60.89,63.536,66.095,68.586,71.019,73.4,75.727,77.991,80.178,82.263,84.215,85.993,87.551,88.841,89.818,90.452,90.74,90.711,90.437,90.023,89.594,89.267,89.117,89.163,89.379
80280.0,58.113,60.868,63.511,66.067,68.555,70.985,73.364,75.688,77.951,80.137,82.223,84.175,85.956,87.517,88.811,89.793,90.434,90.727,90.704,90.434,90.024,89.596,89.269,89.119,89.164,89.38
80340.0,58.095,60.846,63.485,66.038,68.523,70.951,73.327,75.65,77.912,80.097,82.182,84.136,85.919,87.483,88.782,89.769,90.415,90.715,90.697,90.432,90.024,89.598,89.272,89.121,89.166,89.381
80400.0,58.077,60.825,63.46,66.01,68.492,70.917,73.291,75.612,77.873,80.057,82.142,84.097,85.882,87.449,88.752,89.745,90.397,90.702,90.69,90.429,90.024,89.601,89.274,89.123,89.167,89.382
80460.0,58.058,60.803,63.435,65.982,68.461,70.884,73.255,75.574,77.833,80.017,82.103,84.058,85.845,87.416,88.722,89.72,90.378,90.689,90.683,90.426,90.025,89.603,89.277,89.125,89.168,89.383
80520.0,58.04,60.781,63.41,65.954,68.43,70.85,73.219,75.537,77.794,79.977,82.063,84.02,85.808,87.382,88.693,89.696,90.36,90.677,90.676,90.424,90.025,89.605,89.279,89.127,89.169,89.384
80580.0,58.022,60.76,63.385,65.926,68.399,70.817,73.184,75.499,77.755,79.938,82.023,83.981,85.771,87.348,88.664,89.672,90.341,90.664,90.668,90.421,90.026,89.607,89.281,89.129,89.17,89.385
80640.0,58.004,60.738,63.36,65.898,68.368,70.784,73.148,75.462,77.717,79.898,81.984,83.942,85.735,87.315,88.634,89.647,90.322,90.651,90.661,90.418,90.026,89.609,89.284,89.131,89.172,89.386
80700.0,57.986,60.717,63.336,65.87,68.338,70.75,73.113,75.425,77.678,79.859,81.944,83.904,85.698,87.281,88.605,89.623,90.304,90.638,90.653,90.415,90.026,89.611,89.286,89.133,89.173,89.387
80760.0,57.968,60.695,63.311,65.843,68.308,70.717,73.078,75.388,77.64,79.82,81.905,83.866,85.662,87.248,88.575,89.599,90.285,90.625,90.646,90.412,90.027,89.613,89.289,89.135,89.174,89.388
80820.0,57.951,60.674,63.287,65.815,68.277,70.685,73.043,75.351,77.601,79.781,81.866,83.828,85.626,87.215,88.546,89.574,90.266,90.613,90.638,90.409,90.027,89.615,89.291,89.137,89.175,89.389
80880.0,57.933,60.653,63.262,65.788,68.247,70.652,73.008,75.314,77.563,79.742,81.827,83.789,85.589,87.181,88.517,89.55,90.247,90.6,90.631,90.406,90.027,89.617,89.293,89.139,89.176,89.39
80940.0,57.915,60.632,63.238,65.761,68.217,70.619,72.973,75.277,77.525,79.703,81.789,83.751,85.553,87.148,88.488,89.526,90.229,90.587,90.623,90.403,90.027,89.619,89.296,89.141,89.178,89.391
81000.0,57.898,60.611,63.214,65.733,68.187,70.587,72.938,75.241,77.488,79.664,81.75,83.714,85.517,87.115,88.458,89.501,90.21,90.574,90.616,90.4,90.027,89.621,89.298,89.142,89.179,89.392
81060.0,57.88,60.59,63.19,65.706,68.157,70.555,72.904,75.205,77.45,79.626,81.711,83.676,85.481,87.082,88.429,89.477,90.191,90.561,90.608,90.397,90.027,89.622,89.3,89.144,89.18,89.393
81120.0,57.863,60.569,63.166,65.679,68.128,70.523,72.87,75.168,77.412,79.588,81.673,83.638,85.445,87.049,88.4,89.453,90.172,90.547,90.6,90.394,90.027,89.624,89.303,89.146,89.181,89.394
81180.0,57.846,60.549,63.142,65.653,68.098,70.491,72.835,75.132,77.375,79.55,81.635,83.601,85.41,87.016,88.371,89.429,90.154,90.534,90.593,90.39,90.027,89.626,89.305,89.148,89.183,89.395
81240.0,57.828,60.528,63.118,65.626,68.069,70.459,72.801,75.096,77.338,79.511,81.597,83.564,85.374,86.983,88.342,89.404,90.135,90.521,90.585,90.387,90.027,89.628,89.307,89.15,89.184,89.396
81300.0,57.811,60.507,63.095,65.599,68.04,70.427,72.767,75.061,77.301,79.474,81.559,83.526,85.339,86.95,88.313,89.38,90.116,90.508,90.577,90.384,90.027,89.63,89.31,89.152,89.185,89.397
81360.0,57.794,60.487,63.071,65.573,68.01,70.395,72.734,75.025,77.264,79.436,81.521,83.489,85.303,86.918,88.284,89.356,90.097,90.495,90.569,90.381,90.027,89.631,89.312,89.154,89.186,89.398
81420.0,57.777,60.467,63.048,65.547,67.981,70.364,72.7,74.99,77.227,79.398,81.483,83.452,85.268,86.885,88.255,89.332,90.078,90.482,90.561,90.377,90.027,89.633,89.314,89.156,89.188,89.399
81480.0,57.76,60.446,63.024,65.52,67.953,70.333,72.667,74.954,77.19,79.361,81.445,83.415,85.232,86.852,88.226,89.307,90.059,90.468,90.553,90.374,90.027,89.635,89.317,89.158,89.189,89.4
81540.0,57.743,60.426,63.001,65.494,67.924,70.301,72.633,74.919,77.154,79.323,81.408,83.378,85.197,86.82,88.198,89.283,90.04,90.455,90.545,90.37,90.027,89.637,89.319,89.16,89.19,89.402
81600.0,57.726,60.406,62.978,65.468,67.895,70.27,72.6,74.884,77.117,79.286,81.371,83.342,85.162,86.787,88.169,89.259,90.022,90.442,90.537,90.367,90.027,89.638,89.321,89.162,89.192,89.403
81660.0,57.709,60.386,62.955,65.442,67.867,70.239,72.567,74.849,77.081,79.249,81.333,83.305,85.127,86.755,88.14,89.235,90.003,90.428,90.529,90.363,90.026,89.64,89.323,89.163,89.193,89.404
81720.0,57.692,60.366,62.932,65.417,67.838,70.209,72.534,74.815,77.045,79.212,81.296,83.269,85.092,86.723,88.111,89.211,89.984,90.415,90.521,90.36,90.026,89.642,89.325,89.165,89.194,89.405
81780.0,57.676,60.346,62.909,65.391,67.81,70.178,72.501,74.78,77.009,79.175,81.259,83.232,85.057,86.69,88.083,89.186,89.965,90.401,90.513,90.356,90.026,89.643,89.328,89.167,89.195,89.406
81840.0,57.659,60.326,62.886,65.365,67.782,70.147,72.468,74.746,76.973,79.139,81.222,83.196,85.023,86.658,88.054,89.162,89.946,90.388,90.505,90.352,90.026,89.645,89.33,89.169,89.197,89.407
81900.0,57.642,60.307,62.864,65.34,67.753,70.117,72.436,74.711,76.937,79.102,81.186,83.16,84.988,86.626,88.025,89.138,89.927,90.375,90.497,90.349,90.025,89.646,89.332,89.171,89.198,89.408
81960.0,57.626,60.287,62.841,65.314,67.726,70.086,72.403,74.677,76.902,79.066,81.149,83.124,84.953,86.594,87.997,89.114,89.908,90.361,90.488,90.345,90.025,89.648,89.334,89.173,89.199,89.409
82020.0,57.609,60.267,62.818,65.289,67.698,70.056,72.371,74.643,76.866,79.03,81.113,83.088,84.919,86.562,87.968,89.09,89.889,90.347,90.48,90.341,90.024,89.649,89.336,89.175,89.201,89.41
82080.0,57.593,60.248,62.796,65.264,67.67,70.026,72.339,74.609,76.831,78.993,81.076,83.052,84.885,86.53,87.94,89.066,89.87,90.334,90.472,90.337,90.024,89.651,89.339,89.177,89.202,89.411
82140.0,57.577,60.228,62.774,65.239,67.642,69.996,72.307,74.575,76.796,78.957,81.04,83.016,84.85,86.498,87.911,89.042,89.851,90.32,90.463,90.334,90.023,89.652,89.341,89.178,89.203,89.412
82200.0,57.56,60.209,62.751,65.214,67.615,69.966,72.275,74.541,76.761,78.921,81.004,82.981,84.816,86.466,87.883,89.018,89.832,90.307,90.455,90.33,90.023,89.654,89.343,89.18,89.205,89.414
82260.0,57.544,60.19,62.729,65.189,67.587,69.937,72.243,74.508,76.726,78.886,80.968,82.945,84.782,86.435,87.855,88.994,89.813,90.293,90.447,90.326,90.022,89.655,89.345,89.182,89.206,89.415
82320.0,57.528,60.17,62.707,65.164,67.56,69.907,72.211,74.475,76.691,78.85,80.932,82.91,84.748,86.403,87.826,88.97,89.794,90.279,90.438,90.322,90.022,89.657,89.347,89.184,89.207,89.416
82380.0,57.512,60.151,62.685,65.139,67.533,69.877,72.18,74.441,76.657,78.814,80.896,82.875,84.714,86.371,87.798,88.946,89.775,90.266,90.43,90.318,90.021,89.658,89.349,89.186,89.208,89.417
82440.0,57.496,60.132,62.663,65.115,67.506,69.848,72.148,74.408,76.622,78.779,80.861,82.839,84.68,86.34,87.77,88.922,89.756,90.252,90.421,90.314,90.02,89.659,89.351,89.188,89.21,89.418
82500.0,57.48,60.113,62.641,65.09,67.479,69.819,72.117,74.375,76.588,78.744,80.825,82.804,84.646,86.308,87.742,88.898,89.737,90.238,90.413,90.31,90.02,89.661,89.353,89.19,89.211,89.419
82560.0,57.464,60.094,62.619,65.066,67.452,69.79,72.086,74.342,76.553,78.709,80.79,82.769,84.613,86.277,87.713,88.874,89.718,90.224,90.404,90.306,90.019,89.662,89.355,89.192,89.212,89.42
82620.0,57.448,60.075,62.598,65.041,67.425,69.761,72.055,74.309,76.519,78.674,80.754,82.734,84.579,86.246,87.685,88.85,89.699,90.211,90.395,90.301,90.018,89.663,89.357,89.193,89.214,89.422
82680.0,57.432,60.057,62.576,65.017,67.398,69.732,72.024,74.277,76.485,78.639,80.719,82.7,84.546,86.214,87.657,88.826,89.68,90.197,90.387,90.297,90.018,89.665,89.359,89.195,89.215,89.423
82740.0,57.417,60.038,62.555,64.993,67.372,69.703,71.993,74.244,76.451,78.604,80.684,82.665,84.512,86.183,87.629,88.802,89.661,90.183,90.378,90.293,90.017,89.666,89.361,89.197,89.216,89.424
82800.0,57.401,60.019,62.533,64.969,67.345,69.674,71.962,74.212,76.417,78.569,80.649,82.63,84.479,86.152,87.601,88.778,89.641,90.169,90.369,90.289,90.016,89.667,89.363,89.199,89.218,89.425
82860.0,57.385,60.001,62.512,64.945,67.319,69.645,71.932,74.179,76.384,78.535,80.614,82.596,84.446,86.121,87.573,88.754,89.622,90.155,90.36,90.284,90.015,89.668,89.365,89.201,89.219,89.426
82920.0,57.37,59.982,62.491,64.921,67.293,69.617,71.901,74.147,76.35,78.5,80.579,82.562,84.413,86.09,87.545,88.73,89.603,90.141,90.352,90.28,90.014,89.669,89.367,89.203,89.22,89.427
82980.0,57.354,59.964,62.469,64.897,67.266,69.588,71.871,74.115,76.317,78.466,80.545,82.527,84.38,86.059,87.517,88.706,89.584,90.127,90.343,90.276,90.013,89.671,89.369,89.204,89.222,89.429
83040.0,57.339,59.945,62.448,64.874,67.24,69.56,71.841,74.083,76.283,78.432,80.51,82.493,84.347,86.028,87.49,88.683,89.565,90.113,90.334,90.271,90.012,89.672,89.371,89.206,89.223,89.43
83100.0,57.323,59.927,62.427,64.85,67.214,69.532,71.81,74.051,76.25,78.398,80.476,82.459,84.314,85.997,87.462,88.659,89.546,90.099,90.325,90.267,90.011,89.673,89.373,89.208,89.225,89.431
83160.0,57.308,59.909,62.406,64.827,67.188,69.504,71.78,74.019,76.217,78.364,80.441,82.425,84.281,85.966,87.434,88.635,89.527,90.085,90.316,90.262,90.01,89.674,89.375,89.21,89.226,89.432
83220.0,57.292,59.89,62.385,64.803,67.163,69.476,71.75,73.988,76.184,78.33,80.407,82.391,84.248,85.936,87.406,88.611,89.508,90.071,90.307,90.258,90.009,89.675,89.377,89.212,89.227,89.433
83280.0,57.277,59.872,62.365,64.78,67.137,69.448,71.721,73.956,76.151,78.296,80.373,82.357,84.215,85.905,87.379,88.587,89.489,90.057,90.298,90.253,90.008,89.676,89.379,89.214,89.229,89.435
83340.0,57.262,59.854,62.344,64.757,67.111,69.42,71.691,73.925,76.119,78.262,80.339,82.324,84.183,85.875,87.351,88.564,89.47,90.043,90.289,90.249,90.007,89.677,89.381,89.215,89.23,89.436
83400.0,57.247,59.836,62.323,64.733,67.086,69.393,71.661,73.894,76.086,78.229,80.305,82.29,84.15,85.844,87.324,88.54,89.45,90.029,90.28,90.244,90.006,89.678,89.383,89.217,89.231,89.437
83460.0,57.232,59.818,62.303,64.71,67.06,69.365,71.632,73.862,76.054,78.195,80.271,82.257,84.118,85.814,87.296,88.516,89.431,90.015,90.271,90.24,90.004,89.679,89.385,89.219,89.233,89.438
83520.0,57.216,59.8,62.282,64.687,67.035,69.338,71.602,73.831,76.021,78.162,80.238,82.223,84.086,85.783,87.269,88.493,89.412,90.001,90.262,90.235,90.003,89.68,89.386,89.221,89.234,89.439
83580.0,57.201,59.783,62.262,64.664,67.01,69.31,71.573,73.8,75.989,78.129,80.204,82.19,84.053,85.753,87.241,88.469,89.393,89.987,90.252,90.23,90.002,89.681,89.388,89.223,89.235,89.441
83640.0,57.186,59.765,62.241,64.642,66.985,69.283,71.544,73.77,75.957,78.096,80.171,82.157,84.021,85.723,87.214,88.445,89.374,89.973,90.243,90.225,90.001,89.682,89.39,89.224,89.237,89.442
83700.0,57.172,59.747,62.221,64.619,66.96,69.256,71.515,73.739,75.925,78.063,80.137,82.124,83.989,85.692,87.186,88.422,89.355,89.959,90.234,90.221,89.999,89.683,89.392,89.226,89.238,89.443
83760.0,57.157,59.729,62.201,64.596,66.935,69.229,71.486,73.708,75.893,78.03,80.104,82.091,83.957,85.662,87.159,88.398,89.336,89.944,90.225,90.216,89.998,89.684,89.394,89.228,89.24,89.444
83820.0,57.142,59.712,62.181,64.574,66.91,69.202,71.457,73.678,75.861,77.997,80.071,82.058,83.925,85.632,87.132,88.375,89.317,89.93,90.215,90.211,89.997,89.684,89.396,89.23,89.241,89.446
83880.0,57.127,59.694,62.16,64.551,66.885,69.175,71.428,73.647,75.829,77.965,80.038,82.025,83.893,85.602,87.105,88.351,89.297,89.916,90.206,90.206,89.995,89.685,89.397,89.232,89.242,89.447
83940.0,57.112,59.677,62.14,64.529,66.86,69.148,71.399,73.617,75.797,77.932,80.005,81.992,83.862,85.572,87.077,88.327,89.278,89.902,90.197,90.201,89.994,89.686,89.399,89.233,89.244,89.448
84000.0,57.098,59.66,62.12,64.506,66.836,69.121,71.371,73.587,75.766,77.9,79.972,81.96,83.83,85.542,87.05,88.304,89.259,89.887,90.187,90.196,89.992,89.687,89.401,89.235,89.245,89.449
84060.0,57.083,59.642,62.101,64.484,66.811,69.095,71.342,73.557,75.735,77.867,79.939,81.927,83.798,85.513,87.023,88.28,89.24,89.873,90.178,90.191,89.991,89.688,89.403,89.237,89.246,89.451
84120.0,57.068,59.625,62.081,64.462,66.787,69.068,71.314,73.527,75.703,77.835,79.907,81.895,83.767,85.483,86.996,88.257,89.221,89.859,90.169,90.186,89.989,89.688,89.404,89.239,89.248,89.452
84180.0,57.054,59.608,62.061,64.44,66.763,69.042,71.286,73.497,75.672,77.803,79.874,81.862,83.735,85.453,86.969,88.234,89.202,89.844,90.159,90.181,89.988,89.689,89.406,89.24,89.249,89.453
84240.0,57.039,59.591,62.041,64.418,66.738,69.016,71.258,73.467,75.641,77.771,79.842,81.83,83.704,85.424,86.942,88.21,89.183,89.83,90.15,90.176,89.986,89.69,89.408,89.242,89.251,89.454
84300.0,57.025,59.573,62.022,64.396,66.714,68.989,71.23,73.437,75.61,77.739,79.809,81.798,83.673,85.394,86.915,88.187,89.164,89.816,90.14,90.171,89.985,89.69,89.409,89.244,89.252,89.456
84360.0,57.011,59.556,62.002,64.374,66.69,68.963,71.202,73.408,75.579,77.707,79.777,81.766,83.641,85.365,86.888,88.163,89.144,89.801,90.131,90.166,89.983,89.691,89.411,89.246,89.253,89.457
84420.0,56.996,59.539,61.983,64.352,66.666,68.937,71.174,73.378,75.548,77.676,79.745,81.734,83.61,85.335,86.861,88.14,89.125,89.787,90.121,90.161,89.981,89.692,89.413,89.247,89.255,89.458
84480.0,56.982,59.523,61.963,64.33,66.642,68.911,71.146,73.349,75.518,77.644,79.713,81.702,83.579,85.306,86.835,88.117,89.106,89.773,90.111,90.156,89.98,89.692,89.414,89.249,89.256,89.46
84540.0,56.968,59.506,61.944,64.309,66.618,68.886,71.118,73.32,75.487,77.612,79.681,81.67,83.548,85.276,86.808,88.093,89.087,89.758,90.102,90.15,89.978,89.693,89.416,89.251,89.258,89.461
84600.0,56.953,59.489,61.925,64.287,66.595,68.86,71.091,73.29,75.457,77.581,79.649,81.638,83.517,85.247,86.781,88.07,89.068,89.744,90.092,90.145,89.976,89.693,89.418,89.253,89.259,89.462
84660.0,56.939,59.472,61.906,64.266,66.571,68.834,71.063,73.261,75.426,77.55,79.617,81.607,83.487,85.218,86.754,88.047,89.049,89.729,90.082,90.14,89.974,89.694,89.419,89.254,89.26,89.463
84720.0,56.925,59.455,61.886,64.244,66.547,68.808,71.036,73.232,75.396,77.519,79.586,81.575,83.456,85.189,86.728,88.023,89.03,89.715,90.073,90.134,89.973,89.695,89.421,89.256,89.262,89.465
84780.0,56.911,59.439,61.867,64.223,66.524,68.783,71.009,73.203,75.366,77.487,79.554,81.544,83.425,85.16,86.701,88.0,89.011,89.7,90.063,90.129,89.971,89.695,89.423,89.258,89.263,89.466
84840.0,56.897,59.422,61.848,64.202,66.5,68.758,70.981,73.175,75.336,77.456,79.523,81.512,83.395,85.131,86.675,87.977,88.992,89.686,90.053,90.124,89.969,89.695,89.424,89.259,89.265,89.467
84900.0,56.883,59.406,61.829,64.18,66.477,68.732,70.954,73.146,75.306,77.425,79.491,81.481,83.364,85.102,86.648,87.954,88.972,89.671,90.043,90.118,89.967,89.696,89.426,89.261,89.266,89.469
84960.0,56.869,59.389,61.811,64.159,66.454,68.707,70.927,73.117,75.276,77.395,79.46,81.45,83.334,85.073,86.622,87.931,88.953,89.657,90.034,90.113,89.965,89.696,89.427,89.263,89.267,89.47
85020.0,56.855,59.373,61.792,64.138,66.431,68.682,70.9,73.089,75.246,77.364,79.429,81.419,83.303,85.044,86.595,87.907,88.934,89.642,90.024,90.107,89.963,89.697,89.429,89.265,89.269,89.471
85080.0,56.841,59.356,61.773,64.117,66.407,68.657,70.873,73.06,75.216,77.333,79.398,81.388,83.273,85.015,86.569,87.884,88.915,89.628,90.014,90.102,89.961,89.697,89.43,89.266,89.27,89.473
85140.0,56.828,59.34,61.754,64.096,66.384,68.632,70.847,73.032,75.187,77.303,79.367,81.357,83.243,84.987,86.543,87.861,88.896,89.613,90.004,90.096,89.959,89.698,89.432,89.268,89.272,89.474
85200.0,56.814,59.324,61.736,64.075,66.361,68.607,70.82,73.004,75.157,77.272,79.336,81.326,83.213,84.958,86.516,87.838,88.877,89.599,89.994,90.091,89.957,89.698,89.433,89.27,89.273,89.475
85260.0,56.8,59.307,61.717,64.055,66.339,68.582,70.793,72.976,75.128,77.242,79.305,81.295,83.182,84.929,86.49,87.815,88.858,89.584,89.984,90.085,89.955,89.698,89.435,89.271,89.275,89.477
85320.0,56.786,59.291,61.699,64.034,66.316,68.557,70.767,72.948,75.098,77.212,79.274,81.264,83.152,84.901,86.464,87.792,88.839,89.57,89.974,90.079,89.953,89.698,89.436,89.273,89.276,89.478
85380.0,56.773,59.275,61.68,64.013,66.293,68.533,70.74,72.92,75.069,77.182,79.243,81.234,83.123,84.872,86.438,87.769,88.82,89.555,89.964,90.074,89.951,89.699,89.438,89.275,89.277,89.479
85440.0,56.759,59.259,61.662,63.993,66.27,68.508,70.714,72.892,75.04,77.152,79.213,81.203,83.093,84.844,86.412,87.746,88.801,89.54,89.954,90.068,89.949,89.699,89.439,89.276,89.279,89.481
85500.0,56.745,59.243,61.643,63.972,66.248,68.484,70.688,72.864,75.011,77.122,79.182,81.173,83.063,84.816,86.386,87.723,88.782,89.526,89.944,90.062,89.946,89.699,89.441,89.278,89.28,89.482
85560.0,56.732,59.227,61.625,63.952,66.225,68.459,70.662,72.836,74.982,77.092,79.152,81.142,83.033,84.787,86.359,87.7,88.763,89.511,89.934,90.057,89.944,89.699,89.442,89.28,89.282,89.483
85620.0,56.718,59.211,61.607,63.931,66.203,68.435,70.636,72.809,74.953,77.062,79.122,81.112,83.004,84.759,86.333,87.677,88.744,89.496,89.924,90.051,89.942,89.7,89.444,89.281,89.283,89.485
85680.0,56.705,59.195,61.589,63.911,66.181,68.411,70.61,72.781,74.924,77.032,79.091,81.082,82.974,84.731,86.308,87.654,88.724,89.482,89.914,90.045,89.94,89.7,89.445,89.283,89.285,89.486
85740.0,56.692,59.18,61.571,63.891,66.158,68.387,70.584,72.754,74.896,77.003,79.061,81.052,82.944,84.703,86.282,87.632,88.705,89.467,89.904,90.039,89.937,89.7,89.446,89.285,89.286,89.487
85800.0,56.678,59.164,61.553,63.871,66.136,68.362,70.558,72.727,74.867,76.973,79.031,81.021,82.915,84.675,86.256,87.609,88.686,89.452,89.894,90.033,89.935,89.7,89.448,89.286,89.287,89.489
85860.0,56.665,59.148,61.535,63.85,66.114,68.338,70.532,72.699,74.839,76.944,79.001,80.991,82.886,84.647,86.23,87.586,88.667,89.438,89.884,90.028,89.933,89.7,89.449,89.288,89.289,89.49
85920.0,56.652,59.132,61.517,63.83,66.092,68.315,70.507,72.672,74.81,76.914,78.971,80.962,82.856,84.619,86.204,87.563,88.648,89.423,89.874,90.022,89.93,89.7,89.45,89.29,89.29,89.492
85980.0,56.638,59.117,61.499,63.81,66.07,68.291,70.481,72.645,74.782,76.885,78.942,80.932,82.827,84.591,86.178,87.54,88.629,89.408,89.863,90.016,89.928,89.7,89.452,89.291,89.292,89.493
86040.0,56.625,59.101,61.481,63.79,66.048,68.267,70.456,72.618,74.754,76.856,78.912,80.902,82.798,84.563,86.153,87.518,88.61,89.394,89.853,90.01,89.926,89.7,89.453,89.293,89.293,89.494
86100.0,56.612,59.086,61.463,63.771,66.026,68.243,70.43,72.591,74.726,76.827,78.882,80.872,82.769,84.535,86.127,87.495,88.591,89.379,89.843,90.004,89.923,89.7,89.454,89.294,89.295,89.496
86160.0,56.599,59.07,61.446,63.751,66.004,68.22,70.405,72.565,74.698,76.798,78.853,80.843,82.74,84.508,86.101,87.472,88.572,89.364,89.833,89.998,89.921,89.7,89.456,89.296,89.296,89.497
86220.0,56.586,59.055,61.428,63.731,65.983,68.196,70.38,72.538,74.67,76.769,78.823,80.813,82.711,84.48,86.076,87.45,88.553,89.349,89.822,89.992,89.918,89.7,89.457,89.298,89.297,89.498
86280.0,56.573,59.039,61.41,63.711,65.961,68.173,70.355,72.511,74.642,76.74,78.794,80.784,82.682,84.452,86.05,87.427,88.534,89.335,89.812,89.986,89.916,89.7,89.458,89.299,89.299,89.5
86340.0,56.56,59.024,61.393,63.692,65.939,68.149,70.33,72.485,74.614,76.711,78.765,80.755,82.653,84.425,86.025,87.404,88.515,89.32,89.802,89.98,89.913,89.7,89.46,89.301,89.3,89.501
