local_time_s,0.00000,0.00334,0.00711,0.01135,0.01614,0.02154,0.02762,0.03449,0.04222,0.05095,0.06078,0.07187,0.08438,0.09847,0.11437,0.13229,0.15250,0.17528,0.20097,0.22993,0.26259,0.29940,0.34092,0.38772,0.44050,0.50000
0.0,53.712,55.717,57.646,59.518,61.35,63.151,64.928,66.684,68.418,70.125,71.794,73.41,74.952,76.391,77.694,78.826,79.751,80.444,80.895,81.118,81.154,81.07,80.951,80.881,80.927,81.143
60.0,53.703,55.754,57.708,59.593,61.432,63.24,65.023,66.786,68.527,70.24,71.917,73.54,75.089,76.535,77.846,78.984,79.917,80.617,81.075,81.304,81.347,81.27,81.158,81.093,81.143,81.363
120.0,53.677,55.725,57.682,59.571,61.412,63.219,65.001,66.763,68.502,70.215,71.891,73.515,75.064,76.512,77.824,78.965,79.901,80.605,81.066,81.299,81.344,81.269,81.158,81.094,81.144,81.364
180.0,53.655,55.701,57.658,59.549,61.391,63.198,64.979,66.739,68.478,70.19,71.866,73.489,75.04,76.488,77.803,78.946,79.885,80.592,81.057,81.293,81.342,81.269,81.159,81.095,81.146,81.366
240.0,53.635,55.678,57.635,59.527,61.37,63.177,64.957,66.716,68.454,70.165,71.84,73.464,75.015,76.465,77.781,78.927,79.869,80.58,81.049,81.288,81.339,81.268,81.16,81.096,81.147,81.367
300.0,53.617,55.658,57.613,59.505,61.348,63.155,64.935,66.693,68.43,70.14,71.815,73.439,74.99,76.442,77.76,78.908,79.853,80.567,81.04,81.283,81.336,81.268,81.16,81.098,81.148,81.368
360.0,53.6,55.638,57.592,59.483,61.326,63.133,64.912,66.67,68.405,70.115,71.79,73.414,74.966,76.418,77.738,78.89,79.838,80.555,81.031,81.277,81.334,81.267,81.161,81.099,81.15,81.37
420.0,53.584,55.62,57.572,59.462,61.304,63.111,64.89,66.647,68.381,70.091,71.765,73.389,74.941,76.395,77.717,78.871,79.822,80.543,81.022,81.271,81.331,81.267,81.162,81.1,81.151,81.371
480.0,53.569,55.601,57.552,59.44,61.282,63.088,64.867,66.623,68.357,70.066,71.74,73.364,74.917,76.372,77.695,78.852,79.806,80.53,81.013,81.266,81.328,81.266,81.162,81.101,81.152,81.372
540.0,53.553,55.584,57.533,59.42,61.261,63.066,64.844,66.6,68.333,70.041,71.715,73.339,74.893,76.349,77.674,78.833,79.79,80.518,81.004,81.26,81.326,81.265,81.163,81.102,81.153,81.373
600.0,53.539,55.567,57.514,59.399,61.239,63.044,64.822,66.577,68.309,70.017,71.69,73.314,74.868,76.325,77.653,78.814,79.774,80.505,80.995,81.255,81.323,81.265,81.164,81.103,81.155,81.375
660.0,53.524,55.55,57.495,59.379,61.218,63.022,64.799,66.553,68.285,69.992,71.665,73.289,74.844,76.302,77.631,78.795,79.758,80.493,80.986,81.249,81.32,81.264,81.164,81.104,81.156,81.376
720.0,53.51,55.534,57.476,59.359,61.197,63.0,64.776,66.53,68.261,69.968,71.64,73.264,74.82,76.279,77.61,78.776,79.742,80.48,80.977,81.244,81.317,81.263,81.165,81.106,81.157,81.377
780.0,53.496,55.517,57.458,59.34,61.176,62.978,64.754,66.506,68.238,69.943,71.615,73.24,74.796,76.256,77.589,78.757,79.726,80.468,80.968,81.238,81.314,81.263,81.165,81.107,81.158,81.379
840.0,53.482,55.501,57.441,59.32,61.155,62.956,64.731,66.483,68.214,69.919,71.591,73.215,74.772,76.233,77.568,78.739,79.711,80.455,80.959,81.232,81.312,81.262,81.166,81.108,81.16,81.38
900.0,53.469,55.486,57.423,59.301,61.134,62.934,64.708,66.46,68.19,69.895,71.566,73.191,74.748,76.21,77.547,78.72,79.695,80.443,80.95,81.227,81.309,81.261,81.166,81.109,81.161,81.381
960.0,53.455,55.47,57.405,59.282,61.114,62.913,64.686,66.437,68.166,69.87,71.542,73.166,74.724,76.188,77.525,78.701,79.679,80.43,80.941,81.221,81.306,81.26,81.167,81.11,81.162,81.383
1020.0,53.442,55.455,57.388,59.263,61.094,62.891,64.663,66.413,68.142,69.846,71.517,73.142,74.7,76.165,77.504,78.682,79.663,80.418,80.932,81.215,81.303,81.26,81.167,81.111,81.163,81.384
1080.0,53.429,55.44,57.371,59.244,61.073,62.87,64.641,66.39,68.118,69.822,71.493,73.117,74.676,76.142,77.483,78.663,79.647,80.405,80.923,81.209,81.3,81.259,81.168,81.112,81.165,81.385
1140.0,53.416,55.425,57.354,59.225,61.053,62.849,64.619,66.367,68.095,69.798,71.468,73.093,74.652,76.119,77.462,78.645,79.631,80.393,80.914,81.204,81.297,81.258,81.169,81.113,81.166,81.386
1200.0,53.403,55.41,57.337,59.207,61.034,62.828,64.597,66.344,68.071,69.774,71.444,73.069,74.629,76.097,77.441,78.626,79.615,80.38,80.905,81.198,81.294,81.257,81.169,81.115,81.167,81.388
1260.0,53.391,55.395,57.321,59.189,61.014,62.807,64.574,66.321,68.047,69.75,71.42,73.045,74.605,76.074,77.42,78.607,79.6,80.367,80.896,81.192,81.291,81.256,81.17,81.116,81.168,81.389
1320.0,53.378,55.38,57.304,59.171,60.994,62.786,64.552,66.298,68.024,69.726,71.396,73.021,74.581,76.052,77.399,78.589,79.584,80.355,80.887,81.186,81.288,81.256,81.17,81.117,81.17,81.39
1380.0,53.365,55.366,57.288,59.152,60.975,62.765,64.531,66.276,68.0,69.702,71.371,72.997,74.558,76.029,77.378,78.57,79.568,80.342,80.877,81.18,81.285,81.255,81.17,81.118,81.171,81.392
1440.0,53.353,55.351,57.272,59.134,60.955,62.744,64.509,66.253,67.977,69.678,71.347,72.973,74.534,76.007,77.358,78.551,79.552,80.33,80.868,81.174,81.282,81.254,81.171,81.119,81.172,81.393
1500.0,53.341,55.337,57.255,59.117,60.936,62.723,64.487,66.23,67.954,69.654,71.323,72.949,74.511,75.984,77.337,78.533,79.536,80.317,80.859,81.168,81.279,81.253,81.171,81.12,81.173,81.394
1560.0,53.328,55.323,57.239,59.099,60.917,62.703,64.465,66.208,67.93,69.63,71.299,72.925,74.487,75.962,77.316,78.514,79.521,80.305,80.85,81.163,81.276,81.252,81.172,81.121,81.175,81.396
1620.0,53.316,55.309,57.223,59.081,60.897,62.682,64.444,66.185,67.907,69.606,71.275,72.901,74.464,75.939,77.295,78.496,79.505,80.292,80.841,81.157,81.273,81.251,81.172,81.122,81.176,81.397
1680.0,53.304,55.294,57.207,59.064,60.878,62.662,64.422,66.163,67.884,69.583,71.251,72.877,74.441,75.917,77.274,78.477,79.489,80.279,80.831,81.151,81.27,81.25,81.173,81.123,81.177,81.398
1740.0,53.292,55.28,57.192,59.046,60.859,62.642,64.401,66.14,67.861,69.559,71.227,72.853,74.417,75.895,77.254,78.459,79.473,80.267,80.822,81.145,81.267,81.249,81.173,81.124,81.178,81.4
1800.0,53.28,55.267,57.176,59.029,60.841,62.622,64.379,66.118,67.838,69.536,71.204,72.83,74.394,75.873,77.233,78.44,79.457,80.254,80.813,81.139,81.264,81.248,81.173,81.125,81.18,81.401
1860.0,53.268,55.253,57.16,59.012,60.822,62.602,64.358,66.096,67.815,69.512,71.18,72.806,74.371,75.85,77.212,78.422,79.442,80.241,80.804,81.133,81.26,81.247,81.174,81.126,81.181,81.402
1920.0,53.256,55.239,57.145,58.995,60.803,62.582,64.337,66.074,67.792,69.489,71.156,72.782,74.348,75.828,77.192,78.403,79.426,80.229,80.794,81.127,81.257,81.246,81.174,81.127,81.182,81.403
1980.0,53.244,55.225,57.129,58.978,60.785,62.562,64.316,66.052,67.769,69.465,71.133,72.759,74.325,75.806,77.171,78.385,79.41,80.216,80.785,81.121,81.254,81.245,81.175,81.128,81.183,81.405
2040.0,53.233,55.212,57.114,58.961,60.766,62.542,64.295,66.03,67.746,69.442,71.109,72.735,74.302,75.784,77.151,78.366,79.394,80.204,80.776,81.114,81.251,81.244,81.175,81.129,81.185,81.406
2100.0,53.221,55.198,57.099,58.944,60.748,62.522,64.274,66.008,67.724,69.419,71.086,72.712,74.279,75.762,77.13,78.348,79.379,80.191,80.766,81.108,81.247,81.243,81.175,81.13,81.186,81.407
2160.0,53.209,55.185,57.084,58.927,60.73,62.503,64.253,65.986,67.701,69.396,71.062,72.688,74.256,75.74,77.11,78.33,79.363,80.178,80.757,81.102,81.244,81.242,81.176,81.131,81.187,81.409
2220.0,53.198,55.171,57.068,58.91,60.711,62.483,64.233,65.964,67.678,69.372,71.039,72.665,74.233,75.718,77.089,78.311,79.347,80.166,80.748,81.096,81.241,81.241,81.176,81.132,81.188,81.41
2280.0,53.186,55.158,57.053,58.893,60.693,62.464,64.212,65.942,67.656,69.349,71.015,72.642,74.21,75.696,77.069,78.293,79.331,80.153,80.738,81.09,81.238,81.24,81.176,81.133,81.189,81.411
2340.0,53.175,55.144,57.038,58.877,60.675,62.444,64.191,65.921,67.634,69.326,70.992,72.619,74.188,75.674,77.049,78.275,79.316,80.14,80.729,81.084,81.234,81.239,81.176,81.134,81.191,81.413
2400.0,53.163,55.131,57.023,58.86,60.657,62.425,64.171,65.899,67.611,69.303,70.969,72.596,74.165,75.653,77.028,78.256,79.3,80.128,80.72,81.078,81.231,81.237,81.177,81.135,81.192,81.414
2460.0,53.152,55.118,57.008,58.844,60.639,62.406,64.15,65.878,67.589,69.281,70.946,72.572,74.142,75.631,77.008,78.238,79.284,80.115,80.71,81.071,81.228,81.236,81.177,81.136,81.193,81.415
2520.0,53.141,55.105,56.994,58.827,60.621,62.386,64.13,65.856,67.567,69.258,70.923,72.549,74.12,75.609,76.988,78.22,79.269,80.102,80.701,81.065,81.224,81.235,81.177,81.137,81.194,81.416
2580.0,53.129,55.092,56.979,58.811,60.604,62.367,64.11,65.835,67.545,69.235,70.9,72.526,74.097,75.588,76.967,78.201,79.253,80.09,80.691,81.059,81.221,81.234,81.177,81.138,81.196,81.418
2640.0,53.118,55.079,56.964,58.795,60.586,62.348,64.089,65.814,67.522,69.212,70.877,72.503,74.074,75.566,76.947,78.183,79.237,80.077,80.682,81.053,81.217,81.233,81.178,81.139,81.197,81.419
2700.0,53.107,55.066,56.95,58.779,60.568,62.329,64.069,65.793,67.5,69.19,70.854,72.48,74.052,75.544,76.927,78.165,79.222,80.064,80.672,81.046,81.214,81.231,81.178,81.14,81.198,81.42
2760.0,53.096,55.053,56.935,58.763,60.551,62.31,64.049,65.772,67.479,69.167,70.831,72.458,74.03,75.523,76.907,78.147,79.206,80.052,80.663,81.04,81.21,81.23,81.178,81.141,81.199,81.422
2820.0,53.085,55.04,56.92,58.747,60.533,62.292,64.029,65.751,67.457,69.145,70.808,72.435,74.007,75.501,76.887,78.129,79.19,80.039,80.654,81.034,81.207,81.229,81.178,81.142,81.2,81.423
2880.0,53.073,55.027,56.906,58.731,60.516,62.273,64.009,65.73,67.435,69.122,70.785,72.412,73.985,75.48,76.867,78.111,79.175,80.026,80.644,81.028,81.204,81.228,81.179,81.143,81.202,81.424
2940.0,53.062,55.014,56.892,58.715,60.498,62.254,63.989,65.709,67.413,69.1,70.763,72.389,73.963,75.458,76.847,78.092,79.159,80.013,80.635,81.021,81.2,81.226,81.179,81.144,81.203,81.426
3000.0,53.051,55.002,56.877,58.699,60.481,62.236,63.97,65.688,67.392,69.078,70.74,72.367,73.94,75.437,76.826,78.074,79.143,80.001,80.625,81.015,81.196,81.225,81.179,81.145,81.204,81.427
3060.0,53.04,54.989,56.863,58.683,60.464,62.217,63.95,65.667,67.37,69.056,70.718,72.344,73.918,75.415,76.806,78.056,79.128,79.988,80.615,81.008,81.193,81.224,81.179,81.146,81.205,81.428
3120.0,53.03,54.976,56.849,58.667,60.447,62.199,63.93,65.647,67.348,69.033,70.695,72.322,73.896,75.394,76.787,78.038,79.112,79.975,80.606,81.002,81.189,81.222,81.179,81.147,81.206,81.429
3180.0,53.019,54.964,56.835,58.651,60.43,62.18,63.911,65.626,67.327,69.011,70.673,72.299,73.874,75.373,76.767,78.02,79.097,79.963,80.596,80.996,81.186,81.221,81.179,81.148,81.208,81.431
3240.0,53.008,54.951,56.82,58.636,60.413,62.162,63.891,65.605,67.306,68.989,70.65,72.277,73.852,75.352,76.747,78.002,79.081,79.95,80.587,80.989,81.182,81.22,81.179,81.149,81.209,81.432
3300.0,52.997,54.939,56.806,58.62,60.396,62.143,63.872,65.585,67.284,68.967,70.628,72.254,73.83,75.33,76.727,77.984,79.065,79.937,80.577,80.983,81.179,81.218,81.18,81.149,81.21,81.433
3360.0,52.986,54.926,56.792,58.605,60.379,62.125,63.852,65.564,67.263,68.945,70.606,72.232,73.808,75.309,76.707,77.966,79.05,79.925,80.568,80.976,81.175,81.217,81.18,81.15,81.211,81.435
3420.0,52.976,54.914,56.778,58.589,60.362,62.107,63.833,65.544,67.242,68.924,70.583,72.21,73.786,75.288,76.687,77.948,79.034,79.912,80.558,80.97,81.171,81.216,81.18,81.151,81.212,81.436
3480.0,52.965,54.902,56.764,58.574,60.345,62.089,63.814,65.524,67.221,68.902,70.561,72.188,73.764,75.267,76.667,77.93,79.019,79.899,80.548,80.963,81.168,81.214,81.18,81.152,81.214,81.437
3540.0,52.954,54.889,56.751,58.558,60.328,62.071,63.795,65.504,67.2,68.88,70.539,72.166,73.742,75.246,76.648,77.912,79.003,79.886,80.539,80.957,81.164,81.213,81.18,81.153,81.215,81.439
3600.0,52.944,54.877,56.737,58.543,60.312,62.053,63.775,65.483,67.179,68.859,70.517,72.143,73.72,75.225,76.628,77.894,78.988,79.874,80.529,80.95,81.16,81.211,81.18,81.154,81.216,81.44
3660.0,52.933,54.865,56.723,58.528,60.295,62.035,63.756,65.463,67.158,68.837,70.495,72.121,73.699,75.204,76.608,77.876,78.972,79.861,80.52,80.944,81.156,81.21,81.18,81.155,81.217,81.441
3720.0,52.922,54.853,56.709,58.513,60.278,62.017,63.737,65.443,67.137,68.815,70.473,72.099,73.677,75.183,76.588,77.859,78.957,79.848,80.51,80.937,81.153,81.208,81.18,81.156,81.218,81.442
3780.0,52.912,54.84,56.695,58.498,60.262,62.0,63.718,65.423,67.116,68.794,70.451,72.077,73.655,75.162,76.569,77.841,78.941,79.835,80.5,80.931,81.149,81.207,81.18,81.156,81.22,81.444
3840.0,52.901,54.828,56.682,58.482,60.245,61.982,63.7,65.403,67.095,68.772,70.43,72.056,73.634,75.141,76.549,77.823,78.925,79.823,80.491,80.924,81.145,81.205,81.18,81.157,81.221,81.445
3900.0,52.891,54.816,56.668,58.467,60.229,61.964,63.681,65.384,67.074,68.751,70.408,72.034,73.612,75.12,76.53,77.805,78.91,79.81,80.481,80.918,81.141,81.204,81.18,81.158,81.222,81.446
3960.0,52.881,54.804,56.655,58.452,60.213,61.947,63.662,65.364,67.054,68.73,70.386,72.012,73.591,75.1,76.51,77.787,78.895,79.797,80.471,80.911,81.138,81.202,81.18,81.159,81.223,81.448
4020.0,52.87,54.792,56.641,58.437,60.196,61.929,63.643,65.344,67.033,68.709,70.365,71.99,73.569,75.079,76.491,77.77,78.879,79.785,80.462,80.904,81.134,81.201,81.18,81.16,81.224,81.449
4080.0,52.86,54.78,56.628,58.423,60.18,61.911,63.625,65.324,67.013,68.687,70.343,71.969,73.548,75.058,76.471,77.752,78.864,79.772,80.452,80.898,81.13,81.199,81.18,81.161,81.225,81.45
4140.0,52.85,54.768,56.614,58.408,60.164,61.894,63.606,65.305,66.992,68.666,70.321,71.947,73.526,75.038,76.452,77.734,78.848,79.759,80.442,80.891,81.126,81.197,81.18,81.161,81.227,81.451
4200.0,52.839,54.756,56.601,58.393,60.148,61.877,63.588,65.285,66.972,68.645,70.3,71.925,73.505,75.017,76.432,77.716,78.833,79.746,80.432,80.884,81.122,81.196,81.18,81.162,81.228,81.453
4260.0,52.829,54.745,56.588,58.378,60.132,61.859,63.569,65.266,66.951,68.624,70.279,71.904,73.484,74.996,76.413,77.699,78.817,79.734,80.423,80.878,81.118,81.194,81.18,81.163,81.229,81.454
4320.0,52.819,54.733,56.574,58.363,60.116,61.842,63.551,65.246,66.931,68.603,70.257,71.882,73.463,74.976,76.393,77.681,78.802,79.721,80.413,80.871,81.114,81.192,81.18,81.164,81.23,81.455
4380.0,52.809,54.721,56.561,58.349,60.1,61.825,63.532,65.227,66.911,68.582,70.236,71.861,73.441,74.955,76.374,77.663,78.786,79.708,80.403,80.864,81.11,81.191,81.18,81.165,81.231,81.457
4440.0,52.798,54.709,56.548,58.334,60.084,61.808,63.514,65.208,66.891,68.562,70.215,71.839,73.42,74.935,76.355,77.646,78.771,79.695,80.393,80.857,81.106,81.189,81.18,81.165,81.232,81.458
4500.0,52.788,54.698,56.535,58.32,60.068,61.791,63.496,65.189,66.871,68.541,70.193,71.818,73.399,74.914,76.335,77.628,78.756,79.683,80.384,80.851,81.103,81.187,81.179,81.166,81.234,81.459
4560.0,52.778,54.686,56.521,58.305,60.052,61.774,63.478,65.169,66.851,68.52,70.172,71.797,73.378,74.894,76.316,77.611,78.74,79.67,80.374,80.844,81.099,81.186,81.179,81.167,81.235,81.46
4620.0,52.768,54.674,56.508,58.291,60.036,61.756,63.459,65.15,66.831,68.499,70.151,71.776,73.357,74.874,76.297,77.593,78.725,79.657,80.364,80.837,81.095,81.184,81.179,81.168,81.236,81.462
4680.0,52.758,54.663,56.495,58.276,60.021,61.74,63.441,65.131,66.811,68.479,70.13,71.755,73.336,74.853,76.278,77.575,78.709,79.644,80.354,80.83,81.091,81.182,81.179,81.168,81.237,81.463
4740.0,52.748,54.651,56.482,58.262,60.005,61.723,63.423,65.112,66.791,68.458,70.109,71.733,73.315,74.833,76.259,77.558,78.694,79.632,80.344,80.824,81.087,81.18,81.179,81.169,81.238,81.464
4800.0,52.738,54.64,56.469,58.247,59.989,61.706,63.405,65.093,66.771,68.438,70.088,71.712,73.294,74.813,76.239,77.54,78.679,79.619,80.335,80.817,81.082,81.179,81.179,81.17,81.239,81.465
4860.0,52.728,54.628,56.456,58.233,59.974,61.689,63.388,65.074,66.751,68.417,70.067,71.691,73.274,74.793,76.22,77.523,78.663,79.606,80.325,80.81,81.078,81.177,81.179,81.171,81.24,81.467
4920.0,52.718,54.617,56.443,58.219,59.958,61.672,63.37,65.055,66.732,68.397,70.047,71.67,73.253,74.773,76.201,77.505,78.648,79.594,80.315,80.803,81.074,81.175,81.178,81.171,81.242,81.468
4980.0,52.708,54.605,56.431,58.205,59.943,61.656,63.352,65.037,66.712,68.377,70.026,71.649,73.232,74.752,76.182,77.488,78.633,79.581,80.305,80.796,81.07,81.173,81.178,81.172,81.243,81.469
5040.0,52.698,54.594,56.418,58.191,59.927,61.639,63.334,65.018,66.692,68.356,70.005,71.629,73.211,74.732,76.163,77.471,78.617,79.568,80.295,80.789,81.066,81.172,81.178,81.173,81.244,81.47
5100.0,52.689,54.583,56.405,58.176,59.912,61.622,63.316,64.999,66.673,68.336,69.984,71.608,73.191,74.712,76.144,77.453,78.602,79.555,80.285,80.782,81.062,81.17,81.178,81.174,81.245,81.472
5160.0,52.679,54.571,56.392,58.162,59.896,61.606,63.299,64.981,66.653,68.316,69.964,71.587,73.17,74.692,76.125,77.436,78.587,79.543,80.276,80.776,81.058,81.168,81.177,81.174,81.246,81.473
5220.0,52.669,54.56,56.38,58.148,59.881,61.589,63.281,64.962,66.634,68.296,69.943,71.566,73.15,74.672,76.106,77.418,78.572,79.53,80.266,80.769,81.054,81.166,81.177,81.175,81.247,81.474
5280.0,52.659,54.549,56.367,58.134,59.866,61.573,63.264,64.943,66.615,68.276,69.923,71.546,73.129,74.652,76.087,77.401,78.556,79.517,80.256,80.762,81.05,81.164,81.177,81.176,81.248,81.476
5340.0,52.649,54.537,56.354,58.12,59.851,61.556,63.246,64.925,66.595,68.256,69.902,71.525,73.109,74.632,76.069,77.384,78.541,79.504,80.246,80.755,81.045,81.162,81.177,81.176,81.249,81.477
5400.0,52.64,54.526,56.342,58.106,59.835,61.54,63.229,64.907,66.576,68.236,69.882,71.504,73.088,74.613,76.05,77.367,78.526,79.492,80.236,80.748,81.041,81.16,81.176,81.177,81.25,81.478
5460.0,52.63,54.515,56.329,58.093,59.82,61.524,63.211,64.888,66.557,68.216,69.862,71.484,73.068,74.593,76.031,77.349,78.511,79.479,80.226,80.741,81.037,81.158,81.176,81.178,81.252,81.479
5520.0,52.62,54.504,56.317,58.079,59.805,61.508,63.194,64.87,66.538,68.196,69.841,71.463,73.047,74.573,76.012,77.332,78.495,79.466,80.216,80.734,81.033,81.156,81.176,81.178,81.253,81.481
5580.0,52.611,54.493,56.304,58.065,59.79,61.491,63.177,64.852,66.518,68.177,69.821,71.443,73.027,74.553,75.993,77.315,78.48,79.454,80.206,80.727,81.029,81.154,81.176,81.179,81.254,81.482
5640.0,52.601,54.482,56.292,58.051,59.775,61.475,63.159,64.833,66.499,68.157,69.801,71.422,73.007,74.533,75.975,77.298,78.465,79.441,80.196,80.72,81.024,81.152,81.175,81.18,81.255,81.483
5700.0,52.592,54.471,56.279,58.037,59.76,61.459,63.142,64.815,66.48,68.137,69.781,71.402,72.987,74.514,75.956,77.28,78.45,79.428,80.187,80.713,81.02,81.15,81.175,81.18,81.256,81.484
5760.0,52.582,54.46,56.267,58.024,59.745,61.443,63.125,64.797,66.461,68.117,69.761,71.382,72.967,74.494,75.937,77.263,78.435,79.415,80.177,80.706,81.016,81.148,81.175,81.181,81.257,81.485
5820.0,52.572,54.449,56.255,58.01,59.73,61.427,63.108,64.779,66.443,68.098,69.741,71.362,72.946,74.475,75.919,77.246,78.419,79.403,80.167,80.699,81.011,81.146,81.174,81.182,81.258,81.487
5880.0,52.563,54.438,56.242,57.997,59.716,61.411,63.091,64.761,66.424,68.078,69.721,71.341,72.926,74.455,75.9,77.229,78.404,79.39,80.157,80.692,81.007,81.144,81.174,81.182,81.259,81.488
5940.0,52.553,54.427,56.23,57.983,59.701,61.395,63.074,64.743,66.405,68.059,69.701,71.321,72.906,74.435,75.882,77.212,78.389,79.377,80.147,80.685,81.003,81.142,81.173,81.183,81.26,81.489
6000.0,52.544,54.416,56.218,57.969,59.686,61.379,63.057,64.725,66.386,68.039,69.681,71.301,72.886,74.416,75.863,77.195,78.374,79.365,80.137,80.678,80.998,81.14,81.173,81.183,81.261,81.49
6060.0,52.535,54.405,56.206,57.956,59.671,61.363,63.04,64.707,66.367,68.02,69.661,71.281,72.866,74.396,75.845,77.178,78.359,79.352,80.127,80.671,80.994,81.138,81.173,81.184,81.262,81.492
6120.0,52.525,54.394,56.193,57.942,59.657,61.348,63.023,64.689,66.349,68.001,69.641,71.261,72.846,74.377,75.826,77.161,78.344,79.339,80.117,80.663,80.99,81.136,81.172,81.185,81.264,81.493
6180.0,52.516,54.384,56.181,57.929,59.642,61.332,63.006,64.672,66.33,67.981,69.621,71.241,72.827,74.358,75.808,77.144,78.329,79.326,80.107,80.656,80.985,81.134,81.172,81.185,81.265,81.494
6240.0,52.506,54.373,56.169,57.916,59.628,61.316,62.99,64.654,66.312,67.962,69.602,71.221,72.807,74.338,75.789,77.127,78.314,79.314,80.097,80.649,80.981,81.132,81.171,81.186,81.266,81.495
6300.0,52.497,54.362,56.157,57.902,59.613,61.3,62.973,64.636,66.293,67.943,69.582,71.201,72.787,74.319,75.771,77.11,78.299,79.301,80.087,80.642,80.976,81.13,81.171,81.186,81.267,81.497
6360.0,52.488,54.351,56.145,57.889,59.598,61.285,62.956,64.619,66.275,67.924,69.562,71.181,72.767,74.3,75.752,77.093,78.283,79.288,80.077,80.635,80.972,81.128,81.171,81.187,81.268,81.498
6420.0,52.479,54.341,56.133,57.876,59.584,61.269,62.94,64.601,66.256,67.905,69.543,71.162,72.748,74.28,75.734,77.076,78.268,79.276,80.067,80.628,80.968,81.126,81.17,81.188,81.269,81.499
6480.0,52.469,54.33,56.121,57.863,59.57,61.254,62.923,64.584,66.238,67.886,69.523,71.142,72.728,74.261,75.716,77.059,78.253,79.263,80.057,80.621,80.963,81.123,81.17,81.188,81.27,81.5
6540.0,52.46,54.319,56.109,57.849,59.555,61.238,62.907,64.566,66.22,67.867,69.504,71.122,72.708,74.242,75.697,77.042,78.238,79.25,80.047,80.613,80.959,81.121,81.169,81.189,81.271,81.501
6600.0,52.451,54.309,56.097,57.836,59.541,61.223,62.89,64.549,66.201,67.848,69.484,71.103,72.689,74.223,75.679,77.025,78.223,79.238,80.037,80.606,80.954,81.119,81.169,81.189,81.272,81.503
6660.0,52.442,54.298,56.085,57.823,59.527,61.207,62.874,64.531,66.183,67.829,69.465,71.083,72.669,74.204,75.661,77.008,78.208,79.225,80.027,80.599,80.95,81.117,81.168,81.19,81.273,81.504
6720.0,52.432,54.288,56.074,57.81,59.512,61.192,62.857,64.514,66.165,67.81,69.446,71.063,72.65,74.185,75.643,76.991,78.193,79.212,80.017,80.592,80.945,81.115,81.168,81.19,81.274,81.505
6780.0,52.423,54.277,56.062,57.797,59.498,61.177,62.841,64.497,66.147,67.791,69.426,71.044,72.63,74.166,75.625,76.974,78.178,79.2,80.007,80.585,80.941,81.112,81.167,81.191,81.275,81.506
6840.0,52.414,54.267,56.05,57.784,59.484,61.161,62.825,64.479,66.129,67.773,69.407,71.024,72.611,74.147,75.606,76.958,78.163,79.187,79.997,80.577,80.936,81.11,81.167,81.191,81.276,81.507
6900.0,52.405,54.256,56.038,57.771,59.47,61.146,62.808,64.462,66.111,67.754,69.388,71.005,72.591,74.128,75.588,76.941,78.148,79.174,79.987,80.57,80.931,81.108,81.166,81.192,81.277,81.509
6960.0,52.396,54.246,56.026,57.758,59.456,61.131,62.792,64.445,66.093,67.735,69.369,70.986,72.572,74.109,75.57,76.924,78.134,79.162,79.977,80.563,80.927,81.106,81.165,81.192,81.278,81.51
7020.0,52.387,54.235,56.015,57.745,59.442,61.116,62.776,64.428,66.075,67.717,69.35,70.966,72.553,74.09,75.552,76.907,78.119,79.149,79.967,80.556,80.922,81.103,81.165,81.193,81.279,81.511
7080.0,52.378,54.225,56.003,57.732,59.428,61.101,62.76,64.411,66.057,67.698,69.331,70.947,72.533,74.071,75.534,76.891,78.104,79.136,79.957,80.548,80.918,81.101,81.164,81.193,81.28,81.512
7140.0,52.369,54.215,55.991,57.719,59.414,61.086,62.744,64.394,66.039,67.68,69.312,70.928,72.514,74.052,75.516,76.874,78.089,79.124,79.947,80.541,80.913,81.099,81.164,81.194,81.281,81.513
7200.0,52.36,54.204,55.98,57.707,59.4,61.07,62.728,64.377,66.021,67.661,69.293,70.908,72.495,74.034,75.498,76.857,78.074,79.111,79.937,80.534,80.908,81.096,81.163,81.194,81.282,81.515
7260.0,52.351,54.194,55.968,57.694,59.386,61.055,62.712,64.36,66.004,67.643,69.274,70.889,72.476,74.015,75.48,76.841,78.059,79.098,79.927,80.527,80.904,81.094,81.163,81.195,81.283,81.516
7320.0,52.342,54.184,55.957,57.681,59.372,61.041,62.696,64.343,65.986,67.624,69.255,70.87,72.457,73.996,75.462,76.824,78.044,79.086,79.917,80.519,80.899,81.092,81.162,81.195,81.284,81.517
7380.0,52.333,54.173,55.945,57.668,59.358,61.026,62.68,64.326,65.968,67.606,69.236,70.851,72.438,73.977,75.445,76.807,78.029,79.073,79.906,80.512,80.895,81.089,81.161,81.196,81.285,81.518
7440.0,52.324,54.163,55.934,57.656,59.344,61.011,62.664,64.309,65.951,67.588,69.217,70.832,72.419,73.959,75.427,76.791,78.014,79.06,79.896,80.505,80.89,81.087,81.161,81.196,81.286,81.519
7500.0,52.315,54.153,55.922,57.643,59.33,60.996,62.648,64.293,65.933,67.57,69.199,70.813,72.4,73.94,75.409,76.774,78.0,79.048,79.886,80.497,80.885,81.085,81.16,81.197,81.287,81.521
7560.0,52.306,54.143,55.911,57.63,59.317,60.981,62.632,64.276,65.916,67.551,69.18,70.794,72.381,73.922,75.391,76.758,77.985,79.035,79.876,80.49,80.88,81.082,81.159,81.197,81.288,81.522
7620.0,52.298,54.133,55.899,57.618,59.303,60.966,62.616,64.259,65.898,67.533,69.161,70.775,72.362,73.903,75.373,76.741,77.97,79.022,79.866,80.483,80.876,81.08,81.159,81.198,81.289,81.523
7680.0,52.289,54.123,55.888,57.605,59.289,60.952,62.601,64.243,65.881,67.515,69.143,70.756,72.343,73.885,75.356,76.725,77.955,79.01,79.856,80.475,80.871,81.077,81.158,81.198,81.29,81.524
7740.0,52.28,54.112,55.877,57.593,59.276,60.937,62.585,64.226,65.863,67.497,69.124,70.737,72.324,73.866,75.338,76.708,77.94,78.997,79.846,80.468,80.866,81.075,81.157,81.198,81.291,81.525
7800.0,52.271,54.102,55.865,57.58,59.262,60.922,62.569,64.209,65.846,67.479,69.106,70.719,72.305,73.848,75.32,76.692,77.926,78.985,79.836,80.46,80.861,81.072,81.157,81.199,81.292,81.526
7860.0,52.262,54.092,55.854,57.568,59.249,60.908,62.554,64.193,65.829,67.461,69.087,70.7,72.287,73.829,75.302,76.675,77.911,78.972,79.826,80.453,80.857,81.07,81.156,81.199,81.293,81.528
7920.0,52.254,54.082,55.843,57.556,59.235,60.893,62.538,64.177,65.811,67.443,69.069,70.681,72.268,73.811,75.285,76.659,77.896,78.959,79.816,80.446,80.852,81.068,81.155,81.2,81.294,81.529
7980.0,52.245,54.072,55.832,57.543,59.222,60.879,62.523,64.16,65.794,67.425,69.05,70.663,72.249,73.792,75.267,76.642,77.881,78.947,79.806,80.438,80.847,81.065,81.154,81.2,81.295,81.53
8040.0,52.236,54.062,55.821,57.531,59.208,60.864,62.507,64.144,65.777,67.407,69.032,70.644,72.231,73.774,75.25,76.626,77.867,78.934,79.796,80.431,80.842,81.063,81.154,81.2,81.296,81.531
8100.0,52.228,54.052,55.809,57.518,59.195,60.85,62.492,64.127,65.76,67.39,69.014,70.625,72.212,73.756,75.232,76.61,77.852,78.922,79.785,80.423,80.838,81.06,81.153,81.201,81.297,81.532
8160.0,52.219,54.042,55.798,57.506,59.181,60.835,62.476,64.111,65.743,67.372,68.996,70.607,72.194,73.738,75.215,76.593,77.837,78.909,79.775,80.416,80.833,81.058,81.152,81.201,81.298,81.533
8220.0,52.21,54.033,55.787,57.494,59.168,60.821,62.461,64.095,65.726,67.354,68.977,70.588,72.175,73.719,75.197,76.577,77.823,78.896,79.765,80.408,80.828,81.055,81.151,81.201,81.299,81.535
8280.0,52.202,54.023,55.776,57.482,59.155,60.806,62.446,64.079,65.709,67.336,68.959,70.57,72.157,73.701,75.18,76.561,77.808,78.884,79.755,80.401,80.823,81.052,81.151,81.202,81.3,81.536
8340.0,52.193,54.013,55.765,57.469,59.141,60.792,62.43,64.062,65.692,67.319,68.941,70.551,72.138,73.683,75.162,76.544,77.793,78.871,79.745,80.393,80.818,81.05,81.15,81.202,81.301,81.537
8400.0,52.185,54.003,55.754,57.457,59.128,60.778,62.415,64.046,65.675,67.301,68.923,70.533,72.12,73.665,75.145,76.528,77.779,78.859,79.735,80.386,80.813,81.047,81.149,81.203,81.302,81.538
8460.0,52.176,53.993,55.743,57.445,59.115,60.764,62.4,64.03,65.658,67.284,68.905,70.515,72.101,73.647,75.127,76.512,77.764,78.846,79.725,80.378,80.808,81.045,81.148,81.203,81.303,81.539
8520.0,52.168,53.983,55.732,57.433,59.102,60.749,62.385,64.014,65.641,67.266,68.887,70.496,72.083,73.629,75.11,76.496,77.749,78.834,79.715,80.371,80.803,81.042,81.147,81.203,81.304,81.54
8580.0,52.159,53.974,55.721,57.421,59.088,60.735,62.37,63.998,65.624,67.249,68.869,70.478,72.065,73.611,75.093,76.479,77.735,78.821,79.704,80.363,80.799,81.039,81.146,81.204,81.305,81.541
8640.0,52.151,53.964,55.71,57.409,59.075,60.721,62.355,63.982,65.607,67.231,68.851,70.46,72.046,73.593,75.075,76.463,77.72,78.808,79.694,80.356,80.794,81.037,81.146,81.204,81.306,81.542
8700.0,52.142,53.954,55.699,57.397,59.062,60.707,62.339,63.966,65.591,67.214,68.833,70.442,72.028,73.575,75.058,76.447,77.706,78.796,79.684,80.348,80.789,81.034,81.145,81.204,81.306,81.544
8760.0,52.134,53.945,55.688,57.385,59.049,60.693,62.324,63.95,65.574,67.196,68.815,70.424,72.01,73.557,75.041,76.431,77.691,78.783,79.674,80.341,80.784,81.032,81.144,81.204,81.307,81.545
8820.0,52.125,53.935,55.678,57.373,59.036,60.679,62.309,63.934,65.557,67.179,68.797,70.405,71.992,73.539,75.024,76.415,77.676,78.771,79.664,80.333,80.779,81.029,81.143,81.205,81.308,81.546
8880.0,52.117,53.925,55.667,57.361,59.023,60.665,62.294,63.919,65.541,67.162,68.78,70.387,71.974,73.521,75.007,76.399,77.662,78.758,79.654,80.326,80.774,81.026,81.142,81.205,81.309,81.547
8940.0,52.108,53.916,55.656,57.349,59.01,60.651,62.28,63.903,65.524,67.145,68.762,70.369,71.956,73.504,74.989,76.383,77.647,78.746,79.644,80.318,80.769,81.023,81.141,81.205,81.31,81.548
9000.0,52.1,53.906,55.645,57.337,58.997,60.637,62.265,63.887,65.508,67.128,68.744,70.351,71.938,73.486,74.972,76.366,77.633,78.733,79.633,80.311,80.764,81.021,81.14,81.206,81.311,81.549
9060.0,52.092,53.896,55.634,57.325,58.984,60.623,62.25,63.871,65.491,67.11,68.727,70.333,71.92,73.468,74.955,76.35,77.618,78.721,79.623,80.303,80.759,81.018,81.139,81.206,81.312,81.55
9120.0,52.083,53.887,55.624,57.314,58.972,60.609,62.235,63.856,65.475,67.093,68.709,70.315,71.902,73.45,74.938,76.334,77.604,78.708,79.613,80.296,80.754,81.015,81.138,81.206,81.313,81.551
9180.0,52.075,53.877,55.613,57.302,58.959,60.595,62.22,63.84,65.458,67.076,68.691,70.298,71.884,73.433,74.921,76.318,77.589,78.696,79.603,80.288,80.749,81.013,81.137,81.206,81.314,81.552
9240.0,52.067,53.868,55.602,57.29,58.946,60.581,62.206,63.824,65.442,67.059,68.674,70.28,71.866,73.415,74.904,76.302,77.575,78.683,79.593,80.28,80.744,81.01,81.137,81.207,81.315,81.554
9300.0,52.058,53.858,55.592,57.278,58.933,60.568,62.191,63.809,65.426,67.042,68.656,70.262,71.848,73.397,74.887,76.287,77.56,78.671,79.583,80.273,80.739,81.007,81.136,81.207,81.315,81.555
9360.0,52.05,53.849,55.581,57.267,58.92,60.554,62.176,63.793,65.409,67.025,68.639,70.244,71.83,73.38,74.87,76.271,77.546,78.658,79.572,80.265,80.734,81.004,81.135,81.207,81.316,81.556
9420.0,52.042,53.839,55.571,57.255,58.908,60.54,62.162,63.778,65.393,67.008,68.621,70.226,71.812,73.362,74.853,76.255,77.532,78.646,79.562,80.258,80.729,81.002,81.134,81.207,81.317,81.557
9480.0,52.034,53.83,55.56,57.243,58.895,60.527,62.147,63.762,65.377,66.991,68.604,70.209,71.795,73.345,74.836,76.239,77.517,78.633,79.552,80.25,80.723,80.999,81.133,81.208,81.318,81.558
9540.0,52.026,53.821,55.549,57.232,58.882,60.513,62.132,63.747,65.361,66.975,68.587,70.191,71.777,73.327,74.819,76.223,77.503,78.621,79.542,80.242,80.718,80.996,81.132,81.208,81.319,81.559
9600.0,52.021,53.813,55.539,57.22,58.87,60.499,62.118,63.732,65.345,66.958,68.569,70.173,71.759,73.31,74.802,76.207,77.488,78.608,79.532,80.235,80.713,80.993,81.131,81.208,81.32,81.56
9660.0,52.017,53.806,55.53,57.209,58.857,60.486,62.103,63.716,65.328,66.941,68.552,70.156,71.741,73.292,74.785,76.191,77.474,78.596,79.522,80.227,80.708,80.99,81.13,81.208,81.321,81.561
9720.0,52.014,53.799,55.521,57.198,58.845,60.472,62.089,63.701,65.312,66.924,68.535,70.138,71.724,73.275,74.769,76.175,77.46,78.584,79.512,80.219,80.703,80.987,81.129,81.208,81.321,81.562
9780.0,52.013,53.794,55.513,57.188,58.833,60.459,62.075,63.686,65.296,66.908,68.518,70.121,71.706,73.258,74.752,76.16,77.445,78.571,79.501,80.212,80.698,80.985,81.128,81.208,81.322,81.563
9840.0,52.014,53.79,55.506,57.178,58.821,60.446,62.06,63.671,65.28,66.891,68.501,70.103,71.689,73.24,74.735,76.144,77.431,78.559,79.491,80.204,80.693,80.982,81.126,81.209,81.323,81.564
9900.0,52.016,53.788,55.499,57.168,58.81,60.433,62.046,63.655,65.264,66.874,68.484,70.086,71.671,73.223,74.718,76.128,77.417,78.546,79.481,80.196,80.688,80.979,81.125,81.209,81.324,81.565
9960.0,52.019,53.786,55.493,57.16,58.799,60.42,62.032,63.64,65.249,66.858,68.466,70.069,71.654,73.206,74.702,76.112,77.402,78.534,79.471,80.189,80.682,80.976,81.124,81.209,81.325,81.567
10020.0,52.024,53.785,55.488,57.152,58.788,60.408,62.018,63.625,65.233,66.841,68.449,70.051,71.636,73.188,74.685,76.097,77.388,78.521,79.461,80.181,80.677,80.973,81.123,81.209,81.326,81.568
10080.0,52.03,53.786,55.484,57.144,58.778,60.395,62.004,63.61,65.217,66.825,68.432,70.034,71.619,73.171,74.668,76.081,77.374,78.509,79.45,80.173,80.672,80.97,81.122,81.209,81.326,81.569
10140.0,52.037,53.787,55.481,57.137,58.768,60.383,61.991,63.596,65.201,66.808,68.415,70.017,71.601,73.154,74.652,76.065,77.36,78.497,79.44,80.166,80.667,80.967,81.121,81.209,81.327,81.57
10200.0,52.046,53.79,55.479,57.131,58.759,60.372,61.977,63.581,65.186,66.792,68.399,69.999,71.584,73.137,74.635,76.05,77.345,78.484,79.43,80.158,80.662,80.964,81.12,81.21,81.328,81.571
10260.0,52.056,53.794,55.478,57.125,58.75,60.36,61.964,63.566,65.17,66.776,68.382,69.982,71.567,73.12,74.618,76.034,77.331,78.472,79.42,80.15,80.656,80.961,81.119,81.21,81.329,81.572
10320.0,52.067,53.799,55.477,57.121,58.742,60.35,61.951,63.552,65.154,66.759,68.365,69.965,71.549,73.103,74.602,76.018,77.317,78.459,79.41,80.142,80.651,80.958,81.118,81.21,81.33,81.573
10380.0,52.079,53.805,55.478,57.117,58.734,60.339,61.939,63.538,65.139,66.743,68.348,69.948,71.532,73.086,74.585,76.003,77.303,78.447,79.4,80.135,80.646,80.955,81.117,81.21,81.331,81.574
10440.0,52.093,53.812,55.479,57.113,58.727,60.329,61.926,63.524,65.124,66.727,68.331,69.931,71.515,73.068,74.569,75.987,77.288,78.435,79.389,80.127,80.641,80.952,81.115,81.21,81.331,81.575
10500.0,52.108,53.819,55.481,57.11,58.72,60.319,61.914,63.51,65.109,66.711,68.315,69.914,71.498,73.051,74.552,75.972,77.274,78.422,79.379,80.119,80.635,80.949,81.114,81.21,81.332,81.576
10560.0,52.124,53.829,55.484,57.108,58.714,60.31,61.902,63.496,65.094,66.695,68.298,69.897,71.481,73.035,74.536,75.956,77.26,78.41,79.369,80.111,80.63,80.946,81.113,81.21,81.333,81.577
10620.0,52.142,53.839,55.488,57.107,58.708,60.301,61.891,63.483,65.079,66.679,68.281,69.88,71.464,73.018,74.52,75.941,77.246,78.397,79.359,80.104,80.625,80.943,81.112,81.21,81.334,81.578
10680.0,52.162,53.851,55.493,57.107,58.703,60.292,61.88,63.47,65.064,66.663,68.265,69.863,71.446,73.001,74.503,75.925,77.232,78.385,79.349,80.096,80.62,80.94,81.111,81.21,81.334,81.579
10740.0,52.182,53.863,55.499,57.107,58.699,60.284,61.869,63.456,65.049,66.648,68.248,69.846,71.429,72.984,74.487,75.91,77.218,78.373,79.339,80.088,80.614,80.937,81.11,81.21,81.335,81.58
10800.0,52.204,53.877,55.506,57.108,58.696,60.277,61.858,63.444,65.035,66.632,68.232,69.829,71.412,72.967,74.47,75.894,77.204,78.36,79.328,80.08,80.609,80.934,81.108,81.21,81.336,81.581
10860.0,52.226,53.891,55.513,57.11,58.692,60.27,61.848,63.431,65.021,66.616,68.216,69.812,71.395,72.95,74.454,75.879,77.189,78.348,79.318,80.073,80.604,80.931,81.107,81.211,81.337,81.582
10920.0,52.248,53.906,55.522,57.112,58.69,60.263,61.838,63.419,65.007,66.601,68.199,69.795,71.379,72.933,74.438,75.863,77.175,78.336,79.308,80.065,80.598,80.928,81.106,81.211,81.338,81.583
10980.0,52.272,53.922,55.531,57.115,58.688,60.257,61.829,63.407,64.993,66.586,68.183,69.779,71.362,72.917,74.421,75.848,77.161,78.323,79.298,80.057,80.593,80.925,81.105,81.211,81.338,81.584
11040.0,52.295,53.938,55.54,57.119,58.687,60.252,61.82,63.395,64.979,66.571,68.167,69.762,71.345,72.9,74.405,75.833,77.147,78.311,79.288,80.049,80.588,80.922,81.103,81.211,81.339,81.585
11100.0,52.32,53.955,55.55,57.123,58.686,60.247,61.811,63.384,64.965,66.556,68.151,69.745,71.328,72.883,74.389,75.817,77.133,78.299,79.277,80.042,80.582,80.919,81.102,81.211,81.34,81.586
11160.0,52.344,53.972,55.561,57.128,58.686,60.242,61.803,63.373,64.952,66.541,68.135,69.729,71.311,72.866,74.373,75.802,77.119,78.287,79.267,80.034,80.577,80.916,81.101,81.211,81.341,81.587
11220.0,52.37,53.991,55.572,57.133,58.686,60.238,61.795,63.362,64.939,66.526,68.119,69.712,71.294,72.85,74.357,75.787,77.105,78.274,79.257,80.026,80.572,80.913,81.1,81.211,81.341,81.588
11280.0,52.397,54.01,55.584,57.139,58.686,60.234,61.787,63.351,64.926,66.511,68.104,69.696,71.278,72.833,74.341,75.771,77.091,78.262,79.247,80.018,80.566,80.91,81.098,81.211,81.342,81.589
11340.0,52.426,54.03,55.597,57.146,58.688,60.23,61.78,63.341,64.913,66.497,68.088,69.68,71.261,72.817,74.324,75.756,77.077,78.25,79.237,80.01,80.561,80.906,81.097,81.211,81.343,81.59
11400.0,52.457,54.051,55.611,57.153,58.689,60.227,61.773,63.331,64.901,66.483,68.072,69.663,71.245,72.8,74.308,75.741,77.063,78.237,79.227,80.002,80.555,80.903,81.096,81.211,81.344,81.591
11460.0,52.488,54.074,55.626,57.161,58.692,60.225,61.767,63.321,64.889,66.468,68.057,69.647,71.228,72.784,74.292,75.726,77.049,78.225,79.216,79.995,80.55,80.9,81.094,81.211,81.344,81.592
11520.0,52.521,54.098,55.641,57.17,58.694,60.223,61.761,63.312,64.876,66.454,68.042,69.631,71.211,72.767,74.276,75.71,77.035,78.213,79.206,79.987,80.545,80.897,81.093,81.211,81.345,81.593
11580.0,52.554,54.122,55.658,57.179,58.698,60.221,61.755,63.302,64.865,66.441,68.026,69.615,71.195,72.751,74.26,75.695,77.021,78.201,79.196,79.979,80.539,80.894,81.092,81.211,81.346,81.594
11640.0,52.589,54.147,55.675,57.19,58.702,60.22,61.75,63.294,64.853,66.427,68.011,69.599,71.179,72.734,74.244,75.68,77.007,78.188,79.186,79.971,80.534,80.891,81.09,81.211,81.346,81.595
11700.0,52.626,54.174,55.693,57.2,58.707,60.22,61.745,63.285,64.842,66.414,67.996,69.583,71.162,72.718,74.228,75.665,76.993,78.176,79.176,79.963,80.528,80.887,81.089,81.211,81.347,81.596
11760.0,52.665,54.202,55.712,57.212,58.712,60.22,61.74,63.277,64.831,66.4,67.982,69.567,71.146,72.702,74.212,75.65,76.98,78.164,79.165,79.955,80.523,80.884,81.088,81.211,81.348,81.597
11820.0,52.705,54.232,55.733,57.225,58.718,60.22,61.736,63.269,64.82,66.387,67.967,69.552,71.13,72.685,74.196,75.635,76.966,78.152,79.155,79.948,80.517,80.881,81.086,81.21,81.348,81.597
11880.0,52.747,54.263,55.754,57.238,58.725,60.221,61.732,63.261,64.809,66.374,67.952,69.536,71.114,72.669,74.181,75.619,76.952,78.139,79.145,79.94,80.512,80.878,81.085,81.21,81.349,81.598
11940.0,52.789,54.295,55.777,57.253,58.732,60.223,61.729,63.254,64.799,66.361,67.938,69.52,71.098,72.653,74.165,75.604,76.938,78.127,79.135,79.932,80.506,80.874,81.083,81.21,81.35,81.599
12000.0,52.833,54.328,55.8,57.268,58.74,60.225,61.726,63.247,64.789,66.349,67.923,69.505,71.081,72.637,74.149,75.589,76.924,78.115,79.125,79.924,80.501,80.871,81.082,81.21,81.35,81.6
12060.0,52.877,54.361,55.825,57.284,58.749,60.227,61.724,63.241,64.779,66.336,67.909,69.49,71.065,72.621,74.133,75.574,76.91,78.103,79.115,79.916,80.495,80.868,81.081,81.21,81.351,81.601
12120.0,52.921,54.395,55.849,57.3,58.759,60.231,61.722,63.234,64.769,66.324,67.895,69.474,71.05,72.605,74.117,75.559,76.896,78.091,79.104,79.908,80.49,80.865,81.079,81.21,81.352,81.602
12180.0,52.966,54.43,55.875,57.318,58.769,60.235,61.72,63.229,64.76,66.312,67.881,69.459,71.034,72.589,74.102,75.544,76.883,78.079,79.094,79.9,80.484,80.861,81.078,81.21,81.352,81.603
12240.0,53.012,54.466,55.901,57.336,58.779,60.239,61.719,63.223,64.751,66.301,67.868,69.444,71.018,72.573,74.086,75.529,76.869,78.066,79.084,79.892,80.479,80.858,81.076,81.21,81.353,81.604
12300.0,53.058,54.502,55.928,57.355,58.791,60.244,61.719,63.218,64.742,66.289,67.854,69.429,71.002,72.557,74.07,75.514,76.855,78.054,79.074,79.885,80.473,80.855,81.075,81.21,81.354,81.605
12360.0,53.104,54.538,55.956,57.374,58.803,60.249,61.719,63.213,64.734,66.278,67.841,69.414,70.987,72.541,74.055,75.5,76.841,78.042,79.064,79.877,80.468,80.851,81.073,81.21,81.354,81.606
12420.0,53.151,54.575,55.984,57.394,58.815,60.255,61.719,63.209,64.725,66.266,67.827,69.399,70.971,72.525,74.039,75.485,76.828,78.03,79.054,79.869,80.462,80.848,81.072,81.209,81.355,81.607
12480.0,53.198,54.613,56.012,57.414,58.828,60.262,61.72,63.205,64.718,66.256,67.814,69.385,70.955,72.509,74.023,75.47,76.814,78.018,79.043,79.861,80.457,80.845,81.071,81.209,81.356,81.608
12540.0,53.246,54.65,56.041,57.435,58.841,60.269,61.721,63.201,64.71,66.245,67.801,69.37,70.94,72.493,74.008,75.455,76.8,78.006,79.033,79.853,80.451,80.842,81.069,81.209,81.356,81.608
12600.0,53.294,54.689,56.071,57.456,58.855,60.276,61.723,63.198,64.703,66.234,67.788,69.356,70.925,72.478,73.992,75.44,76.786,77.993,79.023,79.845,80.446,80.838,81.068,81.209,81.357,81.609
12660.0,53.342,54.727,56.1,57.478,58.87,60.284,61.725,63.195,64.696,66.224,67.776,69.342,70.909,72.462,73.977,75.425,76.773,77.981,79.013,79.837,80.44,80.835,81.066,81.209,81.358,81.61
12720.0,53.393,54.768,56.131,57.5,58.885,60.292,61.727,63.193,64.689,66.214,67.763,69.327,70.894,72.447,73.961,75.41,76.759,77.969,79.003,79.829,80.434,80.831,81.065,81.209,81.358,81.611
12780.0,53.447,54.809,56.163,57.523,58.9,60.301,61.73,63.19,64.683,66.204,67.751,69.313,70.879,72.431,73.946,75.396,76.745,77.957,78.993,79.821,80.429,80.828,81.063,81.209,81.359,81.612
12840.0,53.501,54.852,56.195,57.547,58.916,60.31,61.733,63.189,64.676,66.195,67.739,69.299,70.864,72.416,73.931,75.381,76.732,77.945,78.982,79.813,80.423,80.825,81.062,81.208,81.359,81.613
12900.0,53.556,54.896,56.229,57.571,58.933,60.32,61.737,63.187,64.671,66.186,67.727,69.286,70.849,72.4,73.915,75.366,76.718,77.933,78.972,79.805,80.418,80.821,81.06,81.208,81.36,81.614
12960.0,53.612,54.941,56.263,57.597,58.95,60.33,61.741,63.186,64.665,66.177,67.715,69.272,70.834,72.385,73.9,75.352,76.705,77.921,78.962,79.797,80.412,80.818,81.058,81.208,81.361,81.615
13020.0,53.669,54.986,56.298,57.623,58.968,60.341,61.746,63.185,64.66,66.168,67.703,69.258,70.82,72.369,73.885,75.337,76.691,77.909,78.952,79.789,80.406,80.814,81.057,81.208,81.361,81.615
13080.0,53.726,55.032,56.334,57.649,58.986,60.352,61.751,63.185,64.655,66.159,67.692,69.245,70.805,72.354,73.87,75.322,76.677,77.897,78.942,79.781,80.401,80.811,81.055,81.208,81.362,81.616
13140.0,53.784,55.079,56.371,57.677,59.005,60.364,61.756,63.185,64.65,66.151,67.681,69.232,70.79,72.339,73.854,75.308,76.664,77.885,78.932,79.774,80.395,80.808,81.054,81.207,81.362,81.617
13200.0,53.845,55.127,56.408,57.704,59.025,60.376,61.762,63.185,64.646,66.143,67.67,69.219,70.776,72.324,73.839,75.293,76.65,77.873,78.922,79.766,80.39,80.804,81.052,81.207,81.363,81.618
13260.0,53.906,55.176,56.446,57.733,59.045,60.389,61.768,63.186,64.642,66.135,67.659,69.206,70.762,72.309,73.824,75.279,76.637,77.861,78.911,79.758,80.384,80.801,81.051,81.207,81.364,81.619
13320.0,53.968,55.226,56.486,57.763,59.066,60.402,61.775,63.187,64.638,66.127,67.648,69.193,70.747,72.294,73.809,75.264,76.623,77.849,78.901,79.75,80.378,80.797,81.049,81.207,81.364,81.62
13380.0,54.031,55.277,56.525,57.793,59.088,60.416,61.782,63.188,64.635,66.12,67.638,69.18,70.733,72.279,73.794,75.249,76.61,77.837,78.891,79.742,80.373,80.794,81.047,81.206,81.365,81.621
13440.0,54.094,55.328,56.566,57.824,59.11,60.431,61.79,63.19,64.632,66.113,67.628,69.167,70.719,72.264,73.779,75.235,76.596,77.825,78.881,79.734,80.367,80.79,81.046,81.206,81.365,81.621
13500.0,54.158,55.38,56.607,57.855,59.133,60.446,61.798,63.192,64.629,66.106,67.618,69.155,70.705,72.249,73.764,75.221,76.583,77.813,78.871,79.726,80.361,80.787,81.044,81.206,81.366,81.622
13560.0,54.222,55.433,56.649,57.888,59.156,60.461,61.807,63.195,64.627,66.099,67.608,69.143,70.691,72.235,73.75,75.206,76.569,77.801,78.861,79.718,80.355,80.783,81.042,81.206,81.366,81.623
13620.0,54.286,55.485,56.692,57.92,59.18,60.477,61.816,63.198,64.625,66.093,67.598,69.131,70.677,72.22,73.735,75.192,76.556,77.789,78.851,79.71,80.35,80.78,81.041,81.205,81.367,81.624
13680.0,54.351,55.539,56.735,57.954,59.205,60.494,61.825,63.202,64.623,66.087,67.589,69.119,70.664,72.205,73.72,75.177,76.543,77.777,78.84,79.702,80.344,80.776,81.039,81.205,81.367,81.625
13740.0,54.416,55.593,56.778,57.987,59.23,60.511,61.835,63.205,64.621,66.081,67.579,69.107,70.65,72.191,73.705,75.163,76.529,77.765,78.83,79.694,80.338,80.773,81.037,81.205,81.368,81.625
13800.0,54.481,55.647,56.822,58.022,59.255,60.529,61.846,63.21,64.62,66.076,67.57,69.095,70.637,72.177,73.691,75.149,76.516,77.753,78.82,79.686,80.333,80.769,81.036,81.204,81.369,81.626
13860.0,54.547,55.701,56.866,58.056,59.281,60.547,61.857,63.214,64.619,66.07,67.561,69.084,70.623,72.162,73.676,75.134,76.502,77.741,78.81,79.678,80.327,80.766,81.034,81.204,81.369,81.627
13920.0,54.614,55.757,56.911,58.092,59.308,60.565,61.868,63.219,64.619,66.065,67.553,69.072,70.61,72.148,73.661,75.12,76.489,77.729,78.8,79.67,80.321,80.762,81.032,81.204,81.37,81.628
13980.0,54.682,55.813,56.956,58.127,59.335,60.584,61.88,63.225,64.619,66.061,67.544,69.061,70.597,72.134,73.647,75.106,76.476,77.717,78.79,79.662,80.315,80.758,81.031,81.204,81.37,81.629
14040.0,54.751,55.87,57.002,58.164,59.362,60.603,61.892,63.23,64.619,66.056,67.536,69.05,70.584,72.12,73.632,75.092,76.463,77.705,78.78,79.654,80.31,80.755,81.029,81.203,81.371,81.629
14100.0,54.82,55.927,57.049,58.2,59.39,60.623,61.904,63.236,64.62,66.052,67.528,69.039,70.571,72.106,73.618,75.078,76.449,77.693,78.77,79.646,80.304,80.751,81.027,81.203,81.371,81.63
14160.0,54.89,55.985,57.096,58.238,59.418,60.643,61.917,63.243,64.62,66.048,67.52,69.028,70.559,72.092,73.604,75.064,76.436,77.681,78.759,79.638,80.298,80.748,81.026,81.203,81.372,81.631
14220.0,54.96,56.044,57.144,58.276,59.447,60.664,61.931,63.25,64.622,66.044,67.513,69.018,70.546,72.078,73.589,75.05,76.423,77.669,78.749,79.63,80.292,80.744,81.024,81.202,81.372,81.632
14280.0,55.031,56.103,57.192,58.314,59.477,60.685,61.944,63.257,64.623,66.041,67.505,69.008,70.533,72.064,73.575,75.036,76.41,77.657,78.739,79.622,80.287,80.74,81.022,81.202,81.373,81.632
14340.0,55.105,56.163,57.241,58.353,59.506,60.707,61.959,63.264,64.625,66.038,67.498,68.997,70.521,72.051,73.561,75.021,76.396,77.645,78.729,79.614,80.281,80.737,81.02,81.201,81.373,81.633
14400.0,55.178,56.225,57.291,58.393,59.537,60.729,61.973,63.272,64.627,66.035,67.491,68.987,70.509,72.037,73.547,75.008,76.383,77.634,78.719,79.606,80.275,80.733,81.019,81.201,81.374,81.634
14460.0,55.254,56.287,57.342,58.433,59.568,60.751,61.988,63.281,64.629,66.032,67.485,68.977,70.497,72.023,73.533,74.994,76.37,77.622,78.709,79.598,80.269,80.73,81.017,81.201,81.374,81.635
14520.0,55.331,56.351,57.394,58.474,59.599,60.774,62.004,63.289,64.632,66.03,67.478,68.968,70.485,72.01,73.519,74.98,76.357,77.61,78.699,79.59,80.263,80.726,81.015,81.2,81.374,81.636
14580.0,55.409,56.415,57.446,58.516,59.631,60.798,62.019,63.298,64.635,66.028,67.472,68.958,70.473,71.997,73.505,74.966,76.344,77.598,78.689,79.582,80.258,80.722,81.013,81.2,81.375,81.636
14640.0,55.488,56.481,57.499,58.558,59.664,60.822,62.036,63.308,64.638,66.026,67.466,68.949,70.461,71.983,73.491,74.952,76.331,77.586,78.679,79.574,80.252,80.719,81.011,81.2,81.375,81.637
14700.0,55.567,56.547,57.554,58.601,59.698,60.847,62.052,63.317,64.642,66.025,67.46,68.94,70.45,71.97,73.477,74.938,76.318,77.575,78.669,79.566,80.246,80.715,81.01,81.199,81.376,81.638
14760.0,55.647,56.613,57.608,58.645,59.732,60.872,62.07,63.328,64.646,66.024,67.455,68.931,70.438,71.957,73.463,74.925,76.305,77.563,78.659,79.558,80.24,80.711,81.008,81.199,81.376,81.638
14820.0,55.727,56.681,57.663,58.69,59.766,60.897,62.087,63.338,64.651,66.023,67.449,68.922,70.427,71.944,73.449,74.911,76.291,77.551,78.648,79.55,80.234,80.708,81.006,81.198,81.377,81.639
14880.0,55.807,56.748,57.719,58.735,59.801,60.924,62.105,63.349,64.655,66.022,67.444,68.913,70.416,71.932,73.436,74.897,76.278,77.539,78.638,79.542,80.228,80.704,81.004,81.198,81.377,81.64
14940.0,55.887,56.816,57.776,58.78,59.837,60.95,62.124,63.36,64.66,66.021,67.439,68.905,70.405,71.919,73.422,74.884,76.266,77.527,78.628,79.533,80.223,80.7,81.002,81.197,81.378,81.641
15000.0,55.968,56.884,57.832,58.826,59.873,60.977,62.143,63.372,64.666,66.021,67.435,68.897,70.394,71.906,73.409,74.87,76.253,77.516,78.618,79.525,80.217,80.697,81.001,81.197,81.378,81.641
15060.0,56.049,56.953,57.889,58.873,59.91,61.005,62.162,63.384,64.671,66.022,67.43,68.889,70.383,71.894,73.395,74.856,76.24,77.504,78.608,79.517,80.211,80.693,80.999,81.197,81.378,81.642
15120.0,56.13,57.022,57.947,58.92,59.947,61.033,62.182,63.397,64.677,66.022,67.426,68.881,70.372,71.881,73.382,74.843,76.227,77.492,78.598,79.509,80.205,80.689,80.997,81.196,81.379,81.643
15180.0,56.211,57.091,58.005,58.967,59.984,61.061,62.202,63.41,64.684,66.023,67.422,68.873,70.362,71.869,73.369,74.829,76.214,77.481,78.588,79.501,80.199,80.685,80.995,81.196,81.379,81.643
15240.0,56.293,57.16,58.063,59.014,60.022,61.09,62.223,63.423,64.69,66.024,67.418,68.865,70.351,71.856,73.355,74.816,76.201,77.469,78.578,79.493,80.193,80.682,80.993,81.195,81.38,81.644
15300.0,56.374,57.23,58.121,59.062,60.06,61.12,62.244,63.436,64.697,66.025,67.415,68.858,70.341,71.844,73.342,74.803,76.188,77.457,78.568,79.485,80.187,80.678,80.991,81.195,81.38,81.645
15360.0,56.455,57.299,58.18,59.111,60.099,61.149,62.266,63.45,64.705,66.027,67.412,68.851,70.331,71.832,73.329,74.789,76.175,77.445,78.558,79.477,80.182,80.674,80.989,81.194,81.38,81.645
15420.0,56.537,57.369,58.239,59.159,60.138,61.179,62.287,63.465,64.712,66.028,67.409,68.844,70.321,71.82,73.316,74.776,76.163,77.434,78.548,79.469,80.176,80.67,80.987,81.194,81.381,81.646
15480.0,56.62,57.44,58.298,59.208,60.177,61.21,62.31,63.479,64.72,66.031,67.406,68.837,70.311,71.809,73.303,74.763,76.15,77.422,78.538,79.461,80.17,80.667,80.985,81.193,81.381,81.647
15540.0,56.704,57.511,58.358,59.258,60.217,61.241,62.332,63.494,64.729,66.033,67.403,68.831,70.302,71.797,73.29,74.75,76.137,77.411,78.528,79.453,80.164,80.663,80.984,81.193,81.382,81.647
15600.0,56.789,57.584,58.419,59.308,60.257,61.272,62.355,63.51,64.737,66.036,67.401,68.824,70.292,71.785,73.277,74.737,76.124,77.399,78.518,79.445,80.158,80.659,80.982,81.192,81.382,81.648
15660.0,56.874,57.656,58.48,59.358,60.298,61.303,62.378,63.526,64.746,66.039,67.399,68.818,70.283,71.774,73.265,74.724,76.112,77.387,78.508,79.437,80.152,80.655,80.98,81.192,81.382,81.649
15720.0,56.96,57.729,58.541,59.409,60.339,61.335,62.402,63.542,64.755,66.042,67.397,68.812,70.274,71.762,73.252,74.71,76.099,77.376,78.498,79.429,80.146,80.651,80.978,81.191,81.383,81.649
15780.0,57.046,57.803,58.603,59.46,60.38,61.368,62.426,63.558,64.765,66.045,67.395,68.806,70.265,71.751,73.24,74.698,76.087,77.364,78.488,79.421,80.14,80.648,80.976,81.191,81.383,81.65
15840.0,57.134,57.877,58.666,59.512,60.422,61.4,62.45,63.575,64.775,66.049,67.394,68.801,70.256,71.74,73.227,74.685,76.074,77.353,78.478,79.413,80.134,80.644,80.974,81.19,81.383,81.651
15900.0,57.222,57.953,58.729,59.564,60.465,61.434,62.475,63.592,64.785,66.053,67.393,68.795,70.247,71.729,73.215,74.672,76.061,77.341,78.468,79.405,80.128,80.64,80.972,81.19,81.384,81.651
15960.0,57.312,58.029,58.793,59.617,60.507,61.467,62.5,63.609,64.795,66.058,67.392,68.79,70.238,71.718,73.202,74.659,76.049,77.33,78.458,79.397,80.122,80.636,80.97,81.189,81.384,81.652
16020.0,57.404,58.106,58.858,59.671,60.551,61.501,62.526,63.627,64.806,66.062,67.391,68.785,70.23,71.707,73.19,74.646,76.036,77.318,78.448,79.388,80.116,80.632,80.968,81.188,81.384,81.653
16080.0,57.497,58.185,58.924,59.725,60.594,61.535,62.551,63.645,64.817,66.067,67.391,68.78,70.222,71.696,73.178,74.633,76.024,77.307,78.438,79.38,80.11,80.628,80.966,81.188,81.385,81.653
16140.0,57.591,58.265,58.99,59.78,60.639,61.57,62.578,63.663,64.829,66.072,67.391,68.775,70.214,71.686,73.166,74.621,76.012,77.295,78.428,79.372,80.104,80.624,80.964,81.187,81.385,81.654
16200.0,57.685,58.345,59.058,59.836,60.684,61.606,62.604,63.682,64.84,66.078,67.391,68.771,70.206,71.675,73.154,74.608,75.999,77.284,78.418,79.364,80.099,80.621,80.962,81.187,81.385,81.654
16260.0,57.779,58.426,59.126,59.892,60.729,61.642,62.631,63.701,64.852,66.083,67.391,68.767,70.198,71.665,73.142,74.596,75.987,77.272,78.408,79.356,80.093,80.617,80.96,81.186,81.386,81.655
16320.0,57.874,58.507,59.194,59.949,60.776,61.678,62.659,63.721,64.865,66.089,67.391,68.763,70.19,71.655,73.13,74.583,75.975,77.261,78.398,79.348,80.087,80.613,80.958,81.186,81.386,81.656
16380.0,57.971,58.589,59.263,60.006,60.822,61.715,62.687,63.741,64.877,66.096,67.392,68.759,70.183,71.644,73.118,74.571,75.962,77.249,78.388,79.34,80.081,80.609,80.956,81.185,81.386,81.656
16440.0,58.068,58.672,59.333,60.064,60.87,61.752,62.715,63.761,64.89,66.102,67.393,68.755,70.175,71.634,73.106,74.558,75.95,77.238,78.378,79.332,80.075,80.605,80.954,81.184,81.386,81.657
16500.0,58.167,58.756,59.404,60.123,60.917,61.79,62.744,63.781,64.903,66.109,67.394,68.752,70.168,71.625,73.095,74.546,75.938,77.227,78.368,79.324,80.069,80.601,80.952,81.184,81.387,81.657
16560.0,58.266,58.841,59.476,60.182,60.966,61.828,62.773,63.802,64.917,66.116,67.396,68.748,70.161,71.615,73.083,74.534,75.926,77.215,78.358,79.316,80.063,80.597,80.95,81.183,81.387,81.658
16620.0,58.365,58.926,59.548,60.242,61.015,61.867,62.803,63.824,64.931,66.123,67.397,68.745,70.154,71.605,73.072,74.521,75.913,77.204,78.349,79.308,80.057,80.593,80.948,81.183,81.387,81.659
16680.0,58.464,59.011,59.62,60.303,61.064,61.907,62.833,63.845,64.945,66.131,67.399,68.742,70.148,71.596,73.061,74.509,75.901,77.193,78.339,79.3,80.051,80.589,80.945,81.182,81.388,81.659
16740.0,58.564,59.097,59.693,60.364,61.114,61.946,62.863,63.867,64.96,66.139,67.401,68.74,70.141,71.586,73.049,74.497,75.889,77.181,78.329,79.292,80.045,80.585,80.943,81.181,81.388,81.66
16800.0,58.664,59.183,59.766,60.425,61.164,61.987,62.894,63.89,64.974,66.147,67.404,68.737,70.135,71.577,73.038,74.485,75.877,77.17,78.319,79.284,80.039,80.581,80.941,81.181,81.388,81.66
16860.0,58.764,59.27,59.84,60.487,61.215,62.027,62.926,63.913,64.99,66.155,67.406,68.735,70.128,71.568,73.027,74.473,75.865,77.159,78.309,79.276,80.033,80.578,80.939,81.18,81.388,81.661
16920.0,58.864,59.356,59.914,60.55,61.267,62.068,62.957,63.936,65.005,66.164,67.409,68.733,70.122,71.559,73.016,74.461,75.853,77.148,78.299,79.267,80.027,80.574,80.937,81.179,81.389,81.661
16980.0,58.964,59.443,59.988,60.612,61.318,62.11,62.99,63.96,65.021,66.173,67.412,68.731,70.116,71.55,73.005,74.449,75.841,77.137,78.289,79.259,80.021,80.57,80.935,81.179,81.389,81.662
17040.0,59.064,59.53,60.063,60.675,61.371,62.152,63.022,63.984,65.037,66.183,67.416,68.729,70.111,71.541,72.995,74.437,75.829,77.125,78.279,79.251,80.014,80.566,80.933,81.178,81.389,81.662
17100.0,59.164,59.617,60.138,60.739,61.423,62.194,63.055,64.008,65.054,66.192,67.419,68.728,70.105,71.532,72.984,74.426,75.818,77.114,78.27,79.243,80.008,80.562,80.931,81.177,81.389,81.663
17160.0,59.264,59.704,60.213,60.802,61.476,62.237,63.089,64.033,65.071,66.202,67.423,68.726,70.1,71.524,72.973,74.414,75.806,77.103,78.26,79.235,80.002,80.558,80.929,81.177,81.389,81.663
17220.0,59.364,59.792,60.288,60.866,61.529,62.28,63.122,64.058,65.088,66.212,67.427,68.725,70.094,71.516,72.963,74.402,75.794,77.092,78.25,79.227,79.996,80.554,80.926,81.176,81.39,81.664
17280.0,59.467,59.88,60.364,60.93,61.583,62.324,63.156,64.083,65.106,66.223,67.432,68.724,70.089,71.507,72.952,74.391,75.782,77.081,78.24,79.219,79.99,80.55,80.924,81.175,81.39,81.665
17340.0,59.57,59.97,60.441,60.995,61.636,62.367,63.191,64.109,65.123,66.234,67.436,68.724,70.084,71.499,72.942,74.379,75.771,77.07,78.23,79.211,79.984,80.546,80.922,81.174,81.39,81.665
17400.0,59.674,60.06,60.518,61.06,61.691,62.412,63.225,64.135,65.141,66.245,67.441,68.723,70.08,71.491,72.932,74.368,75.759,77.059,78.22,79.203,79.978,80.542,80.92,81.174,81.39,81.666
17460.0,59.778,60.15,60.596,61.126,61.746,62.456,63.261,64.161,65.16,66.256,67.446,68.723,70.075,71.483,72.922,74.357,75.747,77.048,78.211,79.195,79.972,80.538,80.918,81.173,81.39,81.666
17520.0,59.882,60.241,60.674,61.192,61.801,62.501,63.296,64.188,65.179,66.267,67.451,68.723,70.071,71.475,72.912,74.345,75.736,77.037,78.201,79.187,79.966,80.534,80.916,81.172,81.391,81.667
17580.0,59.986,60.332,60.752,61.259,61.856,62.546,63.332,64.215,65.198,66.279,67.457,68.723,70.066,71.468,72.902,74.334,75.724,77.026,78.191,79.179,79.96,80.53,80.913,81.171,81.391,81.667
17640.0,60.091,60.423,60.831,61.326,61.912,62.592,63.368,64.243,65.217,66.292,67.463,68.724,70.062,71.46,72.892,74.323,75.713,77.015,78.181,79.171,79.954,80.526,80.911,81.171,81.391,81.668
17700.0,60.195,60.514,60.91,61.393,61.969,62.638,63.405,64.27,65.237,66.304,67.469,68.724,70.058,71.453,72.882,74.312,75.701,77.004,78.172,79.163,79.948,80.521,80.909,81.17,81.391,81.668
17760.0,60.3,60.606,60.989,61.461,62.026,62.685,63.442,64.298,65.257,66.317,67.475,68.725,70.055,71.446,72.873,74.301,75.69,76.993,78.162,79.155,79.942,80.517,80.907,81.169,81.391,81.668
17820.0,60.41,60.7,61.069,61.529,62.083,62.732,63.479,64.327,65.277,66.33,67.481,68.726,70.051,71.439,72.863,74.29,75.679,76.982,78.152,79.147,79.936,80.513,80.905,81.168,81.392,81.669
17880.0,60.52,60.795,61.15,61.598,62.14,62.779,63.517,64.356,65.298,66.343,67.488,68.727,70.048,71.432,72.854,74.279,75.667,76.971,78.142,79.139,79.93,80.509,80.902,81.168,81.392,81.669
17940.0,60.632,60.891,61.233,61.668,62.198,62.827,63.555,64.385,65.319,66.356,67.495,68.728,70.044,71.425,72.844,74.268,75.656,76.96,78.133,79.13,79.923,80.505,80.9,81.167,81.392,81.67
18000.0,60.744,60.988,61.316,61.738,62.257,62.875,63.593,64.414,65.34,66.37,67.502,68.73,70.041,71.418,72.835,74.258,75.645,76.949,78.123,79.122,79.917,80.501,80.898,81.166,81.392,81.67
18060.0,60.856,61.085,61.4,61.809,62.317,62.923,63.632,64.444,65.361,66.384,67.51,68.732,70.039,71.412,72.826,74.247,75.634,76.939,78.113,79.114,79.911,80.497,80.896,81.165,81.392,81.671
18120.0,60.969,61.184,61.484,61.881,62.377,62.973,63.671,64.474,65.383,66.399,67.518,68.734,70.036,71.405,72.817,74.236,75.623,76.928,78.104,79.106,79.905,80.493,80.893,81.165,81.392,81.671
18180.0,61.082,61.282,61.569,61.953,62.437,63.022,63.711,64.505,65.405,66.413,67.526,68.736,70.033,71.399,72.808,74.226,75.611,76.917,78.094,79.098,79.899,80.489,80.891,81.164,81.392,81.672
18240.0,61.196,61.381,61.654,62.026,62.498,63.072,63.751,64.535,65.428,66.428,67.534,68.739,70.031,71.393,72.799,74.216,75.6,76.906,78.084,79.09,79.893,80.485,80.889,81.163,81.392,81.672
18300.0,61.309,61.48,61.74,62.099,62.559,63.123,63.791,64.567,65.451,66.443,67.542,68.741,70.029,71.387,72.79,74.205,75.589,76.896,78.075,79.082,79.887,80.481,80.887,81.162,81.393,81.672
18360.0,61.423,61.58,61.826,62.173,62.621,63.174,63.832,64.598,65.474,66.459,67.551,68.744,70.027,71.381,72.782,74.195,75.579,76.885,78.065,79.074,79.881,80.476,80.884,81.161,81.393,81.673
18420.0,61.536,61.679,61.912,62.247,62.684,63.225,63.873,64.63,65.497,66.475,67.56,68.747,70.025,71.375,72.773,74.185,75.568,76.874,78.056,79.066,79.875,80.472,80.882,81.16,81.393,81.673
18480.0,61.65,61.779,61.999,62.321,62.746,63.277,63.915,64.663,65.521,66.491,67.569,68.75,70.023,71.37,72.765,74.175,75.557,76.864,78.046,79.058,79.869,80.468,80.88,81.16,81.393,81.674
18540.0,61.763,61.879,62.086,62.396,62.809,63.329,63.957,64.695,65.545,66.507,67.579,68.754,70.022,71.364,72.757,74.164,75.546,76.853,78.036,79.05,79.862,80.464,80.877,81.159,81.393,81.674
18600.0,61.877,61.979,62.173,62.47,62.873,63.382,64.0,64.728,65.57,66.524,67.588,68.758,70.02,71.359,72.748,74.154,75.535,76.843,78.027,79.042,79.856,80.46,80.875,81.158,81.393,81.675
18660.0,61.99,62.078,62.26,62.546,62.937,63.435,64.042,64.762,65.594,66.541,67.598,68.762,70.019,71.354,72.74,74.145,75.525,76.832,78.017,79.034,79.85,80.456,80.873,81.157,81.393,81.675
18720.0,62.103,62.178,62.348,62.621,63.001,63.488,64.086,64.796,65.62,66.558,67.609,68.766,70.018,71.349,72.732,74.135,75.514,76.822,78.008,79.026,79.844,80.452,80.87,81.156,81.393,81.675
18780.0,62.216,62.278,62.435,62.697,63.065,63.542,64.129,64.83,65.645,66.575,67.619,68.77,70.017,71.344,72.724,74.125,75.503,76.811,77.998,79.018,79.838,80.447,80.868,81.155,81.393,81.676
18840.0,62.329,62.378,62.523,62.773,63.13,63.596,64.173,64.864,65.671,66.593,67.63,68.775,70.017,71.339,72.717,74.115,75.493,76.801,77.989,79.01,79.832,80.443,80.866,81.154,81.393,81.676
18900.0,62.441,62.478,62.61,62.849,63.195,63.65,64.217,64.899,65.697,66.611,67.641,68.779,70.016,71.335,72.709,74.106,75.482,76.791,77.979,79.002,79.826,80.439,80.863,81.153,81.393,81.676
18960.0,62.554,62.578,62.698,62.925,63.26,63.704,64.262,64.934,65.723,66.63,67.652,68.784,70.016,71.33,72.702,74.096,75.472,76.78,77.97,78.994,79.819,80.435,80.861,81.153,81.393,81.677
19020.0,62.666,62.677,62.786,63.001,63.325,63.759,64.306,64.969,65.75,66.648,67.663,68.79,70.016,71.326,72.694,74.087,75.462,76.77,77.96,78.986,79.813,80.431,80.859,81.152,81.393,81.677
19080.0,62.78,62.778,62.874,63.077,63.39,63.814,64.352,65.005,65.777,66.667,67.675,68.795,70.016,71.322,72.687,74.077,75.451,76.76,77.951,78.978,79.807,80.427,80.856,81.151,81.394,81.677
19140.0,62.895,62.879,62.962,63.154,63.456,63.869,64.397,65.041,65.804,66.686,67.687,68.801,70.016,71.318,72.68,74.068,75.441,76.749,77.941,78.97,79.801,80.422,80.854,81.15,81.394,81.678
19200.0,63.011,62.981,63.052,63.231,63.522,63.925,64.442,65.077,65.831,66.706,67.699,68.806,70.017,71.314,72.672,74.059,75.431,76.739,77.932,78.962,79.795,80.418,80.851,81.149,81.394,81.678
19260.0,63.127,63.084,63.141,63.309,63.589,63.981,64.488,65.114,65.859,66.726,67.712,68.812,70.018,71.31,72.666,74.05,75.421,76.729,77.923,78.954,79.789,80.414,80.849,81.148,81.394,81.679
19320.0,63.246,63.187,63.231,63.387,63.655,64.037,64.535,65.15,65.887,66.746,67.724,68.819,70.018,71.307,72.659,74.041,75.411,76.719,77.913,78.946,79.783,80.41,80.847,81.147,81.394,81.679
19380.0,63.365,63.292,63.322,63.466,63.723,64.094,64.581,65.188,65.915,66.766,67.737,68.825,70.019,71.303,72.652,74.032,75.401,76.709,77.904,78.938,79.776,80.405,80.844,81.146,81.394,81.679
19440.0,63.484,63.397,63.414,63.545,63.79,64.15,64.628,65.225,65.944,66.786,67.751,68.832,70.021,71.3,72.645,74.023,75.391,76.699,77.895,78.93,79.77,80.401,80.842,81.145,81.394,81.679
19500.0,63.603,63.502,63.506,63.624,63.858,64.208,64.675,65.263,65.973,66.807,67.764,68.839,70.022,71.297,72.639,74.014,75.381,76.688,77.885,78.922,79.764,80.397,80.839,81.144,81.394,81.68
19560.0,63.722,63.607,63.598,63.704,63.927,64.265,64.722,65.301,66.002,66.828,67.778,68.846,70.024,71.294,72.632,74.005,75.371,76.678,77.876,78.914,79.758,80.393,80.837,81.143,81.394,81.68
19620.0,63.842,63.713,63.691,63.785,63.995,64.323,64.77,65.339,66.032,66.849,67.792,68.853,70.025,71.291,72.626,73.997,75.361,76.668,77.867,78.907,79.752,80.389,80.834,81.142,81.394,81.68
19680.0,63.961,63.819,63.784,63.866,64.065,64.382,64.818,65.378,66.061,66.871,67.806,68.861,70.027,71.288,72.62,73.988,75.351,76.658,77.857,78.899,79.746,80.384,80.832,81.141,81.394,81.681
19740.0,64.081,63.925,63.877,63.947,64.134,64.44,64.867,65.416,66.091,66.893,67.82,68.869,70.029,71.286,72.614,73.98,75.341,76.649,77.848,78.891,79.739,80.38,80.83,81.14,81.394,81.681
19800.0,64.2,64.031,63.97,64.028,64.204,64.499,64.916,65.456,66.122,66.915,67.835,68.877,70.032,71.283,72.608,73.972,75.332,76.639,77.839,78.883,79.733,80.376,80.827,81.139,81.393,81.681
19860.0,64.32,64.137,64.064,64.109,64.274,64.559,64.965,65.495,66.152,66.937,67.849,68.885,70.034,71.281,72.602,73.963,75.322,76.629,77.83,78.875,79.727,80.372,80.825,81.138,81.393,81.682
19920.0,64.441,64.244,64.158,64.191,64.345,64.618,65.014,65.535,66.183,66.96,67.865,68.893,70.037,71.279,72.596,73.955,75.313,76.619,77.82,78.867,79.721,80.367,80.822,81.137,81.393,81.682
19980.0,64.563,64.351,64.252,64.273,64.415,64.678,65.064,65.575,66.214,66.983,67.88,68.902,70.039,71.277,72.591,73.947,75.303,76.609,77.811,78.859,79.715,80.363,80.82,81.136,81.393,81.682
20040.0,64.684,64.459,64.347,64.356,64.486,64.738,65.114,65.616,66.246,67.006,67.895,68.911,70.042,71.275,72.585,73.939,75.294,76.599,77.802,78.851,79.709,80.359,80.817,81.135,81.393,81.682
20100.0,64.806,64.567,64.442,64.439,64.558,64.799,65.164,65.656,66.277,67.029,67.911,68.92,70.046,71.274,72.58,73.931,75.284,76.59,77.793,78.843,79.702,80.354,80.815,81.134,81.393,81.683
20160.0,64.928,64.676,64.537,64.522,64.629,64.86,65.215,65.697,66.309,67.053,67.927,68.929,70.049,71.272,72.575,73.923,75.275,76.58,77.784,78.835,79.696,80.35,80.812,81.133,81.393,81.683
20220.0,65.05,64.784,64.633,64.606,64.701,64.921,65.266,65.738,66.342,67.077,67.944,68.938,70.053,71.271,72.57,73.915,75.266,76.57,77.775,78.828,79.69,80.346,80.81,81.132,81.393,81.683
20280.0,65.172,64.893,64.729,64.689,64.774,64.982,65.317,65.78,66.374,67.101,67.96,68.948,70.056,71.27,72.565,73.908,75.257,76.561,77.766,78.82,79.684,80.342,80.807,81.131,81.393,81.683
20340.0,65.294,65.001,64.825,64.773,64.846,65.044,65.369,65.822,66.407,67.125,67.977,68.958,70.06,71.269,72.56,73.9,75.248,76.551,77.757,78.812,79.678,80.337,80.805,81.13,81.393,81.684
20400.0,65.418,65.111,64.921,64.858,64.919,65.106,65.42,65.864,66.44,67.15,67.994,68.968,70.064,71.268,72.555,73.893,75.239,76.542,77.747,78.804,79.672,80.333,80.802,81.129,81.393,81.684
20460.0,65.543,65.221,65.018,64.942,64.992,65.169,65.472,65.906,66.473,67.175,68.011,68.978,70.069,71.267,72.55,73.885,75.23,76.532,77.738,78.796,79.665,80.329,80.8,81.128,81.393,81.684
20520.0,65.667,65.332,65.116,65.027,65.066,65.231,65.525,65.949,66.507,67.2,68.028,68.989,70.073,71.266,72.546,73.878,75.221,76.523,77.729,78.788,79.659,80.324,80.797,81.127,81.393,81.684
20580.0,65.792,65.443,65.213,65.113,65.14,65.294,65.577,65.992,66.541,67.225,68.046,68.999,70.078,71.266,72.541,73.871,75.212,76.513,77.72,78.78,79.653,80.32,80.795,81.126,81.392,81.684
20640.0,65.917,65.554,65.312,65.198,65.214,65.357,65.63,66.035,66.575,67.251,68.064,69.01,70.082,71.266,72.537,73.864,75.203,76.504,77.712,78.773,79.647,80.316,80.792,81.125,81.392,81.685
20700.0,66.042,65.665,65.41,65.285,65.288,65.421,65.683,66.079,66.609,67.277,68.082,69.021,70.087,71.266,72.533,73.857,75.194,76.495,77.703,78.765,79.641,80.311,80.789,81.124,81.392,81.685
20760.0,66.167,65.777,65.508,65.371,65.363,65.485,65.737,66.122,66.644,67.303,68.1,69.033,70.093,71.266,72.529,73.85,75.186,76.486,77.694,78.757,79.634,80.307,80.787,81.122,81.392,81.685
20820.0,66.292,65.888,65.607,65.458,65.438,65.549,65.791,66.166,66.679,67.329,68.119,69.044,70.098,71.266,72.525,73.843,75.177,76.476,77.685,78.749,79.628,80.303,80.784,81.121,81.392,81.685
20880.0,66.416,65.999,65.706,65.544,65.513,65.613,65.845,66.211,66.714,67.356,68.138,69.056,70.104,71.266,72.521,73.836,75.169,76.467,77.676,78.742,79.622,80.298,80.782,81.12,81.392,81.685
20940.0,66.543,66.112,65.805,65.631,65.589,65.678,65.899,66.255,66.749,67.383,68.157,69.068,70.109,71.267,72.518,73.83,75.16,76.458,77.667,78.734,79.616,80.294,80.779,81.119,81.392,81.686
21000.0,66.671,66.225,65.905,65.719,65.665,65.743,65.954,66.3,66.785,67.41,68.176,69.08,70.115,71.267,72.514,73.823,75.152,76.449,77.658,78.726,79.61,80.29,80.777,81.118,81.392,81.686
21060.0,66.799,66.339,66.006,65.807,65.741,65.808,66.009,66.345,66.821,67.437,68.195,69.092,70.121,71.268,72.511,73.817,75.143,76.44,77.649,78.718,79.604,80.285,80.774,81.117,81.391,81.686
21120.0,66.927,66.453,66.106,65.895,65.818,65.874,66.064,66.391,66.857,67.465,68.215,69.105,70.128,71.269,72.507,73.81,75.135,76.431,77.641,78.71,79.597,80.281,80.771,81.116,81.391,81.686
21180.0,67.055,66.567,66.208,65.984,65.895,65.94,66.119,66.436,66.893,67.493,68.235,69.118,70.134,71.27,72.504,73.804,75.127,76.422,77.632,78.703,79.591,80.276,80.769,81.115,81.391,81.686
21240.0,67.184,66.682,66.309,66.073,65.972,66.006,66.175,66.482,66.93,67.521,68.255,69.131,70.141,71.271,72.501,73.798,75.119,76.413,77.623,78.695,79.585,80.272,80.766,81.113,81.391,81.686
21300.0,67.312,66.797,66.411,66.163,66.05,66.072,66.231,66.528,66.967,67.549,68.275,69.144,70.147,71.273,72.498,73.792,75.111,76.404,77.614,78.687,79.579,80.268,80.763,81.112,81.391,81.687
21360.0,67.441,66.912,66.513,66.252,66.128,66.139,66.288,66.575,67.004,67.578,68.296,69.157,70.154,71.274,72.495,73.786,75.103,76.395,77.606,78.68,79.573,80.263,80.761,81.111,81.39,81.687
21420.0,67.572,67.028,66.616,66.342,66.206,66.207,66.344,66.622,67.042,67.606,68.317,69.171,70.161,71.276,72.493,73.78,75.095,76.386,77.597,78.672,79.567,80.259,80.758,81.11,81.39,81.687
21480.0,67.703,67.144,66.719,66.433,66.285,66.274,66.401,66.669,67.079,67.635,68.338,69.184,70.169,71.278,72.49,73.774,75.087,76.377,77.588,78.664,79.56,80.255,80.756,81.109,81.39,81.687
21540.0,67.834,67.261,66.822,66.524,66.364,66.342,66.459,66.716,67.117,67.665,68.359,69.198,70.176,71.28,72.488,73.768,75.079,76.369,77.58,78.657,79.554,80.25,80.753,81.108,81.39,81.687
21600.0,67.965,67.378,66.926,66.615,66.443,66.41,66.516,66.764,67.155,67.694,68.38,69.212,70.184,71.282,72.485,73.763,75.071,76.36,77.571,78.649,79.548,80.246,80.75,81.106,81.39,81.687
21660.0,68.096,67.496,67.03,66.707,66.523,66.479,66.574,66.812,67.194,67.724,68.402,69.227,70.192,71.284,72.483,73.757,75.064,76.351,77.563,78.641,79.542,80.241,80.748,81.105,81.389,81.687
21720.0,68.227,67.613,67.134,66.798,66.603,66.548,66.632,66.86,67.233,67.754,68.424,69.241,70.2,71.287,72.481,73.752,75.056,76.343,77.554,78.634,79.536,80.237,80.745,81.104,81.389,81.687
21780.0,68.358,67.73,67.239,66.891,66.684,66.617,66.691,66.908,67.272,67.784,68.446,69.256,70.208,71.289,72.479,73.746,75.049,76.334,77.546,78.626,79.53,80.233,80.742,81.103,81.389,81.687
21840.0,68.489,67.848,67.343,66.983,66.764,66.686,66.75,66.957,67.311,67.814,68.468,69.271,70.216,71.292,72.477,73.741,75.041,76.326,77.537,78.618,79.523,80.228,80.74,81.101,81.389,81.688
21900.0,68.62,67.965,67.448,67.075,66.845,66.756,66.809,67.006,67.351,67.845,68.491,69.286,70.225,71.295,72.476,73.736,75.034,76.317,77.529,78.611,79.517,80.224,80.737,81.1,81.389,81.688
21960.0,68.75,68.082,67.553,67.168,66.926,66.826,66.868,67.055,67.39,67.876,68.514,69.301,70.234,71.298,72.474,73.731,75.027,76.309,77.52,78.603,79.511,80.219,80.734,81.099,81.388,81.688
22020.0,68.882,68.2,67.658,67.261,67.007,66.896,66.928,67.105,67.43,67.907,68.537,69.317,70.243,71.301,72.473,73.726,75.019,76.301,77.512,78.596,79.505,80.215,80.732,81.098,81.388,81.688
22080.0,69.014,68.319,67.763,67.354,67.089,66.966,66.987,67.155,67.471,67.939,68.56,69.333,70.252,71.305,72.472,73.721,75.012,76.292,77.504,78.588,79.499,80.21,80.729,81.097,81.388,81.688
22140.0,69.147,68.437,67.869,67.447,67.171,67.037,67.048,67.205,67.511,67.97,68.583,69.349,70.261,71.308,72.47,73.717,75.005,76.284,77.495,78.581,79.493,80.206,80.726,81.095,81.387,81.688
22200.0,69.279,68.556,67.975,67.541,67.253,67.108,67.108,67.255,67.552,68.002,68.607,69.365,70.27,71.312,72.469,73.712,74.998,76.276,77.487,78.573,79.487,80.202,80.723,81.094,81.387,81.688
22260.0,69.414,68.677,68.081,67.635,67.335,67.179,67.169,67.306,67.593,68.034,68.631,69.381,70.28,71.316,72.468,73.707,74.991,76.268,77.479,78.565,79.48,80.197,80.721,81.093,81.387,81.688
22320.0,69.55,68.798,68.189,67.73,67.418,67.251,67.229,67.356,67.634,68.067,68.655,69.398,70.29,71.32,72.468,73.703,74.984,76.26,77.47,78.558,79.474,80.193,80.718,81.092,81.387,81.688
22380.0,69.687,68.919,68.297,67.825,67.501,67.322,67.291,67.407,67.676,68.099,68.679,69.414,70.3,71.324,72.467,73.699,74.978,76.252,77.462,78.55,79.468,80.188,80.715,81.09,81.386,81.688
22440.0,69.824,69.042,68.405,67.92,67.584,67.395,67.352,67.459,67.718,68.132,68.704,69.431,70.31,71.328,72.466,73.694,74.971,76.244,77.454,78.543,79.462,80.184,80.712,81.089,81.386,81.688
22500.0,69.96,69.164,68.514,68.016,67.668,67.467,67.414,67.51,67.76,68.165,68.728,69.448,70.32,71.333,72.466,73.69,74.964,76.236,77.446,78.535,79.456,80.179,80.71,81.088,81.386,81.688
22560.0,70.097,69.287,68.623,68.113,67.752,67.54,67.476,67.562,67.802,68.199,68.753,69.466,70.331,71.337,72.466,73.686,74.958,76.228,77.438,78.528,79.45,80.175,80.707,81.086,81.385,81.688
22620.0,70.234,69.409,68.733,68.209,67.837,67.613,67.538,67.614,67.845,68.232,68.778,69.483,70.341,71.342,72.466,73.682,74.951,76.22,77.429,78.521,79.444,80.17,80.704,81.085,81.385,81.688
22680.0,70.371,69.532,68.842,68.306,67.922,67.687,67.601,67.667,67.887,68.266,68.804,69.501,70.352,71.347,72.465,73.679,74.945,76.212,77.421,78.513,79.438,80.166,80.701,81.084,81.385,81.688
22740.0,70.507,69.655,68.952,68.404,68.007,67.76,67.664,67.719,67.93,68.3,68.829,69.519,70.363,71.352,72.466,73.675,74.938,76.204,77.413,78.506,79.431,80.162,80.699,81.082,81.384,81.688
22800.0,70.645,69.779,69.062,68.501,68.093,67.835,67.727,67.772,67.974,68.334,68.855,69.537,70.374,71.357,72.466,73.671,74.932,76.197,77.405,78.498,79.425,80.157,80.696,81.081,81.384,81.688
22860.0,70.785,69.904,69.173,68.599,68.179,67.909,67.791,67.826,68.017,68.369,68.881,69.555,70.386,71.362,72.466,73.668,74.926,76.189,77.397,78.491,79.419,80.153,80.693,81.08,81.384,81.688
22920.0,70.925,70.029,69.284,68.698,68.265,67.984,67.855,67.879,68.061,68.403,68.907,69.574,70.397,71.368,72.467,73.664,74.92,76.181,77.389,78.484,79.413,80.148,80.69,81.078,81.383,81.688
22980.0,71.065,70.154,69.396,68.797,68.352,68.059,67.919,67.933,68.105,68.438,68.934,69.592,70.409,71.374,72.467,73.661,74.914,76.174,77.381,78.476,79.407,80.144,80.688,81.077,81.383,81.688
23040.0,71.206,70.28,69.509,68.896,68.439,68.134,67.983,67.987,68.15,68.473,68.961,69.611,70.421,71.379,72.468,73.658,74.908,76.166,77.373,78.469,79.401,80.139,80.685,81.076,81.383,81.688
23100.0,71.346,70.407,69.621,68.996,68.526,68.21,68.048,68.042,68.194,68.509,68.987,69.63,70.433,71.385,72.469,73.655,74.902,76.159,77.366,78.462,79.395,80.135,80.682,81.074,81.382,81.688
23160.0,71.486,70.533,69.734,69.096,68.614,68.287,68.113,68.096,68.239,68.544,69.015,69.65,70.445,71.391,72.47,73.652,74.896,76.151,77.358,78.454,79.389,80.13,80.679,81.073,81.382,81.688
23220.0,71.626,70.659,69.847,69.196,68.702,68.363,68.179,68.151,68.284,68.58,69.042,69.669,70.458,71.398,72.471,73.649,74.89,76.144,77.35,78.447,79.383,80.126,80.676,81.072,81.382,81.688
23280.0,71.766,70.785,69.96,69.297,68.791,68.44,68.245,68.207,68.33,68.616,69.069,69.689,70.47,71.404,72.472,73.646,74.885,76.137,77.342,78.44,79.377,80.121,80.674,81.07,81.381,81.688
23340.0,71.906,70.912,70.074,69.397,68.879,68.517,68.311,68.262,68.375,68.653,69.097,69.709,70.483,71.411,72.474,73.643,74.879,76.129,77.334,78.432,79.371,80.117,80.671,81.069,81.381,81.688
23400.0,72.045,71.038,70.187,69.498,68.968,68.594,68.377,68.318,68.421,68.689,69.125,69.729,70.496,71.417,72.475,73.64,74.874,76.122,77.327,78.425,79.364,80.112,80.668,81.068,81.38,81.688
23460.0,72.184,71.164,70.3,69.599,69.058,68.672,68.444,68.374,68.467,68.726,69.153,69.749,70.509,71.424,72.477,73.638,74.868,76.115,77.319,78.418,79.358,80.108,80.665,81.066,81.38,81.688
23520.0,72.325,71.29,70.414,69.701,69.147,68.75,68.511,68.431,68.514,68.763,69.182,69.769,70.522,71.431,72.478,73.636,74.863,76.108,77.311,78.411,79.352,80.103,80.662,81.065,81.38,81.688
23580.0,72.467,71.418,70.528,69.802,69.236,68.828,68.578,68.487,68.561,68.801,69.21,69.79,70.536,71.438,72.48,73.633,74.857,76.101,77.304,78.403,79.346,80.099,80.659,81.063,81.379,81.688
23640.0,72.608,71.545,70.642,69.904,69.326,68.907,68.645,68.544,68.608,68.838,69.239,69.811,70.549,71.446,72.482,73.631,74.852,76.094,77.296,78.396,79.34,80.094,80.657,81.062,81.379,81.687
23700.0,72.749,71.673,70.757,70.006,69.416,68.985,68.713,68.602,68.655,68.876,69.268,69.832,70.563,71.453,72.484,73.629,74.847,76.087,77.289,78.389,79.334,80.09,80.654,81.061,81.378,81.687
23760.0,72.89,71.8,70.871,70.108,69.507,69.064,68.781,68.659,68.702,68.914,69.298,69.853,70.577,71.461,72.487,73.627,74.842,76.08,77.281,78.382,79.328,80.085,80.651,81.059,81.378,81.687
23820.0,73.031,71.928,70.986,70.21,69.597,69.143,68.849,68.717,68.75,68.953,69.327,69.875,70.591,71.469,72.489,73.625,74.837,76.074,77.274,78.375,79.322,80.081,80.648,81.058,81.377,81.687
23880.0,73.172,72.055,71.101,70.313,69.688,69.223,68.918,68.775,68.798,68.991,69.357,69.896,70.606,71.476,72.492,73.623,74.832,76.067,77.266,78.368,79.316,80.076,80.645,81.056,81.377,81.687
23940.0,73.312,72.182,71.215,70.416,69.779,69.302,68.986,68.833,68.846,69.03,69.387,69.918,70.62,71.485,72.494,73.622,74.827,76.06,77.259,78.361,79.31,80.072,80.642,81.055,81.377,81.687
24000.0,73.452,72.31,71.33,70.518,69.87,69.382,69.055,68.892,68.895,69.069,69.417,69.94,70.635,71.493,72.497,73.62,74.823,76.053,77.252,78.354,79.304,80.067,80.639,81.053,81.376,81.687
24060.0,73.591,72.436,71.445,70.621,69.961,69.462,69.124,68.95,68.944,69.108,69.448,69.962,70.65,71.501,72.5,73.619,74.818,76.047,77.244,78.347,79.298,80.063,80.637,81.052,81.376,81.687
24120.0,73.733,72.564,71.56,70.724,70.053,69.542,69.194,69.009,68.993,69.148,69.478,69.985,70.665,71.51,72.503,73.617,74.814,76.04,77.237,78.339,79.292,80.058,80.634,81.05,81.375,81.686
24180.0,73.875,72.693,71.675,70.827,70.144,69.623,69.263,69.068,69.042,69.188,69.509,70.007,70.68,71.518,72.506,73.616,74.809,76.034,77.23,78.332,79.286,80.054,80.631,81.049,81.375,81.686
24240.0,74.017,72.821,71.791,70.931,70.236,69.703,69.333,69.128,69.091,69.228,69.54,70.03,70.695,71.527,72.509,73.615,74.805,76.027,77.222,78.325,79.28,80.049,80.628,81.048,81.374,81.686
24300.0,74.16,72.95,71.907,71.035,70.328,69.784,69.403,69.187,69.141,69.268,69.571,70.053,70.711,71.536,72.513,73.614,74.8,76.021,77.215,78.318,79.274,80.045,80.625,81.046,81.374,81.686
24360.0,74.302,73.079,72.024,71.139,70.42,69.865,69.473,69.247,69.191,69.308,69.603,70.077,70.727,71.545,72.516,73.613,74.796,76.015,77.208,78.312,79.268,80.04,80.622,81.045,81.373,81.686
24420.0,74.444,73.209,72.14,71.243,70.513,69.946,69.544,69.307,69.241,69.349,69.635,70.1,70.743,71.555,72.52,73.612,74.792,76.009,77.201,78.305,79.262,80.036,80.619,81.043,81.373,81.686
24480.0,74.586,73.338,72.257,71.348,70.606,70.028,69.614,69.367,69.291,69.39,69.667,70.124,70.759,71.564,72.524,73.611,74.788,76.002,77.194,78.298,79.256,80.031,80.616,81.042,81.372,81.686
24540.0,74.728,73.467,72.373,71.452,70.699,70.11,69.685,69.428,69.342,69.431,69.699,70.148,70.775,71.574,72.528,73.611,74.784,75.996,77.187,78.291,79.25,80.027,80.613,81.04,81.372,81.685
24600.0,74.869,73.595,72.49,71.557,70.792,70.192,69.756,69.489,69.392,69.472,69.731,70.172,70.792,71.584,72.532,73.61,74.78,75.99,77.18,78.284,79.244,80.022,80.61,81.039,81.371,81.685
24660.0,75.012,73.725,72.607,71.662,70.885,70.274,69.828,69.55,69.443,69.513,69.764,70.196,70.808,71.594,72.536,73.61,74.776,75.984,77.173,78.277,79.238,80.018,80.607,81.037,81.371,81.685
24720.0,75.156,73.855,72.724,71.767,70.979,70.356,69.899,69.611,69.495,69.555,69.796,70.22,70.825,71.604,72.54,73.609,74.772,75.978,77.166,78.27,79.232,80.013,80.605,81.036,81.37,81.685
24780.0,75.301,73.986,72.842,71.873,71.073,70.439,69.971,69.672,69.546,69.597,69.829,70.245,70.842,71.614,72.545,73.609,74.769,75.972,77.159,78.263,79.227,80.009,80.602,81.034,81.37,81.685
24840.0,75.445,74.117,72.96,71.978,71.167,70.522,70.043,69.734,69.598,69.639,69.862,70.27,70.859,71.624,72.549,73.609,74.765,75.967,77.152,78.257,79.221,80.004,80.599,81.033,81.369,81.684
24900.0,75.59,74.248,73.078,72.085,71.261,70.605,70.116,69.796,69.65,69.682,69.896,70.295,70.877,71.635,72.554,73.609,74.762,75.961,77.145,78.25,79.215,80.0,80.596,81.031,81.369,81.684
24960.0,75.735,74.38,73.197,72.191,71.356,70.688,70.188,69.858,69.702,69.724,69.929,70.32,70.894,71.645,72.559,73.609,74.758,75.955,77.139,78.243,79.209,79.995,80.593,81.029,81.368,81.684
25020.0,75.882,74.512,73.316,72.298,71.451,70.772,70.261,69.92,69.754,69.767,69.963,70.345,70.912,71.656,72.564,73.609,74.755,75.949,77.132,78.236,79.203,79.991,80.59,81.028,81.367,81.684
25080.0,76.029,74.645,73.436,72.405,71.546,70.856,70.334,69.983,69.807,69.81,69.997,70.371,70.93,71.667,72.569,73.61,74.752,75.944,77.125,78.23,79.197,79.986,80.587,81.026,81.367,81.683
25140.0,76.176,74.778,73.556,72.512,71.642,70.94,70.407,70.046,69.859,69.853,70.031,70.396,70.948,71.679,72.574,73.61,74.748,75.938,77.118,78.223,79.191,79.982,80.584,81.025,81.366,81.683
25200.0,76.323,74.911,73.676,72.62,71.738,71.025,70.481,70.109,69.912,69.896,70.066,70.422,70.966,71.69,72.58,73.611,74.745,75.933,77.112,78.216,79.185,79.977,80.581,81.023,81.366,81.683
25260.0,76.469,75.045,73.797,72.728,71.834,71.109,70.555,70.172,69.966,69.94,70.1,70.448,70.984,71.701,72.585,73.611,74.742,75.927,77.105,78.209,79.179,79.973,80.578,81.022,81.365,81.683
25320.0,76.616,75.178,73.917,72.837,71.93,71.194,70.629,70.236,70.019,69.984,70.135,70.475,71.003,71.713,72.591,73.612,74.739,75.922,77.099,78.203,79.174,79.968,80.575,81.02,81.365,81.682
25380.0,76.762,75.311,74.038,72.945,72.027,71.28,70.703,70.299,70.073,70.028,70.17,70.501,71.022,71.725,72.597,73.613,74.737,75.917,77.092,78.196,79.168,79.964,80.572,81.019,81.364,81.682
25440.0,76.908,75.445,74.159,73.054,72.124,71.365,70.778,70.363,70.127,70.072,70.205,70.528,71.04,71.737,72.603,73.614,74.734,75.912,77.086,78.19,79.162,79.959,80.569,81.017,81.363,81.682
25500.0,77.054,75.577,74.279,73.162,72.221,71.451,70.852,70.428,70.181,70.117,70.241,70.555,71.059,71.749,72.609,73.615,74.731,75.906,77.079,78.183,79.156,79.955,80.566,81.015,81.363,81.682
25560.0,77.2,75.711,74.4,73.271,72.318,71.537,70.927,70.492,70.235,70.162,70.276,70.582,71.079,71.761,72.615,73.616,74.729,75.901,77.073,78.177,79.15,79.95,80.563,81.014,81.362,81.681
25620.0,77.347,75.844,74.521,73.38,72.415,71.623,71.003,70.557,70.29,70.207,70.312,70.609,71.098,71.773,72.621,73.618,74.726,75.896,77.066,78.17,79.145,79.946,80.56,81.012,81.362,81.681
25680.0,77.494,75.978,74.642,73.489,72.513,71.709,71.078,70.622,70.345,70.252,70.348,70.637,71.118,71.786,72.628,73.619,74.724,75.891,77.06,78.164,79.139,79.941,80.557,81.011,81.361,81.681
25740.0,77.641,76.112,74.764,73.599,72.611,71.796,71.154,70.687,70.4,70.297,70.384,70.664,71.138,71.799,72.634,73.621,74.721,75.886,77.054,78.157,79.133,79.937,80.554,81.009,81.36,81.68
25800.0,77.788,76.246,74.885,73.708,72.709,71.883,71.23,70.752,70.455,70.343,70.421,70.692,71.157,71.811,72.641,73.622,74.719,75.881,77.048,78.151,79.127,79.932,80.551,81.007,81.36,81.68
25860.0,77.935,76.38,75.007,73.818,72.807,71.969,71.306,70.818,70.51,70.388,70.457,70.72,71.178,71.824,72.648,73.624,74.717,75.877,77.042,78.144,79.121,79.928,80.548,81.006,81.359,81.68
25920.0,78.082,76.514,75.129,73.928,72.905,72.057,71.382,70.884,70.566,70.434,70.494,70.748,71.198,71.838,72.655,73.626,74.715,75.872,77.035,78.138,79.116,79.923,80.545,81.004,81.358,81.679
25980.0,78.231,76.65,75.251,74.038,73.003,72.144,71.458,70.95,70.622,70.481,70.531,70.777,71.218,71.851,72.662,73.628,74.713,75.867,77.029,78.131,79.11,79.919,80.542,81.002,81.358,81.679
26040.0,78.381,76.785,75.374,74.148,73.102,72.231,71.535,71.016,70.678,70.527,70.568,70.805,71.239,71.864,72.669,73.63,74.711,75.863,77.023,78.125,79.104,79.914,80.539,81.001,81.357,81.679
26100.0,78.53,76.921,75.497,74.259,73.201,72.319,71.612,71.082,70.734,70.574,70.606,70.834,71.26,71.878,72.676,73.632,74.709,75.858,77.017,78.119,79.099,79.91,80.536,80.999,81.356,81.678
26160.0,78.68,77.057,75.62,74.37,73.3,72.407,71.689,71.149,70.791,70.62,70.643,70.863,71.281,71.892,72.684,73.634,74.707,75.854,77.011,78.112,79.093,79.905,80.533,80.997,81.356,81.678
26220.0,78.829,77.194,75.744,74.481,73.4,72.495,71.766,71.216,70.847,70.668,70.681,70.892,71.302,71.906,72.692,73.637,74.706,75.849,77.005,78.106,79.087,79.901,80.53,80.996,81.355,81.678
26280.0,78.978,77.33,75.867,74.593,73.5,72.584,71.844,71.283,70.904,70.715,70.719,70.921,71.323,71.92,72.699,73.639,74.704,75.845,76.999,78.1,79.081,79.896,80.527,80.994,81.354,81.677
26340.0,79.127,77.466,75.991,74.705,73.6,72.672,71.922,71.35,70.962,70.762,70.757,70.951,71.345,71.934,72.707,73.642,74.703,75.841,76.994,78.094,79.076,79.892,80.524,80.993,81.354,81.677
26400.0,79.276,77.602,76.115,74.816,73.7,72.761,72.0,71.417,71.019,70.81,70.796,70.981,71.366,71.948,72.715,73.645,74.701,75.836,76.988,78.087,79.07,79.887,80.521,80.991,81.353,81.677
26460.0,79.424,77.738,76.238,74.928,73.8,72.85,72.078,71.485,71.076,70.858,70.834,71.011,71.388,71.963,72.723,73.648,74.7,75.832,76.982,78.081,79.064,79.883,80.518,80.989,81.352,81.676
26520.0,79.572,77.873,76.362,75.04,73.901,72.94,72.156,71.553,71.134,70.906,70.873,71.041,71.41,71.978,72.732,73.65,74.699,75.828,76.976,78.075,79.059,79.878,80.515,80.987,81.352,81.676
26580.0,79.719,78.008,76.486,75.152,74.002,73.029,72.235,71.621,71.192,70.954,70.912,71.071,71.432,71.992,72.74,73.654,74.698,75.824,76.971,78.069,79.053,79.874,80.512,80.986,81.351,81.676
26640.0,79.865,78.143,76.609,75.264,74.102,73.119,72.314,71.689,71.25,71.002,70.951,71.101,71.455,72.007,72.749,73.657,74.697,75.82,76.965,78.063,79.048,79.869,80.509,80.984,81.35,81.675
26700.0,80.012,78.278,76.732,75.376,74.203,73.209,72.393,71.758,71.309,71.051,70.99,71.132,71.477,72.023,72.757,73.66,74.696,75.816,76.959,78.057,79.042,79.865,80.506,80.982,81.349,81.675
26760.0,80.157,78.412,76.855,75.488,74.304,73.299,72.472,71.827,71.367,71.1,71.03,71.163,71.5,72.038,72.766,73.663,74.695,75.812,76.954,78.051,79.036,79.86,80.503,80.981,81.349,81.674
26820.0,80.302,78.546,76.978,75.6,74.405,73.389,72.551,71.895,71.426,71.149,71.07,71.194,71.523,72.053,72.775,73.667,74.694,75.809,76.948,78.045,79.031,79.856,80.5,80.979,81.348,81.674
26880.0,80.447,78.68,77.1,75.711,74.505,73.479,72.631,71.965,71.485,71.198,71.11,71.225,71.546,72.069,72.784,73.671,74.694,75.805,76.943,78.039,79.025,79.852,80.497,80.977,81.347,81.674
26940.0,80.591,78.813,77.223,75.823,74.606,73.569,72.71,72.034,71.544,71.248,71.15,71.256,71.569,72.085,72.794,73.674,74.693,75.801,76.938,78.033,79.02,79.847,80.494,80.976,81.347,81.673
27000.0,80.735,78.946,77.345,75.934,74.707,73.659,72.79,72.103,71.604,71.297,71.19,71.288,71.592,72.101,72.803,73.678,74.693,75.798,76.932,78.027,79.014,79.843,80.491,80.974,81.346,81.673
27060.0,80.881,79.079,77.467,76.046,74.808,73.749,72.87,72.173,71.663,71.347,71.231,71.32,71.616,72.117,72.813,73.682,74.692,75.794,76.927,78.021,79.009,79.838,80.488,80.972,81.345,81.672
27120.0,81.026,79.213,77.589,76.157,74.909,73.84,72.95,72.243,71.723,71.397,71.272,71.351,71.639,72.133,72.822,73.687,74.692,75.791,76.922,78.015,79.003,79.834,80.485,80.971,81.344,81.672
27180.0,81.172,79.347,77.712,76.269,75.009,73.93,73.03,72.312,71.783,71.447,71.312,71.384,71.663,72.15,72.832,73.691,74.692,75.788,76.917,78.01,78.998,79.83,80.482,80.969,81.344,81.672
27240.0,81.319,79.482,77.835,76.38,75.11,74.02,73.11,72.382,71.843,71.498,71.354,71.416,71.687,72.166,72.842,73.695,74.692,75.785,76.912,78.004,78.993,79.825,80.479,80.967,81.343,81.671
27300.0,81.467,79.617,77.958,76.492,75.211,74.111,73.19,72.453,71.903,71.548,71.395,71.448,71.712,72.183,72.852,73.7,74.692,75.781,76.907,77.998,78.987,79.821,80.476,80.966,81.342,81.671
27360.0,81.615,79.752,78.082,76.604,75.313,74.201,73.271,72.523,71.963,71.599,71.436,71.481,71.736,72.2,72.862,73.704,74.692,75.778,76.902,77.992,78.982,79.817,80.473,80.964,81.342,81.67
27420.0,81.762,79.888,78.206,76.717,75.414,74.292,73.351,72.593,72.024,71.65,71.478,71.514,71.761,72.217,72.873,73.709,74.692,75.775,76.897,77.987,78.976,79.812,80.469,80.962,81.341,81.67
27480.0,81.91,80.023,78.329,76.83,75.516,74.383,73.432,72.664,72.085,71.701,71.52,71.547,71.785,72.234,72.883,73.714,74.693,75.772,76.892,77.981,78.971,79.808,80.466,80.961,81.34,81.67
27540.0,82.057,80.159,78.453,76.942,75.618,74.475,73.513,72.734,72.145,71.752,71.562,71.58,71.81,72.251,72.894,73.719,74.693,75.769,76.887,77.975,78.966,79.803,80.463,80.959,81.339,81.669
27600.0,82.206,80.295,78.578,77.055,75.72,74.566,73.594,72.805,72.206,71.803,71.604,71.613,71.835,72.269,72.905,73.724,74.693,75.767,76.882,77.97,78.96,79.799,80.46,80.957,81.339,81.669
27660.0,82.355,80.431,78.702,77.168,75.822,74.657,73.675,72.876,72.267,71.855,71.646,71.647,71.86,72.286,72.915,73.729,74.694,75.764,76.877,77.964,78.955,79.795,80.457,80.955,81.338,81.668
27720.0,82.506,80.569,78.827,77.282,75.924,74.749,73.756,72.947,72.329,71.907,71.688,71.68,71.886,72.304,72.927,73.734,74.695,75.761,76.873,77.959,78.95,79.791,80.454,80.954,81.337,81.668
27780.0,82.658,80.708,78.953,77.396,76.027,74.841,73.838,73.019,72.39,71.959,71.731,71.714,71.911,72.322,72.938,73.74,74.696,75.759,76.868,77.953,78.945,79.786,80.452,80.952,81.336,81.668
27840.0,82.811,80.847,79.08,77.51,76.13,74.933,73.919,73.09,72.452,72.011,71.774,71.748,71.937,72.34,72.949,73.745,74.697,75.756,76.864,77.948,78.939,79.782,80.449,80.95,81.336,81.667
27900.0,82.964,80.987,79.207,77.625,76.234,75.026,74.001,73.162,72.514,72.063,71.817,71.782,71.963,72.358,72.961,73.751,74.698,75.754,76.859,77.943,78.934,79.778,80.446,80.949,81.335,81.667
27960.0,83.117,81.126,79.334,77.741,76.337,75.119,74.083,73.234,72.576,72.115,71.86,71.817,71.989,72.377,72.972,73.757,74.699,75.752,76.855,77.937,78.929,79.773,80.443,80.947,81.334,81.666
28020.0,83.27,81.266,79.462,77.856,76.441,75.212,74.166,73.306,72.638,72.168,71.903,71.851,72.015,72.395,72.984,73.763,74.7,75.749,76.85,77.932,78.924,79.769,80.44,80.945,81.334,81.666
28080.0,83.422,81.406,79.589,77.972,76.546,75.305,74.248,73.378,72.7,72.221,71.947,71.886,72.042,72.414,72.996,73.769,74.701,75.747,76.846,77.927,78.919,79.765,80.437,80.944,81.333,81.666
28140.0,83.575,81.546,79.717,78.088,76.65,75.398,74.331,73.451,72.763,72.274,71.991,71.921,72.068,72.433,73.008,73.775,74.702,75.745,76.842,77.921,78.914,79.761,80.434,80.942,81.332,81.665
28200.0,83.727,81.686,79.845,78.204,76.755,75.492,74.414,73.524,72.826,72.327,72.034,71.956,72.095,72.452,73.02,73.781,74.704,75.743,76.837,77.916,78.908,79.756,80.431,80.94,81.331,81.665
28260.0,83.878,81.826,79.973,78.321,76.86,75.586,74.498,73.597,72.889,72.38,72.078,71.991,72.122,72.471,73.032,73.787,74.705,75.741,76.833,77.911,78.903,79.752,80.428,80.939,81.331,81.664
28320.0,84.03,81.965,80.101,78.437,76.966,75.68,74.581,73.67,72.952,72.433,72.123,72.026,72.149,72.49,73.044,73.794,74.707,75.739,76.829,77.906,78.898,79.748,80.425,80.937,81.33,81.664
28380.0,84.18,82.104,80.228,78.554,77.071,75.775,74.665,73.743,73.015,72.487,72.167,72.062,72.176,72.51,73.057,73.8,74.709,75.737,76.825,77.901,78.893,79.744,80.422,80.935,81.329,81.663
28440.0,84.331,82.243,80.356,78.67,77.176,75.869,74.749,73.817,73.079,72.541,72.211,72.097,72.203,72.529,73.07,73.807,74.711,75.735,76.821,77.896,78.888,79.74,80.419,80.934,81.328,81.663
28500.0,84.48,82.382,80.483,78.786,77.282,75.964,74.833,73.89,73.142,72.595,72.256,72.133,72.23,72.549,73.082,73.814,74.713,75.734,76.817,77.89,78.883,79.735,80.416,80.932,81.328,81.663
28560.0,84.629,82.52,80.611,78.903,77.387,76.059,74.917,73.964,73.206,72.649,72.301,72.169,72.258,72.569,73.095,73.821,74.715,75.732,76.813,77.885,78.878,79.731,80.413,80.93,81.327,81.662
28620.0,84.778,82.657,80.738,79.019,77.493,76.154,75.002,74.039,73.27,72.703,72.346,72.205,72.286,72.589,73.108,73.828,74.717,75.731,76.809,77.88,78.873,79.727,80.41,80.928,81.326,81.662
28680.0,84.926,82.795,80.864,79.135,77.598,76.249,75.086,74.113,73.334,72.758,72.391,72.241,72.314,72.609,73.121,73.835,74.719,75.729,76.805,77.875,78.868,79.723,80.407,80.927,81.325,81.661
28740.0,85.073,82.931,80.991,79.251,77.704,76.344,75.171,74.187,73.399,72.813,72.436,72.278,72.342,72.629,73.135,73.842,74.721,75.728,76.801,77.87,78.863,79.719,80.404,80.925,81.324,81.661
28800.0,85.22,83.068,81.117,79.367,77.809,76.439,75.255,74.262,73.463,72.868,72.482,72.314,72.37,72.65,73.148,73.849,74.724,75.726,76.797,77.866,78.858,79.714,80.401,80.923,81.324,81.66
28860.0,85.366,83.204,81.243,79.482,77.915,76.534,75.34,74.337,73.528,72.923,72.528,72.351,72.398,72.67,73.162,73.857,74.726,75.725,76.794,77.861,78.853,79.71,80.398,80.921,81.323,81.66
28920.0,85.515,83.341,81.369,79.598,78.02,76.629,75.425,74.411,73.593,72.978,72.574,72.388,72.427,72.691,73.175,73.864,74.729,75.724,76.79,77.856,78.848,79.706,80.395,80.92,81.322,81.659
28980.0,85.665,83.479,81.495,79.714,78.125,76.724,75.51,74.486,73.658,73.033,72.62,72.425,72.455,72.712,73.189,73.872,74.731,75.723,76.786,77.851,78.843,79.702,80.392,80.918,81.321,81.659
29040.0,85.815,83.617,81.622,79.83,78.231,76.82,75.595,74.561,73.723,73.089,72.666,72.462,72.484,72.733,73.203,73.88,74.734,75.722,76.783,77.846,78.838,79.698,80.389,80.916,81.32,81.658
29100.0,85.966,83.756,81.75,79.946,78.336,76.915,75.681,74.637,73.789,73.144,72.712,72.5,72.513,72.754,73.217,73.888,74.737,75.721,76.779,77.841,78.834,79.693,80.386,80.914,81.32,81.658
29160.0,86.117,83.895,81.877,80.063,78.442,77.01,75.766,74.712,73.854,73.2,72.759,72.537,72.542,72.775,73.231,73.896,74.74,75.72,76.776,77.837,78.829,79.689,80.383,80.913,81.319,81.657
29220.0,86.267,84.034,82.005,80.179,78.548,77.106,75.851,74.787,73.92,73.256,72.805,72.575,72.571,72.796,73.246,73.904,74.743,75.719,76.772,77.832,78.824,79.685,80.38,80.911,81.318,81.657
29280.0,86.417,84.173,82.133,80.296,78.655,77.202,75.937,74.863,73.986,73.313,72.852,72.613,72.601,72.818,73.26,73.912,74.746,75.718,76.769,77.827,78.819,79.681,80.377,80.909,81.317,81.656
29340.0,86.567,84.311,82.26,80.413,78.761,77.298,76.023,74.939,74.052,73.369,72.899,72.651,72.63,72.84,73.275,73.92,74.749,75.717,76.766,77.823,78.814,79.677,80.374,80.908,81.316,81.656
29400.0,86.718,84.451,82.388,80.53,78.868,77.394,76.109,75.015,74.118,73.425,72.946,72.689,72.66,72.862,73.289,73.929,74.752,75.717,76.763,77.818,78.81,79.673,80.371,80.906,81.315,81.655
29460.0,86.87,84.59,82.517,80.648,78.974,77.49,76.195,75.091,74.184,73.482,72.994,72.728,72.69,72.884,73.304,73.937,74.756,75.716,76.759,77.814,78.805,79.669,80.368,80.904,81.315,81.654
29520.0,87.022,84.73,82.645,80.765,79.081,77.587,76.281,75.167,74.25,73.539,73.041,72.766,72.72,72.906,73.319,73.946,74.759,75.716,76.756,77.809,78.8,79.665,80.365,80.902,81.314,81.654
29580.0,87.174,84.871,82.774,80.883,79.188,77.683,76.367,75.243,74.317,73.596,73.089,72.805,72.75,72.928,73.334,73.955,74.763,75.715,76.753,77.805,78.795,79.661,80.362,80.9,81.313,81.653
29640.0,87.326,85.011,82.903,81.001,79.295,77.78,76.454,75.32,74.383,73.653,73.137,72.843,72.78,72.95,73.349,73.964,74.767,75.715,76.75,77.8,78.791,79.656,80.359,80.899,81.312,81.653
29700.0,87.477,85.151,83.032,81.119,79.403,77.877,76.541,75.396,74.45,73.71,73.184,72.882,72.811,72.973,73.364,73.973,74.77,75.715,76.747,77.796,78.786,79.652,80.356,80.897,81.311,81.652
29760.0,87.628,85.291,83.161,81.237,79.51,77.974,76.627,75.473,74.517,73.767,73.232,72.921,72.841,72.995,73.38,73.982,74.774,75.714,76.744,77.791,78.781,79.648,80.353,80.895,81.31,81.652
29820.0,87.778,85.43,83.29,81.356,79.618,78.071,76.715,75.55,74.584,73.825,73.281,72.961,72.872,73.018,73.395,73.991,74.778,75.714,76.741,77.787,78.777,79.644,80.35,80.893,81.309,81.651
29880.0,87.928,85.569,83.418,81.474,79.726,78.169,76.802,75.627,74.652,73.883,73.329,73.0,72.903,73.041,73.411,74.0,74.782,75.714,76.738,77.783,78.772,79.64,80.347,80.891,81.308,81.65
29940.0,88.077,85.708,83.547,81.592,79.834,78.266,76.889,75.705,74.719,73.94,73.378,73.04,72.934,73.064,73.427,74.01,74.786,75.714,76.736,77.778,78.767,79.636,80.344,80.889,81.307,81.65
30000.0,88.226,85.847,83.675,81.71,79.942,78.364,76.976,75.782,74.787,73.998,73.426,73.079,72.965,73.087,73.443,74.019,74.79,75.714,76.733,77.774,78.763,79.632,80.341,80.888,81.307,81.649
30060.0,88.374,85.985,83.803,81.828,80.049,78.462,77.064,75.86,74.854,74.057,73.475,73.119,72.996,73.111,73.459,74.029,74.795,75.715,76.73,77.77,78.758,79.628,80.338,80.886,81.306,81.649
30120.0,88.522,86.123,83.931,81.946,80.157,78.559,77.152,75.937,74.922,74.115,73.524,73.159,73.028,73.134,73.475,74.039,74.799,75.715,76.728,77.766,78.754,79.624,80.335,80.884,81.305,81.648
30180.0,88.671,86.261,84.059,82.064,80.265,78.657,77.24,76.015,74.99,74.173,73.573,73.199,73.059,73.158,73.491,74.048,74.804,75.715,76.725,77.762,78.749,79.62,80.332,80.882,81.304,81.647
30240.0,88.82,86.399,84.187,82.181,80.373,78.755,77.327,76.093,75.059,74.232,73.622,73.239,73.091,73.181,73.508,74.058,74.808,75.715,76.722,77.758,78.744,79.616,80.329,80.88,81.303,81.647
30300.0,88.968,86.537,84.315,82.299,80.48,78.853,77.415,76.171,75.127,74.291,73.672,73.28,73.123,73.205,73.524,74.069,74.813,75.716,76.72,77.753,78.74,79.612,80.326,80.878,81.302,81.646
30360.0,89.116,86.675,84.443,82.417,80.588,78.951,77.503,76.25,75.195,74.35,73.721,73.321,73.155,73.229,73.541,74.079,74.818,75.716,76.718,77.749,78.735,79.608,80.323,80.877,81.301,81.645
30420.0,89.264,86.813,84.57,82.535,80.696,79.049,77.591,76.328,75.264,74.409,73.771,73.361,73.187,73.253,73.558,74.089,74.822,75.717,76.715,77.745,78.731,79.604,80.32,80.875,81.3,81.645
30480.0,89.412,86.95,84.698,82.652,80.804,79.147,77.68,76.406,75.333,74.468,73.821,73.402,73.219,73.277,73.574,74.099,74.827,75.718,76.713,77.741,78.726,79.6,80.317,80.873,81.299,81.644
30540.0,89.561,87.089,84.826,82.77,80.912,79.245,77.768,76.485,75.402,74.527,73.871,73.443,73.252,73.302,73.591,74.11,74.832,75.718,76.71,77.737,78.722,79.595,80.314,80.871,81.298,81.643
30600.0,89.711,87.227,84.954,82.888,81.02,79.343,77.856,76.563,75.47,74.586,73.921,73.484,73.284,73.326,73.609,74.12,74.837,75.719,76.708,77.733,78.717,79.591,80.311,80.869,81.297,81.643
30660.0,89.861,87.366,85.082,83.006,81.128,79.441,77.944,76.642,75.539,74.646,73.971,73.525,73.317,73.351,73.626,74.131,74.842,75.72,76.706,77.729,78.713,79.587,80.308,80.867,81.296,81.642
30720.0,90.012,87.506,85.211,83.124,81.236,79.539,78.033,76.721,75.609,74.706,74.022,73.567,73.35,73.375,73.643,74.142,74.848,75.721,76.704,77.725,78.708,79.583,80.305,80.865,81.295,81.641
30780.0,90.163,87.646,85.34,83.243,81.344,79.637,78.121,76.799,75.678,74.765,74.072,73.608,73.383,73.4,73.66,74.153,74.853,75.722,76.702,77.722,78.704,79.579,80.302,80.863,81.294,81.64
30840.0,90.314,87.786,85.469,83.362,81.453,79.736,78.21,76.878,75.747,74.825,74.123,73.65,73.416,73.425,73.678,74.164,74.858,75.723,76.7,77.718,78.7,79.575,80.299,80.861,81.293,81.64
30900.0,90.465,87.925,85.598,83.48,81.561,79.835,78.299,76.958,75.817,74.885,74.174,73.692,73.449,73.45,73.696,74.175,74.864,75.724,76.698,77.714,78.695,79.571,80.296,80.859,81.292,81.639
30960.0,90.615,88.065,85.727,83.599,81.67,79.933,78.388,77.037,75.886,74.946,74.225,73.734,73.482,73.476,73.713,74.186,74.869,75.725,76.696,77.71,78.691,79.567,80.293,80.857,81.291,81.638
31020.0,90.765,88.204,85.857,83.718,81.779,80.032,78.477,77.116,75.956,75.006,74.276,73.776,73.516,73.501,73.731,74.197,74.875,75.726,76.694,77.706,78.687,79.563,80.289,80.855,81.29,81.637
31080.0,90.914,88.344,85.986,83.837,81.888,80.131,78.566,77.196,76.026,75.066,74.327,73.818,73.549,73.526,73.749,74.209,74.881,75.727,76.692,77.703,78.682,79.559,80.286,80.853,81.288,81.637
31140.0,91.063,88.482,86.115,83.956,81.997,80.231,78.656,77.275,76.096,75.127,74.378,73.86,73.583,73.552,73.768,74.22,74.887,75.729,76.69,77.699,78.678,79.555,80.283,80.851,81.287,81.636
31200.0,91.211,88.621,86.243,84.075,82.106,80.33,78.745,77.355,76.166,75.188,74.43,73.903,73.617,73.578,73.786,74.232,74.893,75.73,76.688,77.695,78.674,79.551,80.28,80.85,81.286,81.635
31260.0,91.358,88.759,86.372,84.194,82.215,80.429,78.835,77.435,76.237,75.249,74.481,73.945,73.651,73.604,73.804,74.243,74.899,75.732,76.687,77.692,78.669,79.547,80.277,80.848,81.285,81.634
31320.0,91.505,88.896,86.5,84.313,82.324,80.528,78.924,77.515,76.307,75.31,74.533,73.988,73.685,73.63,73.823,74.255,74.905,75.734,76.685,77.688,78.665,79.543,80.274,80.846,81.284,81.633
31380.0,91.651,89.033,86.628,84.431,82.433,80.628,79.014,77.595,76.378,75.371,74.585,74.031,73.719,73.656,73.841,74.267,74.911,75.735,76.683,77.685,78.661,79.539,80.271,80.844,81.283,81.633
31440.0,91.797,89.17,86.755,84.549,82.542,80.727,79.104,77.675,76.448,75.432,74.637,74.074,73.754,73.682,73.86,74.279,74.918,75.737,76.682,77.681,78.657,79.535,80.268,80.842,81.282,81.632
31500.0,91.944,89.307,86.883,84.668,82.651,80.827,79.194,77.756,76.519,75.493,74.689,74.117,73.788,73.709,73.879,74.291,74.924,75.739,76.681,77.678,78.653,79.531,80.265,80.84,81.281,81.631
31560.0,92.091,89.444,87.011,84.786,82.76,80.926,79.283,77.836,76.59,75.555,74.741,74.161,73.823,73.735,73.898,74.304,74.93,75.741,76.679,77.675,78.648,79.528,80.262,80.838,81.28,81.63
31620.0,92.238,89.582,87.138,84.904,82.869,81.025,79.373,77.916,76.661,75.617,74.794,74.204,73.858,73.762,73.917,74.316,74.937,75.743,76.678,77.671,78.644,79.524,80.259,80.836,81.279,81.629
31680.0,92.384,89.718,87.266,85.022,82.977,81.125,79.463,77.997,76.732,75.678,74.846,74.248,73.893,73.788,73.936,74.329,74.944,75.745,76.676,77.668,78.64,79.52,80.256,80.834,81.277,81.628
31740.0,92.532,89.856,87.393,85.14,83.086,81.224,79.553,78.078,76.803,75.74,74.899,74.291,73.928,73.815,73.956,74.341,74.951,75.747,76.675,77.665,78.636,79.516,80.253,80.832,81.276,81.628
31800.0,92.679,89.993,87.521,85.259,83.195,81.324,79.644,78.158,76.875,75.802,74.952,74.335,73.963,73.842,73.975,74.354,74.957,75.749,76.674,77.661,78.632,79.512,80.25,80.83,81.275,81.627
31860.0,92.828,90.132,87.649,85.377,83.304,81.423,79.734,78.239,76.946,75.864,75.005,74.379,73.998,73.87,73.995,74.367,74.964,75.751,76.673,77.658,78.628,79.508,80.247,80.828,81.274,81.626
31920.0,92.978,90.27,87.778,85.496,83.413,81.523,79.824,78.32,77.017,75.926,75.058,74.423,74.034,73.897,74.014,74.379,74.971,75.754,76.672,77.655,78.624,79.504,80.243,80.826,81.273,81.625
31980.0,93.127,90.409,87.907,85.615,83.522,81.622,79.914,78.401,77.089,75.989,75.111,74.467,74.069,73.924,74.034,74.392,74.978,75.756,76.671,77.652,78.62,79.5,80.24,80.823,81.271,81.624
32040.0,93.277,90.549,88.036,85.734,83.631,81.722,80.004,78.482,77.161,76.051,75.164,74.512,74.105,73.952,74.054,74.405,74.986,75.758,76.67,77.649,78.616,79.496,80.237,80.821,81.27,81.623
32100.0,93.427,90.688,88.165,85.853,83.741,81.822,80.095,78.563,77.232,76.114,75.217,74.556,74.141,73.979,74.074,74.419,74.993,75.761,76.669,77.645,78.612,79.492,80.234,80.819,81.269,81.622
32160.0,93.578,90.828,88.294,85.972,83.851,81.922,80.186,78.644,77.304,76.176,75.271,74.601,74.177,74.007,74.094,74.432,75.0,75.764,76.668,77.642,78.608,79.489,80.231,80.817,81.268,81.621
32220.0,93.729,90.968,88.424,86.092,83.961,82.023,80.276,78.725,77.376,76.239,75.325,74.646,74.213,74.035,74.115,74.445,75.008,75.766,76.667,77.639,78.604,79.485,80.228,80.815,81.267,81.62
32280.0,93.879,91.108,88.554,86.212,84.071,82.123,80.367,78.807,77.449,76.302,75.378,74.69,74.249,74.063,74.135,74.459,75.015,75.769,76.666,77.637,78.6,79.481,80.225,80.813,81.266,81.619
32340.0,94.03,91.248,88.684,86.332,84.181,82.224,80.458,78.888,77.521,76.365,75.432,74.735,74.285,74.091,74.156,74.473,75.023,75.772,76.666,77.634,78.596,79.477,80.222,80.811,81.264,81.619
32400.0,94.18,91.388,88.814,86.452,84.291,82.324,80.549,78.97,77.593,76.428,75.486,74.78,74.322,74.119,74.176,74.486,75.031,75.775,76.665,77.631,78.592,79.473,80.219,80.809,81.263,81.618
32460.0,94.329,91.528,88.944,86.573,84.402,82.425,80.641,79.052,77.666,76.491,75.541,74.826,74.359,74.148,74.197,74.5,75.039,75.778,76.665,77.628,78.588,79.47,80.216,80.807,81.262,81.617
32520.0,94.478,91.667,89.074,86.693,84.512,82.526,80.732,79.134,77.738,76.555,75.595,74.871,74.395,74.176,74.218,74.514,75.047,75.781,76.664,77.625,78.585,79.466,80.213,80.805,81.261,81.616
32580.0,94.626,91.806,89.203,86.813,84.623,82.627,80.824,79.216,77.811,76.618,75.649,74.917,74.432,74.205,74.239,74.528,75.055,75.784,76.664,77.622,78.581,79.462,80.21,80.803,81.26,81.615
32640.0,94.775,91.945,89.333,86.933,84.734,82.728,80.915,79.298,77.884,76.682,75.704,74.962,74.469,74.234,74.26,74.542,75.063,75.788,76.663,77.62,78.577,79.458,80.207,80.801,81.258,81.614
32700.0,94.925,92.085,89.463,87.053,84.844,82.829,81.007,79.381,77.957,76.745,75.758,75.008,74.506,74.262,74.281,74.556,75.071,75.791,76.663,77.617,78.573,79.455,80.204,80.799,81.257,81.613
32760.0,95.074,92.224,89.592,87.173,84.955,82.931,81.099,79.463,78.03,76.809,75.813,75.054,74.543,74.291,74.302,74.571,75.079,75.794,76.662,77.614,78.57,79.451,80.201,80.797,81.256,81.612
32820.0,95.223,92.363,89.722,87.293,85.066,83.032,81.191,79.545,78.103,76.873,75.868,75.099,74.58,74.32,74.324,74.585,75.088,75.798,76.662,77.612,78.566,79.447,80.198,80.795,81.255,81.611
32880.0,95.372,92.503,89.852,87.414,85.177,83.133,81.283,79.628,78.176,76.937,75.923,75.145,74.618,74.35,74.345,74.6,75.096,75.801,76.662,77.609,78.562,79.443,80.194,80.793,81.253,81.61
32940.0,95.523,92.643,89.982,87.534,85.287,83.235,81.375,79.711,78.25,77.001,75.978,75.192,74.655,74.379,74.367,74.614,75.105,75.805,76.662,77.606,78.558,79.439,80.191,80.791,81.252,81.609
33000.0,95.676,92.784,90.113,87.655,85.399,83.336,81.467,79.794,78.323,77.066,76.033,75.238,74.693,74.408,74.388,74.629,75.113,75.808,76.662,77.604,78.555,79.436,80.188,80.788,81.251,81.608
33060.0,95.828,92.926,90.244,87.776,85.51,83.438,81.559,79.877,78.397,77.13,76.088,75.284,74.731,74.438,74.41,74.644,75.122,75.812,76.662,77.601,78.551,79.432,80.185,80.786,81.249,81.607
33120.0,95.98,93.067,90.375,87.897,85.621,83.54,81.652,79.96,78.471,77.195,76.144,75.331,74.769,74.467,74.432,74.659,75.131,75.816,76.662,77.599,78.547,79.428,80.182,80.784,81.248,81.606
33180.0,96.132,93.209,90.506,88.019,85.733,83.642,81.744,80.043,78.544,77.259,76.199,75.377,74.807,74.497,74.454,74.674,75.14,75.82,76.662,77.597,78.544,79.425,80.179,80.782,81.247,81.605
33240.0,96.283,93.35,90.638,88.14,85.845,83.744,81.837,80.126,78.618,77.324,76.255,75.424,74.845,74.527,74.476,74.689,75.149,75.824,76.662,77.594,78.54,79.421,80.176,80.78,81.245,81.604
33300.0,96.434,93.491,90.769,88.262,85.957,83.847,81.93,80.21,78.693,77.389,76.311,75.471,74.883,74.557,74.498,74.704,75.158,75.828,76.662,77.592,78.537,79.417,80.173,80.778,81.244,81.603
33360.0,96.584,93.632,90.901,88.384,86.069,83.949,82.023,80.293,78.767,77.454,76.367,75.518,74.921,74.587,74.521,74.719,75.167,75.832,76.662,77.59,78.533,79.414,80.17,80.776,81.243,81.601
33420.0,96.736,93.773,91.032,88.505,86.181,84.052,82.116,80.377,78.841,77.519,76.423,75.565,74.96,74.617,74.543,74.735,75.176,75.836,76.662,77.587,78.53,79.41,80.167,80.773,81.241,81.6
33480.0,96.889,93.916,91.164,88.627,86.294,84.155,82.209,80.461,78.916,77.584,76.479,75.612,74.999,74.648,74.566,74.75,75.186,75.84,76.663,77.585,78.526,79.406,80.164,80.771,81.24,81.599
33540.0,97.043,94.058,91.296,88.75,86.406,84.258,82.303,80.545,78.99,77.65,76.535,75.66,75.037,74.678,74.589,74.766,75.195,75.844,76.663,77.583,78.523,79.403,80.161,80.769,81.239,81.598
33600.0,97.198,94.202,91.429,88.872,86.519,84.361,82.396,80.629,79.065,77.715,76.591,75.707,75.076,74.709,74.611,74.782,75.205,75.849,76.664,77.581,78.519,79.399,80.158,80.767,81.237,81.597
33660.0,97.353,94.346,91.562,88.995,86.632,84.464,82.49,80.713,79.14,77.781,76.648,75.755,75.115,74.739,74.634,74.797,75.214,75.853,76.664,77.579,78.516,79.395,80.155,80.765,81.236,81.596
33720.0,97.512,94.492,91.696,89.119,86.745,84.568,82.584,80.798,79.215,77.847,76.705,75.803,75.154,74.77,74.657,74.813,75.224,75.858,76.665,77.577,78.513,79.392,80.152,80.763,81.235,81.595
33780.0,97.671,94.638,91.831,89.243,86.859,84.671,82.678,80.882,79.29,77.913,76.761,75.851,75.193,74.801,74.68,74.829,75.234,75.862,76.665,77.575,78.509,79.388,80.149,80.761,81.233,81.594
33840.0,97.831,94.786,91.967,89.367,86.973,84.775,82.772,80.967,79.366,77.979,76.818,75.899,75.233,74.832,74.704,74.846,75.243,75.867,76.666,77.573,78.506,79.385,80.145,80.758,81.232,81.593
33900.0,97.991,94.934,92.103,89.492,87.087,84.88,82.867,81.052,79.441,78.045,76.875,75.947,75.272,74.863,74.727,74.862,75.253,75.872,76.667,77.571,78.503,79.381,80.142,80.756,81.23,81.592
33960.0,98.152,95.082,92.24,89.618,87.202,84.984,82.962,81.137,79.517,78.111,76.933,75.995,75.312,74.895,74.751,74.878,75.264,75.877,76.668,77.569,78.499,79.378,80.139,80.754,81.229,81.59
34020.0,98.311,95.23,92.377,89.744,87.318,85.089,83.057,81.222,79.592,78.178,76.99,76.043,75.351,74.926,74.774,74.895,75.274,75.881,76.669,77.567,78.496,79.374,80.136,80.752,81.228,81.589
34080.0,98.471,95.379,92.514,89.87,87.433,85.195,83.152,81.308,79.668,78.244,77.047,76.092,75.391,74.958,74.798,74.911,75.284,75.886,76.67,77.565,78.493,79.371,80.133,80.75,81.226,81.588
34140.0,98.63,95.527,92.651,89.997,87.549,85.3,83.248,81.393,79.745,78.311,77.105,76.14,75.431,74.989,74.822,74.928,75.294,75.891,76.671,77.564,78.49,79.367,80.13,80.748,81.225,81.587
34200.0,98.789,95.675,92.789,90.124,87.666,85.406,83.343,81.479,79.821,78.378,77.163,76.189,75.471,75.021,74.846,74.944,75.305,75.897,76.672,77.562,78.487,79.364,80.127,80.745,81.223,81.586
34260.0,98.947,95.822,92.926,90.25,87.782,85.512,83.439,81.566,79.897,78.445,77.221,76.238,75.511,75.053,74.87,74.961,75.315,75.902,76.673,77.56,78.483,79.36,80.124,80.743,81.222,81.585
34320.0,99.105,95.97,93.063,90.377,87.899,85.619,83.536,81.652,79.974,78.512,77.279,76.287,75.552,75.085,74.894,74.978,75.326,75.907,76.674,77.559,78.48,79.357,80.121,80.741,81.221,81.584
34380.0,99.262,96.117,93.2,90.504,88.015,85.725,83.632,81.739,80.051,78.58,77.337,76.336,75.592,75.117,74.918,74.995,75.336,75.912,76.675,77.557,78.477,79.353,80.118,80.739,81.219,81.582
34440.0,99.418,96.263,93.337,90.631,88.132,85.832,83.729,81.825,80.128,78.647,77.395,76.385,75.633,75.149,74.942,75.012,75.347,75.918,76.676,77.556,78.474,79.35,80.115,80.737,81.218,81.581
34500.0,99.573,96.409,93.473,90.757,88.249,85.939,83.826,81.912,80.205,78.715,77.453,76.435,75.673,75.181,74.967,75.03,75.358,75.923,76.678,77.554,78.471,79.346,80.112,80.735,81.216,81.58
34560.0,99.728,96.554,93.609,90.884,88.365,86.046,83.923,81.999,80.283,78.783,77.512,76.484,75.714,75.214,74.991,75.047,75.369,75.929,76.679,77.553,78.468,79.343,80.109,80.732,81.215,81.579
34620.0,99.882,96.699,93.745,91.01,88.482,86.153,84.02,82.087,80.36,78.851,77.571,76.534,75.755,75.246,75.016,75.064,75.38,75.935,76.681,77.551,78.465,79.339,80.106,80.73,81.213,81.578
34680.0,100.034,96.843,93.88,91.136,88.599,86.26,84.117,82.174,80.438,78.919,77.63,76.584,75.796,75.279,75.041,75.082,75.391,75.94,76.682,77.55,78.462,79.336,80.103,80.728,81.212,81.576
34740.0,100.187,96.987,94.015,91.262,88.715,86.367,84.214,82.262,80.516,78.987,77.689,76.634,75.837,75.312,75.066,75.1,75.402,75.946,76.684,77.549,78.459,79.333,80.1,80.726,81.211,81.575
34800.0,100.338,97.13,94.149,91.388,88.832,86.474,84.312,82.35,80.594,79.056,77.748,76.684,75.878,75.344,75.09,75.117,75.414,75.952,76.685,77.547,78.456,79.329,80.097,80.724,81.209,81.574
34860.0,100.488,97.272,94.283,91.513,88.948,86.581,84.409,82.437,80.672,79.125,77.807,76.734,75.92,75.377,75.116,75.135,75.425,75.958,76.687,77.546,78.454,79.326,80.094,80.721,81.208,81.573
34920.0,100.637,97.414,94.417,91.638,89.064,86.687,84.507,82.525,80.751,79.194,77.867,76.784,75.961,75.411,75.141,75.153,75.436,75.964,76.689,77.545,78.451,79.323,80.091,80.719,81.206,81.572
34980.0,100.785,97.554,94.55,91.763,89.18,86.794,84.604,82.613,80.829,79.263,77.926,76.835,76.003,75.444,75.166,75.171,75.448,75.97,76.691,77.544,78.448,79.319,80.089,80.717,81.205,81.57
35040.0,100.932,97.694,94.682,91.887,89.296,86.901,84.702,82.701,80.908,79.332,77.986,76.885,76.045,75.477,75.191,75.189,75.46,75.976,76.693,77.543,78.445,79.316,80.086,80.715,81.203,81.569
35100.0,101.079,97.834,94.814,92.011,89.411,87.008,84.799,82.79,80.987,79.401,78.046,76.936,76.087,75.511,75.217,75.207,75.471,75.982,76.694,77.542,78.442,79.313,80.083,80.713,81.202,81.568
35160.0,101.224,97.972,94.945,92.134,89.526,87.114,84.897,82.878,81.065,79.47,78.106,76.987,76.129,75.544,75.243,75.226,75.483,75.989,76.696,77.541,78.44,79.31,80.08,80.711,81.2,81.567
35220.0,101.368,98.11,95.076,92.257,89.641,87.221,84.994,82.966,81.144,79.54,78.166,77.038,76.171,75.578,75.268,75.244,75.495,75.995,76.699,77.54,78.437,79.306,80.077,80.708,81.199,81.566
35280.0,101.511,98.246,95.205,92.38,89.756,87.327,85.092,83.054,81.223,79.609,78.226,77.089,76.213,75.612,75.294,75.263,75.507,76.002,76.701,77.539,78.434,79.303,80.074,80.706,81.197,81.564
35340.0,101.653,98.382,95.335,92.502,89.87,87.433,85.189,83.143,81.302,79.679,78.287,77.141,76.256,75.646,75.32,75.281,75.519,76.008,76.703,77.538,78.432,79.3,80.071,80.704,81.196,81.563
35400.0,101.794,98.517,95.463,92.623,89.984,87.539,85.286,83.231,81.381,79.749,78.347,77.192,76.298,75.68,75.346,75.3,75.531,76.015,76.705,77.537,78.429,79.297,80.068,80.702,81.194,81.562
35460.0,101.934,98.651,95.591,92.744,90.098,87.644,85.383,83.319,81.461,79.819,78.408,77.244,76.341,75.714,75.372,75.319,75.544,76.021,76.707,77.536,78.427,79.294,80.065,80.7,81.193,81.56
35520.0,102.073,98.785,95.719,92.865,90.211,87.75,85.48,83.408,81.54,79.889,78.469,77.295,76.384,75.748,75.399,75.338,75.556,76.028,76.71,77.535,78.424,79.29,80.062,80.697,81.191,81.559
35580.0,102.21,98.917,95.845,92.985,90.324,87.855,85.577,83.496,81.619,79.959,78.53,77.347,76.427,75.783,75.425,75.357,75.568,76.035,76.712,77.535,78.421,79.287,80.059,80.695,81.19,81.558
35640.0,102.347,99.049,95.971,93.104,90.436,87.96,85.674,83.584,81.698,80.029,78.591,77.399,76.47,75.817,75.452,75.376,75.581,76.042,76.715,77.534,78.419,79.284,80.056,80.693,81.188,81.557
35700.0,102.482,99.179,96.096,93.223,90.548,88.064,85.771,83.672,81.778,80.1,78.652,77.451,76.513,75.852,75.478,75.395,75.593,76.049,76.717,77.533,78.417,79.281,80.053,80.691,81.187,81.555
35760.0,102.617,99.309,96.22,93.342,90.66,88.168,85.867,83.76,81.857,80.17,78.713,77.503,76.556,75.887,75.505,75.414,75.606,76.056,76.72,77.533,78.414,79.278,80.051,80.689,81.185,81.554
35820.0,102.75,99.438,96.344,93.459,90.771,88.273,85.963,83.848,81.936,80.24,78.775,77.556,76.6,75.922,75.532,75.434,75.619,76.063,76.722,77.532,78.412,79.275,80.048,80.686,81.184,81.553
35880.0,102.882,99.566,96.467,93.577,90.882,88.376,86.059,83.936,82.016,80.311,78.836,77.608,76.643,75.957,75.559,75.453,75.632,76.07,76.725,77.532,78.409,79.272,80.045,80.684,81.182,81.552
35940.0,103.013,99.692,96.589,93.693,90.992,88.48,86.155,84.024,82.095,80.381,78.898,77.661,76.687,75.992,75.586,75.473,75.645,76.078,76.728,77.531,78.407,79.269,80.042,80.682,81.181,81.55
36000.0,103.143,99.818,96.71,93.809,91.102,88.583,86.251,84.112,82.174,80.452,78.959,77.713,76.731,76.027,75.613,75.492,75.658,76.085,76.731,77.531,78.405,79.266,80.039,80.68,81.179,81.549
36060.0,103.272,99.943,96.831,93.925,91.212,88.686,86.346,84.199,82.254,80.522,79.021,77.766,76.775,76.062,75.64,75.512,75.671,76.092,76.734,77.531,78.402,79.263,80.036,80.678,81.178,81.548
36120.0,103.399,100.068,96.951,94.039,91.321,88.788,86.442,84.287,82.333,80.593,79.083,77.819,76.819,76.098,75.668,75.532,75.684,76.1,76.737,77.53,78.4,79.26,80.033,80.675,81.176,81.546
36180.0,103.526,100.191,97.07,94.154,91.429,88.89,86.537,84.374,82.412,80.664,79.144,77.872,76.863,76.133,75.695,75.552,75.697,76.107,76.74,77.53,78.398,79.257,80.03,80.673,81.175,81.545
36240.0,103.651,100.313,97.188,94.267,91.537,88.992,86.632,84.461,82.491,80.734,79.206,77.925,76.907,76.169,75.723,75.572,75.711,76.115,76.743,77.53,78.396,79.254,80.028,80.671,81.173,81.544
36300.0,103.775,100.434,97.306,94.38,91.645,89.093,86.726,84.548,82.57,80.805,79.268,77.978,76.951,76.205,75.75,75.592,75.724,76.123,76.746,77.53,78.393,79.251,80.025,80.669,81.172,81.542
36360.0,103.899,100.554,97.422,94.492,91.752,89.194,86.82,84.635,82.649,80.876,79.33,78.031,76.996,76.241,75.778,75.613,75.738,76.131,76.749,77.529,78.391,79.248,80.022,80.667,81.17,81.541
36420.0,104.021,100.674,97.538,94.604,91.858,89.295,86.914,84.722,82.728,80.946,79.392,78.084,77.04,76.277,75.806,75.633,75.751,76.139,76.752,77.529,78.389,79.245,80.019,80.664,81.168,81.54
36480.0,104.141,100.792,97.653,94.715,91.964,89.395,87.008,84.809,82.807,81.017,79.454,78.138,77.085,76.313,75.834,75.654,75.765,76.146,76.756,77.529,78.387,79.242,80.016,80.662,81.167,81.538
36540.0,104.261,100.909,97.768,94.825,92.07,89.495,87.102,84.895,82.886,81.087,79.516,78.191,77.13,76.349,75.862,75.674,75.779,76.155,76.759,77.529,78.385,79.239,80.014,80.66,81.165,81.537
36600.0,104.38,101.026,97.881,94.935,92.175,89.594,87.195,84.981,82.965,81.158,79.579,78.244,77.174,76.385,75.89,75.695,75.793,76.163,76.762,77.529,78.383,79.236,80.011,80.658,81.164,81.536
36660.0,104.497,101.141,97.994,95.044,92.279,89.694,87.288,85.067,83.043,81.229,79.641,78.298,77.219,76.422,75.919,75.716,75.807,76.171,76.766,77.529,78.381,79.233,80.008,80.655,81.162,81.534
36720.0,104.613,101.256,98.106,95.152,92.383,89.792,87.38,85.153,83.122,81.299,79.703,78.352,77.264,76.458,75.947,75.736,75.821,76.179,76.769,77.53,78.379,79.23,80.005,80.653,81.161,81.533
36780.0,104.729,101.369,98.217,95.26,92.486,89.89,87.473,85.239,83.2,81.37,79.765,78.405,77.309,76.495,75.976,75.757,75.835,76.187,76.773,77.53,78.377,79.227,80.002,80.651,81.159,81.531
36840.0,104.843,101.482,98.327,95.367,92.589,89.988,87.565,85.324,83.278,81.44,79.827,78.459,77.355,76.532,76.004,75.779,75.849,76.196,76.777,77.53,78.375,79.225,80.0,80.649,81.157,81.53
36900.0,104.956,101.594,98.436,95.473,92.691,90.086,87.656,85.41,83.356,81.511,79.89,78.513,77.4,76.569,76.033,75.8,75.864,76.204,76.78,77.53,78.373,79.222,79.997,80.647,81.156,81.529
36960.0,105.068,101.704,98.545,95.578,92.793,90.183,87.748,85.495,83.434,81.581,79.952,78.567,77.445,76.606,76.062,75.821,75.878,76.213,76.784,77.531,78.372,79.219,79.994,80.644,81.154,81.527
37020.0,105.178,101.814,98.652,95.683,92.894,90.279,87.839,85.58,83.512,81.651,80.014,78.621,77.491,76.643,76.091,75.842,75.893,76.221,76.788,77.531,78.37,79.216,79.991,80.642,81.153,81.526
37080.0,105.288,101.923,98.759,95.788,92.995,90.375,87.929,85.664,83.59,81.721,80.077,78.675,77.536,76.68,76.12,75.864,75.907,76.23,76.792,77.531,78.368,79.214,79.989,80.64,81.151,81.524
37140.0,105.396,102.03,98.866,95.891,93.095,90.471,88.02,85.748,83.667,81.792,80.139,78.729,77.582,76.717,76.149,75.885,75.922,76.239,76.796,77.532,78.366,79.211,79.986,80.638,81.149,81.523
37200.0,105.504,102.137,98.971,95.994,93.194,90.566,88.11,85.833,83.745,81.862,80.201,78.783,77.627,76.754,76.178,75.907,75.937,76.248,76.8,77.532,78.364,79.208,79.983,80.636,81.148,81.522
37260.0,105.61,102.243,99.075,96.096,93.293,90.661,88.2,85.916,83.822,81.932,80.263,78.837,77.673,76.792,76.207,75.929,75.952,76.257,76.804,77.533,78.363,79.205,79.98,80.633,81.146,81.52
37320.0,105.715,102.348,99.179,96.197,93.391,90.755,88.289,86.0,83.899,82.002,80.326,78.891,77.719,76.829,76.237,75.95,75.967,76.266,76.808,77.533,78.361,79.203,79.978,80.631,81.145,81.519
37380.0,105.819,102.452,99.282,96.298,93.489,90.849,88.378,86.083,83.976,82.072,80.388,78.945,77.765,76.867,76.266,75.972,75.982,76.275,76.812,77.534,78.36,79.2,79.975,80.629,81.143,81.517
37440.0,105.922,102.555,99.384,96.398,93.586,90.942,88.467,86.167,84.053,82.141,80.45,78.999,77.811,76.904,76.296,75.994,75.997,76.284,76.817,77.535,78.358,79.198,79.972,80.627,81.141,81.516
37500.0,106.024,102.657,99.485,96.498,93.683,91.035,88.555,86.249,84.13,82.211,80.512,79.054,77.857,76.942,76.326,76.017,76.012,76.293,76.821,77.535,78.356,79.195,79.97,80.625,81.14,81.515
37560.0,106.125,102.758,99.585,96.596,93.779,91.127,88.643,86.332,84.206,82.281,80.574,79.108,77.903,76.98,76.355,76.039,76.027,76.302,76.825,77.536,78.355,79.192,79.967,80.622,81.138,81.513
37620.0,106.225,102.858,99.685,96.694,93.874,91.219,88.73,86.414,84.282,82.35,80.636,79.162,77.949,77.018,76.385,76.061,76.042,76.312,76.83,77.537,78.353,79.19,79.964,80.62,81.136,81.512
37680.0,106.324,102.957,99.783,96.791,93.969,91.311,88.818,86.496,84.358,82.419,80.698,79.216,77.995,77.056,76.415,76.083,76.058,76.321,76.834,77.538,78.352,79.187,79.961,80.618,81.135,81.51
37740.0,106.421,103.055,99.881,96.888,94.063,91.402,88.904,86.578,84.434,82.489,80.76,79.271,78.041,77.094,76.445,76.106,76.073,76.331,76.839,77.539,78.35,79.185,79.959,80.616,81.133,81.509
37800.0,106.518,103.152,99.978,96.984,94.157,91.492,88.991,86.659,84.51,82.558,80.822,79.325,78.088,77.132,76.476,76.128,76.089,76.34,76.844,77.54,78.349,79.182,79.956,80.614,81.131,81.507
37860.0,106.613,103.249,100.075,97.079,94.25,91.582,89.077,86.741,84.585,82.627,80.884,79.379,78.134,77.17,76.506,76.151,76.105,76.35,76.848,77.541,78.348,79.18,79.953,80.611,81.13,81.506
37920.0,106.707,103.344,100.17,97.173,94.342,91.672,89.162,86.822,84.661,82.696,80.946,79.433,78.18,77.208,76.536,76.174,76.121,76.359,76.853,77.542,78.346,79.177,79.951,80.609,81.128,81.504
37980.0,106.801,103.438,100.265,97.267,94.434,91.761,89.248,86.902,84.736,82.765,81.008,79.488,78.227,77.247,76.566,76.197,76.136,76.369,76.858,77.543,78.345,79.175,79.948,80.607,81.127,81.503
38040.0,106.893,103.532,100.358,97.36,94.526,91.849,89.333,86.983,84.811,82.833,81.07,79.542,78.273,77.285,76.597,76.219,76.152,76.379,76.863,77.544,78.344,79.172,79.946,80.605,81.125,81.501
38100.0,106.984,103.624,100.451,97.452,94.616,91.937,89.417,87.063,84.885,82.902,81.131,79.596,78.319,77.324,76.628,76.242,76.168,76.389,76.868,77.545,78.342,79.17,79.943,80.602,81.123,81.5
38160.0,107.074,103.716,100.543,97.544,94.706,92.025,89.501,87.142,84.96,82.97,81.193,79.65,78.366,77.362,76.658,76.266,76.185,76.399,76.873,77.546,78.341,79.167,79.94,80.6,81.122,81.498
38220.0,107.163,103.807,100.635,97.635,94.796,92.112,89.585,87.222,85.034,83.038,81.255,79.705,78.413,77.401,76.689,76.289,76.201,76.409,76.878,77.548,78.34,79.165,79.938,80.598,81.12,81.497
38280.0,107.251,103.896,100.725,97.725,94.885,92.199,89.668,87.301,85.108,83.107,81.316,79.759,78.459,77.44,76.72,76.312,76.217,76.419,76.883,77.549,78.339,79.163,79.935,80.596,81.118,81.495
38340.0,107.338,103.985,100.815,97.815,94.973,92.285,89.751,87.38,85.182,83.175,81.377,79.813,78.506,77.478,76.751,76.335,76.233,76.43,76.888,77.55,78.338,79.16,79.933,80.594,81.117,81.494
38400.0,107.424,104.073,100.904,97.903,95.061,92.37,89.834,87.458,85.256,83.242,81.439,79.867,78.552,77.517,76.782,76.359,76.25,76.44,76.893,77.552,78.337,79.158,79.93,80.591,81.115,81.492
38460.0,107.509,104.16,100.992,97.992,95.148,92.455,89.916,87.536,85.329,83.31,81.5,79.921,78.599,77.556,76.813,76.382,76.266,76.45,76.899,77.553,78.336,79.155,79.927,80.589,81.113,81.491
38520.0,107.593,104.246,101.079,98.079,95.234,92.54,89.998,87.614,85.402,83.378,81.561,79.976,78.645,77.595,76.844,76.406,76.283,76.461,76.904,77.555,78.335,79.153,79.925,80.587,81.111,81.489
38580.0,107.676,104.331,101.165,98.166,95.32,92.624,90.079,87.692,85.475,83.445,81.622,80.03,78.692,77.634,76.875,76.429,76.3,76.471,76.909,77.556,78.334,79.151,79.922,80.585,81.11,81.488
38640.0,107.758,104.415,101.251,98.252,95.405,92.708,90.16,87.769,85.548,83.512,81.683,80.084,78.739,77.673,76.906,76.453,76.316,76.482,76.915,77.558,78.333,79.149,79.92,80.583,81.108,81.486
38700.0,107.838,104.499,101.336,98.337,95.49,92.791,90.24,87.846,85.62,83.579,81.744,80.138,78.785,77.712,76.937,76.477,76.333,76.493,76.92,77.56,78.332,79.146,79.917,80.581,81.106,81.485
38760.0,107.918,104.581,101.42,98.421,95.574,92.873,90.32,87.922,85.692,83.646,81.805,80.192,78.832,77.751,76.969,76.501,76.35,76.503,76.926,77.561,78.331,79.144,79.915,80.578,81.105,81.483
38820.0,107.997,104.663,101.503,98.505,95.658,92.955,90.4,87.999,85.764,83.713,81.865,80.246,78.879,77.79,77.0,76.525,76.367,76.514,76.932,77.563,78.33,79.142,79.912,80.576,81.103,81.482
38880.0,108.075,104.743,101.585,98.588,95.74,93.037,90.479,88.075,85.836,83.779,81.926,80.3,78.926,77.829,77.032,76.549,76.384,76.525,76.937,77.565,78.329,79.14,79.91,80.574,81.101,81.48
38940.0,108.151,104.823,101.667,98.671,95.823,93.118,90.558,88.15,85.907,83.846,81.986,80.354,78.972,77.868,77.063,76.573,76.401,76.536,76.943,77.567,78.328,79.138,79.907,80.572,81.1,81.479
39000.0,108.227,104.902,101.748,98.753,95.904,93.198,90.636,88.225,85.978,83.912,82.047,80.407,79.019,77.907,77.095,76.597,76.419,76.547,76.949,77.569,78.328,79.135,79.905,80.57,81.098,81.477
39060.0,108.302,104.979,101.828,98.834,95.985,93.278,90.714,88.3,86.049,83.978,82.107,80.461,79.066,77.947,77.127,76.621,76.436,76.558,76.955,77.57,78.327,79.133,79.902,80.567,81.096,81.476
39120.0,108.375,105.056,101.907,98.914,96.066,93.358,90.792,88.375,86.12,84.044,82.167,80.515,79.112,77.986,77.158,76.646,76.453,76.569,76.961,77.572,78.326,79.131,79.9,80.565,81.094,81.474
39180.0,108.448,105.132,101.985,98.994,96.146,93.437,90.869,88.449,86.19,84.109,82.227,80.568,79.159,78.025,77.19,76.67,76.471,76.58,76.967,77.574,78.325,79.129,79.897,80.563,81.093,81.472
39240.0,108.52,105.208,102.063,99.073,96.225,93.515,90.946,88.523,86.26,84.175,82.287,80.622,79.206,78.065,77.222,76.695,76.488,76.592,76.973,77.577,78.325,79.127,79.895,80.561,81.091,81.471
39300.0,108.59,105.282,102.14,99.151,96.304,93.593,91.022,88.597,86.33,84.24,82.347,80.676,79.253,78.104,77.254,76.719,76.506,76.603,76.979,77.579,78.324,79.125,79.892,80.559,81.089,81.469
39360.0,108.66,105.355,102.216,99.228,96.382,93.671,91.098,88.67,86.4,84.305,82.407,80.729,79.299,78.143,77.286,76.744,76.524,76.615,76.985,77.581,78.324,79.123,79.89,80.556,81.088,81.468
39420.0,108.729,105.428,102.291,99.305,96.459,93.748,91.173,88.743,86.469,84.37,82.466,80.783,79.346,78.183,77.318,76.769,76.541,76.626,76.992,77.583,78.323,79.121,79.887,80.554,81.086,81.466
39480.0,108.797,105.499,102.365,99.381,96.536,93.824,91.248,88.815,86.538,84.435,82.526,80.836,79.393,78.222,77.35,76.793,76.559,76.638,76.998,77.585,78.323,79.119,79.885,80.552,81.084,81.465
39540.0,108.863,105.57,102.439,99.457,96.612,93.9,91.323,88.888,86.607,84.499,82.585,80.889,79.439,78.262,77.382,76.818,76.577,76.649,77.004,77.588,78.322,79.117,79.883,80.55,81.082,81.463
39600.0,108.929,105.64,102.512,99.532,96.688,93.975,91.397,88.959,86.676,84.564,82.644,80.942,79.486,78.301,77.414,76.843,76.595,76.661,77.011,77.59,78.322,79.115,79.88,80.548,81.081,81.461
39660.0,108.994,105.709,102.584,99.606,96.763,94.05,91.47,89.031,86.744,84.628,82.703,80.996,79.532,78.341,77.447,76.868,76.613,76.673,77.017,77.592,78.321,79.113,79.878,80.546,81.079,81.46
39720.0,109.058,105.777,102.655,99.679,96.837,94.125,91.544,89.102,86.812,84.692,82.762,81.049,79.579,78.381,77.479,76.893,76.631,76.685,77.024,77.595,78.321,79.111,79.875,80.543,81.077,81.458
39780.0,109.121,105.844,102.726,99.752,96.911,94.198,91.617,89.173,86.88,84.755,82.821,81.102,79.625,78.42,77.511,76.918,76.649,76.697,77.03,77.597,78.321,79.109,79.873,80.541,81.075,81.457
39840.0,109.182,105.91,102.795,99.824,96.984,94.272,91.689,89.243,86.947,84.819,82.879,81.155,79.672,78.46,77.544,76.943,76.668,76.709,77.037,77.6,78.32,79.107,79.871,80.539,81.074,81.455
39900.0,109.243,105.976,102.864,99.895,97.056,94.344,91.761,89.313,87.014,84.882,82.938,81.207,79.718,78.499,77.576,76.969,76.686,76.721,77.044,77.602,78.32,79.106,79.868,80.537,81.072,81.453
39960.0,109.303,106.04,102.932,99.966,97.128,94.417,91.832,89.383,87.081,84.945,82.996,81.26,79.765,78.539,77.608,76.994,76.704,76.733,77.051,77.605,78.32,79.104,79.866,80.535,81.07,81.452
40020.0,109.362,106.104,103.0,100.035,97.2,94.488,91.903,89.452,87.148,85.008,83.054,81.313,79.811,78.578,77.641,77.019,76.723,76.745,77.057,77.608,78.32,79.102,79.864,80.533,81.068,81.45
40080.0,109.42,106.167,103.066,100.105,97.271,94.56,91.974,89.521,87.214,85.071,83.112,81.365,79.858,78.618,77.673,77.044,76.741,76.757,77.064,77.61,78.319,79.1,79.861,80.531,81.067,81.449
40140.0,109.477,106.229,103.132,100.173,97.341,94.63,92.044,89.59,87.28,85.133,83.17,81.418,79.904,78.658,77.706,77.07,76.76,76.769,77.071,77.613,78.319,79.098,79.859,80.528,81.065,81.447
40200.0,109.534,106.29,103.197,100.241,97.41,94.701,92.114,89.658,87.346,85.195,83.228,81.47,79.95,78.697,77.739,77.095,76.778,76.782,77.078,77.616,78.319,79.097,79.857,80.526,81.063,81.445
40260.0,109.589,106.35,103.262,100.308,97.479,94.77,92.183,89.726,87.412,85.257,83.286,81.523,79.997,78.737,77.771,77.121,76.797,76.794,77.085,77.619,78.319,79.095,79.854,80.524,81.061,81.444
40320.0,109.643,106.41,103.325,100.375,97.548,94.839,92.252,89.794,87.477,85.319,83.343,81.575,80.043,78.777,77.804,77.147,76.816,76.807,77.093,77.622,78.319,79.093,79.852,80.522,81.06,81.442
40380.0,109.696,106.468,103.388,100.44,97.615,94.908,92.321,89.861,87.542,85.381,83.401,81.627,80.089,78.816,77.837,77.172,76.835,76.819,77.1,77.625,78.319,79.092,79.85,80.52,81.058,81.44
40440.0,109.749,106.526,103.45,100.506,97.682,94.976,92.389,89.928,87.606,85.442,83.458,81.679,80.135,78.856,77.869,77.198,76.854,76.832,77.107,77.628,78.319,79.09,79.848,80.518,81.056,81.439
40500.0,109.8,106.583,103.511,100.57,97.749,95.044,92.456,89.994,87.671,85.503,83.515,81.731,80.181,78.896,77.902,77.224,76.873,76.845,77.114,77.631,78.319,79.088,79.845,80.516,81.054,81.437
40560.0,109.851,106.639,103.571,100.634,97.815,95.111,92.523,90.06,87.735,85.564,83.572,81.783,80.227,78.935,77.935,77.25,76.892,76.857,77.122,77.634,78.319,79.087,79.843,80.513,81.053,81.435
40620.0,109.9,106.694,103.631,100.697,97.88,95.177,92.59,90.126,87.798,85.625,83.628,81.835,80.273,78.975,77.968,77.275,76.911,76.87,77.129,77.637,78.319,79.085,79.841,80.511,81.051,81.434
40680.0,109.949,106.748,103.69,100.759,97.945,95.243,92.656,90.191,87.862,85.685,83.685,81.886,80.319,79.014,78.001,77.301,76.93,76.883,77.137,77.64,78.32,79.083,79.839,80.509,81.049,81.432
40740.0,109.996,106.802,103.748,100.821,98.009,95.309,92.722,90.256,87.925,85.746,83.741,81.938,80.365,79.054,78.033,77.327,76.949,76.896,77.144,77.643,78.32,79.082,79.836,80.507,81.047,81.431
40800.0,110.043,106.854,103.805,100.882,98.073,95.374,92.787,90.321,87.988,85.806,83.797,81.989,80.411,79.094,78.066,77.353,76.968,76.909,77.152,77.647,78.32,79.08,79.834,80.505,81.046,81.429
40860.0,110.089,106.906,103.862,100.942,98.136,95.438,92.852,90.385,88.05,85.865,83.853,82.041,80.457,79.133,78.099,77.379,76.988,76.922,77.159,77.65,78.32,79.079,79.832,80.503,81.044,81.427
40920.0,110.134,106.957,103.918,101.002,98.198,95.502,92.917,90.449,88.112,85.925,83.909,82.092,80.503,79.173,78.132,77.405,77.007,76.935,77.167,77.653,78.321,79.077,79.83,80.501,81.042,81.426
40980.0,110.178,107.007,103.973,101.061,98.26,95.565,92.98,90.512,88.174,85.984,83.965,82.143,80.548,79.212,78.165,77.432,77.027,76.949,77.175,77.657,78.321,79.076,79.828,80.499,81.04,81.424
41040.0,110.221,107.056,104.027,101.119,98.321,95.628,93.044,90.576,88.236,86.043,84.02,82.194,80.594,79.252,78.198,77.458,77.046,76.962,77.183,77.66,78.321,79.074,79.826,80.496,81.038,81.422
41100.0,110.263,107.105,104.081,101.177,98.381,95.691,93.107,90.638,88.297,86.102,84.076,82.245,80.639,79.291,78.231,77.484,77.066,76.975,77.191,77.664,78.322,79.073,79.823,80.494,81.037,81.42
41160.0,110.304,107.152,104.134,101.234,98.441,95.753,93.17,90.701,88.358,86.161,84.131,82.295,80.685,79.331,78.264,77.51,77.085,76.989,77.199,77.667,78.322,79.072,79.821,80.492,81.035,81.419
41220.0,110.345,107.199,104.186,101.29,98.501,95.814,93.232,90.763,88.419,86.219,84.186,82.346,80.73,79.37,78.297,77.537,77.105,77.002,77.207,77.671,78.323,79.07,79.819,80.49,81.033,81.417
41280.0,110.384,107.245,104.237,101.345,98.559,95.875,93.294,90.824,88.479,86.277,84.241,82.397,80.776,79.41,78.33,77.563,77.125,77.016,77.215,77.675,78.323,79.069,79.817,80.488,81.031,81.415
41340.0,110.422,107.29,104.288,101.4,98.617,95.935,93.355,90.885,88.539,86.335,84.295,82.447,80.821,79.449,78.363,77.589,77.144,77.029,77.223,77.678,78.324,79.068,79.815,80.486,81.029,81.414
41400.0,110.46,107.334,104.337,101.455,98.675,95.995,93.416,90.946,88.599,86.393,84.35,82.497,80.866,79.489,78.396,77.616,77.164,77.043,77.231,77.682,78.324,79.066,79.813,80.484,81.028,81.412
41460.0,110.497,107.377,104.386,101.508,98.732,96.054,93.476,91.007,88.659,86.45,84.404,82.547,80.911,79.528,78.429,77.642,77.184,77.056,77.239,77.686,78.325,79.065,79.811,80.482,81.026,81.41
41520.0,110.532,107.42,104.435,101.561,98.788,96.112,93.536,91.067,88.718,86.507,84.458,82.597,80.956,79.568,78.463,77.669,77.204,77.07,77.247,77.69,78.326,79.064,79.809,80.48,81.024,81.409
41580.0,110.567,107.462,104.482,101.613,98.844,96.171,93.596,91.127,88.777,86.564,84.512,82.647,81.001,79.607,78.496,77.695,77.224,77.084,77.256,77.694,78.326,79.062,79.807,80.478,81.022,81.407
41640.0,110.601,107.503,104.529,101.665,98.899,96.228,93.655,91.186,88.835,86.621,84.566,82.697,81.046,79.646,78.529,77.722,77.244,77.098,77.264,77.698,78.327,79.061,79.805,80.475,81.02,81.405
41700.0,110.634,107.543,104.575,101.716,98.954,96.285,93.713,91.245,88.893,86.677,84.619,82.747,81.091,79.685,78.562,77.749,77.264,77.112,77.272,77.702,78.328,79.06,79.803,80.473,81.019,81.403
41760.0,110.666,107.582,104.621,101.766,99.008,96.342,93.771,91.303,88.951,86.733,84.673,82.796,81.136,79.725,78.595,77.775,77.284,77.126,77.281,77.706,78.328,79.059,79.8,80.471,81.017,81.402
41820.0,110.698,107.621,104.665,101.815,99.061,96.398,93.829,91.362,89.009,86.789,84.726,82.846,81.181,79.764,78.628,77.802,77.304,77.14,77.289,77.71,78.329,79.058,79.798,80.469,81.015,81.4
41880.0,110.728,107.658,104.709,101.864,99.114,96.454,93.886,91.419,89.066,86.845,84.779,82.895,81.225,79.803,78.661,77.829,77.325,77.154,77.298,77.714,78.33,79.057,79.796,80.467,81.013,81.398
41940.0,110.758,107.695,104.752,101.912,99.166,96.509,93.943,91.477,89.123,86.9,84.831,82.944,81.27,79.842,78.694,77.855,77.345,77.168,77.307,77.718,78.331,79.055,79.794,80.465,81.011,81.397
42000.0,110.786,107.731,104.794,101.96,99.217,96.563,93.999,91.534,89.18,86.955,84.884,82.993,81.314,79.881,78.727,77.882,77.365,77.182,77.315,77.722,78.332,79.054,79.793,80.463,81.01,81.395
42060.0,110.814,107.766,104.836,102.007,99.268,96.617,94.055,91.59,89.236,87.01,84.936,83.042,81.359,79.92,78.761,77.909,77.386,77.196,77.324,77.726,78.333,79.053,79.791,80.461,81.008,81.393
42120.0,110.841,107.801,104.877,102.053,99.319,96.671,94.111,91.647,89.292,87.065,84.989,83.091,81.403,79.959,78.794,77.936,77.406,77.211,77.333,77.731,78.334,79.052,79.789,80.459,81.006,81.391
42180.0,110.866,107.834,104.917,102.098,99.369,96.723,94.166,91.703,89.348,87.119,85.041,83.139,81.447,79.998,78.827,77.962,77.426,77.225,77.342,77.735,78.335,79.051,79.787,80.457,81.004,81.39
42240.0,110.892,107.867,104.956,102.143,99.418,96.776,94.22,91.758,89.403,87.174,85.092,83.188,81.491,80.037,78.86,77.989,77.447,77.239,77.351,77.739,78.336,79.05,79.785,80.455,81.002,81.388
42300.0,110.916,107.899,104.995,102.188,99.466,96.828,94.274,91.813,89.458,87.227,85.144,83.236,81.535,80.076,78.893,78.016,77.468,77.254,77.36,77.744,78.337,79.049,79.783,80.453,81.0,81.386
42360.0,110.939,107.93,105.033,102.231,99.514,96.879,94.328,91.868,89.513,87.281,85.195,83.284,81.579,80.115,78.926,78.043,77.488,77.268,77.369,77.748,78.338,79.048,79.781,80.451,80.999,81.384
42420.0,110.961,107.96,105.07,102.274,99.562,96.93,94.381,91.922,89.567,87.334,85.247,83.332,81.623,80.154,78.959,78.07,77.509,77.283,77.378,77.753,78.339,79.047,79.779,80.449,80.997,81.383
42480.0,110.983,107.99,105.107,102.316,99.608,96.98,94.433,91.976,89.621,87.387,85.298,83.38,81.667,80.193,78.992,78.097,77.529,77.297,77.387,77.757,78.341,79.046,79.777,80.447,80.995,81.381
42540.0,111.003,108.019,105.142,102.358,99.655,97.03,94.486,92.03,89.675,87.44,85.349,83.428,81.711,80.231,79.025,78.124,77.55,77.312,77.396,77.762,78.342,79.045,79.775,80.445,80.993,81.379
42600.0,111.023,108.047,105.177,102.398,99.7,97.079,94.537,92.083,89.729,87.493,85.399,83.476,81.754,80.27,79.058,78.151,77.571,77.327,77.405,77.767,78.343,79.045,79.773,80.443,80.991,81.377
42660.0,111.042,108.074,105.211,102.439,99.745,97.128,94.589,92.136,89.782,87.545,85.45,83.523,81.798,80.309,79.092,78.178,77.592,77.341,77.414,77.771,78.344,79.044,79.772,80.441,80.989,81.376
42720.0,111.06,108.1,105.245,102.478,99.79,97.176,94.64,92.188,89.834,87.597,85.5,83.57,81.841,80.347,79.125,78.205,77.612,77.356,77.424,77.776,78.346,79.043,79.77,80.439,80.988,81.374
42780.0,111.077,108.125,105.278,102.517,99.834,97.224,94.69,92.24,89.887,87.649,85.55,83.617,81.884,80.386,79.158,78.232,77.633,77.371,77.433,77.781,78.347,79.042,79.768,80.437,80.986,81.372
42840.0,111.093,108.15,105.31,102.555,99.877,97.271,94.74,92.292,89.939,87.701,85.6,83.664,81.928,80.424,79.191,78.259,77.654,77.386,77.443,77.786,78.348,79.041,79.766,80.435,80.984,81.37
42900.0,111.109,108.174,105.341,102.593,99.919,97.317,94.789,92.343,89.991,87.752,85.649,83.711,81.971,80.463,79.224,78.286,77.675,77.401,77.452,77.791,78.35,79.041,79.764,80.433,80.982,81.369
42960.0,111.123,108.197,105.372,102.63,99.962,97.364,94.838,92.394,90.042,87.803,85.699,83.758,82.014,80.501,79.257,78.313,77.696,77.416,77.462,77.795,78.351,79.04,79.762,80.431,80.98,81.367
43020.0,111.137,108.219,105.402,102.666,100.003,97.409,94.887,92.444,90.093,87.853,85.748,83.805,82.057,80.539,79.29,78.34,77.717,77.431,77.471,77.8,78.353,79.039,79.761,80.429,80.979,81.365
43080.0,111.149,108.241,105.431,102.702,100.044,97.454,94.935,92.494,90.144,87.904,85.797,83.851,82.099,80.578,79.323,78.367,77.738,77.446,77.481,77.805,78.354,79.038,79.759,80.427,80.977,81.363
43140.0,111.161,108.262,105.459,102.736,100.084,97.499,94.983,92.544,90.195,87.954,85.845,83.897,82.142,80.616,79.355,78.395,77.759,77.461,77.49,77.81,78.356,79.038,79.757,80.425,80.975,81.361
43200.0,111.172,108.281,105.487,102.771,100.124,97.543,95.03,92.593,90.245,88.004,85.894,83.943,82.185,80.654,79.388,78.422,77.78,77.476,77.5,77.816,78.358,79.037,79.755,80.423,80.973,81.36
43260.0,111.182,108.301,105.514,102.804,100.163,97.586,95.076,92.642,90.295,88.054,85.942,83.989,82.227,80.692,79.421,78.449,77.801,77.491,77.51,77.821,78.359,79.037,79.754,80.421,80.971,81.358
43320.0,111.191,108.319,105.54,102.837,100.201,97.629,95.123,92.69,90.344,88.103,85.99,84.035,82.269,80.73,79.454,78.476,77.823,77.507,77.52,77.826,78.361,79.036,79.752,80.419,80.969,81.356
43380.0,111.2,108.336,105.565,102.87,100.239,97.672,95.168,92.738,90.393,88.152,86.038,84.081,82.312,80.768,79.487,78.503,77.844,77.522,77.529,77.831,78.363,79.035,79.75,80.417,80.967,81.354
43440.0,111.207,108.353,105.59,102.901,100.277,97.713,95.214,92.786,90.442,88.201,86.086,84.126,82.354,80.806,79.52,78.53,77.865,77.537,77.539,77.836,78.364,79.035,79.749,80.415,80.966,81.352
43500.0,111.214,108.369,105.614,102.932,100.313,97.755,95.259,92.833,90.49,88.249,86.134,84.171,82.396,80.844,79.553,78.558,77.886,77.553,77.549,77.842,78.366,79.034,79.747,80.413,80.964,81.351
43560.0,111.22,108.384,105.637,102.962,100.349,97.796,95.303,92.88,90.539,88.298,86.181,84.216,82.438,80.882,79.585,78.585,77.908,77.568,77.559,77.847,78.368,79.034,79.745,80.411,80.962,81.349
43620.0,111.225,108.398,105.66,102.992,100.385,97.836,95.347,92.926,90.586,88.346,86.228,84.261,82.48,80.919,79.618,78.612,77.929,77.584,77.569,77.852,78.37,79.033,79.744,80.409,80.96,81.347
43680.0,111.229,108.412,105.682,103.021,100.42,97.876,95.391,92.972,90.634,88.393,86.275,84.306,82.521,80.957,79.651,78.639,77.95,77.599,77.579,77.858,78.372,79.033,79.742,80.407,80.958,81.345
43740.0,111.232,108.425,105.703,103.049,100.454,97.915,95.434,93.018,90.681,88.441,86.321,84.351,82.563,80.994,79.684,78.666,77.972,77.615,77.589,77.863,78.374,79.033,79.74,80.405,80.956,81.343
43800.0,111.234,108.437,105.723,103.077,100.488,97.954,95.476,93.063,90.728,88.488,86.368,84.395,82.604,81.032,79.716,78.694,77.993,77.63,77.6,77.869,78.376,79.032,79.739,80.403,80.955,81.342
43860.0,111.236,108.448,105.743,103.104,100.521,97.992,95.518,93.108,90.774,88.535,86.414,84.44,82.646,81.069,79.749,78.721,78.014,77.646,77.61,77.874,78.378,79.032,79.737,80.401,80.953,81.34
43920.0,111.236,108.458,105.762,103.13,100.554,98.029,95.56,93.152,90.82,88.581,86.46,84.484,82.687,81.107,79.781,78.748,78.036,77.661,77.62,77.88,78.38,79.031,79.736,80.399,80.951,81.338
43980.0,111.236,108.468,105.78,103.156,100.586,98.067,95.601,93.196,90.866,88.628,86.505,84.528,82.728,81.144,79.814,78.775,78.057,77.677,77.63,77.886,78.382,79.031,79.734,80.397,80.949,81.336
44040.0,111.235,108.476,105.798,103.181,100.617,98.103,95.642,93.24,90.911,88.674,86.551,84.572,82.769,81.181,79.847,78.802,78.079,77.693,77.641,77.891,78.384,79.031,79.733,80.395,80.947,81.334
44100.0,111.233,108.484,105.814,103.205,100.648,98.139,95.682,93.283,90.956,88.72,86.596,84.615,82.81,81.218,79.879,78.83,78.1,77.709,77.651,77.897,78.386,79.03,79.731,80.393,80.945,81.333
44160.0,111.23,108.492,105.83,103.229,100.678,98.175,95.722,93.326,91.001,88.765,86.641,84.659,82.851,81.255,79.912,78.857,78.122,77.724,77.662,77.903,78.388,79.03,79.729,80.392,80.944,81.331
44220.0,111.227,108.498,105.846,103.252,100.708,98.21,95.761,93.369,91.046,88.81,86.686,84.702,82.891,81.292,79.944,78.884,78.143,77.74,77.672,77.909,78.39,79.03,79.728,80.39,80.942,81.329
44280.0,111.222,108.504,105.86,103.274,100.737,98.244,95.8,93.411,91.09,88.855,86.731,84.745,82.932,81.329,79.976,78.911,78.165,77.756,77.683,77.915,78.392,79.03,79.726,80.388,80.94,81.327
44340.0,111.217,108.508,105.874,103.296,100.765,98.278,95.838,93.452,91.133,88.9,86.775,84.788,82.972,81.366,80.009,78.938,78.187,77.772,77.693,77.92,78.395,79.03,79.725,80.386,80.938,81.325
44400.0,111.21,108.512,105.887,103.317,100.793,98.312,95.876,93.493,91.177,88.944,86.819,84.831,83.013,81.403,80.041,78.966,78.208,77.788,77.704,77.926,78.397,79.029,79.724,80.384,80.936,81.323
44460.0,111.203,108.516,105.9,103.338,100.82,98.345,95.913,93.534,91.22,88.988,86.863,84.873,83.053,81.44,80.073,78.993,78.23,77.804,77.714,77.932,78.399,79.029,79.722,80.382,80.934,81.322
44520.0,111.195,108.518,105.912,103.357,100.847,98.377,95.95,93.575,91.262,89.032,86.907,84.916,83.093,81.476,80.106,79.02,78.251,77.82,77.725,77.938,78.402,79.029,79.721,80.38,80.932,81.32
44580.0,111.186,108.52,105.923,103.377,100.873,98.409,95.987,93.615,91.305,89.075,86.95,84.958,83.133,81.513,80.138,79.047,78.273,77.836,77.736,77.944,78.404,79.029,79.719,80.378,80.931,81.318
44640.0,111.177,108.521,105.933,103.395,100.898,98.44,96.023,93.654,91.347,89.119,86.993,85.0,83.173,81.549,80.17,79.074,78.295,77.852,77.746,77.95,78.406,79.029,79.718,80.376,80.929,81.316
44700.0,111.166,108.521,105.942,103.413,100.923,98.471,96.058,93.693,91.388,89.162,87.036,85.042,83.212,81.585,80.202,79.101,78.317,77.868,77.757,77.957,78.409,79.029,79.716,80.375,80.927,81.314
44760.0,111.155,108.52,105.951,103.43,100.947,98.501,96.094,93.732,91.43,89.204,87.079,85.084,83.252,81.622,80.234,79.128,78.338,77.884,77.768,77.963,78.411,79.029,79.715,80.373,80.925,81.312
44820.0,111.142,108.518,105.959,103.446,100.971,98.531,96.128,93.77,91.471,89.246,87.122,85.125,83.291,81.658,80.266,79.156,78.36,77.901,77.779,77.969,78.414,79.029,79.714,80.371,80.923,81.311
44880.0,111.129,108.516,105.967,103.462,100.994,98.56,96.162,93.808,91.511,89.288,87.164,85.167,83.33,81.694,80.298,79.183,78.382,77.917,77.79,77.975,78.416,79.029,79.712,80.369,80.921,81.309
44940.0,111.115,108.513,105.973,103.477,101.017,98.589,96.196,93.846,91.551,89.33,87.206,85.208,83.37,81.73,80.33,79.21,78.404,77.933,77.801,77.982,78.419,79.029,79.711,80.367,80.92,81.307
45000.0,111.101,108.509,105.979,103.492,101.039,98.617,96.229,93.883,91.591,89.372,87.248,85.249,83.409,81.766,80.362,79.237,78.425,77.949,77.812,77.988,78.422,79.029,79.71,80.365,80.918,81.305
45060.0,111.085,108.505,105.984,103.506,101.06,98.644,96.262,93.92,91.631,89.413,87.289,85.289,83.447,81.802,80.394,79.264,78.447,77.966,77.823,77.994,78.424,79.029,79.708,80.364,80.916,81.303
45120.0,111.068,108.499,105.989,103.519,101.081,98.671,96.294,93.956,91.67,89.454,87.331,85.33,83.486,81.838,80.426,79.291,78.469,77.982,77.834,78.001,78.427,79.029,79.707,80.362,80.914,81.301
45180.0,111.051,108.493,105.993,103.531,101.101,98.698,96.326,93.992,91.709,89.494,87.372,85.371,83.525,81.873,80.457,79.318,78.491,77.998,77.845,78.007,78.43,79.029,79.706,80.36,80.912,81.299
45240.0,111.033,108.486,105.996,103.543,101.12,98.724,96.357,94.028,91.747,89.535,87.413,85.411,83.563,81.909,80.489,79.345,78.513,78.015,77.856,78.014,78.432,79.029,79.704,80.358,80.91,81.298
45300.0,111.014,108.478,105.998,103.554,101.139,98.749,96.388,94.063,91.785,89.575,87.453,85.451,83.602,81.944,80.521,79.372,78.534,78.031,77.867,78.02,78.435,79.03,79.703,80.356,80.909,81.296
45360.0,110.994,108.47,106.0,103.565,101.157,98.774,96.418,94.097,91.823,89.614,87.494,85.491,83.64,81.98,80.552,79.399,78.556,78.048,77.879,78.027,78.438,79.03,79.702,80.354,80.907,81.294
45420.0,110.973,108.46,106.0,103.575,101.175,98.799,96.448,94.132,91.861,89.654,87.534,85.53,83.678,82.015,80.584,79.426,78.578,78.064,77.89,78.033,78.441,79.03,79.701,80.353,80.905,81.292
45480.0,110.951,108.45,106.001,103.584,101.192,98.823,96.478,94.165,91.898,89.693,87.574,85.57,83.716,82.05,80.615,79.453,78.6,78.081,77.901,78.04,78.444,79.03,79.699,80.351,80.903,81.29
45540.0,110.929,108.439,106.0,103.593,101.209,98.846,96.507,94.199,91.934,89.731,87.613,85.609,83.753,82.085,80.647,79.48,78.622,78.097,77.913,78.047,78.447,79.031,79.698,80.349,80.901,81.288
45600.0,110.905,108.427,105.999,103.6,101.225,98.869,96.535,94.232,91.971,89.77,87.653,85.648,83.791,82.12,80.678,79.507,78.644,78.114,77.924,78.053,78.45,79.031,79.697,80.347,80.899,81.286
45660.0,110.881,108.415,105.997,103.608,101.24,98.891,96.563,94.264,92.007,89.808,87.692,85.687,83.829,82.155,80.71,79.534,78.666,78.13,77.935,78.06,78.453,79.031,79.696,80.346,80.897,81.285
45720.0,110.856,108.401,105.994,103.614,101.255,98.913,96.591,94.297,92.042,89.846,87.731,85.726,83.866,82.19,80.741,79.561,78.687,78.147,77.947,78.067,78.456,79.032,79.695,80.344,80.896,81.283
45780.0,110.83,108.387,105.99,103.62,101.269,98.934,96.618,94.328,92.078,89.884,87.77,85.764,83.903,82.225,80.772,79.588,78.709,78.164,77.958,78.074,78.459,79.032,79.693,80.342,80.894,81.281
45840.0,110.803,108.372,105.986,103.625,101.282,98.954,96.644,94.36,92.113,89.921,87.808,85.803,83.94,82.259,80.803,79.615,78.731,78.18,77.97,78.08,78.462,79.032,79.692,80.34,80.892,81.279
45900.0,110.775,108.357,105.981,103.63,101.295,98.974,96.67,94.391,92.147,89.958,87.846,85.841,83.977,82.294,80.834,79.641,78.753,78.197,77.981,78.087,78.465,79.033,79.691,80.339,80.89,81.277
45960.0,110.747,108.34,105.976,103.634,101.307,98.994,96.696,94.421,92.181,89.995,87.884,85.879,84.014,82.328,80.866,79.668,78.775,78.214,77.993,78.094,78.468,79.033,79.69,80.337,80.888,81.275
46020.0,110.717,108.323,105.969,103.637,101.319,99.013,96.721,94.451,92.215,90.031,87.922,85.917,84.05,82.363,80.897,79.695,78.797,78.23,78.004,78.101,78.471,79.034,79.689,80.335,80.886,81.273
46080.0,110.687,108.305,105.962,103.64,101.33,99.031,96.746,94.481,92.249,90.067,87.959,85.954,84.087,82.397,80.927,79.722,78.819,78.247,78.016,78.108,78.474,79.034,79.688,80.333,80.885,81.272
46140.0,110.656,108.286,105.954,103.642,101.341,99.049,96.77,94.51,92.282,90.103,87.996,85.992,84.123,82.431,80.958,79.748,78.841,78.264,78.028,78.115,78.478,79.035,79.687,80.332,80.883,81.27
46200.0,110.624,108.266,105.946,103.643,101.351,99.067,96.794,94.539,92.315,90.138,88.033,86.029,84.159,82.465,80.989,79.775,78.863,78.281,78.039,78.122,78.481,79.035,79.686,80.33,80.881,81.268
46260.0,110.591,108.246,105.936,103.644,101.36,99.084,96.817,94.567,92.347,90.173,88.07,86.066,84.196,82.499,81.02,79.802,78.885,78.298,78.051,78.129,78.484,79.036,79.685,80.328,80.879,81.266
46320.0,110.558,108.225,105.926,103.643,101.369,99.1,96.84,94.595,92.379,90.208,88.106,86.103,84.231,82.533,81.051,79.828,78.907,78.314,78.063,78.137,78.487,79.036,79.684,80.327,80.877,81.264
46380.0,110.523,108.203,105.915,103.643,101.377,99.116,96.862,94.623,92.411,90.243,88.143,86.139,84.267,82.567,81.081,79.855,78.928,78.331,78.075,78.144,78.491,79.037,79.683,80.325,80.875,81.262
46440.0,110.488,108.18,105.904,103.641,101.384,99.131,96.884,94.65,92.442,90.277,88.179,86.176,84.303,82.6,81.112,79.882,78.95,78.348,78.087,78.151,78.494,79.038,79.682,80.323,80.874,81.26
46500.0,110.451,108.156,105.892,103.639,101.391,99.145,96.905,94.677,92.473,90.311,88.214,86.212,84.338,82.634,81.142,79.908,78.972,78.365,78.098,78.158,78.498,79.038,79.681,80.321,80.872,81.258
46560.0,110.414,108.132,105.879,103.636,101.397,99.16,96.926,94.703,92.503,90.345,88.25,86.248,84.373,82.667,81.173,79.935,78.994,78.382,78.11,78.165,78.501,79.039,79.68,80.32,80.87,81.257
46620.0,110.376,108.106,105.865,103.633,101.403,99.173,96.946,94.729,92.534,90.378,88.285,86.283,84.409,82.7,81.203,79.961,79.016,78.399,78.122,78.173,78.505,79.04,79.679,80.318,80.868,81.255
46680.0,110.337,108.08,105.851,103.629,101.408,99.186,96.966,94.754,92.563,90.411,88.32,86.319,84.444,82.734,81.233,79.988,79.038,78.416,78.134,78.18,78.508,79.041,79.678,80.316,80.866,81.253
46740.0,110.298,108.054,105.836,103.624,101.413,99.199,96.985,94.779,92.593,90.444,88.354,86.354,84.478,82.767,81.264,80.014,79.06,78.433,78.146,78.188,78.512,79.041,79.677,80.315,80.864,81.251
46800.0,110.257,108.026,105.82,103.619,101.416,99.211,97.004,94.804,92.622,90.476,88.389,86.39,84.513,82.8,81.294,80.04,79.082,78.45,78.158,78.195,78.515,79.042,79.676,80.313,80.863,81.249
46860.0,110.216,107.998,105.803,103.613,101.42,99.222,97.022,94.828,92.651,90.508,88.423,86.424,84.548,82.833,81.324,80.067,79.104,78.467,78.17,78.202,78.519,79.043,79.675,80.312,80.861,81.247
46920.0,110.173,107.968,105.786,103.606,101.422,99.233,97.04,94.852,92.679,90.54,88.457,86.459,84.582,82.865,81.354,80.093,79.126,78.484,78.182,78.21,78.522,79.044,79.674,80.31,80.859,81.245
46980.0,110.13,107.938,105.768,103.599,101.424,99.243,97.058,94.875,92.707,90.571,88.49,86.494,84.616,82.898,81.384,80.119,79.147,78.501,78.194,78.217,78.526,79.045,79.673,80.308,80.857,81.243
47040.0,110.086,107.907,105.749,103.59,101.426,99.253,97.074,94.898,92.735,90.602,88.524,86.528,84.65,82.93,81.414,80.146,79.169,78.518,78.207,78.225,78.53,79.045,79.673,80.307,80.855,81.242
47100.0,110.041,107.876,105.729,103.582,101.426,99.262,97.091,94.92,92.762,90.633,88.557,86.562,84.684,82.963,81.443,80.172,79.191,78.535,78.219,78.232,78.534,79.046,79.672,80.305,80.854,81.24
47160.0,109.995,107.843,105.709,103.572,101.427,99.271,97.107,94.942,92.789,90.664,88.59,86.596,84.718,82.995,81.473,80.198,79.213,78.552,78.231,78.24,78.537,79.047,79.671,80.303,80.852,81.238
47220.0,109.948,107.81,105.688,103.562,101.426,99.279,97.122,94.964,92.815,90.694,88.622,86.63,84.751,83.027,81.503,80.224,79.235,78.569,78.243,78.248,78.541,79.048,79.67,80.302,80.85,81.236
47280.0,109.901,107.776,105.666,103.551,101.425,99.286,97.137,94.985,92.841,90.724,88.655,86.663,84.785,83.059,81.532,80.25,79.257,78.586,78.255,78.255,78.545,79.049,79.669,80.3,80.848,81.234
47340.0,109.852,107.741,105.643,103.54,101.424,99.293,97.152,95.006,92.867,90.753,88.687,86.697,84.818,83.091,81.562,80.276,79.279,78.603,78.268,78.263,78.549,79.05,79.669,80.299,80.846,81.232
47400.0,109.803,107.706,105.62,103.528,101.421,99.3,97.165,95.026,92.892,90.782,88.718,86.73,84.851,83.123,81.591,80.302,79.3,78.62,78.28,78.271,78.553,79.051,79.668,80.297,80.845,81.23
47460.0,109.753,107.669,105.596,103.515,101.418,99.306,97.179,95.046,92.917,90.811,88.75,86.762,84.884,83.155,81.621,80.328,79.322,78.637,78.292,78.279,78.557,79.052,79.667,80.296,80.843,81.228
47520.0,109.702,107.632,105.571,103.501,101.415,99.311,97.192,95.065,92.942,90.84,88.781,86.795,84.917,83.186,81.65,80.354,79.344,78.655,78.304,78.286,78.56,79.053,79.666,80.294,80.841,81.226
47580.0,109.65,107.594,105.546,103.487,101.411,99.316,97.204,95.084,92.966,90.868,88.812,86.828,84.949,83.218,81.679,80.38,79.366,78.672,78.317,78.294,78.564,79.054,79.666,80.292,80.839,81.225
47640.0,109.597,107.555,105.52,103.472,101.406,99.32,97.216,95.102,92.99,90.896,88.843,86.86,84.982,83.249,81.708,80.406,79.388,78.689,78.329,78.302,78.568,79.055,79.665,80.291,80.837,81.223
47700.0,109.543,107.515,105.493,103.457,101.401,99.323,97.228,95.121,93.013,90.924,88.873,86.892,85.014,83.281,81.737,80.432,79.409,78.706,78.342,78.31,78.572,79.057,79.664,80.289,80.836,81.221
47760.0,109.489,107.475,105.465,103.44,101.395,99.326,97.239,95.138,93.037,90.951,88.904,86.924,85.046,83.312,81.766,80.458,79.431,78.723,78.354,78.318,78.577,79.058,79.664,80.288,80.834,81.219
47820.0,109.433,107.433,105.436,103.423,101.388,99.329,97.249,95.155,93.059,90.978,88.933,86.955,85.078,83.343,81.795,80.483,79.453,78.74,78.366,78.326,78.581,79.059,79.663,80.286,80.832,81.217
47880.0,109.377,107.391,105.407,103.406,101.381,99.331,97.259,95.172,93.082,91.004,88.963,86.986,85.11,83.374,81.824,80.509,79.475,78.758,78.379,78.334,78.585,79.06,79.662,80.285,80.83,81.215
47940.0,109.32,107.348,105.377,103.387,101.373,99.332,97.269,95.188,93.103,91.031,88.992,87.018,85.141,83.404,81.853,80.535,79.496,78.775,78.391,78.342,78.589,79.061,79.662,80.283,80.828,81.213
48000.0,109.262,107.304,105.346,103.368,101.364,99.333,97.278,95.204,93.125,91.057,89.021,87.048,85.173,83.435,81.881,80.56,79.518,78.792,78.404,78.35,78.593,79.063,79.661,80.282,80.827,81.211
48060.0,109.203,107.26,105.315,103.349,101.355,99.333,97.286,95.22,93.146,91.082,89.05,87.079,85.204,83.465,81.91,80.586,79.54,78.809,78.416,78.358,78.597,79.064,79.661,80.28,80.825,81.209
48120.0,109.143,107.214,105.283,103.328,101.346,99.333,97.294,95.235,93.167,91.108,89.079,87.11,85.235,83.496,81.939,80.611,79.561,78.826,78.429,78.366,78.601,79.065,79.66,80.279,80.823,81.208
48180.0,109.082,107.168,105.25,103.307,101.335,99.332,97.301,95.249,93.187,91.133,89.107,87.14,85.266,83.526,81.967,80.637,79.583,78.844,78.442,78.374,78.606,79.066,79.659,80.277,80.821,81.206
48240.0,109.02,107.121,105.216,103.286,101.324,99.331,97.308,95.263,93.207,91.157,89.135,87.17,85.296,83.556,81.995,80.662,79.605,78.861,78.454,78.382,78.61,79.068,79.659,80.276,80.819,81.204
48300.0,108.958,107.073,105.181,103.263,101.313,99.329,97.315,95.277,93.227,91.182,89.163,87.2,85.327,83.586,82.023,80.688,79.626,78.878,78.467,78.39,78.614,79.069,79.658,80.274,80.818,81.202
48360.0,108.894,107.024,105.146,103.24,101.3,99.326,97.321,95.29,93.246,91.206,89.19,87.229,85.357,83.616,82.052,80.713,79.648,78.895,78.479,78.399,78.619,79.071,79.658,80.273,80.816,81.2
48420.0,108.83,106.975,105.11,103.216,101.287,99.323,97.326,95.303,93.265,91.229,89.217,87.259,85.388,83.646,82.08,80.738,79.669,78.913,78.492,78.407,78.623,79.072,79.657,80.271,80.814,81.198
48480.0,108.765,106.924,105.073,103.192,101.274,99.319,97.331,95.315,93.284,91.252,89.244,87.288,85.418,83.675,82.108,80.763,79.691,78.93,78.505,78.415,78.627,79.073,79.657,80.27,80.812,81.196
48540.0,108.698,106.873,105.036,103.166,101.26,99.315,97.335,95.327,93.302,91.275,89.271,87.317,85.447,83.705,82.135,80.789,79.712,78.947,78.517,78.423,78.632,79.075,79.656,80.269,80.811,81.194
48600.0,108.631,106.821,104.997,103.14,101.245,99.31,97.339,95.338,93.319,91.298,89.297,87.345,85.477,83.734,82.163,80.814,79.734,78.964,78.53,78.432,78.636,79.076,79.656,80.267,80.809,81.193
48660.0,108.563,106.768,104.958,103.114,101.23,99.305,97.343,95.349,93.337,91.32,89.323,87.374,85.507,83.763,82.191,80.839,79.755,78.982,78.543,78.44,78.641,79.078,79.656,80.266,80.807,81.191
48720.0,108.494,106.715,104.918,103.086,101.213,99.299,97.345,95.36,93.353,91.342,89.349,87.402,85.536,83.793,82.219,80.864,79.777,78.999,78.556,78.448,78.645,79.079,79.655,80.264,80.805,81.189
48780.0,108.425,106.66,104.878,103.058,101.197,99.292,97.348,95.37,93.37,91.364,89.375,87.43,85.565,83.821,82.246,80.889,79.798,79.016,78.568,78.457,78.65,79.081,79.655,80.263,80.803,81.187
48840.0,108.354,106.605,104.836,103.03,101.179,99.285,97.35,95.379,93.386,91.385,89.4,87.458,85.594,83.85,82.274,80.914,79.82,79.033,78.581,78.465,78.654,79.082,79.654,80.261,80.802,81.185
48900.0,108.282,106.548,104.794,103.0,101.161,99.277,97.351,95.389,93.402,91.406,89.425,87.485,85.623,83.879,82.301,80.938,79.841,79.051,78.594,78.474,78.659,79.084,79.654,80.26,80.8,81.183
48960.0,108.21,106.491,104.751,102.97,101.143,99.269,97.352,95.397,93.417,91.427,89.449,87.512,85.651,83.908,82.328,80.963,79.862,79.068,78.607,78.482,78.664,79.086,79.654,80.259,80.798,81.181
49020.0,108.136,106.433,104.707,102.939,101.123,99.26,97.352,95.405,93.432,91.447,89.474,87.539,85.68,83.936,82.355,80.988,79.884,79.085,78.62,78.491,78.668,79.087,79.653,80.257,80.796,81.179
49080.0,108.062,106.374,104.663,102.907,101.104,99.251,97.352,95.413,93.446,91.467,89.498,87.566,85.708,83.964,82.382,81.013,79.905,79.102,78.633,78.499,78.673,79.089,79.653,80.256,80.795,81.178
49140.0,107.986,106.315,104.617,102.875,101.083,99.241,97.351,95.421,93.46,91.487,89.521,87.593,85.736,83.992,82.409,81.037,79.926,79.12,78.645,78.508,78.678,79.091,79.653,80.255,80.793,81.176
49200.0,107.91,106.254,104.571,102.842,101.062,99.23,97.35,95.427,93.474,91.506,89.545,87.619,85.764,84.02,82.436,81.062,79.948,79.137,78.658,78.516,78.682,79.092,79.652,80.253,80.791,81.174
49260.0,107.833,106.193,104.524,102.808,101.04,99.219,97.348,95.434,93.487,91.525,89.568,87.645,85.791,84.048,82.463,81.086,79.969,79.154,78.671,78.525,78.687,79.094,79.652,80.252,80.789,81.172
49320.0,107.755,106.131,104.477,102.774,101.017,99.207,97.345,95.44,93.5,91.543,89.591,87.671,85.819,84.076,82.49,81.111,79.99,79.171,78.684,78.533,78.692,79.096,79.652,80.251,80.788,81.17
49380.0,107.676,106.068,104.428,102.739,100.994,99.195,97.343,95.445,93.513,91.562,89.614,87.697,85.846,84.104,82.516,81.135,80.011,79.189,78.697,78.542,78.697,79.098,79.651,80.249,80.786,81.168
49440.0,107.596,106.004,104.379,102.703,100.97,99.182,97.339,95.45,93.525,91.58,89.636,87.722,85.873,84.131,82.543,81.16,80.032,79.206,78.71,78.551,78.701,79.099,79.651,80.248,80.784,81.166
49500.0,107.515,105.939,104.329,102.666,100.946,99.168,97.335,95.455,93.536,91.597,89.658,87.747,85.9,84.158,82.569,81.184,80.054,79.223,78.723,78.559,78.706,79.101,79.651,80.247,80.783,81.164
49560.0,107.433,105.873,104.278,102.629,100.921,99.154,97.331,95.459,93.548,91.614,89.68,87.772,85.927,84.185,82.595,81.208,80.075,79.24,78.736,78.568,78.711,79.103,79.651,80.245,80.781,81.163
49620.0,107.35,105.807,104.226,102.591,100.895,99.139,97.326,95.462,93.559,91.631,89.701,87.797,85.954,84.213,82.622,81.232,80.096,79.258,78.749,78.577,78.716,79.105,79.651,80.244,80.779,81.161
49680.0,107.267,105.739,104.174,102.552,100.868,99.124,97.32,95.465,93.569,91.648,89.722,87.822,85.98,84.239,82.648,81.256,80.117,79.275,78.762,78.586,78.721,79.107,79.65,80.243,80.777,81.159
49740.0,107.182,105.671,104.121,102.512,100.841,99.108,97.314,95.468,93.579,91.664,89.743,87.846,86.006,84.266,82.674,81.28,80.138,79.292,78.775,78.594,78.726,79.109,79.65,80.241,80.776,81.157
49800.0,107.096,105.602,104.067,102.472,100.813,99.091,97.308,95.47,93.589,91.679,89.764,87.87,86.032,84.293,82.699,81.304,80.159,79.309,78.788,78.603,78.731,79.111,79.65,80.24,80.774,81.155
49860.0,107.01,105.532,104.012,102.431,100.785,99.074,97.301,95.472,93.598,91.695,89.784,87.893,86.058,84.319,82.725,81.328,80.18,79.327,78.801,78.612,78.736,79.113,79.65,80.239,80.772,81.153
49920.0,106.922,105.461,103.956,102.389,100.756,99.056,97.293,95.473,93.607,91.71,89.804,87.917,86.083,84.345,82.751,81.352,80.201,79.344,78.814,78.621,78.741,79.115,79.65,80.238,80.771,81.151
49980.0,106.833,105.389,103.9,102.347,100.726,99.038,97.285,95.474,93.615,91.725,89.824,87.94,86.109,84.372,82.777,81.376,80.222,79.361,78.827,78.63,78.746,79.117,79.65,80.236,80.769,81.149
50040.0,106.744,105.316,103.842,102.303,100.695,99.019,97.276,95.474,93.623,91.739,89.843,87.963,86.134,84.398,82.802,81.399,80.242,79.378,78.84,78.639,78.751,79.119,79.65,80.235,80.767,81.148
50100.0,106.654,105.243,103.784,102.259,100.664,98.999,97.267,95.474,93.631,91.753,89.862,87.986,86.159,84.424,82.827,81.423,80.263,79.395,78.853,78.647,78.756,79.121,79.65,80.234,80.765,81.146
50160.0,106.562,105.168,103.725,102.215,100.632,98.979,97.257,95.473,93.638,91.767,89.881,88.008,86.184,84.449,82.853,81.447,80.284,79.413,78.866,78.656,78.761,79.123,79.65,80.233,80.764,81.144
50220.0,106.47,105.093,103.666,102.169,100.6,98.958,97.246,95.472,93.644,91.78,89.899,88.031,86.208,84.475,82.878,81.47,80.305,79.43,78.879,78.665,78.766,79.125,79.65,80.232,80.762,81.142
50280.0,106.376,105.017,103.605,102.123,100.567,98.936,97.235,95.47,93.651,91.793,89.917,88.053,86.233,84.5,82.903,81.493,80.325,79.447,78.893,78.674,78.772,79.127,79.649,80.23,80.76,81.14
50340.0,106.282,104.94,103.544,102.076,100.533,98.914,97.224,95.468,93.656,91.805,89.935,88.074,86.257,84.525,82.928,81.517,80.346,79.464,78.906,78.683,78.777,79.129,79.649,80.229,80.759,81.138
50400.0,106.187,104.861,103.481,102.028,100.498,98.892,97.212,95.465,93.662,91.817,89.953,88.096,86.281,84.551,82.953,81.54,80.367,79.481,78.919,78.692,78.782,79.131,79.649,80.228,80.757,81.136
50460.0,106.09,104.782,103.418,101.98,100.463,98.868,97.199,95.462,93.667,91.829,89.97,88.117,86.305,84.576,82.977,81.563,80.387,79.498,78.932,78.701,78.787,79.133,79.65,80.227,80.755,81.135
50520.0,105.993,104.703,103.354,101.93,100.427,98.844,97.186,95.458,93.671,91.841,89.987,88.138,86.329,84.6,83.002,81.587,80.408,79.515,78.945,78.71,78.792,79.135,79.65,80.226,80.754,81.133
50580.0,105.895,104.622,103.29,101.88,100.39,98.82,97.172,95.454,93.676,91.852,90.004,88.159,86.352,84.625,83.027,81.61,80.428,79.532,78.958,78.719,78.798,79.138,79.65,80.224,80.752,81.131
50640.0,105.795,104.54,103.224,101.83,100.353,98.795,97.158,95.45,93.679,91.862,90.02,88.179,86.375,84.65,83.051,81.633,80.449,79.55,78.971,78.728,78.803,79.14,79.65,80.223,80.75,81.129
50700.0,105.695,104.457,103.158,101.778,100.315,98.769,97.143,95.444,93.683,91.873,90.036,88.199,86.398,84.674,83.075,81.656,80.469,79.567,78.985,78.738,78.808,79.142,79.65,80.222,80.749,81.127
50760.0,105.594,104.374,103.09,101.726,100.276,98.742,97.128,95.439,93.685,91.883,90.052,88.219,86.421,84.698,83.099,81.678,80.49,79.584,78.998,78.747,78.814,79.144,79.65,80.221,80.747,81.125
50820.0,105.491,104.289,103.022,101.672,100.237,98.715,97.112,95.433,93.688,91.892,90.067,88.239,86.444,84.722,83.123,81.701,80.51,79.601,79.011,78.756,78.819,79.147,79.65,80.22,80.745,81.124
50880.0,105.388,104.204,102.953,101.619,100.196,98.688,97.095,95.426,93.69,91.901,90.082,88.259,86.466,84.746,83.147,81.724,80.531,79.618,79.024,78.765,78.824,79.149,79.65,80.219,80.744,81.122
50940.0,105.283,104.117,102.884,101.564,100.155,98.659,97.078,95.419,93.691,91.91,90.097,88.278,86.488,84.77,83.171,81.747,80.551,79.635,79.037,78.774,78.83,79.151,79.65,80.218,80.742,81.12
51000.0,105.178,104.03,102.813,101.508,100.114,98.63,97.061,95.411,93.692,91.919,90.111,88.297,86.51,84.793,83.195,81.769,80.571,79.652,79.05,78.783,78.835,79.154,79.65,80.217,80.74,81.118
51060.0,105.071,103.942,102.741,101.452,100.072,98.601,97.043,95.403,93.693,91.927,90.125,88.315,86.532,84.817,83.219,81.792,80.591,79.669,79.064,78.793,78.841,79.156,79.651,80.215,80.739,81.116
51120.0,104.964,103.852,102.669,101.395,100.029,98.57,97.024,95.395,93.693,91.935,90.139,88.334,86.553,84.84,83.242,81.814,80.611,79.686,79.077,78.802,78.846,79.158,79.651,80.214,80.737,81.114
51180.0,104.855,103.762,102.595,101.337,99.985,98.539,97.004,95.386,93.693,91.942,90.152,88.352,86.575,84.863,83.265,81.836,80.632,79.703,79.09,78.811,78.852,79.161,79.651,80.213,80.735,81.113
51240.0,104.746,103.671,102.521,101.278,99.94,98.508,96.984,95.376,93.692,91.949,90.166,88.37,86.596,84.886,83.289,81.859,80.652,79.72,79.103,78.82,78.857,79.163,79.651,80.212,80.734,81.111
51300.0,104.635,103.579,102.446,101.219,99.895,98.476,96.964,95.366,93.691,91.955,90.178,88.387,86.617,84.909,83.312,81.881,80.672,79.737,79.117,78.83,78.863,79.166,79.651,80.211,80.732,81.109
51360.0,104.524,103.486,102.37,101.159,99.849,98.443,96.943,95.355,93.69,91.962,90.191,88.405,86.638,84.931,83.335,81.903,80.692,79.754,79.13,78.839,78.868,79.168,79.652,80.21,80.73,81.107
51420.0,104.411,103.392,102.293,101.098,99.803,98.409,96.921,95.344,93.688,91.967,90.203,88.422,86.658,84.954,83.358,81.925,80.712,79.771,79.143,78.848,78.874,79.171,79.652,80.209,80.729,81.105
51480.0,104.297,103.297,102.216,101.036,99.755,98.375,96.899,95.332,93.685,91.973,90.215,88.439,86.678,84.976,83.381,81.947,80.732,79.787,79.156,78.857,78.88,79.173,79.652,80.208,80.727,81.103
51540.0,104.182,103.201,102.137,100.973,99.707,98.34,96.876,95.32,93.682,91.978,90.226,88.455,86.698,84.998,83.403,81.969,80.751,79.804,79.169,78.867,78.885,79.176,79.653,80.207,80.726,81.102
51600.0,104.066,103.104,102.057,100.91,99.658,98.305,96.852,95.307,93.679,91.982,90.238,88.471,86.718,85.02,83.426,81.991,80.771,79.821,79.183,78.876,78.891,79.178,79.653,80.206,80.724,81.1
51660.0,103.949,103.006,101.977,100.845,99.609,98.269,96.828,95.294,93.675,91.987,90.248,88.487,86.738,85.042,83.448,82.012,80.791,79.838,79.196,78.886,78.897,79.181,79.653,80.205,80.722,81.098
51720.0,103.831,102.907,101.896,100.78,99.558,98.232,96.804,95.28,93.671,91.991,90.259,88.503,86.757,85.063,83.471,82.034,80.811,79.855,79.209,78.895,78.902,79.183,79.654,80.204,80.721,81.096
51780.0,103.712,102.807,101.813,100.714,99.507,98.194,96.778,95.266,93.666,91.994,90.269,88.519,86.777,85.085,83.493,82.055,80.83,79.872,79.222,78.904,78.908,79.186,79.654,80.203,80.719,81.094
51840.0,103.591,102.706,101.73,100.647,99.455,98.156,96.752,95.251,93.661,91.997,90.279,88.534,86.796,85.106,83.515,82.077,80.85,79.888,79.236,78.914,78.914,79.189,79.654,80.202,80.718,81.093
51900.0,103.47,102.604,101.646,100.579,99.403,98.117,96.726,95.236,93.655,92.0,90.289,88.549,86.814,85.127,83.537,82.098,80.87,79.905,79.249,78.923,78.92,79.191,79.655,80.201,80.716,81.091
51960.0,103.347,102.501,101.561,100.511,99.349,98.077,96.699,95.22,93.649,92.002,90.298,88.563,86.833,85.148,83.559,82.12,80.889,79.922,79.262,78.933,78.925,79.194,79.655,80.2,80.714,81.089
52020.0,103.224,102.397,101.475,100.442,99.295,98.037,96.671,95.203,93.643,92.004,90.307,88.578,86.851,85.169,83.58,82.141,80.909,79.939,79.275,78.942,78.931,79.197,79.656,80.199,80.713,81.087
52080.0,103.099,102.292,101.388,100.371,99.24,97.996,96.643,95.186,93.636,92.005,90.315,88.592,86.869,85.189,83.602,82.162,80.928,79.955,79.289,78.952,78.937,79.199,79.656,80.198,80.711,81.085
52140.0,102.973,102.185,101.3,100.3,99.184,97.955,96.614,95.169,93.628,92.006,90.323,88.606,86.887,85.21,83.623,82.183,80.947,79.972,79.302,78.961,78.943,79.202,79.656,80.197,80.71,81.084
52200.0,102.846,102.078,101.211,100.228,99.128,97.912,96.584,95.151,93.62,92.007,90.331,88.619,86.905,85.23,83.645,82.204,80.967,79.989,79.315,78.97,78.949,79.205,79.657,80.196,80.708,81.082
52260.0,102.717,101.97,101.121,100.155,99.071,97.869,96.554,95.132,93.612,92.007,90.339,88.632,86.922,85.25,83.666,82.225,80.986,80.005,79.328,78.98,78.955,79.208,79.657,80.196,80.706,81.08
52320.0,102.588,101.861,101.031,100.082,99.013,97.825,96.523,95.113,93.603,92.007,90.346,88.645,86.939,85.27,83.687,82.246,81.005,80.022,79.341,78.989,78.96,79.21,79.658,80.195,80.705,81.078
52380.0,102.457,101.75,100.939,100.007,98.954,97.781,96.492,95.093,93.593,92.006,90.353,88.658,86.956,85.29,83.708,82.266,81.024,80.038,79.355,78.999,78.966,79.213,79.658,80.194,80.703,81.076
52440.0,102.326,101.639,100.846,99.932,98.894,97.736,96.46,95.073,93.583,92.005,90.359,88.67,86.973,85.309,83.729,82.287,81.043,80.055,79.368,79.009,78.972,79.216,79.659,80.193,80.702,81.075
52500.0,102.193,101.526,100.753,99.855,98.834,97.69,96.427,95.052,93.573,92.004,90.365,88.682,86.99,85.329,83.749,82.307,81.063,80.071,79.381,79.018,78.978,79.219,79.659,80.192,80.7,81.073
52560.0,102.059,101.413,100.658,99.778,98.772,97.643,96.394,95.03,93.562,92.002,90.371,88.694,87.006,85.348,83.77,82.328,81.082,80.088,79.394,79.028,78.984,79.222,79.66,80.191,80.699,81.071
52620.0,101.923,101.298,100.562,99.7,98.71,97.596,96.36,95.008,93.551,92.0,90.376,88.706,87.022,85.367,83.79,82.348,81.1,80.104,79.408,79.037,78.99,79.225,79.661,80.19,80.697,81.069
52680.0,101.787,101.182,100.466,99.621,98.648,97.548,96.325,94.986,93.539,91.997,90.381,88.717,87.038,85.386,83.81,82.368,81.119,80.121,79.421,79.047,78.996,79.227,79.661,80.189,80.696,81.068
52740.0,101.65,101.066,100.368,99.541,98.584,97.499,96.29,94.963,93.526,91.994,90.386,88.728,87.053,85.404,83.831,82.389,81.138,80.137,79.434,79.056,79.002,79.23,79.662,80.189,80.694,81.066
52800.0,101.513,100.949,100.27,99.46,98.519,97.45,96.254,94.939,93.513,91.991,90.39,88.738,87.069,85.423,83.851,82.409,81.157,80.154,79.447,79.066,79.008,79.233,79.662,80.188,80.693,81.064
52860.0,101.378,100.832,100.171,99.379,98.454,97.399,96.218,94.915,93.5,91.987,90.394,88.749,87.084,85.441,83.87,82.429,81.176,80.17,79.46,79.076,79.014,79.236,79.663,80.187,80.691,81.062
52920.0,101.243,100.715,100.072,99.297,98.388,97.348,96.18,94.89,93.486,91.982,90.398,88.759,87.099,85.459,83.89,82.449,81.194,80.186,79.474,79.085,79.02,79.239,79.664,80.186,80.69,81.061
52980.0,101.108,100.599,99.973,99.214,98.322,97.297,96.143,94.865,93.472,91.978,90.401,88.769,87.113,85.477,83.91,82.468,81.213,80.203,79.487,79.095,79.026,79.242,79.664,80.185,80.688,81.059
53040.0,100.974,100.482,99.874,99.131,98.255,97.245,96.104,94.839,93.457,91.972,90.404,88.778,87.128,85.495,83.929,82.488,81.232,80.219,79.5,79.105,79.033,79.245,79.665,80.185,80.687,81.057
53100.0,100.84,100.366,99.774,99.048,98.187,97.192,96.065,94.812,93.442,91.967,90.407,88.787,87.142,85.512,83.948,82.508,81.25,80.235,79.513,79.114,79.039,79.248,79.666,80.184,80.685,81.055
53160.0,100.707,100.25,99.675,98.965,98.119,97.139,96.026,94.785,93.426,91.961,90.409,88.796,87.156,85.529,83.968,82.527,81.269,80.251,79.526,79.124,79.045,79.251,79.666,80.183,80.684,81.054
53220.0,100.574,100.134,99.575,98.881,98.051,97.085,95.985,94.757,93.409,91.954,90.411,88.805,87.169,85.547,83.987,82.546,81.287,80.268,79.539,79.133,79.051,79.254,79.667,80.182,80.682,81.052
53280.0,100.44,100.017,99.475,98.797,97.982,97.03,95.945,94.729,93.393,91.947,90.412,88.813,87.183,85.564,84.006,82.566,81.305,80.284,79.553,79.143,79.057,79.258,79.668,80.182,80.681,81.05
53340.0,100.306,99.901,99.375,98.713,97.913,96.976,95.904,94.701,93.375,91.94,90.413,88.821,87.196,85.58,84.024,82.585,81.323,80.3,79.566,79.153,79.063,79.261,79.669,80.181,80.679,81.048
53400.0,100.171,99.784,99.275,98.629,97.844,96.921,95.862,94.672,93.357,91.932,90.414,88.828,87.209,85.597,84.043,82.604,81.342,80.316,79.579,79.163,79.07,79.264,79.669,80.18,80.678,81.047
53460.0,100.035,99.666,99.174,98.544,97.774,96.865,95.82,94.642,93.339,91.924,90.414,88.836,87.221,85.613,84.061,82.623,81.36,80.332,79.592,79.172,79.076,79.267,79.67,80.179,80.676,81.045
53520.0,99.901,99.548,99.073,98.458,97.703,96.809,95.777,94.612,93.321,91.915,90.414,88.843,87.234,85.63,84.08,82.642,81.378,80.348,79.605,79.182,79.082,79.27,79.671,80.179,80.675,81.043
53580.0,99.766,99.431,98.971,98.373,97.633,96.753,95.734,94.581,93.301,91.906,90.414,88.849,87.246,85.646,84.098,82.661,81.396,80.364,79.618,79.192,79.088,79.273,79.672,80.178,80.673,81.041
53640.0,99.632,99.313,98.87,98.287,97.562,96.696,95.691,94.55,93.282,91.897,90.413,88.856,87.258,85.661,84.116,82.679,81.414,80.38,79.631,79.201,79.094,79.276,79.673,80.177,80.672,81.04
53700.0,99.498,99.196,98.769,98.2,97.49,96.639,95.647,94.519,93.262,91.887,90.412,88.862,87.27,85.677,84.134,82.698,81.432,80.396,79.644,79.211,79.101,79.28,79.673,80.177,80.67,81.038
53760.0,99.364,99.078,98.667,98.114,97.419,96.581,95.603,94.487,93.241,91.877,90.41,88.868,87.281,85.692,84.152,82.717,81.45,80.412,79.658,79.221,79.107,79.283,79.674,80.176,80.669,81.036
53820.0,99.23,98.961,98.565,98.027,97.347,96.523,95.558,94.455,93.22,91.866,90.409,88.873,87.292,85.708,84.169,82.735,81.467,80.428,79.671,79.231,79.113,79.286,79.675,80.175,80.667,81.035
53880.0,99.095,98.843,98.463,97.941,97.274,96.465,95.513,94.422,93.199,91.855,90.406,88.878,87.303,85.723,84.187,82.753,81.485,80.444,79.684,79.24,79.12,79.289,79.676,80.175,80.666,81.033
53940.0,98.961,98.725,98.361,97.853,97.202,96.406,95.467,94.389,93.177,91.843,90.404,88.883,87.314,85.737,84.204,82.771,81.503,80.46,79.697,79.25,79.126,79.293,79.677,80.174,80.664,81.031
54000.0,98.827,98.607,98.258,97.766,97.129,96.347,95.421,94.355,93.155,91.831,90.401,88.888,87.324,85.752,84.221,82.79,81.52,80.475,79.71,79.26,79.132,79.296,79.678,80.173,80.663,81.03
54060.0,98.693,98.489,98.156,97.678,97.055,96.287,95.375,94.322,93.133,91.819,90.398,88.892,87.334,85.766,84.238,82.808,81.538,80.491,79.723,79.27,79.139,79.299,79.679,80.173,80.662,81.028
54120.0,98.558,98.371,98.053,97.591,96.982,96.228,95.328,94.287,93.11,91.807,90.394,88.896,87.344,85.781,84.255,82.825,81.555,80.507,79.736,79.279,79.145,79.302,79.68,80.172,80.66,81.026
54180.0,98.423,98.252,97.95,97.503,96.908,96.168,95.281,94.253,93.086,91.794,90.39,88.9,87.354,85.795,84.272,82.843,81.572,80.522,79.749,79.289,79.152,79.306,79.681,80.171,80.659,81.024
54240.0,98.288,98.133,97.847,97.414,96.834,96.107,95.234,94.217,93.063,91.78,90.386,88.903,87.363,85.808,84.288,82.861,81.59,80.538,79.762,79.299,79.158,79.309,79.682,80.171,80.657,81.023
54300.0,98.154,98.015,97.744,97.326,96.76,96.046,95.186,94.182,93.039,91.766,90.381,88.906,87.373,85.822,84.305,82.878,81.607,80.554,79.775,79.309,79.164,79.313,79.682,80.17,80.656,81.021
54360.0,98.02,97.896,97.64,97.237,96.685,95.985,95.138,94.146,93.014,91.752,90.376,88.909,87.381,85.835,84.321,82.896,81.624,80.569,79.788,79.318,79.171,79.316,79.683,80.17,80.655,81.019
54420.0,97.885,97.777,97.537,97.148,96.61,95.924,95.09,94.11,92.989,91.738,90.371,88.911,87.39,85.849,84.337,82.913,81.641,80.585,79.801,79.328,79.177,79.319,79.684,80.169,80.653,81.018
54480.0,97.749,97.658,97.433,97.059,96.535,95.862,95.041,94.073,92.964,91.723,90.365,88.913,87.398,85.862,84.353,82.93,81.658,80.6,79.814,79.338,79.184,79.323,79.686,80.169,80.652,81.016
54540.0,97.614,97.539,97.329,96.969,96.46,95.801,94.992,94.037,92.939,91.708,90.359,88.915,87.407,85.874,84.369,82.948,81.675,80.616,79.827,79.348,79.19,79.326,79.687,80.168,80.65,81.014
54600.0,97.477,97.419,97.224,96.88,96.384,95.738,94.943,93.999,92.913,91.692,90.353,88.917,87.414,85.887,84.384,82.965,81.692,80.631,79.84,79.358,79.197,79.33,79.688,80.167,80.649,81.013
54660.0,97.342,97.299,97.12,96.79,96.308,95.676,94.893,93.962,92.887,91.677,90.346,88.918,87.422,85.899,84.4,82.981,81.709,80.646,79.852,79.367,79.203,79.333,79.689,80.167,80.648,81.011
54720.0,97.207,97.18,97.015,96.699,96.232,95.613,94.843,93.924,92.86,91.66,90.339,88.919,87.429,85.912,84.415,82.998,81.725,80.662,79.865,79.377,79.21,79.337,79.69,80.166,80.646,81.009
54780.0,97.074,97.061,96.911,96.609,96.155,95.55,94.793,93.886,92.833,91.644,90.332,88.919,87.437,85.924,84.43,83.015,81.742,80.677,79.878,79.387,79.216,79.34,79.691,80.166,80.645,81.008
54840.0,96.94,96.942,96.806,96.519,96.079,95.486,94.742,93.847,92.806,91.627,90.324,88.92,87.444,85.935,84.445,83.031,81.759,80.692,79.891,79.397,79.223,79.344,79.692,80.165,80.644,81.006
54900.0,96.806,96.823,96.702,96.428,96.002,95.423,94.691,93.808,92.778,91.61,90.316,88.92,87.45,85.947,84.46,83.048,81.775,80.707,79.904,79.407,79.229,79.347,79.693,80.165,80.642,81.005
54960.0,96.672,96.704,96.597,96.338,95.925,95.359,94.64,93.769,92.75,91.592,90.308,88.92,87.457,85.958,84.475,83.064,81.791,80.723,79.917,79.416,79.236,79.351,79.694,80.164,80.641,81.003
55020.0,96.538,96.585,96.492,96.247,95.848,95.295,94.588,93.729,92.722,91.574,90.3,88.919,87.463,85.969,84.489,83.08,81.808,80.738,79.929,79.426,79.242,79.354,79.695,80.164,80.639,81.001
55080.0,96.403,96.465,96.388,96.156,95.77,95.23,94.536,93.69,92.694,91.556,90.291,88.918,87.469,85.98,84.504,83.096,81.824,80.753,79.942,79.436,79.249,79.358,79.697,80.163,80.638,81.0
55140.0,96.269,96.346,96.283,96.065,95.693,95.166,94.484,93.65,92.665,91.538,90.282,88.917,87.474,85.991,84.518,83.112,81.84,80.768,79.955,79.446,79.256,79.361,79.698,80.163,80.637,80.998
55200.0,96.136,96.227,96.178,95.974,95.615,95.101,94.432,93.609,92.636,91.519,90.272,88.916,87.48,86.002,84.532,83.128,81.856,80.783,79.968,79.456,79.262,79.365,79.699,80.163,80.636,80.996
55260.0,96.002,96.108,96.073,95.883,95.537,95.036,94.379,93.568,92.606,91.5,90.263,88.915,87.485,86.012,84.546,83.144,81.872,80.798,79.98,79.465,79.269,79.369,79.7,80.162,80.634,80.995
55320.0,95.868,95.989,95.968,95.791,95.459,94.971,94.327,93.527,92.576,91.48,90.253,88.913,87.49,86.022,84.559,83.16,81.888,80.813,79.993,79.475,79.276,79.372,79.701,80.162,80.633,80.993
55380.0,95.734,95.869,95.863,95.7,95.38,94.905,94.273,93.486,92.546,91.461,90.242,88.911,87.494,86.032,84.573,83.175,81.904,80.827,80.006,79.485,79.282,79.376,79.703,80.161,80.632,80.992
55440.0,95.599,95.75,95.757,95.608,95.302,94.839,94.22,93.445,92.516,91.441,90.232,88.908,87.499,86.042,84.586,83.191,81.92,80.842,80.019,79.495,79.289,79.38,79.704,80.161,80.63,80.99
55500.0,95.464,95.63,95.652,95.516,95.223,94.774,94.167,93.403,92.485,91.42,90.221,88.905,87.503,86.051,84.6,83.206,81.936,80.857,80.031,79.505,79.295,79.383,79.705,80.16,80.629,80.988
55560.0,95.328,95.509,95.546,95.424,95.144,94.707,94.113,93.361,92.454,91.4,90.209,88.902,87.507,86.061,84.613,83.221,81.951,80.872,80.044,79.514,79.302,79.387,79.706,80.16,80.628,80.987
55620.0,95.192,95.389,95.439,95.332,95.065,94.641,94.059,93.318,92.423,91.379,90.198,88.899,87.511,86.07,84.625,83.236,81.967,80.886,80.056,79.524,79.309,79.391,79.708,80.16,80.626,80.985
55680.0,95.057,95.268,95.333,95.239,94.986,94.574,94.004,93.276,92.391,91.358,90.186,88.896,87.514,86.079,84.638,83.251,81.982,80.901,80.069,79.534,79.316,79.394,79.709,80.159,80.625,80.984
55740.0,94.922,95.148,95.227,95.146,94.906,94.508,93.95,93.233,92.36,91.336,90.174,88.892,87.517,86.087,84.651,83.266,81.998,80.915,80.082,79.544,79.322,79.398,79.71,80.159,80.624,80.982
55800.0,94.787,95.027,95.12,95.053,94.827,94.441,93.895,93.19,92.328,91.314,90.162,88.888,87.52,86.096,84.663,83.28,82.013,80.93,80.094,79.554,79.329,79.402,79.712,80.159,80.623,80.98
55860.0,94.651,94.906,95.014,94.96,94.747,94.373,93.84,93.146,92.295,91.292,90.149,88.884,87.523,86.104,84.676,83.295,82.028,80.944,80.107,79.563,79.336,79.406,79.713,80.158,80.621,80.979
55920.0,94.515,94.785,94.907,94.867,94.666,94.306,93.784,93.102,92.263,91.27,90.136,88.879,87.526,86.112,84.688,83.309,82.044,80.959,80.119,79.573,79.342,79.409,79.714,80.158,80.62,80.977
55980.0,94.379,94.664,94.8,94.774,94.586,94.238,93.729,93.059,92.23,91.248,90.123,88.874,87.528,86.12,84.7,83.324,82.059,80.973,80.132,79.583,79.349,79.413,79.716,80.158,80.619,80.976
56040.0,94.242,94.542,94.692,94.68,94.506,94.17,93.673,93.014,92.196,91.225,90.11,88.869,87.53,86.128,84.711,83.338,82.074,80.988,80.144,79.593,79.356,79.417,79.717,80.157,80.618,80.974
56100.0,94.105,94.42,94.585,94.586,94.425,94.102,93.617,92.97,92.163,91.202,90.096,88.864,87.532,86.136,84.723,83.352,82.088,81.002,80.157,79.603,79.363,79.421,79.718,80.157,80.616,80.973
56160.0,93.97,94.299,94.477,94.492,94.344,94.033,93.56,92.925,92.129,91.178,90.082,88.859,87.533,86.143,84.734,83.366,82.103,81.016,80.169,79.612,79.369,79.425,79.72,80.157,80.615,80.971
56220.0,93.837,94.179,94.37,94.398,94.262,93.965,93.504,92.88,92.095,91.155,90.068,88.853,87.535,86.15,84.746,83.38,82.118,81.03,80.181,79.622,79.376,79.429,79.721,80.156,80.614,80.97
56280.0,93.703,94.058,94.263,94.303,94.181,93.896,93.447,92.835,92.061,91.131,90.054,88.847,87.536,86.157,84.757,83.393,82.133,81.044,80.194,79.632,79.383,79.432,79.723,80.156,80.613,80.968
56340.0,93.569,93.938,94.156,94.209,94.1,93.827,93.39,92.789,92.027,91.107,90.039,88.84,87.537,86.164,84.768,83.407,82.147,81.058,80.206,79.642,79.39,79.436,79.724,80.156,80.611,80.967
56400.0,93.435,93.818,94.049,94.115,94.018,93.757,93.333,92.744,91.992,91.082,90.024,88.834,87.537,86.17,84.779,83.42,82.162,81.072,80.218,79.651,79.396,79.44,79.725,80.156,80.61,80.965
56460.0,93.301,93.698,93.942,94.021,93.936,93.688,93.275,92.698,91.957,91.057,90.009,88.827,87.538,86.176,84.789,83.434,82.176,81.086,80.231,79.661,79.403,79.444,79.727,80.155,80.609,80.964
56520.0,93.167,93.577,93.835,93.927,93.855,93.618,93.218,92.652,91.922,91.032,89.993,88.82,87.538,86.183,84.8,83.447,82.19,81.1,80.243,79.671,79.41,79.448,79.728,80.155,80.608,80.962
56580.0,93.033,93.457,93.727,93.832,93.773,93.549,93.16,92.605,91.886,91.007,89.977,88.813,87.538,86.189,84.81,83.46,82.205,81.114,80.255,79.681,79.417,79.452,79.73,80.155,80.607,80.96
56640.0,92.898,93.336,93.62,93.738,93.691,93.479,93.102,92.559,91.85,90.982,89.961,88.805,87.538,86.194,84.82,83.473,82.219,81.128,80.267,79.69,79.424,79.456,79.731,80.155,80.605,80.959
56700.0,92.762,93.215,93.512,93.643,93.609,93.409,93.043,92.512,91.815,90.956,89.945,88.798,87.538,86.2,84.83,83.486,82.233,81.142,80.28,79.7,79.431,79.46,79.733,80.155,80.604,80.957
56760.0,92.627,93.094,93.405,93.548,93.526,93.339,92.985,92.465,91.778,90.93,89.929,88.79,87.537,86.205,84.84,83.499,82.247,81.155,80.292,79.71,79.437,79.464,79.735,80.154,80.603,80.956
56820.0,92.49,92.972,93.297,93.453,93.444,93.268,92.926,92.417,91.742,90.904,89.912,88.781,87.536,86.21,84.85,83.511,82.261,81.169,80.304,79.72,79.444,79.468,79.736,80.154,80.602,80.954
56880.0,92.354,92.85,93.188,93.358,93.361,93.198,92.868,92.37,91.705,90.877,89.895,88.773,87.535,86.215,84.859,83.524,82.274,81.182,80.316,79.729,79.451,79.472,79.738,80.154,80.601,80.953
56940.0,92.217,92.727,93.079,93.263,93.278,93.127,92.808,92.322,91.668,90.851,89.878,88.764,87.534,86.22,84.869,83.536,82.288,81.196,80.328,79.739,79.458,79.476,79.739,80.154,80.6,80.952
57000.0,92.079,92.604,92.971,93.167,93.195,93.056,92.749,92.274,91.631,90.824,89.86,88.755,87.532,86.225,84.878,83.548,82.302,81.209,80.34,79.749,79.465,79.48,79.741,80.154,80.599,80.95
57060.0,91.941,92.481,92.861,93.071,93.112,92.985,92.69,92.226,91.594,90.797,89.843,88.746,87.531,86.229,84.887,83.56,82.315,81.223,80.352,79.758,79.472,79.484,79.742,80.154,80.597,80.949
57120.0,91.802,92.357,92.751,92.974,93.028,92.913,92.63,92.178,91.556,90.769,89.825,88.737,87.529,86.233,84.896,83.572,82.329,81.236,80.364,79.768,79.479,79.488,79.744,80.153,80.596,80.947
57180.0,91.663,92.233,92.641,92.878,92.944,92.842,92.57,92.129,91.518,90.742,89.807,88.727,87.527,86.237,84.905,83.584,82.342,81.25,80.376,79.778,79.485,79.492,79.746,80.153,80.595,80.946
57240.0,91.524,92.109,92.531,92.781,92.86,92.77,92.51,92.08,91.48,90.714,89.788,88.717,87.524,86.241,84.913,83.596,82.355,81.263,80.388,79.787,79.492,79.496,79.747,80.153,80.594,80.944
57300.0,91.386,91.985,92.421,92.684,92.776,92.698,92.45,92.031,91.442,90.686,89.77,88.707,87.522,86.245,84.922,83.607,82.368,81.276,80.4,79.797,79.499,79.5,79.749,80.153,80.593,80.943
57360.0,91.248,91.861,92.31,92.586,92.691,92.625,92.389,91.982,91.404,90.657,89.751,88.697,87.519,86.248,84.93,83.619,82.381,81.289,80.412,79.807,79.506,79.504,79.751,80.153,80.592,80.941
57420.0,91.111,91.737,92.2,92.489,92.606,92.553,92.328,91.932,91.365,90.629,89.732,88.687,87.516,86.252,84.938,83.63,82.394,81.302,80.424,79.816,79.513,79.508,79.752,80.153,80.591,80.94
57480.0,90.975,91.614,92.089,92.391,92.521,92.48,92.267,91.883,91.326,90.6,89.712,88.676,87.513,86.255,84.946,83.641,82.407,81.315,80.435,79.826,79.52,79.512,79.754,80.153,80.59,80.938
57540.0,90.838,91.491,91.979,92.294,92.436,92.407,92.206,91.833,91.287,90.571,89.693,88.665,87.509,86.258,84.954,83.652,82.42,81.328,80.447,79.836,79.527,79.516,79.756,80.153,80.589,80.937
57600.0,90.701,91.367,91.869,92.196,92.35,92.334,92.145,91.782,91.247,90.542,89.673,88.654,87.506,86.261,84.961,83.663,82.433,81.341,80.459,79.845,79.534,79.521,79.757,80.153,80.587,80.936
57660.0,90.564,91.244,91.758,92.098,92.265,92.26,92.083,91.732,91.208,90.512,89.653,88.643,87.502,86.263,84.969,83.674,82.445,81.354,80.471,79.855,79.541,79.525,79.759,80.153,80.586,80.934
57720.0,90.428,91.12,91.648,92.0,92.179,92.187,92.021,91.681,91.168,90.483,89.633,88.631,87.498,86.265,84.976,83.685,82.458,81.367,80.482,79.864,79.547,79.529,79.761,80.153,80.585,80.933
57780.0,90.292,90.998,91.538,91.902,92.094,92.113,91.959,91.631,91.128,90.453,89.613,88.619,87.494,86.268,84.983,83.696,82.47,81.379,80.494,79.874,79.554,79.533,79.762,80.153,80.584,80.931
57840.0,90.157,90.875,91.427,91.804,92.008,92.039,91.897,91.579,91.087,90.423,89.592,88.607,87.49,86.27,84.99,83.706,82.483,81.392,80.506,79.884,79.561,79.537,79.764,80.153,80.583,80.93
57900.0,90.021,90.752,91.317,91.707,91.922,91.965,91.834,91.528,91.047,90.392,89.571,88.595,87.485,86.272,84.997,83.716,82.495,81.405,80.517,79.893,79.568,79.541,79.766,80.153,80.582,80.929
57960.0,89.885,90.629,91.207,91.609,91.836,91.891,91.771,91.477,91.006,90.362,89.55,88.583,87.48,86.273,85.004,83.727,82.507,81.417,80.529,79.903,79.575,79.545,79.768,80.153,80.581,80.927
58020.0,89.749,90.506,91.097,91.511,91.75,91.816,91.709,91.425,90.965,90.331,89.529,88.57,87.475,86.275,85.01,83.737,82.519,81.43,80.54,79.912,79.582,79.55,79.77,80.153,80.58,80.926
58080.0,89.613,90.383,90.986,91.412,91.664,91.742,91.646,91.373,90.924,90.3,89.507,88.557,87.47,86.276,85.017,83.747,82.531,81.442,80.552,79.922,79.589,79.554,79.771,80.153,80.579,80.924
58140.0,89.476,90.26,90.876,91.314,91.578,91.667,91.582,91.321,90.883,90.269,89.485,88.544,87.465,86.277,85.023,83.757,82.543,81.454,80.563,79.931,79.596,79.558,79.773,80.153,80.578,80.923
58200.0,89.339,90.137,90.765,91.216,91.491,91.593,91.519,91.269,90.841,90.237,89.463,88.531,87.459,86.278,85.029,83.766,82.555,81.467,80.575,79.941,79.603,79.562,79.775,80.153,80.577,80.922
58260.0,89.202,90.013,90.654,91.117,91.405,91.518,91.456,91.216,90.799,90.206,89.441,88.517,87.453,86.279,85.035,83.776,82.566,81.479,80.586,79.95,79.61,79.567,79.777,80.153,80.576,80.92
58320.0,89.064,89.889,90.543,91.019,91.318,91.443,91.392,91.164,90.757,90.174,89.419,88.504,87.447,86.279,85.041,83.785,82.578,81.491,80.597,79.96,79.617,79.571,79.779,80.153,80.575,80.919
58380.0,88.926,89.764,90.432,90.92,91.231,91.368,91.328,91.111,90.715,90.142,89.396,88.49,87.441,86.28,85.046,83.795,82.589,81.503,80.609,79.969,79.624,79.575,79.781,80.153,80.574,80.918
58440.0,88.787,89.639,90.32,90.821,91.144,91.292,91.264,91.058,90.673,90.109,89.374,88.476,87.435,86.28,85.052,83.804,82.601,81.515,80.62,79.979,79.631,79.579,79.782,80.153,80.573,80.916
58500.0,88.648,89.514,90.208,90.721,91.057,91.217,91.2,91.005,90.63,90.077,89.351,88.461,87.428,86.28,85.057,83.813,82.612,81.527,80.631,79.988,79.638,79.584,79.784,80.153,80.572,80.915
58560.0,88.508,89.389,90.096,90.622,90.969,91.141,91.135,90.951,90.587,90.044,89.327,88.447,87.422,86.28,85.062,83.822,82.623,81.539,80.642,79.997,79.645,79.588,79.786,80.153,80.571,80.914
58620.0,88.368,89.263,89.983,90.522,90.882,91.065,91.071,90.898,90.544,90.011,89.304,88.432,87.415,86.28,85.067,83.831,82.634,81.551,80.654,80.007,79.651,79.592,79.788,80.153,80.57,80.912
58680.0,88.228,89.136,89.87,90.421,90.794,90.989,91.006,90.844,90.501,89.978,89.28,88.417,87.408,86.279,85.072,83.84,82.646,81.563,80.665,80.016,79.658,79.597,79.79,80.153,80.569,80.911
58740.0,88.089,89.01,89.757,90.321,90.706,90.912,90.941,90.79,90.458,89.945,89.256,88.402,87.4,86.279,85.077,83.848,82.656,81.574,80.676,80.026,79.665,79.601,79.792,80.153,80.568,80.91
58800.0,87.949,88.884,89.644,90.221,90.617,90.836,90.876,90.736,90.414,89.911,89.232,88.387,87.393,86.278,85.082,83.857,82.667,81.586,80.687,80.035,79.672,79.605,79.794,80.154,80.567,80.908
58860.0,87.81,88.758,89.531,90.12,90.529,90.759,90.81,90.681,90.37,89.878,89.208,88.371,87.385,86.277,85.086,83.865,82.678,81.598,80.698,80.044,79.679,79.609,79.796,80.154,80.566,80.907
58920.0,87.671,88.633,89.418,90.019,90.44,90.682,90.745,90.627,90.326,89.844,89.184,88.356,87.377,86.276,85.09,83.873,82.689,81.609,80.709,80.054,79.686,79.614,79.798,80.154,80.565,80.906
58980.0,87.533,88.507,89.305,89.918,90.351,90.605,90.679,90.572,90.282,89.81,89.159,88.34,87.369,86.274,85.094,83.881,82.699,81.621,80.72,80.063,79.693,79.618,79.8,80.154,80.564,80.905
59040.0,87.396,88.382,89.192,89.817,90.262,90.527,90.613,90.517,90.237,89.775,89.134,88.324,87.361,86.273,85.098,83.889,82.71,81.632,80.731,80.072,79.7,79.622,79.802,80.154,80.564,80.903
59100.0,87.258,88.257,89.079,89.716,90.173,90.45,90.547,90.462,90.193,89.741,89.109,88.308,87.353,86.271,85.102,83.897,82.72,81.643,80.742,80.081,79.707,79.627,79.804,80.154,80.563,80.902
59160.0,87.12,88.131,88.966,89.615,90.084,90.372,90.48,90.406,90.148,89.706,89.084,88.291,87.344,86.269,85.106,83.905,82.73,81.655,80.752,80.091,79.714,79.631,79.806,80.155,80.562,80.901
59220.0,86.982,88.006,88.853,89.514,89.994,90.294,90.414,90.351,90.103,89.671,89.059,88.274,87.335,86.267,85.109,83.913,82.741,81.666,80.763,80.1,79.721,79.636,79.808,80.155,80.561,80.899
59280.0,86.844,87.881,88.74,89.413,89.905,90.216,90.347,90.295,90.058,89.636,89.033,88.258,87.326,86.265,85.113,83.92,82.751,81.677,80.774,80.109,79.728,79.64,79.81,80.155,80.56,80.898
59340.0,86.708,87.756,88.627,89.312,89.815,90.138,90.28,90.239,90.012,89.601,89.007,88.24,87.317,86.263,85.116,83.928,82.761,81.688,80.785,80.118,79.735,79.644,79.812,80.155,80.559,80.897
59400.0,86.571,87.632,88.514,89.211,89.726,90.06,90.213,90.183,89.967,89.565,88.981,88.223,87.308,86.26,85.119,83.935,82.771,81.699,80.795,80.128,79.742,79.649,79.814,80.155,80.558,80.896
59460.0,86.436,87.508,88.401,89.11,89.636,89.982,90.146,90.126,89.921,89.529,88.955,88.206,87.298,86.258,85.122,83.942,82.78,81.71,80.806,80.137,79.749,79.653,79.816,80.156,80.557,80.894
59520.0,86.302,87.385,88.289,89.009,89.546,89.903,90.079,90.07,89.875,89.494,88.929,88.188,87.289,86.255,85.125,83.949,82.79,81.721,80.817,80.146,79.756,79.658,79.818,80.156,80.556,80.893
59580.0,86.168,87.262,88.177,88.908,89.457,89.825,90.011,90.013,89.829,89.457,88.902,88.17,87.279,86.252,85.128,83.956,82.8,81.732,80.827,80.155,79.763,79.662,79.82,80.156,80.556,80.892
59640.0,86.034,87.139,88.066,88.807,89.367,89.746,89.944,89.956,89.783,89.421,88.875,88.152,87.269,86.249,85.13,83.963,82.809,81.742,80.838,80.164,79.769,79.666,79.822,80.156,80.555,80.891
59700.0,85.9,87.016,87.954,88.707,89.278,89.668,89.876,89.9,89.736,89.385,88.848,88.134,87.258,86.246,85.133,83.969,82.819,81.753,80.848,80.173,79.776,79.671,79.824,80.157,80.554,80.89
59760.0,85.766,86.894,87.843,88.606,89.188,89.589,89.808,89.842,89.689,89.348,88.821,88.116,87.248,86.242,85.135,83.976,82.828,81.764,80.859,80.182,79.783,79.675,79.826,80.157,80.553,80.888
59820.0,85.632,86.771,87.731,88.506,89.098,89.51,89.74,89.785,89.642,89.311,88.794,88.097,87.237,86.238,85.137,83.982,82.837,81.774,80.869,80.191,79.79,79.68,79.828,80.157,80.552,80.887
59880.0,85.497,86.648,87.62,88.405,89.009,89.432,89.672,89.728,89.595,89.274,88.766,88.079,87.227,86.235,85.139,83.989,82.846,81.785,80.879,80.2,79.797,79.684,79.831,80.158,80.551,80.886
59940.0,85.363,86.526,87.508,88.305,88.919,89.353,89.604,89.67,89.548,89.237,88.738,88.06,87.216,86.231,85.141,83.995,82.856,81.795,80.89,80.209,79.804,79.689,79.833,80.158,80.551,80.885
60000.0,85.228,86.403,87.397,88.205,88.83,89.274,89.536,89.612,89.501,89.199,88.71,88.041,87.205,86.226,85.142,84.001,82.864,81.805,80.9,80.218,79.811,79.693,79.835,80.158,80.55,80.884
60060.0,85.092,86.279,87.285,88.104,88.74,89.195,89.468,89.555,89.453,89.162,88.682,88.021,87.193,86.222,85.144,84.007,82.873,81.816,80.91,80.227,79.818,79.698,79.837,80.159,80.549,80.882
60120.0,84.957,86.156,87.173,88.003,88.65,89.116,89.399,89.497,89.406,89.124,88.654,88.002,87.182,86.218,85.145,84.013,82.882,81.826,80.92,80.236,79.825,79.702,79.839,80.159,80.548,80.881
60180.0,84.821,86.032,87.061,87.903,88.56,89.037,89.331,89.439,89.358,89.086,88.625,87.982,87.17,86.213,85.146,84.018,82.891,81.836,80.931,80.245,79.832,79.707,79.841,80.159,80.547,80.88
60240.0,84.685,85.908,86.949,87.802,88.471,88.958,89.262,89.38,89.31,89.048,88.597,87.962,87.158,86.208,85.147,84.024,82.899,81.846,80.941,80.254,79.839,79.711,79.843,80.16,80.547,80.879
60300.0,84.548,85.784,86.837,87.701,88.381,88.878,89.193,89.322,89.262,89.01,88.568,87.942,87.146,86.203,85.148,84.029,82.908,81.856,80.951,80.263,79.845,79.716,79.846,80.16,80.546,80.878
60360.0,84.411,85.66,86.724,87.599,88.29,88.799,89.125,89.264,89.213,88.971,88.539,87.922,87.134,86.198,85.149,84.035,82.916,81.866,80.961,80.272,79.852,79.72,79.848,80.16,80.545,80.877
60420.0,84.274,85.535,86.611,87.498,88.2,88.72,89.056,89.205,89.165,88.933,88.51,87.902,87.122,86.193,85.15,84.04,82.925,81.876,80.971,80.281,79.859,79.725,79.85,80.161,80.544,80.875
60480.0,84.136,85.41,86.498,87.396,88.11,88.64,88.986,89.146,89.116,88.894,88.48,87.881,87.11,86.188,85.15,84.045,82.933,81.886,80.981,80.29,79.866,79.729,79.852,80.161,80.544,80.874
60540.0,83.998,85.285,86.385,87.295,88.019,88.56,88.917,89.088,89.068,88.855,88.451,87.861,87.097,86.182,85.151,84.05,82.941,81.895,80.991,80.299,79.873,79.734,79.855,80.162,80.543,80.873
60600.0,83.86,85.159,86.271,87.193,87.928,88.48,88.848,89.029,89.019,88.816,88.421,87.84,87.084,86.176,85.151,84.055,82.949,81.905,81.0,80.307,79.88,79.738,79.857,80.162,80.542,80.872
60660.0,83.721,85.033,86.157,87.091,87.837,88.4,88.778,88.969,88.97,88.777,88.391,87.819,87.071,86.171,85.151,84.06,82.957,81.915,81.01,80.316,79.887,79.743,79.859,80.162,80.541,80.871
60720.0,83.585,84.908,86.044,86.988,87.746,88.32,88.709,88.91,88.92,88.737,88.361,87.797,87.058,86.165,85.151,84.064,82.965,81.924,81.02,80.325,79.894,79.747,79.861,80.163,80.541,80.87
60780.0,83.45,84.784,85.93,86.886,87.655,88.239,88.639,88.851,88.871,88.698,88.331,87.776,87.045,86.158,85.151,84.069,82.972,81.934,81.03,80.334,79.9,79.752,79.864,80.163,80.54,80.869
60840.0,83.316,84.66,85.817,86.784,87.563,88.159,88.569,88.791,88.822,88.658,88.301,87.755,87.031,86.152,85.151,84.073,82.98,81.943,81.039,80.342,79.907,79.756,79.866,80.164,80.539,80.868
60900.0,83.181,84.536,85.704,86.681,87.472,88.078,88.499,88.731,88.772,88.618,88.27,87.733,87.018,86.146,85.15,84.077,82.988,81.952,81.049,80.351,79.914,79.761,79.868,80.164,80.539,80.867
60960.0,83.047,84.413,85.592,86.579,87.381,87.997,88.429,88.672,88.722,88.578,88.24,87.711,87.004,86.139,85.15,84.082,82.995,81.962,81.059,80.36,79.921,79.765,79.87,80.165,80.538,80.866
61020.0,82.912,84.289,85.479,86.477,87.289,87.917,88.358,88.611,88.672,88.538,88.209,87.689,86.99,86.132,85.149,84.086,83.002,81.971,81.068,80.368,79.928,79.77,79.873,80.165,80.537,80.865
61080.0,82.777,84.166,85.366,86.375,87.198,87.836,88.288,88.551,88.622,88.498,88.178,87.667,86.976,86.125,85.148,84.09,83.01,81.98,81.078,80.377,79.935,79.774,79.875,80.166,80.537,80.863
61140.0,82.643,84.042,85.254,86.273,87.106,87.755,88.217,88.491,88.572,88.457,88.147,87.644,86.961,86.118,85.147,84.093,83.017,81.989,81.087,80.386,79.941,79.779,79.877,80.166,80.536,80.862
61200.0,82.507,83.918,85.141,86.171,87.015,87.674,88.147,88.431,88.522,88.417,88.115,87.622,86.947,86.111,85.146,84.097,83.024,81.998,81.097,80.394,79.948,79.784,79.88,80.167,80.535,80.861
61260.0,82.372,83.795,85.028,86.069,86.923,87.593,88.076,88.37,88.471,88.376,88.084,87.599,86.932,86.104,85.144,84.101,83.031,82.007,81.106,80.403,79.955,79.788,79.882,80.167,80.535,80.86
61320.0,82.238,83.671,84.915,85.967,86.832,87.511,88.005,88.309,88.42,88.335,88.052,87.576,86.918,86.096,85.143,84.104,83.038,82.016,81.115,80.411,79.962,79.793,79.884,80.168,80.534,80.859
61380.0,82.105,83.548,84.803,85.865,86.74,87.43,87.934,88.249,88.369,88.294,88.02,87.553,86.903,86.088,85.142,84.107,83.045,82.024,81.125,80.42,79.969,79.797,79.887,80.168,80.533,80.858
61440.0,81.971,83.425,84.69,85.763,86.648,87.349,87.863,88.188,88.319,88.252,87.988,87.53,86.888,86.08,85.14,84.111,83.051,82.033,81.134,80.428,79.975,79.802,79.889,80.169,80.533,80.857
61500.0,81.838,83.303,84.578,85.661,86.557,87.267,87.792,88.127,88.267,88.211,87.956,87.507,86.872,86.072,85.138,84.114,83.058,82.042,81.143,80.437,79.982,79.806,79.891,80.169,80.532,80.856
61560.0,81.704,83.18,84.466,85.559,86.465,87.186,87.721,88.065,88.216,88.169,87.924,87.483,86.857,86.064,85.136,84.117,83.064,82.05,81.152,80.445,79.989,79.811,79.894,80.17,80.531,80.855
61620.0,81.571,83.057,84.354,85.457,86.373,87.105,87.649,88.004,88.165,88.128,87.892,87.46,86.841,86.056,85.134,84.12,83.071,82.059,81.161,80.454,79.996,79.816,79.896,80.17,80.531,80.854
61680.0,81.437,82.934,84.241,85.355,86.282,87.023,87.578,87.943,88.113,88.086,87.859,87.436,86.826,86.048,85.132,84.122,83.077,82.067,81.17,80.462,80.002,79.82,79.899,80.171,80.53,80.853
61740.0,81.303,82.811,84.129,85.253,86.19,86.941,87.506,87.881,88.062,88.044,87.826,87.412,86.81,86.039,85.129,84.125,83.083,82.076,81.179,80.47,80.009,79.825,79.901,80.172,80.53,80.852
61800.0,81.168,82.688,84.017,85.151,86.098,86.86,87.435,87.82,88.01,88.002,87.793,87.388,86.794,86.03,85.127,84.127,83.09,82.084,81.188,80.479,80.016,79.829,79.903,80.172,80.529,80.851
61860.0,81.034,82.565,83.904,85.049,86.007,86.778,87.363,87.758,87.958,87.959,87.76,87.363,86.778,86.021,85.124,84.13,83.096,82.092,81.197,80.487,80.023,79.834,79.906,80.173,80.528,80.85
61920.0,80.899,82.441,83.791,84.947,85.915,86.696,87.291,87.696,87.906,87.917,87.727,87.339,86.761,86.012,85.122,84.132,83.102,82.1,81.206,80.495,80.029,79.839,79.908,80.173,80.528,80.849
61980.0,80.765,82.318,83.679,84.845,85.823,86.615,87.22,87.634,87.854,87.874,87.694,87.314,86.745,86.003,85.119,84.134,83.107,82.108,81.215,80.503,80.036,79.843,79.911,80.174,80.527,80.848
62040.0,80.632,82.195,83.566,84.743,85.731,86.533,87.148,87.572,87.802,87.832,87.66,87.29,86.728,85.994,85.116,84.136,83.113,82.116,81.223,80.512,80.043,79.848,79.913,80.175,80.527,80.847
62100.0,80.499,82.072,83.454,84.64,85.639,86.451,87.076,87.51,87.749,87.789,87.626,87.265,86.712,85.985,85.113,84.138,83.119,82.124,81.232,80.52,80.049,79.852,79.916,80.175,80.526,80.846
62160.0,80.365,81.95,83.341,84.538,85.546,86.369,87.004,87.448,87.697,87.746,87.593,87.24,86.695,85.975,85.109,84.14,83.124,82.132,81.241,80.528,80.056,79.857,79.918,80.176,80.526,80.846
62220.0,80.232,81.827,83.229,84.436,85.454,86.286,86.931,87.385,87.644,87.703,87.559,87.214,86.678,85.965,85.106,84.142,83.13,82.14,81.249,80.536,80.063,79.862,79.92,80.177,80.525,80.845
62280.0,80.099,81.705,83.117,84.334,85.362,86.204,86.859,87.323,87.591,87.659,87.525,87.189,86.66,85.955,85.102,84.144,83.135,82.147,81.258,80.544,80.07,79.866,79.923,80.177,80.525,80.844
62340.0,79.965,81.582,83.004,84.232,85.27,86.122,86.787,87.26,87.538,87.616,87.49,87.164,86.643,85.945,85.099,84.145,83.141,82.155,81.267,80.552,80.076,79.871,79.925,80.178,80.524,80.843
62400.0,79.832,81.459,82.892,84.129,85.178,86.04,86.714,87.198,87.485,87.572,87.456,87.138,86.626,85.935,85.095,84.146,83.146,82.163,81.275,80.561,80.083,79.876,79.928,80.179,80.524,80.842
62460.0,79.698,81.336,82.779,84.027,85.085,85.957,86.642,87.135,87.432,87.529,87.422,87.112,86.608,85.925,85.091,84.148,83.151,82.17,81.283,80.569,80.089,79.88,79.93,80.179,80.523,80.841
62520.0,79.564,81.213,82.667,83.924,84.993,85.875,86.569,87.072,87.379,87.485,87.387,87.086,86.59,85.914,85.087,84.149,83.156,82.178,81.292,80.577,80.096,79.885,79.933,80.18,80.523,80.84
62580.0,79.432,81.09,82.554,83.822,84.9,85.792,86.496,87.009,87.326,87.441,87.352,87.06,86.572,85.904,85.083,84.15,83.161,82.185,81.3,80.585,80.103,79.889,79.935,80.181,80.522,80.839
62640.0,79.3,80.968,82.442,83.719,84.808,85.71,86.424,86.946,87.272,87.397,87.317,87.034,86.554,85.893,85.079,84.151,83.166,82.192,81.308,80.593,80.109,79.894,79.938,80.181,80.522,80.838
62700.0,79.167,80.846,82.329,83.617,84.715,85.627,86.351,86.883,87.219,87.353,87.282,87.008,86.536,85.882,85.074,84.152,83.171,82.199,81.317,80.6,80.116,79.899,79.94,80.182,80.521,80.837
62760.0,79.036,80.724,82.217,83.515,84.623,85.544,86.278,86.82,87.165,87.308,87.247,86.981,86.517,85.871,85.07,84.152,83.175,82.207,81.325,80.608,80.122,79.903,79.943,80.183,80.521,80.837
62820.0,78.906,80.603,82.105,83.412,84.53,85.461,86.205,86.756,87.111,87.264,87.212,86.954,86.499,85.86,85.065,84.153,83.18,82.214,81.333,80.616,80.129,79.908,79.945,80.184,80.52,80.836
62880.0,78.776,80.482,81.994,83.31,84.438,85.379,86.132,86.693,87.057,87.219,87.176,86.928,86.48,85.849,85.06,84.154,83.184,82.221,81.341,80.624,80.136,79.912,79.948,80.184,80.52,80.835
62940.0,78.646,80.362,81.883,83.208,84.345,85.296,86.058,86.629,87.003,87.175,87.141,86.901,86.462,85.838,85.055,84.154,83.189,82.228,81.349,80.632,80.142,79.917,79.951,80.185,80.519,80.834
63000.0,78.517,80.241,81.772,83.107,84.253,85.213,85.985,86.566,86.949,87.13,87.105,86.874,86.443,85.826,85.05,84.154,83.193,82.235,81.357,80.64,80.149,79.922,79.953,80.186,80.519,80.833
63060.0,78.387,80.121,81.661,83.005,84.16,85.13,85.912,86.502,86.895,87.085,87.069,86.847,86.424,85.815,85.045,84.154,83.197,82.241,81.365,80.647,80.155,79.926,79.956,80.187,80.518,80.832
63120.0,78.257,80.001,81.55,82.903,84.068,85.047,85.838,86.438,86.84,87.04,87.033,86.819,86.404,85.803,85.04,84.154,83.201,82.248,81.373,80.655,80.162,79.931,79.958,80.187,80.518,80.832
63180.0,78.127,79.881,81.439,82.802,83.976,84.964,85.765,86.374,86.786,86.995,86.997,86.792,86.385,85.791,85.034,84.154,83.205,82.255,81.381,80.663,80.168,79.936,79.961,80.188,80.518,80.831
63240.0,77.997,79.761,81.328,82.7,83.884,84.881,85.691,86.31,86.731,86.949,86.96,86.764,86.366,85.779,85.029,84.154,83.209,82.261,81.389,80.671,80.175,79.94,79.963,80.189,80.517,80.83
63300.0,77.867,79.64,81.217,82.599,83.792,84.798,85.618,86.246,86.676,86.904,86.924,86.736,86.346,85.767,85.023,84.154,83.213,82.268,81.396,80.678,80.181,79.945,79.966,80.19,80.517,80.829
63360.0,77.737,79.52,81.106,82.497,83.699,84.716,85.544,86.182,86.622,86.858,86.888,86.708,86.326,85.754,85.017,84.154,83.217,82.274,81.404,80.686,80.188,79.95,79.969,80.191,80.516,80.828
63420.0,77.606,79.399,80.996,82.396,83.607,84.633,85.471,86.117,86.567,86.813,86.851,86.68,86.306,85.742,85.011,84.153,83.22,82.281,81.412,80.693,80.194,79.954,79.971,80.191,80.516,80.828
63480.0,77.475,79.279,80.884,82.294,83.515,84.55,85.397,86.053,86.512,86.767,86.814,86.652,86.286,85.729,85.005,84.152,83.224,82.287,81.419,80.701,80.2,79.959,79.974,80.192,80.516,80.827
63540.0,77.344,79.158,80.773,82.193,83.423,84.467,85.323,85.989,86.457,86.721,86.777,86.624,86.266,85.717,84.999,84.152,83.227,82.293,81.427,80.709,80.207,79.963,79.976,80.193,80.515,80.826
63600.0,77.213,79.037,80.662,82.091,83.33,84.384,85.25,85.924,86.401,86.675,86.74,86.596,86.246,85.704,84.993,84.151,83.231,82.299,81.434,80.716,80.213,79.968,79.979,80.194,80.515,80.825
63660.0,77.082,78.915,80.551,81.989,83.238,84.301,85.176,85.86,86.346,86.629,86.703,86.567,86.225,85.691,84.986,84.15,83.234,82.305,81.442,80.724,80.22,79.973,79.982,80.195,80.515,80.825
63720.0,76.95,78.794,80.439,81.887,83.146,84.217,85.102,85.795,86.291,86.583,86.666,86.538,86.205,85.678,84.98,84.149,83.237,82.311,81.449,80.731,80.226,79.977,79.984,80.196,80.514,80.824
63780.0,76.818,78.672,80.328,81.785,83.053,84.134,85.028,85.731,86.235,86.536,86.628,86.51,86.184,85.664,84.973,84.148,83.24,82.317,81.457,80.738,80.232,79.982,79.987,80.196,80.514,80.823
63840.0,76.686,78.551,80.216,81.683,82.96,84.051,84.954,85.666,86.18,86.49,86.591,86.481,86.163,85.651,84.966,84.147,83.243,82.323,81.464,80.746,80.239,79.986,79.99,80.197,80.514,80.822
63900.0,76.556,78.43,80.104,81.581,82.868,83.968,84.88,85.601,86.124,86.443,86.553,86.452,86.142,85.638,84.96,84.145,83.246,82.329,81.471,80.753,80.245,79.991,79.992,80.198,80.513,80.822
63960.0,76.425,78.309,79.993,81.479,82.775,83.884,84.806,85.536,86.068,86.397,86.515,86.422,86.121,85.624,84.953,84.144,83.249,82.335,81.478,80.76,80.251,79.996,79.995,80.199,80.513,80.821
64020.0,76.295,78.188,79.881,81.377,82.682,83.801,84.732,85.471,86.013,86.35,86.477,86.393,86.1,85.61,84.945,84.142,83.252,82.34,81.485,80.768,80.258,80.0,79.997,80.2,80.513,80.82
64080.0,76.165,78.067,79.77,81.275,82.589,83.717,84.657,85.406,85.957,86.303,86.439,86.364,86.079,85.596,84.938,84.141,83.254,82.346,81.493,80.775,80.264,80.005,80.0,80.201,80.512,80.819
64140.0,76.034,77.946,79.658,81.172,82.496,83.634,84.583,85.341,85.901,86.256,86.401,86.334,86.057,85.582,84.931,84.139,83.257,82.351,81.5,80.782,80.27,80.01,80.003,80.202,80.512,80.819
64200.0,75.903,77.825,79.547,81.07,82.403,83.55,84.509,85.275,85.844,86.209,86.363,86.304,86.036,85.568,84.923,84.137,83.259,82.357,81.507,80.789,80.277,80.014,80.005,80.203,80.512,80.818
64260.0,75.773,77.704,79.435,80.968,82.31,83.466,84.434,85.21,85.788,86.162,86.325,86.275,86.014,85.554,84.916,84.135,83.262,82.362,81.514,80.797,80.283,80.019,80.008,80.204,80.512,80.817
64320.0,75.644,77.584,79.324,80.866,82.218,83.382,84.359,85.145,85.732,86.114,86.286,86.245,85.992,85.54,84.908,84.133,83.264,82.368,81.52,80.804,80.289,80.023,80.011,80.205,80.511,80.817
64380.0,75.516,77.465,79.213,80.764,82.125,83.299,84.285,85.079,85.675,86.067,86.248,86.215,85.97,85.525,84.9,84.131,83.266,82.373,81.527,80.811,80.295,80.028,80.013,80.205,80.511,80.816
64440.0,75.39,77.346,79.102,80.662,82.032,83.215,84.21,85.014,85.619,86.019,86.209,86.184,85.948,85.511,84.892,84.128,83.268,82.378,81.534,80.818,80.302,80.033,80.016,80.206,80.511,80.815
64500.0,75.263,77.227,78.992,80.56,81.939,83.131,84.135,84.948,85.562,85.972,86.17,86.154,85.926,85.496,84.884,84.126,83.27,82.383,81.541,80.825,80.308,80.037,80.019,80.207,80.51,80.815
64560.0,75.138,77.11,78.882,80.459,81.846,83.047,84.06,84.882,85.506,85.924,86.131,86.124,85.904,85.481,84.876,84.123,83.272,82.388,81.548,80.832,80.314,80.042,80.022,80.208,80.51,80.814
64620.0,75.012,76.992,78.773,80.358,81.753,82.963,83.986,84.816,85.449,85.876,86.092,86.093,85.881,85.466,84.868,84.121,83.274,82.393,81.554,80.839,80.32,80.046,80.024,80.209,80.51,80.814
64680.0,74.887,76.874,78.664,80.256,81.661,82.879,83.911,84.75,85.392,85.828,86.053,86.062,85.859,85.451,84.859,84.118,83.276,82.398,81.561,80.846,80.326,80.051,80.027,80.21,80.51,80.813
64740.0,74.761,76.757,78.554,80.156,81.568,82.795,83.836,84.684,85.335,85.78,86.014,86.032,85.836,85.436,84.851,84.115,83.278,82.403,81.567,80.853,80.333,80.056,80.03,80.211,80.51,80.812
64800.0,74.635,76.64,78.445,80.055,81.476,82.712,83.761,84.618,85.278,85.732,85.974,86.001,85.813,85.42,84.842,84.112,83.279,82.408,81.574,80.86,80.339,80.06,80.032,80.212,80.509,80.812
64860.0,74.51,76.523,78.336,79.954,81.383,82.628,83.686,84.552,85.221,85.684,85.935,85.97,85.79,85.405,84.834,84.109,83.281,82.412,81.58,80.866,80.345,80.065,80.035,80.213,80.509,80.811
64920.0,74.386,76.406,78.228,79.853,81.291,82.544,83.611,84.486,85.163,85.635,85.895,85.939,85.767,85.389,84.825,84.106,83.282,82.417,81.587,80.873,80.351,80.069,80.038,80.214,80.509,80.81
64980.0,74.263,76.29,78.119,79.753,81.199,82.461,83.536,84.42,85.106,85.587,85.855,85.907,85.744,85.374,84.816,84.103,83.283,82.421,81.593,80.88,80.357,80.074,80.041,80.215,80.509,80.81
65040.0,74.14,76.175,78.011,79.653,81.107,82.377,83.461,84.354,85.049,85.538,85.815,85.876,85.721,85.358,84.807,84.1,83.285,82.426,81.599,80.887,80.363,80.078,80.043,80.216,80.509,80.809
65100.0,74.017,76.059,77.904,79.553,81.015,82.293,83.386,84.287,84.991,85.49,85.775,85.844,85.697,85.342,84.797,84.096,83.286,82.43,81.605,80.894,80.369,80.083,80.046,80.217,80.508,80.809
65160.0,73.894,75.944,77.796,79.453,80.923,82.21,83.311,84.221,84.934,85.441,85.735,85.813,85.674,85.326,84.788,84.093,83.287,82.434,81.612,80.9,80.375,80.088,80.049,80.218,80.508,80.808
65220.0,73.771,75.829,77.689,79.354,80.832,82.126,83.236,84.155,84.876,85.392,85.695,85.781,85.65,85.31,84.779,84.089,83.288,82.439,81.618,80.907,80.381,80.092,80.052,80.219,80.508,80.808
65280.0,73.648,75.714,77.581,79.254,80.74,82.043,83.161,84.088,84.819,85.343,85.655,85.749,85.626,85.293,84.769,84.085,83.289,82.443,81.624,80.914,80.387,80.097,80.054,80.22,80.508,80.807
65340.0,73.525,75.599,77.474,79.155,80.649,81.96,83.086,84.022,84.761,85.294,85.615,85.717,85.602,85.277,84.759,84.081,83.289,82.447,81.63,80.92,80.393,80.101,80.057,80.222,80.508,80.807
65400.0,73.402,75.484,77.367,79.055,80.557,81.876,83.011,83.956,84.703,85.245,85.574,85.685,85.578,85.26,84.75,84.077,83.29,82.451,81.636,80.927,80.399,80.106,80.06,80.223,80.508,80.806
65460.0,73.278,75.369,77.26,78.956,80.466,81.793,82.936,83.889,84.645,85.196,85.534,85.653,85.554,85.244,84.74,84.073,83.291,82.455,81.642,80.933,80.405,80.11,80.063,80.224,80.508,80.805
65520.0,73.155,75.253,77.153,78.857,80.375,81.71,82.861,83.823,84.587,85.147,85.493,85.621,85.53,85.227,84.73,84.069,83.291,82.459,81.648,80.94,80.411,80.115,80.065,80.225,80.507,80.805
65580.0,73.031,75.138,77.045,78.758,80.284,81.627,82.786,83.756,84.529,85.097,85.452,85.588,85.506,85.21,84.72,84.065,83.292,82.463,81.653,80.946,80.417,80.119,80.068,80.226,80.507,80.804
65640.0,72.908,75.023,76.938,78.659,80.192,81.544,82.711,83.69,84.471,85.048,85.411,85.556,85.481,85.193,84.71,84.061,83.292,82.466,81.659,80.953,80.423,80.124,80.071,80.227,80.507,80.804
65700.0,72.784,74.908,76.831,78.559,80.101,81.461,82.636,83.623,84.413,84.998,85.37,85.523,85.456,85.176,84.699,84.056,83.292,82.47,81.665,80.959,80.429,80.128,80.074,80.228,80.507,80.803
65760.0,72.663,74.793,76.724,78.46,80.01,81.378,82.561,83.556,84.355,84.949,85.329,85.491,85.432,85.159,84.689,84.052,83.293,82.474,81.671,80.965,80.434,80.133,80.076,80.229,80.507,80.803
65820.0,72.541,74.679,76.617,78.361,79.919,81.295,82.487,83.49,84.297,84.899,85.288,85.458,85.407,85.142,84.678,84.047,83.293,82.477,81.676,80.972,80.44,80.138,80.079,80.23,80.507,80.802
65880.0,72.42,74.565,76.511,78.262,79.828,81.212,82.412,83.423,84.239,84.849,85.247,85.425,85.382,85.124,84.668,84.042,83.293,82.481,81.682,80.978,80.446,80.142,80.082,80.231,80.507,80.802
65940.0,72.298,74.451,76.404,78.163,79.737,81.128,82.337,83.357,84.181,84.8,85.205,85.392,85.357,85.107,84.657,84.037,83.293,82.484,81.687,80.984,80.452,80.147,80.085,80.232,80.507,80.802
66000.0,72.177,74.337,76.298,78.065,79.646,81.045,82.262,83.29,84.122,84.75,85.164,85.359,85.332,85.089,84.646,84.032,83.292,82.488,81.693,80.99,80.458,80.151,80.088,80.234,80.507,80.801
66060.0,72.055,74.223,76.192,77.966,79.555,80.962,82.187,83.223,84.064,84.7,85.123,85.325,85.307,85.071,84.635,84.027,83.292,82.491,81.698,80.997,80.464,80.156,80.09,80.235,80.507,80.801
66120.0,71.934,74.11,76.086,77.868,79.464,80.88,82.112,83.156,84.005,84.65,85.081,85.292,85.281,85.053,84.624,84.022,83.292,82.494,81.704,81.003,80.469,80.16,80.093,80.236,80.507,80.8
66180.0,71.812,73.996,75.98,77.769,79.374,80.797,82.037,83.09,83.947,84.6,85.039,85.259,85.256,85.035,84.613,84.017,83.291,82.497,81.709,81.009,80.475,80.165,80.096,80.237,80.507,80.8
66240.0,71.69,73.882,75.873,77.671,79.283,80.714,81.962,83.023,83.888,84.55,84.997,85.225,85.23,85.017,84.602,84.012,83.291,82.5,81.714,81.015,80.481,80.169,80.099,80.238,80.507,80.799
66300.0,71.568,73.768,75.767,77.572,79.192,80.631,81.887,82.956,83.83,84.499,84.956,85.191,85.204,84.999,84.59,84.006,83.29,82.503,81.719,81.021,80.486,80.173,80.102,80.239,80.507,80.799
66360.0,71.447,73.654,75.661,77.474,79.101,80.548,81.812,82.889,83.771,84.449,84.914,85.158,85.179,84.981,84.579,84.001,83.29,82.506,81.724,81.027,80.492,80.178,80.104,80.241,80.507,80.799
66420.0,71.326,73.541,75.555,77.375,79.011,80.465,81.737,82.822,83.713,84.399,84.872,85.124,85.153,84.962,84.567,83.995,83.289,82.509,81.73,81.033,80.498,80.182,80.107,80.242,80.507,80.798
66480.0,71.206,73.428,75.449,77.277,78.92,80.382,81.662,82.756,83.654,84.348,84.829,85.09,85.127,84.944,84.556,83.989,83.288,82.512,81.735,81.039,80.503,80.187,80.11,80.243,80.507,80.798
66540.0,71.087,73.315,75.344,77.179,78.829,80.299,81.587,82.689,83.595,84.298,84.787,85.056,85.101,84.925,84.544,83.983,83.287,82.514,81.74,81.045,80.509,80.191,80.113,80.244,80.507,80.797
66600.0,70.967,73.203,75.238,77.081,78.739,80.216,81.512,82.622,83.536,84.247,84.745,85.022,85.074,84.907,84.532,83.978,83.286,82.517,81.744,81.051,80.515,80.196,80.116,80.245,80.507,80.797
66660.0,70.847,73.09,75.133,76.983,78.648,80.134,81.437,82.555,83.478,84.197,84.703,84.988,85.048,84.888,84.52,83.971,83.285,82.52,81.749,81.057,80.52,80.2,80.118,80.246,80.507,80.797
66720.0,70.727,72.978,75.028,76.885,78.558,80.051,81.362,82.488,83.419,84.146,84.66,84.953,85.022,84.869,84.508,83.965,83.284,82.522,81.754,81.062,80.526,80.205,80.121,80.248,80.507,80.796
66780.0,70.607,72.865,74.923,76.787,78.468,79.968,81.287,82.421,83.36,84.095,84.618,84.919,84.995,84.85,84.496,83.959,83.283,82.525,81.759,81.068,80.531,80.209,80.124,80.249,80.507,80.796
66840.0,70.487,72.753,74.818,76.69,78.377,79.885,81.213,82.354,83.301,84.045,84.575,84.884,84.969,84.831,84.483,83.953,83.281,82.527,81.764,81.074,80.537,80.214,80.127,80.25,80.507,80.796
66900.0,70.367,72.64,74.713,76.592,78.287,79.803,81.138,82.287,83.242,83.994,84.532,84.85,84.942,84.811,84.471,83.946,83.28,82.529,81.768,81.08,80.542,80.218,80.13,80.251,80.507,80.795
66960.0,70.247,72.528,74.608,76.494,78.197,79.72,81.063,82.22,83.183,83.943,84.49,84.815,84.915,84.792,84.458,83.94,83.278,82.531,81.773,81.085,80.548,80.222,80.133,80.253,80.507,80.795
67020.0,70.129,72.416,74.503,76.397,78.107,79.637,80.988,82.152,83.124,83.892,84.447,84.78,84.888,84.773,84.446,83.933,83.277,82.534,81.778,81.091,80.553,80.227,80.135,80.254,80.507,80.795
67080.0,70.013,72.305,74.398,76.299,78.017,79.555,80.913,82.085,83.065,83.841,84.404,84.746,84.861,84.753,84.433,83.927,83.275,82.536,81.782,81.096,80.559,80.231,80.138,80.255,80.507,80.794
67140.0,69.897,72.195,74.295,76.202,77.926,79.472,80.838,82.018,83.005,83.79,84.361,84.711,84.834,84.733,84.42,83.92,83.273,82.538,81.787,81.102,80.564,80.236,80.141,80.256,80.507,80.794
67200.0,69.782,72.086,74.191,76.105,77.837,79.39,80.763,81.951,82.946,83.739,84.318,84.676,84.807,84.714,84.407,83.913,83.271,82.54,81.791,81.108,80.57,80.24,80.144,80.258,80.507,80.794
67260.0,69.668,71.977,74.088,76.008,77.747,79.307,80.688,81.884,82.887,83.687,84.275,84.64,84.78,84.694,84.394,83.906,83.269,82.541,81.795,81.113,80.575,80.244,80.147,80.259,80.507,80.793
67320.0,69.553,71.868,73.985,75.912,77.657,79.225,80.613,81.817,82.828,83.636,84.232,84.605,84.752,84.674,84.381,83.899,83.267,82.543,81.8,81.118,80.581,80.249,80.15,80.26,80.507,80.793
67380.0,69.439,71.76,73.883,75.816,77.568,79.142,80.538,81.749,82.768,83.585,84.188,84.57,84.725,84.654,84.368,83.892,83.265,82.545,81.804,81.124,80.586,80.253,80.152,80.261,80.507,80.793
67440.0,69.324,71.651,73.781,75.72,77.479,79.06,80.463,81.682,82.709,83.533,84.145,84.535,84.697,84.634,84.355,83.885,83.263,82.547,81.808,81.129,80.591,80.257,80.155,80.263,80.508,80.792
67500.0,69.21,71.543,73.679,75.624,77.39,78.978,80.388,81.615,82.65,83.482,84.101,84.499,84.669,84.613,84.341,83.877,83.261,82.548,81.812,81.135,80.597,80.262,80.158,80.264,80.508,80.792
67560.0,69.096,71.435,73.577,75.529,77.301,78.896,80.314,81.548,82.59,83.43,84.058,84.464,84.642,84.593,84.328,83.87,83.258,82.55,81.816,81.14,80.602,80.266,80.161,80.265,80.508,80.792
67620.0,68.984,71.328,73.475,75.434,77.212,78.814,80.239,81.481,82.531,83.379,84.014,84.428,84.614,84.572,84.314,83.862,83.256,82.551,81.82,81.145,80.607,80.27,80.164,80.267,80.508,80.792
67680.0,68.872,71.221,73.374,75.338,77.123,78.732,80.164,81.413,82.471,83.327,83.971,84.392,84.586,84.552,84.301,83.855,83.254,82.553,81.824,81.15,80.612,80.275,80.167,80.268,80.508,80.791
67740.0,68.76,71.115,73.273,75.244,77.035,78.651,80.09,81.346,82.412,83.276,83.927,84.356,84.558,84.531,84.287,83.847,83.251,82.554,81.828,81.156,80.618,80.279,80.169,80.269,80.508,80.791
67800.0,68.649,71.009,73.173,75.149,76.946,78.569,80.015,81.279,82.352,83.224,83.883,84.321,84.53,84.511,84.273,83.839,83.248,82.555,81.832,81.161,80.623,80.283,80.172,80.27,80.508,80.791
67860.0,68.538,70.903,73.073,75.055,76.858,78.488,79.941,81.212,82.293,83.172,83.839,84.285,84.501,84.49,84.259,83.832,83.246,82.557,81.836,81.166,80.628,80.288,80.175,80.272,80.509,80.791
67920.0,68.427,70.798,72.973,74.961,76.77,78.406,79.866,81.145,82.233,83.12,83.795,84.249,84.473,84.469,84.245,83.824,83.243,82.558,81.84,81.171,80.633,80.292,80.178,80.273,80.509,80.791
67980.0,68.315,70.692,72.873,74.867,76.683,78.325,79.792,81.078,82.174,83.069,83.752,84.212,84.445,84.448,84.231,83.815,83.24,82.559,81.843,81.176,80.638,80.296,80.181,80.274,80.509,80.79
68040.0,68.204,70.587,72.773,74.773,76.595,78.244,79.718,81.011,82.114,83.017,83.707,84.176,84.416,84.427,84.216,83.807,83.237,82.56,81.847,81.181,80.644,80.3,80.184,80.276,80.509,80.79
68100.0,68.093,70.481,72.674,74.679,76.507,78.163,79.643,80.944,82.054,82.965,83.663,84.14,84.388,84.405,84.202,83.799,83.234,82.561,81.851,81.186,80.649,80.305,80.187,80.277,80.509,80.79
68160.0,67.982,70.376,72.574,74.586,76.42,78.082,79.569,80.877,81.995,82.913,83.619,84.104,84.359,84.384,84.188,83.791,83.231,82.561,81.854,81.191,80.654,80.309,80.189,80.278,80.51,80.79
68220.0,67.871,70.271,72.475,74.492,76.333,78.001,79.495,80.81,81.935,82.861,83.575,84.067,84.33,84.363,84.173,83.782,83.227,82.562,81.858,81.196,80.659,80.313,80.192,80.28,80.51,80.79
68280.0,67.759,70.165,72.375,74.399,76.246,77.92,79.421,80.743,81.875,82.809,83.531,84.031,84.301,84.341,84.158,83.774,83.224,82.563,81.861,81.201,80.664,80.318,80.195,80.281,80.51,80.79
68340.0,67.648,70.06,72.276,74.305,76.158,77.84,79.347,80.676,81.816,82.757,83.486,83.994,84.272,84.32,84.144,83.765,83.221,82.564,81.865,81.206,80.669,80.322,80.198,80.283,80.51,80.789
68400.0,67.537,69.955,72.177,74.212,76.071,77.759,79.273,80.609,81.756,82.705,83.442,83.957,84.243,84.298,84.129,83.757,83.217,82.564,81.868,81.21,80.674,80.326,80.201,80.284,80.51,80.789
68460.0,67.426,69.85,72.077,74.119,75.984,77.678,79.199,80.542,81.697,82.653,83.398,83.921,84.214,84.276,84.114,83.748,83.214,82.565,81.871,81.215,80.679,80.33,80.204,80.285,80.511,80.789
68520.0,67.316,69.745,71.978,74.026,75.898,77.598,79.126,80.475,81.637,82.6,83.353,83.884,84.185,84.254,84.099,83.739,83.21,82.565,81.875,81.22,80.684,80.334,80.207,80.287,80.511,80.789
68580.0,67.207,69.641,71.88,73.933,75.811,77.517,79.052,80.408,81.577,82.548,83.308,83.847,84.156,84.232,84.084,83.73,83.206,82.566,81.878,81.225,80.689,80.339,80.209,80.288,80.511,80.789
68640.0,67.098,69.537,71.781,73.84,75.724,77.437,78.978,80.341,81.518,82.496,83.264,83.81,84.126,84.21,84.069,83.721,83.202,82.566,81.881,81.229,80.694,80.343,80.212,80.289,80.511,80.789
68700.0,66.989,69.433,71.683,73.748,75.638,77.357,78.904,80.274,81.458,82.444,83.219,83.773,84.097,84.188,84.053,83.712,83.199,82.566,81.884,81.234,80.699,80.347,80.215,80.291,80.512,80.789
68760.0,66.88,69.33,71.585,73.655,75.551,77.277,78.831,80.208,81.398,82.391,83.175,83.736,84.067,84.166,84.038,83.703,83.195,82.566,81.887,81.238,80.703,80.351,80.218,80.292,80.512,80.789
68820.0,66.771,69.226,71.487,73.563,75.465,77.196,78.757,80.141,81.339,82.339,83.13,83.699,84.038,84.144,84.023,83.693,83.191,82.566,81.89,81.243,80.708,80.355,80.221,80.294,80.512,80.788
68880.0,66.663,69.124,71.389,73.471,75.379,77.116,78.684,80.074,81.279,82.287,83.085,83.662,84.008,84.121,84.007,83.684,83.187,82.567,81.893,81.248,80.713,80.359,80.224,80.295,80.513,80.788
68940.0,66.556,69.021,71.292,73.379,75.292,77.037,78.61,80.007,81.219,82.235,83.04,83.624,83.978,84.099,83.991,83.675,83.182,82.567,81.896,81.252,80.718,80.364,80.227,80.296,80.513,80.788
69000.0,66.45,68.919,71.195,73.287,75.207,76.957,78.537,79.941,81.16,82.182,82.995,83.587,83.949,84.076,83.976,83.665,83.178,82.566,81.899,81.256,80.723,80.368,80.229,80.298,80.513,80.788
69060.0,66.344,68.818,71.098,73.196,75.121,76.877,78.463,79.874,81.1,82.13,82.95,83.55,83.919,84.054,83.96,83.655,83.174,82.566,81.902,81.261,80.727,80.372,80.232,80.299,80.513,80.788
69120.0,66.24,68.717,71.002,73.105,75.035,76.797,78.39,79.807,81.04,82.077,82.905,83.512,83.889,84.031,83.944,83.646,83.169,82.566,81.904,81.265,80.732,80.376,80.235,80.301,80.514,80.788
69180.0,66.136,68.617,70.906,73.014,74.95,76.718,78.317,79.741,80.981,82.025,82.86,83.475,83.859,84.008,83.928,83.636,83.165,82.566,81.907,81.27,80.737,80.38,80.238,80.302,80.514,80.788
69240.0,66.033,68.518,70.811,72.923,74.864,76.638,78.244,79.674,80.921,81.972,82.815,83.437,83.828,83.985,83.912,83.626,83.16,82.565,81.91,81.274,80.742,80.384,80.241,80.304,80.514,80.788
69300.0,65.93,68.419,70.716,72.833,74.779,76.559,78.17,79.608,80.861,81.92,82.77,83.399,83.798,83.962,83.896,83.616,83.156,82.565,81.912,81.278,80.746,80.388,80.244,80.305,80.515,80.788
69360.0,65.827,68.32,70.622,72.743,74.695,76.48,78.097,79.541,80.802,81.867,82.725,83.362,83.768,83.939,83.88,83.606,83.151,82.565,81.915,81.282,80.751,80.392,80.246,80.306,80.515,80.788
69420.0,65.726,68.222,70.527,72.654,74.61,76.401,78.024,79.475,80.742,81.815,82.68,83.324,83.738,83.916,83.863,83.596,83.146,82.564,81.917,81.286,80.756,80.396,80.249,80.308,80.515,80.788
69480.0,65.625,68.124,70.434,72.564,74.526,76.322,77.952,79.408,80.683,81.762,82.634,83.286,83.707,83.893,83.847,83.586,83.141,82.563,81.92,81.291,80.76,80.4,80.252,80.309,80.516,80.788
69540.0,65.525,68.028,70.341,72.475,74.442,76.243,77.879,79.342,80.623,81.71,82.589,83.248,83.677,83.87,83.83,83.575,83.136,82.563,81.922,81.295,80.765,80.404,80.255,80.311,80.516,80.788
69600.0,65.426,67.931,70.248,72.387,74.358,76.165,77.806,79.276,80.563,81.657,82.544,83.21,83.646,83.846,83.814,83.565,83.131,82.562,81.924,81.299,80.769,80.409,80.258,80.312,80.517,80.788
69660.0,65.326,67.835,70.155,72.298,74.274,76.087,77.734,79.209,80.504,81.605,82.498,83.172,83.615,83.823,83.797,83.555,83.126,82.561,81.927,81.303,80.774,80.413,80.261,80.314,80.517,80.788
69720.0,65.227,67.739,70.063,72.211,74.191,76.009,77.661,79.143,80.444,81.552,82.453,83.134,83.585,83.799,83.78,83.544,83.121,82.56,81.929,81.307,80.778,80.417,80.264,80.315,80.517,80.788
69780.0,65.128,67.644,69.971,72.123,74.108,75.931,77.589,79.077,80.385,81.499,82.408,83.096,83.554,83.776,83.764,83.533,83.116,82.559,81.931,81.311,80.783,80.421,80.266,80.317,80.518,80.788
69840.0,65.029,67.548,69.88,72.035,74.025,75.853,77.517,79.011,80.325,81.447,82.362,83.058,83.523,83.752,83.747,83.523,83.11,82.558,81.933,81.315,80.787,80.425,80.269,80.318,80.518,80.788
69900.0,64.93,67.453,69.788,71.948,73.942,75.775,77.445,78.945,80.266,81.394,82.317,83.02,83.492,83.728,83.73,83.512,83.105,82.557,81.935,81.318,80.792,80.429,80.272,80.32,80.519,80.788
69960.0,64.831,67.358,69.697,71.861,73.86,75.698,77.373,78.879,80.206,81.341,82.271,82.981,83.461,83.704,83.713,83.501,83.1,82.556,81.937,81.322,80.796,80.432,80.275,80.321,80.519,80.788
70020.0,64.733,67.263,69.606,71.774,73.778,75.621,77.301,78.813,80.147,81.289,82.225,82.943,83.43,83.68,83.696,83.49,83.094,82.555,81.939,81.326,80.801,80.436,80.278,80.323,80.519,80.788
70080.0,64.634,67.168,69.515,71.688,73.696,75.543,77.23,78.748,80.087,81.236,82.18,82.905,83.399,83.656,83.678,83.479,83.088,82.554,81.941,81.33,80.805,80.44,80.281,80.324,80.52,80.788
70140.0,64.535,67.074,69.425,71.601,73.614,75.466,77.158,78.682,80.028,81.183,82.134,82.866,83.368,83.632,83.661,83.468,83.083,82.552,81.943,81.334,80.809,80.444,80.283,80.326,80.52,80.788
70200.0,64.437,66.979,69.334,71.515,73.532,75.39,77.087,78.616,79.969,81.131,82.089,82.828,83.337,83.608,83.644,83.457,83.077,82.551,81.945,81.337,80.814,80.448,80.286,80.327,80.521,80.788
70260.0,64.338,66.884,69.244,71.429,73.45,75.313,77.015,78.551,79.909,81.078,82.043,82.789,83.305,83.584,83.626,83.446,83.071,82.55,81.946,81.341,80.818,80.452,80.289,80.329,80.521,80.789
70320.0,64.239,66.79,69.153,71.343,73.369,75.236,76.944,78.485,79.85,81.025,81.997,82.751,83.274,83.559,83.609,83.434,83.065,82.548,81.948,81.345,80.822,80.456,80.292,80.33,80.522,80.789
70380.0,64.14,66.695,69.063,71.257,73.288,75.16,76.873,78.42,79.791,80.973,81.951,82.712,83.242,83.535,83.591,83.423,83.059,82.546,81.95,81.348,80.827,80.46,80.295,80.332,80.522,80.789
70440.0,64.042,66.601,68.973,71.171,73.206,75.084,76.802,78.354,79.732,80.92,81.906,82.673,83.211,83.511,83.573,83.411,83.053,82.545,81.951,81.352,80.831,80.464,80.298,80.333,80.522,80.789
70500.0,63.944,66.507,68.883,71.085,73.125,75.007,76.731,78.289,79.672,80.868,81.86,82.635,83.179,83.486,83.555,83.4,83.047,82.543,81.953,81.355,80.835,80.468,80.3,80.335,80.523,80.789
70560.0,63.847,66.413,68.793,71.0,73.044,74.931,76.66,78.224,79.613,80.815,81.814,82.596,83.148,83.461,83.538,83.388,83.041,82.541,81.954,81.359,80.839,80.472,80.303,80.336,80.523,80.789
70620.0,63.751,66.32,68.703,70.914,72.963,74.855,76.589,78.159,79.554,80.762,81.768,82.557,83.116,83.437,83.52,83.376,83.034,82.539,81.956,81.362,80.843,80.475,80.306,80.338,80.524,80.789
70680.0,63.656,66.228,68.614,70.829,72.883,74.779,76.519,78.094,79.495,80.71,81.722,82.518,83.084,83.412,83.502,83.365,83.028,82.538,81.957,81.365,80.847,80.479,80.309,80.339,80.524,80.789
70740.0,63.563,66.136,68.526,70.744,72.802,74.704,76.448,78.029,79.436,80.657,81.676,82.479,83.052,83.387,83.484,83.353,83.022,82.536,81.958,81.369,80.852,80.483,80.312,80.341,80.525,80.789
70800.0,63.469,66.045,68.438,70.66,72.722,74.628,76.377,77.964,79.377,80.605,81.631,82.44,83.02,83.362,83.465,83.341,83.015,82.534,81.96,81.372,80.856,80.487,80.314,80.342,80.525,80.79
70860.0,63.376,65.955,68.35,70.576,72.642,74.553,76.307,77.899,79.318,80.552,81.585,82.401,82.989,83.337,83.447,83.329,83.009,82.531,81.961,81.375,80.86,80.491,80.317,80.344,80.526,80.79
70920.0,63.283,65.864,68.263,70.492,72.562,74.477,76.237,77.834,79.26,80.499,81.539,82.362,82.957,83.312,83.429,83.317,83.002,82.529,81.962,81.379,80.864,80.495,80.32,80.346,80.526,80.79
70980.0,63.19,65.774,68.176,70.408,72.482,74.402,76.167,77.77,79.201,80.447,81.493,82.323,82.925,83.287,83.41,83.304,82.995,82.527,81.963,81.382,80.868,80.498,80.323,80.347,80.527,80.79
71040.0,63.098,65.684,68.089,70.325,72.403,74.327,76.097,77.705,79.142,80.394,81.447,82.284,82.892,83.262,83.392,83.292,82.988,82.525,81.964,81.385,80.872,80.502,80.326,80.349,80.528,80.79
71100.0,63.005,65.595,68.003,70.242,72.324,74.252,76.027,77.64,79.083,80.342,81.401,82.245,82.86,83.237,83.373,83.28,82.982,82.522,81.965,81.388,80.876,80.506,80.328,80.35,80.528,80.791
71160.0,62.913,65.505,67.916,70.159,72.245,74.178,75.957,77.576,79.024,80.289,81.355,82.206,82.828,83.212,83.355,83.267,82.975,82.52,81.966,81.391,80.88,80.51,80.331,80.352,80.529,80.791
71220.0,62.82,65.416,67.83,70.076,72.166,74.103,75.887,77.511,78.966,80.237,81.309,82.167,82.796,83.186,83.336,83.255,82.968,82.518,81.967,81.394,80.884,80.513,80.334,80.353,80.529,80.791
71280.0,62.728,65.327,67.744,69.994,72.087,74.029,75.818,77.447,78.907,80.184,81.263,82.128,82.763,83.161,83.317,83.242,82.961,82.515,81.968,81.397,80.888,80.517,80.337,80.355,80.53,80.791
71340.0,62.636,65.238,67.658,69.912,72.009,73.955,75.748,77.383,78.849,80.132,81.217,82.088,82.731,83.135,83.299,83.23,82.953,82.512,81.969,81.4,80.891,80.521,80.34,80.357,80.53,80.791
71400.0,62.543,65.149,67.573,69.83,71.931,73.881,75.679,77.319,78.79,80.079,81.171,82.049,82.699,83.11,83.28,83.217,82.946,82.51,81.97,81.403,80.895,80.524,80.342,80.358,80.531,80.792
71460.0,62.451,65.06,67.487,69.748,71.852,73.807,75.61,77.255,78.731,80.027,81.125,82.01,82.666,83.084,83.261,83.204,82.939,82.507,81.97,81.406,80.899,80.528,80.345,80.36,80.531,80.792
71520.0,62.359,64.971,67.402,69.666,71.774,73.733,75.54,77.191,78.673,79.974,81.079,81.97,82.634,83.059,83.242,83.191,82.932,82.504,81.971,81.409,80.903,80.532,80.348,80.361,80.532,80.792
71580.0,62.267,64.882,67.316,69.584,71.697,73.659,75.471,77.127,78.615,79.922,81.033,81.931,82.601,83.033,83.223,83.179,82.924,82.501,81.971,81.412,80.907,80.535,80.351,80.363,80.533,80.792
71640.0,62.175,64.793,67.231,69.502,71.619,73.586,75.403,77.063,78.556,79.87,80.987,81.891,82.569,83.007,83.203,83.166,82.917,82.499,81.972,81.414,80.91,80.539,80.354,80.364,80.533,80.793
71700.0,62.082,64.705,67.146,69.421,71.541,73.513,75.334,76.999,78.498,79.817,80.941,81.852,82.536,82.981,83.184,83.152,82.909,82.496,81.973,81.417,80.914,80.543,80.356,80.366,80.534,80.793
71760.0,61.99,64.616,67.061,69.339,71.464,73.439,75.265,76.935,78.44,79.765,80.895,81.813,82.503,82.955,83.165,83.139,82.902,82.493,81.973,81.42,80.918,80.546,80.359,80.368,80.534,80.793
71820.0,61.898,64.527,66.975,69.258,71.386,73.366,75.197,76.872,78.382,79.713,80.849,81.773,82.47,82.929,83.145,83.126,82.894,82.49,81.973,81.422,80.921,80.55,80.362,80.369,80.535,80.793
71880.0,61.809,64.44,66.891,69.177,71.309,73.293,75.128,76.808,78.324,79.66,80.803,81.734,82.438,82.903,83.126,83.113,82.886,82.486,81.974,81.425,80.925,80.553,80.365,80.371,80.536,80.794
71940.0,61.721,64.353,66.807,69.096,71.232,73.22,75.06,76.745,78.265,79.608,80.756,81.694,82.405,82.877,83.106,83.099,82.878,82.483,81.974,81.428,80.929,80.557,80.367,80.372,80.536,80.794
72000.0,61.634,64.268,66.723,69.015,71.155,73.147,74.991,76.681,78.207,79.556,80.71,81.654,82.372,82.851,83.087,83.086,82.87,82.48,81.974,81.43,80.932,80.561,80.37,80.374,80.537,80.794
72060.0,61.547,64.182,66.64,68.935,71.078,73.074,74.923,76.618,78.149,79.504,80.664,81.615,82.339,82.825,83.067,83.073,82.862,82.477,81.975,81.433,80.936,80.564,80.373,80.376,80.537,80.795
72120.0,61.46,64.097,66.557,68.855,71.002,73.002,74.855,76.555,78.091,79.451,80.618,81.575,82.306,82.799,83.047,83.059,82.854,82.473,81.975,81.435,80.939,80.568,80.376,80.377,80.538,80.795
72180.0,61.373,64.012,66.475,68.775,70.925,72.929,74.787,76.492,78.034,79.399,80.572,81.535,82.273,82.772,83.028,83.045,82.846,82.47,81.975,81.438,80.943,80.571,80.378,80.379,80.539,80.795
72240.0,61.287,63.928,66.393,68.696,70.849,72.857,74.719,76.428,77.976,79.347,80.526,81.496,82.24,82.746,83.008,83.032,82.838,82.466,81.975,81.44,80.946,80.575,80.381,80.381,80.539,80.796
72300.0,61.2,63.844,66.311,68.617,70.773,72.785,74.651,76.365,77.918,79.295,80.48,81.456,82.207,82.719,82.988,83.018,82.83,82.463,81.975,81.442,80.95,80.578,80.384,80.382,80.54,80.796
72360.0,61.116,63.76,66.229,68.538,70.698,72.713,74.583,76.303,77.86,79.243,80.434,81.416,82.174,82.693,82.968,83.004,82.822,82.459,81.975,81.445,80.953,80.582,80.387,80.384,80.541,80.796
72420.0,61.033,63.678,66.148,68.46,70.622,72.641,74.516,76.24,77.802,79.191,80.388,81.377,82.14,82.666,82.948,82.99,82.813,82.455,81.975,81.447,80.957,80.585,80.389,80.385,80.541,80.797
72480.0,60.952,63.597,66.068,68.382,70.547,72.57,74.448,76.177,77.745,79.139,80.342,81.337,82.107,82.64,82.928,82.976,82.805,82.452,81.975,81.449,80.96,80.589,80.392,80.387,80.542,80.797
72540.0,60.871,63.516,65.989,68.304,70.472,72.498,74.381,76.114,77.687,79.086,80.296,81.297,82.074,82.613,82.908,82.962,82.796,82.448,81.974,81.451,80.964,80.592,80.395,80.389,80.543,80.797
72600.0,60.79,63.436,65.91,68.227,70.398,72.427,74.314,76.052,77.63,79.034,80.25,81.257,82.041,82.586,82.887,82.948,82.788,82.444,81.974,81.453,80.967,80.596,80.397,80.39,80.543,80.798
72660.0,60.71,63.356,65.831,68.15,70.324,72.356,74.247,75.989,77.572,78.982,80.203,81.217,82.007,82.56,82.867,82.934,82.779,82.44,81.974,81.456,80.97,80.599,80.4,80.392,80.544,80.798
72720.0,60.63,63.277,65.753,68.074,70.25,72.286,74.18,75.927,77.515,78.931,80.157,81.178,81.974,82.533,82.847,82.92,82.77,82.436,81.973,81.458,80.974,80.602,80.403,80.394,80.545,80.798
72780.0,60.551,63.198,65.676,67.998,70.176,72.215,74.114,75.864,77.457,78.879,80.111,81.138,81.941,82.506,82.826,82.905,82.762,82.432,81.973,81.46,80.977,80.606,80.406,80.395,80.546,80.799
72840.0,60.471,63.12,65.598,67.922,70.103,72.145,74.047,75.802,77.4,78.827,80.065,81.098,81.907,82.479,82.806,82.891,82.753,82.428,81.973,81.462,80.98,80.609,80.408,80.397,80.546,80.799
72900.0,60.392,63.041,65.521,67.847,70.03,72.075,73.981,75.74,77.343,78.775,80.019,81.058,81.874,82.452,82.785,82.877,82.744,82.424,81.972,81.464,80.983,80.612,80.411,80.399,80.547,80.8
72960.0,60.313,62.963,65.444,67.772,69.958,72.006,73.915,75.678,77.286,78.723,79.973,81.018,81.84,82.425,82.765,82.862,82.735,82.419,81.971,81.466,80.986,80.616,80.414,80.4,80.548,80.8
73020.0,60.234,62.885,65.368,67.697,69.885,71.936,73.849,75.616,77.229,78.671,79.927,80.978,81.807,82.398,82.744,82.848,82.726,82.415,81.971,81.467,80.99,80.619,80.416,80.402,80.548,80.801
73080.0,60.155,62.808,65.292,67.623,69.813,71.867,73.783,75.555,77.172,78.62,79.881,80.938,81.773,82.371,82.723,82.833,82.717,82.411,81.97,81.469,80.993,80.622,80.419,80.404,80.549,80.801
73140.0,60.077,62.73,65.216,67.549,69.741,71.798,73.717,75.493,77.115,78.568,79.835,80.898,81.739,82.344,82.703,82.818,82.708,82.406,81.97,81.471,80.996,80.626,80.422,80.405,80.55,80.801
73200.0,59.998,62.653,65.14,67.475,69.67,71.729,73.652,75.432,77.058,78.516,79.789,80.858,81.706,82.316,82.682,82.804,82.699,82.402,81.969,81.473,80.999,80.629,80.424,80.407,80.551,80.802
73260.0,59.92,62.576,65.064,67.401,69.598,71.66,73.587,75.37,77.001,78.465,79.743,80.818,81.672,82.289,82.661,82.789,82.689,82.397,81.968,81.475,81.002,80.632,80.427,80.408,80.551,80.802
73320.0,59.841,62.499,64.989,67.328,69.527,71.592,73.521,75.309,76.945,78.413,79.697,80.778,81.638,82.262,82.64,82.774,82.68,82.393,81.967,81.476,81.005,80.636,80.43,80.41,80.552,80.803
73380.0,59.763,62.422,64.914,67.254,69.456,71.524,73.457,75.248,76.888,78.361,79.651,80.738,81.605,82.234,82.619,82.759,82.671,82.388,81.966,81.478,81.008,80.639,80.432,80.412,80.553,80.803
73440.0,59.685,62.346,64.839,67.181,69.385,71.456,73.392,75.187,76.832,78.31,79.605,80.698,81.571,82.207,82.598,82.744,82.661,82.383,81.965,81.48,81.011,80.642,80.435,80.413,80.554,80.804
73500.0,59.609,62.27,64.764,67.108,69.314,71.388,73.327,75.127,76.775,78.259,79.559,80.658,81.537,82.18,82.577,82.729,82.652,82.379,81.964,81.481,81.014,80.645,80.438,80.415,80.554,80.804
73560.0,59.533,62.194,64.69,67.036,69.244,71.32,73.263,75.066,76.719,78.207,79.513,80.618,81.503,82.152,82.556,82.714,82.642,82.374,81.963,81.483,81.017,80.649,80.44,80.417,80.555,80.805
73620.0,59.459,62.12,64.616,66.963,69.174,71.252,73.198,75.005,76.663,78.156,79.467,80.578,81.469,82.125,82.534,82.699,82.632,82.369,81.962,81.484,81.02,80.652,80.443,80.418,80.556,80.805
73680.0,59.385,62.046,64.542,66.891,69.104,71.185,73.134,74.945,76.607,78.105,79.421,80.538,81.435,82.097,82.513,82.683,82.623,82.364,81.961,81.486,81.023,80.655,80.446,80.42,80.557,80.806
73740.0,59.312,61.973,64.47,66.82,69.034,71.118,73.07,74.885,76.551,78.053,79.376,80.498,81.401,82.069,82.492,82.668,82.613,82.359,81.96,81.487,81.026,80.658,80.448,80.422,80.558,80.806
73800.0,59.239,61.9,64.397,66.748,68.965,71.051,73.006,74.824,76.495,78.002,79.33,80.458,81.367,82.042,82.47,82.653,82.603,82.354,81.959,81.489,81.028,80.661,80.451,80.424,80.558,80.807
73860.0,59.167,61.827,64.325,66.678,68.896,70.984,72.943,74.764,76.439,77.951,79.284,80.418,81.333,82.014,82.449,82.637,82.593,82.349,81.957,81.49,81.031,80.664,80.454,80.425,80.559,80.807
73920.0,59.096,61.756,64.254,66.607,68.827,70.918,72.879,74.704,76.383,77.9,79.238,80.378,81.299,81.986,82.427,82.622,82.583,82.344,81.956,81.491,81.034,80.667,80.456,80.427,80.56,80.808
73980.0,59.026,61.685,64.183,66.537,68.758,70.852,72.816,74.645,76.327,77.849,79.192,80.338,81.265,81.958,82.406,82.606,82.573,82.339,81.955,81.493,81.037,80.671,80.459,80.429,80.561,80.808
74040.0,58.956,61.615,64.113,66.467,68.69,70.786,72.753,74.585,76.272,77.798,79.147,80.298,81.231,81.931,82.384,82.591,82.563,82.333,81.953,81.494,81.039,80.674,80.461,80.43,80.562,80.809
74100.0,58.888,61.545,64.043,66.398,68.622,70.72,72.69,74.525,76.216,77.747,79.101,80.258,81.197,81.903,82.363,82.575,82.553,82.328,81.952,81.495,81.042,80.677,80.464,80.432,80.562,80.809
74160.0,58.821,61.477,63.974,66.329,68.555,70.654,72.627,74.466,76.161,77.696,79.055,80.217,81.163,81.875,82.341,82.559,82.543,82.323,81.95,81.496,81.045,80.68,80.467,80.434,80.563,80.81
74220.0,58.755,61.409,63.905,66.261,68.488,70.589,72.564,74.407,76.105,77.646,79.01,80.177,81.129,81.847,82.319,82.544,82.533,82.317,81.949,81.497,81.048,80.683,80.469,80.435,80.564,80.81
74280.0,58.689,61.341,63.837,66.193,68.421,70.524,72.502,74.348,76.05,77.595,78.964,80.137,81.095,81.819,82.297,82.528,82.522,82.312,81.947,81.498,81.05,80.686,80.472,80.437,80.565,80.811
74340.0,58.623,61.274,63.77,66.126,68.355,70.459,72.44,74.289,75.995,77.544,78.918,80.097,81.061,81.791,82.275,82.512,82.512,82.306,81.945,81.5,81.053,80.689,80.474,80.439,80.566,80.811
74400.0,58.557,61.208,63.703,66.059,68.288,70.395,72.378,74.23,75.94,77.494,78.873,80.057,81.027,81.763,82.253,82.496,82.502,82.301,81.944,81.501,81.055,80.692,80.477,80.44,80.567,80.812
74460.0,58.492,61.142,63.636,65.993,68.223,70.331,72.316,74.171,75.885,77.443,78.827,80.017,80.992,81.735,82.232,82.48,82.491,82.295,81.942,81.502,81.058,80.695,80.479,80.442,80.568,80.813
74520.0,58.427,61.076,63.57,65.927,68.157,70.267,72.254,74.113,75.83,77.393,78.782,79.977,80.958,81.707,82.21,82.464,82.481,82.289,81.94,81.502,81.06,80.698,80.482,80.444,80.568,80.813
74580.0,58.362,61.01,63.504,65.861,68.092,70.204,72.193,74.054,75.776,77.343,78.736,79.937,80.924,81.678,82.187,82.448,82.47,82.284,81.938,81.503,81.063,80.701,80.485,80.445,80.569,80.814
74640.0,58.298,60.945,63.438,65.795,68.028,70.14,72.132,73.996,75.721,77.292,78.691,79.897,80.89,81.65,82.165,82.432,82.459,82.278,81.936,81.504,81.065,80.704,80.487,80.447,80.57,80.814
74700.0,58.234,60.88,63.373,65.73,67.963,70.078,72.071,73.938,75.667,77.242,78.646,79.857,80.855,81.622,82.143,82.415,82.449,82.272,81.934,81.505,81.068,80.707,80.49,80.449,80.571,80.815
74760.0,58.169,60.815,63.308,65.665,67.899,70.015,72.011,73.88,75.612,77.192,78.6,79.817,80.821,81.594,82.121,82.399,82.438,82.266,81.932,81.506,81.07,80.71,80.492,80.451,80.572,80.816
74820.0,58.105,60.751,63.243,65.601,67.836,69.952,71.95,73.823,75.558,77.142,78.555,79.777,80.787,81.565,82.099,82.383,82.427,82.26,81.93,81.507,81.072,80.712,80.495,80.452,80.573,80.816
74880.0,58.043,60.687,63.179,65.537,67.772,69.89,71.89,73.765,75.504,77.092,78.51,79.737,80.753,81.537,82.076,82.366,82.416,82.254,81.928,81.507,81.075,80.715,80.497,80.454,80.574,80.817
74940.0,57.981,60.624,63.115,65.473,67.709,69.828,71.83,73.708,75.45,77.042,78.465,79.697,80.718,81.509,82.054,82.35,82.405,82.248,81.926,81.508,81.077,80.718,80.5,80.456,80.575,80.817
75000.0,57.92,60.561,63.051,65.409,67.646,69.767,71.77,73.651,75.396,76.992,78.419,79.657,80.684,81.48,82.032,82.334,82.394,82.242,81.924,81.509,81.079,80.721,80.502,80.457,80.575,80.818
75060.0,57.859,60.499,62.988,65.346,67.583,69.705,71.711,73.594,75.343,76.942,78.374,79.617,80.65,81.452,82.009,82.317,82.383,82.236,81.921,81.509,81.082,80.724,80.505,80.459,80.576,80.819
75120.0,57.799,60.437,62.926,65.283,67.521,69.644,71.651,73.537,75.289,76.893,78.329,79.577,80.615,81.423,81.987,82.3,82.372,82.229,81.919,81.51,81.084,80.727,80.507,80.461,80.577,80.819
75180.0,57.74,60.376,62.864,65.221,67.459,69.583,71.592,73.48,75.236,76.843,78.284,79.537,80.581,81.395,81.964,82.284,82.361,82.223,81.917,81.51,81.086,80.729,80.51,80.462,80.578,80.82
75240.0,57.681,60.316,62.802,65.159,67.397,69.522,71.533,73.424,75.182,76.794,78.239,79.497,80.546,81.366,81.942,82.267,82.35,82.217,81.914,81.511,81.088,80.732,80.512,80.464,80.579,80.821
75300.0,57.623,60.256,62.741,65.097,67.336,69.462,71.475,73.367,75.129,76.744,78.194,79.457,80.512,81.338,81.919,82.25,82.339,82.21,81.912,81.511,81.091,80.735,80.515,80.466,80.58,80.821
75360.0,57.566,60.196,62.68,65.036,67.275,69.402,71.416,73.311,75.076,76.695,78.149,79.418,80.478,81.309,81.897,82.233,82.327,82.204,81.91,81.512,81.093,80.738,80.517,80.468,80.581,80.822
75420.0,57.508,60.137,62.62,64.975,67.214,69.342,71.358,73.255,75.023,76.646,78.104,79.378,80.443,81.281,81.874,82.217,82.316,82.197,81.907,81.512,81.095,80.741,80.52,80.469,80.582,80.823
75480.0,57.451,60.078,62.56,64.915,67.154,69.282,71.3,73.2,74.97,76.597,78.06,79.338,80.409,81.252,81.851,82.2,82.305,82.191,81.904,81.512,81.097,80.743,80.522,80.471,80.583,80.823
75540.0,57.394,60.02,62.501,64.855,67.094,69.223,71.242,73.144,74.918,76.548,78.015,79.298,80.374,81.223,81.828,82.183,82.293,82.184,81.902,81.513,81.099,80.746,80.525,80.473,80.584,80.824
75600.0,57.337,59.962,62.441,64.795,67.034,69.164,71.184,73.088,74.865,76.499,77.97,79.258,80.34,81.195,81.806,82.166,82.282,82.177,81.899,81.513,81.101,80.749,80.527,80.474,80.585,80.825
75660.0,57.281,59.904,62.382,64.735,66.975,69.105,71.127,73.033,74.813,76.45,77.926,79.218,80.306,81.166,81.783,82.149,82.27,82.171,81.896,81.513,81.103,80.751,80.53,80.476,80.586,80.825
75720.0,57.226,59.847,62.324,64.676,66.915,69.047,71.07,72.978,74.76,76.401,77.881,79.179,80.271,81.137,81.76,82.132,82.258,82.164,81.894,81.513,81.105,80.754,80.532,80.478,80.587,80.826
75780.0,57.171,59.79,62.266,64.617,66.857,68.989,71.013,72.923,74.708,76.352,77.837,79.139,80.237,81.108,81.737,82.114,82.247,82.157,81.891,81.514,81.107,80.757,80.534,80.48,80.588,80.827
75840.0,57.117,59.734,62.208,64.559,66.798,68.931,70.956,72.869,74.656,76.304,77.792,79.099,80.202,81.08,81.714,82.097,82.235,82.15,81.888,81.514,81.109,80.759,80.537,80.481,80.589,80.828
75900.0,57.063,59.678,62.151,64.501,66.74,68.873,70.9,72.814,74.604,76.255,77.748,79.06,80.168,81.051,81.691,82.08,82.223,82.143,81.885,81.514,81.111,80.762,80.539,80.483,80.59,80.828
75960.0,57.011,59.623,62.094,64.443,66.682,68.816,70.844,72.76,74.553,76.207,77.703,79.02,80.133,81.022,81.668,82.063,82.211,82.136,81.882,81.514,81.113,80.764,80.542,80.485,80.591,80.829
76020.0,56.961,59.57,62.038,64.386,66.625,68.759,70.788,72.706,74.501,76.159,77.659,78.98,80.099,80.993,81.645,82.045,82.199,82.129,81.879,81.514,81.114,80.767,80.544,80.486,80.592,80.83
76080.0,56.912,59.517,61.983,64.329,66.567,68.702,70.732,72.652,74.45,76.111,77.615,78.941,80.065,80.964,81.622,82.028,82.187,82.122,81.876,81.514,81.116,80.77,80.547,80.488,80.592,80.831
76140.0,56.863,59.465,61.928,64.273,66.511,68.645,70.677,72.598,74.398,76.063,77.571,78.901,80.03,80.935,81.599,82.011,82.176,82.115,81.873,81.514,81.118,80.772,80.549,80.49,80.593,80.831
76200.0,56.815,59.413,61.874,64.218,66.454,68.589,70.621,72.544,74.347,76.015,77.527,78.862,79.996,80.906,81.575,81.993,82.163,82.108,81.87,81.514,81.12,80.775,80.551,80.491,80.594,80.832
76260.0,56.769,59.363,61.821,64.163,66.398,68.533,70.566,72.491,74.296,75.967,77.483,78.822,79.961,80.877,81.552,81.976,82.151,82.101,81.867,81.513,81.122,80.777,80.554,80.493,80.595,80.833
76320.0,56.723,59.313,61.769,64.108,66.343,68.478,70.511,72.438,74.245,75.919,77.439,78.783,79.927,80.848,81.529,81.958,82.139,82.094,81.864,81.513,81.123,80.78,80.556,80.495,80.596,80.834
76380.0,56.677,59.264,61.717,64.054,66.288,68.423,70.457,72.385,74.195,75.871,77.395,78.743,79.893,80.82,81.506,81.94,82.127,82.086,81.86,81.513,81.125,80.782,80.558,80.497,80.597,80.834
76440.0,56.633,59.216,61.665,64.001,66.233,68.368,70.403,72.332,74.144,75.824,77.351,78.704,79.858,80.791,81.482,81.923,82.115,82.079,81.857,81.513,81.127,80.785,80.561,80.498,80.598,80.835
76500.0,56.588,59.168,61.614,63.948,66.179,68.313,70.349,72.279,74.094,75.776,77.308,78.665,79.824,80.762,81.459,81.905,82.102,82.071,81.854,81.512,81.128,80.787,80.563,80.5,80.599,80.836
76560.0,56.545,59.12,61.564,63.895,66.125,68.259,70.295,72.227,74.044,75.729,77.264,78.625,79.789,80.733,81.436,81.887,82.09,82.064,81.85,81.512,81.13,80.789,80.565,80.502,80.601,80.837
76620.0,56.503,59.074,61.515,63.844,66.072,68.205,70.242,72.175,73.993,75.682,77.22,78.586,79.755,80.704,81.412,81.87,82.078,82.056,81.847,81.512,81.131,80.792,80.568,80.503,80.602,80.837
76680.0,56.462,59.029,61.466,63.792,66.019,68.152,70.189,72.123,73.944,75.635,77.177,78.547,79.721,80.674,81.389,81.852,82.065,82.049,81.843,81.511,81.133,80.794,80.57,80.505,80.603,80.838
76740.0,56.423,58.985,61.418,63.741,65.967,68.099,70.136,72.071,73.894,75.588,77.133,78.508,79.686,80.645,81.365,81.834,82.053,82.041,81.84,81.511,81.135,80.797,80.572,80.507,80.604,80.839
76800.0,56.386,58.942,61.37,63.691,65.915,68.046,70.083,72.02,73.844,75.541,77.09,78.469,79.652,80.616,81.342,81.816,82.04,82.034,81.836,81.51,81.136,80.799,80.575,80.509,80.605,80.84
76860.0,56.351,58.9,61.324,63.642,65.864,67.994,70.031,71.968,73.795,75.494,77.047,78.43,79.618,80.587,81.318,81.798,82.028,82.026,81.833,81.51,81.138,80.801,80.577,80.51,80.606,80.841
76920.0,56.317,58.86,61.279,63.593,65.813,67.942,69.979,71.917,73.746,75.448,77.004,78.39,79.583,80.558,81.295,81.78,82.015,82.018,81.829,81.509,81.139,80.804,80.579,80.512,80.607,80.842
76980.0,56.285,58.821,61.235,63.546,65.763,67.891,69.927,71.867,73.697,75.401,76.961,78.351,79.549,80.529,81.271,81.762,82.002,82.01,81.825,81.509,81.14,80.806,80.582,80.514,80.608,80.842
77040.0,56.253,58.783,61.192,63.498,65.713,67.84,69.876,71.816,73.648,75.355,76.918,78.312,79.515,80.5,81.247,81.744,81.99,82.002,81.822,81.508,81.142,80.808,80.584,80.515,80.609,80.843
77100.0,56.223,58.746,61.15,63.452,65.664,67.789,69.825,71.766,73.599,75.309,76.875,78.274,79.481,80.471,81.224,81.726,81.977,81.995,81.818,81.508,81.143,80.811,80.586,80.517,80.61,80.844
77160.0,56.193,58.71,61.108,63.407,65.616,67.739,69.775,71.716,73.551,75.263,76.832,78.235,79.446,80.442,81.2,81.708,81.964,81.987,81.814,81.507,81.144,80.813,80.588,80.519,80.611,80.845
77220.0,56.163,58.674,61.068,63.362,65.568,67.69,69.725,71.666,73.502,75.217,76.789,78.196,79.412,80.413,81.176,81.689,81.951,81.979,81.81,81.506,81.146,80.815,80.591,80.521,80.612,80.846
77280.0,56.134,58.639,61.028,63.318,65.521,67.641,69.675,71.617,73.454,75.171,76.746,78.157,79.378,80.383,81.152,81.671,81.938,81.971,81.806,81.505,81.147,80.817,80.593,80.522,80.613,80.847
77340.0,56.106,58.605,60.988,63.274,65.474,67.592,69.625,71.568,73.406,75.125,76.704,78.118,79.344,80.354,81.129,81.653,81.925,81.962,81.802,81.505,81.148,80.82,80.595,80.524,80.614,80.847
77400.0,56.078,58.571,60.95,63.232,65.428,67.544,69.576,71.519,73.359,75.08,76.661,78.08,79.309,80.325,81.105,81.635,81.912,81.954,81.798,81.504,81.15,80.822,80.597,80.526,80.615,80.848
77460.0,56.05,58.538,60.911,63.189,65.383,67.496,69.528,71.47,73.311,75.034,76.619,78.041,79.275,80.296,81.081,81.616,81.899,81.946,81.794,81.503,81.151,80.824,80.6,80.527,80.616,80.849
77520.0,56.023,58.505,60.874,63.148,65.338,67.449,69.48,71.422,73.264,74.989,76.577,78.003,79.241,80.267,81.057,81.598,81.886,81.938,81.79,81.502,81.152,80.826,80.602,80.529,80.617,80.85
77580.0,55.996,58.473,60.836,63.106,65.294,67.403,69.432,71.374,73.217,74.944,76.534,77.964,79.207,80.238,81.033,81.579,81.873,81.93,81.786,81.501,81.153,80.828,80.604,80.531,80.618,80.851
77640.0,55.969,58.441,60.8,63.066,65.25,67.356,69.384,71.326,73.17,74.899,76.492,77.926,79.173,80.209,81.01,81.561,81.86,81.921,81.782,81.5,81.154,80.83,80.606,80.532,80.62,80.852
77700.0,55.943,58.409,60.764,63.025,65.206,67.311,69.337,71.279,73.123,74.854,76.45,77.887,79.139,80.179,80.986,81.542,81.847,81.913,81.777,81.499,81.155,80.832,80.609,80.534,80.621,80.853
77760.0,55.917,58.378,60.728,62.985,65.163,67.265,69.29,71.232,73.077,74.81,76.408,77.849,79.105,80.15,80.962,81.524,81.833,81.905,81.773,81.498,81.156,80.835,80.611,80.536,80.622,80.854
77820.0,55.891,58.347,60.692,62.946,65.121,67.22,69.244,71.185,73.031,74.765,76.367,77.811,79.071,80.121,80.938,81.505,81.82,81.896,81.769,81.497,81.157,80.837,80.613,80.538,80.623,80.854
77880.0,55.866,58.317,60.657,62.907,65.078,67.176,69.198,71.139,72.985,74.721,76.325,77.772,79.037,80.092,80.914,81.487,81.807,81.888,81.765,81.496,81.158,80.839,80.615,80.539,80.624,80.855
77940.0,55.841,58.287,60.623,62.869,65.037,67.132,69.153,71.092,72.94,74.677,76.283,77.734,79.003,80.063,80.89,81.468,81.793,81.879,81.76,81.495,81.159,80.841,80.617,80.541,80.625,80.856
78000.0,55.816,58.257,60.588,62.831,64.995,67.088,69.107,71.047,72.894,74.633,76.242,77.696,78.969,80.034,80.866,81.449,81.78,81.87,81.756,81.493,81.16,80.843,80.619,80.543,80.626,80.857
78060.0,55.791,58.227,60.555,62.793,64.955,67.045,69.062,71.001,72.849,74.589,76.201,77.658,78.935,80.004,80.842,81.431,81.766,81.862,81.751,81.492,81.161,80.845,80.622,80.544,80.627,80.858
78120.0,55.767,58.198,60.521,62.756,64.914,67.002,69.018,70.956,72.804,74.546,76.159,77.62,78.901,79.975,80.818,81.412,81.753,81.853,81.747,81.491,81.162,80.847,80.624,80.546,80.628,80.859
78180.0,55.743,58.169,60.488,62.719,64.874,66.959,68.973,70.911,72.759,74.502,76.118,77.583,78.868,79.946,80.794,81.393,81.739,81.844,81.742,81.49,81.163,80.849,80.626,80.548,80.629,80.86
78240.0,55.719,58.141,60.455,62.682,64.834,66.917,68.93,70.866,72.715,74.459,76.077,77.545,78.834,79.917,80.77,81.374,81.726,81.836,81.738,81.488,81.164,80.851,80.628,80.549,80.631,80.861
78300.0,55.695,58.112,60.422,62.646,64.795,66.875,68.886,70.822,72.671,74.416,76.037,77.507,78.8,79.888,80.745,81.355,81.712,81.827,81.733,81.487,81.165,80.853,80.63,80.551,80.632,80.862
78360.0,55.672,58.084,60.39,62.61,64.756,66.833,68.843,70.778,72.627,74.373,75.996,77.469,78.766,79.859,80.721,81.337,81.698,81.818,81.728,81.485,81.166,80.855,80.632,80.553,80.633,80.863
78420.0,55.649,58.056,60.358,62.574,64.717,66.792,68.8,70.734,72.583,74.331,75.955,77.432,78.733,79.829,80.697,81.318,81.685,81.809,81.723,81.484,81.166,80.856,80.634,80.555,80.634,80.864
78480.0,55.626,58.029,60.326,62.539,64.678,66.751,68.757,70.69,72.54,74.288,75.915,77.394,78.699,79.8,80.673,81.299,81.671,81.8,81.719,81.482,81.167,80.858,80.636,80.556,80.635,80.865
78540.0,55.603,58.002,60.295,62.504,64.64,66.711,68.715,70.647,72.496,74.246,75.875,77.357,78.665,79.771,80.649,81.28,81.657,81.791,81.714,81.481,81.168,80.86,80.639,80.558,80.636,80.866
78600.0,55.58,57.974,60.264,62.469,64.603,66.67,68.673,70.604,72.453,74.204,75.834,77.32,78.632,79.742,80.625,81.261,81.643,81.782,81.709,81.479,81.168,80.862,80.641,80.56,80.637,80.867
78660.0,55.558,57.948,60.233,62.435,64.565,66.631,68.631,70.561,72.41,74.162,75.794,77.283,78.598,79.713,80.601,81.242,81.629,81.773,81.704,81.478,81.169,80.864,80.643,80.561,80.639,80.868
78720.0,55.535,57.921,60.203,62.401,64.528,66.591,68.59,70.519,72.368,74.12,75.755,77.246,78.565,79.684,80.576,81.223,81.615,81.764,81.699,81.476,81.17,80.866,80.645,80.563,80.64,80.868
78780.0,55.513,57.895,60.172,62.367,64.491,66.552,68.549,70.477,72.326,74.079,75.715,77.209,78.532,79.655,80.552,81.204,81.601,81.755,81.694,81.475,81.17,80.867,80.647,80.565,80.641,80.869
78840.0,55.491,57.868,60.142,62.333,64.455,66.512,68.508,70.435,72.283,74.037,75.675,77.172,78.498,79.626,80.528,81.185,81.587,81.745,81.689,81.473,81.171,80.869,80.649,80.566,80.642,80.87
78900.0,55.469,57.842,60.112,62.3,64.418,66.474,68.467,70.393,72.242,73.996,75.636,77.135,78.465,79.597,80.504,81.165,81.573,81.736,81.684,81.471,81.171,80.871,80.651,80.568,80.643,80.871
78960.0,55.448,57.816,60.083,62.267,64.382,66.435,68.427,70.352,72.2,73.955,75.596,77.098,78.432,79.568,80.479,81.146,81.559,81.727,81.679,81.469,81.172,80.873,80.653,80.57,80.644,80.872
79020.0,55.426,57.791,60.053,62.234,64.346,66.397,68.387,70.311,72.158,73.914,75.557,77.061,78.398,79.539,80.455,81.127,81.545,81.718,81.674,81.468,81.172,80.875,80.655,80.571,80.645,80.873
79080.0,55.405,57.765,60.024,62.202,64.311,66.359,68.347,70.27,72.117,73.874,75.518,77.025,78.365,79.51,80.431,81.108,81.531,81.708,81.669,81.466,81.173,80.876,80.657,80.573,80.647,80.874
79140.0,55.384,57.74,59.995,62.169,64.276,66.321,68.307,70.229,72.076,73.833,75.479,76.988,78.332,79.481,80.407,81.089,81.517,81.699,81.664,81.464,81.173,80.878,80.659,80.575,80.648,80.875
79200.0,55.363,57.715,59.966,62.137,64.241,66.284,68.268,70.189,72.035,73.793,75.44,76.952,78.299,79.452,80.382,81.069,81.503,81.689,81.658,81.462,81.174,80.88,80.661,80.576,80.649,80.876
79260.0,55.342,57.69,59.938,62.105,64.206,66.247,68.229,70.148,71.995,73.753,75.402,76.916,78.266,79.423,80.358,81.05,81.488,81.68,81.653,81.46,81.174,80.881,80.663,80.578,80.65,80.877
79320.0,55.321,57.666,59.91,62.074,64.172,66.21,68.19,70.109,71.954,73.713,75.363,76.879,78.233,79.394,80.334,81.031,81.474,81.67,81.648,81.458,81.175,80.883,80.665,80.58,80.651,80.878
79380.0,55.3,57.641,59.881,62.042,64.137,66.173,68.152,70.069,71.914,73.673,75.325,76.843,78.2,79.365,80.31,81.011,81.46,81.661,81.642,81.456,81.175,80.885,80.667,80.581,80.653,80.879
79440.0,55.28,57.617,59.854,62.011,64.103,66.137,68.114,70.029,71.874,73.634,75.286,76.807,78.167,79.336,80.285,80.992,81.445,81.651,81.637,81.454,81.175,80.886,80.669,80.583,80.654,80.88
79500.0,55.26,57.593,59.826,61.98,64.07,66.101,68.076,69.99,71.835,73.594,75.248,76.771,78.135,79.307,80.261,80.973,81.431,81.642,81.632,81.452,81.176,80.888,80.671,80.585,80.655,80.882
79560.0,55.239,57.569,59.798,61.95,64.036,66.065,68.038,69.951,71.795,73.555,75.21,76.736,78.102,79.279,80.237,80.953,81.417,81.632,81.626,81.45,81.176,80.889,80.673,80.586,80.656,80.883
79620.0,55.219,57.545,59.771,61.919,64.003,66.029,68.0,69.912,71.756,73.516,75.172,76.7,78.069,79.25,80.212,80.934,81.402,81.622,81.621,81.448,81.176,80.891,80.675,80.588,80.657,80.884
79680.0,55.199,57.521,59.744,61.889,63.97,65.994,67.963,69.874,71.717,73.477,75.135,76.664,78.037,79.221,80.188,80.914,81.388,81.612,81.615,81.446,81.176,80.892,80.676,80.59,80.658,80.885
79740.0,55.18,57.497,59.717,61.859,63.937,65.959,67.926,69.835,71.678,73.438,75.097,76.629,78.004,79.192,80.164,80.895,81.373,81.603,81.609,81.443,81.176,80.894,80.678,80.591,80.66,80.886
79800.0,55.16,57.474,59.69,61.829,63.904,65.924,67.889,69.797,71.639,73.4,75.06,76.593,77.972,79.164,80.14,80.875,81.359,81.593,81.604,81.441,81.177,80.895,80.68,80.593,80.661,80.887
79860.0,55.14,57.451,59.663,61.799,63.872,65.889,67.852,69.759,71.6,73.361,75.022,76.558,77.939,79.135,80.115,80.856,81.344,81.583,81.598,81.439,81.177,80.897,80.682,80.595,80.662,80.888
79920.0,55.121,57.428,59.637,61.77,63.84,65.854,67.816,69.722,71.562,73.323,74.985,76.523,77.907,79.106,80.091,80.836,81.329,81.573,81.592,81.436,81.177,80.898,80.684,80.596,80.663,80.889
79980.0,55.102,57.405,59.611,61.74,63.808,65.82,67.78,69.684,71.524,73.285,74.948,76.488,77.875,79.078,80.067,80.817,81.315,81.563,81.587,81.434,81.177,80.9,80.686,80.598,80.665,80.89
80040.0,55.082,57.382,59.585,61.711,63.776,65.786,67.744,69.647,71.486,73.247,74.911,76.453,77.843,79.049,80.042,80.797,81.3,81.553,81.581,81.432,81.177,80.901,80.688,80.6,80.666,80.891
80100.0,55.063,57.359,59.559,61.682,63.744,65.752,67.708,69.61,71.448,73.21,74.875,76.418,77.81,79.021,80.018,80.778,81.285,81.543,81.575,81.429,81.177,80.903,80.69,80.601,80.667,80.892
80160.0,55.044,57.337,59.533,61.654,63.713,65.718,67.673,69.573,71.411,73.172,74.838,76.383,77.778,78.992,79.994,80.758,81.271,81.533,81.569,81.427,81.177,80.904,80.692,80.603,80.668,80.893
80220.0,55.025,57.314,59.507,61.625,63.682,65.685,67.637,69.536,71.373,73.135,74.802,76.349,77.746,78.964,79.97,80.739,81.256,81.523,81.563,81.424,81.177,80.905,80.693,80.605,80.669,80.894
80280.0,55.007,57.292,59.482,61.597,63.651,65.651,67.602,69.499,71.336,73.098,74.765,76.314,77.714,78.935,79.945,80.719,81.241,81.513,81.557,81.422,81.177,80.907,80.695,80.606,80.671,80.895
80340.0,54.988,57.27,59.457,61.568,63.62,65.618,67.567,69.463,71.299,73.061,74.729,76.279,77.683,78.907,79.921,80.699,81.226,81.503,81.551,81.419,81.177,80.908,80.697,80.608,80.672,80.896
80400.0,54.969,57.248,59.431,61.54,63.589,65.585,67.532,69.427,71.262,73.024,74.693,76.245,77.651,78.878,79.897,80.68,81.211,81.492,81.545,81.417,81.177,80.909,80.699,80.609,80.673,80.897
80460.0,54.951,57.226,59.406,61.513,63.559,65.553,67.498,69.391,71.225,72.987,74.657,76.211,77.619,78.85,79.873,80.66,81.196,81.482,81.539,81.414,81.177,80.911,80.701,80.611,80.674,80.899
80520.0,54.933,57.205,59.382,61.485,63.528,65.52,67.463,69.355,71.189,72.951,74.621,76.177,77.587,78.822,79.848,80.64,81.181,81.472,81.533,81.411,81.176,80.912,80.702,80.613,80.675,80.9
80580.0,54.914,57.183,59.357,61.457,63.498,65.488,67.429,69.32,71.153,72.914,74.586,76.142,77.556,78.794,79.824,80.621,81.167,81.462,81.527,81.409,81.176,80.913,80.704,80.614,80.677,80.901
80640.0,54.896,57.161,59.332,61.43,63.468,65.456,67.395,69.284,71.116,72.878,74.55,76.109,77.524,78.765,79.8,80.601,81.152,81.451,81.521,81.406,81.176,80.915,80.706,80.616,80.678,80.902
80700.0,54.878,57.14,59.308,61.403,63.438,65.424,67.361,69.249,71.08,72.842,74.515,76.075,77.493,78.737,79.776,80.581,81.137,81.441,81.515,81.403,81.176,80.916,80.708,80.618,80.679,80.903
80760.0,54.86,57.119,59.284,61.376,63.409,65.392,67.328,69.214,71.045,72.806,74.479,76.041,77.461,78.709,79.751,80.561,81.122,81.43,81.508,81.401,81.175,80.917,80.709,80.619,80.68,80.904
80820.0,54.842,57.098,59.259,61.349,63.379,65.36,67.294,69.179,71.009,72.77,74.444,76.007,77.43,78.681,79.727,80.542,81.107,81.42,81.502,81.398,81.175,80.918,80.711,80.621,80.682,80.905
80880.0,54.824,57.077,59.235,61.322,63.35,65.329,67.261,69.145,70.974,72.734,74.409,75.974,77.399,78.653,79.703,80.522,81.091,81.409,81.496,81.395,81.175,80.919,80.713,80.622,80.683,80.906
80940.0,54.807,57.056,59.212,61.295,63.321,65.297,67.228,69.11,70.938,72.699,74.374,75.94,77.368,78.625,79.679,80.502,81.076,81.399,81.489,81.392,81.175,80.921,80.715,80.624,80.684,80.907
81000.0,54.789,57.035,59.188,61.269,63.292,65.266,67.195,69.076,70.903,72.664,74.339,75.907,77.337,78.597,79.655,80.482,81.061,81.388,81.483,81.389,81.174,80.922,80.716,80.626,80.685,80.909
81060.0,54.772,57.014,59.164,61.242,63.263,65.235,67.162,69.042,70.868,72.628,74.305,75.873,77.306,78.569,79.631,80.463,81.046,81.378,81.477,81.386,81.174,80.923,80.718,80.627,80.687,80.91
81120.0,54.754,56.994,59.141,61.216,63.235,65.204,67.129,69.008,70.833,72.593,74.27,75.84,77.275,78.541,79.607,80.443,81.031,81.367,81.47,81.383,81.173,80.924,80.72,80.629,80.688,80.911
81180.0,54.737,56.973,59.117,61.19,63.206,65.174,67.097,68.974,70.799,72.559,74.236,75.807,77.244,78.513,79.582,80.423,81.016,81.357,81.464,81.38,81.173,80.925,80.721,80.63,80.689,80.912
81240.0,54.72,56.953,59.094,61.164,63.178,65.143,67.065,68.94,70.764,72.524,74.202,75.774,77.213,78.485,79.558,80.403,81.0,81.346,81.457,81.377,81.172,80.926,80.723,80.632,80.69,80.913
81300.0,54.703,56.933,59.071,61.139,63.15,65.113,67.033,68.907,70.73,72.489,74.168,75.741,77.182,78.457,79.534,80.383,80.985,81.335,81.451,81.374,81.172,80.927,80.725,80.634,80.692,80.914
81360.0,54.685,56.913,59.048,61.113,63.122,65.083,67.001,68.874,70.696,72.455,74.134,75.709,77.151,78.43,79.51,80.364,80.97,81.324,81.444,81.371,81.171,80.928,80.726,80.635,80.693,80.915
81420.0,54.669,56.893,59.025,61.087,63.094,65.053,66.969,68.84,70.662,72.42,74.1,75.676,77.121,78.402,79.486,80.344,80.955,81.314,81.437,81.368,81.171,80.929,80.728,80.637,80.694,80.917
81480.0,54.652,56.873,59.002,61.062,63.066,65.023,66.937,68.808,70.628,72.386,74.066,75.643,77.09,78.374,79.462,80.324,80.939,81.303,81.431,81.365,81.17,80.93,80.73,80.638,80.695,80.918
81540.0,54.635,56.853,58.98,61.037,63.038,64.993,66.906,68.775,70.594,72.352,74.032,75.611,77.06,78.347,79.438,80.304,80.924,81.292,81.424,81.362,81.17,80.931,80.731,80.64,80.697,80.919
81600.0,54.618,56.833,58.957,61.012,63.011,64.964,66.875,68.742,70.56,72.318,73.999,75.579,77.029,78.319,79.414,80.284,80.909,81.281,81.417,81.358,81.169,80.932,80.733,80.641,80.698,80.92
81660.0,54.601,56.814,58.935,60.987,62.984,64.935,66.843,68.709,70.527,72.285,73.965,75.546,76.999,78.292,79.39,80.265,80.893,81.27,81.411,81.355,81.168,80.933,80.735,80.643,80.699,80.921
81720.0,54.585,56.794,58.913,60.962,62.957,64.905,66.812,68.677,70.494,72.251,73.932,75.514,76.969,78.264,79.366,80.245,80.878,81.259,81.404,81.352,81.168,80.934,80.736,80.645,80.7,80.922
81780.0,54.568,56.775,58.89,60.937,62.929,64.876,66.782,68.645,70.461,72.218,73.899,75.482,76.939,78.237,79.342,80.225,80.862,81.248,81.397,81.348,81.167,80.935,80.738,80.646,80.702,80.923
81840.0,54.552,56.755,58.868,60.913,62.903,64.847,66.751,68.613,70.428,72.184,73.866,75.45,76.909,78.209,79.318,80.205,80.847,81.237,81.39,81.345,81.166,80.936,80.739,80.648,80.703,80.925
81900.0,54.536,56.736,58.846,60.888,62.876,64.818,66.72,68.581,70.395,72.151,73.833,75.418,76.879,78.182,79.294,80.185,80.832,81.226,81.383,81.342,81.165,80.937,80.741,80.649,80.704,80.926
81960.0,54.519,56.717,58.825,60.864,62.849,64.79,66.69,68.549,70.362,72.118,73.8,75.386,76.849,78.155,79.271,80.165,80.816,81.215,81.376,81.338,81.165,80.937,80.742,80.651,80.706,80.927
82020.0,54.503,56.698,58.803,60.84,62.823,64.761,66.66,68.517,70.329,72.085,73.767,75.355,76.819,78.127,79.247,80.145,80.801,81.204,81.369,81.335,81.164,80.938,80.744,80.652,80.707,80.928
82080.0,54.487,56.679,58.781,60.816,62.796,64.733,66.63,68.486,70.297,72.052,73.735,75.323,76.789,78.1,79.223,80.126,80.785,81.193,81.362,81.331,81.163,80.939,80.746,80.654,80.708,80.929
82140.0,54.471,56.66,58.76,60.792,62.77,64.705,66.6,68.455,70.265,72.019,73.702,75.292,76.759,78.073,79.199,80.106,80.77,81.182,81.355,81.328,81.162,80.94,80.747,80.656,80.709,80.931
82200.0,54.455,56.641,58.738,60.768,62.744,64.677,66.57,68.423,70.233,71.987,73.67,75.26,76.73,78.046,79.175,80.086,80.754,81.171,81.348,81.324,81.161,80.941,80.749,80.657,80.711,80.932
82260.0,54.439,56.622,58.717,60.744,62.718,64.649,66.54,68.392,70.201,71.954,73.638,75.229,76.7,78.019,79.151,80.066,80.738,81.16,81.341,81.321,81.16,80.941,80.75,80.659,80.712,80.933
82320.0,54.423,56.604,58.696,60.72,62.692,64.621,66.511,68.362,70.169,71.922,73.606,75.198,76.67,77.992,79.128,80.046,80.723,81.148,81.334,81.317,81.159,80.942,80.752,80.66,80.713,80.934
82380.0,54.407,56.585,58.675,60.697,62.667,64.593,66.481,68.331,70.137,71.89,73.574,75.167,76.641,77.965,79.104,80.026,80.707,81.137,81.327,81.314,81.158,80.943,80.753,80.662,80.715,80.935
82440.0,54.392,56.567,58.654,60.673,62.641,64.565,66.452,68.3,70.105,71.858,73.542,75.136,76.612,77.938,79.08,80.006,80.692,81.126,81.32,81.31,81.158,80.944,80.754,80.663,80.716,80.937
82500.0,54.376,56.548,58.633,60.65,62.615,64.538,66.423,68.27,70.074,71.826,73.51,75.105,76.582,77.911,79.057,79.987,80.676,81.115,81.313,81.306,81.156,80.944,80.756,80.665,80.717,80.938
82560.0,54.361,56.53,58.612,60.627,62.59,64.511,66.394,68.239,70.043,71.794,73.478,75.074,76.553,77.884,79.033,79.967,80.66,81.103,81.305,81.302,81.155,80.945,80.757,80.666,80.718,80.939
82620.0,54.345,56.512,58.591,60.604,62.565,64.484,66.365,68.209,70.011,71.763,73.447,75.043,76.524,77.857,79.009,79.947,80.645,81.092,81.298,81.299,81.154,80.946,80.759,80.668,80.72,80.94
82680.0,54.33,56.494,58.57,60.581,62.54,64.456,66.336,68.179,69.98,71.731,73.416,75.012,76.495,77.831,78.986,79.927,80.629,81.081,81.291,81.295,81.153,80.946,80.76,80.669,80.721,80.941
82740.0,54.314,56.476,58.55,60.558,62.515,64.43,66.307,68.149,69.949,71.7,73.384,74.982,76.466,77.804,78.962,79.907,80.613,81.069,81.284,81.291,81.152,80.947,80.762,80.671,80.722,80.943
82800.0,54.299,56.458,58.53,60.535,62.49,64.403,66.279,68.119,69.919,71.668,73.353,74.951,76.437,77.777,78.939,79.887,80.598,81.058,81.276,81.287,81.151,80.948,80.763,80.672,80.724,80.944
82860.0,54.284,56.44,58.509,60.513,62.465,64.376,66.251,68.089,69.888,71.637,73.322,74.921,76.408,77.751,78.915,79.867,80.582,81.046,81.269,81.283,81.15,80.948,80.765,80.674,80.725,80.945
82920.0,54.269,56.422,58.489,60.49,62.44,64.349,66.222,68.06,69.857,71.606,73.291,74.891,76.379,77.724,78.891,79.848,80.566,81.035,81.261,81.279,81.149,80.949,80.766,80.675,80.726,80.946
82980.0,54.253,56.404,58.469,60.468,62.416,64.323,66.194,68.03,69.827,71.575,73.26,74.861,76.351,77.698,78.868,79.828,80.551,81.023,81.254,81.276,81.147,80.949,80.767,80.677,80.727,80.947
83040.0,54.238,56.387,58.449,60.445,62.391,64.297,66.166,68.001,69.797,71.544,73.229,74.831,76.322,77.671,78.845,79.808,80.535,81.012,81.246,81.272,81.146,80.95,80.769,80.678,80.729,80.949
83100.0,54.223,56.369,58.429,60.423,62.367,64.27,66.138,67.972,69.766,71.514,73.198,74.801,76.293,77.645,78.821,79.788,80.519,81.0,81.239,81.268,81.145,80.95,80.77,80.68,80.73,80.95
83160.0,54.209,56.352,58.409,60.401,62.343,64.244,66.111,67.943,69.736,71.483,73.168,74.771,76.265,77.619,78.798,79.768,80.503,80.989,81.231,81.264,81.144,80.951,80.771,80.681,80.731,80.951
83220.0,54.194,56.334,58.389,60.379,62.319,64.218,66.083,67.914,69.706,71.452,73.137,74.741,76.236,77.592,78.774,79.748,80.487,80.977,81.224,81.26,81.142,80.951,80.773,80.683,80.733,80.952
83280.0,54.179,56.317,58.369,60.357,62.295,64.192,66.056,67.885,69.677,71.422,73.107,74.711,76.208,77.566,78.751,79.729,80.472,80.966,81.216,81.255,81.141,80.952,80.774,80.684,80.734,80.954
83340.0,54.164,56.3,58.35,60.335,62.271,64.167,66.028,67.856,69.647,71.392,73.077,74.681,76.18,77.54,78.728,79.709,80.456,80.954,81.209,81.251,81.14,80.952,80.775,80.686,80.735,80.955
83400.0,54.149,56.282,58.33,60.313,62.247,64.141,66.001,67.827,69.617,71.362,73.047,74.652,76.151,77.514,78.704,79.689,80.44,80.942,81.201,81.247,81.138,80.953,80.777,80.687,80.737,80.956
83460.0,54.135,56.265,58.311,60.292,62.223,64.115,65.974,67.799,69.588,71.332,73.017,74.622,76.123,77.488,78.681,79.669,80.424,80.931,81.193,81.243,81.137,80.953,80.778,80.689,80.738,80.957
83520.0,54.12,56.248,58.291,60.27,62.2,64.09,65.947,67.771,69.558,71.302,72.987,74.593,76.095,77.462,78.658,79.65,80.408,80.919,81.186,81.239,81.135,80.953,80.779,80.69,80.739,80.959
83580.0,54.106,56.231,58.272,60.248,62.176,64.065,65.92,67.742,69.529,71.272,72.957,74.564,76.067,77.436,78.635,79.63,80.393,80.907,81.178,81.235,81.134,80.954,80.781,80.692,80.74,80.96
83640.0,54.091,56.214,58.253,60.227,62.153,64.039,65.893,67.714,69.5,71.242,72.927,74.535,76.039,77.41,78.611,79.61,80.377,80.895,81.17,81.23,81.132,80.954,80.782,80.693,80.742,80.961
83700.0,54.077,56.198,58.233,60.206,62.129,64.014,65.866,67.686,69.471,71.213,72.897,74.506,76.011,77.384,78.588,79.59,80.361,80.884,81.162,81.226,81.131,80.954,80.783,80.695,80.743,80.962
83760.0,54.063,56.181,58.214,60.185,62.106,63.989,65.84,67.658,69.442,71.183,72.868,74.476,75.984,77.358,78.565,79.571,80.345,80.872,81.155,81.222,81.129,80.955,80.784,80.696,80.744,80.964
83820.0,54.048,56.164,58.195,60.163,62.083,63.964,65.813,67.63,69.413,71.154,72.838,74.448,75.956,77.332,78.542,79.551,80.329,80.86,81.147,81.218,81.128,80.955,80.786,80.698,80.746,80.965
83880.0,54.034,56.147,58.176,60.142,62.06,63.94,65.787,67.603,69.385,71.124,72.809,74.419,75.928,77.307,78.519,79.531,80.313,80.848,81.139,81.213,81.126,80.955,80.787,80.699,80.747,80.966
83940.0,54.02,56.131,58.158,60.121,62.037,63.915,65.76,67.575,69.356,71.095,72.78,74.39,75.901,77.281,78.496,79.511,80.297,80.836,81.131,81.209,81.125,80.956,80.788,80.7,80.748,80.967
84000.0,54.006,56.114,58.139,60.101,62.014,63.89,65.734,67.548,69.328,71.066,72.751,74.361,75.873,77.255,78.473,79.492,80.281,80.824,81.123,81.204,81.123,80.956,80.789,80.702,80.75,80.969
84060.0,53.992,56.098,58.12,60.08,61.992,63.866,65.708,67.52,69.299,71.037,72.721,74.333,75.846,77.23,78.45,79.472,80.265,80.813,81.115,81.2,81.121,80.956,80.79,80.703,80.751,80.97
84120.0,53.978,56.082,58.102,60.059,61.969,63.842,65.682,67.493,69.271,71.008,72.692,74.304,75.818,77.204,78.427,79.452,80.249,80.801,81.107,81.195,81.12,80.956,80.792,80.705,80.752,80.971
84180.0,53.964,56.065,58.083,60.039,61.947,63.817,65.656,67.466,69.243,70.98,72.664,74.276,75.791,77.179,78.404,79.433,80.234,80.789,81.099,81.191,81.118,80.956,80.793,80.706,80.754,80.973
84240.0,53.95,56.049,58.065,60.018,61.924,63.793,65.631,67.439,69.215,70.951,72.635,74.247,75.764,77.153,78.381,79.413,80.218,80.777,81.091,81.186,81.116,80.957,80.794,80.708,80.755,80.974
84300.0,53.936,56.033,58.046,59.998,61.902,63.769,65.605,67.412,69.187,70.922,72.606,74.219,75.736,77.128,78.358,79.393,80.202,80.765,81.083,81.182,81.115,80.957,80.795,80.709,80.756,80.975
84360.0,53.922,56.017,58.028,59.977,61.88,63.745,65.58,67.385,69.159,70.894,72.578,74.191,75.709,77.102,78.336,79.374,80.186,80.753,81.075,81.177,81.113,80.957,80.796,80.71,80.757,80.976
84420.0,53.909,56.001,58.01,59.957,61.857,63.721,65.554,67.358,69.131,70.866,72.549,74.163,75.682,77.077,78.313,79.354,80.17,80.741,81.067,81.173,81.111,80.957,80.797,80.712,80.759,80.978
84480.0,53.895,55.985,57.992,59.937,61.835,63.697,65.529,67.332,69.104,70.837,72.521,74.135,75.655,77.052,78.29,79.334,80.154,80.729,81.059,81.168,81.109,80.957,80.798,80.713,80.76,80.979
84540.0,53.881,55.969,57.973,59.917,61.813,63.674,65.504,67.305,69.076,70.809,72.492,74.107,75.628,77.027,78.267,79.315,80.138,80.717,81.051,81.163,81.107,80.957,80.799,80.715,80.761,80.98
84600.0,53.868,55.953,57.955,59.897,61.791,63.65,65.478,67.279,69.049,70.781,72.464,74.079,75.602,77.002,78.245,79.295,80.122,80.705,81.042,81.159,81.105,80.957,80.801,80.716,80.763,80.981
84660.0,53.854,55.937,57.937,59.877,61.77,63.626,65.453,67.252,69.021,70.753,72.436,74.051,75.575,76.977,78.222,79.276,80.106,80.693,81.034,81.154,81.104,80.957,80.802,80.717,80.764,80.983
84720.0,53.841,55.921,57.92,59.857,61.748,63.603,65.428,67.226,68.994,70.725,72.408,74.024,75.548,76.952,78.199,79.256,80.09,80.681,81.026,81.149,81.102,80.957,80.803,80.719,80.765,80.984
84780.0,53.827,55.905,57.902,59.837,61.726,63.58,65.404,67.2,68.967,70.698,72.38,73.996,75.521,76.927,78.177,79.236,80.074,80.669,81.018,81.145,81.1,80.957,80.804,80.72,80.767,80.985
84840.0,53.814,55.89,57.884,59.817,61.705,63.556,65.379,67.174,68.94,70.67,72.352,73.968,75.495,76.902,78.154,79.217,80.058,80.656,81.009,81.14,81.098,80.957,80.805,80.721,80.768,80.987
84900.0,53.8,55.874,57.866,59.798,61.683,63.533,65.354,67.148,68.913,70.642,72.324,73.941,75.468,76.877,78.132,79.197,80.042,80.644,81.001,81.135,81.096,80.957,80.806,80.723,80.769,80.988
84960.0,53.787,55.859,57.849,59.778,61.662,63.51,65.33,67.122,68.886,70.615,72.297,73.914,75.442,76.852,78.109,79.178,80.026,80.632,80.993,81.13,81.094,80.957,80.807,80.724,80.771,80.989
85020.0,53.774,55.843,57.831,59.759,61.64,63.487,65.305,67.097,68.86,70.588,72.269,73.886,75.416,76.827,78.087,79.158,80.01,80.62,80.985,81.125,81.092,80.957,80.808,80.726,80.772,80.991
85080.0,53.761,55.828,57.814,59.739,61.619,63.464,65.281,67.071,68.833,70.56,72.242,73.859,75.389,76.802,78.064,79.139,79.994,80.608,80.976,81.12,81.09,80.957,80.809,80.727,80.773,80.992
85140.0,53.747,55.813,57.796,59.72,61.598,63.442,65.257,67.045,68.806,70.533,72.214,73.832,75.363,76.778,78.042,79.119,79.978,80.596,80.968,81.116,81.088,80.957,80.81,80.728,80.775,80.993
85200.0,53.734,55.797,57.779,59.701,61.577,63.419,65.232,67.02,68.78,70.506,72.187,73.805,75.337,76.753,78.019,79.1,79.962,80.583,80.959,81.111,81.085,80.957,80.811,80.73,80.776,80.994
85260.0,53.721,55.782,57.762,59.681,61.556,63.396,65.208,66.995,68.754,70.479,72.16,73.778,75.311,76.728,77.997,79.08,79.946,80.571,80.951,81.106,81.083,80.957,80.812,80.731,80.777,80.996
85320.0,53.708,55.767,57.744,59.662,61.535,63.374,65.184,66.969,68.727,70.452,72.132,73.751,75.285,76.704,77.975,79.061,79.93,80.559,80.942,81.101,81.081,80.957,80.813,80.732,80.778,80.997
85380.0,53.695,55.752,57.727,59.643,61.514,63.351,65.16,66.944,68.701,70.425,72.105,73.724,75.259,76.679,77.952,79.042,79.914,80.547,80.934,81.096,81.079,80.956,80.814,80.734,80.78,80.998
85440.0,53.682,55.737,57.71,59.624,61.494,63.329,65.137,66.919,68.675,70.399,72.078,73.697,75.233,76.655,77.93,79.022,79.898,80.534,80.925,81.091,81.077,80.956,80.815,80.735,80.781,81.0
85500.0,53.669,55.722,57.693,59.605,61.473,63.307,65.113,66.894,68.649,70.372,72.051,73.671,75.207,76.631,77.908,79.003,79.882,80.522,80.917,81.086,81.075,80.956,80.816,80.736,80.782,81.001
85560.0,53.657,55.707,57.676,59.586,61.452,63.284,65.089,66.869,68.623,70.345,72.025,73.644,75.181,76.606,77.886,78.983,79.866,80.51,80.908,81.08,81.072,80.956,80.817,80.738,80.784,81.002
85620.0,53.644,55.692,57.659,59.568,61.432,63.262,65.066,66.844,68.597,70.319,71.998,73.618,75.155,76.582,77.864,78.964,79.85,80.497,80.9,81.075,81.07,80.956,80.817,80.739,80.785,81.004
85680.0,53.631,55.677,57.643,59.549,61.411,63.24,65.042,66.82,68.572,70.292,71.971,73.591,75.13,76.558,77.841,78.945,79.834,80.485,80.891,81.07,81.068,80.955,80.818,80.74,80.786,81.005
85740.0,53.618,55.662,57.626,59.53,61.391,63.218,65.019,66.795,68.546,70.266,71.945,73.565,75.104,76.534,77.819,78.925,79.818,80.473,80.883,81.065,81.065,80.955,80.819,80.742,80.788,81.006
85800.0,53.606,55.647,57.609,59.512,61.371,63.196,64.995,66.77,68.521,70.24,71.918,73.538,75.079,76.509,77.797,78.906,79.802,80.46,80.874,81.06,81.063,80.955,80.82,80.743,80.789,81.008
85860.0,53.593,55.633,57.592,59.493,61.351,63.175,64.972,66.746,68.495,70.214,71.892,73.512,75.053,76.485,77.775,78.887,79.786,80.448,80.865,81.055,81.061,80.954,80.821,80.744,80.79,81.009
85920.0,53.581,55.618,57.576,59.475,61.33,63.153,64.949,66.722,68.47,70.188,71.865,73.486,75.028,76.461,77.753,78.868,79.77,80.436,80.857,81.049,81.058,80.954,80.822,80.745,80.792,81.01
85980.0,53.568,55.603,57.559,59.457,61.31,63.131,64.926,66.697,68.444,70.162,71.839,73.46,75.002,76.437,77.731,78.848,79.754,80.423,80.848,81.044,81.056,80.954,80.823,80.747,80.793,81.011
86040.0,53.555,55.589,57.543,59.438,61.29,63.11,64.903,66.673,68.419,70.136,71.813,73.434,74.977,76.413,77.709,78.829,79.738,80.411,80.839,81.039,81.054,80.953,80.823,80.748,80.794,81.013
86100.0,53.543,55.574,57.526,59.42,61.27,63.088,64.88,66.649,68.394,70.11,71.787,73.408,74.952,76.389,77.688,78.81,79.722,80.399,80.831,81.034,81.051,80.953,80.824,80.749,80.796,81.014
86160.0,53.531,55.56,57.51,59.402,61.251,63.067,64.857,66.625,68.369,70.085,71.761,73.382,74.927,76.366,77.666,78.791,79.706,80.386,80.822,81.028,81.049,80.953,80.825,80.751,80.797,81.015
86220.0,53.518,55.545,57.494,59.384,61.231,63.045,64.835,66.601,68.344,70.059,71.735,73.356,74.901,76.342,77.644,78.771,79.69,80.374,80.813,81.023,81.046,80.952,80.826,80.752,80.798,81.017
86280.0,53.506,55.531,57.477,59.366,61.211,63.024,64.812,66.577,68.319,70.033,71.709,73.331,74.876,76.318,77.622,78.752,79.674,80.361,80.804,81.018,81.044,80.952,80.827,80.753,80.799,81.018
86340.0,53.494,55.517,57.461,59.348,61.191,63.003,64.789,66.553,68.295,70.008,71.683,73.305,74.851,76.294,77.6,78.733,79.658,80.349,80.795,81.012,81.041,80.951,80.827,80.754,80.801,81.019
