local_time_s,0.00000,0.00317,0.00674,0.01077,0.01531,0.02043,0.02620,0.03271,0.04005,0.04832,0.05765,0.06817,0.08003,0.09340,0.10848,0.12548,0.14465,0.16626,0.19062,0.21809,0.24907,0.28399,0.32337,0.36776,0.41782,0.47426,0.53789,0.60964,0.69054,0.78175,0.88458,1.00053,1.13127,1.27867,1.44486,1.63225,1.84352,2.08173,2.35032,2.65314,2.99458,3.37954,3.81359,4.30298,4.85477,5.47690,6.17836,6.96925,7.86098,8.86639,10.00000
0.0,89.223,102.852,115.758,128.023,139.7,150.823,161.406,171.45,180.944,189.861,198.159,205.782,212.656,218.696,223.803,227.878,230.836,232.635,233.31,233.017,232.059,230.865,229.891,229.461,229.644,230.274,231.101,231.96,232.822,233.726,234.706,235.771,236.918,238.145,239.447,240.819,242.25,243.727,245.232,246.745,248.241,249.693,251.075,252.361,253.536,254.598,255.568,256.506,257.526,258.825,260.726
60.0,89.198,102.814,115.709,127.964,139.633,150.747,161.324,171.364,180.854,189.77,198.068,205.693,212.572,218.618,223.733,227.818,230.788,232.6,233.289,233.009,232.061,230.873,229.901,229.47,229.653,230.282,231.108,231.969,232.832,233.737,234.719,235.784,236.932,238.16,239.463,240.835,242.266,243.743,245.249,246.762,248.257,249.708,251.088,252.373,253.546,254.605,255.573,256.508,257.525,258.823,260.725
120.0,89.174,102.776,115.66,127.906,139.565,150.672,161.242,171.277,180.765,189.678,197.977,205.604,212.487,218.539,223.662,227.757,230.739,232.564,233.266,232.997,232.059,230.877,229.906,229.475,229.655,230.282,231.108,231.969,232.832,233.737,234.719,235.784,236.932,238.16,239.463,240.835,242.266,243.743,245.249,246.762,248.257,249.708,251.088,252.373,253.546,254.605,255.573,256.508,257.526,258.823,260.725
180.0,89.15,102.739,115.612,127.847,139.498,150.597,161.161,171.191,180.675,189.587,197.886,205.516,212.403,218.461,223.592,227.697,230.69,232.528,233.243,232.986,232.057,230.881,229.912,229.479,229.657,230.283,231.108,231.968,232.832,233.737,234.719,235.784,236.932,238.16,239.463,240.835,242.266,243.743,245.249,246.762,248.257,249.708,251.088,252.373,253.546,254.605,255.573,256.508,257.526,258.823,260.725
240.0,89.127,102.702,115.563,127.788,139.43,150.522,161.079,171.105,180.586,189.497,197.796,205.427,212.318,218.382,223.521,227.636,230.642,232.492,233.22,232.975,232.055,230.884,229.918,229.484,229.66,230.283,231.108,231.968,232.832,233.737,234.719,235.784,236.932,238.16,239.463,240.835,242.266,243.743,245.249,246.762,248.257,249.708,251.088,252.373,253.546,254.605,255.573,256.508,257.526,258.823,260.725
300.0,89.104,102.666,115.515,127.73,139.363,150.447,160.998,171.019,180.497,189.406,197.706,205.339,212.234,218.304,223.451,227.576,230.593,232.456,233.196,232.964,232.053,230.888,229.923,229.488,229.662,230.284,231.108,231.968,232.832,233.737,234.718,235.784,236.932,238.16,239.463,240.835,242.266,243.743,245.249,246.762,248.257,249.708,251.088,252.373,253.546,254.605,255.573,256.508,257.526,258.823,260.725
360.0,89.081,102.63,115.467,127.672,139.296,150.372,160.917,170.933,180.408,189.316,197.615,205.251,212.15,218.226,223.381,227.516,230.544,232.42,233.173,232.952,232.051,230.892,229.929,229.493,229.664,230.284,231.107,231.968,232.831,233.737,234.718,235.784,236.932,238.16,239.463,240.835,242.266,243.743,245.249,246.762,248.257,249.708,251.088,252.373,253.546,254.605,255.573,256.508,257.526,258.823,260.725
420.0,89.058,102.594,115.42,127.614,139.229,150.298,160.837,170.848,180.319,189.226,197.526,205.163,212.066,218.148,223.311,227.455,230.495,232.383,233.15,232.941,232.049,230.896,229.934,229.497,229.666,230.285,231.107,231.967,232.831,233.737,234.718,235.784,236.932,238.16,239.463,240.835,242.266,243.743,245.249,246.762,248.257,249.708,251.088,252.373,253.546,254.605,255.573,256.508,257.526,258.823,260.725
480.0,89.035,102.558,115.372,127.556,139.162,150.224,160.756,170.763,180.231,189.136,197.436,205.076,211.982,218.07,223.241,227.395,230.446,232.347,233.126,232.929,232.047,230.899,229.94,229.502,229.669,230.285,231.107,231.967,232.831,233.737,234.718,235.784,236.932,238.16,239.463,240.835,242.266,243.743,245.249,246.762,248.257,249.708,251.088,252.373,253.546,254.605,255.573,256.508,257.526,258.823,260.725
540.0,89.013,102.523,115.325,127.498,139.096,150.15,160.676,170.678,180.143,189.046,197.347,204.988,211.899,217.992,223.171,227.335,230.397,232.311,233.103,232.917,232.045,230.903,229.945,229.506,229.671,230.286,231.107,231.967,232.831,233.737,234.718,235.784,236.932,238.16,239.463,240.835,242.266,243.743,245.249,246.762,248.257,249.708,251.088,252.373,253.546,254.605,255.573,256.508,257.526,258.823,260.725
600.0,88.99,102.487,115.278,127.441,139.029,150.076,160.596,170.593,180.055,188.957,197.257,204.901,211.816,217.915,223.101,227.275,230.349,232.274,233.079,232.906,232.043,230.906,229.951,229.51,229.673,230.286,231.107,231.967,232.831,233.737,234.718,235.784,236.932,238.16,239.463,240.835,242.266,243.743,245.249,246.762,248.257,249.708,251.088,252.373,253.546,254.605,255.573,256.508,257.526,258.823,260.725
660.0,88.968,102.452,115.231,127.384,138.963,150.002,160.516,170.509,179.968,188.868,197.168,204.814,211.732,217.837,223.031,227.215,230.3,232.238,233.056,232.894,232.04,230.91,229.956,229.515,229.675,230.287,231.106,231.966,232.831,233.737,234.718,235.784,236.932,238.159,239.462,240.835,242.266,243.743,245.249,246.762,248.257,249.708,251.088,252.373,253.546,254.605,255.573,256.508,257.526,258.823,260.725
720.0,88.945,102.416,115.184,127.327,138.897,149.928,160.437,170.424,179.88,188.779,197.08,204.727,211.649,217.76,222.962,227.155,230.251,232.202,233.032,232.882,232.038,230.913,229.962,229.519,229.678,230.288,231.106,231.966,232.831,233.737,234.718,235.784,236.932,238.159,239.462,240.835,242.266,243.743,245.249,246.761,248.257,249.708,251.088,252.373,253.546,254.605,255.573,256.508,257.526,258.823,260.725
780.0,88.923,102.381,115.137,127.27,138.832,149.855,160.357,170.34,179.793,188.69,196.991,204.64,211.566,217.683,222.892,227.095,230.202,232.165,233.008,232.87,232.035,230.917,229.967,229.524,229.68,230.288,231.106,231.966,232.83,233.737,234.718,235.784,236.932,238.159,239.462,240.834,242.266,243.743,245.249,246.761,248.257,249.708,251.088,252.373,253.546,254.605,255.573,256.508,257.526,258.823,260.725
840.0,88.901,102.346,115.091,127.213,138.766,149.782,160.278,170.257,179.706,188.602,196.903,204.554,211.484,217.606,222.823,227.035,230.154,232.129,232.985,232.858,232.033,230.92,229.972,229.528,229.682,230.289,231.106,231.965,232.83,233.737,234.718,235.784,236.932,238.159,239.462,240.834,242.266,243.743,245.249,246.761,248.257,249.708,251.088,252.373,253.545,254.605,255.573,256.508,257.526,258.823,260.725
900.0,88.879,102.311,115.044,127.156,138.701,149.709,160.199,170.173,179.619,188.513,196.815,204.468,211.401,217.529,222.754,226.975,230.105,232.093,232.961,232.846,232.03,230.923,229.978,229.533,229.685,230.289,231.106,231.965,232.83,233.737,234.718,235.784,236.932,238.159,239.462,240.834,242.266,243.743,245.249,246.761,248.257,249.708,251.088,252.373,253.545,254.605,255.573,256.508,257.526,258.823,260.725
960.0,88.856,102.277,114.998,127.1,138.635,149.637,160.12,170.09,179.533,188.425,196.727,204.382,211.319,217.452,222.685,226.915,230.056,232.056,232.937,232.834,232.028,230.927,229.983,229.537,229.687,230.29,231.105,231.965,232.83,233.736,234.718,235.784,236.932,238.159,239.462,240.834,242.266,243.743,245.249,246.761,248.257,249.708,251.088,252.373,253.545,254.605,255.573,256.508,257.526,258.823,260.725
1020.0,88.834,102.242,114.952,127.044,138.57,149.564,160.042,170.007,179.447,188.337,196.639,204.296,211.237,217.376,222.615,226.856,230.008,232.02,232.913,232.822,232.025,230.93,229.988,229.541,229.689,230.29,231.105,231.965,232.83,233.736,234.718,235.784,236.932,238.159,239.462,240.834,242.266,243.743,245.248,246.761,248.257,249.708,251.088,252.373,253.545,254.605,255.573,256.508,257.526,258.823,260.725
1080.0,88.812,102.207,114.906,126.988,138.506,149.492,159.964,169.924,179.361,188.25,196.551,204.21,211.155,217.299,222.546,226.796,229.959,231.983,232.889,232.81,232.022,230.933,229.994,229.546,229.692,230.291,231.105,231.964,232.83,233.736,234.718,235.784,236.932,238.159,239.462,240.834,242.266,243.743,245.248,246.761,248.257,249.708,251.088,252.373,253.545,254.605,255.573,256.508,257.526,258.823,260.725
1140.0,88.79,102.173,114.86,126.932,138.441,149.42,159.886,169.841,179.275,188.162,196.464,204.124,211.073,217.223,222.478,226.736,229.91,231.947,232.865,232.798,232.019,230.936,229.999,229.55,229.694,230.292,231.105,231.964,232.83,233.736,234.718,235.784,236.932,238.159,239.462,240.834,242.266,243.743,245.248,246.761,248.257,249.708,251.088,252.373,253.545,254.605,255.573,256.508,257.526,258.823,260.725
1200.0,88.768,102.138,114.814,126.876,138.376,149.348,159.808,169.758,179.189,188.075,196.377,204.039,210.991,217.147,222.409,226.677,229.862,231.91,232.841,232.785,232.016,230.939,230.004,229.555,229.696,230.292,231.105,231.964,232.83,233.736,234.718,235.784,236.932,238.159,239.462,240.834,242.266,243.743,245.248,246.761,248.257,249.708,251.088,252.373,253.545,254.605,255.573,256.508,257.526,258.823,260.725
1260.0,88.747,102.104,114.769,126.821,138.312,149.276,159.73,169.676,179.104,187.988,196.29,203.954,210.909,217.07,222.34,226.617,229.813,231.874,232.817,232.773,232.013,230.942,230.009,229.559,229.699,230.293,231.105,231.964,232.829,233.736,234.718,235.784,236.932,238.159,239.462,240.834,242.266,243.743,245.248,246.761,248.257,249.708,251.088,252.373,253.545,254.605,255.573,256.508,257.526,258.823,260.725
1320.0,88.725,102.07,114.724,126.765,138.248,149.205,159.653,169.594,179.019,187.901,196.203,203.869,210.828,216.995,222.271,226.558,229.765,231.837,232.793,232.76,232.01,230.945,230.014,229.563,229.701,230.293,231.104,231.963,232.829,233.736,234.718,235.783,236.932,238.159,239.462,240.834,242.265,243.743,245.248,246.761,248.257,249.708,251.088,252.373,253.545,254.605,255.573,256.508,257.526,258.823,260.725
1380.0,88.703,102.036,114.678,126.71,138.184,149.134,159.575,169.512,178.934,187.815,196.117,203.784,210.747,216.919,222.203,226.499,229.716,231.801,232.769,232.748,232.007,230.948,230.019,229.568,229.703,230.294,231.104,231.963,232.829,233.736,234.718,235.783,236.931,238.159,239.462,240.834,242.265,243.743,245.248,246.761,248.257,249.708,251.088,252.373,253.545,254.605,255.573,256.508,257.526,258.823,260.725
1440.0,88.681,102.002,114.633,126.655,138.12,149.062,159.498,169.431,178.849,187.729,196.03,203.7,210.666,216.843,222.135,226.439,229.668,231.764,232.745,232.735,232.004,230.951,230.024,229.572,229.706,230.295,231.104,231.963,232.829,233.736,234.718,235.783,236.931,238.159,239.462,240.834,242.265,243.743,245.248,246.761,248.257,249.708,251.088,252.372,253.545,254.605,255.573,256.508,257.526,258.823,260.725
1500.0,88.66,101.968,114.588,126.6,138.057,148.992,159.421,169.349,178.764,187.642,195.944,203.615,210.585,216.767,222.066,226.38,229.619,231.728,232.721,232.723,232.001,230.954,230.03,229.576,229.708,230.295,231.104,231.963,232.829,233.736,234.718,235.783,236.931,238.159,239.462,240.834,242.265,243.743,245.248,246.761,248.257,249.708,251.088,252.372,253.545,254.605,255.573,256.508,257.526,258.823,260.725
1560.0,88.638,101.934,114.543,126.545,137.993,148.921,159.345,169.268,178.68,187.557,195.858,203.531,210.504,216.692,221.998,226.321,229.571,231.691,232.696,232.71,231.997,230.956,230.035,229.581,229.71,230.296,231.104,231.962,232.829,233.736,234.718,235.783,236.931,238.159,239.462,240.834,242.265,243.743,245.248,246.761,248.257,249.708,251.088,252.372,253.545,254.605,255.573,256.508,257.526,258.823,260.725
1620.0,88.617,101.9,114.498,126.491,137.93,148.85,159.268,169.187,178.596,187.471,195.773,203.447,210.423,216.617,221.93,226.262,229.522,231.655,232.672,232.697,231.994,230.959,230.04,229.585,229.713,230.297,231.104,231.962,232.829,233.736,234.717,235.783,236.931,238.159,239.462,240.834,242.265,243.742,245.248,246.761,248.257,249.708,251.088,252.372,253.545,254.605,255.573,256.508,257.526,258.823,260.725
1680.0,88.595,101.867,114.454,126.436,137.867,148.78,159.192,169.106,178.512,187.385,195.687,203.363,210.343,216.542,221.862,226.203,229.474,231.618,232.648,232.684,231.991,230.962,230.045,229.589,229.715,230.297,231.103,231.962,232.829,233.736,234.717,235.783,236.931,238.159,239.462,240.834,242.265,243.742,245.248,246.761,248.257,249.708,251.088,252.372,253.545,254.605,255.573,256.508,257.526,258.823,260.725
1740.0,88.574,101.833,114.409,126.382,137.804,148.71,159.116,169.026,178.428,187.3,195.602,203.279,210.263,216.467,221.794,226.144,229.426,231.582,232.623,232.671,231.987,230.964,230.049,229.594,229.717,230.298,231.103,231.962,232.828,233.736,234.717,235.783,236.931,238.159,239.462,240.834,242.265,243.742,245.248,246.761,248.257,249.708,251.088,252.372,253.545,254.605,255.573,256.508,257.526,258.823,260.725
1800.0,88.553,101.8,114.365,126.328,137.742,148.64,159.04,168.945,178.345,187.215,195.517,203.196,210.183,216.392,221.726,226.085,229.377,231.545,232.599,232.658,231.984,230.967,230.054,229.598,229.72,230.298,231.103,231.961,232.828,233.736,234.717,235.783,236.931,238.159,239.462,240.834,242.265,243.742,245.248,246.761,248.256,249.708,251.088,252.372,253.545,254.605,255.573,256.508,257.526,258.823,260.725
1860.0,88.531,101.766,114.321,126.274,137.679,148.57,158.965,168.865,178.262,187.13,195.432,203.113,210.103,216.317,221.659,226.026,229.329,231.508,232.574,232.645,231.98,230.969,230.059,229.602,229.722,230.299,231.103,231.961,232.828,233.736,234.717,235.783,236.931,238.159,239.462,240.834,242.265,243.742,245.248,246.761,248.256,249.708,251.088,252.372,253.545,254.605,255.573,256.508,257.526,258.823,260.725
1920.0,88.51,101.733,114.276,126.22,137.617,148.501,158.889,168.785,178.179,187.045,195.347,203.029,210.023,216.242,221.591,225.968,229.281,231.472,232.55,232.632,231.976,230.972,230.064,229.606,229.724,230.3,231.103,231.961,232.828,233.736,234.717,235.783,236.931,238.159,239.462,240.834,242.265,243.742,245.248,246.761,248.256,249.708,251.088,252.372,253.545,254.605,255.573,256.508,257.526,258.823,260.725
1980.0,88.489,101.7,114.232,126.166,137.555,148.432,158.814,168.705,178.096,186.961,195.262,202.946,209.943,216.168,221.523,225.909,229.232,231.435,232.525,232.619,231.973,230.974,230.069,229.611,229.727,230.3,231.103,231.961,232.828,233.735,234.717,235.783,236.931,238.158,239.462,240.834,242.265,243.742,245.248,246.761,248.256,249.708,251.088,252.372,253.545,254.605,255.573,256.508,257.526,258.823,260.725
2040.0,88.468,101.667,114.189,126.113,137.493,148.362,158.739,168.626,178.013,186.877,195.178,202.864,209.864,216.093,221.456,225.85,229.184,231.398,232.501,232.606,231.969,230.977,230.074,229.615,229.729,230.301,231.103,231.96,232.828,233.735,234.717,235.783,236.931,238.158,239.461,240.834,242.265,243.742,245.248,246.761,248.256,249.708,251.088,252.372,253.545,254.605,255.573,256.508,257.526,258.823,260.725
2100.0,88.447,101.634,114.145,126.059,137.431,148.294,158.664,168.547,177.931,186.792,195.094,202.781,209.784,216.019,221.389,225.792,229.136,231.362,232.476,232.593,231.965,230.979,230.079,229.619,229.731,230.302,231.102,231.96,232.828,233.735,234.717,235.783,236.931,238.158,239.461,240.834,242.265,243.742,245.248,246.761,248.256,249.708,251.088,252.372,253.545,254.605,255.573,256.508,257.526,258.823,260.725
2160.0,88.426,101.601,114.101,126.006,137.37,148.225,158.59,168.467,177.848,186.709,195.01,202.699,209.705,215.945,221.321,225.733,229.088,231.325,232.452,232.58,231.961,230.981,230.083,229.623,229.734,230.302,231.102,231.96,232.827,233.735,234.717,235.783,236.931,238.158,239.461,240.834,242.265,243.742,245.248,246.761,248.256,249.708,251.088,252.372,253.545,254.605,255.573,256.508,257.526,258.823,260.725
2220.0,88.405,101.568,114.058,125.953,137.308,148.156,158.515,168.389,177.766,186.625,194.926,202.616,209.626,215.871,221.254,225.675,229.04,231.289,232.427,232.566,231.957,230.983,230.088,229.628,229.736,230.303,231.102,231.96,232.827,233.735,234.717,235.783,236.931,238.158,239.461,240.833,242.265,243.742,245.248,246.761,248.256,249.708,251.088,252.372,253.545,254.605,255.573,256.508,257.526,258.823,260.725
2280.0,88.384,101.535,114.014,125.9,137.247,148.088,158.441,168.31,177.685,186.541,194.843,202.534,209.547,215.797,221.187,225.616,228.991,231.252,232.402,232.553,231.953,230.986,230.093,229.632,229.739,230.304,231.102,231.959,232.827,233.735,234.717,235.783,236.931,238.158,239.461,240.833,242.265,243.742,245.248,246.761,248.256,249.708,251.088,252.372,253.545,254.605,255.573,256.508,257.526,258.823,260.725
2340.0,88.363,101.503,113.971,125.847,137.186,148.02,158.367,168.231,177.603,186.458,194.759,202.452,209.468,215.723,221.12,225.558,228.943,231.215,232.377,232.539,231.949,230.988,230.097,229.636,229.741,230.305,231.102,231.959,232.827,233.735,234.717,235.783,236.931,238.158,239.461,240.833,242.265,243.742,245.248,246.761,248.256,249.708,251.088,252.372,253.545,254.605,255.573,256.508,257.526,258.823,260.725
2400.0,88.342,101.47,113.928,125.795,137.125,147.952,158.293,168.153,177.521,186.375,194.676,202.371,209.39,215.65,221.053,225.5,228.895,231.178,232.353,232.526,231.945,230.99,230.102,229.64,229.743,230.305,231.102,231.959,232.827,233.735,234.717,235.783,236.931,238.158,239.461,240.833,242.265,243.742,245.248,246.761,248.256,249.708,251.088,252.372,253.545,254.605,255.573,256.508,257.526,258.823,260.725
2460.0,88.322,101.438,113.885,125.742,137.064,147.884,158.219,168.075,177.44,186.292,194.593,202.289,209.311,215.576,220.987,225.441,228.847,231.142,232.328,232.512,231.941,230.992,230.107,229.644,229.746,230.306,231.102,231.959,232.827,233.735,234.717,235.783,236.931,238.158,239.461,240.833,242.265,243.742,245.248,246.761,248.256,249.708,251.088,252.372,253.545,254.605,255.573,256.508,257.526,258.823,260.725
2520.0,88.301,101.406,113.842,125.69,137.003,147.816,158.146,167.997,177.359,186.21,194.51,202.208,209.233,215.503,220.92,225.383,228.799,231.105,232.303,232.499,231.936,230.994,230.111,229.649,229.748,230.307,231.102,231.958,232.827,233.735,234.717,235.783,236.931,238.158,239.461,240.833,242.265,243.742,245.248,246.761,248.256,249.708,251.088,252.372,253.545,254.605,255.573,256.508,257.526,258.823,260.725
2580.0,88.28,101.373,113.799,125.638,136.943,147.749,158.073,167.919,177.278,186.127,194.427,202.126,209.155,215.43,220.854,225.325,228.751,231.068,232.278,232.485,231.932,230.996,230.116,229.653,229.75,230.307,231.101,231.958,232.826,233.735,234.717,235.782,236.931,238.158,239.461,240.833,242.265,243.742,245.248,246.761,248.256,249.707,251.088,252.372,253.545,254.605,255.573,256.508,257.526,258.823,260.725
2640.0,88.26,101.341,113.756,125.586,136.883,147.681,158.0,167.842,177.198,186.045,194.345,202.045,209.077,215.356,220.787,225.267,228.703,231.032,232.253,232.471,231.928,230.998,230.12,229.657,229.753,230.308,231.101,231.958,232.826,233.735,234.717,235.782,236.93,238.158,239.461,240.833,242.265,243.742,245.248,246.761,248.256,249.707,251.088,252.372,253.545,254.605,255.573,256.508,257.526,258.823,260.725
2700.0,88.239,101.309,113.714,125.534,136.823,147.614,157.927,167.764,177.117,185.963,194.263,201.964,208.999,215.283,220.721,225.209,228.655,230.995,232.228,232.457,231.923,230.999,230.125,229.661,229.755,230.309,231.101,231.958,232.826,233.735,234.717,235.782,236.93,238.158,239.461,240.833,242.265,243.742,245.248,246.761,248.256,249.707,251.087,252.372,253.545,254.605,255.573,256.508,257.526,258.823,260.725
2760.0,88.219,101.277,113.671,125.482,136.763,147.547,157.854,167.687,177.037,185.881,194.18,201.884,208.922,215.211,220.654,225.151,228.607,230.958,232.203,232.444,231.919,231.001,230.129,229.665,229.758,230.309,231.101,231.958,232.826,233.735,234.717,235.782,236.93,238.158,239.461,240.833,242.265,243.742,245.248,246.76,248.256,249.707,251.087,252.372,253.545,254.605,255.573,256.508,257.526,258.823,260.725
2820.0,88.198,101.245,113.629,125.43,136.703,147.481,157.782,167.61,176.957,185.799,194.099,201.803,208.844,215.138,220.588,225.093,228.559,230.921,232.178,232.43,231.914,231.003,230.134,229.669,229.76,230.31,231.101,231.957,232.826,233.735,234.717,235.782,236.93,238.158,239.461,240.833,242.265,243.742,245.248,246.76,248.256,249.707,251.087,252.372,253.545,254.605,255.573,256.508,257.526,258.823,260.725
2880.0,88.178,101.213,113.587,125.379,136.643,147.414,157.709,167.534,176.877,185.717,194.017,201.723,208.767,215.065,220.522,225.036,228.511,230.885,232.153,232.416,231.909,231.005,230.138,229.674,229.762,230.311,231.101,231.957,232.826,233.735,234.717,235.782,236.93,238.158,239.461,240.833,242.264,243.742,245.247,246.76,248.256,249.707,251.087,252.372,253.545,254.605,255.573,256.508,257.526,258.823,260.725
2940.0,88.157,101.181,113.545,125.327,136.584,147.348,157.637,167.457,176.798,185.636,193.935,201.642,208.689,214.993,220.456,224.978,228.464,230.848,232.128,232.402,231.905,231.006,230.142,229.678,229.765,230.312,231.101,231.957,232.826,233.735,234.717,235.782,236.93,238.158,239.461,240.833,242.264,243.742,245.247,246.76,248.256,249.707,251.087,252.372,253.545,254.605,255.573,256.508,257.526,258.823,260.725
3000.0,88.137,101.15,113.503,125.276,136.524,147.281,157.565,167.381,176.718,185.555,193.854,201.562,208.612,214.92,220.39,224.92,228.416,230.811,232.102,232.388,231.9,231.008,230.147,229.682,229.767,230.312,231.101,231.957,232.826,233.734,234.716,235.782,236.93,238.158,239.461,240.833,242.264,243.742,245.247,246.76,248.256,249.707,251.087,252.372,253.545,254.605,255.573,256.508,257.526,258.823,260.725
3060.0,88.117,101.118,113.461,125.225,136.465,147.215,157.494,167.305,176.639,185.474,193.773,201.482,208.535,214.848,220.324,224.863,228.368,230.774,232.077,232.373,231.895,231.009,230.151,229.686,229.769,230.313,231.101,231.956,232.825,233.734,234.716,235.782,236.93,238.158,239.461,240.833,242.264,243.742,245.247,246.76,248.256,249.707,251.087,252.372,253.545,254.605,255.573,256.508,257.526,258.823,260.725
3120.0,88.097,101.087,113.419,125.174,136.406,147.149,157.422,167.229,176.56,185.393,193.692,201.403,208.459,214.776,220.259,224.805,228.32,230.737,232.052,232.359,231.89,231.011,230.155,229.69,229.772,230.314,231.101,231.956,232.825,233.734,234.716,235.782,236.93,238.158,239.461,240.833,242.264,243.742,245.247,246.76,248.256,249.707,251.087,252.372,253.545,254.605,255.573,256.508,257.526,258.823,260.725
3180.0,88.076,101.055,113.377,125.123,136.347,147.084,157.351,167.153,176.481,185.313,193.611,201.323,208.382,214.704,220.193,224.748,228.272,230.701,232.027,232.345,231.885,231.012,230.16,229.694,229.774,230.315,231.1,231.956,232.825,233.734,234.716,235.782,236.93,238.158,239.461,240.833,242.264,243.742,245.247,246.76,248.256,249.707,251.087,252.372,253.545,254.605,255.573,256.508,257.526,258.823,260.725
3240.0,88.056,101.024,113.336,125.073,136.289,147.018,157.28,167.077,176.402,185.232,193.53,201.244,208.306,214.632,220.128,224.69,228.225,230.664,232.001,232.331,231.88,231.014,230.164,229.698,229.777,230.315,231.1,231.956,232.825,233.734,234.716,235.782,236.93,238.158,239.461,240.833,242.264,243.742,245.247,246.76,248.256,249.707,251.087,252.372,253.545,254.604,255.572,256.508,257.526,258.823,260.725
3300.0,88.036,100.993,113.294,125.022,136.23,146.953,157.209,167.002,176.324,185.152,193.45,201.165,208.229,214.56,220.062,224.633,228.177,230.627,231.976,232.316,231.875,231.015,230.168,229.702,229.779,230.316,231.1,231.955,232.825,233.734,234.716,235.782,236.93,238.158,239.461,240.833,242.264,243.742,245.247,246.76,248.256,249.707,251.087,252.372,253.545,254.604,255.572,256.508,257.526,258.823,260.725
3360.0,88.016,100.961,113.253,124.972,136.172,146.888,157.138,166.927,176.245,185.072,193.369,201.085,208.153,214.489,219.997,224.576,228.129,230.59,231.951,232.302,231.87,231.016,230.172,229.706,229.781,230.317,231.1,231.955,232.825,233.734,234.716,235.782,236.93,238.157,239.461,240.833,242.264,243.741,245.247,246.76,248.256,249.707,251.087,252.372,253.545,254.604,255.572,256.508,257.526,258.823,260.725
3420.0,87.996,100.93,113.212,124.922,136.114,146.823,157.067,166.852,176.167,184.992,193.289,201.007,208.077,214.417,219.932,224.518,228.082,230.553,231.925,232.288,231.865,231.018,230.176,229.71,229.784,230.318,231.1,231.955,232.825,233.734,234.716,235.782,236.93,238.157,239.461,240.833,242.264,243.741,245.247,246.76,248.256,249.707,251.087,252.372,253.545,254.604,255.572,256.508,257.526,258.823,260.725
3480.0,87.976,100.899,113.171,124.872,136.056,146.758,156.997,166.777,176.089,184.912,193.209,200.928,208.001,214.346,219.866,224.461,228.034,230.517,231.9,232.273,231.86,231.019,230.18,229.714,229.786,230.318,231.1,231.955,232.824,233.734,234.716,235.782,236.93,238.157,239.46,240.833,242.264,243.741,245.247,246.76,248.256,249.707,251.087,252.372,253.545,254.604,255.572,256.508,257.526,258.823,260.725
3540.0,87.957,100.868,113.13,124.822,135.998,146.693,156.926,166.702,176.012,184.833,193.129,200.849,207.925,214.274,219.801,224.404,227.986,230.48,231.874,232.259,231.855,231.02,230.184,229.718,229.789,230.319,231.1,231.954,232.824,233.734,234.716,235.782,236.93,238.157,239.46,240.833,242.264,243.741,245.247,246.76,248.256,249.707,251.087,252.372,253.545,254.604,255.572,256.508,257.526,258.823,260.725
3600.0,87.937,100.837,113.089,124.772,135.94,146.629,156.856,166.628,175.934,184.754,193.05,200.771,207.85,214.203,219.736,224.347,227.939,230.443,231.849,232.244,231.849,231.021,230.189,229.722,229.791,230.32,231.1,231.954,232.824,233.734,234.716,235.782,236.93,238.157,239.46,240.833,242.264,243.741,245.247,246.76,248.256,249.707,251.087,252.372,253.545,254.604,255.572,256.508,257.526,258.823,260.725
3660.0,87.917,100.807,113.048,124.722,135.882,146.564,156.786,166.553,175.857,184.675,192.97,200.693,207.774,214.132,219.672,224.29,227.891,230.406,231.823,232.229,231.844,231.022,230.193,229.726,229.793,230.321,231.1,231.954,232.824,233.734,234.716,235.782,236.93,238.157,239.46,240.833,242.264,243.741,245.247,246.76,248.256,249.707,251.087,252.372,253.545,254.604,255.572,256.508,257.526,258.823,260.725
3720.0,87.897,100.776,113.008,124.672,135.825,146.5,156.717,166.479,175.78,184.596,192.891,200.614,207.699,214.061,219.607,224.233,227.844,230.369,231.798,232.215,231.839,231.023,230.197,229.73,229.796,230.322,231.1,231.954,232.824,233.734,234.716,235.782,236.93,238.157,239.46,240.832,242.264,243.741,245.247,246.76,248.256,249.707,251.087,252.372,253.545,254.604,255.572,256.508,257.526,258.823,260.725
3780.0,87.878,100.745,112.967,124.623,135.768,146.436,156.647,166.405,175.703,184.517,192.812,200.536,207.623,213.99,219.542,224.176,227.796,230.332,231.772,232.2,231.833,231.024,230.201,229.734,229.798,230.322,231.1,231.954,232.824,233.734,234.716,235.782,236.93,238.157,239.46,240.832,242.264,243.741,245.247,246.76,248.256,249.707,251.087,252.372,253.545,254.604,255.572,256.508,257.526,258.823,260.725
3840.0,87.858,100.715,112.927,124.574,135.711,146.372,156.578,166.332,175.626,184.438,192.733,200.459,207.548,213.92,219.477,224.119,227.749,230.296,231.746,232.185,231.828,231.025,230.204,229.738,229.801,230.323,231.1,231.953,232.824,233.734,234.716,235.782,236.93,238.157,239.46,240.832,242.264,243.741,245.247,246.76,248.256,249.707,251.087,252.372,253.545,254.604,255.572,256.508,257.526,258.823,260.725
3900.0,87.838,100.684,112.886,124.524,135.654,146.309,156.508,166.258,175.549,184.36,192.654,200.381,207.473,213.849,219.413,224.063,227.702,230.259,231.721,232.17,231.822,231.026,230.208,229.742,229.803,230.324,231.1,231.953,232.824,233.734,234.716,235.781,236.93,238.157,239.46,240.832,242.264,243.741,245.247,246.76,248.256,249.707,251.087,252.372,253.545,254.604,255.572,256.508,257.526,258.823,260.725
3960.0,87.819,100.654,112.846,124.475,135.597,146.245,156.439,166.185,175.473,184.282,192.576,200.304,207.399,213.779,219.349,224.006,227.654,230.222,231.695,232.156,231.817,231.027,230.212,229.746,229.805,230.325,231.1,231.953,232.823,233.733,234.716,235.781,236.929,238.157,239.46,240.832,242.264,243.741,245.247,246.76,248.256,249.707,251.087,252.372,253.545,254.604,255.572,256.508,257.526,258.823,260.725
4020.0,87.799,100.624,112.806,124.426,135.54,146.182,156.371,166.111,175.396,184.204,192.497,200.226,207.324,213.708,219.284,223.949,227.607,230.185,231.669,232.141,231.811,231.027,230.216,229.75,229.808,230.326,231.1,231.953,232.823,233.733,234.716,235.781,236.929,238.157,239.46,240.832,242.264,243.741,245.247,246.76,248.256,249.707,251.087,252.372,253.545,254.604,255.572,256.508,257.526,258.823,260.725
4080.0,87.78,100.593,112.766,124.378,135.484,146.119,156.302,166.038,175.32,184.126,192.419,200.149,207.249,213.638,219.22,223.893,227.559,230.148,231.644,232.126,231.805,231.028,230.22,229.754,229.81,230.326,231.099,231.952,232.823,233.733,234.716,235.781,236.929,238.157,239.46,240.832,242.264,243.741,245.247,246.76,248.255,249.707,251.087,252.372,253.545,254.604,255.572,256.508,257.526,258.823,260.725
4140.0,87.761,100.563,112.726,124.329,135.427,146.056,156.233,165.966,175.244,184.048,192.341,200.072,207.175,213.568,219.156,223.836,227.512,230.111,231.618,232.111,231.799,231.029,230.224,229.758,229.813,230.327,231.099,231.952,232.823,233.733,234.716,235.781,236.929,238.157,239.46,240.832,242.264,243.741,245.247,246.76,248.255,249.707,251.087,252.372,253.545,254.604,255.572,256.508,257.526,258.823,260.725
4200.0,87.741,100.533,112.686,124.28,135.371,145.993,156.165,165.893,175.169,183.971,192.263,199.995,207.101,213.498,219.092,223.78,227.465,230.074,231.592,232.096,231.793,231.03,230.228,229.762,229.815,230.328,231.099,231.952,232.823,233.733,234.716,235.781,236.929,238.157,239.46,240.832,242.264,243.741,245.247,246.76,248.255,249.707,251.087,252.372,253.545,254.604,255.572,256.508,257.526,258.823,260.725
4260.0,87.722,100.503,112.646,124.232,135.315,145.93,156.097,165.82,175.093,183.893,192.185,199.919,207.027,213.428,219.028,223.724,227.418,230.038,231.566,232.081,231.788,231.03,230.231,229.766,229.818,230.329,231.099,231.952,232.823,233.733,234.716,235.781,236.929,238.157,239.46,240.832,242.264,243.741,245.247,246.76,248.255,249.707,251.087,252.372,253.545,254.604,255.572,256.508,257.526,258.823,260.725
4320.0,87.703,100.473,112.607,124.184,135.259,145.867,156.029,165.748,175.018,183.816,192.108,199.842,206.953,213.358,218.964,223.667,227.37,230.001,231.54,232.065,231.782,231.031,230.235,229.77,229.82,230.33,231.099,231.952,232.823,233.733,234.715,235.781,236.929,238.157,239.46,240.832,242.264,243.741,245.247,246.76,248.255,249.707,251.087,252.372,253.545,254.604,255.572,256.508,257.526,258.823,260.725
4380.0,87.683,100.443,112.567,124.136,135.203,145.805,155.961,165.676,174.942,183.739,192.03,199.766,206.879,213.289,218.9,223.611,227.323,229.964,231.514,232.05,231.776,231.031,230.239,229.774,229.822,230.33,231.099,231.951,232.822,233.733,234.715,235.781,236.929,238.157,239.46,240.832,242.264,243.741,245.247,246.76,248.255,249.707,251.087,252.372,253.545,254.604,255.572,256.508,257.526,258.823,260.725
4440.0,87.664,100.414,112.528,124.088,135.147,145.743,155.893,165.604,174.867,183.662,191.953,199.689,206.805,213.219,218.836,223.555,227.276,229.927,231.489,232.035,231.77,231.032,230.242,229.777,229.825,230.331,231.099,231.951,232.822,233.733,234.715,235.781,236.929,238.157,239.46,240.832,242.264,243.741,245.247,246.76,248.255,249.707,251.087,252.372,253.545,254.604,255.572,256.508,257.526,258.823,260.725
4500.0,87.645,100.384,112.489,124.04,135.092,145.681,155.826,165.532,174.793,183.586,191.876,199.613,206.732,213.15,218.773,223.499,227.229,229.89,231.463,232.02,231.763,231.032,230.246,229.781,229.827,230.332,231.099,231.951,232.822,233.733,234.715,235.781,236.929,238.157,239.46,240.832,242.263,243.741,245.247,246.76,248.255,249.707,251.087,252.372,253.545,254.604,255.572,256.508,257.526,258.823,260.725
4560.0,87.626,100.354,112.449,123.992,135.037,145.619,155.758,165.461,174.718,183.509,191.799,199.537,206.658,213.081,218.709,223.443,227.182,229.853,231.437,232.004,231.757,231.033,230.25,229.785,229.83,230.333,231.099,231.951,232.822,233.733,234.715,235.781,236.929,238.157,239.46,240.832,242.263,243.741,245.247,246.76,248.255,249.707,251.087,252.372,253.545,254.604,255.572,256.508,257.526,258.823,260.725
4620.0,87.607,100.325,112.41,123.944,134.981,145.557,155.691,165.389,174.643,183.433,191.722,199.462,206.585,213.011,218.646,223.387,227.135,229.817,231.411,231.989,231.751,231.033,230.253,229.789,229.832,230.334,231.099,231.95,232.822,233.733,234.715,235.781,236.929,238.157,239.46,240.832,242.263,243.741,245.247,246.76,248.255,249.707,251.087,252.372,253.545,254.604,255.572,256.508,257.526,258.823,260.725
4680.0,87.588,100.295,112.371,123.897,134.926,145.496,155.624,165.318,174.569,183.357,191.646,199.386,206.512,212.942,218.583,223.331,227.088,229.78,231.385,231.973,231.745,231.033,230.257,229.793,229.834,230.335,231.099,231.95,232.822,233.733,234.715,235.781,236.929,238.156,239.46,240.832,242.263,243.741,245.247,246.76,248.255,249.707,251.087,252.372,253.545,254.604,255.572,256.508,257.526,258.823,260.725
4740.0,87.569,100.266,112.332,123.849,134.871,145.434,155.557,165.247,174.495,183.281,191.569,199.31,206.439,212.873,218.519,223.275,227.041,229.743,231.359,231.958,231.738,231.033,230.26,229.797,229.837,230.336,231.099,231.95,232.822,233.733,234.715,235.781,236.929,238.156,239.46,240.832,242.263,243.741,245.246,246.76,248.255,249.707,251.087,252.372,253.545,254.604,255.572,256.508,257.526,258.823,260.725
4800.0,87.55,100.237,112.294,123.802,134.816,145.373,155.491,165.176,174.421,183.205,191.493,199.235,206.366,212.804,218.456,223.219,226.994,229.706,231.332,231.942,231.732,231.034,230.264,229.8,229.839,230.336,231.099,231.95,232.821,233.733,234.715,235.781,236.929,238.156,239.46,240.832,242.263,243.741,245.246,246.759,248.255,249.707,251.087,252.372,253.545,254.604,255.572,256.508,257.526,258.823,260.725
4860.0,87.531,100.207,112.255,123.755,134.762,145.312,155.424,165.105,174.347,183.129,191.417,199.16,206.293,212.736,218.393,223.163,226.947,229.669,231.306,231.927,231.726,231.034,230.267,229.804,229.842,230.337,231.099,231.95,232.821,233.733,234.715,235.781,236.929,238.156,239.459,240.832,242.263,243.741,245.246,246.759,248.255,249.707,251.087,252.372,253.545,254.604,255.572,256.508,257.526,258.823,260.725
4920.0,87.512,100.178,112.216,123.708,134.707,145.251,155.358,165.035,174.273,183.054,191.341,199.085,206.221,212.667,218.33,223.107,226.9,229.632,231.28,231.911,231.719,231.034,230.27,229.808,229.844,230.338,231.099,231.949,232.821,233.732,234.715,235.781,236.929,238.156,239.459,240.832,242.263,243.741,245.246,246.759,248.255,249.707,251.087,252.372,253.545,254.604,255.572,256.508,257.526,258.823,260.725
4980.0,87.494,100.149,112.178,123.661,134.653,145.19,155.292,164.964,174.2,182.978,191.265,199.01,206.148,212.599,218.267,223.052,226.853,229.595,231.254,231.896,231.713,231.034,230.274,229.812,229.846,230.339,231.099,231.949,232.821,233.732,234.715,235.781,236.929,238.156,239.459,240.832,242.263,243.741,245.246,246.759,248.255,249.707,251.087,252.372,253.545,254.604,255.572,256.508,257.526,258.823,260.725
5040.0,87.475,100.12,112.139,123.614,134.599,145.129,155.226,164.894,174.127,182.903,191.189,198.935,206.076,212.53,218.204,222.996,226.806,229.559,231.228,231.88,231.706,231.034,230.277,229.815,229.849,230.34,231.099,231.949,232.821,233.732,234.715,235.781,236.929,238.156,239.459,240.832,242.263,243.74,245.246,246.759,248.255,249.707,251.087,252.372,253.545,254.604,255.572,256.508,257.526,258.823,260.725
5100.0,87.456,100.091,112.101,123.567,134.545,145.069,155.16,164.824,174.053,182.828,191.114,198.861,206.003,212.462,218.142,222.941,226.76,229.522,231.202,231.864,231.7,231.034,230.281,229.819,229.851,230.341,231.099,231.949,232.821,233.732,234.715,235.781,236.929,238.156,239.459,240.832,242.263,243.74,245.246,246.759,248.255,249.707,251.087,252.372,253.545,254.604,255.572,256.508,257.526,258.823,260.725
5160.0,87.438,100.062,112.063,123.521,134.491,145.008,155.094,164.754,173.981,182.754,191.039,198.786,205.931,212.394,218.079,222.885,226.713,229.485,231.176,231.848,231.693,231.034,230.284,229.823,229.854,230.342,231.099,231.948,232.821,233.732,234.715,235.78,236.929,238.156,239.459,240.832,242.263,243.74,245.246,246.759,248.255,249.707,251.087,252.372,253.545,254.604,255.572,256.508,257.526,258.823,260.725
5220.0,87.419,100.033,112.025,123.474,134.437,144.948,155.029,164.684,173.908,182.679,190.963,198.712,205.859,212.326,218.016,222.83,226.666,229.448,231.149,231.833,231.686,231.034,230.287,229.827,229.856,230.342,231.099,231.948,232.821,233.732,234.715,235.78,236.929,238.156,239.459,240.831,242.263,243.74,245.246,246.759,248.255,249.706,251.087,252.372,253.545,254.604,255.572,256.508,257.526,258.823,260.725
5280.0,87.4,100.005,111.987,123.428,134.383,144.888,154.963,164.615,173.835,182.604,190.888,198.638,205.788,212.258,217.954,222.774,226.619,229.411,231.123,231.817,231.679,231.034,230.29,229.83,229.859,230.343,231.099,231.948,232.82,233.732,234.715,235.78,236.928,238.156,239.459,240.831,242.263,243.74,245.246,246.759,248.255,249.706,251.087,252.372,253.545,254.604,255.572,256.508,257.526,258.823,260.725
5340.0,87.382,99.976,111.949,123.382,134.329,144.828,154.898,164.545,173.763,182.53,190.814,198.564,205.716,212.19,217.892,222.719,226.573,229.374,231.097,231.801,231.673,231.033,230.294,229.834,229.861,230.344,231.099,231.948,232.82,233.732,234.715,235.78,236.928,238.156,239.459,240.831,242.263,243.74,245.246,246.759,248.255,249.706,251.087,252.371,253.545,254.604,255.572,256.508,257.526,258.823,260.725
5400.0,87.363,99.947,111.911,123.335,134.276,144.768,154.833,164.476,173.69,182.456,190.739,198.49,205.644,212.122,217.829,222.664,226.526,229.337,231.07,231.785,231.666,231.033,230.297,229.838,229.863,230.345,231.099,231.948,232.82,233.732,234.715,235.78,236.928,238.156,239.459,240.831,242.263,243.74,245.246,246.759,248.255,249.706,251.087,252.371,253.545,254.604,255.572,256.508,257.526,258.823,260.725
5460.0,87.345,99.919,111.873,123.289,134.223,144.709,154.768,164.407,173.618,182.382,190.664,198.416,205.573,212.054,217.767,222.609,226.479,229.301,231.044,231.769,231.659,231.033,230.3,229.841,229.866,230.346,231.099,231.947,232.82,233.732,234.715,235.78,236.928,238.156,239.459,240.831,242.263,243.74,245.246,246.759,248.255,249.706,251.087,252.371,253.545,254.604,255.572,256.508,257.526,258.823,260.725
5520.0,87.327,99.89,111.836,123.244,134.17,144.649,154.703,164.338,173.546,182.308,190.59,198.343,205.502,211.987,217.705,222.554,226.433,229.264,231.018,231.753,231.652,231.032,230.303,229.845,229.868,230.347,231.099,231.947,232.82,233.732,234.715,235.78,236.928,238.156,239.459,240.831,242.263,243.74,245.246,246.759,248.255,249.706,251.087,252.371,253.545,254.604,255.572,256.508,257.526,258.823,260.725
5580.0,87.308,99.862,111.798,123.198,134.116,144.59,154.639,164.269,173.474,182.234,190.516,198.269,205.43,211.92,217.643,222.499,226.386,229.227,230.991,231.737,231.645,231.032,230.306,229.848,229.871,230.348,231.099,231.947,232.82,233.732,234.715,235.78,236.928,238.156,239.459,240.831,242.263,243.74,245.246,246.759,248.255,249.706,251.087,252.371,253.545,254.604,255.572,256.508,257.526,258.823,260.725
5640.0,87.29,99.834,111.761,123.152,134.064,144.531,154.574,164.2,173.403,182.161,190.442,198.196,205.359,211.852,217.581,222.444,226.34,229.19,230.965,231.721,231.638,231.032,230.309,229.852,229.873,230.349,231.099,231.947,232.82,233.732,234.714,235.78,236.928,238.156,239.459,240.831,242.263,243.74,245.246,246.759,248.255,249.706,251.087,252.371,253.545,254.604,255.572,256.508,257.526,258.824,260.725
5700.0,87.272,99.805,111.723,123.107,134.011,144.472,154.51,164.132,173.331,182.088,190.368,198.123,205.288,211.785,217.519,222.389,226.293,229.153,230.938,231.705,231.631,231.031,230.312,229.856,229.875,230.35,231.099,231.947,232.819,233.732,234.714,235.78,236.928,238.156,239.459,240.831,242.263,243.74,245.246,246.759,248.255,249.706,251.087,252.371,253.545,254.604,255.572,256.508,257.526,258.824,260.725
5760.0,87.253,99.777,111.686,123.061,133.958,144.413,154.446,164.064,173.26,182.014,190.294,198.05,205.218,211.718,217.457,222.334,226.247,229.116,230.912,231.688,231.624,231.031,230.315,229.859,229.878,230.351,231.099,231.946,232.819,233.732,234.714,235.78,236.928,238.156,239.459,240.831,242.263,243.74,245.246,246.759,248.255,249.706,251.087,252.371,253.545,254.604,255.572,256.508,257.526,258.824,260.725
5820.0,87.235,99.749,111.649,123.016,133.906,144.354,154.382,163.996,173.189,181.941,190.22,197.977,205.147,211.651,217.396,222.279,226.2,229.08,230.886,231.672,231.616,231.03,230.318,229.863,229.88,230.351,231.099,231.946,232.819,233.732,234.714,235.78,236.928,238.156,239.459,240.831,242.263,243.74,245.246,246.759,248.255,249.706,251.086,252.371,253.545,254.604,255.572,256.508,257.526,258.824,260.725
5880.0,87.217,99.721,111.612,122.971,133.853,144.296,154.318,163.928,173.118,181.869,190.147,197.904,205.076,211.584,217.334,222.224,226.154,229.043,230.859,231.656,231.609,231.03,230.321,229.866,229.883,230.352,231.099,231.946,232.819,233.731,234.714,235.78,236.928,238.156,239.459,240.831,242.263,243.74,245.246,246.759,248.255,249.706,251.086,252.371,253.545,254.604,255.572,256.508,257.526,258.824,260.725
5940.0,87.199,99.693,111.575,122.926,133.801,144.237,154.254,163.86,173.047,181.796,190.073,197.831,205.006,211.517,217.273,222.169,226.107,229.006,230.832,231.64,231.602,231.029,230.324,229.87,229.885,230.353,231.099,231.946,232.819,233.731,234.714,235.78,236.928,238.156,239.459,240.831,242.263,243.74,245.246,246.759,248.255,249.706,251.086,252.371,253.545,254.604,255.572,256.508,257.526,258.824,260.725
6000.0,87.181,99.665,111.538,122.881,133.749,144.179,154.191,163.792,172.976,181.723,190.0,197.759,204.936,211.451,217.211,222.115,226.061,228.969,230.806,231.623,231.594,231.028,230.327,229.874,229.887,230.354,231.099,231.946,232.819,233.731,234.714,235.78,236.928,238.155,239.459,240.831,242.263,243.74,245.246,246.759,248.255,249.706,251.086,252.371,253.544,254.604,255.572,256.508,257.526,258.824,260.725
6060.0,87.163,99.637,111.501,122.836,133.697,144.121,154.128,163.725,172.906,181.651,189.927,197.687,204.865,211.384,217.15,222.06,226.015,228.932,230.779,231.607,231.587,231.027,230.33,229.877,229.89,230.355,231.099,231.945,232.819,233.731,234.714,235.78,236.928,238.155,239.459,240.831,242.262,243.74,245.246,246.759,248.255,249.706,251.086,252.371,253.544,254.604,255.572,256.508,257.526,258.824,260.725
6120.0,87.145,99.61,111.465,122.791,133.645,144.063,154.064,163.657,172.835,181.579,189.854,197.615,204.795,211.318,217.089,222.006,225.969,228.896,230.753,231.59,231.58,231.027,230.333,229.881,229.892,230.356,231.099,231.945,232.818,233.731,234.714,235.78,236.928,238.155,239.459,240.831,242.262,243.74,245.246,246.759,248.255,249.706,251.086,252.371,253.544,254.604,255.572,256.508,257.526,258.824,260.725
6180.0,87.127,99.582,111.428,122.747,133.593,144.005,154.001,163.59,172.765,181.506,189.782,197.543,204.725,211.251,217.027,221.951,225.922,228.859,230.726,231.574,231.572,231.026,230.336,229.884,229.895,230.357,231.099,231.945,232.818,233.731,234.714,235.78,236.928,238.155,239.459,240.831,242.262,243.74,245.246,246.759,248.255,249.706,251.086,252.371,253.544,254.604,255.572,256.508,257.526,258.824,260.725
6240.0,87.109,99.554,111.391,122.702,133.542,143.947,153.938,163.523,172.695,181.435,189.709,197.471,204.656,211.185,216.966,221.897,225.876,228.822,230.7,231.557,231.565,231.025,230.338,229.888,229.897,230.358,231.099,231.945,232.818,233.731,234.714,235.78,236.928,238.155,239.459,240.831,242.262,243.74,245.246,246.759,248.255,249.706,251.086,252.371,253.544,254.604,255.572,256.508,257.526,258.824,260.725
6300.0,87.091,99.527,111.355,122.658,133.49,143.889,153.876,163.456,172.625,181.363,189.637,197.399,204.586,211.119,216.905,221.843,225.83,228.785,230.673,231.541,231.557,231.024,230.341,229.891,229.899,230.359,231.1,231.945,232.818,233.731,234.714,235.78,236.928,238.155,239.458,240.831,242.262,243.74,245.246,246.759,248.255,249.706,251.086,252.371,253.544,254.604,255.572,256.508,257.526,258.824,260.725
6360.0,87.073,99.499,111.319,122.613,133.439,143.832,153.813,163.389,172.555,181.291,189.564,197.327,204.516,211.053,216.844,221.788,225.784,228.748,230.646,231.524,231.549,231.023,230.344,229.895,229.902,230.36,231.1,231.944,232.818,233.731,234.714,235.78,236.928,238.155,239.458,240.831,242.262,243.74,245.246,246.759,248.254,249.706,251.086,252.371,253.544,254.604,255.572,256.508,257.526,258.824,260.725
6420.0,87.056,99.472,111.282,122.569,133.388,143.774,153.75,163.323,172.486,181.22,189.492,197.256,204.447,210.987,216.783,221.734,225.738,228.712,230.62,231.508,231.542,231.022,230.347,229.898,229.904,230.361,231.1,231.944,232.818,233.731,234.714,235.78,236.928,238.155,239.458,240.831,242.262,243.74,245.246,246.759,248.254,249.706,251.086,252.371,253.544,254.604,255.572,256.508,257.526,258.824,260.725
6480.0,87.038,99.444,111.246,122.525,133.337,143.717,153.688,163.256,172.416,181.148,189.42,197.184,204.378,210.921,216.723,221.68,225.692,228.675,230.593,231.491,231.534,231.021,230.349,229.901,229.907,230.362,231.1,231.944,232.818,233.731,234.714,235.779,236.928,238.155,239.458,240.831,242.262,243.74,245.246,246.759,248.254,249.706,251.086,252.371,253.544,254.604,255.572,256.508,257.526,258.824,260.725
6540.0,87.02,99.417,111.21,122.481,133.286,143.66,153.626,163.19,172.347,181.077,189.348,197.113,204.308,210.856,216.662,221.626,225.646,228.638,230.566,231.474,231.526,231.02,230.352,229.905,229.909,230.363,231.1,231.944,232.817,233.731,234.714,235.779,236.927,238.155,239.458,240.831,242.262,243.74,245.245,246.759,248.254,249.706,251.086,252.371,253.544,254.604,255.572,256.508,257.526,258.824,260.725
6600.0,87.002,99.39,111.174,122.437,133.235,143.603,153.564,163.124,172.278,181.006,189.277,197.042,204.239,210.79,216.601,221.572,225.599,228.601,230.539,231.458,231.518,231.019,230.354,229.908,229.911,230.364,231.1,231.944,232.817,233.731,234.714,235.779,236.927,238.155,239.458,240.831,242.262,243.74,245.245,246.759,248.254,249.706,251.086,252.371,253.544,254.604,255.572,256.508,257.526,258.824,260.725
6660.0,86.985,99.362,111.138,122.393,133.184,143.546,153.502,163.058,172.209,180.935,189.205,196.971,204.17,210.725,216.541,221.518,225.554,228.565,230.513,231.441,231.511,231.018,230.357,229.912,229.914,230.365,231.1,231.944,232.817,233.731,234.714,235.779,236.927,238.155,239.458,240.831,242.262,243.74,245.245,246.759,248.254,249.706,251.086,252.371,253.544,254.604,255.572,256.508,257.526,258.824,260.725
6720.0,86.967,99.335,111.102,122.35,133.133,143.49,153.44,162.992,172.14,180.865,189.134,196.9,204.102,210.659,216.481,221.464,225.508,228.528,230.486,231.424,231.503,231.017,230.36,229.915,229.916,230.366,231.1,231.943,232.817,233.731,234.714,235.779,236.927,238.155,239.458,240.83,242.262,243.739,245.245,246.759,248.254,249.706,251.086,252.371,253.544,254.604,255.572,256.508,257.526,258.824,260.725
6780.0,86.95,99.308,111.067,122.306,133.083,143.433,153.379,162.926,172.071,180.794,189.063,196.83,204.033,210.594,216.42,221.41,225.462,228.491,230.459,231.407,231.495,231.016,230.362,229.919,229.918,230.367,231.1,231.943,232.817,233.73,234.714,235.779,236.927,238.155,239.458,240.83,242.262,243.739,245.245,246.759,248.254,249.706,251.086,252.371,253.544,254.604,255.572,256.508,257.526,258.824,260.725
6840.0,86.932,99.281,111.031,122.263,133.032,143.377,153.317,162.861,172.003,180.724,188.991,196.759,203.964,210.529,216.36,221.356,225.416,228.454,230.432,231.39,231.487,231.014,230.365,229.922,229.921,230.368,231.1,231.943,232.817,233.73,234.714,235.779,236.927,238.155,239.458,240.83,242.262,243.739,245.245,246.758,248.254,249.706,251.086,252.371,253.544,254.604,255.572,256.508,257.526,258.824,260.725
6900.0,86.915,99.254,110.995,122.219,132.982,143.321,153.256,162.796,171.934,180.653,188.92,196.689,203.896,210.464,216.3,221.302,225.37,228.418,230.405,231.373,231.479,231.013,230.367,229.925,229.923,230.368,231.1,231.943,232.817,233.73,234.713,235.779,236.927,238.155,239.458,240.83,242.262,243.739,245.245,246.758,248.254,249.706,251.086,252.371,253.544,254.604,255.572,256.508,257.526,258.824,260.725
6960.0,86.897,99.227,110.96,122.176,132.932,143.264,153.195,162.73,171.866,180.583,188.85,196.619,203.828,210.399,216.24,221.249,225.324,228.381,230.379,231.356,231.471,231.012,230.369,229.929,229.926,230.369,231.1,231.943,232.817,233.73,234.713,235.779,236.927,238.155,239.458,240.83,242.262,243.739,245.245,246.758,248.254,249.706,251.086,252.371,253.544,254.604,255.572,256.508,257.526,258.824,260.725
7020.0,86.88,99.201,110.925,122.133,132.882,143.209,153.134,162.665,171.798,180.513,188.779,196.548,203.759,210.334,216.18,221.195,225.278,228.344,230.352,231.339,231.463,231.01,230.372,229.932,229.928,230.37,231.1,231.942,232.816,233.73,234.713,235.779,236.927,238.155,239.458,240.83,242.262,243.739,245.245,246.758,248.254,249.706,251.086,252.371,253.544,254.604,255.572,256.508,257.526,258.824,260.725
7080.0,86.862,99.174,110.889,122.09,132.832,143.153,153.073,162.6,171.73,180.443,188.708,196.478,203.691,210.269,216.12,221.142,225.233,228.308,230.325,231.322,231.454,231.009,230.374,229.935,229.93,230.371,231.1,231.942,232.816,233.73,234.713,235.779,236.927,238.155,239.458,240.83,242.262,243.739,245.245,246.758,248.254,249.706,251.086,252.371,253.544,254.604,255.572,256.508,257.526,258.824,260.725
7140.0,86.845,99.147,110.854,122.047,132.782,143.097,153.012,162.536,171.662,180.374,188.638,196.408,203.623,210.204,216.06,221.088,225.187,228.271,230.298,231.305,231.446,231.007,230.377,229.938,229.933,230.372,231.1,231.942,232.816,233.73,234.713,235.779,236.927,238.155,239.458,240.83,242.262,243.739,245.245,246.758,248.254,249.706,251.086,252.371,253.544,254.604,255.572,256.508,257.526,258.824,260.725
7200.0,86.828,99.121,110.819,122.004,132.733,143.041,152.951,162.471,171.594,180.304,188.568,196.339,203.555,210.14,216.0,221.035,225.141,228.234,230.271,231.288,231.438,231.006,230.379,229.942,229.935,230.373,231.1,231.942,232.816,233.73,234.713,235.779,236.927,238.155,239.458,240.83,242.262,243.739,245.245,246.758,248.254,249.706,251.086,252.371,253.544,254.604,255.572,256.508,257.526,258.824,260.725
7260.0,86.81,99.094,110.784,121.962,132.683,142.986,152.891,162.406,171.527,180.235,188.497,196.269,203.488,210.075,215.94,220.981,225.095,228.197,230.244,231.271,231.43,231.004,230.381,229.945,229.938,230.374,231.101,231.942,232.816,233.73,234.713,235.779,236.927,238.155,239.458,240.83,242.262,243.739,245.245,246.758,248.254,249.706,251.086,252.371,253.544,254.604,255.572,256.508,257.526,258.824,260.725
7320.0,86.793,99.068,110.749,121.919,132.634,142.931,152.831,162.342,171.46,180.165,188.428,196.2,203.42,210.011,215.881,220.928,225.05,228.161,230.217,231.254,231.421,231.003,230.383,229.948,229.94,230.375,231.101,231.941,232.816,233.73,234.713,235.779,236.927,238.155,239.458,240.83,242.262,243.739,245.245,246.758,248.254,249.706,251.086,252.371,253.544,254.604,255.572,256.508,257.526,258.824,260.725
7380.0,86.776,99.041,110.714,121.876,132.584,142.875,152.77,162.278,171.392,180.096,188.358,196.13,203.352,209.947,215.821,220.875,225.004,228.124,230.19,231.237,231.413,231.001,230.386,229.952,229.942,230.376,231.101,231.941,232.816,233.73,234.713,235.779,236.927,238.154,239.458,240.83,242.262,243.739,245.245,246.758,248.254,249.706,251.086,252.371,253.544,254.604,255.572,256.508,257.526,258.824,260.725
7440.0,86.759,99.015,110.679,121.834,132.535,142.82,152.71,162.214,171.325,180.027,188.288,196.061,203.285,209.882,215.762,220.821,224.959,228.087,230.163,231.22,231.404,230.999,230.388,229.955,229.945,230.377,231.101,231.941,232.815,233.73,234.713,235.779,236.927,238.154,239.458,240.83,242.262,243.739,245.245,246.758,248.254,249.706,251.086,252.371,253.544,254.604,255.572,256.508,257.526,258.824,260.725
7500.0,86.742,98.988,110.644,121.792,132.486,142.765,152.65,162.15,171.258,179.958,188.218,195.992,203.218,209.818,215.702,220.768,224.913,228.051,230.136,231.202,231.396,230.998,230.39,229.958,229.947,230.378,231.101,231.941,232.815,233.73,234.713,235.779,236.927,238.154,239.458,240.83,242.262,243.739,245.245,246.758,248.254,249.706,251.086,252.371,253.544,254.604,255.572,256.508,257.526,258.824,260.725
7560.0,86.725,98.962,110.61,121.749,132.437,142.71,152.591,162.086,171.192,179.89,188.149,195.923,203.151,209.754,215.643,220.715,224.868,228.014,230.109,231.185,231.387,230.996,230.392,229.961,229.949,230.379,231.101,231.941,232.815,233.73,234.713,235.779,236.927,238.154,239.458,240.83,242.262,243.739,245.245,246.758,248.254,249.706,251.086,252.371,253.544,254.604,255.572,256.508,257.526,258.824,260.725
7620.0,86.708,98.936,110.575,121.707,132.388,142.656,152.531,162.022,171.125,179.821,188.08,195.854,203.084,209.691,215.584,220.662,224.822,227.977,230.082,231.168,231.379,230.994,230.394,229.964,229.952,230.38,231.101,231.941,232.815,233.73,234.713,235.779,236.927,238.154,239.458,240.83,242.261,243.739,245.245,246.758,248.254,249.706,251.086,252.371,253.544,254.604,255.572,256.508,257.526,258.824,260.725
7680.0,86.691,98.91,110.541,121.665,132.34,142.601,152.472,161.959,171.059,179.753,188.01,195.785,203.017,209.627,215.525,220.609,224.777,227.941,230.055,231.15,231.37,230.992,230.396,229.968,229.954,230.381,231.101,231.94,232.815,233.729,234.713,235.779,236.927,238.154,239.457,240.83,242.261,243.739,245.245,246.758,248.254,249.706,251.086,252.371,253.544,254.604,255.572,256.508,257.526,258.824,260.725
7740.0,86.674,98.884,110.506,121.623,132.291,142.547,152.412,161.895,170.992,179.685,187.941,195.717,202.95,209.563,215.466,220.556,224.731,227.904,230.028,231.133,231.362,230.99,230.398,229.971,229.956,230.382,231.101,231.94,232.815,233.729,234.713,235.779,236.927,238.154,239.457,240.83,242.261,243.739,245.245,246.758,248.254,249.706,251.086,252.371,253.544,254.604,255.572,256.508,257.526,258.824,260.725
7800.0,86.657,98.858,110.472,121.582,132.243,142.492,152.353,161.832,170.926,179.616,187.872,195.648,202.883,209.5,215.407,220.503,224.686,227.868,230.001,231.116,231.353,230.988,230.401,229.974,229.959,230.383,231.101,231.94,232.815,233.729,234.713,235.778,236.927,238.154,239.457,240.83,242.261,243.739,245.245,246.758,248.254,249.706,251.086,252.371,253.544,254.604,255.572,256.508,257.526,258.824,260.725
7860.0,86.64,98.832,110.438,121.54,132.194,142.438,152.294,161.769,170.86,179.548,187.804,195.58,202.816,209.436,215.348,220.45,224.641,227.831,229.974,231.098,231.344,230.986,230.403,229.977,229.961,230.384,231.102,231.94,232.814,233.729,234.713,235.778,236.926,238.154,239.457,240.83,242.261,243.739,245.245,246.758,248.254,249.705,251.086,252.371,253.544,254.604,255.572,256.508,257.526,258.824,260.725
7920.0,86.623,98.806,110.404,121.498,132.146,142.384,152.235,161.706,170.794,179.481,187.735,195.512,202.75,209.373,215.289,220.398,224.595,227.794,229.947,231.081,231.336,230.984,230.405,229.98,229.963,230.385,231.102,231.94,232.814,233.729,234.713,235.778,236.926,238.154,239.457,240.83,242.261,243.739,245.245,246.758,248.254,249.705,251.086,252.371,253.544,254.604,255.572,256.508,257.526,258.824,260.725
7980.0,86.606,98.78,110.37,121.457,132.098,142.33,152.176,161.643,170.728,179.413,187.667,195.444,202.684,209.309,215.23,220.345,224.55,227.758,229.92,231.063,231.327,230.982,230.406,229.983,229.966,230.386,231.102,231.94,232.814,233.729,234.713,235.778,236.926,238.154,239.457,240.83,242.261,243.739,245.245,246.758,248.254,249.705,251.086,252.371,253.544,254.604,255.572,256.508,257.526,258.824,260.725
8040.0,86.589,98.754,110.336,121.415,132.05,142.276,152.117,161.581,170.663,179.345,187.598,195.376,202.617,209.246,215.172,220.292,224.505,227.721,229.893,231.045,231.318,230.98,230.408,229.986,229.968,230.387,231.102,231.939,232.814,233.729,234.713,235.778,236.926,238.154,239.457,240.83,242.261,243.739,245.245,246.758,248.254,249.705,251.086,252.371,253.544,254.604,255.572,256.508,257.526,258.824,260.725
8100.0,86.573,98.728,110.302,121.374,132.002,142.223,152.059,161.518,170.597,179.278,187.53,195.308,202.551,209.183,215.113,220.24,224.46,227.685,229.865,231.028,231.309,230.978,230.41,229.989,229.97,230.388,231.102,231.939,232.814,233.729,234.713,235.778,236.926,238.154,239.457,240.83,242.261,243.739,245.245,246.758,248.254,249.705,251.086,252.371,253.544,254.604,255.572,256.508,257.526,258.824,260.725
8160.0,86.556,98.703,110.268,121.333,131.954,142.169,152.0,161.456,170.532,179.211,187.462,195.24,202.485,209.12,215.055,220.187,224.414,227.648,229.838,231.01,231.3,230.976,230.412,229.992,229.973,230.389,231.102,231.939,232.814,233.729,234.713,235.778,236.926,238.154,239.457,240.829,242.261,243.739,245.245,246.758,248.254,249.705,251.086,252.371,253.544,254.604,255.572,256.508,257.526,258.824,260.725
8220.0,86.539,98.677,110.234,121.292,131.906,142.116,151.942,161.394,170.466,179.143,187.394,195.173,202.419,209.057,214.996,220.135,224.369,227.611,229.811,230.993,231.291,230.974,230.414,229.996,229.975,230.391,231.102,231.939,232.814,233.729,234.712,235.778,236.926,238.154,239.457,240.829,242.261,243.739,245.245,246.758,248.254,249.705,251.086,252.371,253.544,254.604,255.572,256.508,257.526,258.824,260.725
8280.0,86.523,98.652,110.2,121.251,131.859,142.062,151.884,161.331,170.401,179.076,187.326,195.105,202.353,208.995,214.938,220.082,224.324,227.575,229.784,230.975,231.282,230.972,230.416,229.999,229.977,230.392,231.102,231.939,232.814,233.729,234.712,235.778,236.926,238.154,239.457,240.829,242.261,243.739,245.245,246.758,248.254,249.705,251.086,252.371,253.544,254.604,255.572,256.508,257.526,258.824,260.725
8340.0,86.506,98.626,110.167,121.21,131.811,142.009,151.826,161.269,170.336,179.01,187.258,195.038,202.288,208.932,214.88,220.03,224.279,227.538,229.757,230.957,231.273,230.969,230.418,230.002,229.98,230.393,231.103,231.939,232.813,233.729,234.712,235.778,236.926,238.154,239.457,240.829,242.261,243.739,245.245,246.758,248.254,249.705,251.086,252.371,253.544,254.604,255.572,256.508,257.526,258.824,260.725
8400.0,86.489,98.601,110.133,121.169,131.764,141.956,151.768,161.208,170.272,178.943,187.191,194.971,202.222,208.869,214.821,219.978,224.234,227.502,229.73,230.94,231.264,230.967,230.419,230.005,229.982,230.394,231.103,231.938,232.813,233.729,234.712,235.778,236.926,238.154,239.457,240.829,242.261,243.738,245.244,246.758,248.254,249.705,251.086,252.371,253.544,254.604,255.572,256.508,257.526,258.824,260.725
8460.0,86.473,98.575,110.1,121.128,131.717,141.903,151.71,161.146,170.207,178.876,187.123,194.904,202.157,208.807,214.763,219.925,224.189,227.465,229.702,230.922,231.255,230.965,230.421,230.008,229.984,230.395,231.103,231.938,232.813,233.729,234.712,235.778,236.926,238.154,239.457,240.829,242.261,243.738,245.244,246.758,248.254,249.705,251.086,252.371,253.544,254.604,255.572,256.508,257.526,258.824,260.725
8520.0,86.456,98.55,110.067,121.087,131.669,141.85,151.652,161.084,170.142,178.81,187.056,194.837,202.091,208.744,214.705,219.873,224.144,227.429,229.675,230.904,231.246,230.962,230.423,230.011,229.987,230.396,231.103,231.938,232.813,233.728,234.712,235.778,236.926,238.154,239.457,240.829,242.261,243.738,245.244,246.758,248.254,249.705,251.086,252.371,253.544,254.604,255.572,256.508,257.526,258.824,260.725
8580.0,86.44,98.525,110.033,121.047,131.622,141.798,151.595,161.023,170.078,178.743,186.989,194.77,202.026,208.682,214.647,219.821,224.099,227.392,229.648,230.886,231.237,230.96,230.424,230.014,229.989,230.397,231.103,231.938,232.813,233.728,234.712,235.778,236.926,238.154,239.457,240.829,242.261,243.738,245.244,246.758,248.254,249.705,251.086,252.371,253.544,254.604,255.572,256.508,257.526,258.824,260.725
8640.0,86.423,98.5,110.0,121.006,131.575,141.745,151.537,160.962,170.014,178.677,186.922,194.703,201.961,208.62,214.59,219.769,224.054,227.356,229.621,230.868,231.227,230.957,230.426,230.016,229.991,230.398,231.103,231.938,232.813,233.728,234.712,235.778,236.926,238.154,239.457,240.829,242.261,243.738,245.244,246.758,248.253,249.705,251.086,252.371,253.544,254.604,255.572,256.508,257.526,258.824,260.725
8700.0,86.407,98.474,109.967,120.966,131.529,141.693,151.48,160.9,169.95,178.611,186.855,194.637,201.896,208.558,214.532,219.717,224.01,227.319,229.593,230.85,231.218,230.955,230.428,230.019,229.994,230.399,231.103,231.938,232.813,233.728,234.712,235.778,236.926,238.153,239.457,240.829,242.261,243.738,245.244,246.758,248.253,249.705,251.086,252.371,253.544,254.604,255.572,256.508,257.526,258.824,260.725
8760.0,86.391,98.449,109.934,120.926,131.482,141.64,151.423,160.839,169.886,178.545,186.788,194.57,201.831,208.496,214.474,219.665,223.965,227.283,229.566,230.832,231.209,230.952,230.429,230.022,229.996,230.4,231.104,231.937,232.812,233.728,234.712,235.778,236.926,238.153,239.457,240.829,242.261,243.738,245.244,246.758,248.253,249.705,251.086,252.371,253.544,254.604,255.572,256.508,257.526,258.824,260.725
8820.0,86.374,98.424,109.901,120.886,131.435,141.588,151.366,160.778,169.822,178.479,186.721,194.504,201.766,208.434,214.416,219.613,223.92,227.246,229.539,230.815,231.199,230.95,230.431,230.025,229.998,230.401,231.104,231.937,232.812,233.728,234.712,235.778,236.926,238.153,239.457,240.829,242.261,243.738,245.244,246.758,248.253,249.705,251.086,252.371,253.544,254.604,255.572,256.508,257.526,258.824,260.725
8880.0,86.358,98.399,109.868,120.845,131.389,141.536,151.309,160.718,169.758,178.414,186.655,194.437,201.702,208.372,214.359,219.561,223.875,227.21,229.511,230.797,231.19,230.947,230.432,230.028,230.001,230.402,231.104,231.937,232.812,233.728,234.712,235.778,236.926,238.153,239.457,240.829,242.261,243.738,245.244,246.757,248.253,249.705,251.086,252.371,253.544,254.604,255.572,256.508,257.526,258.824,260.725
8940.0,86.342,98.374,109.835,120.805,131.342,141.484,151.252,160.657,169.694,178.348,186.588,194.371,201.637,208.31,214.301,219.509,223.83,227.174,229.484,230.779,231.181,230.945,230.434,230.031,230.003,230.403,231.104,231.937,232.812,233.728,234.712,235.778,236.926,238.153,239.457,240.829,242.261,243.738,245.244,246.757,248.253,249.705,251.086,252.371,253.544,254.604,255.572,256.508,257.526,258.824,260.725
9000.0,86.325,98.35,109.802,120.766,131.296,141.432,151.196,160.596,169.631,178.283,186.522,194.305,201.572,208.249,214.244,219.458,223.786,227.137,229.457,230.76,231.171,230.942,230.435,230.034,230.005,230.404,231.104,231.937,232.812,233.728,234.712,235.778,236.926,238.153,239.457,240.829,242.261,243.738,245.244,246.757,248.253,249.705,251.085,252.371,253.544,254.604,255.572,256.508,257.526,258.824,260.725
9060.0,86.309,98.325,109.77,120.726,131.25,141.38,151.139,160.536,169.567,178.217,186.456,194.239,201.508,208.187,214.187,219.406,223.741,227.101,229.429,230.742,231.162,230.939,230.437,230.037,230.007,230.405,231.104,231.937,232.812,233.728,234.712,235.777,236.926,238.153,239.457,240.829,242.261,243.738,245.244,246.757,248.253,249.705,251.085,252.371,253.544,254.604,255.572,256.508,257.526,258.824,260.725
9120.0,86.293,98.3,109.737,120.686,131.204,141.328,151.083,160.476,169.504,178.152,186.39,194.174,201.444,208.126,214.129,219.354,223.696,227.064,229.402,230.724,231.152,230.936,230.438,230.04,230.01,230.406,231.104,231.937,232.812,233.728,234.712,235.777,236.925,238.153,239.456,240.829,242.261,243.738,245.244,246.757,248.253,249.705,251.085,252.371,253.544,254.604,255.572,256.508,257.526,258.824,260.726
9180.0,86.277,98.275,109.704,120.646,131.158,141.277,151.026,160.416,169.441,178.087,186.324,194.108,201.38,208.064,214.072,219.303,223.652,227.028,229.375,230.706,231.142,230.934,230.439,230.042,230.012,230.407,231.105,231.936,232.812,233.728,234.712,235.777,236.925,238.153,239.456,240.829,242.26,243.738,245.244,246.757,248.253,249.705,251.085,252.37,253.544,254.604,255.572,256.508,257.526,258.824,260.726
9240.0,86.261,98.251,109.672,120.607,131.112,141.225,150.97,160.356,169.378,178.022,186.258,194.042,201.316,208.003,214.015,219.251,223.607,226.991,229.347,230.688,231.133,230.931,230.441,230.045,230.014,230.408,231.105,231.936,232.811,233.728,234.712,235.777,236.925,238.153,239.456,240.829,242.26,243.738,245.244,246.757,248.253,249.705,251.085,252.37,253.544,254.604,255.572,256.508,257.526,258.824,260.726
9300.0,86.245,98.226,109.64,120.567,131.066,141.174,150.914,160.296,169.315,177.958,186.193,193.977,201.252,207.942,213.958,219.2,223.563,226.955,229.32,230.67,231.123,230.928,230.442,230.048,230.017,230.409,231.105,231.936,232.811,233.728,234.712,235.777,236.925,238.153,239.456,240.829,242.26,243.738,245.244,246.757,248.253,249.705,251.085,252.37,253.544,254.604,255.572,256.508,257.526,258.824,260.726
9360.0,86.229,98.201,109.607,120.528,131.02,141.123,150.858,160.236,169.253,177.893,186.127,193.912,201.188,207.881,213.901,219.148,223.518,226.919,229.293,230.652,231.113,230.925,230.443,230.051,230.019,230.41,231.105,231.936,232.811,233.727,234.712,235.777,236.925,238.153,239.456,240.829,242.26,243.738,245.244,246.757,248.253,249.705,251.085,252.37,253.544,254.604,255.572,256.508,257.526,258.824,260.726
9420.0,86.213,98.177,109.575,120.489,130.975,141.072,150.802,160.176,169.19,177.828,186.062,193.847,201.124,207.82,213.844,219.097,223.474,226.882,229.265,230.633,231.104,230.922,230.445,230.054,230.021,230.412,231.105,231.936,232.811,233.727,234.712,235.777,236.925,238.153,239.456,240.829,242.26,243.738,245.244,246.757,248.253,249.705,251.085,252.37,253.544,254.604,255.572,256.508,257.526,258.824,260.726
9480.0,86.197,98.153,109.543,120.449,130.929,141.021,150.747,160.117,169.128,177.764,185.996,193.781,201.06,207.759,213.787,219.046,223.429,226.846,229.238,230.615,231.094,230.919,230.446,230.056,230.023,230.413,231.105,231.936,232.811,233.727,234.711,235.777,236.925,238.153,239.456,240.829,242.26,243.738,245.244,246.757,248.253,249.705,251.085,252.37,253.544,254.604,255.572,256.508,257.526,258.824,260.726
9540.0,86.181,98.128,109.511,120.41,130.884,140.97,150.691,160.057,169.065,177.7,185.931,193.717,200.997,207.698,213.731,218.994,223.385,226.81,229.21,230.597,231.084,230.916,230.447,230.059,230.026,230.414,231.106,231.935,232.811,233.727,234.711,235.777,236.925,238.153,239.456,240.829,242.26,243.738,245.244,246.757,248.253,249.705,251.085,252.37,253.544,254.604,255.572,256.508,257.526,258.824,260.726
9600.0,86.165,98.104,109.479,120.371,130.839,140.919,150.636,159.998,169.003,177.636,185.866,193.652,200.934,207.637,213.674,218.943,223.341,226.773,229.183,230.579,231.074,230.913,230.448,230.062,230.028,230.415,231.106,231.935,232.811,233.727,234.711,235.777,236.925,238.153,239.456,240.829,242.26,243.738,245.244,246.757,248.253,249.705,251.085,252.37,253.544,254.604,255.572,256.508,257.526,258.824,260.726
9660.0,86.149,98.08,109.447,120.332,130.794,140.869,150.58,159.939,168.941,177.572,185.801,193.587,200.87,207.577,213.618,218.892,223.296,226.737,229.155,230.56,231.064,230.91,230.449,230.064,230.03,230.416,231.106,231.935,232.81,233.727,234.711,235.777,236.925,238.153,239.456,240.828,242.26,243.738,245.244,246.757,248.253,249.705,251.085,252.37,253.544,254.604,255.572,256.508,257.526,258.824,260.726
9720.0,86.133,98.055,109.415,120.294,130.749,140.818,150.525,159.88,168.879,177.508,185.737,193.522,200.807,207.516,213.561,218.841,223.252,226.701,229.128,230.542,231.055,230.907,230.451,230.067,230.032,230.417,231.106,231.935,232.81,233.727,234.711,235.777,236.925,238.153,239.456,240.828,242.26,243.738,245.244,246.757,248.253,249.705,251.085,252.37,253.544,254.604,255.572,256.508,257.526,258.824,260.726
9780.0,86.117,98.031,109.383,120.255,130.704,140.768,150.47,159.821,168.817,177.444,185.672,193.458,200.744,207.456,213.505,218.79,223.208,226.664,229.101,230.523,231.045,230.903,230.452,230.07,230.035,230.418,231.106,231.935,232.81,233.727,234.711,235.777,236.925,238.153,239.456,240.828,242.26,243.738,245.244,246.757,248.253,249.705,251.085,252.37,253.544,254.604,255.572,256.508,257.526,258.824,260.726
9840.0,86.101,98.007,109.351,120.216,130.659,140.717,150.415,159.762,168.756,177.38,185.607,193.394,200.681,207.395,213.448,218.739,223.164,226.628,229.073,230.505,231.035,230.9,230.453,230.072,230.037,230.419,231.107,231.935,232.81,233.727,234.711,235.777,236.925,238.153,239.456,240.828,242.26,243.738,245.244,246.757,248.253,249.705,251.085,252.37,253.544,254.604,255.572,256.508,257.526,258.824,260.726
9900.0,86.086,97.983,109.32,120.178,130.614,140.667,150.36,159.704,168.694,177.317,185.543,193.329,200.618,207.335,213.392,218.688,223.119,226.592,229.046,230.487,231.025,230.897,230.454,230.075,230.039,230.42,231.107,231.935,232.81,233.727,234.711,235.777,236.925,238.153,239.456,240.828,242.26,243.738,245.244,246.757,248.253,249.705,251.085,252.37,253.544,254.604,255.572,256.508,257.526,258.824,260.726
9960.0,86.07,97.959,109.288,120.139,130.569,140.617,150.306,159.645,168.633,177.253,185.479,193.265,200.555,207.275,213.336,218.637,223.075,226.556,229.018,230.468,231.015,230.894,230.455,230.078,230.041,230.421,231.107,231.934,232.81,233.727,234.711,235.777,236.925,238.153,239.456,240.828,242.26,243.738,245.244,246.757,248.253,249.705,251.085,252.37,253.544,254.604,255.572,256.508,257.526,258.824,260.726
10020.0,86.054,97.935,109.256,120.101,130.525,140.567,150.251,159.587,168.572,177.19,185.414,193.201,200.493,207.215,213.28,218.586,223.031,226.519,228.991,230.45,231.004,230.89,230.456,230.08,230.044,230.422,231.107,231.934,232.81,233.727,234.711,235.777,236.925,238.152,239.456,240.828,242.26,243.738,245.244,246.757,248.253,249.705,251.085,252.37,253.544,254.604,255.572,256.508,257.526,258.824,260.726
10080.0,86.039,97.911,109.225,120.062,130.48,140.517,150.197,159.528,168.51,177.127,185.35,193.137,200.43,207.155,213.224,218.536,222.987,226.483,228.963,230.431,230.994,230.887,230.457,230.083,230.046,230.423,231.107,231.934,232.81,233.727,234.711,235.777,236.925,238.152,239.456,240.828,242.26,243.738,245.244,246.757,248.253,249.705,251.085,252.37,253.544,254.604,255.572,256.508,257.526,258.824,260.726
10140.0,86.023,97.887,109.194,120.024,130.436,140.467,150.142,159.47,168.449,177.064,185.286,193.073,200.367,207.095,213.168,218.485,222.943,226.447,228.936,230.413,230.984,230.884,230.458,230.086,230.048,230.424,231.107,231.934,232.809,233.727,234.711,235.777,236.925,238.152,239.456,240.828,242.26,243.737,245.244,246.757,248.253,249.705,251.085,252.37,253.544,254.604,255.572,256.508,257.526,258.824,260.726
10200.0,86.007,97.863,109.162,119.986,130.392,140.418,150.088,159.412,168.388,177.001,185.222,193.01,200.305,207.035,213.112,218.434,222.899,226.411,228.908,230.394,230.974,230.88,230.459,230.088,230.05,230.426,231.108,231.934,232.809,233.727,234.711,235.777,236.925,238.152,239.456,240.828,242.26,243.737,245.244,246.757,248.253,249.705,251.085,252.37,253.544,254.604,255.572,256.508,257.526,258.824,260.726
10260.0,85.992,97.84,109.131,119.948,130.347,140.368,150.034,159.354,168.328,176.938,185.159,192.946,200.243,206.975,213.056,218.384,222.855,226.375,228.881,230.375,230.964,230.877,230.459,230.091,230.053,230.427,231.108,231.934,232.809,233.726,234.711,235.777,236.925,238.152,239.456,240.828,242.26,243.737,245.243,246.757,248.253,249.705,251.085,252.37,253.544,254.604,255.572,256.508,257.526,258.824,260.726
10320.0,85.976,97.816,109.1,119.91,130.303,140.319,149.98,159.297,168.267,176.876,185.095,192.883,200.181,206.916,213.0,218.333,222.811,226.338,228.853,230.357,230.953,230.873,230.46,230.093,230.055,230.428,231.108,231.934,232.809,233.726,234.711,235.777,236.925,238.152,239.456,240.828,242.26,243.737,245.243,246.757,248.253,249.705,251.085,252.37,253.544,254.604,255.572,256.508,257.526,258.824,260.726
10380.0,85.961,97.792,109.069,119.872,130.259,140.269,149.926,159.239,168.206,176.813,185.032,192.819,200.119,206.856,212.944,218.283,222.767,226.302,228.825,230.338,230.943,230.87,230.461,230.096,230.057,230.429,231.108,231.934,232.809,233.726,234.711,235.776,236.925,238.152,239.456,240.828,242.26,243.737,245.243,246.757,248.253,249.705,251.085,252.37,253.544,254.604,255.572,256.508,257.526,258.824,260.726
10440.0,85.945,97.769,109.038,119.834,130.215,140.22,149.872,159.181,168.146,176.751,184.968,192.756,200.057,206.797,212.889,218.232,222.723,226.266,228.798,230.319,230.933,230.866,230.462,230.098,230.059,230.43,231.109,231.933,232.809,233.726,234.711,235.776,236.924,238.152,239.456,240.828,242.26,243.737,245.243,246.757,248.253,249.705,251.085,252.37,253.544,254.604,255.572,256.508,257.526,258.824,260.726
10500.0,85.93,97.745,109.007,119.796,130.172,140.171,149.818,159.124,168.086,176.689,184.905,192.693,199.995,206.737,212.833,218.182,222.679,226.23,228.77,230.301,230.922,230.863,230.463,230.101,230.061,230.431,231.109,231.933,232.809,233.726,234.711,235.776,236.924,238.152,239.455,240.828,242.26,243.737,245.243,246.757,248.253,249.704,251.085,252.37,253.544,254.604,255.572,256.508,257.526,258.824,260.726
10560.0,85.914,97.722,108.976,119.759,130.128,140.122,149.765,159.067,168.025,176.626,184.842,192.63,199.933,206.678,212.778,218.132,222.636,226.194,228.743,230.282,230.912,230.859,230.463,230.103,230.064,230.432,231.109,231.933,232.808,233.726,234.711,235.776,236.924,238.152,239.455,240.828,242.26,243.737,245.243,246.757,248.253,249.704,251.085,252.37,253.544,254.604,255.572,256.508,257.526,258.824,260.726
10620.0,85.899,97.698,108.945,119.721,130.084,140.073,149.711,159.009,167.965,176.564,184.779,192.567,199.871,206.619,212.722,218.082,222.592,226.158,228.715,230.263,230.902,230.855,230.464,230.106,230.066,230.433,231.109,231.933,232.808,233.726,234.711,235.776,236.924,238.152,239.455,240.828,242.26,243.737,245.243,246.757,248.253,249.704,251.085,252.37,253.544,254.604,255.572,256.508,257.526,258.824,260.726
10680.0,85.884,97.675,108.914,119.684,130.041,140.024,149.658,158.952,167.905,176.502,184.716,192.504,199.81,206.56,212.667,218.031,222.548,226.122,228.688,230.245,230.891,230.852,230.465,230.108,230.068,230.434,231.109,231.933,232.808,233.726,234.71,235.776,236.924,238.152,239.455,240.828,242.26,243.737,245.243,246.757,248.253,249.704,251.085,252.37,253.544,254.604,255.572,256.508,257.526,258.824,260.726
10740.0,85.868,97.651,108.883,119.646,129.997,139.976,149.605,158.895,167.845,176.441,184.653,192.441,199.748,206.501,212.612,217.981,222.504,226.086,228.66,230.226,230.881,230.848,230.466,230.111,230.07,230.435,231.11,231.933,232.808,233.726,234.71,235.776,236.924,238.152,239.455,240.828,242.26,243.737,245.243,246.757,248.253,249.704,251.085,252.37,253.544,254.604,255.572,256.508,257.526,258.824,260.726
10800.0,85.853,97.628,108.853,119.609,129.954,139.927,149.552,158.838,167.786,176.379,184.591,192.379,199.687,206.442,212.557,217.931,222.461,226.049,228.632,230.207,230.87,230.844,230.466,230.113,230.072,230.437,231.11,231.933,232.808,233.726,234.71,235.776,236.924,238.152,239.455,240.828,242.259,243.737,245.243,246.757,248.253,249.704,251.085,252.37,253.544,254.604,255.572,256.508,257.526,258.824,260.726
10860.0,85.838,97.605,108.822,119.572,129.911,139.878,149.499,158.782,167.726,176.317,184.528,192.316,199.626,206.383,212.502,217.881,222.417,226.013,228.605,230.188,230.859,230.84,230.467,230.115,230.075,230.438,231.11,231.933,232.808,233.726,234.71,235.776,236.924,238.152,239.455,240.828,242.259,243.737,245.243,246.757,248.253,249.704,251.085,252.37,253.544,254.603,255.572,256.508,257.526,258.824,260.726
10920.0,85.822,97.581,108.792,119.534,129.868,139.83,149.446,158.725,167.667,176.256,184.465,192.254,199.564,206.324,212.447,217.831,222.373,225.977,228.577,230.169,230.849,230.836,230.467,230.118,230.077,230.439,231.11,231.932,232.808,233.726,234.71,235.776,236.924,238.152,239.455,240.828,242.259,243.737,245.243,246.756,248.252,249.704,251.085,252.37,253.544,254.603,255.572,256.508,257.526,258.824,260.726
10980.0,85.807,97.558,108.761,119.497,129.825,139.782,149.393,158.669,167.607,176.195,184.403,192.192,199.503,206.266,212.392,217.781,222.33,225.941,228.55,230.15,230.838,230.833,230.468,230.12,230.079,230.44,231.11,231.932,232.808,233.726,234.71,235.776,236.924,238.152,239.455,240.828,242.259,243.737,245.243,246.756,248.252,249.704,251.085,252.37,253.544,254.603,255.572,256.508,257.526,258.824,260.726
11040.0,85.792,97.535,108.731,119.46,129.782,139.734,149.34,158.612,167.548,176.133,184.341,192.129,199.442,206.207,212.337,217.731,222.286,225.905,228.522,230.131,230.828,230.829,230.468,230.122,230.081,230.441,231.111,231.932,232.807,233.725,234.71,235.776,236.924,238.152,239.455,240.828,242.259,243.737,245.243,246.756,248.252,249.704,251.085,252.37,253.544,254.603,255.572,256.508,257.526,258.824,260.726
11100.0,85.777,97.512,108.7,119.423,129.739,139.686,149.288,158.556,167.489,176.072,184.279,192.067,199.381,206.149,212.282,217.681,222.243,225.869,228.494,230.113,230.817,230.825,230.469,230.125,230.083,230.442,231.111,231.932,232.807,233.725,234.71,235.776,236.924,238.152,239.455,240.828,242.259,243.737,245.243,246.756,248.252,249.704,251.085,252.37,253.543,254.603,255.572,256.508,257.526,258.824,260.726
11160.0,85.762,97.489,108.67,119.387,129.696,139.638,149.235,158.5,167.43,176.011,184.217,192.005,199.321,206.09,212.227,217.632,222.199,225.833,228.467,230.094,230.806,230.821,230.469,230.127,230.085,230.443,231.111,231.932,232.807,233.725,234.71,235.776,236.924,238.152,239.455,240.827,242.259,243.737,245.243,246.756,248.252,249.704,251.085,252.37,253.543,254.603,255.572,256.508,257.526,258.824,260.726
11220.0,85.747,97.466,108.64,119.35,129.653,139.59,149.183,158.444,167.371,175.95,184.155,191.944,199.26,206.032,212.172,217.582,222.156,225.797,228.439,230.075,230.795,230.817,230.47,230.129,230.088,230.444,231.111,231.932,232.807,233.725,234.71,235.776,236.924,238.152,239.455,240.827,242.259,243.737,245.243,246.756,248.252,249.704,251.085,252.37,253.543,254.603,255.572,256.508,257.526,258.824,260.726
11280.0,85.732,97.443,108.61,119.313,129.611,139.542,149.131,158.388,167.312,175.89,184.093,191.882,199.199,205.974,212.118,217.532,222.113,225.761,228.411,230.056,230.785,230.813,230.47,230.132,230.09,230.445,231.112,231.932,232.807,233.725,234.71,235.776,236.924,238.152,239.455,240.827,242.259,243.737,245.243,246.756,248.252,249.704,251.085,252.37,253.543,254.603,255.572,256.508,257.526,258.824,260.726
11340.0,85.717,97.42,108.58,119.276,129.568,139.494,149.078,158.332,167.253,175.829,184.032,191.82,199.139,205.915,212.063,217.483,222.069,225.725,228.384,230.037,230.774,230.809,230.471,230.134,230.092,230.447,231.112,231.932,232.807,233.725,234.71,235.776,236.924,238.152,239.455,240.827,242.259,243.737,245.243,246.756,248.252,249.704,251.085,252.37,253.543,254.603,255.572,256.508,257.526,258.824,260.726
11400.0,85.702,97.398,108.55,119.24,129.526,139.447,149.026,158.276,167.195,175.768,183.97,191.759,199.078,205.857,212.009,217.433,222.026,225.689,228.356,230.018,230.763,230.804,230.471,230.136,230.094,230.448,231.112,231.931,232.807,233.725,234.71,235.776,236.924,238.151,239.455,240.827,242.259,243.737,245.243,246.756,248.252,249.704,251.085,252.37,253.543,254.603,255.572,256.508,257.526,258.824,260.726
11460.0,85.687,97.375,108.52,119.203,129.484,139.399,148.975,158.221,167.136,175.708,183.909,191.697,199.018,205.799,211.954,217.384,221.983,225.654,228.328,229.999,230.752,230.8,230.471,230.139,230.096,230.449,231.112,231.931,232.807,233.725,234.71,235.776,236.924,238.151,239.455,240.827,242.259,243.737,245.243,246.756,248.252,249.704,251.085,252.37,253.543,254.603,255.572,256.508,257.526,258.824,260.726
11520.0,85.672,97.352,108.49,119.167,129.441,139.352,148.923,158.165,167.078,175.648,183.847,191.636,198.958,205.742,211.9,217.334,221.939,225.618,228.301,229.979,230.741,230.796,230.472,230.141,230.098,230.45,231.113,231.931,232.806,233.725,234.71,235.776,236.924,238.151,239.455,240.827,242.259,243.737,245.243,246.756,248.252,249.704,251.085,252.37,253.543,254.603,255.572,256.508,257.526,258.824,260.726
11580.0,85.657,97.329,108.46,119.131,129.399,139.304,148.871,158.11,167.02,175.588,183.786,191.575,198.898,205.684,211.846,217.285,221.896,225.582,228.273,229.96,230.73,230.792,230.472,230.143,230.1,230.451,231.113,231.931,232.806,233.725,234.71,235.776,236.924,238.151,239.455,240.827,242.259,243.737,245.243,246.756,248.252,249.704,251.085,252.37,253.543,254.603,255.572,256.508,257.526,258.824,260.726
11640.0,85.642,97.307,108.43,119.095,129.357,139.257,148.819,158.055,166.962,175.527,183.725,191.514,198.838,205.626,211.792,217.235,221.853,225.546,228.245,229.941,230.719,230.788,230.472,230.145,230.102,230.452,231.113,231.931,232.806,233.725,234.71,235.775,236.924,238.151,239.455,240.827,242.259,243.737,245.243,246.756,248.252,249.704,251.085,252.37,253.543,254.603,255.572,256.508,257.526,258.824,260.726
11700.0,85.627,97.284,108.401,119.058,129.315,139.21,148.768,157.999,166.904,175.467,183.664,191.453,198.778,205.568,211.737,217.186,221.81,225.51,228.218,229.922,230.708,230.783,230.472,230.147,230.105,230.453,231.113,231.931,232.806,233.725,234.71,235.775,236.923,238.151,239.455,240.827,242.259,243.737,245.243,246.756,248.252,249.704,251.085,252.37,253.543,254.603,255.572,256.508,257.526,258.824,260.726
11760.0,85.612,97.262,108.371,119.022,129.273,139.163,148.716,157.944,166.846,175.408,183.603,191.392,198.718,205.511,211.683,217.137,221.767,225.474,228.19,229.903,230.697,230.779,230.473,230.15,230.107,230.454,231.114,231.931,232.806,233.725,234.71,235.775,236.923,238.151,239.455,240.827,242.259,243.737,245.243,246.756,248.252,249.704,251.085,252.37,253.543,254.603,255.572,256.508,257.526,258.824,260.726
11820.0,85.597,97.239,108.341,118.986,129.232,139.116,148.665,157.889,166.788,175.348,183.542,191.331,198.658,205.453,211.629,217.088,221.723,225.438,228.162,229.884,230.686,230.775,230.473,230.152,230.109,230.456,231.114,231.931,232.806,233.725,234.71,235.775,236.923,238.151,239.455,240.827,242.259,243.736,245.243,246.756,248.252,249.704,251.085,252.37,253.543,254.603,255.572,256.508,257.526,258.824,260.726
11880.0,85.583,97.217,108.312,118.95,129.19,139.07,148.614,157.835,166.731,175.288,183.482,191.27,198.599,205.396,211.576,217.039,221.68,225.402,228.135,229.865,230.675,230.77,230.473,230.154,230.111,230.457,231.114,231.931,232.806,233.724,234.71,235.775,236.923,238.151,239.454,240.827,242.259,243.736,245.243,246.756,248.252,249.704,251.085,252.37,253.543,254.603,255.572,256.508,257.526,258.824,260.726
11940.0,85.568,97.194,108.282,118.915,129.148,139.023,148.563,157.78,166.673,175.229,183.421,191.21,198.539,205.339,211.522,216.99,221.637,225.367,228.107,229.845,230.664,230.766,230.473,230.156,230.113,230.458,231.114,231.93,232.805,233.724,234.709,235.775,236.923,238.151,239.454,240.827,242.259,243.736,245.243,246.756,248.252,249.704,251.085,252.37,253.543,254.603,255.572,256.508,257.526,258.824,260.726
12000.0,85.553,97.172,108.253,118.879,129.107,138.976,148.512,157.725,166.616,175.169,183.361,191.149,198.48,205.281,211.468,216.941,221.594,225.331,228.079,229.826,230.652,230.761,230.473,230.158,230.115,230.459,231.115,231.93,232.805,233.724,234.709,235.775,236.923,238.151,239.454,240.827,242.259,243.736,245.243,246.756,248.252,249.704,251.085,252.37,253.543,254.603,255.572,256.508,257.526,258.824,260.726
12060.0,85.538,97.149,108.224,118.843,129.065,138.93,148.461,157.671,166.558,175.11,183.3,191.089,198.42,205.224,211.414,216.892,221.551,225.295,228.051,229.807,230.641,230.757,230.473,230.16,230.117,230.46,231.115,231.93,232.805,233.724,234.709,235.775,236.923,238.151,239.454,240.827,242.259,243.736,245.242,246.756,248.252,249.704,251.085,252.37,253.543,254.603,255.572,256.508,257.526,258.824,260.726
12120.0,85.524,97.127,108.194,118.807,129.024,138.883,148.41,157.616,166.501,175.051,183.24,191.028,198.361,205.167,211.361,216.843,221.508,225.259,228.024,229.787,230.63,230.752,230.473,230.162,230.119,230.461,231.115,231.93,232.805,233.724,234.709,235.775,236.923,238.151,239.454,240.827,242.259,243.736,245.242,246.756,248.252,249.704,251.084,252.37,253.543,254.603,255.572,256.508,257.526,258.824,260.726
12180.0,85.509,97.105,108.165,118.772,128.983,138.837,148.36,157.562,166.444,174.992,183.18,190.968,198.302,205.11,211.307,216.794,221.466,225.224,227.996,229.768,230.619,230.748,230.473,230.164,230.121,230.462,231.115,231.93,232.805,233.724,234.709,235.775,236.923,238.151,239.454,240.827,242.259,243.736,245.242,246.756,248.252,249.704,251.084,252.37,253.543,254.603,255.572,256.508,257.526,258.824,260.726
12240.0,85.494,97.083,108.136,118.736,128.941,138.791,148.309,157.508,166.387,174.933,183.12,190.908,198.243,205.053,211.253,216.745,221.423,225.188,227.968,229.749,230.607,230.743,230.473,230.166,230.123,230.463,231.116,231.93,232.805,233.724,234.709,235.775,236.923,238.151,239.454,240.827,242.259,243.736,245.242,246.756,248.252,249.704,251.084,252.37,253.543,254.603,255.572,256.508,257.526,258.824,260.726
12300.0,85.48,97.061,108.107,118.701,128.9,138.745,148.259,157.454,166.33,174.874,183.06,190.848,198.184,204.996,211.2,216.696,221.38,225.152,227.941,229.729,230.596,230.739,230.473,230.168,230.125,230.465,231.116,231.93,232.805,233.724,234.709,235.775,236.923,238.151,239.454,240.827,242.259,243.736,245.242,246.756,248.252,249.704,251.084,252.37,253.543,254.603,255.572,256.508,257.526,258.824,260.726
12360.0,85.465,97.039,108.078,118.666,128.859,138.699,148.208,157.4,166.273,174.815,183.0,190.788,198.125,204.94,211.147,216.648,221.337,225.116,227.913,229.71,230.585,230.734,230.473,230.17,230.128,230.466,231.116,231.93,232.805,233.724,234.709,235.775,236.923,238.151,239.454,240.827,242.258,243.736,245.242,246.756,248.252,249.704,251.084,252.37,253.543,254.603,255.572,256.508,257.526,258.824,260.726
12420.0,85.451,97.016,108.049,118.63,128.818,138.653,148.158,157.346,166.217,174.757,182.94,190.729,198.066,204.883,211.093,216.599,221.294,225.081,227.885,229.691,230.573,230.729,230.473,230.172,230.13,230.467,231.117,231.93,232.804,233.724,234.709,235.775,236.923,238.151,239.454,240.827,242.258,243.736,245.242,246.756,248.252,249.704,251.084,252.37,253.543,254.603,255.572,256.508,257.526,258.824,260.726
12480.0,85.436,96.994,108.02,118.595,128.778,138.607,148.108,157.292,166.16,174.698,182.881,190.669,198.007,204.826,211.04,216.55,221.252,225.045,227.857,229.671,230.562,230.725,230.473,230.174,230.132,230.468,231.117,231.93,232.804,233.724,234.709,235.775,236.923,238.151,239.454,240.827,242.258,243.736,245.242,246.756,248.252,249.704,251.084,252.37,253.543,254.603,255.572,256.508,257.526,258.824,260.726
12540.0,85.422,96.972,107.991,118.56,128.737,138.561,148.058,157.239,166.104,174.64,182.821,190.609,197.949,204.77,210.987,216.502,221.209,225.009,227.83,229.652,230.55,230.72,230.473,230.176,230.134,230.469,231.117,231.929,232.804,233.724,234.709,235.775,236.923,238.151,239.454,240.827,242.258,243.736,245.242,246.756,248.252,249.704,251.084,252.37,253.543,254.603,255.572,256.508,257.526,258.824,260.726
12600.0,85.407,96.951,107.963,118.525,128.696,138.516,148.008,157.185,166.047,174.581,182.762,190.55,197.89,204.714,210.934,216.453,221.166,224.974,227.802,229.632,230.539,230.715,230.473,230.178,230.136,230.47,231.117,231.929,232.804,233.724,234.709,235.775,236.923,238.151,239.454,240.826,242.258,243.736,245.242,246.756,248.252,249.704,251.084,252.37,253.543,254.603,255.572,256.508,257.526,258.824,260.726
12660.0,85.393,96.929,107.934,118.49,128.656,138.47,147.958,157.132,165.991,174.523,182.703,190.49,197.832,204.657,210.881,216.405,221.124,224.938,227.774,229.613,230.527,230.71,230.472,230.18,230.138,230.471,231.118,231.929,232.804,233.724,234.709,235.775,236.923,238.151,239.454,240.826,242.258,243.736,245.242,246.756,248.252,249.704,251.084,252.37,253.543,254.603,255.572,256.508,257.526,258.824,260.726
12720.0,85.378,96.907,107.905,118.455,128.615,138.425,147.908,157.078,165.935,174.465,182.644,190.431,197.774,204.601,210.828,216.356,221.081,224.902,227.746,229.593,230.516,230.706,230.472,230.182,230.14,230.473,231.118,231.929,232.804,233.723,234.709,235.775,236.923,238.15,239.454,240.826,242.258,243.736,245.242,246.756,248.252,249.704,251.084,252.37,253.543,254.603,255.572,256.508,257.526,258.824,260.726
12780.0,85.364,96.885,107.877,118.42,128.575,138.379,147.859,157.025,165.879,174.407,182.584,190.372,197.715,204.545,210.775,216.308,221.039,224.867,227.719,229.574,230.504,230.701,230.472,230.184,230.142,230.474,231.118,231.929,232.804,233.723,234.709,235.775,236.923,238.15,239.454,240.826,242.258,243.736,245.242,246.756,248.252,249.704,251.084,252.37,253.543,254.603,255.572,256.508,257.526,258.824,260.726
12840.0,85.35,96.863,107.848,118.386,128.534,138.334,147.809,156.972,165.823,174.349,182.525,190.313,197.657,204.489,210.722,216.26,220.996,224.831,227.691,229.554,230.493,230.696,230.472,230.186,230.144,230.475,231.119,231.929,232.804,233.723,234.709,235.775,236.923,238.15,239.454,240.826,242.258,243.736,245.242,246.756,248.252,249.704,251.084,252.37,253.543,254.603,255.572,256.508,257.526,258.824,260.726
12900.0,85.335,96.842,107.82,118.351,128.494,138.289,147.76,156.919,165.767,174.291,182.467,190.254,197.599,204.433,210.669,216.211,220.954,224.796,227.663,229.535,230.481,230.691,230.471,230.188,230.146,230.476,231.119,231.929,232.803,233.723,234.709,235.775,236.923,238.15,239.454,240.826,242.258,243.736,245.242,246.756,248.252,249.704,251.084,252.37,253.543,254.603,255.572,256.508,257.526,258.824,260.726
12960.0,85.321,96.82,107.791,118.316,128.454,138.244,147.71,156.866,165.711,174.234,182.408,190.195,197.541,204.377,210.617,216.163,220.911,224.76,227.635,229.515,230.47,230.686,230.471,230.19,230.148,230.477,231.119,231.929,232.803,233.723,234.709,235.774,236.923,238.15,239.454,240.826,242.258,243.736,245.242,246.755,248.252,249.704,251.084,252.37,253.543,254.603,255.572,256.508,257.526,258.824,260.726
13020.0,85.307,96.798,107.763,118.282,128.414,138.199,147.661,156.813,165.656,174.176,182.349,190.136,197.483,204.321,210.564,216.115,220.869,224.725,227.607,229.496,230.458,230.681,230.471,230.192,230.15,230.478,231.119,231.929,232.803,233.723,234.709,235.774,236.922,238.15,239.454,240.826,242.258,243.736,245.242,246.755,248.252,249.704,251.084,252.37,253.543,254.603,255.572,256.508,257.526,258.824,260.726
13080.0,85.293,96.777,107.734,118.247,128.374,138.154,147.612,156.761,165.6,174.119,182.291,190.077,197.425,204.265,210.512,216.067,220.826,224.689,227.58,229.476,230.446,230.676,230.47,230.193,230.152,230.479,231.12,231.929,232.803,233.723,234.709,235.774,236.922,238.15,239.454,240.826,242.258,243.736,245.242,246.755,248.252,249.704,251.084,252.369,253.543,254.603,255.572,256.508,257.526,258.824,260.726
13140.0,85.278,96.755,107.706,118.213,128.334,138.109,147.563,156.708,165.545,174.061,182.232,190.019,197.368,204.209,210.459,216.019,220.784,224.654,227.552,229.457,230.434,230.671,230.47,230.195,230.154,230.481,231.12,231.929,232.803,233.723,234.708,235.774,236.922,238.15,239.454,240.826,242.258,243.736,245.242,246.755,248.252,249.703,251.084,252.369,253.543,254.603,255.572,256.508,257.526,258.824,260.726
13200.0,85.264,96.734,107.678,118.179,128.294,138.064,147.514,156.656,165.49,174.004,182.174,189.96,197.31,204.154,210.407,215.971,220.742,224.618,227.524,229.437,230.423,230.666,230.47,230.197,230.156,230.482,231.12,231.928,232.803,233.723,234.708,235.774,236.922,238.15,239.454,240.826,242.258,243.736,245.242,246.755,248.252,249.703,251.084,252.369,253.543,254.603,255.572,256.508,257.526,258.824,260.726
13260.0,85.25,96.712,107.65,118.145,128.254,138.02,147.465,156.603,165.435,173.947,182.116,189.902,197.253,204.098,210.354,215.923,220.699,224.583,227.496,229.417,230.411,230.661,230.469,230.199,230.158,230.483,231.121,231.928,232.803,233.723,234.708,235.774,236.922,238.15,239.454,240.826,242.258,243.736,245.242,246.755,248.251,249.703,251.084,252.369,253.543,254.603,255.572,256.508,257.526,258.824,260.726
13320.0,85.236,96.691,107.622,118.11,128.215,137.975,147.416,156.551,165.379,173.89,182.057,189.844,197.195,204.043,210.302,215.875,220.657,224.547,227.469,229.398,230.399,230.656,230.469,230.201,230.16,230.484,231.121,231.928,232.803,233.723,234.708,235.774,236.922,238.15,239.453,240.826,242.258,243.736,245.242,246.755,248.251,249.703,251.084,252.369,253.543,254.603,255.572,256.508,257.526,258.824,260.726
13380.0,85.222,96.67,107.594,118.076,128.175,137.931,147.368,156.499,165.324,173.833,181.999,189.785,197.138,203.987,210.25,215.827,220.615,224.512,227.441,229.378,230.387,230.65,230.468,230.202,230.162,230.485,231.121,231.928,232.802,233.723,234.708,235.774,236.922,238.15,239.453,240.826,242.258,243.736,245.242,246.755,248.251,249.703,251.084,252.369,253.543,254.603,255.572,256.508,257.526,258.824,260.726
13440.0,85.208,96.648,107.566,118.042,128.136,137.886,147.319,156.447,165.27,173.776,181.941,189.727,197.081,203.932,210.198,215.78,220.573,224.476,227.413,229.358,230.375,230.645,230.468,230.204,230.164,230.486,231.122,231.928,232.802,233.723,234.708,235.774,236.922,238.15,239.453,240.826,242.258,243.736,245.242,246.755,248.251,249.703,251.084,252.369,253.543,254.603,255.572,256.508,257.526,258.824,260.726
13500.0,85.194,96.627,107.538,118.008,128.096,137.842,147.27,156.395,165.215,173.719,181.884,189.669,197.023,203.877,210.146,215.732,220.531,224.441,227.385,229.339,230.363,230.64,230.467,230.206,230.166,230.487,231.122,231.928,232.802,233.722,234.708,235.774,236.922,238.15,239.453,240.826,242.258,243.735,245.242,246.755,248.251,249.703,251.084,252.369,253.543,254.603,255.572,256.508,257.526,258.824,260.726
13560.0,85.18,96.606,107.51,117.974,128.057,137.798,147.222,156.343,165.16,173.663,181.826,189.611,196.966,203.822,210.094,215.684,220.488,224.405,227.357,229.319,230.351,230.635,230.466,230.208,230.168,230.489,231.122,231.928,232.802,233.722,234.708,235.774,236.922,238.15,239.453,240.826,242.258,243.735,245.242,246.755,248.251,249.703,251.084,252.369,253.543,254.603,255.572,256.508,257.526,258.824,260.726
13620.0,85.166,96.585,107.482,117.941,128.018,137.754,147.174,156.291,165.106,173.606,181.768,189.554,196.909,203.767,210.042,215.636,220.446,224.37,227.33,229.299,230.339,230.629,230.466,230.209,230.17,230.49,231.123,231.928,232.802,233.722,234.708,235.774,236.922,238.15,239.453,240.826,242.258,243.735,245.242,246.755,248.251,249.703,251.084,252.369,253.543,254.603,255.572,256.508,257.526,258.824,260.726
13680.0,85.152,96.563,107.454,117.907,127.978,137.71,147.126,156.239,165.051,173.55,181.711,189.496,196.852,203.712,209.99,215.589,220.404,224.335,227.302,229.279,230.328,230.624,230.465,230.211,230.171,230.491,231.123,231.928,232.802,233.722,234.708,235.774,236.922,238.15,239.453,240.826,242.258,243.735,245.242,246.755,248.251,249.703,251.084,252.369,253.543,254.603,255.572,256.508,257.526,258.824,260.726
13740.0,85.138,96.542,107.427,117.873,127.939,137.666,147.077,156.188,164.997,173.493,181.653,189.438,196.796,203.657,209.938,215.541,220.362,224.299,227.274,229.26,230.316,230.619,230.465,230.213,230.173,230.492,231.123,231.928,232.802,233.722,234.708,235.774,236.922,238.15,239.453,240.826,242.258,243.735,245.242,246.755,248.251,249.703,251.084,252.369,253.543,254.603,255.572,256.508,257.526,258.824,260.726
13800.0,85.124,96.521,107.399,117.839,127.9,137.622,147.029,156.136,164.942,173.437,181.596,189.381,196.739,203.602,209.886,215.494,220.32,224.264,227.246,229.24,230.303,230.613,230.464,230.214,230.175,230.493,231.123,231.928,232.802,233.722,234.708,235.774,236.922,238.15,239.453,240.826,242.258,243.735,245.242,246.755,248.251,249.703,251.084,252.369,253.543,254.603,255.572,256.508,257.526,258.824,260.726
13860.0,85.11,96.5,107.372,117.806,127.861,137.578,146.982,156.085,164.888,173.381,181.538,189.323,196.682,203.547,209.834,215.446,220.278,224.229,227.218,229.22,230.291,230.608,230.463,230.216,230.177,230.494,231.124,231.928,232.801,233.722,234.708,235.774,236.922,238.15,239.453,240.826,242.258,243.735,245.242,246.755,248.251,249.703,251.084,252.369,253.543,254.603,255.572,256.508,257.526,258.824,260.726
13920.0,85.096,96.479,107.344,117.772,127.822,137.534,146.934,156.033,164.834,173.325,181.481,189.266,196.626,203.492,209.783,215.399,220.237,224.193,227.191,229.2,230.279,230.602,230.462,230.217,230.179,230.495,231.124,231.928,232.801,233.722,234.708,235.774,236.922,238.15,239.453,240.826,242.257,243.735,245.241,246.755,248.251,249.703,251.084,252.369,253.543,254.603,255.572,256.508,257.526,258.824,260.726
13980.0,85.082,96.458,107.317,117.739,127.784,137.491,146.886,155.982,164.78,173.269,181.424,189.208,196.569,203.438,209.731,215.352,220.195,224.158,227.163,229.18,230.267,230.597,230.462,230.219,230.181,230.497,231.124,231.927,232.801,233.722,234.708,235.774,236.922,238.15,239.453,240.826,242.257,243.735,245.241,246.755,248.251,249.703,251.084,252.369,253.543,254.603,255.572,256.508,257.526,258.824,260.726
14040.0,85.068,96.437,107.289,117.706,127.745,137.447,146.838,155.931,164.726,173.213,181.367,189.151,196.513,203.383,209.68,215.304,220.153,224.123,227.135,229.16,230.255,230.591,230.461,230.221,230.183,230.498,231.125,231.927,232.801,233.722,234.708,235.774,236.922,238.15,239.453,240.826,242.257,243.735,245.241,246.755,248.251,249.703,251.084,252.369,253.543,254.603,255.572,256.508,257.526,258.824,260.726
14100.0,85.054,96.416,107.262,117.672,127.706,137.404,146.791,155.88,164.673,173.157,181.31,189.094,196.456,203.329,209.628,215.257,220.111,224.088,227.107,229.14,230.243,230.586,230.46,230.222,230.185,230.499,231.125,231.927,232.801,233.722,234.708,235.774,236.922,238.149,239.453,240.825,242.257,243.735,245.241,246.755,248.251,249.703,251.084,252.369,253.543,254.603,255.572,256.508,257.526,258.824,260.726
14160.0,85.041,96.396,107.235,117.639,127.668,137.36,146.743,155.829,164.619,173.102,181.254,189.037,196.4,203.275,209.577,215.21,220.069,224.052,227.079,229.121,230.231,230.58,230.459,230.224,230.187,230.5,231.125,231.927,232.801,233.722,234.708,235.774,236.922,238.149,239.453,240.825,242.257,243.735,245.241,246.755,248.251,249.703,251.084,252.369,253.543,254.603,255.572,256.508,257.526,258.824,260.726
14220.0,85.027,96.375,107.207,117.606,127.629,137.317,146.696,155.778,164.565,173.046,181.197,188.98,196.344,203.22,209.525,215.163,220.027,224.017,227.052,229.101,230.218,230.575,230.458,230.225,230.189,230.501,231.126,231.927,232.801,233.722,234.708,235.773,236.922,238.149,239.453,240.825,242.257,243.735,245.241,246.755,248.251,249.703,251.084,252.369,253.543,254.603,255.572,256.508,257.526,258.824,260.726
14280.0,85.013,96.354,107.18,117.573,127.591,137.274,146.649,155.728,164.512,172.991,181.14,188.924,196.288,203.166,209.474,215.116,219.986,223.982,227.024,229.081,230.206,230.569,230.457,230.227,230.191,230.502,231.126,231.927,232.801,233.721,234.708,235.773,236.922,238.149,239.453,240.825,242.257,243.735,245.241,246.755,248.251,249.703,251.084,252.369,253.543,254.603,255.572,256.508,257.526,258.824,260.726
14340.0,84.999,96.333,107.153,117.54,127.552,137.231,146.602,155.677,164.459,172.935,181.084,188.867,196.232,203.112,209.423,215.069,219.944,223.947,226.996,229.061,230.194,230.564,230.457,230.228,230.192,230.503,231.126,231.927,232.8,233.721,234.707,235.773,236.921,238.149,239.453,240.825,242.257,243.735,245.241,246.755,248.251,249.703,251.084,252.369,253.543,254.603,255.572,256.508,257.526,258.824,260.726
14400.0,84.986,96.313,107.126,117.507,127.514,137.188,146.554,155.626,164.405,172.88,181.028,188.81,196.176,203.058,209.372,215.022,219.902,223.912,226.968,229.041,230.182,230.558,230.456,230.23,230.194,230.505,231.127,231.927,232.8,233.721,234.707,235.773,236.921,238.149,239.453,240.825,242.257,243.735,245.241,246.755,248.251,249.703,251.084,252.369,253.543,254.603,255.572,256.508,257.526,258.824,260.726
14460.0,84.972,96.292,107.099,117.474,127.476,137.145,146.507,155.576,164.352,172.825,180.971,188.754,196.12,203.004,209.321,214.975,219.861,223.876,226.94,229.021,230.169,230.552,230.455,230.231,230.196,230.506,231.127,231.927,232.8,233.721,234.707,235.773,236.921,238.149,239.453,240.825,242.257,243.735,245.241,246.755,248.251,249.703,251.084,252.369,253.543,254.603,255.572,256.508,257.526,258.824,260.726
14520.0,84.958,96.272,107.072,117.441,127.438,137.102,146.46,155.526,164.299,172.77,180.915,188.697,196.065,202.95,209.27,214.928,219.819,223.841,226.913,229.001,230.157,230.546,230.454,230.233,230.198,230.507,231.127,231.927,232.8,233.721,234.707,235.773,236.921,238.149,239.453,240.825,242.257,243.735,245.241,246.755,248.251,249.703,251.084,252.369,253.543,254.603,255.572,256.508,257.526,258.824,260.726
14580.0,84.945,96.251,107.045,117.408,127.4,137.06,146.414,155.475,164.246,172.715,180.859,188.641,196.009,202.896,209.219,214.881,219.778,223.806,226.885,228.981,230.145,230.541,230.453,230.234,230.2,230.508,231.128,231.927,232.8,233.721,234.707,235.773,236.921,238.149,239.453,240.825,242.257,243.735,245.241,246.755,248.251,249.703,251.084,252.369,253.543,254.603,255.572,256.508,257.526,258.824,260.726
14640.0,84.931,96.23,107.018,117.376,127.362,137.017,146.367,155.425,164.193,172.66,180.803,188.585,195.953,202.842,209.168,214.834,219.736,223.771,226.857,228.961,230.132,230.535,230.452,230.236,230.202,230.509,231.128,231.927,232.8,233.721,234.707,235.773,236.921,238.149,239.453,240.825,242.257,243.735,245.241,246.755,248.251,249.703,251.084,252.369,253.543,254.603,255.572,256.508,257.526,258.824,260.726
14700.0,84.918,96.21,106.991,117.343,127.324,136.974,146.32,155.375,164.14,172.605,180.747,188.528,195.898,202.789,209.117,214.788,219.695,223.736,226.829,228.941,230.12,230.529,230.451,230.237,230.203,230.51,231.128,231.927,232.8,233.721,234.707,235.773,236.921,238.149,239.452,240.825,242.257,243.735,245.241,246.755,248.251,249.703,251.084,252.369,253.543,254.603,255.572,256.508,257.526,258.824,260.726
14760.0,84.904,96.19,106.964,117.31,127.286,136.932,146.274,155.325,164.088,172.551,180.691,188.472,195.843,202.735,209.066,214.741,219.653,223.701,226.801,228.921,230.107,230.523,230.449,230.238,230.205,230.511,231.129,231.927,232.8,233.721,234.707,235.773,236.921,238.149,239.452,240.825,242.257,243.735,245.241,246.755,248.251,249.703,251.084,252.369,253.543,254.603,255.572,256.508,257.526,258.824,260.726
14820.0,84.891,96.169,106.938,117.278,127.248,136.889,146.227,155.275,164.035,172.496,180.635,188.416,195.787,202.681,209.016,214.694,219.612,223.666,226.774,228.901,230.095,230.517,230.448,230.24,230.207,230.513,231.129,231.927,232.8,233.721,234.707,235.773,236.921,238.149,239.452,240.825,242.257,243.735,245.241,246.755,248.251,249.703,251.084,252.369,253.543,254.603,255.572,256.508,257.526,258.824,260.726
14880.0,84.877,96.149,106.911,117.246,127.211,136.847,146.181,155.226,163.983,172.442,180.58,188.36,195.732,202.628,208.965,214.648,219.571,223.631,226.746,228.881,230.082,230.511,230.447,230.241,230.209,230.514,231.129,231.927,232.799,233.721,234.707,235.773,236.921,238.149,239.452,240.825,242.257,243.735,245.241,246.755,248.251,249.703,251.084,252.369,253.543,254.603,255.572,256.508,257.526,258.824,260.726
14940.0,84.864,96.129,106.884,117.213,127.173,136.805,146.135,155.176,163.93,172.387,180.524,188.305,195.677,202.574,208.915,214.601,219.529,223.596,226.718,228.861,230.07,230.505,230.446,230.242,230.211,230.515,231.13,231.926,232.799,233.721,234.707,235.773,236.921,238.149,239.452,240.825,242.257,243.735,245.241,246.755,248.251,249.703,251.084,252.369,253.543,254.603,255.572,256.508,257.526,258.825,260.726
15000.0,84.85,96.108,106.858,117.181,127.136,136.763,146.088,155.126,163.878,172.333,180.469,188.249,195.622,202.521,208.864,214.555,219.488,223.561,226.69,228.84,230.057,230.5,230.445,230.244,230.213,230.516,231.13,231.926,232.799,233.721,234.707,235.773,236.921,238.149,239.452,240.825,242.257,243.735,245.241,246.754,248.251,249.703,251.084,252.369,253.543,254.603,255.572,256.508,257.526,258.825,260.726
15060.0,84.837,96.088,106.831,117.149,127.098,136.721,146.042,155.077,163.826,172.279,180.413,188.193,195.567,202.468,208.814,214.508,219.447,223.526,226.662,228.82,230.045,230.494,230.444,230.245,230.214,230.517,231.131,231.926,232.799,233.721,234.707,235.773,236.921,238.149,239.452,240.825,242.257,243.735,245.241,246.754,248.251,249.703,251.084,252.369,253.543,254.603,255.572,256.508,257.526,258.825,260.726
15120.0,84.823,96.068,106.805,117.116,127.061,136.679,145.996,155.027,163.774,172.225,180.358,188.138,195.512,202.415,208.763,214.462,219.405,223.491,226.635,228.8,230.032,230.488,230.442,230.246,230.216,230.518,231.131,231.926,232.799,233.72,234.707,235.773,236.921,238.149,239.452,240.825,242.257,243.735,245.241,246.754,248.251,249.703,251.084,252.369,253.543,254.603,255.572,256.508,257.526,258.825,260.726
15180.0,84.81,96.048,106.778,117.084,127.023,136.637,145.95,154.978,163.722,172.171,180.303,188.082,195.457,202.362,208.713,214.416,219.364,223.456,226.607,228.78,230.02,230.481,230.441,230.248,230.218,230.519,231.131,231.926,232.799,233.72,234.707,235.773,236.921,238.149,239.452,240.825,242.257,243.734,245.241,246.754,248.251,249.703,251.084,252.369,253.543,254.603,255.572,256.508,257.526,258.825,260.726
15240.0,84.797,96.028,106.752,117.052,126.986,136.595,145.904,154.929,163.67,172.117,180.248,188.027,195.402,202.308,208.663,214.369,219.323,223.421,226.579,228.76,230.007,230.475,230.44,230.249,230.22,230.521,231.132,231.926,232.799,233.72,234.707,235.773,236.921,238.149,239.452,240.825,242.257,243.734,245.241,246.754,248.251,249.703,251.083,252.369,253.543,254.603,255.572,256.508,257.526,258.825,260.726
15300.0,84.783,96.007,106.726,117.02,126.949,136.553,145.859,154.88,163.618,172.063,180.193,187.972,195.348,202.256,208.613,214.323,219.282,223.386,226.551,228.74,229.994,230.469,230.439,230.25,230.222,230.522,231.132,231.926,232.799,233.72,234.707,235.773,236.921,238.149,239.452,240.825,242.257,243.734,245.241,246.754,248.251,249.703,251.083,252.369,253.543,254.603,255.572,256.508,257.526,258.825,260.726
15360.0,84.77,95.987,106.7,116.988,126.912,136.511,145.813,154.831,163.566,172.009,180.138,187.916,195.293,202.203,208.562,214.277,219.241,223.351,226.523,228.72,229.982,230.463,230.437,230.251,230.223,230.523,231.132,231.926,232.798,233.72,234.707,235.773,236.921,238.149,239.452,240.825,242.257,243.734,245.241,246.754,248.251,249.703,251.083,252.369,253.543,254.603,255.572,256.508,257.526,258.825,260.726
15420.0,84.757,95.967,106.673,116.956,126.875,136.47,145.767,154.782,163.514,171.956,180.083,187.861,195.239,202.15,208.512,214.231,219.2,223.316,226.496,228.699,229.969,230.457,230.436,230.253,230.225,230.524,231.133,231.926,232.798,233.72,234.707,235.773,236.921,238.148,239.452,240.825,242.257,243.734,245.241,246.754,248.251,249.703,251.083,252.369,253.543,254.603,255.572,256.508,257.526,258.825,260.726
15480.0,84.743,95.947,106.647,116.925,126.838,136.428,145.722,154.733,163.463,171.902,180.029,187.806,195.184,202.097,208.462,214.184,219.159,223.281,226.468,228.679,229.956,230.451,230.435,230.254,230.227,230.525,231.133,231.926,232.798,233.72,234.707,235.772,236.921,238.148,239.452,240.825,242.257,243.734,245.241,246.754,248.251,249.703,251.083,252.369,253.543,254.603,255.572,256.508,257.526,258.825,260.726
15540.0,84.73,95.927,106.621,116.893,126.801,136.387,145.677,154.684,163.411,171.849,179.974,187.751,195.13,202.044,208.412,214.138,219.118,223.247,226.44,228.659,229.943,230.445,230.433,230.255,230.229,230.526,231.133,231.926,232.798,233.72,234.706,235.772,236.921,238.148,239.452,240.825,242.256,243.734,245.241,246.754,248.25,249.703,251.083,252.369,253.543,254.603,255.572,256.508,257.526,258.825,260.726
15600.0,84.717,95.908,106.595,116.861,126.764,136.345,145.631,154.635,163.36,171.795,179.919,187.696,195.076,201.992,208.363,214.092,219.077,223.212,226.412,228.639,229.931,230.438,230.432,230.256,230.23,230.527,231.134,231.926,232.798,233.72,234.706,235.772,236.92,238.148,239.452,240.824,242.256,243.734,245.241,246.754,248.25,249.703,251.083,252.369,253.543,254.603,255.572,256.508,257.526,258.825,260.726
15660.0,84.704,95.888,106.569,116.829,126.728,136.304,145.586,154.587,163.309,171.742,179.865,187.642,195.022,201.939,208.313,214.046,219.036,223.177,226.384,228.618,229.918,230.432,230.43,230.257,230.232,230.529,231.134,231.926,232.798,233.72,234.706,235.772,236.92,238.148,239.452,240.824,242.256,243.734,245.241,246.754,248.25,249.703,251.083,252.369,253.543,254.603,255.572,256.508,257.526,258.825,260.726
15720.0,84.691,95.868,106.543,116.798,126.691,136.263,145.541,154.538,163.257,171.689,179.811,187.587,194.968,201.887,208.263,214.001,218.995,223.142,226.357,228.598,229.905,230.426,230.429,230.258,230.234,230.53,231.135,231.926,232.798,233.72,234.706,235.772,236.92,238.148,239.452,240.824,242.256,243.734,245.241,246.754,248.25,249.703,251.083,252.369,253.543,254.603,255.572,256.508,257.526,258.825,260.726
15780.0,84.677,95.848,106.517,116.766,126.654,136.222,145.496,154.49,163.206,171.636,179.756,187.532,194.914,201.834,208.213,213.955,218.954,223.107,226.329,228.578,229.892,230.42,230.427,230.26,230.235,230.531,231.135,231.926,232.798,233.72,234.706,235.772,236.92,238.148,239.452,240.824,242.256,243.734,245.24,246.754,248.25,249.702,251.083,252.369,253.543,254.603,255.572,256.508,257.526,258.825,260.726
15840.0,84.664,95.828,106.491,116.735,126.618,136.181,145.451,154.441,163.155,171.583,179.702,187.478,194.86,201.782,208.164,213.909,218.913,223.073,226.301,228.558,229.879,230.413,230.426,230.261,230.237,230.532,231.135,231.926,232.798,233.72,234.706,235.772,236.92,238.148,239.452,240.824,242.256,243.734,245.24,246.754,248.25,249.702,251.083,252.369,253.543,254.603,255.572,256.508,257.526,258.825,260.726
15900.0,84.651,95.809,106.465,116.704,126.581,136.14,145.406,154.393,163.104,171.53,179.648,187.423,194.806,201.73,208.114,213.863,218.872,223.038,226.273,228.537,229.866,230.407,230.424,230.262,230.239,230.533,231.136,231.926,232.797,233.719,234.706,235.772,236.92,238.148,239.452,240.824,242.256,243.734,245.24,246.754,248.25,249.702,251.083,252.369,253.543,254.603,255.572,256.508,257.526,258.825,260.726
15960.0,84.638,95.789,106.44,116.672,126.545,136.099,145.361,154.345,163.053,171.477,179.594,187.369,194.752,201.678,208.064,213.817,218.832,223.003,226.246,228.517,229.853,230.4,230.423,230.263,230.241,230.534,231.136,231.926,232.797,233.719,234.706,235.772,236.92,238.148,239.452,240.824,242.256,243.734,245.24,246.754,248.25,249.702,251.083,252.369,253.543,254.603,255.572,256.508,257.526,258.825,260.726
16020.0,84.625,95.769,106.414,116.641,126.509,136.058,145.316,154.297,163.003,171.424,179.54,187.315,194.698,201.625,208.015,213.772,218.791,222.968,226.218,228.497,229.84,230.394,230.421,230.264,230.242,230.535,231.136,231.926,232.797,233.719,234.706,235.772,236.92,238.148,239.452,240.824,242.256,243.734,245.24,246.754,248.25,249.702,251.083,252.369,253.543,254.603,255.572,256.508,257.526,258.825,260.726
16080.0,84.612,95.75,106.388,116.61,126.472,136.017,145.271,154.249,162.952,171.372,179.486,187.261,194.645,201.573,207.966,213.726,218.75,222.934,226.19,228.476,229.827,230.388,230.419,230.265,230.244,230.537,231.137,231.926,232.797,233.719,234.706,235.772,236.92,238.148,239.452,240.824,242.256,243.734,245.24,246.754,248.25,249.702,251.083,252.369,253.543,254.603,255.572,256.508,257.526,258.825,260.726
16140.0,84.599,95.73,106.363,116.579,126.436,135.977,145.227,154.201,162.902,171.319,179.433,187.207,194.591,201.521,207.916,213.68,218.709,222.899,226.162,228.456,229.815,230.381,230.418,230.266,230.246,230.538,231.137,231.926,232.797,233.719,234.706,235.772,236.92,238.148,239.451,240.824,242.256,243.734,245.24,246.754,248.25,249.702,251.083,252.369,253.543,254.603,255.572,256.508,257.526,258.825,260.726
16200.0,84.586,95.711,106.337,116.547,126.4,135.936,145.182,154.153,162.851,171.267,179.379,187.153,194.538,201.47,207.867,213.635,218.669,222.864,226.134,228.436,229.802,230.375,230.416,230.267,230.247,230.539,231.138,231.926,232.797,233.719,234.706,235.772,236.92,238.148,239.451,240.824,242.256,243.734,245.24,246.754,248.25,249.702,251.083,252.369,253.543,254.603,255.572,256.508,257.526,258.825,260.726
16260.0,84.573,95.691,106.312,116.516,126.364,135.896,145.138,154.105,162.801,171.214,179.325,187.099,194.484,201.418,207.818,213.589,218.628,222.83,226.107,228.415,229.788,230.368,230.414,230.268,230.249,230.54,231.138,231.926,232.797,233.719,234.706,235.772,236.92,238.148,239.451,240.824,242.256,243.734,245.24,246.754,248.25,249.702,251.083,252.369,253.542,254.603,255.572,256.508,257.526,258.825,260.726
16320.0,84.56,95.672,106.286,116.485,126.328,135.855,145.094,154.058,162.75,171.162,179.272,187.045,194.431,201.366,207.769,213.544,218.588,222.795,226.079,228.395,229.775,230.361,230.413,230.269,230.251,230.541,231.138,231.925,232.797,233.719,234.706,235.772,236.92,238.148,239.451,240.824,242.256,243.734,245.24,246.754,248.25,249.702,251.083,252.369,253.542,254.603,255.572,256.508,257.526,258.825,260.726
16380.0,84.547,95.652,106.261,116.455,126.292,135.815,145.049,154.01,162.7,171.11,179.219,186.991,194.378,201.314,207.72,213.499,218.547,222.76,226.051,228.374,229.762,230.355,230.411,230.27,230.252,230.542,231.139,231.925,232.797,233.719,234.706,235.772,236.92,238.148,239.451,240.824,242.256,243.734,245.24,246.754,248.25,249.702,251.083,252.369,253.542,254.603,255.572,256.508,257.526,258.825,260.726
16440.0,84.534,95.633,106.235,116.424,126.256,135.775,145.005,153.963,162.65,171.058,179.165,186.937,194.325,201.263,207.67,213.453,218.507,222.726,226.023,228.354,229.749,230.348,230.409,230.271,230.254,230.543,231.139,231.925,232.796,233.719,234.706,235.772,236.92,238.148,239.451,240.824,242.256,243.734,245.24,246.754,248.25,249.702,251.083,252.369,253.542,254.603,255.572,256.508,257.526,258.825,260.726
16500.0,84.521,95.613,106.21,116.393,126.221,135.734,144.961,153.915,162.6,171.006,179.112,186.884,194.272,201.211,207.621,213.408,218.466,222.691,225.996,228.334,229.736,230.342,230.407,230.272,230.256,230.545,231.139,231.925,232.796,233.719,234.706,235.772,236.92,238.148,239.451,240.824,242.256,243.734,245.24,246.754,248.25,249.702,251.083,252.369,253.542,254.603,255.572,256.508,257.526,258.825,260.726
16560.0,84.509,95.594,106.185,116.362,126.185,135.694,144.917,153.868,162.55,170.954,179.059,186.83,194.219,201.16,207.573,213.363,218.426,222.657,225.968,228.313,229.723,230.335,230.406,230.273,230.257,230.546,231.14,231.925,232.796,233.719,234.706,235.772,236.92,238.148,239.451,240.824,242.256,243.734,245.24,246.754,248.25,249.702,251.083,252.369,253.542,254.603,255.572,256.508,257.526,258.825,260.726
16620.0,84.496,95.575,106.16,116.331,126.149,135.654,144.873,153.821,162.5,170.902,179.006,186.777,194.166,201.108,207.524,213.318,218.385,222.622,225.94,228.293,229.71,230.328,230.404,230.274,230.259,230.547,231.14,231.925,232.796,233.719,234.706,235.772,236.92,238.148,239.451,240.824,242.256,243.734,245.24,246.754,248.25,249.702,251.083,252.369,253.542,254.603,255.572,256.508,257.526,258.825,260.726
16680.0,84.483,95.556,106.134,116.301,126.114,135.614,144.829,153.774,162.45,170.85,178.953,186.724,194.113,201.057,207.475,213.272,218.345,222.588,225.912,228.272,229.697,230.322,230.402,230.274,230.26,230.548,231.141,231.925,232.796,233.718,234.705,235.772,236.92,238.148,239.451,240.824,242.256,243.734,245.24,246.754,248.25,249.702,251.083,252.369,253.542,254.603,255.572,256.508,257.526,258.825,260.726
16740.0,84.47,95.536,106.109,116.27,126.078,135.574,144.786,153.727,162.401,170.799,178.9,186.67,194.06,201.006,207.426,213.227,218.305,222.553,225.885,228.252,229.683,230.315,230.4,230.275,230.262,230.549,231.141,231.925,232.796,233.718,234.705,235.772,236.92,238.147,239.451,240.824,242.256,243.734,245.24,246.754,248.25,249.702,251.083,252.369,253.542,254.603,255.572,256.508,257.526,258.825,260.726
16800.0,84.457,95.517,106.084,116.24,126.043,135.534,144.742,153.68,162.351,170.747,178.847,186.617,194.008,200.954,207.377,213.182,218.264,222.519,225.857,228.231,229.67,230.308,230.398,230.276,230.264,230.55,231.141,231.925,232.796,233.718,234.705,235.771,236.92,238.147,239.451,240.824,242.256,243.734,245.24,246.754,248.25,249.702,251.083,252.369,253.542,254.603,255.572,256.508,257.526,258.825,260.726
16860.0,84.445,95.498,106.059,116.209,126.007,135.495,144.698,153.633,162.302,170.696,178.795,186.564,193.955,200.903,207.329,213.137,218.224,222.484,225.829,228.211,229.657,230.301,230.396,230.277,230.265,230.551,231.142,231.925,232.796,233.718,234.705,235.771,236.92,238.147,239.451,240.824,242.256,243.734,245.24,246.754,248.25,249.702,251.083,252.369,253.542,254.603,255.572,256.508,257.526,258.825,260.726
16920.0,84.432,95.479,106.034,116.179,125.972,135.455,144.655,153.586,162.252,170.644,178.742,186.511,193.902,200.852,207.28,213.092,218.184,222.45,225.801,228.19,229.644,230.294,230.394,230.278,230.267,230.552,231.142,231.925,232.796,233.718,234.705,235.771,236.919,238.147,239.451,240.824,242.256,243.733,245.24,246.754,248.25,249.702,251.083,252.369,253.542,254.603,255.572,256.508,257.526,258.825,260.726
16980.0,84.419,95.46,106.009,116.148,125.937,135.415,144.611,153.539,162.203,170.593,178.69,186.458,193.85,200.801,207.232,213.047,218.144,222.415,225.774,228.17,229.63,230.288,230.392,230.279,230.268,230.554,231.143,231.925,232.795,233.718,234.705,235.771,236.919,238.147,239.451,240.824,242.256,243.733,245.24,246.753,248.25,249.702,251.083,252.368,253.542,254.603,255.572,256.508,257.526,258.825,260.726
17040.0,84.406,95.441,105.984,116.118,125.902,135.376,144.568,153.493,162.153,170.542,178.637,186.405,193.798,200.75,207.183,213.002,218.103,222.381,225.746,228.149,229.617,230.281,230.39,230.279,230.27,230.555,231.143,231.925,232.795,233.718,234.705,235.771,236.919,238.147,239.451,240.824,242.256,243.733,245.24,246.753,248.25,249.702,251.083,252.368,253.542,254.603,255.572,256.508,257.526,258.825,260.726
17100.0,84.394,95.422,105.959,116.088,125.867,135.336,144.525,153.446,162.104,170.491,178.585,186.352,193.745,200.699,207.135,212.958,218.063,222.347,225.718,228.129,229.604,230.274,230.388,230.28,230.272,230.556,231.143,231.925,232.795,233.718,234.705,235.771,236.919,238.147,239.451,240.823,242.255,243.733,245.24,246.753,248.25,249.702,251.083,252.368,253.542,254.603,255.572,256.508,257.526,258.825,260.726
17160.0,84.381,95.403,105.935,116.058,125.831,135.297,144.481,153.4,162.055,170.44,178.532,186.3,193.693,200.649,207.087,212.913,218.023,222.312,225.69,228.108,229.59,230.267,230.386,230.281,230.273,230.557,231.144,231.925,232.795,233.718,234.705,235.771,236.919,238.147,239.451,240.823,242.255,243.733,245.24,246.753,248.25,249.702,251.083,252.368,253.542,254.603,255.572,256.508,257.526,258.825,260.726
17220.0,84.369,95.384,105.91,116.028,125.797,135.258,144.438,153.353,162.006,170.389,178.48,186.247,193.641,200.598,207.038,212.868,217.983,222.278,225.663,228.088,229.577,230.26,230.384,230.282,230.275,230.558,231.144,231.925,232.795,233.718,234.705,235.771,236.919,238.147,239.451,240.823,242.255,243.733,245.24,246.753,248.25,249.702,251.083,252.368,253.542,254.603,255.572,256.508,257.526,258.825,260.726
17280.0,84.356,95.365,105.885,115.998,125.762,135.218,144.395,153.307,161.957,170.338,178.428,186.195,193.589,200.547,206.99,212.823,217.943,222.244,225.635,228.067,229.564,230.253,230.382,230.282,230.276,230.559,231.145,231.925,232.795,233.718,234.705,235.771,236.919,238.147,239.451,240.823,242.255,243.733,245.24,246.753,248.25,249.702,251.083,252.368,253.542,254.603,255.572,256.508,257.526,258.825,260.726
17340.0,84.343,95.346,105.86,115.968,125.727,135.179,144.352,153.261,161.908,170.287,178.376,186.142,193.537,200.497,206.942,212.779,217.903,222.209,225.607,228.047,229.55,230.246,230.38,230.283,230.278,230.56,231.145,231.925,232.795,233.718,234.705,235.771,236.919,238.147,239.451,240.823,242.255,243.733,245.24,246.753,248.25,249.702,251.083,252.368,253.542,254.603,255.572,256.508,257.526,258.825,260.726
17400.0,84.331,95.327,105.836,115.938,125.692,135.14,144.309,153.215,161.86,170.236,178.324,186.09,193.485,200.446,206.894,212.734,217.863,222.175,225.579,228.026,229.537,230.239,230.378,230.284,230.279,230.561,231.145,231.925,232.795,233.718,234.705,235.771,236.919,238.147,239.451,240.823,242.255,243.733,245.24,246.753,248.25,249.702,251.083,252.368,253.542,254.603,255.571,256.508,257.526,258.825,260.726
17460.0,84.318,95.308,105.811,115.908,125.657,135.101,144.266,153.169,161.811,170.186,178.272,186.037,193.433,200.396,206.846,212.69,217.823,222.141,225.552,228.005,229.523,230.232,230.376,230.285,230.281,230.563,231.146,231.925,232.795,233.717,234.705,235.771,236.919,238.147,239.451,240.823,242.255,243.733,245.24,246.753,248.25,249.702,251.083,252.368,253.542,254.603,255.571,256.508,257.526,258.825,260.726
17520.0,84.306,95.29,105.787,115.878,125.623,135.062,144.224,153.123,161.762,170.135,178.221,185.985,193.381,200.345,206.798,212.645,217.783,222.106,225.524,227.985,229.51,230.225,230.374,230.285,230.282,230.564,231.146,231.925,232.794,233.717,234.705,235.771,236.919,238.147,239.45,240.823,242.255,243.733,245.24,246.753,248.25,249.702,251.083,252.368,253.542,254.603,255.571,256.508,257.526,258.825,260.726
17580.0,84.293,95.271,105.762,115.848,125.588,135.023,144.181,153.077,161.714,170.085,178.169,185.933,193.33,200.295,206.75,212.601,217.743,222.072,225.496,227.964,229.496,230.218,230.371,230.286,230.284,230.565,231.147,231.925,232.794,233.717,234.705,235.771,236.919,238.147,239.45,240.823,242.255,243.733,245.239,246.753,248.25,249.702,251.083,252.368,253.542,254.603,255.571,256.508,257.526,258.825,260.726
17640.0,84.281,95.252,105.738,115.818,125.553,134.984,144.138,153.031,161.665,170.034,178.117,185.881,193.278,200.245,206.702,212.556,217.703,222.038,225.469,227.944,229.483,230.211,230.369,230.286,230.285,230.566,231.147,231.925,232.794,233.717,234.705,235.771,236.919,238.147,239.45,240.823,242.255,243.733,245.239,246.753,248.25,249.702,251.083,252.368,253.542,254.603,255.571,256.508,257.526,258.825,260.726
17700.0,84.268,95.234,105.713,115.789,125.519,134.946,144.096,152.985,161.617,169.984,178.066,185.829,193.226,200.194,206.654,212.512,217.664,222.004,225.441,227.923,229.469,230.204,230.367,230.287,230.287,230.567,231.148,231.925,232.794,233.717,234.705,235.771,236.919,238.147,239.45,240.823,242.255,243.733,245.239,246.753,248.25,249.702,251.083,252.368,253.542,254.603,255.571,256.508,257.526,258.825,260.726
17760.0,84.256,95.215,105.689,115.759,125.485,134.907,144.053,152.939,161.569,169.934,178.014,185.777,193.175,200.144,206.606,212.468,217.624,221.969,225.413,227.902,229.456,230.196,230.365,230.288,230.288,230.568,231.148,231.925,232.794,233.717,234.705,235.771,236.919,238.147,239.45,240.823,242.255,243.733,245.239,246.753,248.25,249.702,251.083,252.368,253.542,254.603,255.571,256.508,257.526,258.825,260.726
17820.0,84.243,95.196,105.665,115.73,125.45,134.868,144.011,152.894,161.521,169.884,177.963,185.725,193.124,200.094,206.559,212.423,217.584,221.935,225.385,227.882,229.442,230.189,230.362,230.288,230.29,230.569,231.148,231.925,232.794,233.717,234.704,235.771,236.919,238.147,239.45,240.823,242.255,243.733,245.239,246.753,248.249,249.702,251.083,252.368,253.542,254.603,255.571,256.508,257.526,258.825,260.726
17880.0,84.231,95.178,105.64,115.7,125.416,134.83,143.969,152.848,161.473,169.834,177.912,185.674,193.072,200.044,206.511,212.379,217.544,221.901,225.358,227.861,229.429,230.182,230.36,230.289,230.291,230.57,231.149,231.925,232.794,233.717,234.704,235.771,236.919,238.147,239.45,240.823,242.255,243.733,245.239,246.753,248.249,249.702,251.083,252.368,253.542,254.603,255.571,256.508,257.526,258.825,260.726
17940.0,84.219,95.159,105.616,115.671,125.382,134.791,143.926,152.803,161.425,169.784,177.86,185.622,193.021,199.994,206.463,212.335,217.505,221.867,225.33,227.84,229.415,230.175,230.358,230.289,230.293,230.571,231.149,231.925,232.794,233.717,234.704,235.771,236.919,238.147,239.45,240.823,242.255,243.733,245.239,246.753,248.249,249.702,251.083,252.368,253.542,254.603,255.571,256.508,257.526,258.825,260.726
18000.0,84.206,95.141,105.592,115.641,125.348,134.753,143.884,152.758,161.377,169.734,177.809,185.57,192.97,199.944,206.416,212.291,217.465,221.833,225.302,227.82,229.402,230.168,230.355,230.29,230.294,230.573,231.15,231.925,232.794,233.717,234.704,235.771,236.919,238.147,239.45,240.823,242.255,243.733,245.239,246.753,248.249,249.702,251.083,252.368,253.542,254.603,255.571,256.508,257.526,258.825,260.726
18060.0,84.194,95.122,105.568,115.612,125.314,134.714,143.842,152.712,161.329,169.684,177.758,185.519,192.919,199.895,206.368,212.247,217.425,221.799,225.275,227.799,229.388,230.16,230.353,230.29,230.296,230.574,231.15,231.925,232.793,233.717,234.704,235.77,236.919,238.147,239.45,240.823,242.255,243.733,245.239,246.753,248.249,249.702,251.083,252.368,253.542,254.603,255.571,256.508,257.526,258.825,260.726
18120.0,84.182,95.104,105.544,115.583,125.279,134.676,143.8,152.667,161.281,169.634,177.707,185.468,192.868,199.845,206.321,212.202,217.386,221.765,225.247,227.778,229.374,230.153,230.351,230.291,230.297,230.575,231.15,231.925,232.793,233.717,234.704,235.77,236.919,238.146,239.45,240.823,242.255,243.733,245.239,246.753,248.249,249.702,251.083,252.368,253.542,254.603,255.571,256.508,257.526,258.825,260.726
18180.0,84.169,95.085,105.52,115.553,125.246,134.638,143.758,152.622,161.233,169.585,177.656,185.416,192.817,199.795,206.274,212.158,217.346,221.731,225.219,227.758,229.361,230.146,230.348,230.291,230.299,230.576,231.151,231.925,232.793,233.717,234.704,235.77,236.919,238.146,239.45,240.823,242.255,243.733,245.239,246.753,248.249,249.702,251.083,252.368,253.542,254.603,255.571,256.508,257.526,258.825,260.726
18240.0,84.157,95.067,105.495,115.524,125.212,134.6,143.716,152.577,161.186,169.535,177.606,185.365,192.766,199.746,206.226,212.115,217.307,221.697,225.192,227.737,229.347,230.138,230.346,230.292,230.3,230.577,231.151,231.925,232.793,233.716,234.704,235.77,236.918,238.146,239.45,240.823,242.255,243.733,245.239,246.753,248.249,249.702,251.083,252.368,253.542,254.603,255.571,256.508,257.526,258.825,260.726
18300.0,84.145,95.049,105.472,115.495,125.178,134.562,143.675,152.532,161.138,169.486,177.555,185.314,192.715,199.696,206.179,212.071,217.267,221.663,225.164,227.716,229.333,230.131,230.343,230.292,230.301,230.578,231.152,231.925,232.793,233.716,234.704,235.77,236.918,238.146,239.45,240.823,242.255,243.733,245.239,246.753,248.249,249.702,251.083,252.368,253.542,254.603,255.571,256.508,257.526,258.825,260.726
18360.0,84.132,95.03,105.448,115.466,125.144,134.524,143.633,152.487,161.091,169.436,177.504,185.263,192.664,199.647,206.132,212.027,217.228,221.629,225.136,227.695,229.319,230.124,230.341,230.293,230.303,230.579,231.152,231.925,232.793,233.716,234.704,235.77,236.918,238.146,239.45,240.823,242.255,243.733,245.239,246.753,248.249,249.702,251.082,252.368,253.542,254.603,255.571,256.508,257.526,258.825,260.726
18420.0,84.12,95.012,105.424,115.437,125.11,134.486,143.591,152.442,161.043,169.387,177.454,185.212,192.613,199.597,206.085,211.983,217.188,221.595,225.109,227.675,229.306,230.116,230.338,230.293,230.304,230.58,231.153,231.925,232.793,233.716,234.704,235.77,236.918,238.146,239.45,240.823,242.255,243.733,245.239,246.753,248.249,249.701,251.082,252.368,253.542,254.602,255.571,256.508,257.526,258.825,260.726
18480.0,84.108,94.994,105.4,115.408,125.077,134.448,143.55,152.398,160.996,169.338,177.403,185.161,192.563,199.548,206.037,211.939,217.149,221.561,225.081,227.654,229.292,230.109,230.336,230.294,230.306,230.581,231.153,231.925,232.793,233.716,234.704,235.77,236.918,238.146,239.45,240.823,242.255,243.733,245.239,246.753,248.249,249.701,251.082,252.368,253.542,254.602,255.571,256.508,257.526,258.825,260.726
18540.0,84.096,94.976,105.376,115.379,125.043,134.41,143.508,152.353,160.949,169.288,177.353,185.11,192.512,199.498,205.99,211.895,217.109,221.527,225.053,227.633,229.278,230.101,230.333,230.294,230.307,230.583,231.153,231.925,232.793,233.716,234.704,235.77,236.918,238.146,239.45,240.822,242.255,243.733,245.239,246.753,248.249,249.701,251.082,252.368,253.542,254.602,255.571,256.508,257.526,258.825,260.727
18600.0,84.084,94.957,105.352,115.35,125.009,134.372,143.467,152.308,160.902,169.239,177.303,185.059,192.462,199.449,205.943,211.852,217.07,221.493,225.026,227.612,229.264,230.094,230.331,230.294,230.308,230.584,231.154,231.925,232.793,233.716,234.704,235.77,236.918,238.146,239.45,240.822,242.255,243.732,245.239,246.753,248.249,249.701,251.082,252.368,253.542,254.602,255.571,256.508,257.526,258.825,260.727
18660.0,84.072,94.939,105.329,115.321,124.976,134.335,143.425,152.264,160.855,169.19,177.252,185.008,192.411,199.4,205.897,211.808,217.031,221.459,224.998,227.592,229.25,230.086,230.328,230.295,230.31,230.585,231.154,231.925,232.792,233.716,234.704,235.77,236.918,238.146,239.45,240.822,242.254,243.732,245.239,246.753,248.249,249.701,251.082,252.368,253.542,254.602,255.571,256.508,257.526,258.825,260.727
18720.0,84.059,94.921,105.305,115.292,124.943,134.297,143.384,152.22,160.808,169.141,177.202,184.957,192.361,199.351,205.85,211.764,216.992,221.425,224.971,227.571,229.237,230.079,230.325,230.295,230.311,230.586,231.155,231.925,232.792,233.716,234.704,235.77,236.918,238.146,239.45,240.822,242.254,243.732,245.239,246.753,248.249,249.701,251.082,252.368,253.542,254.602,255.571,256.508,257.526,258.825,260.727
18780.0,84.047,94.903,105.281,115.264,124.909,134.26,143.343,152.175,160.761,169.093,177.152,184.907,192.311,199.302,205.803,211.721,216.952,221.391,224.943,227.55,229.223,230.071,230.323,230.295,230.313,230.587,231.155,231.925,232.792,233.716,234.704,235.77,236.918,238.146,239.45,240.822,242.254,243.732,245.239,246.753,248.249,249.701,251.082,252.368,253.542,254.602,255.571,256.508,257.526,258.825,260.727
18840.0,84.035,94.885,105.258,115.235,124.876,134.222,143.302,152.131,160.714,169.044,177.102,184.856,192.261,199.253,205.756,211.677,216.913,221.357,224.915,227.529,229.209,230.064,230.32,230.296,230.314,230.588,231.156,231.925,232.792,233.716,234.704,235.77,236.918,238.146,239.45,240.822,242.254,243.732,245.239,246.753,248.249,249.701,251.082,252.368,253.542,254.602,255.571,256.508,257.526,258.825,260.727
18900.0,84.023,94.867,105.234,115.206,124.843,134.185,143.261,152.087,160.667,168.995,177.052,184.806,192.21,199.204,205.709,211.634,216.874,221.323,224.888,227.509,229.195,230.056,230.317,230.296,230.315,230.589,231.156,231.925,232.792,233.716,234.704,235.77,236.918,238.146,239.45,240.822,242.254,243.732,245.239,246.753,248.249,249.701,251.082,252.368,253.542,254.602,255.571,256.508,257.526,258.825,260.727
18960.0,84.011,94.849,105.211,115.178,124.809,134.147,143.22,152.043,160.62,168.947,177.002,184.756,192.16,199.155,205.663,211.59,216.835,221.289,224.86,227.488,229.181,230.048,230.315,230.296,230.317,230.59,231.157,231.925,232.792,233.716,234.704,235.77,236.918,238.146,239.449,240.822,242.254,243.732,245.239,246.753,248.249,249.701,251.082,252.368,253.542,254.602,255.571,256.508,257.526,258.825,260.727
19020.0,83.999,94.831,105.187,115.149,124.776,134.11,143.179,151.999,160.574,168.898,176.952,184.705,192.11,199.106,205.616,211.547,216.796,221.256,224.832,227.467,229.167,230.041,230.312,230.297,230.318,230.591,231.157,231.925,232.792,233.715,234.703,235.77,236.918,238.146,239.449,240.822,242.254,243.732,245.239,246.752,248.249,249.701,251.082,252.368,253.542,254.602,255.571,256.508,257.526,258.825,260.727
19080.0,83.987,94.813,105.164,115.121,124.743,134.073,143.138,151.955,160.527,168.85,176.903,184.655,192.06,199.058,205.57,211.504,216.757,221.222,224.805,227.446,229.153,230.033,230.309,230.297,230.319,230.592,231.157,231.925,232.792,233.715,234.703,235.77,236.918,238.146,239.449,240.822,242.254,243.732,245.239,246.752,248.249,249.701,251.082,252.368,253.542,254.602,255.571,256.508,257.526,258.825,260.727
19140.0,83.975,94.795,105.14,115.092,124.71,134.036,143.097,151.911,160.481,168.801,176.853,184.605,192.011,199.009,205.523,211.46,216.718,221.188,224.777,227.425,229.139,230.025,230.306,230.297,230.321,230.593,231.158,231.925,232.792,233.715,234.703,235.77,236.918,238.146,239.449,240.822,242.254,243.732,245.239,246.752,248.249,249.701,251.082,252.368,253.542,254.602,255.571,256.508,257.526,258.825,260.727
19200.0,83.963,94.777,105.117,115.064,124.677,133.999,143.057,151.867,160.435,168.753,176.804,184.555,191.961,198.961,205.477,211.417,216.679,221.154,224.75,227.404,229.125,230.018,230.304,230.297,230.322,230.594,231.158,231.925,232.792,233.715,234.703,235.77,236.918,238.146,239.449,240.822,242.254,243.732,245.239,246.752,248.249,249.701,251.082,252.368,253.542,254.602,255.571,256.508,257.526,258.825,260.727
19260.0,83.951,94.759,105.094,115.036,124.644,133.962,143.016,151.823,160.388,168.705,176.754,184.505,191.911,198.912,205.43,211.374,216.64,221.121,224.722,227.384,229.111,230.01,230.301,230.298,230.323,230.596,231.159,231.925,232.791,233.715,234.703,235.77,236.918,238.146,239.449,240.822,242.254,243.732,245.239,246.752,248.249,249.701,251.082,252.368,253.542,254.602,255.571,256.508,257.526,258.825,260.727
19320.0,83.939,94.742,105.07,115.007,124.612,133.925,142.975,151.78,160.342,168.657,176.705,184.455,191.861,198.864,205.384,211.331,216.601,221.087,224.694,227.363,229.097,230.002,230.298,230.298,230.324,230.597,231.159,231.925,232.791,233.715,234.703,235.769,236.918,238.146,239.449,240.822,242.254,243.732,245.239,246.752,248.249,249.701,251.082,252.368,253.542,254.602,255.571,256.508,257.526,258.825,260.727
19380.0,83.927,94.724,105.047,114.979,124.579,133.888,142.935,151.736,160.296,168.609,176.655,184.405,191.812,198.815,205.338,211.288,216.562,221.053,224.667,227.342,229.083,229.994,230.295,230.298,230.326,230.598,231.16,231.925,232.791,233.715,234.703,235.769,236.918,238.146,239.449,240.822,242.254,243.732,245.239,246.752,248.249,249.701,251.082,252.368,253.542,254.602,255.571,256.508,257.526,258.825,260.727
19440.0,83.915,94.706,105.024,114.951,124.546,133.851,142.895,151.692,160.25,168.561,176.606,184.355,191.762,198.767,205.291,211.245,216.523,221.02,224.639,227.321,229.069,229.987,230.292,230.298,230.327,230.599,231.16,231.925,232.791,233.715,234.703,235.769,236.918,238.145,239.449,240.822,242.254,243.732,245.238,246.752,248.249,249.701,251.082,252.368,253.542,254.602,255.571,256.508,257.526,258.825,260.727
19500.0,83.904,94.688,105.001,114.923,124.513,133.814,142.854,151.649,160.204,168.513,176.557,184.306,191.713,198.718,205.245,211.201,216.484,220.986,224.612,227.3,229.055,229.979,230.289,230.298,230.328,230.6,231.161,231.925,232.791,233.715,234.703,235.769,236.917,238.145,239.449,240.822,242.254,243.732,245.238,246.752,248.249,249.701,251.082,252.368,253.542,254.602,255.571,256.508,257.526,258.825,260.727
19560.0,83.892,94.671,104.978,114.895,124.481,133.778,142.814,151.606,160.158,168.465,176.508,184.256,191.664,198.67,205.199,211.158,216.445,220.952,224.584,227.279,229.041,229.971,230.286,230.298,230.33,230.601,231.161,231.925,232.791,233.715,234.703,235.769,236.917,238.145,239.449,240.822,242.254,243.732,245.238,246.752,248.249,249.701,251.082,252.368,253.542,254.602,255.571,256.508,257.526,258.825,260.727
19620.0,83.88,94.653,104.955,114.867,124.448,133.741,142.774,151.562,160.112,168.417,176.459,184.206,191.614,198.622,205.153,211.116,216.406,220.919,224.557,227.258,229.027,229.963,230.284,230.298,230.331,230.602,231.161,231.925,232.791,233.715,234.703,235.769,236.917,238.145,239.449,240.822,242.254,243.732,245.238,246.752,248.249,249.701,251.082,252.368,253.542,254.602,255.571,256.508,257.526,258.825,260.727
19680.0,83.868,94.635,104.932,114.839,124.416,133.705,142.734,151.519,160.066,168.369,176.41,184.157,191.565,198.574,205.107,211.073,216.368,220.885,224.529,227.237,229.013,229.955,230.281,230.299,230.332,230.603,231.162,231.925,232.791,233.715,234.703,235.769,236.917,238.145,239.449,240.822,242.254,243.732,245.238,246.752,248.249,249.701,251.082,252.368,253.542,254.602,255.571,256.508,257.526,258.825,260.727
19740.0,83.856,94.618,104.909,114.811,124.383,133.668,142.693,151.476,160.021,168.322,176.361,184.107,191.516,198.526,205.061,211.03,216.329,220.851,224.502,227.217,228.999,229.947,230.278,230.299,230.333,230.604,231.162,231.925,232.791,233.715,234.703,235.769,236.917,238.145,239.449,240.822,242.254,243.732,245.238,246.752,248.249,249.701,251.082,252.368,253.542,254.602,255.571,256.508,257.526,258.825,260.727
19800.0,83.845,94.6,104.886,114.783,124.351,133.632,142.653,151.433,159.975,168.274,176.312,184.058,191.467,198.478,205.015,210.987,216.29,220.818,224.474,227.196,228.984,229.939,230.275,230.299,230.334,230.605,231.163,231.925,232.791,233.714,234.703,235.769,236.917,238.145,239.449,240.822,242.254,243.732,245.238,246.752,248.249,249.701,251.082,252.368,253.542,254.602,255.571,256.508,257.526,258.825,260.727
19860.0,83.833,94.583,104.863,114.755,124.319,133.595,142.614,151.39,159.93,168.227,176.263,184.009,191.418,198.43,204.969,210.944,216.251,220.784,224.446,227.175,228.97,229.931,230.272,230.299,230.336,230.606,231.163,231.925,232.79,233.714,234.703,235.769,236.917,238.145,239.449,240.822,242.254,243.732,245.238,246.752,248.249,249.701,251.082,252.368,253.542,254.602,255.571,256.508,257.526,258.825,260.727
19920.0,83.821,94.565,104.84,114.728,124.286,133.559,142.574,151.347,159.884,168.179,176.215,183.96,191.369,198.382,204.924,210.901,216.213,220.751,224.419,227.154,228.956,229.923,230.269,230.299,230.337,230.607,231.164,231.925,232.79,233.714,234.703,235.769,236.917,238.145,239.449,240.822,242.254,243.732,245.238,246.752,248.249,249.701,251.082,252.368,253.542,254.602,255.571,256.508,257.526,258.825,260.727
19980.0,83.809,94.548,104.817,114.7,124.254,133.523,142.534,151.304,159.839,168.132,176.166,183.91,191.32,198.334,204.878,210.859,216.174,220.717,224.391,227.133,228.942,229.915,230.265,230.299,230.338,230.608,231.164,231.925,232.79,233.714,234.703,235.769,236.917,238.145,239.449,240.822,242.254,243.732,245.238,246.752,248.249,249.701,251.082,252.368,253.542,254.602,255.571,256.508,257.526,258.825,260.727
20040.0,83.798,94.53,104.794,114.672,124.222,133.487,142.494,151.261,159.793,168.085,176.118,183.861,191.271,198.287,204.832,210.816,216.136,220.684,224.364,227.112,228.928,229.907,230.262,230.299,230.339,230.609,231.165,231.925,232.79,233.714,234.703,235.769,236.917,238.145,239.449,240.821,242.254,243.732,245.238,246.752,248.249,249.701,251.082,252.368,253.542,254.602,255.571,256.508,257.526,258.825,260.727
20100.0,83.786,94.513,104.772,114.645,124.19,133.45,142.454,151.219,159.748,168.038,176.069,183.812,191.222,198.239,204.786,210.773,216.097,220.65,224.336,227.091,228.913,229.899,230.259,230.299,230.341,230.61,231.165,231.925,232.79,233.714,234.702,235.769,236.917,238.145,239.449,240.821,242.254,243.732,245.238,246.752,248.248,249.701,251.082,252.368,253.542,254.602,255.571,256.508,257.526,258.825,260.727
20160.0,83.774,94.495,104.749,114.617,124.158,133.414,142.415,151.176,159.703,167.991,176.021,183.763,191.174,198.191,204.741,210.731,216.059,220.617,224.309,227.07,228.899,229.891,230.256,230.299,230.342,230.612,231.165,231.926,232.79,233.714,234.702,235.769,236.917,238.145,239.449,240.821,242.254,243.732,245.238,246.752,248.248,249.701,251.082,252.368,253.542,254.602,255.571,256.508,257.526,258.825,260.727
20220.0,83.763,94.478,104.726,114.589,124.126,133.378,142.375,151.133,159.658,167.944,175.973,183.715,191.125,198.144,204.695,210.688,216.02,220.583,224.281,227.049,228.885,229.883,230.253,230.299,230.343,230.613,231.166,231.926,232.79,233.714,234.702,235.769,236.917,238.145,239.449,240.821,242.253,243.732,245.238,246.752,248.248,249.701,251.082,252.368,253.542,254.602,255.571,256.508,257.526,258.825,260.727
20280.0,83.751,94.461,104.704,114.562,124.094,133.343,142.336,151.091,159.613,167.897,175.924,183.666,191.076,198.096,204.65,210.646,215.982,220.55,224.254,227.028,228.871,229.875,230.25,230.299,230.344,230.614,231.166,231.926,232.79,233.714,234.702,235.769,236.917,238.145,239.449,240.821,242.253,243.731,245.238,246.752,248.248,249.701,251.082,252.368,253.542,254.602,255.571,256.508,257.526,258.825,260.727
20340.0,83.739,94.443,104.681,114.534,124.062,133.307,142.296,151.048,159.568,167.85,175.876,183.617,191.028,198.049,204.604,210.603,215.943,220.517,224.226,227.007,228.856,229.867,230.247,230.299,230.345,230.615,231.167,231.926,232.79,233.714,234.702,235.769,236.917,238.145,239.448,240.821,242.253,243.731,245.238,246.752,248.248,249.701,251.082,252.368,253.542,254.602,255.571,256.508,257.526,258.825,260.727
20400.0,83.728,94.426,104.659,114.507,124.03,133.271,142.257,151.006,159.523,167.803,175.828,183.569,190.98,198.002,204.559,210.561,215.905,220.483,224.199,226.986,228.842,229.859,230.243,230.299,230.346,230.616,231.167,231.926,232.79,233.714,234.702,235.769,236.917,238.145,239.448,240.821,242.253,243.731,245.238,246.752,248.248,249.701,251.082,252.368,253.542,254.602,255.571,256.508,257.526,258.825,260.727
20460.0,83.716,94.409,104.636,114.48,123.999,133.235,142.218,150.964,159.478,167.756,175.78,183.52,190.931,197.954,204.514,210.519,215.866,220.45,224.171,226.965,228.828,229.851,230.24,230.298,230.348,230.617,231.168,231.926,232.79,233.714,234.702,235.769,236.917,238.145,239.448,240.821,242.253,243.731,245.238,246.752,248.248,249.701,251.082,252.368,253.542,254.602,255.571,256.508,257.526,258.825,260.727
20520.0,83.705,94.391,104.614,114.452,123.967,133.199,142.179,150.921,159.434,167.71,175.732,183.471,190.883,197.907,204.468,210.476,215.828,220.417,224.144,226.944,228.813,229.842,230.237,230.298,230.349,230.618,231.168,231.926,232.789,233.714,234.702,235.769,236.917,238.145,239.448,240.821,242.253,243.731,245.238,246.752,248.248,249.701,251.082,252.368,253.542,254.602,255.571,256.508,257.526,258.825,260.727
20580.0,83.693,94.374,104.591,114.425,123.935,133.164,142.14,150.879,159.389,167.663,175.684,183.423,190.835,197.86,204.423,210.434,215.79,220.383,224.116,226.923,228.799,229.834,230.234,230.298,230.35,230.619,231.169,231.926,232.789,233.713,234.702,235.768,236.917,238.145,239.448,240.821,242.253,243.731,245.238,246.752,248.248,249.701,251.082,252.368,253.542,254.602,255.571,256.508,257.526,258.825,260.727
20640.0,83.681,94.357,104.569,114.398,123.904,133.128,142.1,150.837,159.344,167.617,175.637,183.375,190.786,197.813,204.378,210.392,215.752,220.35,224.089,226.902,228.785,229.826,230.23,230.298,230.351,230.62,231.169,231.926,232.789,233.713,234.702,235.768,236.917,238.145,239.448,240.821,242.253,243.731,245.238,246.752,248.248,249.701,251.082,252.368,253.542,254.602,255.571,256.508,257.526,258.825,260.727
20700.0,83.67,94.34,104.546,114.371,123.872,133.093,142.061,150.795,159.3,167.57,175.589,183.326,190.738,197.766,204.333,210.35,215.713,220.317,224.062,226.881,228.77,229.818,230.227,230.298,230.352,230.621,231.17,231.926,232.789,233.713,234.702,235.768,236.917,238.145,239.448,240.821,242.253,243.731,245.238,246.752,248.248,249.701,251.082,252.368,253.542,254.602,255.571,256.508,257.526,258.825,260.727
20760.0,83.658,94.323,104.524,114.344,123.841,133.057,142.023,150.753,159.255,167.524,175.541,183.278,190.69,197.719,204.288,210.308,215.675,220.283,224.034,226.86,228.756,229.809,230.224,230.298,230.353,230.622,231.17,231.926,232.789,233.713,234.702,235.768,236.917,238.145,239.448,240.821,242.253,243.731,245.238,246.752,248.248,249.701,251.082,252.368,253.542,254.602,255.571,256.508,257.526,258.825,260.727
20820.0,83.647,94.306,104.502,114.317,123.809,133.022,141.984,150.711,159.211,167.478,175.494,183.23,190.642,197.672,204.243,210.265,215.637,220.25,224.007,226.839,228.741,229.801,230.22,230.298,230.354,230.623,231.171,231.926,232.789,233.713,234.702,235.768,236.916,238.144,239.448,240.821,242.253,243.731,245.238,246.752,248.248,249.701,251.082,252.368,253.542,254.602,255.571,256.508,257.526,258.825,260.727
20880.0,83.636,94.289,104.48,114.29,123.778,132.987,141.945,150.67,159.167,167.431,175.446,183.182,190.594,197.625,204.198,210.223,215.599,220.217,223.979,226.818,228.727,229.793,230.217,230.297,230.355,230.624,231.171,231.926,232.789,233.713,234.702,235.768,236.916,238.144,239.448,240.821,242.253,243.731,245.238,246.752,248.248,249.701,251.082,252.367,253.542,254.602,255.571,256.508,257.526,258.825,260.727
20940.0,83.624,94.272,104.457,114.263,123.746,132.951,141.906,150.628,159.123,167.385,175.399,183.134,190.547,197.578,204.153,210.181,215.561,220.184,223.952,226.797,228.713,229.785,230.214,230.297,230.356,230.625,231.171,231.926,232.789,233.713,234.702,235.768,236.916,238.144,239.448,240.821,242.253,243.731,245.238,246.752,248.248,249.701,251.082,252.367,253.542,254.602,255.571,256.508,257.526,258.825,260.727
21000.0,83.613,94.255,104.435,114.236,123.715,132.916,141.867,150.586,159.078,167.339,175.351,183.086,190.499,197.531,204.108,210.139,215.523,220.151,223.924,226.776,228.698,229.776,230.21,230.297,230.357,230.626,231.172,231.926,232.789,233.713,234.702,235.768,236.916,238.144,239.448,240.821,242.253,243.731,245.238,246.752,248.248,249.7,251.082,252.367,253.542,254.602,255.571,256.508,257.526,258.825,260.727
21060.0,83.601,94.238,104.413,114.209,123.684,132.881,141.829,150.545,159.034,167.293,175.304,183.038,190.451,197.484,204.063,210.097,215.485,220.117,223.897,226.755,228.684,229.768,230.207,230.297,230.359,230.627,231.172,231.926,232.789,233.713,234.702,235.768,236.916,238.144,239.448,240.821,242.253,243.731,245.238,246.751,248.248,249.7,251.082,252.367,253.542,254.602,255.571,256.508,257.527,258.825,260.727
21120.0,83.59,94.221,104.391,114.182,123.653,132.846,141.79,150.503,158.99,167.247,175.257,182.99,190.403,197.438,204.019,210.056,215.447,220.084,223.87,226.734,228.669,229.759,230.203,230.296,230.36,230.628,231.173,231.926,232.789,233.713,234.702,235.768,236.916,238.144,239.448,240.821,242.253,243.731,245.238,246.751,248.248,249.7,251.082,252.367,253.542,254.602,255.571,256.508,257.527,258.825,260.727
21180.0,83.579,94.204,104.369,114.155,123.622,132.811,141.752,150.462,158.946,167.201,175.21,182.943,190.356,197.391,203.974,210.014,215.409,220.051,223.842,226.713,228.655,229.751,230.2,230.296,230.361,230.629,231.173,231.926,232.788,233.713,234.702,235.768,236.916,238.144,239.448,240.821,242.253,243.731,245.238,246.751,248.248,249.7,251.082,252.367,253.542,254.602,255.571,256.508,257.527,258.825,260.727
21240.0,83.567,94.187,104.347,114.129,123.591,132.776,141.713,150.42,158.902,167.156,175.163,182.895,190.308,197.345,203.929,209.972,215.371,220.018,223.815,226.692,228.64,229.743,230.196,230.296,230.362,230.63,231.174,231.926,232.788,233.713,234.701,235.768,236.916,238.144,239.448,240.821,242.253,243.731,245.238,246.751,248.248,249.7,251.082,252.367,253.542,254.602,255.571,256.508,257.527,258.825,260.727
21300.0,83.573,94.176,104.326,114.102,123.56,132.741,141.675,150.379,158.859,167.11,175.116,182.847,190.261,197.298,203.885,209.93,215.333,219.985,223.787,226.671,228.626,229.734,230.193,230.295,230.363,230.631,231.174,231.926,232.788,233.713,234.701,235.768,236.916,238.144,239.448,240.821,242.253,243.731,245.237,246.751,248.248,249.7,251.082,252.367,253.542,254.602,255.571,256.508,257.527,258.825,260.727
21360.0,83.859,94.269,104.331,114.08,123.529,132.706,141.637,150.337,158.815,167.064,175.069,182.8,190.213,197.252,203.84,209.888,215.295,219.952,223.76,226.65,228.611,229.726,230.189,230.295,230.364,230.632,231.175,231.926,232.788,233.712,234.701,235.768,236.916,238.144,239.448,240.821,242.253,243.731,245.237,246.751,248.248,249.7,251.082,252.367,253.542,254.602,255.571,256.508,257.527,258.825,260.727
21420.0,84.403,94.499,104.391,114.073,123.502,132.672,141.598,150.296,158.771,167.019,175.022,182.752,190.166,197.205,203.795,209.847,215.257,219.919,223.733,226.629,228.596,229.717,230.186,230.295,230.365,230.633,231.175,231.926,232.788,233.712,234.701,235.768,236.916,238.144,239.448,240.821,242.253,243.731,245.237,246.751,248.248,249.7,251.082,252.367,253.541,254.602,255.571,256.508,257.527,258.825,260.727
21480.0,85.175,94.871,104.524,114.095,123.483,132.639,141.561,150.255,158.728,166.973,174.975,182.705,190.119,197.159,203.751,209.805,215.219,219.886,223.705,226.608,228.582,229.709,230.182,230.294,230.366,230.634,231.176,231.926,232.788,233.712,234.701,235.768,236.916,238.144,239.448,240.821,242.253,243.731,245.237,246.751,248.248,249.7,251.082,252.367,253.541,254.602,255.571,256.508,257.527,258.825,260.727
21540.0,86.165,95.389,104.741,114.156,123.478,132.611,141.524,150.214,158.684,166.928,174.928,182.657,190.072,197.113,203.707,209.764,215.181,219.853,223.678,226.587,228.567,229.7,230.179,230.294,230.367,230.635,231.176,231.926,232.788,233.712,234.701,235.768,236.916,238.144,239.448,240.82,242.253,243.731,245.237,246.751,248.248,249.7,251.081,252.367,253.541,254.602,255.571,256.508,257.527,258.825,260.727
21600.0,87.362,96.052,105.049,114.265,123.493,132.588,141.488,150.174,158.641,166.882,174.882,182.61,190.025,197.067,203.662,209.722,215.144,219.82,223.651,226.565,228.553,229.692,230.175,230.294,230.368,230.636,231.177,231.927,232.788,233.712,234.701,235.768,236.916,238.144,239.448,240.82,242.253,243.731,245.237,246.751,248.248,249.7,251.081,252.367,253.541,254.602,255.571,256.508,257.527,258.825,260.727
21660.0,88.76,96.861,105.451,114.428,123.533,132.575,141.455,150.134,158.597,166.837,174.835,182.563,189.977,197.02,203.618,209.68,215.106,219.787,223.623,226.544,228.538,229.683,230.171,230.293,230.369,230.637,231.177,231.927,232.788,233.712,234.701,235.768,236.916,238.144,239.448,240.82,242.253,243.731,245.237,246.751,248.248,249.7,251.081,252.367,253.541,254.602,255.571,256.508,257.527,258.825,260.727
21720.0,90.354,97.815,105.952,114.649,123.603,132.575,141.427,150.095,158.554,166.792,174.789,182.516,189.93,196.974,203.574,209.639,215.068,219.754,223.596,226.523,228.523,229.674,230.168,230.293,230.37,230.638,231.178,231.927,232.788,233.712,234.701,235.768,236.916,238.144,239.448,240.82,242.253,243.731,245.237,246.751,248.248,249.7,251.081,252.367,253.541,254.602,255.571,256.508,257.527,258.825,260.727
21780.0,92.146,98.915,106.554,114.933,123.707,132.589,141.403,150.057,158.512,166.747,174.742,182.469,189.883,196.928,203.529,209.598,215.03,219.721,223.569,226.502,228.509,229.666,230.164,230.292,230.371,230.639,231.178,231.927,232.788,233.712,234.701,235.768,236.916,238.144,239.447,240.82,242.253,243.731,245.237,246.751,248.248,249.7,251.081,252.367,253.541,254.602,255.571,256.508,257.527,258.825,260.727
21840.0,94.153,100.169,107.26,115.284,123.848,132.622,141.388,150.022,158.47,166.702,174.696,182.422,189.837,196.882,203.485,209.556,214.993,219.688,223.541,226.481,228.494,229.657,230.16,230.292,230.372,230.64,231.179,231.927,232.788,233.712,234.701,235.768,236.916,238.144,239.447,240.82,242.252,243.731,245.237,246.751,248.248,249.7,251.081,252.367,253.541,254.602,255.571,256.508,257.527,258.825,260.727
21900.0,96.421,101.599,108.08,115.706,124.031,132.676,141.38,149.991,158.429,166.657,174.65,182.375,189.79,196.836,203.441,209.515,214.955,219.655,223.514,226.46,228.479,229.649,230.157,230.291,230.373,230.641,231.179,231.927,232.787,233.712,234.701,235.767,236.916,238.144,239.447,240.82,242.252,243.731,245.237,246.751,248.248,249.7,251.081,252.367,253.541,254.602,255.571,256.508,257.527,258.825,260.727
21960.0,99.047,103.247,109.031,116.206,124.259,132.754,141.384,149.962,158.389,166.613,174.604,182.328,189.743,196.791,203.397,209.473,214.918,219.622,223.487,226.439,228.465,229.64,230.153,230.291,230.373,230.642,231.179,231.927,232.787,233.712,234.701,235.767,236.916,238.144,239.447,240.82,242.252,243.73,245.237,246.751,248.248,249.7,251.081,252.367,253.541,254.602,255.571,256.508,257.527,258.825,260.727
22020.0,101.803,105.052,110.111,116.791,124.537,132.858,141.4,149.939,158.35,166.569,174.557,182.281,189.696,196.745,203.353,209.432,214.88,219.589,223.459,226.418,228.45,229.631,230.149,230.29,230.374,230.643,231.18,231.927,232.787,233.712,234.701,235.767,236.916,238.144,239.447,240.82,242.252,243.73,245.237,246.751,248.248,249.7,251.081,252.367,253.541,254.602,255.571,256.508,257.527,258.825,260.727
22080.0,104.627,106.969,111.303,117.461,124.868,132.991,141.429,149.922,158.314,166.526,174.512,182.234,189.65,196.699,203.309,209.391,214.843,219.556,223.432,226.397,228.435,229.623,230.145,230.29,230.375,230.644,231.18,231.927,232.787,233.712,234.701,235.767,236.916,238.144,239.447,240.82,242.252,243.73,245.237,246.751,248.248,249.7,251.081,252.367,253.541,254.602,255.571,256.508,257.527,258.825,260.727
22140.0,107.486,108.966,112.589,118.211,125.255,133.156,141.475,149.911,158.28,166.483,174.466,182.188,189.603,196.653,203.265,209.35,214.805,219.524,223.405,226.376,228.421,229.614,230.142,230.289,230.376,230.645,231.181,231.927,232.787,233.711,234.701,235.767,236.915,238.143,239.447,240.82,242.252,243.73,245.237,246.751,248.248,249.7,251.081,252.367,253.541,254.602,255.571,256.508,257.527,258.825,260.727
22200.0,110.356,111.021,113.951,119.034,125.695,133.354,141.539,149.908,158.249,166.441,174.421,182.141,189.557,196.608,203.221,209.309,214.768,219.491,223.377,226.354,228.406,229.605,230.138,230.289,230.377,230.646,231.181,231.927,232.787,233.711,234.701,235.767,236.915,238.143,239.447,240.82,242.252,243.73,245.237,246.751,248.248,249.7,251.081,252.367,253.541,254.602,255.571,256.508,257.527,258.825,260.727
22260.0,113.22,113.114,115.376,119.921,126.188,133.588,141.621,149.914,158.221,166.401,174.376,182.095,189.51,196.562,203.178,209.267,214.73,219.458,223.35,226.333,228.391,229.596,230.134,230.288,230.378,230.647,231.182,231.927,232.787,233.711,234.701,235.767,236.915,238.143,239.447,240.82,242.252,243.73,245.237,246.751,248.248,249.7,251.081,252.367,253.541,254.602,255.571,256.508,257.527,258.825,260.727
22320.0,116.063,115.232,116.85,120.865,126.73,133.856,141.724,149.93,158.197,166.361,174.331,182.049,189.464,196.517,203.134,209.226,214.693,219.425,223.323,226.312,228.376,229.588,230.13,230.288,230.379,230.648,231.182,231.927,232.787,233.711,234.701,235.767,236.915,238.143,239.447,240.82,242.252,243.73,245.237,246.751,248.248,249.7,251.081,252.367,253.541,254.602,255.571,256.508,257.527,258.825,260.727
22380.0,118.875,117.361,118.363,121.859,127.318,134.159,141.849,149.957,158.178,166.324,174.287,182.003,189.417,196.471,203.09,209.185,214.655,219.392,223.296,226.291,228.362,229.579,230.126,230.287,230.38,230.649,231.183,231.927,232.787,233.711,234.7,235.767,236.915,238.143,239.447,240.82,242.252,243.73,245.237,246.751,248.247,249.7,251.081,252.367,253.541,254.602,255.571,256.508,257.527,258.825,260.727
22440.0,121.651,119.494,119.906,122.894,127.949,134.495,141.995,149.996,158.165,166.288,174.243,181.957,189.371,196.426,203.046,209.144,214.618,219.36,223.268,226.27,228.347,229.57,230.122,230.287,230.381,230.65,231.183,231.927,232.787,233.711,234.7,235.767,236.915,238.143,239.447,240.82,242.252,243.73,245.237,246.751,248.247,249.7,251.081,252.367,253.541,254.602,255.571,256.508,257.527,258.825,260.727
22500.0,124.383,121.623,121.472,123.966,128.617,134.863,142.163,150.047,158.157,166.255,174.2,181.911,189.325,196.38,203.003,209.103,214.581,219.327,223.241,226.249,228.332,229.561,230.118,230.286,230.382,230.651,231.184,231.927,232.787,233.711,234.7,235.767,236.915,238.143,239.447,240.82,242.252,243.73,245.237,246.751,248.247,249.7,251.081,252.367,253.541,254.602,255.571,256.508,257.527,258.825,260.727
22560.0,127.071,123.743,123.054,125.069,129.321,135.262,142.353,150.111,158.155,166.224,174.158,181.865,189.279,196.335,202.959,209.063,214.543,219.294,223.214,226.228,228.317,229.552,230.114,230.285,230.382,230.652,231.184,231.927,232.787,233.711,234.7,235.767,236.915,238.143,239.447,240.82,242.252,243.73,245.237,246.751,248.247,249.7,251.081,252.367,253.541,254.602,255.571,256.508,257.527,258.825,260.727
22620.0,129.71,125.849,124.647,126.197,130.056,135.69,142.565,150.188,158.16,166.196,174.118,181.82,189.233,196.29,202.916,209.022,214.506,219.262,223.187,226.206,228.302,229.543,230.11,230.285,230.383,230.653,231.185,231.928,232.786,233.711,234.7,235.767,236.915,238.143,239.447,240.82,242.252,243.73,245.237,246.751,248.247,249.7,251.081,252.367,253.541,254.602,255.571,256.508,257.527,258.825,260.727
22680.0,132.302,127.938,126.247,127.348,130.819,136.145,142.798,150.28,158.173,166.171,174.078,181.776,189.187,196.245,202.872,208.981,214.469,219.229,223.159,226.185,228.287,229.535,230.107,230.284,230.384,230.654,231.185,231.928,232.786,233.711,234.7,235.767,236.915,238.143,239.447,240.82,242.252,243.73,245.237,246.751,248.247,249.7,251.081,252.367,253.541,254.602,255.571,256.508,257.527,258.825,260.727
22740.0,134.846,130.007,127.85,128.516,131.607,136.625,143.051,150.385,158.193,166.15,174.039,181.731,189.142,196.2,202.829,208.94,214.432,219.196,223.132,226.164,228.273,229.526,230.103,230.283,230.385,230.655,231.186,231.928,232.786,233.711,234.7,235.767,236.915,238.143,239.447,240.82,242.252,243.73,245.237,246.751,248.247,249.7,251.081,252.367,253.541,254.602,255.571,256.508,257.527,258.825,260.727
22800.0,137.341,132.056,129.453,129.699,132.418,137.13,143.325,150.504,158.222,166.132,174.002,181.687,189.096,196.155,202.786,208.899,214.395,219.164,223.105,226.143,228.258,229.517,230.099,230.283,230.386,230.656,231.186,231.928,232.786,233.711,234.7,235.767,236.915,238.143,239.447,240.82,242.252,243.73,245.237,246.751,248.247,249.7,251.081,252.367,253.541,254.602,255.571,256.508,257.527,258.825,260.727
22860.0,139.79,134.082,131.053,130.894,133.249,137.656,143.618,150.637,158.258,166.119,173.967,181.644,189.051,196.11,202.742,208.859,214.357,219.131,223.078,226.122,228.243,229.508,230.095,230.282,230.387,230.657,231.187,231.928,232.786,233.711,234.7,235.767,236.915,238.143,239.447,240.82,242.252,243.73,245.237,246.751,248.247,249.7,251.081,252.367,253.541,254.602,255.571,256.508,257.527,258.825,260.727
22920.0,142.192,136.085,132.649,132.098,134.097,138.202,143.93,150.784,158.303,166.11,173.933,181.601,189.006,196.065,202.699,208.818,214.32,219.099,223.051,226.101,228.228,229.499,230.091,230.281,230.387,230.658,231.187,231.928,232.786,233.71,234.7,235.767,236.915,238.143,239.447,240.82,242.252,243.73,245.237,246.751,248.247,249.7,251.081,252.367,253.541,254.602,255.571,256.508,257.527,258.825,260.727
22980.0,144.549,138.065,134.24,133.31,134.961,138.768,144.259,150.944,158.357,166.105,173.901,181.559,188.961,196.02,202.656,208.777,214.283,219.066,223.023,226.079,228.213,229.49,230.086,230.28,230.388,230.659,231.188,231.928,232.786,233.71,234.7,235.767,236.915,238.143,239.447,240.82,242.252,243.73,245.237,246.751,248.247,249.7,251.081,252.367,253.541,254.602,255.571,256.508,257.527,258.825,260.727
23040.0,146.863,140.021,135.823,134.527,135.839,139.351,144.606,151.118,158.419,166.105,173.872,181.518,188.916,195.976,202.613,208.737,214.246,219.033,222.996,226.058,228.198,229.481,230.082,230.28,230.389,230.659,231.188,231.928,232.786,233.71,234.7,235.767,236.915,238.143,239.447,240.819,242.252,243.73,245.237,246.751,248.247,249.7,251.081,252.367,253.541,254.602,255.571,256.508,257.527,258.825,260.727
23100.0,149.135,141.953,137.398,135.749,136.729,139.95,144.968,151.305,158.491,166.11,173.845,181.478,188.872,195.931,202.569,208.696,214.209,219.001,222.969,226.037,228.183,229.472,230.078,230.279,230.39,230.66,231.189,231.928,232.786,233.71,234.7,235.767,236.915,238.143,239.447,240.819,242.252,243.73,245.237,246.75,248.247,249.7,251.081,252.367,253.541,254.602,255.571,256.508,257.527,258.825,260.727
23160.0,151.366,143.862,138.965,136.973,137.63,140.564,145.346,151.505,158.571,166.12,173.82,181.438,188.828,195.887,202.526,208.656,214.172,218.968,222.942,226.016,228.168,229.463,230.074,230.278,230.391,230.661,231.189,231.928,232.786,233.71,234.7,235.766,236.915,238.143,239.446,240.819,242.252,243.73,245.236,246.75,248.247,249.7,251.081,252.367,253.541,254.602,255.571,256.508,257.527,258.825,260.727
23220.0,153.558,145.747,140.522,138.198,138.541,141.192,145.738,151.717,158.66,166.136,173.798,181.4,188.784,195.842,202.483,208.615,214.135,218.936,222.915,225.995,228.153,229.454,230.07,230.277,230.391,230.662,231.19,231.928,232.786,233.71,234.7,235.766,236.915,238.143,239.446,240.819,242.252,243.73,245.236,246.75,248.247,249.7,251.081,252.367,253.541,254.602,255.571,256.508,257.527,258.825,260.727
23280.0,155.711,147.609,142.069,139.424,139.459,141.832,146.143,151.941,158.758,166.157,173.778,181.363,188.741,195.798,202.441,208.575,214.098,218.903,222.888,225.974,228.138,229.445,230.066,230.277,230.392,230.663,231.19,231.928,232.786,233.71,234.7,235.766,236.915,238.143,239.446,240.819,242.252,243.73,245.236,246.75,248.247,249.7,251.081,252.367,253.541,254.602,255.571,256.508,257.527,258.825,260.727
23340.0,157.828,149.448,143.605,140.65,140.385,142.484,146.562,152.177,158.865,166.183,173.761,181.327,188.698,195.754,202.398,208.534,214.062,218.871,222.86,225.952,228.123,229.436,230.062,230.276,230.393,230.664,231.191,231.928,232.786,233.71,234.7,235.766,236.915,238.143,239.446,240.819,242.252,243.73,245.236,246.75,248.247,249.7,251.081,252.367,253.541,254.602,255.571,256.508,257.527,258.825,260.727
23400.0,159.909,151.265,145.131,141.875,141.317,143.147,146.993,152.425,158.981,166.215,173.748,181.292,188.656,195.71,202.355,208.494,214.025,218.839,222.833,225.931,228.108,229.427,230.058,230.275,230.394,230.665,231.191,231.928,232.785,233.71,234.7,235.766,236.914,238.143,239.446,240.819,242.251,243.73,245.236,246.75,248.247,249.7,251.081,252.367,253.541,254.602,255.571,256.508,257.527,258.825,260.727
23460.0,161.956,153.06,146.646,143.099,142.254,143.82,147.436,152.683,159.105,166.253,173.737,181.259,188.614,195.666,202.312,208.454,213.988,218.806,222.806,225.91,228.093,229.417,230.053,230.274,230.394,230.666,231.192,231.929,232.785,233.71,234.699,235.766,236.914,238.142,239.446,240.819,242.251,243.73,245.236,246.75,248.247,249.7,251.081,252.367,253.541,254.602,255.571,256.508,257.527,258.825,260.727
23520.0,163.97,154.834,148.15,144.32,143.196,144.501,147.89,152.952,159.238,166.297,173.73,181.227,188.573,195.623,202.27,208.413,213.951,218.774,222.779,225.889,228.078,229.408,230.049,230.273,230.395,230.667,231.192,231.929,232.785,233.71,234.699,235.766,236.914,238.142,239.446,240.819,242.251,243.73,245.236,246.75,248.247,249.7,251.081,252.367,253.541,254.602,255.571,256.508,257.527,258.825,260.727
23580.0,165.952,156.586,149.643,145.539,144.142,145.191,148.354,153.231,159.379,166.346,173.725,181.197,188.532,195.58,202.227,208.373,213.914,218.741,222.752,225.868,228.063,229.399,230.045,230.272,230.396,230.668,231.192,231.929,232.785,233.71,234.699,235.766,236.914,238.142,239.446,240.819,242.251,243.73,245.236,246.75,248.247,249.7,251.081,252.367,253.541,254.602,255.571,256.508,257.527,258.825,260.727
23640.0,167.903,158.318,151.125,146.754,145.091,145.888,148.827,153.52,159.528,166.401,173.725,181.168,188.492,195.537,202.185,208.333,213.878,218.709,222.725,225.846,228.048,229.39,230.041,230.271,230.396,230.669,231.193,231.929,232.785,233.71,234.699,235.766,236.914,238.142,239.446,240.819,242.251,243.729,245.236,246.75,248.247,249.699,251.081,252.367,253.541,254.602,255.571,256.508,257.527,258.825,260.727
23700.0,169.824,160.03,152.596,147.966,146.043,146.593,149.311,153.819,159.685,166.461,173.727,181.141,188.453,195.494,202.142,208.293,213.841,218.677,222.698,225.825,228.033,229.381,230.036,230.27,230.397,230.67,231.193,231.929,232.785,233.709,234.699,235.766,236.914,238.142,239.446,240.819,242.251,243.729,245.236,246.75,248.247,249.699,251.081,252.367,253.541,254.602,255.571,256.508,257.527,258.825,260.727
23760.0,171.717,161.722,154.055,149.175,146.997,147.304,149.803,154.126,159.851,166.528,173.734,181.116,188.414,195.451,202.1,208.253,213.804,218.644,222.671,225.804,228.018,229.372,230.032,230.27,230.398,230.671,231.194,231.929,232.785,233.709,234.699,235.766,236.914,238.142,239.446,240.819,242.251,243.729,245.236,246.75,248.247,249.699,251.081,252.367,253.541,254.602,255.571,256.508,257.527,258.825,260.727
23820.0,173.581,163.395,155.504,150.38,147.953,148.021,150.303,154.442,160.024,166.6,173.743,181.092,188.377,195.409,202.058,208.213,213.767,218.612,222.644,225.783,228.003,229.362,230.028,230.269,230.398,230.672,231.194,231.929,232.785,233.709,234.699,235.766,236.914,238.142,239.446,240.819,242.251,243.729,245.236,246.75,248.247,249.699,251.081,252.367,253.541,254.602,255.571,256.508,257.527,258.825,260.727
23880.0,175.419,165.05,156.942,151.58,148.911,148.744,150.811,154.767,160.204,166.678,173.757,181.071,188.34,195.367,202.016,208.173,213.731,218.58,222.616,225.761,227.988,229.353,230.023,230.268,230.399,230.672,231.195,231.929,232.785,233.709,234.699,235.766,236.914,238.142,239.446,240.819,242.251,243.729,245.236,246.75,248.247,249.699,251.081,252.367,253.541,254.602,255.571,256.508,257.527,258.825,260.727
23940.0,177.231,166.686,158.369,152.777,149.869,149.471,151.326,155.1,160.392,166.761,173.774,181.052,188.304,195.326,201.974,208.133,213.694,218.548,222.589,225.74,227.973,229.344,230.019,230.267,230.4,230.673,231.195,231.929,232.785,233.709,234.699,235.766,236.914,238.142,239.446,240.819,242.251,243.729,245.236,246.75,248.247,249.699,251.081,252.367,253.541,254.602,255.571,256.508,257.527,258.825,260.727
24000.0,179.017,168.304,159.785,153.968,150.829,150.204,151.849,155.441,160.587,166.85,173.794,181.034,188.269,195.284,201.932,208.093,213.658,218.515,222.562,225.719,227.958,229.335,230.015,230.266,230.4,230.674,231.196,231.929,232.785,233.709,234.699,235.766,236.914,238.142,239.446,240.819,242.251,243.729,245.236,246.75,248.247,249.699,251.081,252.367,253.541,254.602,255.571,256.508,257.527,258.825,260.727
24060.0,180.779,169.905,161.191,155.156,151.789,150.94,152.378,155.789,160.789,166.945,173.819,181.019,188.234,195.244,201.89,208.053,213.621,218.483,222.535,225.698,227.943,229.325,230.01,230.265,230.401,230.675,231.196,231.929,232.785,233.709,234.699,235.766,236.914,238.142,239.446,240.819,242.251,243.729,245.236,246.75,248.247,249.699,251.081,252.367,253.541,254.602,255.571,256.508,257.527,258.825,260.727
24120.0,182.517,171.488,162.586,156.338,152.749,151.681,152.913,156.145,160.998,167.045,173.847,181.006,188.201,195.203,201.849,208.014,213.585,218.451,222.508,225.677,227.927,229.316,230.006,230.264,230.402,230.676,231.197,231.929,232.785,233.709,234.699,235.766,236.914,238.142,239.446,240.819,242.251,243.729,245.236,246.75,248.247,249.699,251.081,252.367,253.541,254.602,255.571,256.508,257.527,258.825,260.727
24180.0,184.231,173.055,163.971,157.516,153.709,152.425,153.455,156.507,161.214,167.151,173.879,180.994,188.169,195.163,201.808,207.974,213.548,218.419,222.481,225.655,227.912,229.307,230.001,230.263,230.402,230.677,231.197,231.93,232.784,233.709,234.699,235.766,236.914,238.142,239.446,240.819,242.251,243.729,245.236,246.75,248.247,249.699,251.081,252.367,253.541,254.602,255.571,256.508,257.527,258.825,260.727
24240.0,185.923,174.606,165.345,158.689,154.669,153.172,154.002,156.877,161.436,167.262,173.915,180.986,188.138,195.124,201.766,207.934,213.512,218.387,222.454,225.634,227.897,229.297,229.997,230.262,230.403,230.678,231.198,231.93,232.784,233.709,234.699,235.766,236.914,238.142,239.446,240.819,242.251,243.729,245.236,246.75,248.247,249.699,251.081,252.367,253.541,254.602,255.571,256.508,257.527,258.825,260.727
24300.0,187.594,176.14,166.709,159.858,155.628,153.923,154.554,157.252,161.665,167.378,173.954,180.979,188.109,195.085,201.725,207.895,213.475,218.355,222.427,225.613,227.882,229.288,229.993,230.261,230.404,230.679,231.198,231.93,232.784,233.709,234.699,235.766,236.914,238.142,239.446,240.819,242.251,243.729,245.236,246.75,248.247,249.699,251.081,252.367,253.541,254.602,255.571,256.508,257.527,258.826,260.727
24360.0,189.243,177.659,168.063,161.021,156.587,154.676,155.112,157.634,161.899,167.5,173.997,180.975,188.08,195.046,201.685,207.855,213.439,218.322,222.4,225.592,227.867,229.279,229.988,230.259,230.404,230.68,231.199,231.93,232.784,233.709,234.699,235.766,236.914,238.142,239.446,240.819,242.251,243.729,245.236,246.75,248.247,249.699,251.081,252.367,253.541,254.602,255.571,256.508,257.527,258.826,260.727
24420.0,190.871,179.163,169.407,162.179,157.545,155.432,155.674,158.022,162.14,167.626,174.044,180.973,188.052,195.008,201.644,207.816,213.403,218.29,222.373,225.57,227.852,229.269,229.984,230.258,230.405,230.68,231.199,231.93,232.784,233.709,234.699,235.765,236.914,238.142,239.446,240.819,242.251,243.729,245.236,246.75,248.247,249.699,251.081,252.367,253.541,254.602,255.571,256.508,257.527,258.826,260.727
24480.0,192.48,180.651,170.742,163.332,158.503,156.19,156.241,158.416,162.387,167.758,174.095,180.974,188.026,194.971,201.604,207.777,213.367,218.258,222.346,225.549,227.836,229.26,229.979,230.257,230.405,230.681,231.2,231.93,232.784,233.708,234.699,235.765,236.914,238.142,239.446,240.818,242.251,243.729,245.236,246.75,248.247,249.699,251.081,252.367,253.541,254.602,255.571,256.508,257.527,258.826,260.727
24540.0,194.069,182.125,172.066,164.48,159.459,156.95,156.813,158.815,162.639,167.895,174.15,180.976,188.001,194.934,201.563,207.738,213.33,218.226,222.319,225.528,227.821,229.25,229.975,230.256,230.406,230.682,231.2,231.93,232.784,233.708,234.698,235.765,236.914,238.142,239.445,240.818,242.251,243.729,245.236,246.75,248.247,249.699,251.081,252.367,253.541,254.602,255.571,256.508,257.527,258.826,260.727
24600.0,195.638,183.585,173.381,165.623,160.414,157.712,157.388,159.22,162.897,168.037,174.208,180.982,187.978,194.897,201.524,207.698,213.294,218.194,222.292,225.507,227.806,229.241,229.97,230.255,230.407,230.683,231.201,231.93,232.784,233.708,234.698,235.765,236.914,238.142,239.445,240.818,242.251,243.729,245.236,246.75,248.247,249.699,251.081,252.367,253.541,254.602,255.571,256.508,257.527,258.826,260.727
24660.0,197.189,185.03,174.687,166.761,161.367,158.476,157.967,159.629,163.161,168.184,174.27,180.99,187.956,194.862,201.484,207.659,213.258,218.162,222.265,225.485,227.791,229.231,229.965,230.254,230.407,230.684,231.201,231.93,232.784,233.708,234.698,235.765,236.914,238.142,239.445,240.818,242.251,243.729,245.236,246.75,248.246,249.699,251.08,252.367,253.541,254.602,255.571,256.508,257.527,258.826,260.727
24720.0,198.722,186.462,175.983,167.894,162.319,159.242,158.551,160.044,163.43,168.335,174.336,181.0,187.935,194.827,201.444,207.62,213.222,218.13,222.238,225.464,227.775,229.222,229.961,230.253,230.408,230.685,231.202,231.93,232.784,233.708,234.698,235.765,236.913,238.142,239.445,240.818,242.251,243.729,245.236,246.75,248.246,249.699,251.08,252.367,253.541,254.602,255.571,256.508,257.527,258.826,260.727
24780.0,200.238,187.88,177.27,169.022,163.27,160.009,159.137,160.464,163.703,168.491,174.406,181.013,187.915,194.792,201.405,207.582,213.186,218.098,222.211,225.443,227.76,229.213,229.956,230.252,230.408,230.686,231.202,231.93,232.784,233.708,234.698,235.765,236.913,238.142,239.445,240.818,242.251,243.729,245.236,246.75,248.246,249.699,251.08,252.366,253.541,254.602,255.571,256.508,257.527,258.826,260.727
24840.0,201.735,189.285,178.548,170.145,164.219,160.777,159.727,160.888,163.982,168.652,174.479,181.028,187.897,194.759,201.366,207.543,213.15,218.066,222.184,225.422,227.745,229.203,229.952,230.25,230.409,230.686,231.203,231.931,232.784,233.708,234.698,235.765,236.913,238.141,239.445,240.818,242.251,243.729,245.236,246.75,248.246,249.699,251.08,252.366,253.541,254.602,255.571,256.508,257.527,258.826,260.727
24900.0,203.216,190.677,179.817,171.262,165.167,161.546,160.321,161.316,164.266,168.818,174.556,181.046,187.881,194.726,201.328,207.504,213.114,218.034,222.158,225.4,227.73,229.194,229.947,230.249,230.409,230.687,231.203,231.931,232.784,233.708,234.698,235.765,236.913,238.141,239.445,240.818,242.251,243.729,245.236,246.75,248.246,249.699,251.08,252.366,253.541,254.602,255.571,256.508,257.527,258.826,260.727
24960.0,204.681,192.055,181.077,172.375,166.112,162.316,160.917,161.749,164.555,168.988,174.636,181.066,187.866,194.694,201.29,207.466,213.078,218.002,222.131,225.379,227.714,229.184,229.942,230.248,230.41,230.688,231.204,231.931,232.784,233.708,234.698,235.765,236.913,238.141,239.445,240.818,242.25,243.729,245.235,246.75,248.246,249.699,251.08,252.366,253.541,254.602,255.571,256.508,257.527,258.826,260.727
25020.0,206.129,193.422,182.329,173.482,167.056,163.088,161.516,162.186,164.848,169.162,174.72,181.089,187.852,194.662,201.252,207.428,213.042,217.97,222.104,225.358,227.699,229.174,229.938,230.247,230.41,230.689,231.204,231.931,232.784,233.708,234.698,235.765,236.913,238.141,239.445,240.818,242.25,243.729,245.235,246.75,248.246,249.699,251.08,252.366,253.541,254.602,255.571,256.508,257.527,258.826,260.727
25080.0,207.562,194.776,183.571,174.584,167.998,163.86,162.118,162.628,165.146,169.34,174.808,181.114,187.84,194.631,201.214,207.389,213.006,217.939,222.077,225.337,227.684,229.165,229.933,230.246,230.411,230.69,231.205,231.931,232.783,233.708,234.698,235.765,236.913,238.141,239.445,240.818,242.25,243.729,245.235,246.75,248.246,249.699,251.08,252.366,253.541,254.602,255.571,256.508,257.527,258.826,260.727
25140.0,208.979,196.117,184.805,175.681,168.938,164.632,162.723,163.073,165.448,169.523,174.899,181.142,187.83,194.602,201.177,207.351,212.97,217.907,222.05,225.315,227.668,229.155,229.928,230.244,230.411,230.691,231.205,231.931,232.783,233.708,234.698,235.765,236.913,238.141,239.445,240.818,242.25,243.729,245.235,246.749,248.246,249.699,251.08,252.366,253.541,254.602,255.571,256.508,257.527,258.826,260.727
25200.0,210.381,197.447,186.031,176.773,169.876,165.405,163.33,163.522,165.755,169.71,174.994,181.172,187.821,194.573,201.14,207.313,212.935,217.875,222.023,225.294,227.653,229.146,229.924,230.243,230.412,230.692,231.206,231.931,232.783,233.708,234.698,235.765,236.913,238.141,239.445,240.818,242.25,243.729,245.235,246.749,248.246,249.699,251.08,252.366,253.541,254.602,255.571,256.508,257.527,258.826,260.727
25260.0,211.769,198.765,187.248,177.86,170.812,166.179,163.939,163.974,166.065,169.901,175.092,181.205,187.814,194.544,201.104,207.275,212.899,217.843,221.996,225.273,227.638,229.136,229.919,230.242,230.412,230.692,231.206,231.931,232.783,233.707,234.698,235.765,236.913,238.141,239.445,240.818,242.25,243.729,245.235,246.749,248.246,249.699,251.08,252.366,253.541,254.602,255.571,256.508,257.527,258.826,260.727
25320.0,213.142,200.072,188.457,178.942,171.746,166.953,164.551,164.43,166.38,170.097,175.194,181.241,187.808,194.517,201.067,207.238,212.863,217.811,221.969,225.252,227.622,229.126,229.914,230.24,230.413,230.693,231.207,231.931,232.783,233.707,234.698,235.765,236.913,238.141,239.445,240.818,242.25,243.729,245.235,246.749,248.246,249.699,251.08,252.366,253.541,254.602,255.571,256.508,257.527,258.826,260.727
25380.0,214.5,201.367,189.658,180.019,172.678,167.727,165.165,164.889,166.699,170.296,175.299,181.279,187.804,194.491,201.032,207.2,212.828,217.78,221.942,225.23,227.607,229.117,229.909,230.239,230.413,230.694,231.207,231.931,232.783,233.707,234.698,235.765,236.913,238.141,239.445,240.818,242.25,243.728,245.235,246.749,248.246,249.699,251.08,252.366,253.541,254.602,255.571,256.508,257.527,258.826,260.727
25440.0,215.845,202.651,190.85,181.091,173.607,168.502,165.781,165.352,167.022,170.499,175.407,181.319,187.802,194.465,200.996,207.163,212.792,217.748,221.916,225.209,227.592,229.107,229.905,230.238,230.414,230.695,231.208,231.931,232.783,233.707,234.698,235.765,236.913,238.141,239.445,240.818,242.25,243.728,245.235,246.749,248.246,249.699,251.08,252.366,253.541,254.602,255.571,256.508,257.527,258.826,260.727
25500.0,217.176,203.924,192.035,182.158,174.535,169.276,166.399,165.818,167.348,170.706,175.519,181.362,187.801,194.44,200.962,207.126,212.757,217.716,221.889,225.188,227.576,229.097,229.9,230.236,230.414,230.696,231.208,231.932,232.783,233.707,234.698,235.765,236.913,238.141,239.445,240.818,242.25,243.728,245.235,246.749,248.246,249.699,251.08,252.366,253.541,254.602,255.571,256.508,257.527,258.826,260.727
25560.0,218.494,205.186,193.211,183.22,175.46,170.051,167.018,166.287,167.679,170.916,175.634,181.408,187.802,194.417,200.927,207.089,212.722,217.685,221.862,225.167,227.561,229.088,229.895,230.235,230.415,230.697,231.209,231.932,232.783,233.707,234.698,235.765,236.913,238.141,239.445,240.818,242.25,243.728,245.235,246.749,248.246,249.699,251.08,252.366,253.541,254.602,255.571,256.508,257.527,258.826,260.727
25620.0,219.798,206.438,194.38,184.277,176.382,170.825,167.64,166.759,168.013,171.131,175.752,181.456,187.805,194.394,200.893,207.052,212.686,217.653,221.835,225.145,227.546,229.078,229.89,230.234,230.415,230.697,231.209,231.932,232.783,233.707,234.697,235.765,236.913,238.141,239.445,240.818,242.25,243.728,245.235,246.749,248.246,249.699,251.08,252.366,253.541,254.602,255.571,256.508,257.527,258.826,260.727
25680.0,221.09,207.679,195.541,185.329,177.303,171.6,168.263,167.233,168.35,171.349,175.874,181.507,187.809,194.372,200.86,207.016,212.651,217.621,221.808,225.124,227.53,229.068,229.885,230.232,230.415,230.698,231.21,231.932,232.783,233.707,234.697,235.764,236.913,238.141,239.445,240.818,242.25,243.728,245.235,246.749,248.246,249.699,251.08,252.366,253.541,254.602,255.571,256.508,257.527,258.826,260.727
25740.0,222.369,208.91,196.694,186.376,178.22,172.374,168.887,167.711,168.691,171.57,175.999,181.56,187.815,194.351,200.827,206.979,212.616,217.59,221.782,225.103,227.515,229.059,229.88,230.231,230.416,230.699,231.21,231.932,232.783,233.707,234.697,235.764,236.913,238.141,239.445,240.818,242.25,243.728,245.235,246.749,248.246,249.699,251.08,252.366,253.541,254.602,255.571,256.508,257.527,258.826,260.727
25800.0,223.636,210.13,197.84,187.418,179.136,173.148,169.514,168.191,169.035,171.795,176.127,181.616,187.823,194.332,200.794,206.943,212.581,217.558,221.755,225.081,227.499,229.049,229.876,230.229,230.416,230.7,231.211,231.932,232.783,233.707,234.697,235.764,236.913,238.141,239.445,240.818,242.25,243.728,245.235,246.749,248.246,249.699,251.08,252.366,253.541,254.602,255.571,256.508,257.527,258.826,260.727
25860.0,224.891,211.341,198.978,188.455,180.049,173.922,170.141,168.674,169.383,172.024,176.258,181.674,187.832,194.313,200.762,206.907,212.546,217.527,221.728,225.06,227.484,229.039,229.871,230.228,230.417,230.701,231.211,231.932,232.783,233.707,234.697,235.764,236.913,238.141,239.445,240.818,242.25,243.728,245.235,246.749,248.246,249.699,251.08,252.366,253.541,254.602,255.571,256.508,257.527,258.826,260.727
25920.0,226.133,212.541,200.109,189.487,180.96,174.695,170.77,169.16,169.733,172.256,176.392,181.735,187.843,194.295,200.731,206.871,212.511,217.495,221.701,225.039,227.468,229.029,229.866,230.227,230.417,230.701,231.212,231.932,232.783,233.707,234.697,235.764,236.913,238.141,239.445,240.818,242.25,243.728,245.235,246.749,248.246,249.699,251.08,252.366,253.541,254.602,255.571,256.508,257.527,258.826,260.727
25980.0,227.364,213.732,201.232,190.514,181.868,175.468,171.4,169.647,170.087,172.491,176.529,181.798,187.856,194.278,200.7,206.836,212.476,217.464,221.675,225.018,227.453,229.02,229.861,230.225,230.417,230.702,231.212,231.932,232.783,233.707,234.697,235.764,236.913,238.141,239.444,240.817,242.25,243.728,245.235,246.749,248.246,249.699,251.08,252.366,253.541,254.601,255.571,256.508,257.527,258.826,260.727
26040.0,228.583,214.913,202.348,191.537,182.773,176.241,172.032,170.138,170.444,172.729,176.67,181.863,187.871,194.263,200.669,206.801,212.442,217.433,221.648,224.996,227.438,229.01,229.856,230.224,230.418,230.703,231.213,231.933,232.782,233.707,234.697,235.764,236.912,238.141,239.444,240.817,242.25,243.728,245.235,246.749,248.246,249.699,251.08,252.366,253.541,254.601,255.571,256.508,257.527,258.826,260.727
26100.0,229.791,216.085,203.456,192.554,183.676,177.013,172.664,170.63,170.804,172.971,176.813,181.931,187.887,194.248,200.639,206.766,212.407,217.401,221.621,224.975,227.422,229.0,229.851,230.222,230.418,230.704,231.213,231.933,232.782,233.706,234.697,235.764,236.912,238.141,239.444,240.817,242.25,243.728,245.235,246.749,248.246,249.699,251.08,252.366,253.541,254.601,255.571,256.508,257.527,258.826,260.727
26160.0,230.988,217.247,204.558,193.567,184.577,177.784,173.298,171.125,171.167,173.216,176.959,182.002,187.905,194.235,200.61,206.731,212.373,217.37,221.594,224.954,227.407,228.99,229.846,230.221,230.418,230.705,231.213,231.933,232.782,233.706,234.697,235.764,236.912,238.14,239.444,240.817,242.25,243.728,245.235,246.749,248.246,249.699,251.08,252.366,253.541,254.601,255.571,256.508,257.527,258.826,260.727
26220.0,232.174,218.4,205.652,194.575,185.474,178.555,173.932,171.622,171.533,173.464,177.108,182.075,187.925,194.222,200.581,206.696,212.338,217.339,221.568,224.933,227.391,228.98,229.841,230.219,230.419,230.705,231.214,231.933,232.782,233.706,234.697,235.764,236.912,238.14,239.444,240.817,242.25,243.728,245.235,246.749,248.246,249.699,251.08,252.366,253.541,254.601,255.571,256.508,257.527,258.826,260.727
26280.0,233.349,219.544,206.739,195.578,186.37,179.325,174.567,172.121,171.902,173.715,177.26,182.15,187.946,194.211,200.553,206.662,212.304,217.307,221.541,224.911,227.376,228.97,229.836,230.218,230.419,230.706,231.214,231.933,232.782,233.706,234.697,235.764,236.912,238.14,239.444,240.817,242.25,243.728,245.235,246.749,248.246,249.698,251.08,252.366,253.541,254.601,255.571,256.508,257.527,258.826,260.727
26340.0,234.513,220.679,207.82,196.576,187.262,180.094,175.204,172.622,172.273,173.969,177.415,182.228,187.97,194.2,200.526,206.628,212.27,217.276,221.514,224.89,227.36,228.96,229.831,230.216,230.419,230.707,231.215,231.933,232.782,233.706,234.697,235.764,236.912,238.14,239.444,240.817,242.25,243.728,245.235,246.749,248.246,249.698,251.08,252.366,253.541,254.601,255.571,256.508,257.527,258.826,260.727
26400.0,235.667,221.805,208.893,197.57,188.152,180.863,175.841,173.125,172.647,174.226,177.573,182.308,187.995,194.191,200.499,206.594,212.236,217.245,221.488,224.869,227.345,228.951,229.826,230.215,230.42,230.708,231.215,231.933,232.782,233.706,234.697,235.764,236.912,238.14,239.444,240.817,242.25,243.728,245.235,246.749,248.246,249.698,251.08,252.366,253.541,254.601,255.571,256.508,257.527,258.826,260.727
26460.0,236.81,222.922,209.959,198.558,189.039,181.631,176.479,173.63,173.024,174.486,177.733,182.39,188.022,194.183,200.472,206.561,212.202,217.214,221.461,224.847,227.329,228.941,229.821,230.213,230.42,230.708,231.216,231.933,232.782,233.706,234.697,235.764,236.912,238.14,239.444,240.817,242.25,243.728,245.235,246.749,248.246,249.698,251.08,252.366,253.541,254.601,255.571,256.508,257.527,258.826,260.727
26520.0,237.944,224.031,211.019,199.542,189.924,182.398,177.117,174.137,173.403,174.749,177.897,182.475,188.05,194.176,200.447,206.528,212.168,217.183,221.434,224.826,227.314,228.931,229.816,230.211,230.42,230.709,231.216,231.933,232.782,233.706,234.697,235.764,236.912,238.14,239.444,240.817,242.25,243.728,245.235,246.749,248.246,249.698,251.08,252.366,253.541,254.601,255.571,256.508,257.527,258.826,260.727
26580.0,239.067,225.131,212.072,200.521,190.806,183.164,177.756,174.645,173.785,175.014,178.063,182.562,188.08,194.171,200.422,206.495,212.134,217.152,221.408,224.805,227.298,228.921,229.811,230.21,230.421,230.71,231.217,231.934,232.782,233.706,234.697,235.764,236.912,238.14,239.444,240.817,242.249,243.728,245.235,246.749,248.246,249.698,251.08,252.366,253.54,254.601,255.571,256.508,257.527,258.826,260.727
26640.0,240.181,226.222,213.118,201.496,191.685,183.929,178.396,175.156,174.169,175.283,178.231,182.651,188.112,194.166,200.397,206.463,212.101,217.121,221.381,224.784,227.282,228.911,229.805,230.208,230.421,230.711,231.217,231.934,232.782,233.706,234.697,235.764,236.912,238.14,239.444,240.817,242.249,243.728,245.235,246.749,248.246,249.698,251.08,252.366,253.54,254.601,255.571,256.508,257.527,258.826,260.727
26700.0,241.284,227.305,214.157,202.465,192.561,184.693,179.037,175.668,174.555,175.554,178.403,182.743,188.146,194.163,200.374,206.43,212.067,217.09,221.355,224.762,227.267,228.901,229.8,230.207,230.421,230.711,231.218,231.934,232.782,233.706,234.696,235.764,236.912,238.14,239.444,240.817,242.249,243.728,245.235,246.749,248.246,249.698,251.08,252.366,253.54,254.601,255.571,256.508,257.527,258.826,260.727
26760.0,242.379,228.38,215.19,203.43,193.434,185.457,179.677,176.181,174.944,175.827,178.577,182.837,188.182,194.16,200.35,206.399,212.034,217.059,221.328,224.741,227.251,228.891,229.795,230.205,230.421,230.712,231.218,231.934,232.782,233.706,234.696,235.764,236.912,238.14,239.444,240.817,242.249,243.728,245.235,246.749,248.246,249.698,251.08,252.366,253.54,254.601,255.571,256.508,257.527,258.826,260.727
26820.0,243.463,229.447,216.216,204.391,194.305,186.219,180.318,176.696,175.336,176.104,178.753,182.933,188.219,194.159,200.328,206.367,212.001,217.028,221.302,224.72,227.236,228.881,229.79,230.203,230.422,230.713,231.219,231.934,232.782,233.706,234.696,235.764,236.912,238.14,239.444,240.817,242.249,243.728,245.234,246.749,248.246,249.698,251.08,252.366,253.54,254.601,255.571,256.508,257.527,258.826,260.727
26880.0,244.539,230.505,217.236,205.346,195.173,186.98,180.96,177.213,175.729,176.383,178.933,183.032,188.258,194.159,200.306,206.336,211.968,216.997,221.275,224.699,227.22,228.871,229.785,230.202,230.422,230.714,231.219,231.934,232.782,233.706,234.696,235.764,236.912,238.14,239.444,240.817,242.249,243.728,245.234,246.749,248.246,249.698,251.08,252.366,253.54,254.601,255.571,256.508,257.527,258.826,260.727
26940.0,245.605,231.556,218.25,206.297,196.038,187.74,181.602,177.731,176.125,176.664,179.114,183.133,188.299,194.161,200.285,206.305,211.935,216.967,221.248,224.677,227.205,228.861,229.78,230.2,230.422,230.714,231.22,231.934,232.782,233.705,234.696,235.763,236.912,238.14,239.444,240.817,242.249,243.728,245.234,246.749,248.245,249.698,251.08,252.366,253.54,254.601,255.571,256.508,257.527,258.826,260.727
27000.0,246.662,232.599,219.257,207.244,196.9,188.499,182.244,178.25,176.522,176.948,179.299,183.236,188.342,194.163,200.265,206.275,211.902,216.936,221.222,224.656,227.189,228.851,229.774,230.198,230.422,230.715,231.22,231.934,232.782,233.705,234.696,235.763,236.912,238.14,239.444,240.817,242.249,243.728,245.234,246.749,248.245,249.698,251.08,252.366,253.54,254.601,255.571,256.508,257.527,258.826,260.727
27060.0,247.711,233.633,220.257,208.185,197.76,189.256,182.887,178.771,176.922,177.235,179.485,183.341,188.386,194.167,200.245,206.244,211.87,216.905,221.196,224.635,227.173,228.841,229.769,230.197,230.422,230.716,231.221,231.934,232.781,233.705,234.696,235.763,236.912,238.14,239.444,240.817,242.249,243.727,245.234,246.749,248.245,249.698,251.08,252.366,253.54,254.601,255.571,256.508,257.527,258.826,260.727
27120.0,248.75,234.661,221.251,209.123,198.616,190.013,183.529,179.293,177.324,177.524,179.675,183.448,188.432,194.172,200.226,206.215,211.837,216.875,221.169,224.614,227.158,228.831,229.764,230.195,230.423,230.717,231.221,231.935,232.781,233.705,234.696,235.763,236.912,238.14,239.444,240.817,242.249,243.727,245.234,246.749,248.245,249.698,251.08,252.366,253.54,254.601,255.571,256.508,257.527,258.826,260.727
27180.0,249.781,235.68,222.24,210.055,199.47,190.768,184.172,179.817,177.728,177.815,179.866,183.558,188.48,194.178,200.208,206.185,211.805,216.844,221.143,224.592,227.142,228.821,229.759,230.193,230.423,230.717,231.222,231.935,232.781,233.705,234.696,235.763,236.912,238.14,239.444,240.817,242.249,243.727,245.234,246.748,248.245,249.698,251.08,252.366,253.54,254.601,255.571,256.508,257.527,258.826,260.727
27240.0,250.803,236.692,223.221,210.983,200.321,191.522,184.815,180.341,178.134,178.109,180.06,183.67,188.529,194.185,200.191,206.156,211.773,216.814,221.116,224.571,227.127,228.81,229.753,230.191,230.423,230.718,231.222,231.935,232.781,233.705,234.696,235.763,236.912,238.14,239.444,240.817,242.249,243.727,245.234,246.748,248.245,249.698,251.08,252.366,253.54,254.601,255.571,256.508,257.527,258.826,260.727
27300.0,251.817,237.696,224.197,211.906,201.169,192.275,185.458,180.867,178.542,178.405,180.257,183.784,188.58,194.193,200.174,206.128,211.741,216.783,221.09,224.55,227.111,228.8,229.748,230.19,230.423,230.719,231.223,231.935,232.781,233.705,234.696,235.763,236.911,238.14,239.444,240.817,242.249,243.727,245.234,246.748,248.245,249.698,251.08,252.366,253.54,254.601,255.571,256.508,257.527,258.826,260.727
27360.0,252.822,238.693,225.167,212.825,202.013,193.026,186.101,181.394,178.952,178.703,180.456,183.9,188.633,194.203,200.158,206.099,211.709,216.753,221.063,224.528,227.095,228.79,229.743,230.188,230.423,230.72,231.223,231.935,232.781,233.705,234.696,235.763,236.911,238.14,239.443,240.817,242.249,243.727,245.234,246.748,248.245,249.698,251.08,252.366,253.54,254.601,255.571,256.508,257.527,258.826,260.727
27420.0,253.819,239.683,226.13,213.739,202.855,193.776,186.745,181.922,179.363,179.004,180.657,184.018,188.688,194.214,200.143,206.072,211.678,216.723,221.037,224.507,227.08,228.78,229.737,230.186,230.424,230.72,231.224,231.935,232.781,233.705,234.696,235.763,236.911,238.14,239.443,240.817,242.249,243.727,245.234,246.748,248.245,249.698,251.08,252.366,253.54,254.601,255.571,256.508,257.527,258.826,260.727
27480.0,254.808,240.666,227.088,214.649,203.694,194.524,187.388,182.451,179.776,179.306,180.86,184.138,188.744,194.226,200.128,206.044,211.646,216.693,221.011,224.486,227.064,228.77,229.732,230.184,230.424,230.721,231.224,231.935,232.781,233.705,234.696,235.763,236.911,238.14,239.443,240.816,242.249,243.727,245.234,246.748,248.245,249.698,251.08,252.366,253.54,254.601,255.571,256.508,257.527,258.826,260.727
27540.0,255.789,241.641,228.039,215.554,204.531,195.271,188.031,182.981,180.191,179.611,181.066,184.26,188.802,194.239,200.115,206.017,211.615,216.663,220.984,224.465,227.048,228.76,229.727,230.182,230.424,230.722,231.225,231.935,232.781,233.705,234.696,235.763,236.911,238.139,239.443,240.816,242.249,243.727,245.234,246.748,248.245,249.698,251.08,252.366,253.54,254.601,255.571,256.508,257.527,258.826,260.727
27600.0,256.762,242.609,228.984,216.454,205.364,196.017,188.673,183.512,180.608,179.918,181.274,184.385,188.862,194.254,200.102,205.99,211.584,216.633,220.958,224.443,227.033,228.75,229.721,230.181,230.424,230.722,231.225,231.936,232.781,233.705,234.696,235.763,236.911,238.139,239.443,240.816,242.249,243.727,245.234,246.748,248.245,249.698,251.08,252.366,253.54,254.601,255.571,256.508,257.527,258.826,260.727
27660.0,257.727,243.57,229.924,217.35,206.194,196.761,189.316,184.044,181.027,180.227,181.484,184.511,188.923,194.27,200.089,205.964,211.553,216.603,220.932,224.422,227.017,228.739,229.716,230.179,230.424,230.723,231.226,231.936,232.781,233.705,234.696,235.763,236.911,238.139,239.443,240.816,242.249,243.727,245.234,246.748,248.245,249.698,251.08,252.366,253.54,254.601,255.571,256.508,257.527,258.826,260.727
27720.0,258.685,244.524,230.858,218.242,207.021,197.504,189.959,184.577,181.447,180.539,181.696,184.64,188.986,194.287,200.078,205.938,211.523,216.573,220.906,224.401,227.001,228.729,229.711,230.177,230.424,230.724,231.226,231.936,232.781,233.704,234.696,235.763,236.911,238.139,239.443,240.816,242.249,243.727,245.234,246.748,248.245,249.698,251.08,252.366,253.54,254.601,255.571,256.508,257.527,258.826,260.727
27780.0,259.634,245.471,231.786,219.129,207.845,198.245,190.601,185.11,181.868,180.852,181.91,184.77,189.051,194.305,200.067,205.913,211.492,216.543,220.88,224.38,226.986,228.719,229.705,230.175,230.424,230.724,231.227,231.936,232.781,233.704,234.695,235.763,236.911,238.139,239.443,240.816,242.249,243.727,245.234,246.748,248.245,249.698,251.079,252.366,253.54,254.601,255.571,256.508,257.527,258.826,260.727
27840.0,260.576,246.412,232.708,220.012,208.666,198.985,191.243,185.645,182.291,181.167,182.127,184.903,189.118,194.324,200.058,205.888,211.462,216.513,220.853,224.359,226.97,228.709,229.7,230.173,230.425,230.725,231.227,231.936,232.781,233.704,234.695,235.763,236.911,238.139,239.443,240.816,242.249,243.727,245.234,246.748,248.245,249.698,251.079,252.366,253.54,254.601,255.571,256.508,257.527,258.826,260.727
27900.0,261.511,247.345,233.624,220.89,209.484,199.723,191.885,186.18,182.716,181.484,182.346,185.037,189.186,194.345,200.049,205.864,211.432,216.484,220.827,224.337,226.954,228.698,229.694,230.171,230.425,230.726,231.228,231.936,232.781,233.704,234.695,235.763,236.911,238.139,239.443,240.816,242.249,243.727,245.234,246.748,248.245,249.698,251.079,252.366,253.54,254.601,255.571,256.508,257.527,258.826,260.727
27960.0,262.438,248.272,234.535,221.764,210.299,200.459,192.526,186.716,183.142,181.803,182.567,185.174,189.256,194.367,200.04,205.84,211.403,216.454,220.801,224.316,226.938,228.688,229.689,230.169,230.425,230.727,231.228,231.936,232.781,233.704,234.695,235.763,236.911,238.139,239.443,240.816,242.249,243.727,245.234,246.748,248.245,249.698,251.079,252.366,253.54,254.601,255.571,256.508,257.527,258.826,260.727
28020.0,263.358,249.192,235.44,222.633,211.111,201.194,193.167,187.252,183.57,182.124,182.79,185.312,189.327,194.39,200.033,205.816,211.373,216.425,220.775,224.295,226.923,228.678,229.683,230.167,230.425,230.727,231.228,231.936,232.781,233.704,234.695,235.763,236.911,238.139,239.443,240.816,242.249,243.727,245.234,246.748,248.245,249.698,251.079,252.366,253.54,254.601,255.571,256.508,257.527,258.826,260.728
28080.0,264.27,250.106,236.339,223.498,211.92,201.927,193.808,187.789,183.999,182.447,183.014,185.453,189.4,194.415,200.027,205.793,211.344,216.396,220.749,224.274,226.907,228.668,229.678,230.165,230.425,230.728,231.229,231.937,232.781,233.704,234.695,235.763,236.911,238.139,239.443,240.816,242.249,243.727,245.234,246.748,248.245,249.698,251.079,252.366,253.54,254.601,255.571,256.508,257.527,258.826,260.728
28140.0,265.175,251.013,237.233,224.358,212.726,202.658,194.448,188.327,184.43,182.772,183.241,185.595,189.475,194.44,200.021,205.771,211.315,216.366,220.723,224.253,226.891,228.657,229.672,230.164,230.425,230.729,231.229,231.937,232.781,233.704,234.695,235.762,236.911,238.139,239.443,240.816,242.248,243.727,245.234,246.748,248.245,249.698,251.079,252.366,253.54,254.601,255.571,256.508,257.527,258.826,260.728
28200.0,266.074,251.913,238.121,225.214,213.529,203.388,195.088,188.866,184.861,183.098,183.47,185.739,189.551,194.467,200.016,205.748,211.286,216.337,220.697,224.231,226.875,228.647,229.667,230.162,230.425,230.729,231.23,231.937,232.781,233.704,234.695,235.762,236.911,238.139,239.443,240.816,242.248,243.727,245.234,246.748,248.245,249.698,251.079,252.366,253.54,254.601,255.571,256.508,257.527,258.826,260.728
28260.0,266.965,252.808,239.004,226.066,214.329,204.116,195.727,189.405,185.294,183.427,183.701,185.886,189.629,194.495,200.012,205.727,211.257,216.308,220.671,224.21,226.86,228.637,229.661,230.16,230.425,230.73,231.23,231.937,232.78,233.704,234.695,235.762,236.911,238.139,239.443,240.816,242.248,243.727,245.234,246.748,248.245,249.698,251.079,252.366,253.54,254.601,255.571,256.508,257.527,258.826,260.728
28320.0,267.849,253.695,239.881,226.913,215.126,204.842,196.366,189.944,185.729,183.757,183.934,186.034,189.709,194.525,200.008,205.706,211.229,216.279,220.645,224.189,226.844,228.626,229.656,230.158,230.425,230.731,231.231,231.937,232.78,233.704,234.695,235.762,236.911,238.139,239.443,240.816,242.248,243.727,245.234,246.748,248.245,249.698,251.079,252.366,253.54,254.601,255.571,256.508,257.527,258.826,260.728
28380.0,268.726,254.577,240.753,227.756,215.919,205.566,197.004,190.484,186.164,184.089,184.169,186.184,189.79,194.556,200.006,205.685,211.201,216.25,220.619,224.168,226.828,228.616,229.65,230.156,230.425,230.731,231.231,231.937,232.78,233.704,234.695,235.762,236.911,238.139,239.443,240.816,242.248,243.727,245.234,246.748,248.245,249.698,251.079,252.366,253.54,254.601,255.571,256.508,257.527,258.826,260.728
28440.0,269.597,255.452,241.619,228.595,216.71,206.289,197.642,191.024,186.601,184.422,184.406,186.335,189.873,194.587,200.004,205.665,211.173,216.222,220.593,224.147,226.812,228.606,229.645,230.154,230.425,230.732,231.232,231.937,232.78,233.704,234.695,235.762,236.911,238.139,239.443,240.816,242.248,243.727,245.234,246.748,248.245,249.698,251.079,252.366,253.54,254.601,255.571,256.508,257.527,258.826,260.728
28500.0,270.461,256.321,242.48,229.429,217.497,207.01,198.279,191.565,187.039,184.757,184.644,186.489,189.957,194.62,200.004,205.645,211.145,216.193,220.568,224.125,226.797,228.595,229.639,230.152,230.425,230.733,231.232,231.938,232.78,233.704,234.695,235.762,236.911,238.139,239.443,240.816,242.248,243.727,245.234,246.748,248.245,249.698,251.079,252.366,253.54,254.601,255.571,256.508,257.527,258.826,260.728
28560.0,271.318,257.184,243.335,230.259,218.282,207.729,198.915,192.106,187.478,185.094,184.884,186.644,190.043,194.655,200.004,205.626,211.118,216.164,220.542,224.104,226.781,228.585,229.633,230.149,230.425,230.733,231.233,231.938,232.78,233.703,234.695,235.762,236.911,238.139,239.443,240.816,242.248,243.727,245.234,246.748,248.245,249.698,251.079,252.366,253.54,254.601,255.571,256.508,257.527,258.826,260.728
28620.0,272.169,258.041,244.186,231.084,219.063,208.446,199.551,192.648,187.919,185.433,185.127,186.802,190.131,194.69,200.005,205.607,211.09,216.136,220.516,224.083,226.765,228.575,229.628,230.147,230.425,230.734,231.233,231.938,232.78,233.703,234.695,235.762,236.91,238.139,239.443,240.816,242.248,243.727,245.234,246.748,248.245,249.698,251.079,252.366,253.54,254.601,255.571,256.508,257.527,258.826,260.728
28680.0,273.013,258.892,245.03,231.906,219.841,209.161,200.186,193.189,188.36,185.773,185.371,186.961,190.22,194.727,200.006,205.589,211.064,216.108,220.49,224.062,226.749,228.564,229.622,230.145,230.425,230.734,231.234,231.938,232.78,233.703,234.695,235.762,236.91,238.139,239.443,240.816,242.248,243.727,245.233,246.748,248.245,249.698,251.079,252.365,253.54,254.601,255.571,256.508,257.527,258.826,260.728
28740.0,273.85,259.737,245.87,232.723,220.616,209.874,200.82,193.731,188.802,186.114,185.617,187.122,190.311,194.765,200.009,205.571,211.037,216.08,220.465,224.041,226.733,228.554,229.616,230.143,230.425,230.735,231.234,231.938,232.78,233.703,234.695,235.762,236.91,238.139,239.443,240.816,242.248,243.726,245.233,246.748,248.245,249.698,251.079,252.365,253.54,254.601,255.571,256.508,257.527,258.826,260.728
28800.0,274.681,260.575,246.704,233.536,221.388,210.585,201.454,194.274,189.246,186.457,185.864,187.284,190.403,194.805,200.013,205.554,211.011,216.051,220.439,224.02,226.718,228.543,229.611,230.141,230.425,230.736,231.235,231.938,232.78,233.703,234.695,235.762,236.91,238.139,239.442,240.816,242.248,243.726,245.233,246.748,248.245,249.698,251.079,252.365,253.54,254.601,255.571,256.508,257.527,258.826,260.728
28860.0,275.506,261.408,247.534,234.344,222.156,211.295,202.086,194.816,189.69,186.802,186.114,187.449,190.497,194.845,200.017,205.537,210.985,216.024,220.413,223.999,226.702,228.533,229.605,230.139,230.425,230.736,231.235,231.938,232.78,233.703,234.694,235.762,236.91,238.138,239.442,240.816,242.248,243.726,245.233,246.748,248.245,249.698,251.079,252.365,253.54,254.601,255.571,256.508,257.527,258.826,260.728
28920.0,276.324,262.235,248.358,235.148,222.922,212.002,202.718,195.359,190.136,187.148,186.365,187.615,190.593,194.887,200.022,205.521,210.959,215.996,220.388,223.978,226.686,228.522,229.599,230.137,230.425,230.737,231.236,231.938,232.78,233.703,234.694,235.762,236.91,238.138,239.442,240.815,242.248,243.726,245.233,246.748,248.245,249.697,251.079,252.365,253.54,254.601,255.571,256.508,257.527,258.826,260.728
28980.0,277.137,263.057,249.177,235.948,223.684,212.708,203.349,195.902,190.582,187.496,186.618,187.782,190.69,194.93,200.028,205.506,210.933,215.968,220.362,223.956,226.67,228.512,229.594,230.135,230.425,230.738,231.236,231.939,232.78,233.703,234.694,235.762,236.91,238.138,239.442,240.815,242.248,243.726,245.233,246.748,248.245,249.697,251.079,252.365,253.54,254.601,255.571,256.508,257.527,258.826,260.728
29040.0,277.943,263.872,249.99,236.744,224.443,213.411,203.979,196.445,191.029,187.845,186.872,187.952,190.788,194.974,200.035,205.491,210.908,215.94,220.337,223.935,226.654,228.501,229.588,230.133,230.425,230.738,231.237,231.939,232.78,233.703,234.694,235.762,236.91,238.138,239.442,240.815,242.248,243.726,245.233,246.748,248.245,249.697,251.079,252.365,253.54,254.601,255.571,256.508,257.527,258.826,260.728
29100.0,278.743,264.682,250.799,237.536,225.199,214.113,204.609,196.988,191.477,188.195,187.128,188.123,190.888,195.019,200.043,205.476,210.883,215.913,220.312,223.914,226.639,228.491,229.582,230.131,230.425,230.739,231.237,231.939,232.78,233.703,234.694,235.762,236.91,238.138,239.442,240.815,242.248,243.726,245.233,246.748,248.245,249.697,251.079,252.365,253.54,254.601,255.571,256.508,257.527,258.826,260.728
29160.0,279.537,265.486,251.603,238.323,225.952,214.812,205.237,197.531,191.926,188.547,187.386,188.296,190.99,195.066,200.052,205.462,210.858,215.886,220.286,223.893,226.623,228.48,229.576,230.128,230.425,230.739,231.238,231.939,232.78,233.703,234.694,235.762,236.91,238.138,239.442,240.815,242.248,243.726,245.233,246.748,248.245,249.697,251.079,252.365,253.54,254.601,255.571,256.508,257.527,258.826,260.728
29220.0,280.324,266.285,252.401,239.106,226.702,215.509,205.864,198.074,192.376,188.9,187.646,188.471,191.093,195.114,200.061,205.449,210.834,215.859,220.261,223.872,226.607,228.47,229.571,230.126,230.424,230.74,231.238,231.939,232.78,233.703,234.694,235.762,236.91,238.138,239.442,240.815,242.248,243.726,245.233,246.747,248.245,249.697,251.079,252.365,253.54,254.601,255.571,256.508,257.527,258.826,260.728
29280.0,281.106,267.078,253.195,239.885,227.448,216.205,206.491,198.617,192.826,189.254,187.907,188.647,191.198,195.163,200.072,205.436,210.81,215.831,220.236,223.851,226.591,228.459,229.565,230.124,230.424,230.741,231.238,231.939,232.78,233.703,234.694,235.762,236.91,238.138,239.442,240.815,242.248,243.726,245.233,246.747,248.244,249.697,251.079,252.365,253.54,254.601,255.571,256.508,257.527,258.826,260.728
29340.0,281.882,267.865,253.984,240.66,228.192,216.898,207.116,199.16,193.278,189.61,188.169,188.825,191.304,195.214,200.083,205.424,210.786,215.805,220.211,223.83,226.575,228.449,229.559,230.122,230.424,230.741,231.239,231.939,232.78,233.703,234.694,235.762,236.91,238.138,239.442,240.815,242.248,243.726,245.233,246.747,248.244,249.697,251.079,252.365,253.54,254.601,255.571,256.508,257.527,258.826,260.728
29400.0,282.653,268.647,254.768,241.431,228.932,217.589,207.741,199.704,193.729,189.967,188.434,189.004,191.412,195.265,200.095,205.412,210.763,215.778,220.186,223.809,226.559,228.438,229.553,230.12,230.424,230.742,231.239,231.94,232.78,233.702,234.694,235.761,236.91,238.138,239.442,240.815,242.248,243.726,245.233,246.747,248.244,249.697,251.079,252.365,253.54,254.601,255.571,256.508,257.527,258.826,260.728
29460.0,283.417,269.424,255.546,242.197,229.669,218.278,208.364,200.247,194.182,190.325,188.699,189.186,191.521,195.318,200.109,205.401,210.74,215.751,220.16,223.788,226.543,228.428,229.547,230.117,230.424,230.742,231.24,231.94,232.78,233.702,234.694,235.761,236.91,238.138,239.442,240.815,242.248,243.726,245.233,246.747,248.244,249.697,251.079,252.365,253.54,254.601,255.571,256.508,257.527,258.826,260.728
29520.0,284.176,270.195,256.32,242.96,230.403,218.965,208.986,200.789,194.636,190.684,188.967,189.368,191.631,195.372,200.123,205.39,210.717,215.725,220.135,223.767,226.528,228.417,229.542,230.115,230.424,230.743,231.24,231.94,232.78,233.702,234.694,235.761,236.91,238.138,239.442,240.815,242.248,243.726,245.233,246.747,248.244,249.697,251.079,252.365,253.54,254.601,255.571,256.508,257.527,258.826,260.728
29580.0,284.928,270.961,257.09,243.718,231.133,219.65,209.607,201.332,195.09,191.045,189.235,189.553,191.743,195.427,200.137,205.38,210.694,215.698,220.11,223.746,226.512,228.406,229.536,230.113,230.424,230.744,231.241,231.94,232.78,233.702,234.694,235.761,236.91,238.138,239.442,240.815,242.248,243.726,245.233,246.747,248.244,249.697,251.079,252.365,253.54,254.601,255.571,256.508,257.527,258.826,260.728
29640.0,285.676,271.721,257.854,244.472,231.861,220.332,210.227,201.875,195.544,191.407,189.506,189.739,191.857,195.483,200.153,205.371,210.672,215.672,220.086,223.725,226.496,228.396,229.53,230.11,230.423,230.744,231.241,231.94,232.779,233.702,234.694,235.761,236.91,238.138,239.442,240.815,242.248,243.726,245.233,246.747,248.244,249.697,251.079,252.365,253.54,254.601,255.571,256.508,257.527,258.826,260.728
29700.0,286.417,272.476,258.613,245.222,232.585,221.012,210.846,202.417,195.999,191.77,189.777,189.926,191.972,195.541,200.17,205.362,210.65,215.646,220.061,223.704,226.48,228.385,229.524,230.108,230.423,230.745,231.242,231.94,232.779,233.702,234.694,235.761,236.91,238.138,239.442,240.815,242.247,243.726,245.233,246.747,248.244,249.697,251.079,252.365,253.54,254.601,255.571,256.508,257.527,258.826,260.728
29760.0,287.154,273.226,259.368,245.968,233.306,221.691,211.464,202.959,196.455,192.134,190.051,190.115,192.088,195.6,200.187,205.354,210.629,215.62,220.036,223.683,226.464,228.375,229.518,230.106,230.423,230.745,231.242,231.94,232.779,233.702,234.694,235.761,236.91,238.138,239.442,240.815,242.247,243.726,245.233,246.747,248.244,249.697,251.079,252.365,253.54,254.601,255.571,256.508,257.527,258.826,260.728
29820.0,287.884,273.97,260.118,246.71,234.024,222.367,212.081,203.501,196.911,192.499,190.325,190.306,192.206,195.66,200.206,205.346,210.608,215.595,220.011,223.662,226.448,228.364,229.512,230.104,230.423,230.746,231.243,231.941,232.779,233.702,234.694,235.761,236.91,238.138,239.442,240.815,242.247,243.726,245.233,246.747,248.244,249.697,251.079,252.365,253.54,254.601,255.571,256.508,257.527,258.826,260.728
29880.0,288.609,274.71,260.863,247.448,234.738,223.04,212.696,204.043,197.368,192.865,190.601,190.498,192.325,195.721,200.225,205.339,210.587,215.569,219.987,223.642,226.432,228.353,229.506,230.101,230.423,230.746,231.243,231.941,232.779,233.702,234.694,235.761,236.91,238.138,239.442,240.815,242.247,243.726,245.233,246.747,248.244,249.697,251.079,252.365,253.54,254.601,255.571,256.508,257.527,258.826,260.728
29940.0,289.329,275.444,261.604,248.182,235.45,223.712,213.31,204.585,197.826,193.233,190.879,190.691,192.446,195.783,200.245,205.332,210.566,215.544,219.962,223.621,226.416,228.343,229.5,230.099,230.423,230.747,231.244,231.941,232.779,233.702,234.693,235.761,236.909,238.138,239.442,240.815,242.247,243.726,245.233,246.747,248.244,249.697,251.079,252.365,253.54,254.601,255.571,256.508,257.527,258.826,260.728
30000.0,290.043,276.173,262.34,248.912,236.158,224.381,213.923,205.126,198.283,193.601,191.158,190.886,192.568,195.847,200.267,205.326,210.546,215.518,219.937,223.6,226.401,228.332,229.494,230.097,230.422,230.747,231.244,231.941,232.779,233.702,234.693,235.761,236.909,238.138,239.442,240.815,242.247,243.726,245.233,246.747,248.244,249.697,251.079,252.365,253.54,254.601,255.571,256.508,257.527,258.826,260.728
30060.0,290.752,276.897,263.071,249.638,236.863,225.048,214.535,205.666,198.742,193.97,191.438,191.083,192.692,195.912,200.289,205.321,210.526,215.493,219.913,223.579,226.385,228.321,229.488,230.094,230.422,230.748,231.244,231.941,232.779,233.702,234.693,235.761,236.909,238.138,239.442,240.815,242.247,243.726,245.233,246.747,248.244,249.697,251.079,252.365,253.54,254.601,255.571,256.508,257.527,258.826,260.728
30120.0,291.456,277.616,263.798,250.36,237.565,225.713,215.145,206.207,199.2,194.341,191.719,191.281,192.816,195.978,200.312,205.316,210.507,215.469,219.889,223.558,226.369,228.311,229.482,230.092,230.422,230.749,231.245,231.941,232.779,233.702,234.693,235.761,236.909,238.138,239.442,240.815,242.247,243.726,245.233,246.747,248.244,249.697,251.079,252.365,253.54,254.601,255.571,256.508,257.527,258.826,260.728
30180.0,292.155,278.33,264.52,251.078,238.263,226.375,215.754,206.747,199.659,194.712,192.002,191.48,192.943,196.045,200.335,205.312,210.487,215.444,219.864,223.537,226.353,228.3,229.476,230.089,230.422,230.749,231.245,231.941,232.779,233.702,234.693,235.761,236.909,238.137,239.441,240.815,242.247,243.726,245.233,246.747,248.244,249.697,251.079,252.365,253.54,254.601,255.571,256.508,257.527,258.826,260.728
30240.0,292.848,279.04,265.237,251.791,238.959,227.035,216.362,207.286,200.119,195.084,192.286,191.681,193.07,196.113,200.36,205.308,210.469,215.419,219.84,223.517,226.337,228.289,229.47,230.087,230.421,230.75,231.246,231.942,232.779,233.702,234.693,235.761,236.909,238.137,239.441,240.815,242.247,243.726,245.233,246.747,248.244,249.697,251.079,252.365,253.54,254.601,255.571,256.508,257.527,258.826,260.728
30300.0,293.536,279.744,265.95,252.501,239.651,227.693,216.968,207.825,200.578,195.457,192.571,191.883,193.199,196.183,200.386,205.305,210.45,215.395,219.816,223.496,226.321,228.278,229.464,230.085,230.421,230.75,231.246,231.942,232.779,233.701,234.693,235.761,236.909,238.137,239.441,240.815,242.247,243.726,245.233,246.747,248.244,249.697,251.079,252.365,253.54,254.601,255.571,256.508,257.527,258.826,260.728
30360.0,294.219,280.443,266.658,253.207,240.34,228.349,217.573,208.364,201.038,195.831,192.858,192.087,193.33,196.253,200.412,205.303,210.432,215.371,219.792,223.475,226.305,228.268,229.458,230.082,230.421,230.751,231.247,231.942,232.779,233.701,234.693,235.761,236.909,238.137,239.441,240.815,242.247,243.726,245.233,246.747,248.244,249.697,251.079,252.365,253.54,254.601,255.571,256.508,257.527,258.826,260.728
30420.0,294.897,281.137,267.362,253.909,241.026,229.002,218.176,208.902,201.499,196.206,193.146,192.292,193.462,196.325,200.44,205.301,210.414,215.347,219.768,223.455,226.289,228.257,229.452,230.08,230.421,230.751,231.247,231.942,232.779,233.701,234.693,235.761,236.909,238.137,239.441,240.814,242.247,243.725,245.233,246.747,248.244,249.697,251.079,252.365,253.54,254.601,255.571,256.508,257.527,258.826,260.728
30480.0,295.569,281.827,268.062,254.607,241.708,229.653,218.778,209.44,201.959,196.582,193.435,192.498,193.595,196.398,200.468,205.3,210.397,215.323,219.744,223.434,226.273,228.246,229.446,230.077,230.42,230.752,231.248,231.942,232.779,233.701,234.693,235.761,236.909,238.137,239.441,240.814,242.247,243.725,245.232,246.747,248.244,249.697,251.079,252.365,253.54,254.601,255.571,256.508,257.527,258.826,260.728
30540.0,296.237,282.511,268.757,255.301,242.388,230.301,219.379,209.977,202.42,196.959,193.725,192.706,193.729,196.473,200.497,205.3,210.38,215.299,219.72,223.413,226.258,228.235,229.44,230.075,230.42,230.752,231.248,231.942,232.779,233.701,234.693,235.761,236.909,238.137,239.441,240.814,242.247,243.725,245.232,246.747,248.244,249.697,251.079,252.365,253.54,254.601,255.571,256.508,257.527,258.826,260.728
30600.0,296.9,283.191,269.447,255.992,243.064,230.947,219.978,210.513,202.881,197.336,194.017,192.915,193.865,196.548,200.527,205.3,210.363,215.276,219.696,223.393,226.242,228.225,229.434,230.072,230.42,230.753,231.249,231.943,232.779,233.701,234.693,235.761,236.909,238.137,239.441,240.814,242.247,243.725,245.232,246.747,248.244,249.697,251.079,252.365,253.54,254.601,255.571,256.508,257.527,258.826,260.728
30660.0,297.558,283.867,270.133,256.678,243.737,231.591,220.576,211.049,203.342,197.714,194.31,193.126,194.002,196.624,200.558,205.301,210.347,215.253,219.672,223.372,226.226,228.214,229.428,230.07,230.419,230.753,231.249,231.943,232.779,233.701,234.693,235.76,236.909,238.137,239.441,240.814,242.247,243.725,245.232,246.747,248.244,249.697,251.079,252.365,253.54,254.601,255.571,256.508,257.527,258.826,260.728
30720.0,298.211,284.537,270.815,257.361,244.406,232.232,221.172,211.584,203.803,198.093,194.603,193.338,194.14,196.702,200.59,205.302,210.331,215.229,219.649,223.351,226.21,228.203,229.422,230.067,230.419,230.754,231.249,231.943,232.779,233.701,234.693,235.76,236.909,238.137,239.441,240.814,242.247,243.725,245.232,246.747,248.244,249.697,251.079,252.365,253.54,254.601,255.571,256.508,257.527,258.826,260.728
30780.0,298.859,285.203,271.492,258.039,245.073,232.871,221.767,212.119,204.265,198.473,194.898,193.551,194.28,196.781,200.623,205.304,210.315,215.207,219.625,223.331,226.194,228.192,229.416,230.065,230.419,230.754,231.25,231.943,232.779,233.701,234.693,235.76,236.909,238.137,239.441,240.814,242.247,243.725,245.232,246.747,248.244,249.697,251.079,252.365,253.54,254.601,255.571,256.508,257.527,258.826,260.728
30840.0,299.502,285.864,272.165,258.714,245.736,233.508,222.36,212.653,204.726,198.853,195.195,193.765,194.421,196.861,200.657,205.306,210.3,215.184,219.602,223.31,226.178,228.181,229.409,230.062,230.418,230.755,231.25,231.943,232.779,233.701,234.693,235.76,236.909,238.137,239.441,240.814,242.247,243.725,245.232,246.747,248.244,249.697,251.079,252.365,253.54,254.601,255.571,256.508,257.527,258.826,260.728
30900.0,300.14,286.52,272.834,259.385,246.397,234.142,222.952,213.186,205.188,199.234,195.492,193.981,194.563,196.942,200.691,205.31,210.285,215.161,219.578,223.29,226.162,228.171,229.403,230.06,230.418,230.755,231.251,231.943,232.779,233.701,234.693,235.76,236.909,238.137,239.441,240.814,242.247,243.725,245.232,246.747,248.244,249.697,251.078,252.365,253.54,254.601,255.571,256.508,257.527,258.826,260.728
30960.0,300.774,287.172,273.498,260.052,247.053,234.774,223.542,213.719,205.65,199.616,195.79,194.198,194.707,197.024,200.727,205.313,210.271,215.139,219.555,223.269,226.146,228.16,229.397,230.057,230.418,230.756,231.251,231.943,232.779,233.701,234.693,235.76,236.909,238.137,239.441,240.814,242.247,243.725,245.232,246.747,248.244,249.697,251.078,252.365,253.54,254.601,255.571,256.508,257.527,258.826,260.728
31020.0,301.403,287.819,274.159,260.715,247.707,235.403,224.131,214.251,206.111,199.999,196.089,194.417,194.852,197.107,200.763,205.318,210.257,215.117,219.532,223.249,226.13,228.149,229.391,230.055,230.417,230.756,231.252,231.944,232.779,233.701,234.692,235.76,236.909,238.137,239.441,240.814,242.247,243.725,245.232,246.747,248.244,249.697,251.078,252.365,253.54,254.601,255.571,256.508,257.527,258.826,260.728
31080.0,302.027,288.462,274.814,261.374,248.358,236.03,224.717,214.782,206.573,200.382,196.39,194.636,194.998,197.192,200.8,205.323,210.243,215.095,219.508,223.228,226.115,228.138,229.385,230.052,230.417,230.757,231.252,231.944,232.779,233.701,234.692,235.76,236.909,238.137,239.441,240.814,242.247,243.725,245.232,246.747,248.244,249.697,251.078,252.365,253.54,254.601,255.571,256.508,257.527,258.826,260.728
31140.0,302.647,289.1,275.466,262.03,249.005,236.654,225.303,215.312,207.035,200.765,196.691,194.857,195.145,197.278,200.839,205.329,210.23,215.074,219.485,223.208,226.099,228.127,229.378,230.049,230.417,230.757,231.253,231.944,232.779,233.7,234.692,235.76,236.909,238.137,239.441,240.814,242.247,243.725,245.232,246.747,248.244,249.697,251.078,252.365,253.54,254.601,255.571,256.508,257.527,258.826,260.728
31200.0,303.262,289.734,276.113,262.682,249.649,237.276,225.886,215.842,207.497,201.15,196.993,195.079,195.294,197.364,200.878,205.335,210.217,215.052,219.462,223.188,226.083,228.116,229.372,230.047,230.416,230.758,231.253,231.944,232.779,233.7,234.692,235.76,236.908,238.137,239.441,240.814,242.247,243.725,245.232,246.747,248.244,249.697,251.078,252.365,253.54,254.601,255.571,256.508,257.527,258.826,260.728
31260.0,303.872,290.364,276.757,263.33,250.29,237.895,226.468,216.371,207.959,201.535,197.297,195.302,195.444,197.452,200.918,205.342,210.205,215.031,219.44,223.167,226.067,228.105,229.366,230.044,230.416,230.758,231.254,231.944,232.779,233.7,234.692,235.76,236.908,238.137,239.441,240.814,242.246,243.725,245.232,246.746,248.244,249.697,251.078,252.365,253.54,254.601,255.571,256.508,257.527,258.826,260.728
31320.0,304.477,290.988,277.396,263.974,250.928,238.512,227.049,216.899,208.42,201.92,197.601,195.527,195.595,197.541,200.959,205.35,210.193,215.01,219.417,223.147,226.051,228.095,229.36,230.042,230.415,230.759,231.254,231.944,232.779,233.7,234.692,235.76,236.908,238.137,239.441,240.814,242.246,243.725,245.232,246.746,248.244,249.697,251.078,252.365,253.54,254.601,255.571,256.508,257.527,258.826,260.728
31380.0,305.079,291.609,278.031,264.615,251.563,239.127,227.628,217.426,208.882,202.306,197.907,195.752,195.747,197.631,201.0,205.358,210.181,214.989,219.394,223.127,226.035,228.084,229.353,230.039,230.415,230.759,231.254,231.944,232.779,233.7,234.692,235.76,236.908,238.137,239.441,240.814,242.246,243.725,245.232,246.746,248.244,249.697,251.078,252.365,253.54,254.601,255.571,256.508,257.527,258.826,260.728
31440.0,305.675,292.225,278.661,265.252,252.194,239.739,228.205,217.952,209.343,202.692,198.213,195.979,195.901,197.722,201.043,205.367,210.17,214.968,219.372,223.106,226.019,228.073,229.347,230.036,230.415,230.76,231.255,231.945,232.778,233.7,234.692,235.76,236.908,238.137,239.441,240.814,242.246,243.725,245.232,246.746,248.244,249.697,251.078,252.365,253.54,254.601,255.571,256.508,257.527,258.826,260.728
31500.0,306.267,292.837,279.288,265.885,252.822,240.349,228.78,218.477,209.805,203.079,198.52,196.207,196.056,197.815,201.087,205.377,210.159,214.948,219.349,223.086,226.003,228.062,229.341,230.034,230.414,230.76,231.255,231.945,232.778,233.7,234.692,235.76,236.908,238.137,239.441,240.814,242.246,243.725,245.232,246.746,248.244,249.697,251.078,252.365,253.54,254.601,255.571,256.508,257.527,258.826,260.728
31560.0,306.855,293.444,279.911,266.514,253.447,240.956,229.354,219.002,210.266,203.467,198.828,196.436,196.212,197.908,201.131,205.387,210.149,214.928,219.327,223.066,225.988,228.051,229.335,230.031,230.414,230.76,231.256,231.945,232.778,233.7,234.692,235.76,236.908,238.136,239.441,240.814,242.246,243.725,245.232,246.746,248.243,249.696,251.078,252.365,253.54,254.601,255.57,256.508,257.527,258.826,260.728
31620.0,307.438,294.047,280.529,267.14,254.069,241.56,229.925,219.525,210.727,203.854,199.137,196.666,196.369,198.002,201.176,205.398,210.139,214.908,219.305,223.046,225.972,228.04,229.328,230.028,230.413,230.761,231.256,231.945,232.778,233.7,234.692,235.76,236.908,238.136,239.44,240.814,242.246,243.725,245.232,246.746,248.243,249.696,251.078,252.365,253.54,254.601,255.57,256.508,257.527,258.826,260.728
31680.0,308.017,294.646,281.144,267.762,254.688,242.162,230.496,220.048,211.187,204.243,199.447,196.898,196.527,198.098,201.223,205.409,210.129,214.888,219.282,223.026,225.956,228.029,229.322,230.026,230.413,230.761,231.257,231.945,232.778,233.7,234.692,235.76,236.908,238.136,239.44,240.814,242.246,243.725,245.232,246.746,248.243,249.696,251.078,252.365,253.539,254.601,255.57,256.508,257.527,258.826,260.728
31740.0,308.591,295.24,281.754,268.38,255.304,242.762,231.064,220.569,211.648,204.631,199.758,197.13,196.687,198.195,201.27,205.421,210.12,214.869,219.26,223.006,225.94,228.018,229.316,230.023,230.412,230.762,231.257,231.945,232.778,233.7,234.692,235.76,236.908,238.136,239.44,240.814,242.246,243.725,245.232,246.746,248.243,249.696,251.078,252.365,253.539,254.601,255.57,256.508,257.527,258.826,260.728
31800.0,309.161,295.83,282.36,268.995,255.916,243.359,231.631,221.09,212.108,205.02,200.069,197.363,196.847,198.292,201.318,205.434,210.111,214.849,219.238,222.986,225.924,228.007,229.309,230.02,230.412,230.762,231.257,231.946,232.778,233.7,234.692,235.76,236.908,238.136,239.44,240.814,242.246,243.725,245.232,246.746,248.243,249.696,251.078,252.365,253.539,254.601,255.57,256.508,257.527,258.826,260.728
31860.0,309.727,296.417,282.963,269.606,256.525,243.953,232.195,221.609,212.568,205.41,200.381,197.598,197.009,198.391,201.367,205.448,210.103,214.83,219.217,222.966,225.908,227.996,229.303,230.017,230.411,230.763,231.258,231.946,232.778,233.7,234.692,235.76,236.908,238.136,239.44,240.814,242.246,243.725,245.232,246.746,248.243,249.696,251.078,252.365,253.539,254.601,255.57,256.508,257.527,258.826,260.728
31920.0,310.288,296.998,283.561,270.213,257.131,244.545,232.758,222.128,213.028,205.799,200.695,197.834,197.172,198.491,201.416,205.462,210.095,214.812,219.195,222.946,225.892,227.985,229.296,230.015,230.411,230.763,231.258,231.946,232.778,233.7,234.692,235.759,236.908,238.136,239.44,240.813,242.246,243.725,245.232,246.746,248.243,249.696,251.078,252.365,253.539,254.601,255.57,256.508,257.527,258.826,260.728
31980.0,310.845,297.576,284.156,270.817,257.734,245.135,233.32,222.646,213.488,206.189,201.009,198.07,197.336,198.592,201.467,205.476,210.087,214.793,219.173,222.926,225.877,227.974,229.29,230.012,230.41,230.763,231.259,231.946,232.778,233.7,234.692,235.759,236.908,238.136,239.44,240.813,242.246,243.725,245.232,246.746,248.243,249.696,251.078,252.365,253.539,254.601,255.57,256.508,257.527,258.826,260.728
32040.0,311.398,298.15,284.746,271.417,258.334,245.721,233.879,223.162,213.947,206.58,201.323,198.308,197.501,198.694,201.519,205.492,210.08,214.775,219.152,222.906,225.861,227.963,229.284,230.009,230.41,230.764,231.259,231.946,232.778,233.699,234.692,235.759,236.908,238.136,239.44,240.813,242.246,243.725,245.232,246.746,248.243,249.696,251.078,252.365,253.539,254.601,255.57,256.508,257.527,258.826,260.728
32100.0,311.947,298.719,285.333,272.014,258.931,246.306,234.436,223.677,214.406,206.97,201.639,198.547,197.668,198.797,201.571,205.508,210.073,214.757,219.13,222.886,225.845,227.952,229.277,230.006,230.409,230.764,231.26,231.946,232.778,233.699,234.691,235.759,236.908,238.136,239.44,240.813,242.246,243.725,245.232,246.746,248.243,249.696,251.078,252.365,253.539,254.601,255.57,256.508,257.527,258.826,260.728
32160.0,312.491,299.285,285.915,272.607,259.524,246.888,234.992,224.192,214.864,207.361,201.955,198.787,197.835,198.901,201.624,205.525,210.067,214.739,219.109,222.866,225.829,227.941,229.271,230.003,230.409,230.765,231.26,231.947,232.778,233.699,234.691,235.759,236.908,238.136,239.44,240.813,242.246,243.724,245.232,246.746,248.243,249.696,251.078,252.365,253.539,254.601,255.57,256.508,257.527,258.826,260.728
32220.0,313.032,299.846,286.494,273.196,260.115,247.467,235.546,224.705,215.322,207.752,202.272,199.028,198.004,199.006,201.679,205.542,210.061,214.721,219.088,222.847,225.813,227.93,229.264,230.001,230.408,230.765,231.26,231.947,232.778,233.699,234.691,235.759,236.908,238.136,239.44,240.813,242.246,243.724,245.232,246.746,248.243,249.696,251.078,252.365,253.539,254.601,255.57,256.508,257.527,258.826,260.728
32280.0,313.568,300.403,287.069,273.782,260.702,248.044,236.098,225.217,215.78,208.144,202.589,199.269,198.173,199.112,201.734,205.56,210.056,214.704,219.067,222.827,225.798,227.919,229.258,229.998,230.408,230.765,231.261,231.947,232.778,233.699,234.691,235.759,236.908,238.136,239.44,240.813,242.246,243.724,245.232,246.746,248.243,249.696,251.078,252.365,253.539,254.601,255.57,256.508,257.527,258.826,260.728
32340.0,314.1,300.956,287.64,274.364,261.286,248.618,236.648,225.728,216.237,208.535,202.908,199.512,198.344,199.22,201.79,205.579,210.051,214.687,219.046,222.807,225.782,227.908,229.251,229.995,230.407,230.766,231.261,231.947,232.778,233.699,234.691,235.759,236.908,238.136,239.44,240.813,242.246,243.724,245.231,246.746,248.243,249.696,251.078,252.365,253.539,254.601,255.57,256.508,257.527,258.826,260.728
32400.0,314.628,301.505,288.207,274.943,261.867,249.189,237.196,226.238,216.694,208.927,203.227,199.756,198.516,199.328,201.846,205.598,210.046,214.67,219.025,222.788,225.766,227.897,229.245,229.992,230.407,230.766,231.262,231.947,232.778,233.699,234.691,235.759,236.908,238.136,239.44,240.813,242.246,243.724,245.231,246.746,248.243,249.696,251.078,252.365,253.539,254.601,255.57,256.508,257.527,258.826,260.728
32460.0,315.152,302.051,288.771,275.518,262.445,249.758,237.743,226.746,217.15,209.319,203.546,200.001,198.689,199.437,201.904,205.618,210.042,214.653,219.004,222.768,225.75,227.886,229.238,229.989,230.406,230.767,231.262,231.947,232.778,233.699,234.691,235.759,236.908,238.136,239.44,240.813,242.246,243.724,245.231,246.746,248.243,249.696,251.078,252.365,253.539,254.601,255.57,256.508,257.527,258.826,260.728
32520.0,315.671,302.592,289.33,276.09,263.02,250.325,238.287,227.254,217.606,209.711,203.866,200.246,198.862,199.547,201.963,205.638,210.039,214.637,218.984,222.749,225.734,227.875,229.232,229.986,230.406,230.767,231.263,231.947,232.778,233.699,234.691,235.759,236.907,238.136,239.44,240.813,242.246,243.724,245.231,246.746,248.243,249.696,251.078,252.365,253.539,254.601,255.57,256.508,257.527,258.826,260.728
32580.0,316.187,303.129,289.886,276.658,263.591,250.888,238.829,227.76,218.061,210.103,204.187,200.493,199.037,199.659,202.022,205.66,210.036,214.621,218.963,222.729,225.719,227.864,229.225,229.983,230.405,230.767,231.263,231.948,232.778,233.699,234.691,235.759,236.907,238.136,239.44,240.813,242.246,243.724,245.231,246.746,248.243,249.696,251.078,252.364,253.539,254.601,255.57,256.508,257.527,258.826,260.728
32640.0,316.699,303.663,290.438,277.222,264.16,251.45,239.37,228.265,218.516,210.496,204.509,200.74,199.213,199.771,202.082,205.682,210.033,214.605,218.943,222.71,225.703,227.853,229.219,229.981,230.404,230.768,231.263,231.948,232.778,233.699,234.691,235.759,236.907,238.136,239.44,240.813,242.246,243.724,245.231,246.746,248.243,249.696,251.078,252.364,253.539,254.601,255.57,256.508,257.527,258.826,260.728
32700.0,317.207,304.192,290.986,277.784,264.725,252.008,239.909,228.769,218.971,210.888,204.831,200.988,199.39,199.884,202.143,205.704,210.03,214.589,218.923,222.69,225.687,227.842,229.212,229.978,230.404,230.768,231.264,231.948,232.778,233.699,234.691,235.759,236.907,238.136,239.44,240.813,242.246,243.724,245.231,246.746,248.243,249.696,251.078,252.364,253.539,254.601,255.57,256.508,257.527,258.826,260.728
32760.0,317.711,304.718,291.531,278.341,265.288,252.565,240.445,229.271,219.424,211.281,205.153,201.238,199.568,199.999,202.205,205.728,210.029,214.574,218.903,222.671,225.672,227.831,229.206,229.975,230.403,230.768,231.264,231.948,232.778,233.699,234.691,235.759,236.907,238.136,239.44,240.813,242.246,243.724,245.231,246.746,248.243,249.696,251.078,252.364,253.539,254.601,255.57,256.508,257.527,258.826,260.728
32820.0,318.21,305.239,292.072,278.895,265.847,253.118,240.98,229.772,219.878,211.673,205.476,201.488,199.748,200.114,202.268,205.752,210.027,214.559,218.883,222.652,225.656,227.82,229.199,229.972,230.403,230.769,231.265,231.948,232.778,233.699,234.691,235.759,236.907,238.136,239.44,240.813,242.246,243.724,245.231,246.746,248.243,249.696,251.078,252.364,253.539,254.601,255.57,256.508,257.527,258.826,260.728
32880.0,318.706,305.757,292.609,279.446,266.403,253.669,241.513,230.272,220.33,212.066,205.8,201.739,199.928,200.23,202.332,205.776,210.026,214.544,218.863,222.633,225.64,227.809,229.193,229.969,230.402,230.769,231.265,231.948,232.778,233.699,234.691,235.759,236.907,238.135,239.44,240.813,242.245,243.724,245.231,246.746,248.243,249.696,251.078,252.364,253.539,254.601,255.57,256.508,257.527,258.826,260.728
32940.0,319.198,306.271,293.143,279.993,266.956,254.217,242.043,230.771,220.782,212.458,206.124,201.991,200.109,200.348,202.397,205.801,210.026,214.53,218.843,222.613,225.624,227.797,229.186,229.966,230.401,230.769,231.266,231.949,232.778,233.698,234.691,235.759,236.907,238.135,239.44,240.813,242.245,243.724,245.231,246.746,248.243,249.696,251.078,252.364,253.539,254.601,255.57,256.508,257.527,258.826,260.728
33000.0,319.687,306.781,293.672,280.537,267.506,254.763,242.572,231.268,221.233,212.851,206.449,202.243,200.291,200.466,202.462,205.827,210.025,214.515,218.824,222.594,225.609,227.786,229.179,229.963,230.401,230.77,231.266,231.949,232.778,233.698,234.691,235.759,236.907,238.135,239.439,240.813,242.245,243.724,245.231,246.746,248.243,249.696,251.078,252.364,253.539,254.601,255.57,256.508,257.527,258.826,260.728
33060.0,320.171,307.288,294.199,281.078,268.053,255.306,243.099,231.764,221.684,213.244,206.774,202.497,200.474,200.585,202.528,205.854,210.026,214.501,218.804,222.575,225.593,227.775,229.173,229.96,230.4,230.77,231.266,231.949,232.778,233.698,234.691,235.759,236.907,238.135,239.439,240.813,242.245,243.724,245.231,246.746,248.243,249.696,251.078,252.364,253.539,254.601,255.57,256.508,257.527,258.826,260.728
33120.0,320.651,307.791,294.721,281.615,268.597,255.847,243.623,232.259,222.134,213.636,207.1,202.751,200.658,200.705,202.596,205.881,210.027,214.488,218.785,222.556,225.577,227.764,229.166,229.957,230.399,230.771,231.267,231.949,232.778,233.698,234.69,235.758,236.907,238.135,239.439,240.813,242.245,243.724,245.231,246.746,248.243,249.696,251.078,252.364,253.539,254.601,255.57,256.508,257.527,258.826,260.728
33180.0,321.128,308.289,295.24,282.149,269.138,256.385,244.146,232.752,222.584,214.029,207.426,203.006,200.843,200.826,202.664,205.909,210.028,214.474,218.766,222.537,225.562,227.753,229.16,229.954,230.399,230.771,231.267,231.949,232.778,233.698,234.69,235.758,236.907,238.135,239.439,240.813,242.245,243.724,245.231,246.746,248.243,249.696,251.078,252.364,253.539,254.601,255.57,256.508,257.527,258.826,260.728
33240.0,321.601,308.785,295.755,282.679,269.676,256.92,244.667,233.244,223.032,214.421,207.752,203.262,201.029,200.949,202.732,205.938,210.03,214.461,218.747,222.518,225.546,227.742,229.153,229.951,230.398,230.771,231.268,231.949,232.778,233.698,234.69,235.758,236.907,238.135,239.439,240.813,242.245,243.724,245.231,246.746,248.243,249.696,251.078,252.364,253.539,254.601,255.57,256.508,257.527,258.826,260.728
33300.0,322.07,309.276,296.267,283.206,270.21,257.453,245.185,233.735,223.48,214.813,208.079,203.518,201.215,201.072,202.802,205.967,210.032,214.448,218.728,222.499,225.531,227.731,229.146,229.948,230.397,230.771,231.268,231.95,232.778,233.698,234.69,235.758,236.907,238.135,239.439,240.813,242.245,243.724,245.231,246.745,248.243,249.696,251.078,252.364,253.539,254.601,255.57,256.508,257.527,258.826,260.728
33360.0,322.535,309.764,296.775,283.729,270.742,257.983,245.702,234.224,223.928,215.206,208.407,203.776,201.403,201.196,202.873,205.997,210.034,214.435,218.709,222.481,225.515,227.72,229.14,229.945,230.397,230.772,231.268,231.95,232.778,233.698,234.69,235.758,236.907,238.135,239.439,240.813,242.245,243.724,245.231,246.745,248.243,249.696,251.078,252.364,253.539,254.601,255.57,256.508,257.527,258.826,260.728
33420.0,322.997,310.248,297.28,284.249,271.271,258.511,246.217,234.711,224.374,215.598,208.734,204.034,201.592,201.321,202.944,206.027,210.037,214.423,218.69,222.462,225.499,227.709,229.133,229.942,230.396,230.772,231.269,231.95,232.778,233.698,234.69,235.758,236.907,238.135,239.439,240.812,242.245,243.724,245.231,246.745,248.243,249.696,251.078,252.364,253.539,254.601,255.57,256.508,257.527,258.826,260.728
33480.0,323.455,310.728,297.781,284.766,271.796,259.036,246.729,235.198,224.82,215.99,209.062,204.292,201.781,201.447,203.016,206.058,210.041,214.411,218.672,222.443,225.484,227.697,229.126,229.939,230.395,230.772,231.269,231.95,232.778,233.698,234.69,235.758,236.907,238.135,239.439,240.812,242.245,243.724,245.231,246.745,248.243,249.696,251.078,252.364,253.539,254.601,255.57,256.508,257.527,258.826,260.728
33540.0,323.909,311.205,298.278,285.28,272.319,259.558,247.24,235.683,225.265,216.381,209.391,204.552,201.972,201.573,203.089,206.09,210.045,214.399,218.654,222.425,225.468,227.686,229.12,229.936,230.394,230.773,231.27,231.95,232.778,233.698,234.69,235.758,236.907,238.135,239.439,240.812,242.245,243.724,245.231,246.745,248.243,249.696,251.078,252.364,253.539,254.601,255.57,256.508,257.527,258.826,260.728
33600.0,324.359,311.678,298.772,285.79,272.839,260.078,247.748,236.166,225.709,216.773,209.72,204.812,202.163,201.701,203.163,206.123,210.05,214.387,218.636,222.406,225.453,227.675,229.113,229.933,230.394,230.773,231.27,231.95,232.778,233.698,234.69,235.758,236.907,238.135,239.439,240.812,242.245,243.724,245.231,246.745,248.243,249.696,251.078,252.364,253.539,254.6,255.57,256.508,257.527,258.826,260.728
33660.0,324.806,312.148,299.263,286.297,273.355,260.595,248.254,236.648,226.152,217.165,210.049,205.073,202.356,201.83,203.238,206.156,210.054,214.376,218.618,222.388,225.437,227.664,229.106,229.93,230.393,230.773,231.27,231.951,232.778,233.698,234.69,235.758,236.907,238.135,239.439,240.812,242.245,243.724,245.231,246.745,248.243,249.696,251.078,252.364,253.539,254.6,255.57,256.508,257.527,258.827,260.728
33720.0,325.249,312.614,299.75,286.8,273.869,261.11,248.759,237.128,226.595,217.556,210.378,205.334,202.549,201.96,203.313,206.19,210.06,214.365,218.6,222.369,225.422,227.653,229.099,229.926,230.392,230.774,231.271,231.951,232.778,233.698,234.69,235.758,236.907,238.135,239.439,240.812,242.245,243.724,245.231,246.745,248.243,249.696,251.078,252.364,253.539,254.6,255.57,256.508,257.527,258.827,260.728
33780.0,325.689,313.076,300.233,287.301,274.379,261.622,249.261,237.608,227.036,217.947,210.708,205.597,202.743,202.09,203.39,206.224,210.066,214.355,218.582,222.351,225.406,227.642,229.093,229.923,230.391,230.774,231.271,231.951,232.778,233.698,234.69,235.758,236.906,238.135,239.439,240.812,242.245,243.724,245.231,246.745,248.243,249.696,251.078,252.364,253.539,254.6,255.57,256.508,257.527,258.827,260.728
33840.0,326.125,313.535,300.713,287.798,274.887,262.131,249.761,238.085,227.477,218.338,211.038,205.86,202.938,202.221,203.467,206.26,210.072,214.344,218.564,222.333,225.391,227.63,229.086,229.92,230.391,230.774,231.272,231.951,232.778,233.698,234.69,235.758,236.906,238.135,239.439,240.812,242.245,243.723,245.231,246.745,248.242,249.696,251.078,252.364,253.539,254.6,255.57,256.508,257.527,258.827,260.728
33900.0,326.557,313.99,301.19,288.292,275.392,262.638,250.259,238.561,227.917,218.728,211.368,206.123,203.133,202.354,203.545,206.295,210.079,214.334,218.547,222.314,225.375,227.619,229.079,229.917,230.39,230.774,231.272,231.951,232.778,233.697,234.69,235.758,236.906,238.135,239.439,240.812,242.245,243.723,245.231,246.745,248.242,249.696,251.078,252.364,253.539,254.6,255.57,256.508,257.527,258.827,260.728
33960.0,326.986,314.442,301.663,288.782,275.893,263.143,250.755,239.036,228.356,219.118,211.698,206.387,203.33,202.487,203.624,206.332,210.086,214.324,218.53,222.296,225.36,227.608,229.072,229.914,230.389,230.775,231.272,231.951,232.778,233.697,234.69,235.758,236.906,238.135,239.439,240.812,242.245,243.723,245.231,246.745,248.242,249.696,251.078,252.364,253.539,254.6,255.57,256.508,257.527,258.827,260.728
34020.0,327.411,314.891,302.133,289.269,276.392,263.644,251.248,239.509,228.795,219.508,212.029,206.652,203.527,202.621,203.703,206.369,210.094,214.315,218.513,222.278,225.344,227.597,229.065,229.911,230.388,230.775,231.273,231.952,232.778,233.697,234.69,235.758,236.906,238.135,239.439,240.812,242.245,243.723,245.231,246.745,248.242,249.696,251.078,252.364,253.539,254.6,255.57,256.508,257.527,258.827,260.728
34080.0,327.833,315.335,302.599,289.754,276.888,264.143,251.74,239.98,229.232,219.898,212.36,206.917,203.725,202.756,203.784,206.407,210.102,214.306,218.496,222.26,225.329,227.586,229.059,229.908,230.388,230.775,231.273,231.952,232.778,233.697,234.69,235.758,236.906,238.135,239.439,240.812,242.245,243.723,245.231,246.745,248.242,249.696,251.077,252.364,253.539,254.6,255.57,256.508,257.527,258.827,260.728
34140.0,328.251,315.777,303.062,290.234,277.38,264.64,252.23,240.45,229.668,220.287,212.691,207.183,203.924,202.892,203.865,206.445,210.111,214.297,218.479,222.242,225.314,227.575,229.052,229.904,230.387,230.776,231.274,231.952,232.778,233.697,234.69,235.758,236.906,238.135,239.439,240.812,242.245,243.723,245.231,246.745,248.242,249.696,251.077,252.364,253.539,254.6,255.57,256.508,257.527,258.827,260.728
34200.0,328.666,316.214,303.522,290.712,277.87,265.133,252.717,240.918,230.104,220.676,213.022,207.45,204.124,203.029,203.947,206.484,210.12,214.288,218.462,222.224,225.298,227.563,229.045,229.901,230.386,230.776,231.274,231.952,232.778,233.697,234.689,235.758,236.906,238.135,239.439,240.812,242.245,243.723,245.23,246.745,248.242,249.695,251.077,252.364,253.539,254.6,255.57,256.508,257.527,258.827,260.728
34260.0,329.077,316.649,303.978,291.186,278.357,265.625,253.202,241.385,230.538,221.065,213.354,207.717,204.325,203.166,204.03,206.524,210.13,214.28,218.446,222.206,225.283,227.552,229.038,229.898,230.385,230.776,231.274,231.952,232.778,233.697,234.689,235.758,236.906,238.134,239.439,240.812,242.245,243.723,245.23,246.745,248.242,249.695,251.077,252.364,253.539,254.6,255.57,256.508,257.527,258.827,260.728
34320.0,329.484,317.08,304.431,291.658,278.841,266.113,253.685,241.85,230.971,221.453,213.685,207.984,204.526,203.304,204.114,206.565,210.14,214.272,218.43,222.188,225.268,227.541,229.031,229.895,230.384,230.776,231.275,231.952,232.778,233.697,234.689,235.758,236.906,238.134,239.439,240.812,242.245,243.723,245.23,246.745,248.242,249.695,251.077,252.364,253.539,254.6,255.57,256.508,257.527,258.827,260.728
34380.0,329.889,317.507,304.881,292.126,279.322,266.599,254.167,242.314,231.404,221.841,214.017,208.252,204.728,203.444,204.198,206.606,210.15,214.264,218.413,222.171,225.252,227.53,229.025,229.892,230.383,230.777,231.275,231.953,232.778,233.697,234.689,235.757,236.906,238.134,239.438,240.812,242.245,243.723,245.23,246.745,248.242,249.695,251.077,252.364,253.539,254.6,255.57,256.508,257.527,258.827,260.728
34440.0,330.289,317.931,305.327,292.591,279.8,267.083,254.645,242.776,231.835,222.228,214.349,208.521,204.931,203.584,204.283,206.647,210.161,214.256,218.397,222.153,225.237,227.519,229.018,229.888,230.383,230.777,231.276,231.953,232.777,233.697,234.689,235.757,236.906,238.134,239.438,240.812,242.244,243.723,245.23,246.745,248.242,249.695,251.077,252.364,253.539,254.6,255.57,256.508,257.527,258.827,260.728
34500.0,330.687,318.352,305.77,293.052,280.275,267.564,255.122,243.236,232.266,222.615,214.681,208.79,205.134,203.725,204.369,206.69,210.173,214.249,218.382,222.136,225.222,227.508,229.011,229.885,230.382,230.777,231.276,231.953,232.777,233.697,234.689,235.757,236.906,238.134,239.438,240.812,242.244,243.723,245.23,246.745,248.242,249.695,251.077,252.364,253.539,254.6,255.57,256.508,257.527,258.827,260.728
34560.0,331.081,318.77,306.21,293.511,280.747,268.042,255.597,243.695,232.695,223.002,215.013,209.06,205.339,203.867,204.456,206.733,210.185,214.242,218.366,222.118,225.207,227.496,229.004,229.882,230.381,230.777,231.276,231.953,232.777,233.697,234.689,235.757,236.906,238.134,239.438,240.812,242.244,243.723,245.23,246.745,248.242,249.695,251.077,252.364,253.539,254.6,255.57,256.508,257.527,258.827,260.728
34620.0,331.471,319.184,306.646,293.966,281.217,268.518,256.069,244.152,233.124,223.388,215.345,209.33,205.544,204.009,204.544,206.777,210.197,214.236,218.35,222.101,225.191,227.485,228.997,229.878,230.38,230.777,231.277,231.953,232.777,233.697,234.689,235.757,236.906,238.134,239.438,240.812,242.244,243.723,245.23,246.745,248.242,249.695,251.077,252.364,253.539,254.6,255.57,256.508,257.527,258.827,260.728
34680.0,331.859,319.594,307.079,294.419,281.683,268.991,256.539,244.608,233.551,223.774,215.677,209.6,205.75,204.153,204.632,206.821,210.21,214.23,218.335,222.083,225.176,227.474,228.99,229.875,230.379,230.778,231.277,231.953,232.777,233.697,234.689,235.757,236.906,238.134,239.438,240.812,242.244,243.723,245.23,246.745,248.242,249.695,251.077,252.364,253.539,254.6,255.57,256.508,257.527,258.827,260.728
34740.0,332.242,320.002,307.509,294.868,282.146,269.462,257.008,245.062,233.977,224.159,216.01,209.871,205.956,204.297,204.721,206.866,210.224,214.224,218.32,222.066,225.161,227.463,228.983,229.872,230.378,230.778,231.278,231.954,232.777,233.697,234.689,235.757,236.906,238.134,239.438,240.812,242.244,243.723,245.23,246.745,248.242,249.695,251.077,252.364,253.539,254.6,255.57,256.508,257.527,258.827,260.728
34800.0,332.623,320.406,307.936,295.314,282.607,269.93,257.474,245.514,234.403,224.543,216.342,210.143,206.163,204.442,204.811,206.912,210.238,214.218,218.305,222.049,225.146,227.452,228.976,229.869,230.377,230.778,231.278,231.954,232.777,233.697,234.689,235.757,236.906,238.134,239.438,240.812,242.244,243.723,245.23,246.745,248.242,249.695,251.077,252.364,253.539,254.6,255.57,256.508,257.527,258.827,260.728
34860.0,333.0,320.806,308.36,295.757,283.065,270.395,257.937,245.964,234.827,224.928,216.674,210.415,206.371,204.588,204.902,206.958,210.252,214.213,218.29,222.032,225.131,227.44,228.969,229.865,230.376,230.778,231.278,231.954,232.777,233.696,234.689,235.757,236.906,238.134,239.438,240.811,242.244,243.723,245.23,246.745,248.242,249.695,251.077,252.364,253.539,254.6,255.57,256.508,257.527,258.827,260.728
34920.0,333.374,321.204,308.78,296.197,283.519,270.858,258.399,246.413,235.25,225.311,217.006,210.687,206.58,204.734,204.993,207.005,210.267,214.208,218.276,222.015,225.116,227.429,228.962,229.862,230.375,230.778,231.279,231.954,232.777,233.696,234.689,235.757,236.906,238.134,239.438,240.811,242.244,243.723,245.23,246.745,248.242,249.695,251.077,252.364,253.539,254.6,255.57,256.508,257.527,258.827,260.728
34980.0,333.744,321.598,309.197,296.634,283.971,271.318,258.858,246.861,235.672,225.694,217.339,210.96,206.789,204.882,205.086,207.052,210.282,214.203,218.261,221.998,225.101,227.418,228.955,229.859,230.375,230.779,231.279,231.954,232.777,233.696,234.689,235.757,236.906,238.134,239.438,240.811,242.244,243.723,245.23,246.745,248.242,249.695,251.077,252.364,253.539,254.6,255.57,256.508,257.527,258.827,260.728
35040.0,334.112,321.989,309.611,297.068,284.421,271.776,259.316,247.306,236.093,226.077,217.671,211.233,206.999,205.03,205.179,207.101,210.298,214.199,218.247,221.981,225.086,227.407,228.949,229.855,230.374,230.779,231.279,231.954,232.777,233.696,234.689,235.757,236.906,238.134,239.438,240.811,242.244,243.723,245.23,246.745,248.242,249.695,251.077,252.364,253.539,254.6,255.57,256.508,257.527,258.827,260.728
35100.0,334.475,322.377,310.021,297.498,284.867,272.231,259.771,247.75,236.512,226.459,218.003,211.506,207.21,205.179,205.272,207.15,210.315,214.195,218.233,221.964,225.071,227.396,228.942,229.852,230.373,230.779,231.28,231.955,232.777,233.696,234.689,235.757,236.905,238.134,239.438,240.811,242.244,243.723,245.23,246.745,248.242,249.695,251.077,252.364,253.539,254.6,255.57,256.508,257.527,258.827,260.728
35160.0,334.836,322.761,310.429,297.926,285.31,272.684,260.224,248.192,236.931,226.84,218.335,211.78,207.421,205.328,205.367,207.199,210.331,214.191,218.219,221.948,225.056,227.384,228.935,229.849,230.372,230.779,231.28,231.955,232.777,233.696,234.689,235.757,236.905,238.134,239.438,240.811,242.244,243.723,245.23,246.745,248.242,249.695,251.077,252.364,253.539,254.6,255.57,256.508,257.527,258.827,260.728
35220.0,335.194,323.142,310.833,298.351,285.751,273.134,260.674,248.633,237.348,227.221,218.667,212.054,207.633,205.479,205.462,207.249,210.349,214.188,218.205,221.931,225.041,227.373,228.928,229.845,230.371,230.779,231.281,231.955,232.777,233.696,234.689,235.757,236.905,238.134,239.438,240.811,242.244,243.723,245.23,246.745,248.242,249.695,251.077,252.364,253.539,254.6,255.57,256.508,257.527,258.827,260.728
35280.0,335.548,323.52,311.234,298.772,286.188,273.581,261.123,249.071,237.764,227.601,218.999,212.329,207.845,205.63,205.558,207.3,210.366,214.185,218.191,221.914,225.026,227.362,228.921,229.842,230.37,230.78,231.281,231.955,232.777,233.696,234.688,235.757,236.905,238.134,239.438,240.811,242.244,243.723,245.23,246.744,248.242,249.695,251.077,252.364,253.539,254.6,255.57,256.508,257.527,258.827,260.728
35340.0,335.899,323.895,311.632,299.191,286.623,274.026,261.569,249.508,238.179,227.981,219.331,212.603,208.058,205.782,205.655,207.351,210.385,214.182,218.178,221.898,225.011,227.351,228.914,229.838,230.369,230.78,231.281,231.955,232.777,233.696,234.688,235.757,236.905,238.134,239.438,240.811,242.244,243.723,245.23,246.744,248.242,249.695,251.077,252.364,253.539,254.6,255.57,256.508,257.527,258.827,260.728
35400.0,336.247,324.267,312.027,299.607,287.055,274.468,262.014,249.944,238.593,228.36,219.663,212.879,208.272,205.935,205.752,207.404,210.403,214.18,218.165,221.882,224.996,227.34,228.907,229.835,230.368,230.78,231.282,231.955,232.777,233.696,234.688,235.757,236.905,238.134,239.438,240.811,242.244,243.723,245.23,246.744,248.242,249.695,251.077,252.364,253.539,254.6,255.57,256.508,257.527,258.827,260.728
35460.0,336.591,324.635,312.419,300.019,287.485,274.908,262.456,250.377,239.006,228.738,219.995,213.154,208.486,206.088,205.85,207.456,210.423,214.177,218.152,221.865,224.981,227.329,228.9,229.831,230.367,230.78,231.282,231.956,232.777,233.696,234.688,235.757,236.905,238.134,239.438,240.811,242.244,243.723,245.23,246.744,248.242,249.695,251.077,252.364,253.539,254.6,255.57,256.508,257.527,258.827,260.728
35520.0,336.932,325.001,312.808,300.429,287.911,275.345,262.895,250.809,239.417,229.116,220.326,213.43,208.701,206.242,205.949,207.51,210.442,214.176,218.139,221.849,224.966,227.317,228.893,229.828,230.366,230.78,231.282,231.956,232.777,233.696,234.688,235.757,236.905,238.134,239.438,240.811,242.244,243.722,245.23,246.744,248.242,249.695,251.077,252.364,253.539,254.6,255.57,256.508,257.527,258.827,260.728
35580.0,337.271,325.363,313.193,300.835,288.335,275.78,263.333,251.239,239.827,229.493,220.657,213.706,208.916,206.397,206.049,207.564,210.463,214.174,218.126,221.833,224.952,227.306,228.886,229.825,230.365,230.78,231.283,231.956,232.777,233.696,234.688,235.756,236.905,238.133,239.438,240.811,242.244,243.722,245.23,246.744,248.242,249.695,251.077,252.364,253.539,254.6,255.57,256.508,257.527,258.827,260.728
35640.0,337.606,325.722,313.576,301.239,288.755,276.212,263.768,251.668,240.236,229.869,220.989,213.982,209.132,206.553,206.149,207.618,210.483,214.173,218.114,221.817,224.937,227.295,228.878,229.821,230.364,230.781,231.283,231.956,232.777,233.696,234.688,235.756,236.905,238.133,239.438,240.811,242.244,243.722,245.23,246.744,248.242,249.695,251.077,252.364,253.539,254.6,255.57,256.508,257.527,258.827,260.728
35700.0,337.938,326.078,313.956,301.64,289.173,276.642,264.202,252.094,240.644,230.245,221.32,214.259,209.349,206.709,206.251,207.673,210.504,214.172,218.102,221.801,224.922,227.284,228.871,229.818,230.363,230.781,231.283,231.956,232.777,233.696,234.688,235.756,236.905,238.133,239.438,240.811,242.244,243.722,245.23,246.744,248.242,249.695,251.077,252.364,253.539,254.6,255.57,256.508,257.527,258.827,260.728
35760.0,338.267,326.431,314.332,302.038,289.589,277.069,264.633,252.519,241.05,230.62,221.65,214.535,209.566,206.866,206.352,207.729,210.526,214.172,218.09,221.785,224.907,227.273,228.864,229.814,230.362,230.781,231.284,231.957,232.777,233.696,234.688,235.756,236.905,238.133,239.438,240.811,242.244,243.722,245.23,246.744,248.242,249.695,251.077,252.364,253.539,254.6,255.57,256.508,257.527,258.827,260.728
35820.0,338.592,326.781,314.706,302.433,290.001,277.493,265.062,252.942,241.456,230.994,221.981,214.812,209.783,207.023,206.455,207.786,210.548,214.172,218.078,221.77,224.893,227.262,228.857,229.811,230.361,230.781,231.284,231.957,232.777,233.695,234.688,235.756,236.905,238.133,239.437,240.811,242.244,243.722,245.23,246.744,248.242,249.695,251.077,252.364,253.539,254.6,255.57,256.508,257.527,258.827,260.728
35880.0,338.915,327.127,315.076,302.824,290.411,277.915,265.488,253.363,241.859,231.367,222.311,215.089,210.001,207.182,206.558,207.843,210.571,214.172,218.066,221.754,224.878,227.25,228.85,229.807,230.36,230.781,231.284,231.957,232.777,233.695,234.688,235.756,236.905,238.133,239.437,240.811,242.244,243.722,245.23,246.744,248.242,249.695,251.077,252.364,253.539,254.6,255.57,256.508,257.527,258.827,260.728
35940.0,339.234,327.471,315.443,303.213,290.818,278.335,265.913,253.783,242.262,231.74,222.642,215.367,210.22,207.341,206.662,207.901,210.594,214.172,218.054,221.738,224.864,227.239,228.843,229.804,230.359,230.781,231.285,231.957,232.777,233.695,234.688,235.756,236.905,238.133,239.437,240.811,242.244,243.722,245.23,246.744,248.242,249.695,251.077,252.364,253.539,254.6,255.57,256.508,257.527,258.827,260.728
36000.0,339.551,327.812,315.808,303.6,291.222,278.752,266.335,254.2,242.663,232.112,222.971,215.644,210.439,207.5,206.767,207.959,210.618,214.173,218.043,221.723,224.849,227.228,228.836,229.8,230.357,230.781,231.285,231.957,232.777,233.695,234.688,235.756,236.905,238.133,239.437,240.811,242.243,243.722,245.229,246.744,248.242,249.695,251.077,252.364,253.539,254.6,255.57,256.508,257.527,258.827,260.728
36060.0,339.864,328.149,316.169,303.983,291.623,279.166,266.755,254.616,243.063,232.483,223.301,215.922,210.659,207.661,206.872,208.018,210.642,214.174,218.032,221.708,224.835,227.217,228.829,229.797,230.356,230.781,231.286,231.957,232.777,233.695,234.688,235.756,236.905,238.133,239.437,240.811,242.243,243.722,245.229,246.744,248.242,249.695,251.077,252.364,253.539,254.6,255.57,256.508,257.527,258.827,260.728
36120.0,340.174,328.484,316.528,304.363,292.022,279.578,267.173,255.03,243.462,232.854,223.63,216.2,210.879,207.822,206.978,208.078,210.666,214.176,218.021,221.692,224.82,227.206,228.822,229.793,230.355,230.782,231.286,231.958,232.777,233.695,234.688,235.756,236.905,238.133,239.437,240.811,242.243,243.722,245.229,246.744,248.241,249.695,251.077,252.364,253.539,254.6,255.57,256.508,257.527,258.827,260.728
36180.0,340.481,328.815,316.883,304.74,292.418,279.987,267.588,255.443,243.859,233.223,223.96,216.478,211.099,207.983,207.085,208.138,210.691,214.177,218.01,221.677,224.806,227.195,228.815,229.79,230.354,230.782,231.286,231.958,232.777,233.695,234.688,235.756,236.905,238.133,239.437,240.811,242.243,243.722,245.229,246.744,248.241,249.695,251.077,252.364,253.539,254.6,255.57,256.508,257.527,258.827,260.728
36240.0,340.786,329.143,317.235,305.115,292.811,280.394,268.002,255.853,244.256,233.592,224.288,216.756,211.32,208.146,207.192,208.199,210.717,214.18,218.0,221.662,224.791,227.183,228.808,229.786,230.353,230.782,231.287,231.958,232.777,233.695,234.688,235.756,236.905,238.133,239.437,240.811,242.243,243.722,245.229,246.744,248.241,249.695,251.077,252.364,253.539,254.6,255.57,256.508,257.527,258.827,260.728
36300.0,341.087,329.469,317.585,305.487,293.202,280.799,268.413,256.262,244.65,233.96,224.617,217.035,211.542,208.309,207.3,208.26,210.743,214.182,217.989,221.647,224.777,227.172,228.8,229.782,230.352,230.782,231.287,231.958,232.777,233.695,234.687,235.756,236.905,238.133,239.437,240.811,242.243,243.722,245.229,246.744,248.241,249.695,251.077,252.364,253.539,254.6,255.57,256.508,257.527,258.827,260.728
36360.0,341.385,329.791,317.932,305.855,293.59,281.2,268.822,256.669,245.044,234.327,224.945,217.313,211.764,208.472,207.409,208.322,210.769,214.185,217.979,221.632,224.762,227.161,228.793,229.779,230.351,230.782,231.287,231.958,232.777,233.695,234.687,235.756,236.905,238.133,239.437,240.81,242.243,243.722,245.229,246.744,248.241,249.695,251.077,252.364,253.539,254.6,255.57,256.508,257.527,258.827,260.728
36420.0,341.68,330.111,318.275,306.221,293.975,281.6,269.229,257.074,245.436,234.693,225.273,217.592,211.986,208.636,207.518,208.385,210.796,214.188,217.969,221.617,224.748,227.15,228.786,229.775,230.35,230.782,231.288,231.958,232.777,233.695,234.687,235.756,236.904,238.133,239.437,240.81,242.243,243.722,245.229,246.744,248.241,249.695,251.077,252.363,253.539,254.6,255.57,256.508,257.527,258.827,260.728
36480.0,341.972,330.427,318.616,306.584,294.357,281.997,269.633,257.477,245.826,235.059,225.6,217.871,212.209,208.801,207.629,208.449,210.824,214.192,217.96,221.603,224.734,227.139,228.779,229.772,230.349,230.782,231.288,231.959,232.777,233.695,234.687,235.756,236.904,238.133,239.437,240.81,242.243,243.722,245.229,246.744,248.241,249.695,251.077,252.363,253.539,254.6,255.57,256.508,257.527,258.827,260.728
36540.0,342.262,330.741,318.954,306.945,294.737,282.391,270.036,257.879,246.216,235.423,225.927,218.149,212.432,208.967,207.739,208.512,210.852,214.195,217.95,221.588,224.72,227.128,228.772,229.768,230.348,230.782,231.288,231.959,232.777,233.695,234.687,235.756,236.904,238.133,239.437,240.81,242.243,243.722,245.229,246.744,248.241,249.695,251.077,252.363,253.539,254.6,255.57,256.508,257.527,258.827,260.728
36600.0,342.548,331.052,319.289,307.302,295.114,282.783,270.436,258.278,246.603,235.787,226.254,218.428,212.655,209.133,207.851,208.577,210.88,214.2,217.941,221.574,224.705,227.117,228.765,229.764,230.346,230.782,231.289,231.959,232.777,233.695,234.687,235.756,236.904,238.133,239.437,240.81,242.243,243.722,245.229,246.744,248.241,249.695,251.077,252.363,253.539,254.6,255.57,256.508,257.527,258.827,260.728
36660.0,342.831,331.359,319.621,307.657,295.488,283.172,270.834,258.676,246.99,236.149,226.58,218.707,212.879,209.299,207.963,208.642,210.909,214.204,217.931,221.559,224.691,227.106,228.758,229.761,230.345,230.782,231.289,231.959,232.777,233.695,234.687,235.756,236.904,238.133,239.437,240.81,242.243,243.722,245.229,246.744,248.241,249.695,251.077,252.363,253.539,254.6,255.57,256.508,257.527,258.827,260.728
36720.0,343.111,331.664,319.95,308.009,295.86,283.559,271.23,259.072,247.375,236.511,226.906,218.986,213.104,209.466,208.075,208.708,210.939,214.209,217.923,221.545,224.677,227.095,228.75,229.757,230.344,230.782,231.289,231.959,232.777,233.695,234.687,235.756,236.904,238.133,239.437,240.81,242.243,243.722,245.229,246.744,248.241,249.695,251.077,252.363,253.539,254.6,255.57,256.508,257.527,258.827,260.728
36780.0,343.389,331.966,320.276,308.358,296.229,283.944,271.623,259.466,247.759,236.872,227.232,219.265,213.329,209.634,208.189,208.774,210.968,214.214,217.914,221.531,224.663,227.083,228.743,229.753,230.343,230.782,231.29,231.959,232.777,233.695,234.687,235.756,236.904,238.133,239.437,240.81,242.243,243.722,245.229,246.744,248.241,249.695,251.077,252.363,253.539,254.6,255.57,256.508,257.527,258.827,260.728
36840.0,343.663,332.265,320.6,308.704,296.595,284.326,272.015,259.858,248.141,237.232,227.557,219.544,213.554,209.802,208.303,208.841,210.999,214.22,217.905,221.517,224.649,227.072,228.736,229.75,230.342,230.783,231.29,231.96,232.777,233.694,234.687,235.755,236.904,238.133,239.437,240.81,242.243,243.722,245.229,246.744,248.241,249.694,251.077,252.363,253.538,254.6,255.57,256.508,257.527,258.827,260.728
36900.0,343.935,332.561,320.92,309.048,296.959,284.705,272.404,260.248,248.522,237.591,227.882,219.823,213.779,209.971,208.417,208.909,211.03,214.225,217.897,221.503,224.635,227.061,228.729,229.746,230.34,230.783,231.29,231.96,232.777,233.694,234.687,235.755,236.904,238.132,239.437,240.81,242.243,243.722,245.229,246.744,248.241,249.694,251.077,252.363,253.538,254.6,255.57,256.508,257.527,258.827,260.728
36960.0,344.203,332.854,321.238,309.388,297.32,285.082,272.791,260.637,248.901,237.95,228.206,220.102,214.005,210.141,208.533,208.977,211.061,214.232,217.889,221.489,224.621,227.05,228.722,229.742,230.339,230.783,231.291,231.96,232.777,233.694,234.687,235.755,236.904,238.132,239.437,240.81,242.243,243.722,245.229,246.744,248.241,249.694,251.077,252.363,253.538,254.6,255.57,256.508,257.527,258.827,260.728
37020.0,344.469,333.144,321.553,309.726,297.678,285.457,273.176,261.024,249.28,238.307,228.529,220.381,214.231,210.311,208.649,209.046,211.093,214.238,217.881,221.475,224.607,227.039,228.714,229.739,230.338,230.783,231.291,231.96,232.777,233.694,234.687,235.755,236.904,238.132,239.437,240.81,242.243,243.722,245.229,246.744,248.241,249.694,251.077,252.363,253.538,254.6,255.57,256.508,257.527,258.827,260.728
37080.0,344.732,333.432,321.865,310.062,298.034,285.829,273.558,261.408,249.656,238.663,228.853,220.66,214.457,210.481,208.765,209.115,211.125,214.245,217.873,221.461,224.593,227.028,228.707,229.735,230.337,230.783,231.291,231.96,232.777,233.694,234.687,235.755,236.904,238.132,239.437,240.81,242.243,243.722,245.229,246.744,248.241,249.694,251.077,252.363,253.538,254.6,255.57,256.508,257.527,258.827,260.728
37140.0,344.992,333.716,322.174,310.394,298.387,286.199,273.938,261.791,250.031,239.018,229.176,220.939,214.684,210.652,208.882,209.185,211.158,214.252,217.866,221.448,224.58,227.017,228.7,229.731,230.336,230.783,231.292,231.96,232.777,233.694,234.687,235.755,236.904,238.132,239.437,240.81,242.243,243.722,245.229,246.744,248.241,249.694,251.077,252.363,253.538,254.6,255.57,256.508,257.527,258.827,260.728
37200.0,345.249,333.998,322.48,310.724,298.737,286.566,274.317,262.172,250.405,239.373,229.498,221.217,214.911,210.824,209.0,209.255,211.191,214.26,217.859,221.434,224.566,227.006,228.693,229.728,230.334,230.783,231.292,231.961,232.777,233.694,234.687,235.755,236.904,238.132,239.436,240.81,242.243,243.721,245.229,246.744,248.241,249.694,251.076,252.363,253.538,254.6,255.57,256.508,257.527,258.827,260.728
37260.0,345.503,334.277,322.784,311.051,299.085,286.931,274.693,262.552,250.777,239.726,229.82,221.496,215.139,210.996,209.118,209.326,211.225,214.268,217.851,221.421,224.552,226.995,228.685,229.724,230.333,230.783,231.292,231.961,232.777,233.694,234.687,235.755,236.904,238.132,239.436,240.81,242.243,243.721,245.229,246.744,248.241,249.694,251.076,252.363,253.538,254.6,255.57,256.508,257.527,258.827,260.728
37320.0,345.755,334.553,323.085,311.375,299.431,287.293,275.066,262.929,251.148,240.078,230.141,221.775,215.366,211.168,209.237,209.398,211.259,214.276,217.845,221.408,224.538,226.984,228.678,229.72,230.332,230.783,231.293,231.961,232.777,233.694,234.687,235.755,236.904,238.132,239.436,240.81,242.243,243.721,245.229,246.743,248.241,249.694,251.076,252.363,253.538,254.6,255.57,256.508,257.527,258.827,260.728
37380.0,346.004,334.826,323.383,311.697,299.773,287.653,275.438,263.304,251.517,240.43,230.462,222.054,215.594,211.341,209.357,209.47,211.294,214.285,217.838,221.395,224.525,226.973,228.671,229.716,230.331,230.783,231.293,231.961,232.777,233.694,234.686,235.755,236.904,238.132,239.436,240.81,242.243,243.721,245.229,246.743,248.241,249.694,251.076,252.363,253.538,254.6,255.57,256.508,257.527,258.827,260.728
37440.0,346.249,335.097,323.678,312.016,300.113,288.011,275.807,263.678,251.885,240.78,230.782,222.332,215.822,211.515,209.477,209.543,211.329,214.294,217.832,221.382,224.511,226.962,228.664,229.713,230.329,230.783,231.293,231.961,232.777,233.694,234.686,235.755,236.904,238.132,239.436,240.81,242.243,243.721,245.229,246.743,248.241,249.694,251.076,252.363,253.538,254.6,255.57,256.508,257.527,258.827,260.728
37500.0,346.492,335.365,323.971,312.332,300.451,288.366,276.175,264.05,252.251,241.129,231.102,222.611,216.051,211.689,209.598,209.616,211.365,214.303,217.825,221.369,224.498,226.951,228.656,229.709,230.328,230.783,231.293,231.961,232.777,233.694,234.686,235.755,236.904,238.132,239.436,240.81,242.243,243.721,245.229,246.743,248.241,249.694,251.076,252.363,253.538,254.6,255.57,256.508,257.527,258.827,260.729
37560.0,346.732,335.63,324.261,312.645,300.786,288.719,276.54,264.42,252.616,241.477,231.421,222.889,216.279,211.864,209.719,209.69,211.401,214.312,217.819,221.356,224.484,226.94,228.649,229.705,230.327,230.783,231.294,231.962,232.777,233.694,234.686,235.755,236.904,238.132,239.436,240.81,242.242,243.721,245.229,246.743,248.241,249.694,251.076,252.363,253.538,254.6,255.57,256.508,257.527,258.827,260.729
37620.0,346.97,335.892,324.548,312.956,301.118,289.069,276.902,264.787,252.98,241.825,231.739,223.167,216.508,212.039,209.841,209.765,211.438,214.322,217.814,221.344,224.471,226.929,228.642,229.701,230.326,230.783,231.294,231.962,232.777,233.694,234.686,235.755,236.904,238.132,239.436,240.81,242.242,243.721,245.229,246.743,248.241,249.694,251.076,252.363,253.538,254.6,255.57,256.508,257.527,258.827,260.729
37680.0,347.204,336.151,324.832,313.264,301.448,289.417,277.263,265.154,253.342,242.171,232.057,223.445,216.737,212.214,209.963,209.84,211.475,214.333,217.808,221.331,224.457,226.918,228.635,229.698,230.324,230.783,231.294,231.962,232.777,233.694,234.686,235.755,236.903,238.132,239.436,240.81,242.242,243.721,245.229,246.743,248.241,249.694,251.076,252.363,253.538,254.6,255.57,256.508,257.527,258.827,260.729
37740.0,347.436,336.408,325.114,313.57,301.775,289.762,277.622,265.518,253.702,242.516,232.375,223.723,216.967,212.39,210.086,209.915,211.512,214.343,217.803,221.319,224.444,226.907,228.627,229.694,230.323,230.783,231.295,231.962,232.777,233.694,234.686,235.755,236.903,238.132,239.436,240.81,242.242,243.721,245.229,246.743,248.241,249.694,251.076,252.363,253.538,254.6,255.57,256.508,257.527,258.827,260.729
37800.0,347.665,336.661,325.393,313.873,302.1,290.105,277.978,265.88,254.061,242.86,232.691,224.001,217.196,212.567,210.21,209.992,211.55,214.355,217.798,221.306,224.43,226.896,228.62,229.69,230.322,230.783,231.295,231.962,232.777,233.694,234.686,235.755,236.903,238.132,239.436,240.81,242.242,243.721,245.229,246.743,248.241,249.694,251.076,252.363,253.538,254.6,255.57,256.508,257.527,258.827,260.729
37860.0,347.891,336.913,325.669,314.173,302.422,290.446,278.332,266.24,254.418,243.203,233.008,224.278,217.426,212.743,210.334,210.068,211.589,214.366,217.793,221.294,224.417,226.885,228.613,229.686,230.32,230.783,231.295,231.963,232.777,233.694,234.686,235.755,236.903,238.132,239.436,240.809,242.242,243.721,245.228,246.743,248.241,249.694,251.076,252.363,253.538,254.6,255.57,256.508,257.527,258.827,260.729
37920.0,348.115,337.161,325.942,314.47,302.741,290.784,278.684,266.599,254.774,243.545,233.323,224.556,217.656,212.921,210.459,210.146,211.628,214.378,217.788,221.282,224.404,226.874,228.605,229.682,230.319,230.783,231.296,231.963,232.777,233.693,234.686,235.755,236.903,238.132,239.436,240.809,242.242,243.721,245.228,246.743,248.241,249.694,251.076,252.363,253.538,254.6,255.57,256.508,257.527,258.827,260.729
37980.0,348.336,337.407,326.213,314.765,303.058,291.12,279.034,266.956,255.128,243.885,233.638,224.833,217.886,213.098,210.584,210.224,211.667,214.39,217.784,221.27,224.391,226.864,228.598,229.678,230.318,230.783,231.296,231.963,232.777,233.693,234.686,235.755,236.903,238.132,239.436,240.809,242.242,243.721,245.228,246.743,248.241,249.694,251.076,252.363,253.538,254.6,255.57,256.508,257.527,258.827,260.729
38040.0,348.554,337.65,326.481,315.058,303.373,291.453,279.381,267.31,255.481,244.225,233.952,225.11,218.116,213.277,210.71,210.302,211.707,214.402,217.779,221.258,224.378,226.853,228.591,229.675,230.316,230.783,231.296,231.963,232.777,233.693,234.686,235.754,236.903,238.132,239.436,240.809,242.242,243.721,245.228,246.743,248.241,249.694,251.076,252.363,253.538,254.6,255.57,256.508,257.527,258.827,260.729
38100.0,348.769,337.89,326.747,315.347,303.685,291.784,279.726,267.663,255.832,244.564,234.266,225.387,218.347,213.455,210.836,210.381,211.748,214.415,217.775,221.247,224.365,226.842,228.584,229.671,230.315,230.783,231.297,231.963,232.777,233.693,234.686,235.754,236.903,238.132,239.436,240.809,242.242,243.721,245.228,246.743,248.241,249.694,251.076,252.363,253.538,254.6,255.57,256.508,257.527,258.827,260.729
38160.0,348.982,338.127,327.01,315.634,303.994,292.113,280.07,268.014,256.182,244.901,234.579,225.663,218.577,213.634,210.963,210.461,211.789,214.428,217.772,221.235,224.352,226.831,228.576,229.667,230.314,230.782,231.297,231.963,232.777,233.693,234.686,235.754,236.903,238.132,239.436,240.809,242.242,243.721,245.228,246.743,248.241,249.694,251.076,252.363,253.538,254.6,255.57,256.508,257.527,258.827,260.729
38220.0,349.191,338.362,327.27,315.919,304.301,292.439,280.411,268.363,256.53,245.237,234.891,225.94,218.808,213.813,211.091,210.541,211.83,214.442,217.768,221.224,224.339,226.82,228.569,229.663,230.312,230.782,231.297,231.964,232.777,233.693,234.686,235.754,236.903,238.132,239.436,240.809,242.242,243.721,245.228,246.743,248.241,249.694,251.076,252.363,253.538,254.6,255.57,256.508,257.527,258.827,260.729
38280.0,349.399,338.594,327.527,316.201,304.606,292.763,280.75,268.71,256.877,245.573,235.203,226.216,219.039,213.993,211.219,210.621,211.872,214.455,217.765,221.212,224.326,226.809,228.562,229.659,230.311,230.782,231.297,231.964,232.777,233.693,234.686,235.754,236.903,238.131,239.436,240.809,242.242,243.721,245.228,246.743,248.241,249.694,251.076,252.363,253.538,254.6,255.57,256.508,257.527,258.827,260.729
38340.0,349.603,338.824,327.782,316.48,304.907,293.085,281.086,269.055,257.222,245.907,235.514,226.492,219.27,214.173,211.347,210.702,211.914,214.47,217.762,221.201,224.313,226.799,228.554,229.655,230.309,230.782,231.298,231.964,232.777,233.693,234.686,235.754,236.903,238.131,239.436,240.809,242.242,243.721,245.228,246.743,248.241,249.694,251.076,252.363,253.538,254.6,255.57,256.508,257.527,258.827,260.729
38400.0,349.805,339.051,328.034,316.757,305.207,293.404,281.421,269.399,257.565,246.239,235.824,226.767,219.501,214.354,211.476,210.784,211.957,214.484,217.759,221.19,224.3,226.788,228.547,229.651,230.308,230.782,231.298,231.964,232.777,233.693,234.686,235.754,236.903,238.131,239.436,240.809,242.242,243.721,245.228,246.743,248.24,249.694,251.076,252.363,253.538,254.6,255.57,256.508,257.527,258.827,260.729
38460.0,350.004,339.275,328.284,317.031,305.504,293.721,281.753,269.74,257.907,246.571,236.133,227.043,219.732,214.535,211.605,210.866,212.0,214.499,217.756,221.179,224.287,226.777,228.54,229.647,230.307,230.782,231.298,231.964,232.777,233.693,234.685,235.754,236.903,238.131,239.436,240.809,242.242,243.721,245.228,246.743,248.24,249.694,251.076,252.363,253.538,254.6,255.57,256.508,257.527,258.827,260.729
38520.0,350.2,339.496,328.531,317.302,305.798,294.036,282.083,270.08,258.247,246.902,236.442,227.318,219.963,214.716,211.735,210.949,212.044,214.514,217.754,221.168,224.275,226.766,228.532,229.643,230.305,230.782,231.299,231.964,232.777,233.693,234.685,235.754,236.903,238.131,239.436,240.809,242.242,243.721,245.228,246.743,248.24,249.694,251.076,252.363,253.538,254.6,255.57,256.508,257.527,258.827,260.729
38580.0,350.394,339.715,328.775,317.572,306.09,294.348,282.411,270.417,258.586,247.231,236.75,227.592,220.194,214.897,211.866,211.032,212.088,214.53,217.752,221.157,224.262,226.755,228.525,229.639,230.304,230.782,231.299,231.965,232.777,233.693,234.685,235.754,236.903,238.131,239.436,240.809,242.242,243.721,245.228,246.743,248.24,249.694,251.076,252.363,253.538,254.6,255.57,256.508,257.527,258.827,260.729
38640.0,350.585,339.931,329.017,317.838,306.38,294.658,282.737,270.753,258.923,247.559,237.057,227.867,220.426,215.079,211.997,211.116,212.133,214.546,217.75,221.147,224.249,226.745,228.518,229.636,230.302,230.782,231.299,231.965,232.777,233.693,234.685,235.754,236.903,238.131,239.435,240.809,242.242,243.721,245.228,246.743,248.24,249.694,251.076,252.363,253.538,254.6,255.57,256.508,257.527,258.827,260.729
38700.0,350.774,340.145,329.256,318.102,306.667,294.965,283.061,271.087,259.259,247.886,237.364,228.141,220.657,215.262,212.128,211.2,212.178,214.562,217.748,221.136,224.237,226.734,228.51,229.632,230.301,230.782,231.299,231.965,232.777,233.693,234.685,235.754,236.903,238.131,239.435,240.809,242.242,243.721,245.228,246.743,248.24,249.694,251.076,252.363,253.538,254.6,255.57,256.508,257.527,258.827,260.729
38760.0,350.959,340.356,329.493,318.363,306.952,295.27,283.383,271.419,259.593,248.212,237.67,228.415,220.889,215.444,212.26,211.285,212.223,214.579,217.747,221.126,224.224,226.723,228.503,229.628,230.299,230.782,231.3,231.965,232.777,233.693,234.685,235.754,236.903,238.131,239.435,240.809,242.242,243.721,245.228,246.743,248.24,249.694,251.076,252.363,253.538,254.6,255.57,256.508,257.527,258.827,260.729
38820.0,351.143,340.564,329.727,318.622,307.234,295.573,283.702,271.749,259.926,248.537,237.975,228.688,221.12,215.627,212.393,211.371,212.269,214.596,217.745,221.116,224.212,226.713,228.496,229.624,230.298,230.782,231.3,231.965,232.777,233.693,234.685,235.754,236.903,238.131,239.435,240.809,242.242,243.721,245.228,246.743,248.24,249.694,251.076,252.363,253.538,254.6,255.57,256.508,257.527,258.827,260.729
38880.0,351.323,340.77,329.958,318.879,307.513,295.874,284.019,272.077,260.257,248.86,238.279,228.961,221.352,215.81,212.526,211.456,212.316,214.613,217.744,221.106,224.2,226.702,228.488,229.62,230.297,230.782,231.3,231.965,232.777,233.693,234.685,235.754,236.903,238.131,239.435,240.809,242.242,243.72,245.228,246.743,248.24,249.694,251.076,252.363,253.538,254.6,255.57,256.508,257.527,258.827,260.729
38940.0,351.501,340.973,330.187,319.132,307.791,296.172,284.334,272.403,260.586,249.183,238.583,229.234,221.583,215.994,212.659,211.543,212.363,214.631,217.743,221.096,224.187,226.691,228.481,229.616,230.295,230.781,231.3,231.966,232.777,233.693,234.685,235.754,236.903,238.131,239.435,240.809,242.242,243.72,245.228,246.743,248.24,249.694,251.076,252.363,253.538,254.6,255.57,256.508,257.527,258.827,260.729
39000.0,351.676,341.174,330.413,319.384,308.066,296.468,284.647,272.728,260.914,249.504,238.885,229.506,221.815,216.178,212.793,211.63,212.41,214.649,217.743,221.086,224.175,226.681,228.474,229.612,230.294,230.781,231.301,231.966,232.777,233.692,234.685,235.754,236.902,238.131,239.435,240.809,242.242,243.72,245.228,246.743,248.24,249.694,251.076,252.363,253.538,254.6,255.57,256.508,257.527,258.827,260.729
39060.0,351.849,341.372,330.637,319.632,308.338,296.761,284.958,273.05,261.24,249.823,239.187,229.778,222.047,216.362,212.927,211.717,212.458,214.667,217.743,221.076,224.163,226.67,228.466,229.608,230.292,230.781,231.301,231.966,232.777,233.692,234.685,235.754,236.902,238.131,239.435,240.809,242.242,243.72,245.228,246.743,248.24,249.694,251.076,252.363,253.538,254.6,255.57,256.508,257.527,258.827,260.729
39120.0,352.019,341.567,330.858,319.879,308.608,297.053,285.267,273.37,261.564,250.142,239.488,230.05,222.278,216.546,213.062,211.805,212.506,214.686,217.742,221.067,224.151,226.659,228.459,229.604,230.291,230.781,231.301,231.966,232.777,233.692,234.685,235.754,236.902,238.131,239.435,240.809,242.242,243.72,245.228,246.743,248.24,249.694,251.076,252.363,253.538,254.6,255.57,256.508,257.527,258.827,260.729
39180.0,352.187,341.76,331.077,320.123,308.876,297.341,285.573,273.689,261.887,250.459,239.789,230.321,222.51,216.731,213.197,211.893,212.555,214.705,217.743,221.057,224.139,226.649,228.451,229.6,230.289,230.781,231.302,231.966,232.777,233.692,234.685,235.754,236.902,238.131,239.435,240.809,242.241,243.72,245.228,246.743,248.24,249.694,251.076,252.363,253.538,254.6,255.57,256.508,257.527,258.827,260.729
39240.0,352.352,341.95,331.293,320.364,309.141,297.628,285.878,274.006,262.208,250.775,240.088,230.592,222.742,216.916,213.333,211.982,212.604,214.724,217.743,221.048,224.127,226.638,228.444,229.596,230.288,230.781,231.302,231.966,232.777,233.692,234.685,235.753,236.902,238.131,239.435,240.809,242.241,243.72,245.228,246.743,248.24,249.694,251.076,252.363,253.538,254.6,255.57,256.508,257.527,258.827,260.729
39300.0,352.514,342.138,331.507,320.603,309.404,297.913,286.18,274.321,262.528,251.09,240.387,230.863,222.973,217.101,213.469,212.071,212.654,214.744,217.744,221.039,224.115,226.628,228.437,229.592,230.286,230.781,231.302,231.967,232.777,233.692,234.685,235.753,236.902,238.131,239.435,240.808,242.241,243.72,245.228,246.743,248.24,249.694,251.076,252.363,253.538,254.6,255.57,256.508,257.527,258.827,260.729
39360.0,352.674,342.323,331.718,320.839,309.664,298.195,286.48,274.633,262.846,251.404,240.684,231.133,223.205,217.286,213.605,212.161,212.704,214.764,217.744,221.03,224.103,226.617,228.429,229.588,230.285,230.781,231.302,231.967,232.777,233.692,234.685,235.753,236.902,238.131,239.435,240.808,242.241,243.72,245.228,246.742,248.24,249.694,251.076,252.363,253.538,254.6,255.57,256.508,257.527,258.827,260.729
39420.0,352.831,342.506,331.926,321.073,309.922,298.474,286.778,274.944,263.163,251.716,240.981,231.402,223.436,217.472,213.742,212.251,212.754,214.785,217.746,221.021,224.091,226.607,228.422,229.584,230.283,230.78,231.303,231.967,232.777,233.692,234.685,235.753,236.902,238.131,239.435,240.808,242.241,243.72,245.228,246.742,248.24,249.694,251.076,252.363,253.538,254.6,255.57,256.508,257.527,258.827,260.729
39480.0,352.985,342.686,332.132,321.305,310.178,298.752,287.074,275.253,263.477,252.027,241.277,231.671,223.668,217.658,213.879,212.342,212.805,214.806,217.747,221.012,224.079,226.596,228.415,229.58,230.282,230.78,231.303,231.967,232.778,233.692,234.685,235.753,236.902,238.131,239.435,240.808,242.241,243.72,245.228,246.742,248.24,249.693,251.076,252.363,253.538,254.6,255.57,256.508,257.527,258.827,260.729
39540.0,353.137,342.864,332.336,321.534,310.431,299.027,287.368,275.561,263.791,252.337,241.573,231.94,223.899,217.844,214.017,212.434,212.856,214.827,217.748,221.004,224.068,226.586,228.407,229.575,230.28,230.78,231.303,231.967,232.778,233.692,234.684,235.753,236.902,238.131,239.435,240.808,242.241,243.72,245.228,246.742,248.24,249.693,251.076,252.363,253.538,254.6,255.57,256.508,257.527,258.827,260.729
39600.0,353.287,343.039,332.537,321.76,310.682,299.3,287.66,275.866,264.102,252.646,241.867,232.208,224.13,218.031,214.155,212.525,212.908,214.848,217.75,220.995,224.056,226.575,228.4,229.571,230.279,230.78,231.303,231.967,232.778,233.692,234.684,235.753,236.902,238.13,239.435,240.808,242.241,243.72,245.228,246.742,248.24,249.693,251.076,252.363,253.538,254.6,255.57,256.508,257.527,258.827,260.729
39660.0,353.434,343.211,332.735,321.984,310.93,299.571,287.949,276.169,264.412,252.953,242.16,232.476,224.361,218.217,214.294,212.618,212.961,214.87,217.752,220.987,224.044,226.565,228.393,229.567,230.277,230.78,231.304,231.968,232.778,233.692,234.684,235.753,236.902,238.13,239.435,240.808,242.241,243.72,245.228,246.742,248.24,249.693,251.076,252.363,253.538,254.6,255.57,256.508,257.527,258.827,260.729
39720.0,353.578,343.381,332.932,322.206,311.176,299.839,288.237,276.471,264.721,253.259,242.453,232.743,224.592,218.404,214.433,212.71,213.013,214.893,217.755,220.979,224.033,226.554,228.385,229.563,230.275,230.78,231.304,231.968,232.778,233.692,234.684,235.753,236.902,238.13,239.435,240.808,242.241,243.72,245.227,246.742,248.24,249.693,251.076,252.363,253.538,254.6,255.57,256.508,257.527,258.827,260.729
39780.0,353.72,343.549,333.125,322.425,311.42,300.106,288.522,276.77,265.027,253.564,242.745,233.01,224.823,218.591,214.572,212.803,213.067,214.915,217.757,220.971,224.021,226.544,228.378,229.559,230.274,230.779,231.304,231.968,232.778,233.692,234.684,235.753,236.902,238.13,239.435,240.808,242.241,243.72,245.227,246.742,248.24,249.693,251.076,252.363,253.538,254.6,255.57,256.508,257.527,258.827,260.729
39840.0,353.86,343.714,333.316,322.642,311.662,300.37,288.806,277.068,265.332,253.867,243.036,233.277,225.054,218.778,214.712,212.897,213.12,214.938,217.76,220.963,224.01,226.533,228.37,229.555,230.272,230.779,231.304,231.968,232.778,233.692,234.684,235.753,236.902,238.13,239.435,240.808,242.241,243.72,245.227,246.742,248.24,249.693,251.076,252.363,253.538,254.6,255.57,256.508,257.527,258.827,260.729
39900.0,353.996,343.876,333.505,322.857,311.901,300.631,289.087,277.364,265.636,254.169,243.325,233.542,225.285,218.966,214.852,212.991,213.174,214.962,217.763,220.955,223.999,226.523,228.363,229.551,230.271,230.779,231.305,231.968,232.778,233.692,234.684,235.753,236.902,238.13,239.435,240.808,242.241,243.72,245.227,246.742,248.24,249.693,251.076,252.363,253.538,254.6,255.57,256.508,257.527,258.827,260.729
39960.0,354.131,344.036,333.691,323.069,312.137,300.891,289.366,277.657,265.938,254.47,243.614,233.808,225.516,219.153,214.992,213.086,213.229,214.985,217.766,220.947,223.987,226.513,228.356,229.547,230.269,230.779,231.305,231.968,232.778,233.692,234.684,235.753,236.902,238.13,239.435,240.808,242.241,243.72,245.227,246.742,248.24,249.693,251.076,252.363,253.538,254.6,255.57,256.508,257.527,258.827,260.729
40020.0,354.263,344.194,333.875,323.278,312.372,301.148,289.643,277.949,266.238,254.77,243.902,234.073,225.746,219.341,215.133,213.18,213.284,215.009,217.77,220.94,223.976,226.502,228.348,229.543,230.267,230.779,231.305,231.969,232.778,233.692,234.684,235.753,236.902,238.13,239.434,240.808,242.241,243.72,245.227,246.742,248.24,249.693,251.076,252.363,253.538,254.6,255.57,256.508,257.527,258.827,260.729
40080.0,354.392,344.349,334.057,323.486,312.604,301.403,289.918,278.239,266.536,255.068,244.19,234.337,225.977,219.529,215.274,213.276,213.339,215.034,217.773,220.933,223.965,226.492,228.341,229.539,230.266,230.778,231.305,231.969,232.778,233.691,234.684,235.753,236.902,238.13,239.434,240.808,242.241,243.72,245.227,246.742,248.24,249.693,251.076,252.363,253.538,254.6,255.57,256.508,257.527,258.827,260.729
40140.0,354.519,344.501,334.235,323.691,312.834,301.656,290.19,278.528,266.833,255.365,244.476,234.601,226.207,219.717,215.416,213.372,213.395,215.058,217.777,220.925,223.954,226.482,228.334,229.534,230.264,230.778,231.306,231.969,232.778,233.691,234.684,235.753,236.902,238.13,239.434,240.808,242.241,243.72,245.227,246.742,248.24,249.693,251.076,252.363,253.538,254.6,255.57,256.508,257.527,258.827,260.729
40200.0,354.643,344.651,334.412,323.893,313.061,301.906,290.461,278.814,267.129,255.66,244.761,234.864,226.437,219.905,215.558,213.468,213.451,215.083,217.782,220.918,223.943,226.472,228.326,229.53,230.263,230.778,231.306,231.969,232.778,233.691,234.684,235.753,236.902,238.13,239.434,240.808,242.241,243.72,245.227,246.742,248.24,249.693,251.076,252.363,253.538,254.6,255.57,256.508,257.527,258.827,260.729
40260.0,354.765,344.799,334.586,324.093,313.286,302.155,290.73,279.098,267.422,255.955,245.045,235.127,226.667,220.094,215.7,213.565,213.508,215.109,217.786,220.911,223.932,226.461,228.319,229.526,230.261,230.778,231.306,231.969,232.778,233.691,234.684,235.753,236.901,238.13,239.434,240.808,242.241,243.72,245.227,246.742,248.24,249.693,251.076,252.363,253.538,254.6,255.57,256.508,257.527,258.827,260.729
40320.0,354.884,344.944,334.758,324.291,313.509,302.401,290.996,279.381,267.714,256.248,245.329,235.389,226.897,220.282,215.843,213.662,213.565,215.134,217.791,220.905,223.921,226.451,228.311,229.522,230.259,230.778,231.306,231.969,232.778,233.691,234.684,235.753,236.901,238.13,239.434,240.808,242.241,243.72,245.227,246.742,248.24,249.693,251.075,252.362,253.538,254.6,255.57,256.508,257.527,258.827,260.729
40380.0,355.001,345.087,334.927,324.486,313.729,302.645,291.261,279.661,268.005,256.539,245.611,235.65,227.126,220.471,215.986,213.759,213.622,215.161,217.796,220.898,223.911,226.441,228.304,229.518,230.258,230.777,231.306,231.97,232.778,233.691,234.684,235.753,236.901,238.13,239.434,240.808,242.241,243.72,245.227,246.742,248.24,249.693,251.075,252.362,253.538,254.6,255.57,256.508,257.527,258.827,260.729
40440.0,355.115,345.227,335.094,324.679,313.948,302.886,291.523,279.94,268.293,256.829,245.892,235.911,227.355,220.659,216.129,213.858,213.68,215.187,217.801,220.892,223.9,226.431,228.297,229.514,230.256,230.777,231.307,231.97,232.778,233.691,234.684,235.753,236.901,238.13,239.434,240.808,242.241,243.72,245.227,246.742,248.24,249.693,251.075,252.362,253.538,254.6,255.57,256.508,257.527,258.827,260.729
40500.0,355.227,345.365,335.258,324.87,314.163,303.126,291.783,280.217,268.58,257.118,246.173,236.172,227.585,220.848,216.273,213.956,213.738,215.214,217.806,220.885,223.889,226.421,228.289,229.509,230.254,230.777,231.307,231.97,232.778,233.691,234.684,235.752,236.901,238.13,239.434,240.808,242.241,243.72,245.227,246.742,248.24,249.693,251.075,252.362,253.538,254.6,255.57,256.508,257.527,258.827,260.729
40560.0,355.336,345.501,335.42,325.058,314.377,303.363,292.041,280.492,268.866,257.406,246.452,236.432,227.814,221.037,216.416,214.055,213.797,215.241,217.812,220.879,223.879,226.411,228.282,229.505,230.253,230.777,231.307,231.97,232.778,233.691,234.684,235.752,236.901,238.13,239.434,240.808,242.241,243.72,245.227,246.742,248.24,249.693,251.075,252.362,253.538,254.6,255.57,256.508,257.527,258.827,260.729
40620.0,355.443,345.634,335.58,325.244,314.588,303.598,292.298,280.765,269.149,257.692,246.731,236.691,228.042,221.226,216.561,214.154,213.856,215.268,217.818,220.873,223.868,226.401,228.275,229.501,230.251,230.776,231.307,231.97,232.778,233.691,234.683,235.752,236.901,238.13,239.434,240.808,242.241,243.719,245.227,246.742,248.24,249.693,251.075,252.362,253.538,254.6,255.57,256.508,257.527,258.827,260.729
40680.0,355.548,345.764,335.737,325.427,314.797,303.831,292.552,281.036,269.431,257.977,247.008,236.949,228.271,221.415,216.705,214.254,213.916,215.296,217.824,220.867,223.858,226.391,228.267,229.497,230.249,230.776,231.308,231.97,232.778,233.691,234.683,235.752,236.901,238.13,239.434,240.808,242.241,243.719,245.227,246.742,248.239,249.693,251.075,252.362,253.538,254.6,255.57,256.508,257.527,258.827,260.729
40740.0,355.65,345.892,335.892,325.609,315.004,304.062,292.804,281.305,269.712,258.261,247.285,237.207,228.499,221.604,216.85,214.354,213.976,215.324,217.83,220.861,223.848,226.381,228.26,229.493,230.248,230.776,231.308,231.971,232.778,233.691,234.683,235.752,236.901,238.13,239.434,240.808,242.24,243.719,245.227,246.742,248.239,249.693,251.075,252.362,253.538,254.6,255.57,256.508,257.527,258.827,260.729
40800.0,355.749,346.018,336.044,325.788,315.209,304.29,293.054,281.572,269.991,258.543,247.56,237.465,228.727,221.794,216.995,214.454,214.036,215.353,217.837,220.856,223.837,226.371,228.253,229.488,230.246,230.776,231.308,231.971,232.778,233.691,234.683,235.752,236.901,238.13,239.434,240.807,242.24,243.719,245.227,246.742,248.239,249.693,251.075,252.362,253.538,254.6,255.57,256.508,257.527,258.827,260.729
40860.0,355.847,346.141,336.194,325.964,315.411,304.517,293.302,281.838,270.268,258.823,247.835,237.722,228.955,221.983,217.14,214.555,214.097,215.382,217.844,220.85,223.827,226.361,228.245,229.484,230.244,230.775,231.308,231.971,232.778,233.691,234.683,235.752,236.901,238.13,239.434,240.807,242.24,243.719,245.227,246.742,248.239,249.693,251.075,252.362,253.538,254.6,255.57,256.508,257.527,258.827,260.729
40920.0,355.941,346.262,336.342,326.138,315.611,304.741,293.547,282.101,270.543,259.103,248.108,237.978,229.182,222.173,217.286,214.656,214.158,215.411,217.851,220.845,223.817,226.351,228.238,229.48,230.243,230.775,231.308,231.971,232.778,233.691,234.683,235.752,236.901,238.13,239.434,240.807,242.24,243.719,245.227,246.742,248.239,249.693,251.075,252.362,253.538,254.6,255.57,256.508,257.527,258.827,260.729
40980.0,356.034,346.381,336.487,326.31,315.809,304.963,293.791,282.363,270.817,259.381,248.381,238.233,229.409,222.362,217.432,214.758,214.22,215.441,217.859,220.84,223.807,226.341,228.231,229.476,230.241,230.775,231.309,231.971,232.778,233.691,234.683,235.752,236.901,238.129,239.434,240.807,242.24,243.719,245.227,246.742,248.239,249.693,251.075,252.362,253.538,254.6,255.57,256.508,257.527,258.827,260.729
41040.0,356.123,346.497,336.63,326.48,316.004,305.183,294.033,282.623,271.089,259.658,248.652,238.488,229.636,222.551,217.578,214.86,214.281,215.47,217.866,220.835,223.797,226.331,228.223,229.472,230.239,230.775,231.309,231.971,232.778,233.691,234.683,235.752,236.901,238.129,239.434,240.807,242.24,243.719,245.227,246.742,248.239,249.693,251.075,252.362,253.538,254.6,255.57,256.508,257.527,258.827,260.729
41100.0,356.211,346.611,336.771,326.647,316.197,305.4,294.273,282.881,271.36,259.933,248.922,238.742,229.863,222.741,217.725,214.963,214.344,215.501,217.874,220.83,223.787,226.321,228.216,229.467,230.237,230.774,231.309,231.972,232.778,233.691,234.683,235.752,236.901,238.129,239.434,240.807,242.24,243.719,245.227,246.742,248.239,249.693,251.075,252.362,253.538,254.6,255.57,256.508,257.527,258.827,260.729
41160.0,356.296,346.722,336.909,326.812,316.388,305.616,294.51,283.137,271.629,260.207,249.192,238.996,230.089,222.931,217.872,215.065,214.407,215.531,217.882,220.825,223.777,226.311,228.208,229.463,230.236,230.774,231.309,231.972,232.778,233.691,234.683,235.752,236.901,238.129,239.434,240.807,242.24,243.719,245.227,246.742,248.239,249.693,251.075,252.362,253.538,254.599,255.57,256.508,257.527,258.827,260.729
41220.0,356.378,346.831,337.045,326.975,316.577,305.829,294.746,283.391,271.896,260.48,249.46,239.249,230.315,223.12,218.019,215.169,214.47,215.562,217.891,220.821,223.768,226.301,228.201,229.459,230.234,230.774,231.309,231.972,232.778,233.691,234.683,235.752,236.901,238.129,239.434,240.807,242.24,243.719,245.227,246.742,248.239,249.693,251.075,252.362,253.538,254.599,255.57,256.508,257.527,258.827,260.729
41280.0,356.458,346.937,337.179,327.135,316.763,306.04,294.98,283.643,272.161,260.751,249.727,239.501,230.541,223.31,218.166,215.272,214.533,215.593,217.899,220.816,223.758,226.291,228.194,229.454,230.232,230.773,231.31,231.972,232.778,233.69,234.683,235.752,236.901,238.129,239.434,240.807,242.24,243.719,245.227,246.742,248.239,249.693,251.075,252.362,253.538,254.599,255.57,256.508,257.527,258.827,260.729
41340.0,356.536,347.042,337.31,327.294,316.948,306.249,295.211,283.893,272.425,261.021,249.994,239.752,230.767,223.499,218.313,215.376,214.597,215.625,217.908,220.812,223.748,226.282,228.186,229.45,230.23,230.773,231.31,231.972,232.778,233.69,234.683,235.752,236.901,238.129,239.434,240.807,242.24,243.719,245.227,246.742,248.239,249.693,251.075,252.362,253.538,254.599,255.57,256.508,257.527,258.827,260.729
41400.0,356.611,347.143,337.439,327.449,317.13,306.456,295.441,284.142,272.687,261.289,250.259,240.003,230.992,223.689,218.461,215.48,214.662,215.657,217.917,220.808,223.739,226.272,228.179,229.446,230.229,230.773,231.31,231.972,232.778,233.69,234.683,235.752,236.901,238.129,239.434,240.807,242.24,243.719,245.227,246.741,248.239,249.693,251.075,252.362,253.538,254.599,255.57,256.508,257.527,258.827,260.729
41460.0,356.684,347.243,337.566,327.603,317.309,306.661,295.668,284.389,272.948,261.556,250.523,240.253,231.217,223.879,218.609,215.585,214.726,215.689,217.927,220.804,223.73,226.262,228.172,229.442,230.227,230.772,231.31,231.973,232.778,233.69,234.683,235.752,236.901,238.129,239.433,240.807,242.24,243.719,245.227,246.741,248.239,249.693,251.075,252.362,253.538,254.599,255.57,256.508,257.527,258.827,260.729
41520.0,356.754,347.34,337.69,327.754,317.487,306.864,295.894,284.633,273.207,261.822,250.786,240.503,231.441,224.068,218.757,215.69,214.792,215.722,217.936,220.8,223.72,226.253,228.165,229.437,230.225,230.772,231.31,231.973,232.778,233.69,234.683,235.752,236.901,238.129,239.433,240.807,242.24,243.719,245.226,246.741,248.239,249.693,251.075,252.362,253.538,254.599,255.57,256.508,257.527,258.827,260.729
41580.0,356.822,347.435,337.812,327.903,317.662,307.064,296.117,284.876,273.464,262.086,251.048,240.751,231.665,224.258,218.906,215.796,214.857,215.755,217.946,220.797,223.711,226.243,228.157,229.433,230.223,230.772,231.311,231.973,232.778,233.69,234.683,235.752,236.9,238.129,239.433,240.807,242.24,243.719,245.226,246.741,248.239,249.693,251.075,252.362,253.538,254.599,255.57,256.508,257.527,258.827,260.729
41640.0,356.888,347.527,337.932,328.05,317.836,307.263,296.338,285.117,273.719,262.349,251.309,240.999,231.889,224.447,219.054,215.901,214.923,215.788,217.956,220.793,223.702,226.233,228.15,229.429,230.221,230.771,231.311,231.973,232.778,233.69,234.683,235.752,236.9,238.129,239.433,240.807,242.24,243.719,245.226,246.741,248.239,249.693,251.075,252.362,253.538,254.599,255.57,256.508,257.527,258.827,260.729
41700.0,356.951,347.617,338.049,328.194,318.007,307.459,296.558,285.357,273.973,262.61,251.568,241.247,232.112,224.637,219.203,216.007,214.989,215.822,217.967,220.79,223.693,226.224,228.143,229.424,230.22,230.771,231.311,231.973,232.778,233.69,234.682,235.751,236.9,238.129,239.433,240.807,242.24,243.719,245.226,246.741,248.239,249.693,251.075,252.362,253.538,254.599,255.57,256.508,257.527,258.827,260.729
41760.0,357.012,347.704,338.164,328.337,318.175,307.653,296.775,285.594,274.225,262.87,251.827,241.493,232.335,224.826,219.352,216.114,215.056,215.856,217.977,220.787,223.684,226.214,228.135,229.42,230.218,230.771,231.311,231.973,232.778,233.69,234.682,235.751,236.9,238.129,239.433,240.807,242.24,243.719,245.226,246.741,248.239,249.693,251.075,252.362,253.538,254.599,255.57,256.508,257.527,258.827,260.729
41820.0,357.07,347.79,338.277,328.477,318.342,307.845,296.991,285.829,274.476,263.129,252.085,241.739,232.558,225.016,219.502,216.221,215.123,215.89,217.988,220.784,223.675,226.205,228.128,229.416,230.216,230.77,231.311,231.974,232.778,233.69,234.682,235.751,236.9,238.129,239.433,240.807,242.24,243.719,245.226,246.741,248.239,249.693,251.075,252.362,253.538,254.599,255.57,256.508,257.527,258.827,260.729
41880.0,357.127,347.873,338.387,328.614,318.506,308.035,297.204,286.063,274.725,263.386,252.341,241.984,232.78,225.205,219.651,216.328,215.19,215.924,217.999,220.781,223.666,226.195,228.121,229.412,230.214,230.77,231.312,231.974,232.778,233.69,234.682,235.751,236.9,238.129,239.433,240.807,242.24,243.719,245.226,246.741,248.239,249.693,251.075,252.362,253.538,254.599,255.57,256.508,257.527,258.827,260.729
41940.0,357.18,347.953,338.495,328.75,318.669,308.223,297.415,286.295,274.972,263.642,252.597,242.228,233.002,225.395,219.801,216.435,215.258,215.959,218.011,220.778,223.657,226.186,228.113,229.407,230.212,230.77,231.312,231.974,232.778,233.69,234.682,235.751,236.9,238.129,239.433,240.807,242.24,243.719,245.226,246.741,248.239,249.693,251.075,252.362,253.538,254.599,255.57,256.508,257.527,258.827,260.729
42000.0,357.231,348.031,338.601,328.883,318.829,308.408,297.625,286.524,275.217,263.896,252.851,242.472,233.224,225.584,219.95,216.543,215.326,215.995,218.022,220.776,223.648,226.176,228.106,229.403,230.21,230.769,231.312,231.974,232.778,233.69,234.682,235.751,236.9,238.129,239.433,240.807,242.24,243.719,245.226,246.741,248.239,249.693,251.075,252.362,253.537,254.599,255.57,256.508,257.528,258.827,260.729
42060.0,357.28,348.107,338.704,329.014,318.986,308.592,297.832,286.752,275.461,264.149,253.104,242.715,233.445,225.773,220.1,216.651,215.395,216.03,218.034,220.773,223.64,226.167,228.099,229.399,230.209,230.769,231.312,231.974,232.778,233.69,234.682,235.751,236.9,238.129,239.433,240.807,242.24,243.719,245.226,246.741,248.239,249.693,251.075,252.362,253.537,254.599,255.57,256.508,257.528,258.827,260.729
42120.0,357.327,348.181,338.806,329.143,319.142,308.773,298.037,286.979,275.704,264.401,253.356,242.957,233.666,225.962,220.251,216.759,215.464,216.066,218.046,220.771,223.631,226.158,228.092,229.394,230.207,230.769,231.312,231.974,232.778,233.69,234.682,235.751,236.9,238.129,239.433,240.807,242.24,243.719,245.226,246.741,248.239,249.692,251.075,252.362,253.537,254.599,255.57,256.508,257.528,258.827,260.729
42180.0,357.371,348.252,338.904,329.269,319.295,308.953,298.241,287.203,275.944,264.651,253.607,243.198,233.886,226.151,220.401,216.868,215.533,216.102,218.059,220.769,223.623,226.148,228.084,229.39,230.205,230.768,231.312,231.974,232.778,233.69,234.682,235.751,236.9,238.129,239.433,240.807,242.24,243.719,245.226,246.741,248.239,249.692,251.075,252.362,253.537,254.599,255.57,256.508,257.528,258.827,260.729
42240.0,357.412,348.321,339.001,329.393,319.447,309.13,298.442,287.425,276.183,264.899,253.857,243.439,234.106,226.34,220.551,216.977,215.603,216.139,218.071,220.767,223.614,226.139,228.077,229.385,230.203,230.768,231.313,231.975,232.778,233.69,234.682,235.751,236.9,238.129,239.433,240.807,242.24,243.719,245.226,246.741,248.239,249.692,251.075,252.362,253.537,254.599,255.57,256.508,257.528,258.827,260.729
42300.0,357.452,348.387,339.096,329.515,319.596,309.305,298.642,287.646,276.42,265.147,254.106,243.678,234.325,226.529,220.702,217.086,215.672,216.176,218.084,220.765,223.606,226.13,228.07,229.381,230.201,230.768,231.313,231.975,232.778,233.69,234.682,235.751,236.9,238.128,239.433,240.806,242.239,243.718,245.226,246.741,248.239,249.692,251.075,252.362,253.537,254.599,255.57,256.508,257.528,258.827,260.729
42360.0,357.489,348.452,339.188,329.635,319.743,309.478,298.839,287.865,276.656,265.393,254.353,243.917,234.544,226.718,220.853,217.196,215.743,216.213,218.097,220.764,223.598,226.121,228.062,229.377,230.199,230.767,231.313,231.975,232.778,233.69,234.682,235.751,236.9,238.128,239.433,240.806,242.239,243.718,245.226,246.741,248.239,249.692,251.075,252.362,253.537,254.599,255.57,256.508,257.528,258.827,260.729
42420.0,357.523,348.514,339.277,329.753,319.888,309.649,299.034,288.082,276.89,265.637,254.6,244.155,234.763,226.906,221.004,217.306,215.813,216.251,218.111,220.762,223.59,226.111,228.055,229.372,230.197,230.767,231.313,231.975,232.778,233.69,234.682,235.751,236.9,238.128,239.433,240.806,242.239,243.718,245.226,246.741,248.239,249.692,251.075,252.362,253.537,254.599,255.57,256.508,257.528,258.827,260.729
42480.0,357.555,348.573,339.365,329.868,320.03,309.818,299.228,288.297,277.122,265.88,254.845,244.393,234.981,227.095,221.155,217.416,215.884,216.289,218.124,220.761,223.582,226.102,228.048,229.368,230.195,230.766,231.313,231.975,232.778,233.689,234.682,235.751,236.9,238.128,239.433,240.806,242.239,243.718,245.226,246.741,248.239,249.692,251.075,252.362,253.537,254.599,255.57,256.508,257.528,258.827,260.729
42540.0,357.585,348.63,339.45,329.981,320.171,309.985,299.419,288.51,277.352,266.122,255.089,244.629,235.199,227.283,221.306,217.526,215.956,216.327,218.138,220.76,223.574,226.093,228.041,229.364,230.194,230.766,231.313,231.975,232.778,233.689,234.682,235.751,236.9,238.128,239.433,240.806,242.239,243.718,245.226,246.741,248.239,249.692,251.075,252.362,253.537,254.599,255.57,256.508,257.528,258.827,260.729
42600.0,357.613,348.685,339.533,330.092,320.309,310.15,299.609,288.721,277.581,266.362,255.332,244.865,235.416,227.471,221.457,217.637,216.027,216.365,218.152,220.759,223.566,226.084,228.034,229.359,230.192,230.766,231.314,231.976,232.778,233.689,234.682,235.751,236.9,238.128,239.433,240.806,242.239,243.718,245.226,246.741,248.239,249.692,251.075,252.362,253.537,254.599,255.57,256.508,257.528,258.827,260.729
42660.0,357.638,348.738,339.614,330.201,320.445,310.313,299.796,288.931,277.808,266.6,255.574,245.1,235.633,227.659,221.609,217.748,216.099,216.404,218.167,220.758,223.558,226.075,228.026,229.355,230.19,230.765,231.314,231.976,232.778,233.689,234.682,235.751,236.9,238.128,239.433,240.806,242.239,243.718,245.226,246.741,248.239,249.692,251.075,252.362,253.537,254.599,255.57,256.508,257.528,258.827,260.729
42720.0,357.66,348.788,339.692,330.307,320.579,310.473,299.982,289.138,278.034,266.838,255.815,245.334,235.849,227.847,221.76,217.86,216.172,216.443,218.181,220.758,223.551,226.066,228.019,229.35,230.188,230.765,231.314,231.976,232.778,233.689,234.682,235.751,236.9,238.128,239.433,240.806,242.239,243.718,245.226,246.741,248.239,249.692,251.075,252.362,253.537,254.599,255.57,256.508,257.528,258.827,260.729
42780.0,357.681,348.836,339.769,330.412,320.711,310.632,300.166,289.344,278.258,267.073,256.054,245.567,236.065,228.035,221.912,217.971,216.245,216.483,218.196,220.757,223.543,226.057,228.012,229.346,230.186,230.764,231.314,231.976,232.778,233.689,234.681,235.751,236.9,238.128,239.433,240.806,242.239,243.718,245.226,246.741,248.239,249.692,251.075,252.362,253.537,254.599,255.57,256.508,257.528,258.827,260.729
42840.0,357.699,348.882,339.843,330.514,320.841,310.788,300.347,289.548,278.48,267.308,256.293,245.799,236.28,228.222,222.063,218.083,216.318,216.523,218.211,220.757,223.535,226.048,228.005,229.342,230.184,230.764,231.314,231.976,232.778,233.689,234.681,235.751,236.9,238.128,239.432,240.806,242.239,243.718,245.226,246.741,248.239,249.692,251.075,252.362,253.537,254.599,255.57,256.508,257.528,258.827,260.729
42900.0,357.714,348.925,339.914,330.614,320.969,310.943,300.527,289.75,278.701,267.541,256.53,246.031,236.495,228.41,222.215,218.195,216.391,216.563,218.226,220.757,223.528,226.039,227.998,229.337,230.182,230.764,231.314,231.976,232.778,233.689,234.681,235.75,236.899,238.128,239.432,240.806,242.239,243.718,245.226,246.741,248.239,249.692,251.075,252.362,253.537,254.599,255.57,256.508,257.528,258.827,260.729
42960.0,357.727,348.966,339.984,330.712,321.094,311.095,300.704,289.951,278.92,267.772,256.766,246.262,236.709,228.597,222.367,218.308,216.465,216.603,218.242,220.757,223.521,226.03,227.99,229.333,230.18,230.763,231.314,231.976,232.778,233.689,234.681,235.75,236.899,238.128,239.432,240.806,242.239,243.718,245.226,246.741,248.238,249.692,251.075,252.362,253.537,254.599,255.57,256.508,257.528,258.827,260.729
43020.0,357.738,349.005,340.051,330.807,321.218,311.246,300.88,290.149,279.137,268.002,257.001,246.492,236.923,228.784,222.519,218.42,216.539,216.644,218.258,220.757,223.513,226.021,227.983,229.328,230.178,230.763,231.315,231.977,232.779,233.689,234.681,235.75,236.899,238.128,239.432,240.806,242.239,243.718,245.226,246.741,248.238,249.692,251.075,252.362,253.537,254.599,255.57,256.508,257.528,258.828,260.729
43080.0,357.747,349.041,340.116,330.9,321.339,311.394,301.054,290.346,279.352,268.231,257.235,246.721,237.136,228.971,222.671,218.533,216.613,216.685,218.274,220.758,223.506,226.013,227.976,229.324,230.176,230.762,231.315,231.977,232.779,233.689,234.681,235.75,236.899,238.128,239.432,240.806,242.239,243.718,245.226,246.741,248.238,249.692,251.075,252.362,253.537,254.599,255.57,256.508,257.528,258.828,260.729
43140.0,357.753,349.076,340.179,330.992,321.458,311.54,301.226,290.541,279.566,268.458,257.467,246.949,237.349,229.158,222.823,218.646,216.688,216.726,218.29,220.758,223.499,226.004,227.969,229.32,230.174,230.762,231.315,231.977,232.779,233.689,234.681,235.75,236.899,238.128,239.432,240.806,242.239,243.718,245.226,246.741,248.238,249.692,251.075,252.362,253.537,254.599,255.57,256.508,257.528,258.828,260.729
43200.0,357.757,349.107,340.239,331.081,321.575,311.684,301.396,290.734,279.778,268.684,257.699,247.176,237.561,229.344,222.976,218.76,216.763,216.768,218.307,220.759,223.492,225.995,227.962,229.315,230.172,230.761,231.315,231.977,232.779,233.689,234.681,235.75,236.899,238.128,239.432,240.806,242.239,243.718,245.226,246.741,248.238,249.692,251.075,252.362,253.537,254.599,255.57,256.508,257.528,258.828,260.729
43260.0,357.758,349.137,340.297,331.167,321.69,311.827,301.564,290.925,279.989,268.908,257.929,247.402,237.773,229.531,223.128,218.873,216.838,216.81,218.324,220.76,223.485,225.986,227.955,229.311,230.17,230.761,231.315,231.977,232.779,233.689,234.681,235.75,236.899,238.128,239.432,240.806,242.239,243.718,245.226,246.741,248.238,249.692,251.075,252.362,253.537,254.599,255.57,256.508,257.528,258.828,260.729
43320.0,357.757,349.164,340.353,331.252,321.803,311.967,301.73,291.114,280.198,269.131,258.158,247.628,237.984,229.717,223.28,218.987,216.914,216.852,218.341,220.761,223.479,225.978,227.947,229.306,230.168,230.76,231.315,231.977,232.779,233.689,234.681,235.75,236.899,238.128,239.432,240.806,242.239,243.718,245.226,246.741,248.238,249.692,251.075,252.362,253.537,254.599,255.57,256.508,257.528,258.828,260.729
43380.0,357.754,349.189,340.407,331.334,321.914,312.105,301.894,291.302,280.405,269.352,258.386,247.853,238.195,229.903,223.433,219.101,216.99,216.895,218.358,220.762,223.472,225.969,227.94,229.302,230.166,230.76,231.315,231.978,232.779,233.689,234.681,235.75,236.899,238.128,239.432,240.806,242.239,243.718,245.225,246.741,248.238,249.692,251.075,252.362,253.537,254.599,255.57,256.508,257.528,258.828,260.729
43440.0,357.748,349.212,340.459,331.415,322.022,312.241,302.056,291.488,280.611,269.572,258.612,248.076,238.405,230.088,223.585,219.216,217.066,216.938,218.376,220.764,223.465,225.961,227.933,229.297,230.164,230.759,231.316,231.978,232.779,233.689,234.681,235.75,236.899,238.128,239.432,240.806,242.239,243.718,245.225,246.74,248.238,249.692,251.074,252.362,253.537,254.599,255.57,256.508,257.528,258.828,260.729
43500.0,357.74,349.232,340.508,331.493,322.129,312.375,302.216,291.672,280.815,269.791,258.838,248.299,238.614,230.274,223.737,219.33,217.143,216.981,218.394,220.765,223.459,225.952,227.926,229.293,230.162,230.759,231.316,231.978,232.779,233.689,234.681,235.75,236.899,238.128,239.432,240.806,242.239,243.718,245.225,246.74,248.238,249.692,251.074,252.362,253.537,254.599,255.57,256.508,257.528,258.828,260.729
43560.0,357.729,349.25,340.555,331.569,322.233,312.507,302.374,291.854,281.017,270.008,259.062,248.521,238.823,230.459,223.89,219.445,217.219,217.025,218.412,220.767,223.452,225.944,227.919,229.289,230.16,230.759,231.316,231.978,232.779,233.689,234.681,235.75,236.899,238.128,239.432,240.806,242.239,243.718,245.225,246.74,248.238,249.692,251.074,252.362,253.537,254.599,255.57,256.508,257.528,258.828,260.729
43620.0,357.716,349.266,340.6,331.642,322.335,312.637,302.531,292.034,281.218,270.223,259.285,248.742,239.032,230.644,224.042,219.56,217.297,217.069,218.43,220.769,223.446,225.935,227.912,229.284,230.158,230.758,231.316,231.978,232.779,233.689,234.681,235.75,236.899,238.127,239.432,240.806,242.239,243.718,245.225,246.74,248.238,249.692,251.074,252.362,253.537,254.599,255.57,256.508,257.528,258.828,260.729
43680.0,357.701,349.279,340.642,331.714,322.435,312.765,302.685,292.213,281.417,270.437,259.507,248.963,239.24,230.828,224.195,219.675,217.374,217.113,218.449,220.771,223.44,225.927,227.905,229.28,230.156,230.758,231.316,231.978,232.779,233.689,234.681,235.75,236.899,238.127,239.432,240.806,242.239,243.718,245.225,246.74,248.238,249.692,251.074,252.362,253.537,254.599,255.57,256.508,257.528,258.828,260.729
43740.0,357.684,349.29,340.683,331.783,322.533,312.891,302.837,292.389,281.614,270.65,259.727,249.182,239.447,231.013,224.348,219.791,217.452,217.157,218.467,220.773,223.434,225.918,227.898,229.275,230.154,230.757,231.316,231.978,232.779,233.689,234.681,235.75,236.899,238.127,239.432,240.806,242.239,243.718,245.225,246.74,248.238,249.692,251.074,252.362,253.537,254.599,255.57,256.508,257.528,258.828,260.729
43800.0,357.664,349.299,340.721,331.851,322.629,313.015,302.988,292.564,281.81,270.861,259.947,249.4,239.654,231.197,224.5,219.906,217.53,217.202,218.487,220.775,223.428,225.91,227.891,229.271,230.152,230.757,231.316,231.979,232.779,233.688,234.681,235.75,236.899,238.127,239.432,240.805,242.239,243.718,245.225,246.74,248.238,249.692,251.074,252.362,253.537,254.599,255.57,256.508,257.528,258.828,260.729
43860.0,357.641,349.306,340.757,331.916,322.723,313.137,303.136,292.737,282.004,271.071,260.165,249.618,239.86,231.381,224.653,220.022,217.608,217.247,218.506,220.778,223.422,225.902,227.884,229.266,230.15,230.756,231.316,231.979,232.779,233.688,234.68,235.75,236.899,238.127,239.432,240.805,242.239,243.718,245.225,246.74,248.238,249.692,251.074,252.362,253.537,254.599,255.57,256.508,257.528,258.828,260.729
43920.0,357.617,349.31,340.79,331.979,322.815,313.257,303.283,292.908,282.196,271.279,260.382,249.834,240.065,231.564,224.805,220.138,217.687,217.292,218.525,220.781,223.416,225.894,227.877,229.262,230.148,230.756,231.316,231.979,232.779,233.688,234.68,235.75,236.899,238.127,239.432,240.805,242.238,243.718,245.225,246.74,248.238,249.692,251.074,252.362,253.537,254.599,255.57,256.508,257.528,258.828,260.729
43980.0,357.59,349.312,340.822,332.039,322.905,313.374,303.428,293.078,282.387,271.486,260.598,250.05,240.27,231.748,224.958,220.254,217.766,217.338,218.545,220.783,223.41,225.885,227.87,229.257,230.146,230.755,231.317,231.979,232.779,233.688,234.68,235.75,236.899,238.127,239.432,240.805,242.238,243.717,245.225,246.74,248.238,249.692,251.074,252.362,253.537,254.599,255.57,256.508,257.528,258.828,260.729
44040.0,357.56,349.312,340.851,332.098,322.992,313.49,303.571,293.245,282.576,271.691,260.812,250.265,240.474,231.931,225.11,220.371,217.845,217.384,218.565,220.787,223.405,225.877,227.863,229.253,230.144,230.755,231.317,231.979,232.779,233.688,234.68,235.75,236.899,238.127,239.432,240.805,242.238,243.717,245.225,246.74,248.238,249.692,251.074,252.362,253.537,254.599,255.57,256.508,257.528,258.828,260.729
44100.0,357.528,349.309,340.878,332.154,323.078,313.604,303.712,293.411,282.763,271.895,261.026,250.479,240.678,232.113,225.263,220.487,217.925,217.43,218.585,220.79,223.399,225.869,227.856,229.248,230.142,230.754,231.317,231.979,232.779,233.688,234.68,235.749,236.899,238.127,239.432,240.805,242.238,243.717,245.225,246.74,248.238,249.692,251.074,252.362,253.537,254.599,255.57,256.508,257.528,258.828,260.729
44160.0,357.494,349.304,340.903,332.209,323.161,313.716,303.851,293.575,282.949,272.097,261.238,250.691,240.881,232.296,225.415,220.604,218.004,217.477,218.606,220.793,223.394,225.861,227.849,229.244,230.14,230.754,231.317,231.979,232.779,233.688,234.68,235.749,236.898,238.127,239.432,240.805,242.238,243.717,245.225,246.74,248.238,249.692,251.074,252.362,253.537,254.599,255.57,256.508,257.528,258.828,260.729
44220.0,357.458,349.297,340.925,332.261,323.243,313.826,303.988,293.738,283.133,272.298,261.449,250.903,241.084,232.478,225.568,220.721,218.084,217.523,218.627,220.797,223.388,225.853,227.842,229.239,230.138,230.753,231.317,231.98,232.779,233.688,234.68,235.749,236.898,238.127,239.432,240.805,242.238,243.717,245.225,246.74,248.238,249.692,251.074,252.361,253.537,254.599,255.57,256.508,257.528,258.828,260.729
44280.0,357.419,349.287,340.945,332.311,323.322,313.934,304.123,293.898,283.315,272.498,261.659,251.114,241.285,232.66,225.72,220.838,218.165,217.57,218.648,220.8,223.383,225.845,227.835,229.235,230.136,230.752,231.317,231.98,232.779,233.688,234.68,235.749,236.898,238.127,239.431,240.805,242.238,243.717,245.225,246.74,248.238,249.692,251.074,252.361,253.537,254.599,255.57,256.508,257.528,258.828,260.729
44340.0,357.377,349.275,340.964,332.359,323.399,314.04,304.256,294.057,283.496,272.696,261.867,251.324,241.487,232.841,225.873,220.955,218.245,217.618,218.669,220.804,223.378,225.837,227.828,229.23,230.134,230.752,231.317,231.98,232.779,233.688,234.68,235.749,236.898,238.127,239.431,240.805,242.238,243.717,245.225,246.74,248.238,249.692,251.074,252.361,253.537,254.599,255.57,256.508,257.528,258.828,260.729
44400.0,357.334,349.261,340.979,332.404,323.474,314.143,304.388,294.214,283.675,272.892,262.074,251.533,241.687,233.023,226.025,221.072,218.326,217.665,218.691,220.808,223.373,225.829,227.821,229.226,230.131,230.751,231.317,231.98,232.779,233.688,234.68,235.749,236.898,238.127,239.431,240.805,242.238,243.717,245.225,246.74,248.238,249.692,251.074,252.361,253.537,254.599,255.57,256.508,257.528,258.828,260.729
44460.0,357.288,349.245,340.993,332.448,323.547,314.245,304.517,294.369,283.852,273.087,262.28,251.742,241.887,233.204,226.178,221.19,218.407,217.713,218.712,220.813,223.368,225.821,227.814,229.222,230.129,230.751,231.317,231.98,232.779,233.688,234.68,235.749,236.898,238.127,239.431,240.805,242.238,243.717,245.225,246.74,248.238,249.692,251.074,252.361,253.537,254.599,255.57,256.508,257.528,258.828,260.729
44520.0,357.239,349.226,341.004,332.489,323.618,314.345,304.645,294.522,284.028,273.281,262.485,251.949,242.086,233.384,226.33,221.308,218.489,217.762,218.734,220.817,223.363,225.814,227.807,229.217,230.127,230.75,231.317,231.98,232.779,233.688,234.68,235.749,236.898,238.127,239.431,240.805,242.238,243.717,245.225,246.74,248.238,249.692,251.074,252.361,253.537,254.599,255.57,256.508,257.528,258.828,260.729
44580.0,357.188,349.205,341.014,332.529,323.687,314.443,304.77,294.673,284.202,273.473,262.688,252.155,242.285,233.564,226.482,221.425,218.57,217.81,218.756,220.822,223.358,225.806,227.8,229.213,230.125,230.75,231.317,231.98,232.779,233.688,234.68,235.749,236.898,238.127,239.431,240.805,242.238,243.717,245.225,246.74,248.238,249.692,251.074,252.361,253.537,254.599,255.57,256.508,257.528,258.828,260.729
44640.0,357.135,349.182,341.021,332.566,323.754,314.539,304.894,294.823,284.375,273.664,262.891,252.36,242.483,233.744,226.634,221.543,218.652,217.859,218.779,220.826,223.353,225.798,227.793,229.208,230.123,230.749,231.318,231.981,232.779,233.688,234.68,235.749,236.898,238.127,239.431,240.805,242.238,243.717,245.225,246.74,248.238,249.692,251.074,252.361,253.537,254.599,255.57,256.508,257.528,258.828,260.729
44700.0,357.08,349.156,341.025,332.601,323.819,314.633,305.016,294.971,284.546,273.853,263.092,252.564,242.68,233.924,226.786,221.661,218.734,217.908,218.802,220.831,223.349,225.79,227.786,229.204,230.121,230.749,231.318,231.981,232.779,233.688,234.68,235.749,236.898,238.127,239.431,240.805,242.238,243.717,245.225,246.74,248.238,249.692,251.074,252.361,253.537,254.599,255.57,256.508,257.528,258.828,260.729
44760.0,357.022,349.128,341.028,332.634,323.881,314.725,305.136,295.117,284.715,274.041,263.291,252.768,242.877,234.103,226.938,221.78,218.817,217.957,218.825,220.836,223.344,225.783,227.779,229.199,230.119,230.748,231.318,231.981,232.779,233.688,234.68,235.749,236.898,238.127,239.431,240.805,242.238,243.717,245.225,246.74,248.238,249.691,251.074,252.361,253.537,254.599,255.57,256.508,257.528,258.828,260.729
44820.0,356.961,349.098,341.028,332.664,323.942,314.815,305.254,295.261,284.883,274.227,263.49,252.97,243.073,234.282,227.09,221.898,218.899,218.007,218.848,220.842,223.34,225.775,227.773,229.195,230.117,230.747,231.318,231.981,232.779,233.688,234.68,235.749,236.898,238.127,239.431,240.805,242.238,243.717,245.225,246.74,248.238,249.691,251.074,252.361,253.537,254.599,255.57,256.508,257.528,258.828,260.729
44880.0,356.898,349.065,341.026,332.693,324.001,314.902,305.37,295.404,285.049,274.412,263.687,253.171,243.268,234.46,227.242,222.017,218.982,218.057,218.871,220.847,223.336,225.768,227.766,229.19,230.114,230.747,231.318,231.981,232.779,233.688,234.68,235.749,236.898,238.127,239.431,240.805,242.238,243.717,245.225,246.74,248.238,249.691,251.074,252.361,253.537,254.599,255.57,256.508,257.528,258.828,260.729
44940.0,356.833,349.03,341.022,332.719,324.057,314.988,305.484,295.545,285.213,274.595,263.883,253.372,243.463,234.638,227.394,222.135,219.065,218.107,218.895,220.853,223.332,225.76,227.759,229.186,230.112,230.746,231.318,231.981,232.779,233.688,234.679,235.749,236.898,238.127,239.431,240.805,242.238,243.717,245.225,246.74,248.238,249.691,251.074,252.361,253.537,254.599,255.57,256.508,257.528,258.828,260.729
45000.0,356.765,348.993,341.016,332.743,324.112,315.072,305.597,295.684,285.375,274.777,264.078,253.571,243.657,234.816,227.546,222.254,219.149,218.157,218.919,220.858,223.327,225.753,227.752,229.181,230.11,230.746,231.318,231.981,232.779,233.688,234.679,235.749,236.898,238.126,239.431,240.805,242.238,243.717,245.225,246.74,248.238,249.691,251.074,252.361,253.537,254.599,255.57,256.508,257.528,258.828,260.729
45060.0,356.695,348.954,341.007,332.766,324.164,315.154,305.707,295.821,285.536,274.957,264.272,253.77,243.85,234.993,227.697,222.373,219.232,218.208,218.943,220.864,223.324,225.745,227.745,229.177,230.108,230.745,231.318,231.982,232.779,233.688,234.679,235.749,236.898,238.126,239.431,240.805,242.238,243.717,245.225,246.74,248.238,249.691,251.074,252.361,253.537,254.599,255.57,256.508,257.528,258.828,260.729
45120.0,356.623,348.912,340.996,332.785,324.214,315.234,305.816,295.956,285.696,275.136,264.464,253.967,244.042,235.17,227.849,222.492,219.316,218.259,218.967,220.871,223.32,225.738,227.739,229.172,230.106,230.744,231.318,231.982,232.779,233.687,234.679,235.749,236.898,238.126,239.431,240.805,242.238,243.717,245.225,246.74,248.238,249.691,251.074,252.361,253.537,254.599,255.57,256.508,257.528,258.828,260.729
45180.0,356.548,348.868,340.983,332.803,324.263,315.312,305.923,296.09,285.853,275.314,264.655,254.163,244.234,235.347,228.0,222.611,219.4,218.31,218.992,220.877,223.316,225.731,227.732,229.168,230.104,230.744,231.318,231.982,232.779,233.687,234.679,235.749,236.898,238.126,239.431,240.805,242.238,243.717,245.225,246.74,248.238,249.691,251.074,252.361,253.537,254.599,255.57,256.508,257.528,258.828,260.729
45240.0,356.471,348.821,340.968,332.819,324.309,315.388,306.027,296.222,286.01,275.49,264.845,254.359,244.425,235.523,228.151,222.73,219.484,218.362,219.017,220.883,223.312,225.724,227.725,229.163,230.101,230.743,231.318,231.982,232.779,233.687,234.679,235.749,236.898,238.126,239.431,240.804,242.238,243.717,245.224,246.74,248.237,249.691,251.074,252.361,253.537,254.599,255.57,256.508,257.528,258.828,260.729
45300.0,356.391,348.773,340.951,332.833,324.353,315.463,306.13,296.352,286.164,275.664,265.033,254.553,244.616,235.699,228.302,222.849,219.569,218.414,219.042,220.89,223.309,225.716,227.718,229.158,230.099,230.743,231.318,231.982,232.779,233.687,234.679,235.749,236.898,238.126,239.431,240.804,242.238,243.717,245.224,246.74,248.237,249.691,251.074,252.361,253.537,254.599,255.57,256.508,257.528,258.828,260.729
45360.0,356.309,348.722,340.931,332.844,324.395,315.535,306.231,296.48,286.317,275.837,265.22,254.747,244.806,235.874,228.453,222.968,219.654,218.466,219.067,220.897,223.305,225.709,227.712,229.154,230.097,230.742,231.318,231.982,232.779,233.687,234.679,235.748,236.898,238.126,239.431,240.804,242.238,243.717,245.224,246.74,248.237,249.691,251.074,252.361,253.537,254.599,255.57,256.508,257.528,258.828,260.729
45420.0,356.225,348.668,340.909,332.853,324.435,315.605,306.331,296.607,286.468,276.009,265.406,254.939,244.995,236.049,228.604,223.088,219.739,218.518,219.093,220.904,223.302,225.702,227.705,229.149,230.095,230.741,231.318,231.982,232.78,233.687,234.679,235.748,236.898,238.126,239.431,240.804,242.238,243.717,245.224,246.74,248.237,249.691,251.074,252.361,253.537,254.599,255.57,256.508,257.528,258.828,260.729
45480.0,356.138,348.612,340.885,332.86,324.473,315.673,306.428,296.731,286.617,276.179,265.591,255.13,245.183,236.223,228.755,223.207,219.824,218.57,219.118,220.911,223.299,225.695,227.698,229.145,230.093,230.741,231.318,231.983,232.78,233.687,234.679,235.748,236.897,238.126,239.431,240.804,242.237,243.717,245.224,246.739,248.237,249.691,251.074,252.361,253.537,254.599,255.57,256.508,257.528,258.828,260.729
45540.0,356.048,348.554,340.859,332.865,324.509,315.739,306.523,296.854,286.765,276.348,265.775,255.321,245.37,236.398,228.905,223.327,219.909,218.623,219.144,220.918,223.295,225.688,227.692,229.14,230.09,230.74,231.319,231.983,232.78,233.687,234.679,235.748,236.897,238.126,239.431,240.804,242.237,243.717,245.224,246.739,248.237,249.691,251.074,252.361,253.537,254.599,255.57,256.508,257.528,258.828,260.729
45600.0,355.956,348.494,340.83,332.868,324.543,315.803,306.617,296.976,286.911,276.515,265.957,255.51,245.557,236.571,229.056,223.447,219.995,218.676,219.171,220.926,223.292,225.681,227.685,229.136,230.088,230.74,231.319,231.983,232.78,233.687,234.679,235.748,236.897,238.126,239.431,240.804,242.237,243.717,245.224,246.739,248.237,249.691,251.074,252.361,253.537,254.599,255.57,256.508,257.528,258.828,260.729
45660.0,355.862,348.431,340.799,332.869,324.575,315.866,306.709,297.095,287.056,276.68,266.138,255.698,245.743,236.744,229.206,223.566,220.08,218.73,219.197,220.933,223.289,225.674,227.678,229.131,230.086,230.739,231.319,231.983,232.78,233.687,234.679,235.748,236.897,238.126,239.43,240.804,242.237,243.716,245.224,246.739,248.237,249.691,251.074,252.361,253.537,254.599,255.569,256.508,257.528,258.828,260.729
45720.0,355.765,348.366,340.766,332.868,324.604,315.926,306.799,297.213,287.199,276.845,266.317,255.886,245.929,236.917,229.356,223.686,220.166,218.783,219.224,220.941,223.287,225.667,227.672,229.127,230.084,230.738,231.319,231.983,232.78,233.687,234.679,235.748,236.897,238.126,239.43,240.804,242.237,243.716,245.224,246.739,248.237,249.691,251.074,252.361,253.537,254.599,255.569,256.508,257.528,258.828,260.729
45780.0,355.666,348.299,340.731,332.864,324.632,315.984,306.887,297.329,287.34,277.007,266.496,256.072,246.113,237.09,229.506,223.806,220.253,218.837,219.251,220.949,223.284,225.661,227.665,229.122,230.082,230.738,231.319,231.983,232.78,233.687,234.679,235.748,236.897,238.126,239.43,240.804,242.237,243.716,245.224,246.739,248.237,249.691,251.074,252.361,253.537,254.599,255.569,256.508,257.528,258.828,260.729
45840.0,355.565,348.229,340.693,332.858,324.658,316.041,306.973,297.443,287.48,277.169,266.673,256.257,246.297,237.262,229.656,223.926,220.339,218.891,219.278,220.957,223.281,225.654,227.658,229.118,230.079,230.737,231.319,231.983,232.78,233.687,234.679,235.748,236.897,238.126,239.43,240.804,242.237,243.716,245.224,246.739,248.237,249.691,251.074,252.361,253.537,254.599,255.569,256.508,257.528,258.828,260.729
45900.0,355.461,348.157,340.653,332.85,324.681,316.095,307.057,297.556,287.618,277.328,266.849,256.442,246.48,237.433,229.806,224.046,220.426,218.945,219.305,220.966,223.279,225.647,227.652,229.113,230.077,230.736,231.319,231.983,232.78,233.687,234.679,235.748,236.897,238.126,239.43,240.804,242.237,243.716,245.224,246.739,248.237,249.691,251.074,252.361,253.537,254.599,255.569,256.508,257.528,258.828,260.729
45960.0,355.354,348.083,340.611,332.84,324.703,316.148,307.139,297.666,287.755,277.487,267.023,256.625,246.663,237.604,229.955,224.166,220.512,219.0,219.333,220.974,223.276,225.64,227.645,229.109,230.075,230.736,231.319,231.984,232.78,233.687,234.679,235.748,236.897,238.126,239.43,240.804,242.237,243.716,245.224,246.739,248.237,249.691,251.074,252.361,253.537,254.599,255.569,256.508,257.528,258.828,260.729
46020.0,355.245,348.006,340.567,332.828,324.722,316.198,307.22,297.775,287.889,277.643,267.196,256.807,246.844,237.775,230.104,224.286,220.599,219.055,219.361,220.983,223.274,225.634,227.639,229.104,230.073,230.735,231.319,231.984,232.78,233.687,234.679,235.748,236.897,238.126,239.43,240.804,242.237,243.716,245.224,246.739,248.237,249.691,251.074,252.361,253.537,254.599,255.569,256.508,257.528,258.828,260.729
46080.0,355.134,347.927,340.521,332.814,324.74,316.247,307.298,297.882,288.022,277.799,267.368,256.988,247.025,237.945,230.253,224.406,220.686,219.11,219.389,220.992,223.272,225.627,227.632,229.1,230.07,230.734,231.319,231.984,232.78,233.687,234.678,235.748,236.897,238.126,239.43,240.804,242.237,243.716,245.224,246.739,248.237,249.691,251.074,252.361,253.537,254.599,255.569,256.508,257.528,258.828,260.729
46140.0,355.02,347.846,340.472,332.798,324.755,316.293,307.375,297.988,288.154,277.953,267.539,257.168,247.205,238.114,230.402,224.526,220.774,219.165,219.417,221.001,223.27,225.621,227.626,229.095,230.068,230.734,231.319,231.984,232.78,233.687,234.678,235.748,236.897,238.126,239.43,240.804,242.237,243.716,245.224,246.739,248.237,249.691,251.074,252.361,253.537,254.599,255.569,256.508,257.528,258.828,260.729
46200.0,354.903,347.762,340.421,332.779,324.769,316.338,307.45,298.091,288.284,278.105,267.708,257.347,247.385,238.283,230.551,224.646,220.861,219.22,219.446,221.01,223.268,225.614,227.619,229.091,230.066,230.733,231.319,231.984,232.78,233.687,234.678,235.748,236.897,238.126,239.43,240.804,242.237,243.716,245.224,246.739,248.237,249.691,251.074,252.361,253.537,254.599,255.569,256.508,257.528,258.828,260.729
46260.0,354.785,347.676,340.368,332.758,324.78,316.381,307.523,298.193,288.412,278.256,267.877,257.525,247.563,238.452,230.699,224.766,220.949,219.276,219.474,221.019,223.266,225.608,227.613,229.086,230.064,230.732,231.319,231.984,232.78,233.687,234.678,235.748,236.897,238.126,239.43,240.804,242.237,243.716,245.224,246.739,248.237,249.691,251.074,252.361,253.537,254.599,255.569,256.508,257.528,258.828,260.729
46320.0,354.663,347.587,340.312,332.735,324.789,316.421,307.594,298.293,288.539,278.405,268.043,257.702,247.741,238.62,230.848,224.887,221.037,219.332,219.503,221.029,223.264,225.602,227.606,229.082,230.061,230.732,231.319,231.984,232.78,233.687,234.678,235.748,236.897,238.125,239.43,240.804,242.237,243.716,245.224,246.739,248.237,249.691,251.074,252.361,253.537,254.599,255.569,256.508,257.528,258.828,260.729
46380.0,354.539,347.496,340.254,332.71,324.796,316.46,307.664,298.392,288.664,278.553,268.209,257.878,247.918,238.788,230.996,225.007,221.125,219.388,219.532,221.039,223.262,225.595,227.6,229.077,230.059,230.731,231.319,231.985,232.78,233.687,234.678,235.748,236.897,238.125,239.43,240.804,242.237,243.716,245.224,246.739,248.237,249.691,251.074,252.361,253.537,254.599,255.569,256.508,257.528,258.828,260.729
46440.0,354.413,347.403,340.194,332.683,324.801,316.497,307.731,298.488,288.787,278.7,268.373,258.053,248.094,238.955,231.144,225.127,221.213,219.445,219.562,221.048,223.261,225.589,227.593,229.073,230.057,230.73,231.319,231.985,232.78,233.687,234.678,235.748,236.897,238.125,239.43,240.804,242.237,243.716,245.224,246.739,248.237,249.691,251.074,252.361,253.537,254.599,255.569,256.508,257.528,258.828,260.729
46500.0,354.284,347.308,340.132,332.654,324.805,316.532,307.797,298.583,288.909,278.845,268.536,258.227,248.27,239.122,231.291,225.247,221.301,219.501,219.591,221.058,223.259,225.583,227.587,229.068,230.054,230.729,231.319,231.985,232.78,233.687,234.678,235.748,236.897,238.125,239.43,240.804,242.237,243.716,245.224,246.739,248.237,249.691,251.074,252.361,253.537,254.599,255.569,256.508,257.528,258.828,260.729
46560.0,354.153,347.21,340.068,332.623,324.806,316.564,307.86,298.676,289.029,278.988,268.698,258.399,248.444,239.288,231.439,225.368,221.39,219.558,219.621,221.069,223.258,225.577,227.581,229.064,230.052,230.729,231.319,231.985,232.78,233.686,234.678,235.747,236.897,238.125,239.43,240.804,242.237,243.716,245.224,246.739,248.237,249.691,251.073,252.361,253.537,254.599,255.569,256.508,257.528,258.828,260.729
46620.0,354.019,347.109,340.001,332.589,324.805,316.595,307.922,298.768,289.147,279.13,268.858,258.571,248.618,239.454,231.586,225.488,221.478,219.615,219.651,221.079,223.257,225.571,227.574,229.059,230.05,230.728,231.319,231.985,232.78,233.686,234.678,235.747,236.897,238.125,239.43,240.804,242.237,243.716,245.224,246.739,248.237,249.691,251.073,252.361,253.537,254.599,255.569,256.508,257.528,258.828,260.729
46680.0,353.883,347.007,339.932,332.553,324.802,316.624,307.982,298.857,289.264,279.271,269.018,258.741,248.791,239.619,231.733,225.608,221.567,219.673,219.682,221.09,223.256,225.565,227.568,229.055,230.048,230.727,231.319,231.985,232.78,233.686,234.678,235.747,236.897,238.125,239.43,240.804,242.237,243.716,245.224,246.739,248.237,249.691,251.073,252.361,253.537,254.599,255.569,256.508,257.528,258.828,260.729
46740.0,353.744,346.901,339.861,332.515,324.796,316.651,308.041,298.945,289.38,279.41,269.175,258.911,248.964,239.784,231.88,225.728,221.656,219.73,219.712,221.1,223.255,225.559,227.562,229.05,230.045,230.727,231.319,231.985,232.78,233.686,234.678,235.747,236.896,238.125,239.43,240.803,242.237,243.716,245.224,246.739,248.237,249.691,251.073,252.361,253.537,254.599,255.569,256.508,257.528,258.828,260.729
46800.0,353.603,346.794,339.787,332.475,324.789,316.676,308.097,299.031,289.493,279.548,269.332,259.079,249.135,239.948,232.026,225.849,221.745,219.788,219.743,221.111,223.254,225.553,227.555,229.046,230.043,230.726,231.319,231.985,232.78,233.686,234.678,235.747,236.896,238.125,239.43,240.803,242.237,243.716,245.224,246.739,248.237,249.691,251.073,252.361,253.537,254.599,255.569,256.508,257.528,258.828,260.729
46860.0,353.459,346.684,339.711,332.433,324.78,316.7,308.151,299.115,289.605,279.684,269.487,259.247,249.306,240.111,232.172,225.969,221.834,219.846,219.774,221.122,223.253,225.547,227.549,229.041,230.041,230.725,231.319,231.985,232.78,233.686,234.678,235.747,236.896,238.125,239.43,240.803,242.237,243.716,245.224,246.739,248.237,249.691,251.073,252.361,253.537,254.599,255.569,256.508,257.528,258.828,260.729
46920.0,353.312,346.572,339.633,332.389,324.769,316.721,308.204,299.198,289.716,279.818,269.641,259.413,249.476,240.274,232.318,226.089,221.924,219.904,219.805,221.134,223.252,225.541,227.543,229.037,230.038,230.724,231.319,231.986,232.78,233.686,234.678,235.747,236.896,238.125,239.43,240.803,242.237,243.716,245.224,246.739,248.237,249.691,251.073,252.361,253.537,254.599,255.569,256.508,257.528,258.828,260.729
46980.0,353.163,346.457,339.553,332.342,324.755,316.74,308.255,299.279,289.824,279.952,269.794,259.578,249.645,240.437,232.464,226.209,222.013,219.962,219.836,221.145,223.252,225.536,227.536,229.032,230.036,230.724,231.319,231.986,232.78,233.686,234.678,235.747,236.896,238.125,239.43,240.803,242.237,243.716,245.224,246.739,248.237,249.691,251.073,252.361,253.537,254.599,255.569,256.508,257.528,258.828,260.73
47040.0,353.012,346.34,339.47,332.293,324.74,316.757,308.304,299.358,289.931,280.083,269.945,259.743,249.813,240.599,232.609,226.329,222.103,220.021,219.868,221.157,223.251,225.53,227.53,229.028,230.034,230.723,231.319,231.986,232.78,233.686,234.678,235.747,236.896,238.125,239.429,240.803,242.236,243.716,245.223,246.739,248.237,249.691,251.073,252.361,253.537,254.599,255.569,256.508,257.528,258.828,260.73
47100.0,352.858,346.22,339.385,332.243,324.723,316.772,308.351,299.435,290.037,280.214,270.095,259.906,249.98,240.76,232.755,226.45,222.193,220.08,219.9,221.168,223.251,225.524,227.524,229.023,230.031,230.722,231.319,231.986,232.78,233.686,234.678,235.747,236.896,238.125,239.429,240.803,242.236,243.716,245.223,246.739,248.237,249.691,251.073,252.361,253.537,254.599,255.569,256.508,257.528,258.828,260.73
47160.0,352.701,346.099,339.298,332.19,324.703,316.786,308.396,299.511,290.141,280.342,270.244,260.068,250.147,240.921,232.9,226.57,222.283,220.139,219.932,221.18,223.25,225.519,227.518,229.019,230.029,230.721,231.319,231.986,232.78,233.686,234.677,235.747,236.896,238.125,239.429,240.803,242.236,243.716,245.223,246.739,248.237,249.691,251.073,252.361,253.536,254.599,255.569,256.508,257.528,258.828,260.73
47220.0,352.542,345.974,339.209,332.134,324.682,316.797,308.439,299.585,290.243,280.47,270.391,260.229,250.312,241.082,233.044,226.69,222.373,220.198,219.964,221.192,223.25,225.513,227.512,229.014,230.027,230.721,231.319,231.986,232.78,233.686,234.677,235.747,236.896,238.125,239.429,240.803,242.236,243.716,245.223,246.739,248.237,249.691,251.073,252.361,253.536,254.599,255.569,256.508,257.528,258.828,260.73
47280.0,352.38,345.847,339.117,332.077,324.658,316.807,308.481,299.657,290.344,280.595,270.538,260.388,250.477,241.242,233.189,226.81,222.463,220.258,219.996,221.205,223.25,225.508,227.506,229.01,230.024,230.72,231.319,231.986,232.78,233.686,234.677,235.747,236.896,238.125,239.429,240.803,242.236,243.716,245.223,246.739,248.237,249.691,251.073,252.361,253.536,254.599,255.569,256.508,257.528,258.828,260.73
47340.0,352.216,345.718,339.023,332.017,324.632,316.814,308.52,299.728,290.443,280.72,270.682,260.547,250.641,241.401,233.333,226.93,222.553,220.317,220.029,221.217,223.25,225.502,227.499,229.005,230.022,230.719,231.319,231.986,232.78,233.686,234.677,235.747,236.896,238.125,239.429,240.803,242.236,243.716,245.223,246.739,248.237,249.691,251.073,252.361,253.536,254.599,255.569,256.508,257.528,258.828,260.73
47400.0,352.049,345.587,338.927,331.956,324.605,316.82,308.558,299.796,290.54,280.843,270.826,260.705,250.805,241.56,233.476,227.05,222.644,220.377,220.062,221.23,223.251,225.497,227.493,229.001,230.02,230.718,231.319,231.987,232.78,233.686,234.677,235.747,236.896,238.125,239.429,240.803,242.236,243.715,245.223,246.739,248.237,249.69,251.073,252.361,253.536,254.599,255.569,256.508,257.528,258.828,260.73
47460.0,351.879,345.453,338.828,331.892,324.575,316.823,308.594,299.863,290.636,280.964,270.968,260.862,250.967,241.718,233.62,227.169,222.734,220.437,220.095,221.242,223.251,225.492,227.487,228.996,230.017,230.718,231.319,231.987,232.781,233.686,234.677,235.747,236.896,238.125,239.429,240.803,242.236,243.715,245.223,246.739,248.237,249.69,251.073,252.361,253.536,254.599,255.569,256.508,257.528,258.828,260.73
47520.0,351.707,345.316,338.727,331.826,324.543,316.825,308.628,299.928,290.73,281.084,271.109,261.017,251.129,241.875,233.763,227.289,222.825,220.497,220.128,221.255,223.251,225.486,227.481,228.992,230.015,230.717,231.319,231.987,232.781,233.686,234.677,235.747,236.896,238.125,239.429,240.803,242.236,243.715,245.223,246.738,248.236,249.69,251.073,252.361,253.536,254.599,255.569,256.508,257.528,258.828,260.73
47580.0,351.532,345.177,338.624,331.758,324.509,316.825,308.661,299.992,290.823,281.202,271.249,261.171,251.289,242.032,233.906,227.409,222.915,220.558,220.162,221.269,223.252,225.481,227.475,228.987,230.013,230.716,231.319,231.987,232.781,233.686,234.677,235.747,236.896,238.125,239.429,240.803,242.236,243.715,245.223,246.738,248.236,249.69,251.073,252.361,253.536,254.599,255.569,256.508,257.528,258.828,260.73
47640.0,351.355,345.036,338.518,331.687,324.473,316.822,308.691,300.054,290.913,281.319,271.387,261.325,251.449,242.189,234.049,227.529,223.006,220.619,220.195,221.282,223.252,225.476,227.469,228.983,230.01,230.715,231.319,231.987,232.781,233.686,234.677,235.747,236.896,238.125,239.429,240.803,242.236,243.715,245.223,246.738,248.236,249.69,251.073,252.361,253.536,254.599,255.569,256.508,257.528,258.828,260.73
47700.0,351.175,344.892,338.41,331.615,324.435,316.818,308.72,300.114,291.003,281.435,271.524,261.477,251.608,242.345,234.191,227.648,223.097,220.679,220.229,221.295,223.253,225.471,227.463,228.978,230.008,230.715,231.319,231.987,232.781,233.686,234.677,235.747,236.896,238.124,239.429,240.803,242.236,243.715,245.223,246.738,248.236,249.69,251.073,252.361,253.536,254.599,255.569,256.508,257.528,258.828,260.73
47760.0,350.993,344.746,338.3,331.54,324.395,316.812,308.746,300.172,291.09,281.549,271.66,261.628,251.766,242.5,234.333,227.768,223.188,220.74,220.263,221.309,223.254,225.466,227.457,228.974,230.005,230.714,231.319,231.987,232.781,233.686,234.677,235.746,236.896,238.124,239.429,240.803,242.236,243.715,245.223,246.738,248.236,249.69,251.073,252.361,253.536,254.599,255.569,256.508,257.528,258.828,260.73
47820.0,350.807,344.597,338.188,331.463,324.353,316.804,308.771,300.228,291.177,281.661,271.795,261.778,251.923,242.655,234.475,227.887,223.279,220.802,220.298,221.323,223.255,225.461,227.451,228.969,230.003,230.713,231.319,231.987,232.781,233.686,234.677,235.746,236.896,238.124,239.429,240.803,242.236,243.715,245.223,246.738,248.236,249.69,251.073,252.361,253.536,254.599,255.569,256.508,257.528,258.828,260.73
47880.0,350.62,344.446,338.073,331.384,324.309,316.794,308.794,300.283,291.261,281.772,271.928,261.927,252.08,242.809,234.616,228.007,223.37,220.863,220.332,221.337,223.256,225.456,227.445,228.965,230.001,230.712,231.319,231.987,232.781,233.686,234.677,235.746,236.896,238.124,239.429,240.803,242.236,243.715,245.223,246.738,248.236,249.69,251.073,252.361,253.536,254.599,255.569,256.508,257.528,258.828,260.73
47940.0,350.429,344.292,337.956,331.303,324.263,316.782,308.815,300.336,291.344,281.882,272.06,262.075,252.235,242.962,234.757,228.126,223.462,220.924,220.367,221.351,223.257,225.452,227.439,228.96,229.998,230.711,231.319,231.988,232.781,233.686,234.677,235.746,236.896,238.124,239.429,240.803,242.236,243.715,245.223,246.738,248.236,249.69,251.073,252.361,253.536,254.599,255.569,256.508,257.528,258.828,260.73
48000.0,350.236,344.136,337.836,331.219,324.214,316.768,308.835,300.387,291.425,281.99,272.19,262.221,252.39,243.115,234.898,228.245,223.553,220.986,220.402,221.365,223.259,225.447,227.433,228.956,229.996,230.711,231.319,231.988,232.781,233.686,234.677,235.746,236.896,238.124,239.429,240.803,242.236,243.715,245.223,246.738,248.236,249.69,251.073,252.361,253.536,254.599,255.569,256.508,257.528,258.828,260.73
48060.0,350.04,343.977,337.715,331.133,324.164,316.752,308.852,300.437,291.505,282.097,272.319,262.367,252.544,243.267,235.038,228.364,223.645,221.048,220.437,221.379,223.26,225.442,227.428,228.952,229.994,230.71,231.319,231.988,232.781,233.686,234.677,235.746,236.895,238.124,239.429,240.803,242.236,243.715,245.223,246.738,248.236,249.69,251.073,252.361,253.536,254.599,255.569,256.508,257.528,258.828,260.73
48120.0,349.842,343.816,337.591,331.046,324.111,316.734,308.868,300.485,291.583,282.202,272.447,262.511,252.697,243.419,235.178,228.483,223.736,221.11,220.472,221.394,223.261,225.437,227.422,228.947,229.991,230.709,231.319,231.988,232.781,233.685,234.677,235.746,236.895,238.124,239.429,240.803,242.236,243.715,245.223,246.738,248.236,249.69,251.073,252.36,253.536,254.599,255.569,256.508,257.528,258.828,260.73
48180.0,349.641,343.653,337.464,330.955,324.057,316.714,308.882,300.531,291.659,282.306,272.574,262.655,252.849,243.57,235.318,228.602,223.828,221.172,220.508,221.409,223.263,225.433,227.416,228.943,229.989,230.708,231.318,231.988,232.781,233.685,234.677,235.746,236.895,238.124,239.429,240.803,242.236,243.715,245.223,246.738,248.236,249.69,251.073,252.36,253.536,254.599,255.569,256.508,257.528,258.828,260.73
48240.0,349.437,343.486,337.335,330.863,324.0,316.692,308.894,300.575,291.734,282.408,272.699,262.797,253.0,243.721,235.457,228.721,223.919,221.235,220.543,221.424,223.265,225.428,227.41,228.938,229.986,230.707,231.318,231.988,232.781,233.685,234.677,235.746,236.895,238.124,239.429,240.802,242.236,243.715,245.223,246.738,248.236,249.69,251.073,252.36,253.536,254.599,255.569,256.508,257.528,258.828,260.73
48300.0,349.23,343.318,337.204,330.769,323.941,316.668,308.904,300.618,291.807,282.508,272.823,262.938,253.151,243.871,235.596,228.839,224.011,221.298,220.579,221.439,223.267,225.424,227.404,228.934,229.984,230.706,231.318,231.988,232.781,233.685,234.676,235.746,236.895,238.124,239.429,240.802,242.236,243.715,245.223,246.738,248.236,249.69,251.073,252.36,253.536,254.599,255.569,256.508,257.528,258.828,260.73
48360.0,349.021,343.147,337.071,330.672,323.881,316.642,308.912,300.659,291.879,282.608,272.946,263.078,253.3,244.02,235.735,228.958,224.103,221.36,220.615,221.454,223.269,225.42,227.399,228.929,229.981,230.706,231.318,231.988,232.781,233.685,234.676,235.746,236.895,238.124,239.429,240.802,242.236,243.715,245.223,246.738,248.236,249.69,251.073,252.36,253.536,254.599,255.569,256.508,257.528,258.828,260.73
48420.0,348.809,342.973,336.935,330.573,323.818,316.615,308.918,300.698,291.948,282.706,273.067,263.217,253.449,244.168,235.873,229.076,224.195,221.423,220.651,221.47,223.271,225.415,227.393,228.925,229.979,230.705,231.318,231.988,232.781,233.685,234.676,235.746,236.895,238.124,239.429,240.802,242.236,243.715,245.223,246.738,248.236,249.69,251.073,252.36,253.536,254.599,255.569,256.508,257.528,258.828,260.73
48480.0,348.595,342.797,336.797,330.472,323.753,316.585,308.923,300.735,292.017,282.802,273.187,263.355,253.596,244.316,236.011,229.195,224.287,221.486,220.688,221.485,223.273,225.411,227.387,228.92,229.977,230.704,231.318,231.989,232.781,233.685,234.676,235.746,236.895,238.124,239.428,240.802,242.236,243.715,245.223,246.738,248.236,249.69,251.073,252.36,253.536,254.599,255.569,256.508,257.528,258.828,260.73
48540.0,348.377,342.618,336.656,330.369,323.686,316.553,308.926,300.771,292.084,282.897,273.306,263.492,253.743,244.464,236.149,229.313,224.379,221.55,220.725,221.501,223.275,225.407,227.382,228.916,229.974,230.703,231.318,231.989,232.781,233.685,234.676,235.746,236.895,238.124,239.428,240.802,242.236,243.715,245.223,246.738,248.236,249.69,251.073,252.36,253.536,254.599,255.569,256.508,257.528,258.828,260.73
48600.0,348.157,342.437,336.513,330.263,323.617,316.52,308.926,300.805,292.149,282.99,273.423,263.627,253.889,244.61,236.286,229.431,224.471,221.613,220.761,221.517,223.278,225.403,227.376,228.912,229.972,230.702,231.318,231.989,232.781,233.685,234.676,235.746,236.895,238.124,239.428,240.802,242.235,243.715,245.223,246.738,248.236,249.69,251.073,252.36,253.536,254.599,255.569,256.508,257.528,258.828,260.73
48660.0,347.935,342.253,336.368,330.155,323.546,316.484,308.926,300.837,292.212,283.082,273.539,263.762,254.034,244.757,236.423,229.549,224.563,221.677,220.798,221.533,223.28,225.399,227.37,228.907,229.969,230.701,231.318,231.989,232.781,233.685,234.676,235.746,236.895,238.124,239.428,240.802,242.235,243.715,245.223,246.738,248.236,249.69,251.073,252.36,253.536,254.599,255.569,256.508,257.528,258.828,260.73
48720.0,347.709,342.067,336.22,330.045,323.472,316.447,308.923,300.868,292.274,283.172,273.654,263.895,254.178,244.902,236.559,229.667,224.655,221.74,220.836,221.549,223.283,225.395,227.365,228.903,229.967,230.7,231.318,231.989,232.781,233.685,234.676,235.746,236.895,238.124,239.428,240.802,242.235,243.715,245.223,246.738,248.236,249.69,251.073,252.36,253.536,254.598,255.569,256.508,257.528,258.828,260.73
48780.0,347.481,341.878,336.07,329.933,323.397,316.407,308.918,300.897,292.334,283.261,273.767,264.027,254.321,245.047,236.695,229.784,224.747,221.804,220.873,221.566,223.286,225.391,227.359,228.898,229.964,230.7,231.318,231.989,232.781,233.685,234.676,235.746,236.895,238.124,239.428,240.802,242.235,243.715,245.223,246.738,248.236,249.69,251.073,252.36,253.536,254.598,255.569,256.508,257.528,258.828,260.73
48840.0,347.25,341.686,335.918,329.819,323.319,316.366,308.912,300.924,292.393,283.349,273.88,264.158,254.464,245.191,236.831,229.902,224.84,221.868,220.91,221.582,223.288,225.387,227.354,228.894,229.962,230.699,231.318,231.989,232.781,233.685,234.676,235.746,236.895,238.124,239.428,240.802,242.235,243.715,245.223,246.738,248.236,249.69,251.073,252.36,253.536,254.598,255.569,256.508,257.528,258.828,260.73
48900.0,347.016,341.492,335.763,329.702,323.24,316.322,308.903,300.949,292.45,283.435,273.99,264.288,254.605,245.334,236.966,230.019,224.932,221.932,220.948,221.599,223.291,225.383,227.348,228.89,229.96,230.698,231.318,231.989,232.781,233.685,234.676,235.746,236.895,238.124,239.428,240.802,242.235,243.715,245.222,246.738,248.236,249.69,251.073,252.36,253.536,254.598,255.569,256.508,257.528,258.828,260.73
48960.0,346.779,341.296,335.606,329.583,323.158,316.277,308.893,300.973,292.505,283.519,274.1,264.417,254.745,245.477,237.101,230.137,225.024,221.997,220.986,221.616,223.295,225.379,227.343,228.885,229.957,230.697,231.318,231.989,232.781,233.685,234.676,235.745,236.895,238.124,239.428,240.802,242.235,243.715,245.222,246.738,248.236,249.69,251.073,252.36,253.536,254.598,255.569,256.508,257.528,258.828,260.73
49020.0,346.54,341.097,335.446,329.462,323.074,316.23,308.881,300.994,292.559,283.602,274.208,264.545,254.885,245.619,237.235,230.254,225.117,222.061,221.024,221.633,223.298,225.375,227.337,228.881,229.955,230.696,231.318,231.989,232.781,233.685,234.676,235.745,236.895,238.123,239.428,240.802,242.235,243.715,245.222,246.738,248.236,249.69,251.073,252.36,253.536,254.598,255.569,256.508,257.528,258.828,260.73
49080.0,346.298,340.895,335.284,329.339,322.989,316.18,308.867,301.015,292.612,283.684,274.315,264.671,255.024,245.761,237.37,230.37,225.209,222.126,221.063,221.65,223.301,225.372,227.332,228.876,229.952,230.695,231.317,231.99,232.781,233.685,234.676,235.745,236.895,238.123,239.428,240.802,242.235,243.714,245.222,246.738,248.236,249.69,251.073,252.36,253.536,254.598,255.569,256.508,257.528,258.828,260.73
49140.0,346.053,340.69,335.12,329.213,322.901,316.129,308.851,301.033,292.662,283.764,274.421,264.797,255.162,245.902,237.503,230.487,225.301,222.191,221.101,221.668,223.305,225.368,227.326,228.872,229.95,230.694,231.317,231.99,232.781,233.685,234.676,235.745,236.895,238.123,239.428,240.802,242.235,243.714,245.222,246.738,248.236,249.69,251.073,252.36,253.536,254.598,255.569,256.508,257.528,258.828,260.73
49200.0,345.805,340.484,334.953,329.085,322.811,316.076,308.834,301.05,292.711,283.843,274.525,264.921,255.298,246.042,237.637,230.604,225.394,222.256,221.14,221.685,223.308,225.365,227.321,228.868,229.947,230.693,231.317,231.99,232.781,233.685,234.676,235.745,236.895,238.123,239.428,240.802,242.235,243.714,245.222,246.738,248.236,249.69,251.073,252.36,253.536,254.598,255.569,256.508,257.528,258.828,260.73
49260.0,345.555,340.274,334.784,328.955,322.719,316.021,308.814,301.065,292.759,283.92,274.628,265.044,255.434,246.182,237.769,230.72,225.486,222.321,221.179,221.703,223.312,225.361,227.315,228.863,229.945,230.693,231.317,231.99,232.781,233.685,234.676,235.745,236.895,238.123,239.428,240.802,242.235,243.714,245.222,246.738,248.236,249.69,251.073,252.36,253.536,254.598,255.569,256.508,257.528,258.828,260.73
49320.0,345.301,340.062,334.612,328.823,322.624,315.963,308.793,301.078,292.804,283.995,274.729,265.166,255.569,246.32,237.902,230.836,225.579,222.386,221.218,221.721,223.316,225.358,227.31,228.859,229.942,230.692,231.317,231.99,232.781,233.685,234.676,235.745,236.894,238.123,239.428,240.802,242.235,243.714,245.222,246.738,248.236,249.69,251.073,252.36,253.536,254.598,255.569,256.508,257.528,258.828,260.73
49380.0,345.045,339.847,334.438,328.688,322.528,315.904,308.77,301.089,292.849,284.07,274.83,265.287,255.703,246.459,238.034,230.952,225.671,222.451,221.257,221.739,223.319,225.354,227.305,228.855,229.94,230.691,231.317,231.99,232.781,233.685,234.676,235.745,236.894,238.123,239.428,240.802,242.235,243.714,245.222,246.738,248.236,249.69,251.073,252.36,253.536,254.598,255.569,256.508,257.528,258.828,260.73
49440.0,344.786,339.63,334.262,328.551,322.43,315.843,308.745,301.099,292.891,284.142,274.929,265.407,255.837,246.596,238.166,231.068,225.764,222.516,221.296,221.757,223.323,225.351,227.3,228.85,229.937,230.69,231.317,231.99,232.782,233.685,234.675,235.745,236.894,238.123,239.428,240.802,242.235,243.714,245.222,246.738,248.236,249.69,251.073,252.36,253.536,254.598,255.569,256.508,257.528,258.828,260.73
49500.0,344.524,339.41,334.083,328.412,322.329,315.78,308.718,301.107,292.932,284.213,275.026,265.525,255.969,246.733,238.297,231.184,225.856,222.582,221.336,221.775,223.328,225.348,227.294,228.846,229.935,230.689,231.317,231.99,232.782,233.685,234.675,235.745,236.894,238.123,239.428,240.802,242.235,243.714,245.222,246.738,248.236,249.69,251.073,252.36,253.536,254.598,255.569,256.508,257.528,258.828,260.73
49560.0,344.259,339.187,333.901,328.271,322.226,315.715,308.689,301.113,292.972,284.283,275.123,265.643,256.1,246.869,238.428,231.299,225.949,222.648,221.375,221.794,223.332,225.345,227.289,228.842,229.932,230.688,231.317,231.99,232.782,233.685,234.675,235.745,236.894,238.123,239.428,240.802,242.235,243.714,245.222,246.737,248.236,249.69,251.073,252.36,253.536,254.598,255.569,256.508,257.528,258.828,260.73
49620.0,343.991,338.962,333.717,328.127,322.122,315.648,308.659,301.118,293.009,284.352,275.218,265.759,256.231,247.005,238.558,231.415,226.041,222.713,221.415,221.812,223.336,225.342,227.284,228.837,229.93,230.687,231.317,231.99,232.782,233.685,234.675,235.745,236.894,238.123,239.428,240.802,242.235,243.714,245.222,246.737,248.236,249.69,251.073,252.36,253.536,254.598,255.569,256.508,257.528,258.828,260.73
49680.0,343.721,338.734,333.531,327.981,322.015,315.579,308.627,301.121,293.046,284.418,275.311,265.874,256.36,247.139,238.688,231.53,226.134,222.779,221.455,221.831,223.341,225.339,227.279,228.833,229.927,230.686,231.316,231.99,232.782,233.685,234.675,235.745,236.894,238.123,239.428,240.801,242.235,243.714,245.222,246.737,248.236,249.69,251.073,252.36,253.536,254.598,255.569,256.508,257.528,258.828,260.73
49740.0,343.447,338.503,333.342,327.833,321.906,315.508,308.592,301.122,293.08,284.484,275.404,265.988,256.489,247.273,238.817,231.645,226.226,222.845,221.495,221.85,223.345,225.336,227.274,228.829,229.925,230.685,231.316,231.991,232.782,233.684,234.675,235.745,236.894,238.123,239.428,240.801,242.235,243.714,245.222,246.737,248.236,249.69,251.072,252.36,253.536,254.598,255.569,256.508,257.528,258.828,260.73
49800.0,343.171,338.27,333.151,327.682,321.794,315.435,308.556,301.121,293.113,284.548,275.495,266.101,256.616,247.407,238.946,231.759,226.319,222.912,221.536,221.869,223.35,225.333,227.268,228.824,229.923,230.684,231.316,231.991,232.782,233.684,234.675,235.745,236.894,238.123,239.428,240.801,242.235,243.714,245.222,246.737,248.236,249.69,251.072,252.36,253.536,254.598,255.569,256.508,257.528,258.828,260.73
49860.0,342.892,338.034,332.957,327.529,321.681,315.36,308.518,301.119,293.144,284.61,275.584,266.213,256.743,247.539,239.075,231.874,226.411,222.978,221.576,221.889,223.355,225.33,227.263,228.82,229.92,230.683,231.316,231.991,232.782,233.684,234.675,235.745,236.894,238.123,239.427,240.801,242.235,243.714,245.222,246.737,248.235,249.69,251.072,252.36,253.536,254.598,255.569,256.508,257.528,258.828,260.73
49920.0,342.609,337.795,332.761,327.374,321.566,315.283,308.478,301.115,293.174,284.671,275.673,266.323,256.869,247.671,239.203,231.988,226.503,223.044,221.617,221.908,223.36,225.328,227.258,228.816,229.918,230.682,231.316,231.991,232.782,233.684,234.675,235.745,236.894,238.123,239.427,240.801,242.235,243.714,245.222,246.737,248.235,249.69,251.072,252.36,253.536,254.598,255.569,256.508,257.528,258.828,260.73
49980.0,342.324,337.553,332.563,327.217,321.448,315.204,308.437,301.109,293.202,284.731,275.76,266.433,256.993,247.803,239.331,232.102,226.596,223.111,221.658,221.928,223.365,225.325,227.253,228.811,229.915,230.681,231.316,231.991,232.782,233.684,234.675,235.745,236.894,238.123,239.427,240.801,242.235,243.714,245.222,246.737,248.235,249.69,251.072,252.36,253.536,254.598,255.569,256.508,257.528,258.828,260.73
50040.0,342.036,337.309,332.362,327.057,321.329,315.123,308.393,301.102,293.229,284.789,275.846,266.541,257.117,247.933,239.458,232.216,226.688,223.177,221.699,221.947,223.37,225.322,227.248,228.807,229.913,230.681,231.316,231.991,232.782,233.684,234.675,235.745,236.894,238.123,239.427,240.801,242.235,243.714,245.222,246.737,248.235,249.689,251.072,252.36,253.536,254.598,255.569,256.507,257.528,258.828,260.73
50100.0,341.745,337.063,332.158,326.895,321.207,315.04,308.348,301.092,293.254,284.845,275.93,266.648,257.24,248.063,239.585,232.33,226.781,223.244,221.74,221.967,223.375,225.32,227.243,228.803,229.91,230.68,231.316,231.991,232.782,233.684,234.675,235.745,236.894,238.123,239.427,240.801,242.235,243.714,245.222,246.737,248.235,249.689,251.072,252.36,253.536,254.598,255.569,256.507,257.528,258.828,260.73
50160.0,341.451,336.813,331.952,326.731,321.083,314.955,308.301,301.081,293.277,284.9,276.013,266.754,257.362,248.192,239.711,232.443,226.873,223.311,221.781,221.987,223.38,225.317,227.238,228.799,229.908,230.679,231.315,231.991,232.782,233.684,234.675,235.744,236.894,238.123,239.427,240.801,242.235,243.714,245.222,246.737,248.235,249.689,251.072,252.36,253.536,254.598,255.569,256.507,257.528,258.828,260.73
50220.0,341.154,336.561,331.743,326.564,320.957,314.868,308.252,301.069,293.299,284.954,276.095,266.859,257.483,248.321,239.837,232.556,226.965,223.378,221.823,222.008,223.386,225.315,227.233,228.794,229.905,230.678,231.315,231.991,232.782,233.684,234.675,235.744,236.894,238.123,239.427,240.801,242.234,243.714,245.222,246.737,248.235,249.689,251.072,252.36,253.536,254.598,255.569,256.507,257.528,258.828,260.73
50280.0,340.854,336.306,331.532,326.396,320.829,314.779,308.201,301.054,293.319,285.006,276.175,266.963,257.603,248.448,239.962,232.669,227.058,223.445,221.864,222.028,223.391,225.313,227.229,228.79,229.903,230.677,231.315,231.991,232.782,233.684,234.675,235.744,236.894,238.123,239.427,240.801,242.234,243.714,245.222,246.737,248.235,249.689,251.072,252.36,253.536,254.598,255.569,256.507,257.528,258.828,260.73
50340.0,340.551,336.048,331.319,326.224,320.698,314.689,308.148,301.038,293.338,285.056,276.255,267.065,257.722,248.575,240.087,232.782,227.15,223.512,221.906,222.048,223.397,225.31,227.224,228.786,229.9,230.676,231.315,231.991,232.782,233.684,234.675,235.744,236.894,238.122,239.427,240.801,242.234,243.714,245.222,246.737,248.235,249.689,251.072,252.36,253.536,254.598,255.569,256.507,257.528,258.828,260.73
50400.0,340.245,335.788,331.103,326.051,320.566,314.596,308.093,301.02,293.355,285.106,276.332,267.167,257.84,248.702,240.211,232.895,227.242,223.579,221.948,222.069,223.403,225.308,227.219,228.782,229.897,230.675,231.315,231.992,232.782,233.684,234.675,235.744,236.894,238.122,239.427,240.801,242.234,243.714,245.222,246.737,248.235,249.689,251.072,252.36,253.536,254.598,255.569,256.507,257.528,258.828,260.73
50460.0,339.936,335.525,330.884,325.875,320.431,314.501,308.037,301.001,293.37,285.153,276.409,267.267,257.957,248.827,240.335,233.007,227.334,223.646,221.99,222.09,223.409,225.306,227.214,228.777,229.895,230.674,231.315,231.992,232.782,233.684,234.675,235.744,236.894,238.122,239.427,240.801,242.234,243.714,245.222,246.737,248.235,249.689,251.072,252.36,253.536,254.598,255.569,256.507,257.528,258.828,260.73
50520.0,339.624,335.259,330.663,325.697,320.294,314.404,307.979,300.979,293.384,285.2,276.484,267.366,258.074,248.952,240.459,233.119,227.426,223.714,222.032,222.111,223.415,225.304,227.209,228.773,229.892,230.673,231.315,231.992,232.782,233.684,234.675,235.744,236.894,238.122,239.427,240.801,242.234,243.714,245.222,246.737,248.235,249.689,251.072,252.36,253.536,254.598,255.569,256.507,257.528,258.828,260.73
50580.0,339.309,334.99,330.439,325.516,320.155,314.305,307.919,300.956,293.396,285.244,276.558,267.464,258.189,249.076,240.582,233.231,227.519,223.781,222.075,222.132,223.421,225.302,227.205,228.769,229.89,230.672,231.315,231.992,232.782,233.684,234.674,235.744,236.894,238.122,239.427,240.801,242.234,243.714,245.222,246.737,248.235,249.689,251.072,252.36,253.536,254.598,255.569,256.507,257.528,258.828,260.73
50640.0,338.99,334.718,330.213,325.333,320.014,314.204,307.856,300.931,293.406,285.288,276.63,267.561,258.303,249.199,240.704,233.342,227.611,223.849,222.117,222.153,223.427,225.3,227.2,228.765,229.887,230.671,231.314,231.992,232.782,233.684,234.674,235.744,236.893,238.122,239.427,240.801,242.234,243.714,245.222,246.737,248.235,249.689,251.072,252.36,253.536,254.598,255.569,256.507,257.528,258.828,260.73
50700.0,338.669,334.444,329.984,325.148,319.871,314.101,307.793,300.905,293.415,285.33,276.702,267.656,258.417,249.322,240.826,233.453,227.703,223.916,222.16,222.175,223.434,225.298,227.195,228.76,229.885,230.67,231.314,231.992,232.782,233.684,234.674,235.744,236.893,238.122,239.427,240.801,242.234,243.714,245.222,246.737,248.235,249.689,251.072,252.36,253.536,254.598,255.569,256.507,257.528,258.828,260.73
50760.0,338.345,334.167,329.753,324.961,319.726,313.997,307.727,300.877,293.423,285.37,276.771,267.751,258.529,249.444,240.948,233.564,227.794,223.984,222.203,222.196,223.44,225.296,227.191,228.756,229.882,230.669,231.314,231.992,232.782,233.684,234.674,235.744,236.893,238.122,239.427,240.801,242.234,243.713,245.221,246.737,248.235,249.689,251.072,252.36,253.536,254.598,255.569,256.507,257.528,258.828,260.73
50820.0,338.017,333.887,329.519,324.771,319.578,313.89,307.659,300.847,293.428,285.409,276.84,267.844,258.641,249.565,241.069,233.675,227.886,224.052,222.246,222.218,223.447,225.295,227.186,228.752,229.88,230.668,231.314,231.992,232.782,233.684,234.674,235.744,236.893,238.122,239.427,240.801,242.234,243.713,245.221,246.737,248.235,249.689,251.072,252.36,253.536,254.598,255.569,256.507,257.528,258.828,260.73
50880.0,337.687,333.604,329.282,324.579,319.428,313.781,307.59,300.815,293.432,285.446,276.907,267.936,258.751,249.685,241.189,233.785,227.978,224.12,222.289,222.24,223.454,225.293,227.181,228.748,229.877,230.667,231.314,231.992,232.782,233.684,234.674,235.744,236.893,238.122,239.427,240.801,242.234,243.713,245.221,246.737,248.235,249.689,251.072,252.36,253.536,254.598,255.569,256.507,257.528,258.828,260.73
50940.0,337.353,333.319,329.043,324.384,319.276,313.67,307.518,300.781,293.435,285.482,276.973,268.027,258.861,249.805,241.309,233.896,228.07,224.188,222.332,222.262,223.461,225.291,227.177,228.744,229.875,230.666,231.314,231.992,232.782,233.684,234.674,235.744,236.893,238.122,239.427,240.801,242.234,243.713,245.221,246.737,248.235,249.689,251.072,252.36,253.536,254.598,255.569,256.507,257.528,258.828,260.73
51000.0,337.016,333.03,328.802,324.187,319.122,313.557,307.445,300.746,293.436,285.517,277.038,268.117,258.969,249.924,241.429,234.006,228.162,224.256,222.376,222.284,223.468,225.29,227.172,228.74,229.872,230.665,231.313,231.992,232.782,233.684,234.674,235.744,236.893,238.122,239.427,240.801,242.234,243.713,245.221,246.737,248.235,249.689,251.072,252.36,253.536,254.598,255.569,256.507,257.528,258.828,260.73
51060.0,336.676,332.739,328.557,323.988,318.966,313.442,307.37,300.709,293.435,285.55,277.101,268.206,259.077,250.042,241.548,234.115,228.253,224.324,222.419,222.306,223.475,225.288,227.168,228.735,229.87,230.664,231.313,231.992,232.782,233.684,234.674,235.744,236.893,238.122,239.427,240.801,242.234,243.713,245.221,246.737,248.235,249.689,251.072,252.36,253.536,254.598,255.569,256.507,257.528,258.828,260.73
51120.0,336.333,332.445,328.311,323.786,318.807,313.325,307.293,300.671,293.433,285.581,277.163,268.293,259.183,250.16,241.666,234.225,228.345,224.392,222.463,222.328,223.482,225.287,227.163,228.731,229.867,230.663,231.313,231.992,232.782,233.684,234.674,235.744,236.893,238.122,239.427,240.801,242.234,243.713,245.221,246.737,248.235,249.689,251.072,252.36,253.536,254.598,255.569,256.507,257.528,258.828,260.73
51180.0,335.987,332.148,328.061,323.582,318.647,313.206,307.214,300.63,293.429,285.611,277.223,268.38,259.289,250.276,241.784,234.334,228.436,224.46,222.507,222.351,223.489,225.286,227.159,228.727,229.865,230.662,231.313,231.992,232.782,233.684,234.674,235.744,236.893,238.122,239.427,240.8,242.234,243.713,245.221,246.737,248.235,249.689,251.072,252.36,253.536,254.598,255.569,256.507,257.528,258.828,260.73
51240.0,335.637,331.848,327.809,323.376,318.484,313.085,307.134,300.588,293.424,285.64,277.283,268.465,259.394,250.392,241.901,234.443,228.527,224.528,222.551,222.374,223.496,225.284,227.155,228.723,229.862,230.661,231.313,231.993,232.782,233.684,234.674,235.744,236.893,238.122,239.427,240.8,242.234,243.713,245.221,246.737,248.235,249.689,251.072,252.36,253.536,254.598,255.569,256.507,257.528,258.828,260.73
51300.0,335.285,331.546,327.555,323.167,318.319,312.962,307.051,300.544,293.416,285.667,277.341,268.549,259.497,250.507,242.018,234.551,228.619,224.597,222.595,222.397,223.504,225.283,227.15,228.719,229.86,230.66,231.313,231.993,232.782,233.684,234.674,235.744,236.893,238.122,239.426,240.8,242.234,243.713,245.221,246.737,248.235,249.689,251.072,252.36,253.536,254.598,255.569,256.507,257.528,258.828,260.73
51360.0,334.929,331.24,327.297,322.956,318.152,312.837,306.967,300.499,293.408,285.693,277.397,268.632,259.6,250.622,242.135,234.659,228.71,224.665,222.639,222.42,223.512,225.282,227.146,228.715,229.857,230.659,231.312,231.993,232.783,233.684,234.674,235.743,236.893,238.122,239.426,240.8,242.234,243.713,245.221,246.737,248.235,249.689,251.072,252.36,253.536,254.598,255.569,256.507,257.528,258.828,260.73
51420.0,334.57,330.932,327.037,322.742,317.982,312.71,306.88,300.452,293.398,285.717,277.453,268.713,259.702,250.735,242.25,234.767,228.801,224.733,222.683,222.443,223.519,225.281,227.142,228.711,229.855,230.658,231.312,231.993,232.783,233.684,234.674,235.743,236.893,238.122,239.426,240.8,242.234,243.713,245.221,246.737,248.235,249.689,251.072,252.36,253.536,254.598,255.569,256.507,257.528,258.828,260.73
51480.0,334.207,330.62,326.775,322.526,317.811,312.581,306.792,300.403,293.386,285.74,277.507,268.794,259.802,250.848,242.366,234.875,228.892,224.802,222.728,222.466,223.527,225.28,227.137,228.707,229.852,230.657,231.312,231.993,232.783,233.683,234.674,235.743,236.893,238.122,239.426,240.8,242.234,243.713,245.221,246.737,248.235,249.689,251.072,252.36,253.536,254.598,255.569,256.507,257.528,258.828,260.73
51540.0,333.842,330.306,326.51,322.308,317.637,312.45,306.702,300.352,293.372,285.761,277.559,268.873,259.902,250.96,242.481,234.982,228.983,224.87,222.772,222.489,223.535,225.279,227.133,228.702,229.849,230.656,231.312,231.993,232.783,233.683,234.674,235.743,236.893,238.122,239.426,240.8,242.234,243.713,245.221,246.736,248.235,249.689,251.072,252.36,253.536,254.598,255.569,256.507,257.528,258.828,260.73
51600.0,333.473,329.989,326.242,322.087,317.461,312.317,306.61,300.299,293.357,285.781,277.611,268.951,260.001,251.071,242.595,235.089,229.074,224.939,222.817,222.513,223.543,225.278,227.129,228.698,229.847,230.655,231.312,231.993,232.783,233.683,234.674,235.743,236.893,238.122,239.426,240.8,242.234,243.713,245.221,246.736,248.235,249.689,251.072,252.36,253.536,254.598,255.569,256.507,257.528,258.828,260.73
51660.0,333.101,329.668,325.972,321.864,317.283,312.182,306.517,300.245,293.34,285.799,277.661,269.028,260.099,251.182,242.709,235.196,229.165,225.008,222.862,222.537,223.551,225.278,227.125,228.694,229.844,230.654,231.311,231.993,232.783,233.683,234.674,235.743,236.893,238.122,239.426,240.8,242.234,243.713,245.221,246.736,248.235,249.689,251.072,252.36,253.536,254.598,255.569,256.507,257.528,258.828,260.73
51720.0,332.726,329.345,325.699,321.638,317.102,312.045,306.421,300.189,293.322,285.816,277.709,269.104,260.196,251.292,242.822,235.302,229.255,225.076,222.907,222.56,223.56,225.277,227.121,228.69,229.842,230.652,231.311,231.993,232.783,233.683,234.674,235.743,236.893,238.121,239.426,240.8,242.234,243.713,245.221,246.736,248.235,249.689,251.072,252.36,253.536,254.598,255.569,256.507,257.528,258.828,260.73
51780.0,332.347,329.019,325.423,321.41,316.92,311.906,306.323,300.132,293.302,285.832,277.757,269.179,260.291,251.401,242.934,235.409,229.346,225.145,222.952,222.584,223.568,225.276,227.117,228.686,229.839,230.651,231.311,231.993,232.783,233.683,234.673,235.743,236.893,238.121,239.426,240.8,242.233,243.713,245.221,246.736,248.235,249.689,251.072,252.36,253.536,254.598,255.569,256.507,257.528,258.828,260.73
51840.0,331.965,328.69,325.144,321.18,316.735,311.765,306.224,300.072,293.281,285.846,277.803,269.253,260.386,251.509,243.046,235.514,229.436,225.214,222.997,222.609,223.577,225.276,227.113,228.682,229.837,230.65,231.311,231.993,232.783,233.683,234.673,235.743,236.893,238.121,239.426,240.8,242.233,243.713,245.221,246.736,248.235,249.689,251.072,252.36,253.536,254.598,255.569,256.507,257.528,258.828,260.73
51900.0,331.58,328.358,324.863,320.947,316.548,311.622,306.123,300.011,293.258,285.858,277.847,269.325,260.48,251.617,243.158,235.62,229.526,225.283,223.043,222.633,223.585,225.275,227.108,228.678,229.834,230.649,231.311,231.993,232.783,233.683,234.673,235.743,236.892,238.121,239.426,240.8,242.233,243.713,245.221,246.736,248.235,249.689,251.072,252.36,253.536,254.598,255.569,256.507,257.528,258.828,260.73
51960.0,331.191,328.023,324.579,320.711,316.359,311.476,306.02,299.948,293.233,285.869,277.891,269.396,260.573,251.723,243.269,235.725,229.616,225.352,223.088,222.657,223.594,225.275,227.104,228.674,229.832,230.648,231.311,231.993,232.783,233.683,234.673,235.743,236.892,238.121,239.426,240.8,242.233,243.713,245.221,246.736,248.235,249.689,251.072,252.36,253.536,254.598,255.569,256.507,257.528,258.828,260.73
52020.0,330.799,327.685,324.293,320.474,316.167,311.329,305.915,299.884,293.207,285.879,277.933,269.466,260.665,251.829,243.379,235.83,229.707,225.42,223.134,222.682,223.603,225.275,227.101,228.67,229.829,230.647,231.31,231.993,232.783,233.683,234.673,235.743,236.892,238.121,239.426,240.8,242.233,243.713,245.221,246.736,248.235,249.689,251.072,252.359,253.536,254.598,255.569,256.507,257.528,258.828,260.73
52080.0,330.403,327.344,324.004,320.233,315.973,311.18,305.808,299.817,293.179,285.887,277.973,269.535,260.756,251.934,243.489,235.934,229.796,225.489,223.179,222.706,223.612,225.274,227.097,228.666,229.827,230.646,231.31,231.993,232.783,233.683,234.673,235.743,236.892,238.121,239.426,240.8,242.233,243.713,245.221,246.736,248.235,249.689,251.072,252.359,253.536,254.598,255.569,256.507,257.528,258.828,260.73
52140.0,330.005,327.0,323.712,319.991,315.777,311.028,305.699,299.749,293.15,285.893,278.013,269.603,260.846,252.039,243.599,236.039,229.886,225.558,223.225,222.731,223.621,225.274,227.093,228.662,229.824,230.645,231.31,231.994,232.783,233.683,234.673,235.743,236.892,238.121,239.426,240.8,242.233,243.713,245.221,246.736,248.234,249.689,251.072,252.359,253.536,254.598,255.569,256.507,257.528,258.828,260.73
52200.0,329.602,326.653,323.417,319.745,315.579,310.875,305.588,299.68,293.119,285.899,278.051,269.669,260.935,252.142,243.707,236.143,229.976,225.627,223.271,222.756,223.63,225.274,227.089,228.658,229.821,230.644,231.31,231.994,232.783,233.683,234.673,235.743,236.892,238.121,239.426,240.8,242.233,243.713,245.221,246.736,248.234,249.689,251.072,252.359,253.536,254.598,255.569,256.507,257.528,258.828,260.73
52260.0,329.197,326.303,323.12,319.498,315.379,310.719,305.476,299.608,293.086,285.902,278.088,269.735,261.023,252.245,243.816,236.246,230.066,225.696,223.317,222.781,223.639,225.274,227.085,228.654,229.819,230.643,231.309,231.994,232.783,233.683,234.673,235.743,236.892,238.121,239.426,240.8,242.233,243.713,245.221,246.736,248.234,249.689,251.072,252.359,253.535,254.598,255.569,256.507,257.528,258.828,260.73
52320.0,328.788,325.949,322.82,319.248,315.176,310.562,305.361,299.535,293.052,285.904,278.123,269.799,261.11,252.347,243.923,236.349,230.155,225.765,223.363,222.806,223.649,225.274,227.081,228.65,229.816,230.642,231.309,231.994,232.783,233.683,234.673,235.743,236.892,238.121,239.426,240.8,242.233,243.713,245.221,246.736,248.234,249.689,251.072,252.359,253.535,254.598,255.569,256.507,257.528,258.828,260.73
52380.0,328.375,325.593,322.517,318.995,314.971,310.402,305.245,299.46,293.016,285.905,278.157,269.862,261.196,252.448,244.03,236.452,230.244,225.834,223.409,222.832,223.658,225.274,227.077,228.646,229.814,230.641,231.309,231.994,232.783,233.683,234.673,235.743,236.892,238.121,239.426,240.8,242.233,243.713,245.221,246.736,248.234,249.689,251.072,252.359,253.535,254.598,255.569,256.507,257.528,258.829,260.73
52440.0,327.959,325.234,322.211,318.74,314.764,310.241,305.127,299.383,292.979,285.905,278.19,269.924,261.28,252.548,244.137,236.555,230.333,225.903,223.456,222.857,223.668,225.274,227.074,228.642,229.811,230.64,231.309,231.994,232.783,233.683,234.673,235.743,236.892,238.121,239.426,240.8,242.233,243.712,245.221,246.736,248.234,249.689,251.072,252.359,253.535,254.598,255.569,256.507,257.528,258.829,260.73
52500.0,327.54,324.871,321.903,318.483,314.555,310.077,305.007,299.305,292.94,285.902,278.221,269.984,261.364,252.648,244.243,236.657,230.422,225.972,223.502,222.883,223.678,225.274,227.07,228.638,229.809,230.639,231.309,231.994,232.783,233.683,234.673,235.743,236.892,238.121,239.426,240.8,242.233,243.712,245.221,246.736,248.234,249.689,251.072,252.359,253.535,254.598,255.569,256.507,257.528,258.829,260.73
52560.0,327.117,324.506,321.592,318.223,314.343,309.911,304.885,299.224,292.899,285.899,278.252,270.044,261.447,252.747,244.348,236.759,230.511,226.041,223.549,222.908,223.688,225.275,227.066,228.635,229.806,230.637,231.308,231.994,232.783,233.683,234.673,235.743,236.892,238.121,239.426,240.8,242.233,243.712,245.221,246.736,248.234,249.689,251.072,252.359,253.535,254.598,255.569,256.507,257.528,258.829,260.73
52620.0,326.691,324.137,321.278,317.96,314.129,309.743,304.761,299.143,292.857,285.894,278.28,270.102,261.529,252.845,244.453,236.86,230.6,226.11,223.595,222.934,223.698,225.275,227.063,228.631,229.804,230.636,231.308,231.994,232.783,233.683,234.673,235.742,236.892,238.121,239.426,240.8,242.233,243.712,245.22,246.736,248.234,249.689,251.072,252.359,253.535,254.598,255.569,256.507,257.528,258.829,260.73
52680.0,326.261,323.766,320.961,317.695,313.913,309.574,304.636,299.059,292.813,285.887,278.308,270.159,261.61,252.942,244.557,236.961,230.689,226.18,223.642,222.96,223.708,225.276,227.059,228.627,229.801,230.635,231.308,231.994,232.783,233.683,234.673,235.742,236.892,238.121,239.425,240.799,242.233,243.712,245.22,246.736,248.234,249.688,251.072,252.359,253.535,254.598,255.569,256.507,257.528,258.829,260.73
52740.0,325.827,323.391,320.642,317.428,313.694,309.402,304.508,298.974,292.768,285.879,278.334,270.215,261.69,253.038,244.661,237.062,230.777,226.249,223.689,222.986,223.718,225.276,227.056,228.623,229.798,230.634,231.308,231.994,232.783,233.683,234.673,235.742,236.892,238.121,239.425,240.799,242.233,243.712,245.22,246.736,248.234,249.688,251.072,252.359,253.535,254.598,255.569,256.507,257.528,258.829,260.73
52800.0,325.39,323.013,320.32,317.158,313.474,309.228,304.378,298.886,292.721,285.87,278.359,270.27,261.769,253.134,244.764,237.162,230.865,226.318,223.736,223.012,223.728,225.277,227.052,228.619,229.796,230.633,231.307,231.994,232.783,233.683,234.673,235.742,236.892,238.121,239.425,240.799,242.233,243.712,245.22,246.736,248.234,249.688,251.072,252.359,253.535,254.598,255.569,256.507,257.528,258.829,260.73
52860.0,324.949,322.631,319.995,316.885,313.251,309.052,304.247,298.798,292.672,285.859,278.383,270.324,261.847,253.229,244.866,237.262,230.953,226.387,223.783,223.039,223.738,225.277,227.049,228.615,229.793,230.632,231.307,231.994,232.783,233.683,234.673,235.742,236.892,238.121,239.425,240.799,242.233,243.712,245.22,246.736,248.234,249.688,251.071,252.359,253.535,254.598,255.569,256.507,257.528,258.829,260.73
52920.0,324.505,322.247,319.667,316.61,313.025,308.874,304.114,298.707,292.622,285.847,278.405,270.376,261.924,253.323,244.968,237.362,231.041,226.456,223.83,223.065,223.749,225.278,227.045,228.611,229.791,230.631,231.307,231.994,232.783,233.683,234.672,235.742,236.892,238.121,239.425,240.799,242.233,243.712,245.22,246.736,248.234,249.688,251.071,252.359,253.535,254.598,255.569,256.507,257.528,258.829,260.73
52980.0,324.057,321.86,319.336,316.333,312.798,308.693,303.979,298.615,292.57,285.833,278.426,270.427,262.0,253.416,245.069,237.461,231.129,226.525,223.877,223.092,223.76,225.279,227.042,228.607,229.788,230.63,231.307,231.994,232.783,233.683,234.672,235.742,236.892,238.121,239.425,240.799,242.233,243.712,245.22,246.736,248.234,249.688,251.071,252.359,253.535,254.598,255.569,256.507,257.528,258.829,260.73
53040.0,323.606,321.469,319.002,316.053,312.568,308.511,303.842,298.521,292.517,285.818,278.445,270.477,262.075,253.508,245.17,237.56,231.217,226.594,223.924,223.118,223.77,225.28,227.039,228.604,229.786,230.629,231.307,231.994,232.783,233.683,234.672,235.742,236.892,238.12,239.425,240.799,242.233,243.712,245.22,246.736,248.234,249.688,251.071,252.359,253.535,254.598,255.569,256.507,257.528,258.829,260.73
53100.0,323.15,321.075,318.666,315.77,312.336,308.327,303.703,298.425,292.462,285.801,278.463,270.526,262.149,253.6,245.27,237.659,231.304,226.663,223.972,223.145,223.781,225.281,227.035,228.6,229.783,230.627,231.306,231.994,232.783,233.683,234.672,235.742,236.892,238.12,239.425,240.799,242.233,243.712,245.22,246.736,248.234,249.688,251.071,252.359,253.535,254.598,255.569,256.507,257.528,258.829,260.73
53160.0,322.692,320.678,318.327,315.485,312.102,308.14,303.562,298.327,292.405,285.783,278.48,270.574,262.222,253.69,245.369,237.757,231.391,226.732,224.019,223.172,223.792,225.282,227.032,228.596,229.781,230.626,231.306,231.994,232.783,233.683,234.672,235.742,236.891,238.12,239.425,240.799,242.233,243.712,245.22,246.736,248.234,249.688,251.071,252.359,253.535,254.598,255.569,256.507,257.528,258.829,260.73
53220.0,322.229,320.277,317.985,315.197,311.865,307.952,303.419,298.228,292.347,285.763,278.496,270.621,262.294,253.78,245.468,237.855,231.479,226.801,224.067,223.199,223.803,225.283,227.029,228.592,229.778,230.625,231.306,231.994,232.783,233.683,234.672,235.742,236.891,238.12,239.425,240.799,242.233,243.712,245.22,246.736,248.234,249.688,251.071,252.359,253.535,254.598,255.569,256.507,257.528,258.829,260.73
53280.0,321.763,319.874,317.64,314.907,311.626,307.761,303.275,298.127,292.287,285.742,278.51,270.666,262.365,253.869,245.567,237.952,231.566,226.87,224.114,223.226,223.814,225.284,227.025,228.589,229.775,230.624,231.306,231.994,232.783,233.683,234.672,235.742,236.891,238.12,239.425,240.799,242.233,243.712,245.22,246.736,248.234,249.688,251.071,252.359,253.535,254.598,255.569,256.507,257.528,258.829,260.73
53340.0,321.293,319.467,317.292,314.614,311.385,307.569,303.128,298.024,292.226,285.719,278.523,270.71,262.435,253.958,245.664,238.049,231.652,226.94,224.162,223.253,223.825,225.285,227.022,228.585,229.773,230.623,231.305,231.994,232.783,233.683,234.672,235.742,236.891,238.12,239.425,240.799,242.232,243.712,245.22,246.736,248.234,249.688,251.071,252.359,253.535,254.598,255.569,256.507,257.528,258.829,260.73
53400.0,320.819,319.057,316.941,314.319,311.141,307.374,302.98,297.92,292.163,285.695,278.535,270.753,262.504,254.045,245.761,238.146,231.739,227.009,224.21,223.281,223.837,225.286,227.019,228.581,229.77,230.622,231.305,231.995,232.784,233.682,234.672,235.742,236.891,238.12,239.425,240.799,242.232,243.712,245.22,246.736,248.234,249.688,251.071,252.359,253.535,254.598,255.569,256.507,257.528,258.829,260.73
53460.0,320.342,318.643,316.588,314.021,310.895,307.177,302.829,297.814,292.099,285.67,278.545,270.795,262.571,254.132,245.858,238.242,231.825,227.078,224.258,223.308,223.848,225.288,227.016,228.577,229.768,230.621,231.305,231.995,232.784,233.682,234.672,235.742,236.891,238.12,239.425,240.799,242.232,243.712,245.22,246.736,248.234,249.688,251.071,252.359,253.535,254.598,255.569,256.507,257.528,258.829,260.73
53520.0,319.861,318.226,316.231,313.72,310.647,306.978,302.677,297.706,292.033,285.643,278.554,270.836,262.638,254.217,245.954,238.338,231.911,227.147,224.306,223.336,223.86,225.289,227.013,228.574,229.765,230.62,231.305,231.995,232.784,233.682,234.672,235.742,236.891,238.12,239.425,240.799,242.232,243.712,245.22,246.736,248.234,249.688,251.071,252.359,253.535,254.598,255.569,256.507,257.528,258.829,260.73
53580.0,319.376,317.806,315.872,313.417,310.396,306.777,302.523,297.596,291.965,285.615,278.562,270.876,262.704,254.302,246.049,238.434,231.998,227.215,224.354,223.364,223.871,225.291,227.01,228.57,229.763,230.618,231.304,231.995,232.784,233.682,234.672,235.742,236.891,238.12,239.425,240.799,242.232,243.712,245.22,246.735,248.234,249.688,251.071,252.359,253.535,254.598,255.569,256.507,257.528,258.829,260.73
53640.0,318.887,317.383,315.509,313.111,310.143,306.574,302.367,297.485,291.896,285.585,278.568,270.914,262.769,254.387,246.143,238.529,232.083,227.284,224.402,223.392,223.883,225.292,227.007,228.566,229.76,230.617,231.304,231.995,232.784,233.682,234.672,235.742,236.891,238.12,239.425,240.799,242.232,243.712,245.22,246.735,248.234,249.688,251.071,252.359,253.535,254.598,255.569,256.507,257.528,258.829,260.73
53700.0,318.394,316.956,315.144,312.803,309.888,306.369,302.209,297.371,291.825,285.554,278.573,270.951,262.833,254.47,246.237,238.623,232.169,227.353,224.45,223.42,223.895,225.294,227.004,228.563,229.758,230.616,231.304,231.995,232.784,233.682,234.672,235.742,236.891,238.12,239.425,240.799,242.232,243.712,245.22,246.735,248.234,249.688,251.071,252.359,253.535,254.598,255.569,256.507,257.528,258.829,260.73
53760.0,317.898,316.526,314.776,312.492,309.631,306.162,302.049,297.257,291.752,285.521,278.577,270.987,262.896,254.552,246.331,238.718,232.254,227.422,224.499,223.448,223.907,225.296,227.001,228.559,229.755,230.615,231.303,231.995,232.784,233.682,234.672,235.742,236.891,238.12,239.425,240.799,242.232,243.712,245.22,246.735,248.234,249.688,251.071,252.359,253.535,254.598,255.569,256.507,257.528,258.829,260.73
53820.0,317.397,316.093,314.405,312.178,309.371,305.952,301.887,297.14,291.678,285.487,278.58,271.022,262.958,254.634,246.423,238.812,232.34,227.491,224.547,223.476,223.919,225.298,226.998,228.555,229.752,230.614,231.303,231.995,232.784,233.682,234.672,235.741,236.891,238.12,239.425,240.799,242.232,243.712,245.22,246.735,248.234,249.688,251.071,252.359,253.535,254.598,255.569,256.507,257.528,258.829,260.73
53880.0,316.893,315.656,314.031,311.862,309.109,305.741,301.724,297.021,291.603,285.451,278.581,271.056,263.019,254.715,246.516,238.905,232.425,227.56,224.595,223.504,223.931,225.3,226.995,228.552,229.75,230.613,231.303,231.995,232.784,233.682,234.672,235.741,236.891,238.12,239.425,240.799,242.232,243.712,245.22,246.735,248.234,249.688,251.071,252.359,253.535,254.598,255.569,256.507,257.528,258.829,260.73
53940.0,316.385,315.215,313.653,311.543,308.844,305.527,301.558,296.901,291.525,285.414,278.58,271.088,263.078,254.795,246.607,238.998,232.51,227.629,224.644,223.533,223.944,225.301,226.993,228.548,229.747,230.611,231.303,231.995,232.784,233.682,234.672,235.741,236.891,238.12,239.425,240.799,242.232,243.712,245.22,246.735,248.234,249.688,251.071,252.359,253.535,254.598,255.569,256.507,257.528,258.829,260.73
54000.0,315.873,314.772,313.273,311.222,308.577,305.312,301.391,296.78,291.447,285.375,278.579,271.12,263.137,254.874,246.698,239.091,232.594,227.697,224.692,223.561,223.956,225.303,226.99,228.544,229.745,230.61,231.302,231.995,232.784,233.682,234.672,235.741,236.891,238.12,239.425,240.799,242.232,243.712,245.22,246.735,248.234,249.688,251.071,252.359,253.535,254.598,255.569,256.507,257.528,258.829,260.73
54060.0,315.356,314.325,312.89,310.898,308.308,305.094,301.221,296.656,291.366,285.335,278.576,271.15,263.195,254.953,246.788,239.183,232.679,227.766,224.741,223.59,223.968,225.306,226.987,228.541,229.742,230.609,231.302,231.995,232.784,233.682,234.672,235.741,236.891,238.12,239.425,240.799,242.232,243.712,245.22,246.735,248.234,249.688,251.071,252.359,253.535,254.598,255.569,256.507,257.528,258.829,260.73
54120.0,314.836,313.874,312.504,310.571,308.037,304.874,301.05,296.531,291.284,285.294,278.572,271.179,263.252,255.03,246.878,239.275,232.763,227.835,224.79,223.619,223.981,225.308,226.984,228.537,229.74,230.608,231.302,231.995,232.784,233.682,234.671,235.741,236.891,238.12,239.424,240.798,242.232,243.711,245.22,246.735,248.234,249.688,251.071,252.359,253.535,254.598,255.569,256.507,257.528,258.829,260.73
54180.0,314.312,313.42,312.115,310.242,307.763,304.652,300.877,296.404,291.201,285.251,278.566,271.207,263.308,255.107,246.967,239.366,232.847,227.903,224.838,223.647,223.994,225.31,226.982,228.534,229.737,230.607,231.302,231.995,232.784,233.682,234.671,235.741,236.891,238.12,239.424,240.798,242.232,243.711,245.22,246.735,248.234,249.688,251.071,252.359,253.535,254.598,255.569,256.507,257.528,258.829,260.73
54240.0,313.784,312.963,311.723,309.91,307.486,304.428,300.702,296.275,291.115,285.207,278.56,271.234,263.362,255.183,247.055,239.457,232.931,227.972,224.887,223.676,224.007,225.312,226.979,228.53,229.735,230.606,231.301,231.995,232.784,233.682,234.671,235.741,236.891,238.12,239.424,240.798,242.232,243.711,245.22,246.735,248.234,249.688,251.071,252.359,253.535,254.598,255.569,256.507,257.528,258.829,260.73
54300.0,313.252,312.502,311.328,309.575,307.208,304.201,300.525,296.144,291.029,285.161,278.552,271.259,263.416,255.258,247.143,239.548,233.014,228.04,224.936,223.705,224.019,225.315,226.976,228.526,229.732,230.604,231.301,231.995,232.784,233.682,234.671,235.741,236.891,238.12,239.424,240.798,242.232,243.711,245.22,246.735,248.234,249.688,251.071,252.359,253.535,254.598,255.569,256.507,257.528,258.829,260.73
54360.0,312.716,312.037,310.93,309.238,306.927,303.973,300.346,296.012,290.94,285.114,278.542,271.283,263.469,255.332,247.23,239.638,233.098,228.109,224.985,223.735,224.032,225.317,226.974,228.523,229.73,230.603,231.301,231.995,232.784,233.682,234.671,235.741,236.891,238.12,239.424,240.798,242.232,243.711,245.22,246.735,248.234,249.688,251.071,252.359,253.535,254.598,255.569,256.507,257.528,258.829,260.73
54420.0,312.175,311.569,310.528,308.898,306.643,303.742,300.165,295.878,290.85,285.065,278.532,271.307,263.52,255.405,247.316,239.728,233.181,228.177,225.034,223.764,224.046,225.32,226.971,228.519,229.727,230.602,231.3,231.995,232.784,233.682,234.671,235.741,236.891,238.119,239.424,240.798,242.232,243.711,245.219,246.735,248.233,249.688,251.071,252.359,253.535,254.598,255.569,256.507,257.528,258.829,260.73
54480.0,311.631,311.098,310.124,308.555,306.357,303.51,299.982,295.742,290.759,285.015,278.52,271.329,263.571,255.478,247.402,239.817,233.264,228.245,225.083,223.793,224.059,225.322,226.969,228.516,229.725,230.601,231.3,231.995,232.784,233.682,234.671,235.741,236.89,238.119,239.424,240.798,242.232,243.711,245.219,246.735,248.233,249.688,251.071,252.359,253.535,254.598,255.569,256.507,257.528,258.829,260.73
54540.0,311.082,310.623,309.717,308.21,306.069,303.275,299.798,295.605,290.666,284.963,278.506,271.349,263.621,255.55,247.487,239.906,233.346,228.314,225.132,223.823,224.072,225.325,226.967,228.512,229.722,230.6,231.3,231.995,232.784,233.682,234.671,235.741,236.89,238.119,239.424,240.798,242.232,243.711,245.219,246.735,248.233,249.688,251.071,252.359,253.535,254.598,255.569,256.507,257.528,258.829,260.73
54600.0,310.53,310.144,309.306,307.861,305.779,303.038,299.611,295.465,290.571,284.91,278.492,271.369,263.669,255.62,247.572,239.994,233.429,228.382,225.181,223.852,224.086,225.328,226.964,228.509,229.719,230.598,231.299,231.995,232.784,233.682,234.671,235.741,236.89,238.119,239.424,240.798,242.232,243.711,245.219,246.735,248.233,249.688,251.071,252.359,253.535,254.598,255.569,256.507,257.528,258.829,260.73
54660.0,309.973,309.662,308.893,307.511,305.486,302.799,299.423,295.324,290.475,284.856,278.476,271.387,263.717,255.69,247.656,240.082,233.511,228.45,225.23,223.882,224.099,225.331,226.962,228.506,229.717,230.597,231.299,231.995,232.784,233.682,234.671,235.741,236.89,238.119,239.424,240.798,242.232,243.711,245.219,246.735,248.233,249.688,251.071,252.359,253.535,254.598,255.569,256.507,257.528,258.829,260.73
54720.0,309.412,309.176,308.476,307.157,305.19,302.558,299.232,295.182,290.377,284.8,278.458,271.405,263.764,255.76,247.739,240.17,233.593,228.518,225.279,223.912,224.113,225.333,226.96,228.502,229.714,230.596,231.299,231.995,232.784,233.682,234.671,235.741,236.89,238.119,239.424,240.798,242.232,243.711,245.219,246.735,248.233,249.688,251.071,252.359,253.535,254.598,255.569,256.507,257.528,258.829,260.73
54780.0,308.846,308.687,308.056,306.801,304.893,302.314,299.04,295.037,290.278,284.743,278.44,271.421,263.809,255.828,247.822,240.257,233.675,228.586,225.329,223.942,224.126,225.336,226.957,228.499,229.712,230.595,231.299,231.995,232.784,233.682,234.671,235.741,236.89,238.119,239.424,240.798,242.232,243.711,245.219,246.735,248.233,249.688,251.071,252.359,253.535,254.598,255.569,256.507,257.528,258.829,260.73
54840.0,308.277,308.194,307.633,306.442,304.593,302.069,298.845,294.891,290.177,284.684,278.42,271.436,263.854,255.895,247.904,240.344,233.756,228.654,225.378,223.971,224.14,225.339,226.955,228.495,229.709,230.594,231.298,231.995,232.784,233.682,234.671,235.741,236.89,238.119,239.424,240.798,242.232,243.711,245.219,246.735,248.233,249.688,251.071,252.359,253.535,254.598,255.569,256.507,257.528,258.829,260.73
54900.0,307.703,307.697,307.207,306.08,304.29,301.821,298.649,294.743,290.074,284.624,278.399,271.45,263.898,255.962,247.985,240.43,233.837,228.722,225.427,224.002,224.154,225.343,226.953,228.492,229.707,230.592,231.298,231.995,232.784,233.682,234.671,235.741,236.89,238.119,239.424,240.798,242.232,243.711,245.219,246.735,248.233,249.688,251.071,252.359,253.535,254.598,255.569,256.507,257.528,258.829,260.73
54960.0,307.124,307.197,306.778,305.716,303.985,301.572,298.451,294.593,289.97,284.562,278.376,271.462,263.94,256.028,248.065,240.516,233.918,228.79,225.477,224.032,224.168,225.346,226.951,228.488,229.704,230.591,231.298,231.995,232.784,233.682,234.671,235.741,236.89,238.119,239.424,240.798,242.231,243.711,245.219,246.735,248.233,249.688,251.071,252.359,253.535,254.598,255.569,256.507,257.528,258.829,260.73
55020.0,306.542,306.693,306.346,305.348,303.678,301.32,298.251,294.442,289.864,284.499,278.352,271.474,263.982,256.093,248.145,240.601,233.999,228.857,225.526,224.062,224.182,225.349,226.949,228.485,229.702,230.59,231.297,231.995,232.784,233.682,234.671,235.74,236.89,238.119,239.424,240.798,242.231,243.711,245.219,246.735,248.233,249.688,251.071,252.359,253.535,254.598,255.569,256.507,257.528,258.829,260.73
55080.0,305.955,306.185,305.91,304.978,303.368,301.066,298.049,294.289,289.757,284.434,278.327,271.484,264.022,256.157,248.225,240.686,234.08,228.925,225.576,224.092,224.196,225.352,226.947,228.482,229.699,230.589,231.297,231.995,232.784,233.682,234.671,235.74,236.89,238.119,239.424,240.798,242.231,243.711,245.219,246.735,248.233,249.688,251.071,252.359,253.535,254.598,255.569,256.507,257.528,258.829,260.73
55140.0,305.364,305.674,305.472,304.606,303.056,300.809,297.845,294.134,289.648,284.368,278.301,271.493,264.062,256.22,248.303,240.77,234.16,228.992,225.625,224.123,224.211,225.356,226.945,228.478,229.697,230.588,231.297,231.995,232.784,233.682,234.671,235.74,236.89,238.119,239.424,240.798,242.231,243.711,245.219,246.735,248.233,249.688,251.071,252.359,253.535,254.598,255.569,256.507,257.528,258.829,260.73
55200.0,304.768,305.158,305.03,304.23,302.741,300.551,297.639,293.977,289.537,284.301,278.273,271.501,264.1,256.282,248.381,240.854,234.24,229.06,225.675,224.153,224.225,225.359,226.943,228.475,229.694,230.586,231.296,231.995,232.784,233.682,234.671,235.74,236.89,238.119,239.424,240.798,242.231,243.711,245.219,246.735,248.233,249.688,251.071,252.359,253.535,254.598,255.569,256.507,257.528,258.829,260.73
55260.0,304.168,304.64,304.584,303.852,302.424,300.291,297.431,293.819,289.425,284.232,278.244,271.508,264.138,256.344,248.459,240.938,234.32,229.127,225.724,224.184,224.239,225.363,226.941,228.472,229.692,230.585,231.296,231.995,232.784,233.682,234.671,235.74,236.89,238.119,239.424,240.798,242.231,243.711,245.219,246.735,248.233,249.688,251.071,252.359,253.535,254.598,255.569,256.507,257.528,258.829,260.73
55320.0,303.563,304.117,304.136,303.471,302.104,300.028,297.222,293.659,289.311,284.162,278.214,271.514,264.174,256.405,248.535,241.021,234.399,229.195,225.774,224.215,224.254,225.366,226.939,228.468,229.689,230.584,231.296,231.995,232.784,233.682,234.67,235.74,236.89,238.119,239.424,240.798,242.231,243.711,245.219,246.735,248.233,249.687,251.071,252.359,253.535,254.598,255.569,256.507,257.528,258.829,260.73
55380.0,302.954,303.59,303.684,303.087,301.782,299.763,297.01,293.497,289.196,284.09,278.182,271.518,264.21,256.464,248.611,241.103,234.478,229.262,225.824,224.245,224.269,225.37,226.937,228.465,229.687,230.583,231.295,231.995,232.784,233.682,234.67,235.74,236.89,238.119,239.424,240.798,242.231,243.711,245.219,246.735,248.233,249.687,251.071,252.359,253.535,254.598,255.569,256.507,257.528,258.829,260.73
55440.0,302.34,303.06,303.23,302.7,301.458,299.496,296.796,293.333,289.079,284.017,278.15,271.522,264.244,256.523,248.687,241.185,234.557,229.329,225.873,224.276,224.283,225.374,226.935,228.462,229.684,230.582,231.295,231.995,232.784,233.682,234.67,235.74,236.89,238.119,239.424,240.798,242.231,243.711,245.219,246.735,248.233,249.687,251.071,252.359,253.535,254.598,255.569,256.507,257.528,258.829,260.73
55500.0,301.722,302.526,302.771,302.311,301.131,299.227,296.581,293.168,288.961,283.942,278.115,271.524,264.277,256.582,248.761,241.267,234.636,229.396,225.923,224.307,224.298,225.378,226.933,228.459,229.682,230.58,231.295,231.995,232.784,233.681,234.67,235.74,236.89,238.119,239.423,240.798,242.231,243.711,245.219,246.735,248.233,249.687,251.071,252.359,253.535,254.598,255.569,256.507,257.528,258.829,260.73
55560.0,301.099,301.988,302.31,301.918,300.801,298.955,296.363,293.001,288.841,283.866,278.08,271.525,264.31,256.639,248.835,241.348,234.714,229.463,225.973,224.338,224.313,225.381,226.932,228.455,229.679,230.579,231.294,231.995,232.784,233.681,234.67,235.74,236.89,238.119,239.423,240.798,242.231,243.711,245.219,246.735,248.233,249.687,251.071,252.359,253.535,254.598,255.569,256.507,257.528,258.829,260.73
55620.0,300.472,301.446,301.845,301.523,300.47,298.682,296.144,292.832,288.719,283.789,278.043,271.525,264.341,256.695,248.909,241.429,234.793,229.53,226.022,224.369,224.328,225.385,226.93,228.452,229.677,230.578,231.294,231.995,232.784,233.681,234.67,235.74,236.89,238.119,239.423,240.797,242.231,243.711,245.219,246.734,248.233,249.687,251.071,252.359,253.535,254.598,255.569,256.507,257.528,258.829,260.73
55680.0,299.84,300.9,301.377,301.125,300.135,298.406,295.923,292.661,288.596,283.71,278.005,271.523,264.372,256.751,248.981,241.509,234.871,229.596,226.072,224.401,224.343,225.389,226.928,228.449,229.674,230.577,231.294,231.995,232.784,233.681,234.67,235.74,236.89,238.119,239.423,240.797,242.231,243.711,245.219,246.734,248.233,249.687,251.071,252.359,253.535,254.598,255.569,256.507,257.528,258.829,260.73
55740.0,299.203,300.35,300.906,300.724,299.798,298.128,295.699,292.489,288.471,283.63,277.966,271.521,264.401,256.806,249.053,241.589,234.948,229.663,226.122,224.432,224.359,225.394,226.927,228.446,229.672,230.575,231.293,231.995,232.785,233.681,234.67,235.74,236.889,238.118,239.423,240.797,242.231,243.711,245.219,246.734,248.233,249.687,251.071,252.359,253.535,254.598,255.569,256.507,257.528,258.829,260.73
55800.0,298.561,299.797,300.431,300.32,299.459,297.848,295.474,292.315,288.345,283.548,277.925,271.517,264.429,256.859,249.125,241.668,235.025,229.729,226.172,224.463,224.374,225.398,226.925,228.443,229.669,230.574,231.293,231.995,232.785,233.681,234.67,235.74,236.889,238.118,239.423,240.797,242.231,243.711,245.219,246.734,248.233,249.687,251.071,252.359,253.535,254.598,255.569,256.507,257.528,258.829,260.73
55860.0,297.915,299.239,299.953,299.914,299.117,297.566,295.247,292.139,288.217,283.465,277.883,271.512,264.457,256.912,249.195,241.747,235.103,229.796,226.222,224.495,224.389,225.402,226.923,228.44,229.667,230.573,231.293,231.995,232.785,233.681,234.67,235.74,236.889,238.118,239.423,240.797,242.231,243.71,245.219,246.734,248.233,249.687,251.071,252.358,253.535,254.598,255.569,256.507,257.528,258.829,260.73
55920.0,297.264,298.678,299.472,299.504,298.773,297.281,295.018,291.961,288.088,283.38,277.84,271.506,264.483,256.965,249.265,241.826,235.179,229.862,226.271,224.526,224.405,225.406,226.922,228.436,229.664,230.572,231.292,231.995,232.785,233.681,234.67,235.74,236.889,238.118,239.423,240.797,242.231,243.71,245.219,246.734,248.233,249.687,251.071,252.358,253.535,254.598,255.569,256.507,257.528,258.829,260.73
55980.0,296.608,298.112,298.987,299.092,298.426,296.995,294.787,291.782,287.957,283.294,277.795,271.499,264.508,257.016,249.335,241.904,235.256,229.928,226.321,224.558,224.421,225.411,226.92,228.433,229.662,230.57,231.292,231.995,232.785,233.681,234.67,235.74,236.889,238.118,239.423,240.797,242.231,243.71,245.219,246.734,248.233,249.687,251.07,252.358,253.535,254.598,255.569,256.507,257.528,258.829,260.73
56040.0,295.948,297.542,298.499,298.677,298.077,296.706,294.553,291.601,287.824,283.207,277.749,271.491,264.532,257.066,249.403,241.981,235.332,229.994,226.371,224.59,224.436,225.415,226.919,228.43,229.659,230.569,231.292,231.995,232.785,233.681,234.67,235.74,236.889,238.118,239.423,240.797,242.231,243.71,245.219,246.734,248.233,249.687,251.07,252.358,253.535,254.598,255.569,256.507,257.528,258.829,260.73
56100.0,295.282,296.969,298.008,298.259,297.725,296.415,294.318,291.418,287.69,283.118,277.702,271.481,264.556,257.116,249.471,242.058,235.408,230.06,226.421,224.621,224.452,225.42,226.918,228.427,229.657,230.568,231.291,231.995,232.785,233.681,234.67,235.74,236.889,238.118,239.423,240.797,242.231,243.71,245.219,246.734,248.233,249.687,251.07,252.358,253.535,254.598,255.569,256.507,257.528,258.829,260.73
56160.0,294.612,296.391,297.513,297.837,297.371,296.121,294.082,291.233,287.554,283.027,277.654,271.471,264.578,257.165,249.539,242.134,235.484,230.126,226.471,224.653,224.468,225.424,226.916,228.424,229.654,230.567,231.291,231.995,232.785,233.681,234.67,235.74,236.889,238.118,239.423,240.797,242.231,243.71,245.219,246.734,248.233,249.687,251.07,252.358,253.535,254.598,255.569,256.507,257.528,258.829,260.73
56220.0,293.937,295.809,297.014,297.413,297.014,295.826,293.843,291.047,287.417,282.936,277.604,271.459,264.599,257.213,249.605,242.21,235.559,230.192,226.521,224.685,224.484,225.429,226.915,228.421,229.652,230.565,231.291,231.995,232.785,233.681,234.67,235.739,236.889,238.118,239.423,240.797,242.231,243.71,245.219,246.734,248.233,249.687,251.07,252.358,253.535,254.598,255.569,256.507,257.528,258.829,260.73
56280.0,293.256,295.223,296.512,296.987,296.655,295.528,293.602,290.859,287.278,282.842,277.553,271.446,264.619,257.26,249.671,242.286,235.634,230.258,226.571,224.717,224.5,225.434,226.914,228.418,229.649,230.564,231.29,231.995,232.785,233.681,234.67,235.739,236.889,238.118,239.423,240.797,242.231,243.71,245.218,246.734,248.233,249.687,251.07,252.358,253.535,254.597,255.569,256.507,257.528,258.829,260.73
56340.0,292.571,294.633,296.007,296.557,296.293,295.228,293.359,290.669,287.137,282.748,277.5,271.432,264.638,257.306,249.736,242.361,235.709,230.323,226.621,224.749,224.516,225.439,226.913,228.415,229.647,230.563,231.29,231.995,232.785,233.681,234.67,235.739,236.889,238.118,239.423,240.797,242.231,243.71,245.218,246.734,248.233,249.687,251.07,252.358,253.535,254.597,255.569,256.507,257.528,258.829,260.73
56400.0,291.881,294.039,295.498,296.124,295.928,294.926,293.114,290.477,286.995,282.652,277.447,271.417,264.657,257.351,249.801,242.435,235.783,230.388,226.67,224.782,224.532,225.443,226.911,228.412,229.645,230.562,231.289,231.995,232.785,233.681,234.67,235.739,236.889,238.118,239.423,240.797,242.231,243.71,245.218,246.734,248.233,249.687,251.07,252.358,253.535,254.597,255.569,256.507,257.528,258.829,260.73
56460.0,291.185,293.441,294.986,295.688,295.561,294.622,292.867,290.284,286.852,282.554,277.392,271.4,264.674,257.395,249.865,242.509,235.857,230.454,226.72,224.814,224.549,225.448,226.91,228.409,229.642,230.56,231.289,231.995,232.785,233.681,234.67,235.739,236.889,238.118,239.423,240.797,242.231,243.71,245.218,246.734,248.233,249.687,251.07,252.358,253.535,254.597,255.569,256.507,257.528,258.829,260.731
56520.0,290.485,292.838,294.47,295.249,295.192,294.315,292.619,290.089,286.707,282.455,277.336,271.383,264.69,257.439,249.928,242.583,235.931,230.519,226.77,224.846,224.565,225.453,226.909,228.406,229.64,230.559,231.289,231.995,232.785,233.681,234.669,235.739,236.889,238.118,239.423,240.797,242.23,243.71,245.218,246.734,248.233,249.687,251.07,252.358,253.535,254.597,255.569,256.507,257.528,258.829,260.731
56580.0,289.779,292.231,293.951,294.807,294.819,294.006,292.368,289.892,286.56,282.355,277.278,271.364,264.705,257.482,249.99,242.656,236.005,230.584,226.82,224.878,224.582,225.458,226.908,228.403,229.637,230.558,231.288,231.995,232.785,233.681,234.669,235.739,236.889,238.118,239.423,240.797,242.23,243.71,245.218,246.734,248.233,249.687,251.07,252.358,253.535,254.597,255.569,256.507,257.528,258.829,260.731
56640.0,289.068,291.62,293.428,294.363,294.445,293.695,292.115,289.694,286.411,282.253,277.22,271.344,264.719,257.523,250.052,242.728,236.078,230.649,226.87,224.911,224.598,225.464,226.907,228.4,229.635,230.557,231.288,231.995,232.785,233.681,234.669,235.739,236.889,238.118,239.423,240.797,242.23,243.71,245.218,246.734,248.233,249.687,251.07,252.358,253.535,254.597,255.569,256.507,257.528,258.829,260.731
56700.0,288.352,291.005,292.902,293.915,294.067,293.382,291.861,289.493,286.261,282.15,277.16,271.323,264.732,257.564,250.113,242.8,236.151,230.713,226.92,224.943,224.615,225.469,226.906,228.397,229.632,230.555,231.288,231.995,232.785,233.681,234.669,235.739,236.889,238.118,239.423,240.797,242.23,243.71,245.218,246.734,248.232,249.687,251.07,252.358,253.535,254.597,255.569,256.507,257.528,258.829,260.731
56760.0,287.631,290.385,292.372,293.464,293.688,293.066,291.604,289.291,286.11,282.046,277.098,271.301,264.744,257.605,250.174,242.872,236.224,230.778,226.97,224.976,224.631,225.474,226.905,228.394,229.63,230.554,231.287,231.995,232.785,233.681,234.669,235.739,236.889,238.118,239.423,240.797,242.23,243.71,245.218,246.734,248.232,249.687,251.07,252.358,253.535,254.597,255.569,256.507,257.528,258.829,260.731
56820.0,286.904,289.761,291.838,293.01,293.305,292.749,291.346,289.087,285.957,281.94,277.036,271.278,264.755,257.644,250.233,242.943,236.296,230.842,227.02,225.009,224.648,225.48,226.904,228.392,229.627,230.553,231.287,231.995,232.785,233.681,234.669,235.739,236.889,238.118,239.423,240.797,242.23,243.71,245.218,246.734,248.232,249.687,251.07,252.358,253.535,254.597,255.569,256.507,257.528,258.829,260.731
56880.0,286.172,289.133,291.301,292.554,292.92,292.429,291.085,288.882,285.802,281.832,276.972,271.253,264.765,257.682,250.292,243.013,236.368,230.907,227.07,225.041,224.665,225.485,226.904,228.389,229.625,230.551,231.286,231.995,232.785,233.681,234.669,235.739,236.889,238.118,239.422,240.797,242.23,243.71,245.218,246.734,248.232,249.687,251.07,252.358,253.535,254.597,255.569,256.507,257.528,258.829,260.731
56940.0,285.435,288.5,290.76,292.094,292.533,292.106,290.823,288.675,285.646,281.723,276.907,271.228,264.775,257.72,250.351,243.083,236.44,230.971,227.12,225.074,224.682,225.491,226.903,228.386,229.623,230.55,231.286,231.995,232.785,233.681,234.669,235.739,236.889,238.118,239.422,240.797,242.23,243.71,245.218,246.734,248.232,249.687,251.07,252.358,253.535,254.597,255.569,256.507,257.528,258.829,260.731
57000.0,284.692,287.863,290.216,291.631,292.142,291.782,290.558,288.465,285.488,281.613,276.84,271.201,264.783,257.756,250.408,243.153,236.511,231.035,227.169,225.107,224.699,225.496,226.902,228.383,229.62,230.549,231.286,231.995,232.785,233.681,234.669,235.739,236.889,238.118,239.422,240.797,242.23,243.71,245.218,246.734,248.232,249.687,251.07,252.358,253.535,254.597,255.569,256.507,257.528,258.829,260.731
57060.0,283.944,287.222,289.668,291.165,291.749,291.455,290.292,288.255,285.329,281.502,276.773,271.173,264.79,257.792,250.465,243.222,236.582,231.099,227.219,225.14,224.716,225.502,226.901,228.38,229.618,230.548,231.285,231.995,232.785,233.681,234.669,235.739,236.888,238.117,239.422,240.797,242.23,243.71,245.218,246.734,248.232,249.687,251.07,252.358,253.535,254.597,255.569,256.507,257.528,258.829,260.731
57120.0,283.19,286.576,289.116,290.696,291.354,291.126,290.024,288.042,285.168,281.388,276.704,271.144,264.796,257.827,250.522,243.29,236.653,231.163,227.269,225.173,224.734,225.508,226.901,228.378,229.615,230.546,231.285,231.995,232.785,233.681,234.669,235.739,236.888,238.117,239.422,240.796,242.23,243.71,245.218,246.734,248.232,249.687,251.07,252.358,253.535,254.597,255.569,256.507,257.528,258.829,260.731
57180.0,282.431,285.925,288.561,290.224,290.956,290.795,289.753,287.828,285.005,281.274,276.633,271.114,264.801,257.861,250.577,243.358,236.724,231.226,227.319,225.206,224.751,225.513,226.9,228.375,229.613,230.545,231.285,231.995,232.785,233.681,234.669,235.739,236.888,238.117,239.422,240.796,242.23,243.71,245.218,246.734,248.232,249.687,251.07,252.358,253.535,254.597,255.569,256.507,257.528,258.829,260.731
57240.0,281.666,285.27,288.001,289.748,290.555,290.461,289.481,287.612,284.841,281.158,276.562,271.083,264.805,257.895,250.632,243.426,236.794,231.29,227.369,225.239,224.768,225.519,226.9,228.372,229.61,230.544,231.284,231.995,232.785,233.681,234.669,235.739,236.888,238.117,239.422,240.796,242.23,243.71,245.218,246.734,248.232,249.687,251.07,252.358,253.535,254.597,255.569,256.507,257.528,258.829,260.731
57300.0,280.895,284.61,287.438,289.27,290.152,290.125,289.206,287.394,284.676,281.041,276.489,271.05,264.808,257.927,250.686,243.493,236.863,231.353,227.418,225.272,224.786,225.525,226.899,228.369,229.608,230.543,231.284,231.995,232.785,233.681,234.669,235.739,236.888,238.117,239.422,240.796,242.23,243.71,245.218,246.734,248.232,249.687,251.07,252.358,253.535,254.597,255.569,256.507,257.528,258.829,260.731
57360.0,280.119,283.946,286.872,288.788,289.746,289.787,288.93,287.174,284.509,280.922,276.415,271.017,264.81,257.958,250.74,243.559,236.933,231.416,227.468,225.305,224.804,225.531,226.899,228.367,229.606,230.541,231.283,231.995,232.785,233.681,234.669,235.739,236.888,238.117,239.422,240.796,242.23,243.71,245.218,246.734,248.232,249.687,251.07,252.358,253.535,254.597,255.569,256.507,257.528,258.829,260.731
57420.0,279.337,283.277,286.301,288.304,289.337,289.447,288.652,286.953,284.34,280.802,276.34,270.982,264.811,257.989,250.793,243.625,237.002,231.479,227.518,225.338,224.821,225.537,226.898,228.364,229.603,230.54,231.283,231.995,232.785,233.681,234.669,235.738,236.888,238.117,239.422,240.796,242.23,243.71,245.218,246.734,248.232,249.687,251.07,252.358,253.534,254.597,255.569,256.507,257.528,258.829,260.731
57480.0,278.549,282.604,285.727,287.816,288.926,289.104,288.371,286.73,284.17,280.68,276.263,270.946,264.811,258.019,250.845,243.69,237.071,231.542,227.568,225.371,224.839,225.543,226.898,228.361,229.601,230.539,231.283,231.995,232.785,233.681,234.669,235.738,236.888,238.117,239.422,240.796,242.23,243.71,245.218,246.734,248.232,249.687,251.07,252.358,253.534,254.597,255.569,256.507,257.528,258.829,260.731
57540.0,277.756,281.926,285.149,287.325,288.512,288.759,288.089,286.505,283.998,280.558,276.185,270.909,264.81,258.048,250.896,243.755,237.139,231.604,227.617,225.405,224.857,225.55,226.897,228.359,229.598,230.537,231.282,231.995,232.785,233.681,234.669,235.738,236.888,238.117,239.422,240.796,242.23,243.709,245.218,246.734,248.232,249.687,251.07,252.358,253.534,254.597,255.569,256.507,257.528,258.829,260.731
57600.0,276.956,281.243,284.567,286.831,288.095,288.412,287.805,286.278,283.824,280.433,276.106,270.871,264.807,258.076,250.947,243.819,237.207,231.667,227.667,225.438,224.875,225.556,226.897,228.356,229.596,230.536,231.282,231.995,232.785,233.681,234.669,235.738,236.888,238.117,239.422,240.796,242.23,243.709,245.218,246.734,248.232,249.687,251.07,252.358,253.534,254.597,255.569,256.507,257.528,258.829,260.731
57660.0,276.151,280.555,283.981,286.333,287.676,288.062,287.519,286.05,283.649,280.307,276.026,270.832,264.804,258.103,250.997,243.883,237.275,231.729,227.717,225.472,224.893,225.562,226.897,228.353,229.594,230.535,231.281,231.995,232.785,233.681,234.669,235.738,236.888,238.117,239.422,240.796,242.23,243.709,245.218,246.733,248.232,249.687,251.07,252.358,253.534,254.597,255.569,256.507,257.528,258.829,260.731
57720.0,275.339,279.863,283.392,285.833,287.253,287.71,287.23,285.82,283.473,280.18,275.944,270.791,264.8,258.129,251.046,243.947,237.343,231.791,227.766,225.505,224.911,225.569,226.897,228.351,229.591,230.534,231.281,231.995,232.785,233.68,234.669,235.738,236.888,238.117,239.422,240.796,242.23,243.709,245.218,246.733,248.232,249.687,251.07,252.358,253.534,254.597,255.569,256.507,257.528,258.829,260.731
57780.0,274.522,279.165,282.798,285.329,286.829,287.356,286.94,285.588,283.294,280.052,275.861,270.75,264.795,258.155,251.095,244.009,237.41,231.853,227.816,225.539,224.929,225.575,226.896,228.348,229.589,230.532,231.28,231.995,232.785,233.68,234.668,235.738,236.888,238.117,239.422,240.796,242.23,243.709,245.218,246.733,248.232,249.687,251.07,252.358,253.534,254.597,255.569,256.507,257.528,258.829,260.731
57840.0,273.698,278.463,282.201,284.822,286.401,287.0,286.648,285.354,283.115,279.922,275.777,270.707,264.789,258.179,251.142,244.072,237.477,231.915,227.865,225.572,224.947,225.582,226.896,228.346,229.587,230.531,231.28,231.995,232.785,233.68,234.668,235.738,236.888,238.117,239.422,240.796,242.23,243.709,245.218,246.733,248.232,249.687,251.07,252.358,253.534,254.597,255.569,256.507,257.528,258.829,260.731
57900.0,272.868,277.756,281.599,284.311,285.971,286.641,286.353,285.119,282.933,279.79,275.691,270.663,264.782,258.203,251.19,244.133,237.543,231.977,227.915,225.606,224.965,225.588,226.896,228.343,229.584,230.53,231.28,231.995,232.785,233.68,234.668,235.738,236.888,238.117,239.422,240.796,242.23,243.709,245.218,246.733,248.232,249.686,251.07,252.358,253.534,254.597,255.569,256.507,257.528,258.829,260.731
57960.0,272.033,277.045,280.994,283.798,285.538,286.28,286.057,284.881,282.751,279.658,275.605,270.618,264.774,258.226,251.236,244.195,237.609,232.038,227.964,225.64,224.984,225.595,226.896,228.341,229.582,230.528,231.279,231.995,232.785,233.68,234.668,235.738,236.888,238.117,239.422,240.796,242.23,243.709,245.218,246.733,248.232,249.686,251.07,252.358,253.534,254.597,255.569,256.507,257.528,258.829,260.731
58020.0,271.19,276.328,280.384,283.281,285.102,285.916,285.759,284.643,282.566,279.524,275.517,270.572,264.765,258.248,251.282,244.255,237.675,232.1,228.014,225.673,225.002,225.602,226.896,228.338,229.58,230.527,231.279,231.995,232.785,233.68,234.668,235.738,236.888,238.117,239.422,240.796,242.23,243.709,245.218,246.733,248.232,249.686,251.07,252.358,253.534,254.597,255.569,256.507,257.528,258.829,260.731
58080.0,270.342,275.606,279.771,282.761,284.664,285.55,285.458,284.402,282.38,279.388,275.427,270.525,264.755,258.269,251.327,244.315,237.74,232.161,228.063,225.707,225.021,225.608,226.896,228.336,229.577,230.526,231.278,231.995,232.785,233.68,234.668,235.738,236.888,238.117,239.422,240.796,242.229,243.709,245.218,246.733,248.232,249.686,251.07,252.358,253.534,254.597,255.569,256.507,257.528,258.829,260.731
58140.0,269.487,274.879,279.154,282.237,284.222,285.182,285.156,284.159,282.193,279.251,275.337,270.476,264.744,258.29,251.371,244.375,237.805,232.222,228.112,225.741,225.039,225.615,226.896,228.333,229.575,230.524,231.278,231.995,232.785,233.68,234.668,235.738,236.888,238.117,239.422,240.796,242.229,243.709,245.217,246.733,248.232,249.686,251.07,252.358,253.534,254.597,255.569,256.507,257.528,258.829,260.731
58200.0,268.626,274.147,278.532,281.711,283.778,284.812,284.852,283.915,282.004,279.113,275.245,270.427,264.732,258.309,251.415,244.434,237.87,232.283,228.162,225.775,225.058,225.622,226.896,228.331,229.573,230.523,231.278,231.995,232.785,233.68,234.668,235.738,236.888,238.117,239.422,240.796,242.229,243.709,245.217,246.733,248.232,249.686,251.07,252.358,253.534,254.597,255.569,256.507,257.528,258.829,260.731
58260.0,267.758,273.41,277.906,281.181,283.332,284.439,284.545,283.669,281.813,278.973,275.152,270.376,264.719,258.328,251.458,244.493,237.934,232.343,228.211,225.809,225.076,225.629,226.896,228.328,229.57,230.522,231.277,231.995,232.785,233.68,234.668,235.738,236.888,238.117,239.422,240.796,242.229,243.709,245.217,246.733,248.232,249.686,251.07,252.358,253.534,254.597,255.569,256.507,257.528,258.829,260.731
58320.0,266.884,272.668,277.277,280.647,282.882,284.063,284.237,283.421,281.621,278.832,275.058,270.325,264.705,258.345,251.5,244.551,237.998,232.404,228.26,225.843,225.095,225.636,226.897,228.326,229.568,230.52,231.277,231.995,232.785,233.68,234.668,235.738,236.887,238.117,239.421,240.796,242.229,243.709,245.217,246.733,248.232,249.686,251.07,252.358,253.534,254.597,255.569,256.507,257.528,258.829,260.731
58380.0,266.003,271.921,276.643,280.11,282.43,283.686,283.926,283.172,281.427,278.689,274.962,270.272,264.69,258.362,251.542,244.608,238.062,232.464,228.309,225.876,225.114,225.644,226.897,228.324,229.566,230.519,231.276,231.995,232.785,233.68,234.668,235.738,236.887,238.117,239.421,240.796,242.229,243.709,245.217,246.733,248.232,249.686,251.07,252.358,253.534,254.597,255.569,256.507,257.528,258.829,260.731
58440.0,265.116,271.168,276.005,279.57,281.975,283.306,283.614,282.92,281.232,278.545,274.865,270.218,264.673,258.378,251.582,244.665,238.125,232.524,228.358,225.91,225.133,225.651,226.897,228.321,229.563,230.518,231.276,231.995,232.785,233.68,234.668,235.738,236.887,238.116,239.421,240.796,242.229,243.709,245.217,246.733,248.232,249.686,251.07,252.358,253.534,254.597,255.569,256.507,257.528,258.829,260.731
58500.0,264.222,270.411,275.363,279.026,281.517,282.924,283.299,282.667,281.035,278.4,274.767,270.163,264.656,258.393,251.622,244.721,238.188,232.584,228.407,225.945,225.152,225.658,226.897,228.319,229.561,230.517,231.275,231.994,232.785,233.68,234.668,235.738,236.887,238.116,239.421,240.796,242.229,243.709,245.217,246.733,248.232,249.686,251.07,252.358,253.534,254.597,255.569,256.507,257.528,258.829,260.731
58560.0,263.321,269.647,274.716,278.479,281.056,282.539,282.983,282.413,280.836,278.253,274.668,270.106,264.638,258.407,251.662,244.777,238.251,232.643,228.456,225.979,225.171,225.665,226.898,228.317,229.559,230.515,231.275,231.994,232.785,233.68,234.668,235.738,236.887,238.116,239.421,240.796,242.229,243.709,245.217,246.733,248.232,249.686,251.07,252.358,253.534,254.597,255.569,256.507,257.528,258.829,260.731
58620.0,262.413,268.879,274.065,277.929,280.592,282.152,282.664,282.156,280.636,278.105,274.567,270.049,264.619,258.421,251.701,244.832,238.313,232.703,228.505,226.013,225.19,225.673,226.898,228.314,229.556,230.514,231.274,231.994,232.785,233.68,234.668,235.738,236.887,238.116,239.421,240.795,242.229,243.709,245.217,246.733,248.232,249.686,251.07,252.358,253.534,254.597,255.569,256.507,257.528,258.829,260.731
58680.0,261.498,268.105,273.41,277.375,280.126,281.762,282.343,281.897,280.435,277.956,274.466,269.99,264.599,258.433,251.738,244.887,238.375,232.762,228.554,226.047,225.21,225.68,226.899,228.312,229.554,230.513,231.274,231.994,232.785,233.68,234.668,235.737,236.887,238.116,239.421,240.795,242.229,243.709,245.217,246.733,248.232,249.686,251.07,252.358,253.534,254.597,255.569,256.507,257.528,258.829,260.731
58740.0,260.576,267.326,272.751,276.817,279.656,281.37,282.021,281.637,280.231,277.805,274.363,269.931,264.578,258.445,251.776,244.941,238.436,232.821,228.603,226.081,225.229,225.688,226.899,228.31,229.552,230.511,231.274,231.994,232.785,233.68,234.668,235.737,236.887,238.116,239.421,240.795,242.229,243.709,245.217,246.733,248.232,249.686,251.07,252.358,253.534,254.597,255.569,256.507,257.528,258.829,260.731
58800.0,259.647,266.541,272.087,276.256,279.184,280.976,281.696,281.375,280.027,277.652,274.258,269.87,264.556,258.456,251.812,244.995,238.498,232.88,228.652,226.115,225.248,225.695,226.9,228.308,229.549,230.51,231.273,231.994,232.785,233.68,234.668,235.737,236.887,238.116,239.421,240.795,242.229,243.709,245.217,246.733,248.232,249.686,251.07,252.358,253.534,254.597,255.569,256.507,257.528,258.829,260.731
58860.0,258.712,265.751,271.42,275.692,278.709,280.579,281.369,281.112,279.82,277.499,274.153,269.808,264.533,258.466,251.848,245.048,238.558,232.939,228.7,226.149,225.268,225.703,226.9,228.305,229.547,230.509,231.273,231.994,232.785,233.68,234.668,235.737,236.887,238.116,239.421,240.795,242.229,243.709,245.217,246.733,248.232,249.686,251.07,252.358,253.534,254.597,255.569,256.507,257.528,258.829,260.731
58920.0,257.768,264.955,270.747,275.124,278.231,280.18,281.04,280.846,279.613,277.344,274.046,269.745,264.509,258.475,251.883,245.101,238.619,232.997,228.749,226.184,225.287,225.711,226.901,228.303,229.545,230.507,231.272,231.994,232.786,233.68,234.668,235.737,236.887,238.116,239.421,240.795,242.229,243.709,245.217,246.733,248.232,249.686,251.07,252.358,253.534,254.597,255.569,256.507,257.528,258.829,260.731
58980.0,256.818,264.153,270.07,274.552,277.75,279.779,280.709,280.579,279.403,277.187,273.938,269.681,264.484,258.483,251.918,245.153,238.679,233.055,228.798,226.218,225.307,225.719,226.902,228.301,229.543,230.506,231.272,231.994,232.786,233.68,234.668,235.737,236.887,238.116,239.421,240.795,242.229,243.709,245.217,246.733,248.231,249.686,251.07,252.358,253.534,254.597,255.569,256.507,257.528,258.829,260.731
59040.0,255.86,263.346,269.389,273.977,277.266,279.375,280.376,280.31,279.192,277.029,273.829,269.616,264.458,258.491,251.951,245.204,238.738,233.114,228.846,226.252,225.326,225.727,226.902,228.299,229.54,230.505,231.271,231.994,232.786,233.68,234.667,235.737,236.887,238.116,239.421,240.795,242.229,243.709,245.217,246.733,248.231,249.686,251.07,252.358,253.534,254.597,255.569,256.507,257.528,258.829,260.731
59100.0,254.895,262.533,268.703,273.399,276.779,278.968,280.041,280.039,278.98,276.87,273.718,269.55,264.431,258.497,251.984,245.255,238.798,233.171,228.895,226.287,225.346,225.734,226.903,228.297,229.538,230.503,231.271,231.994,232.786,233.68,234.667,235.737,236.887,238.116,239.421,240.795,242.229,243.709,245.217,246.733,248.231,249.686,251.069,252.358,253.534,254.597,255.569,256.507,257.528,258.829,260.731
59160.0,253.922,261.715,268.013,272.816,276.289,278.559,279.704,279.766,278.765,276.709,273.606,269.482,264.403,258.503,252.017,245.306,238.856,233.229,228.943,226.321,225.366,225.742,226.904,228.295,229.536,230.502,231.27,231.994,232.786,233.68,234.667,235.737,236.887,238.116,239.421,240.795,242.229,243.709,245.217,246.733,248.231,249.686,251.069,252.358,253.534,254.597,255.569,256.507,257.528,258.829,260.731
59220.0,252.942,260.89,267.318,272.23,275.797,278.148,279.365,279.492,278.55,276.547,273.493,269.414,264.374,258.508,252.048,245.356,238.915,233.287,228.991,226.355,225.385,225.751,226.905,228.292,229.534,230.501,231.27,231.994,232.786,233.68,234.667,235.737,236.887,238.116,239.421,240.795,242.229,243.708,245.217,246.733,248.231,249.686,251.069,252.358,253.534,254.597,255.569,256.507,257.528,258.829,260.731
59280.0,251.954,260.06,266.619,271.641,275.301,277.734,279.024,279.216,278.333,276.384,273.379,269.344,264.344,258.512,252.079,245.405,238.973,233.344,229.04,226.39,225.405,225.759,226.906,228.29,229.531,230.499,231.27,231.994,232.786,233.68,234.667,235.737,236.887,238.116,239.421,240.795,242.229,243.708,245.217,246.733,248.231,249.686,251.069,252.358,253.534,254.597,255.569,256.507,257.528,258.829,260.731
59340.0,250.958,259.223,265.915,271.047,274.802,277.318,278.68,278.938,278.114,276.219,273.264,269.274,264.313,258.515,252.109,245.454,239.031,233.401,229.088,226.424,225.425,225.767,226.907,228.288,229.529,230.498,231.269,231.994,232.786,233.68,234.667,235.737,236.887,238.116,239.421,240.795,242.229,243.708,245.217,246.733,248.231,249.686,251.069,252.358,253.534,254.597,255.569,256.507,257.528,258.829,260.731
59400.0,249.955,258.381,265.206,270.45,274.301,276.899,278.335,278.658,277.893,276.053,273.147,269.202,264.281,258.517,252.139,245.502,239.088,233.458,229.136,226.459,225.445,225.775,226.908,228.286,229.527,230.497,231.269,231.994,232.786,233.68,234.667,235.737,236.887,238.116,239.421,240.795,242.229,243.708,245.217,246.733,248.231,249.686,251.069,252.358,253.534,254.597,255.569,256.507,257.528,258.829,260.731
59460.0,248.943,257.533,264.492,269.849,273.796,276.478,277.987,278.376,277.671,275.885,273.029,269.129,264.248,258.518,252.168,245.55,239.145,233.514,229.184,226.493,225.465,225.783,226.909,228.284,229.525,230.495,231.268,231.994,232.786,233.68,234.667,235.737,236.887,238.116,239.421,240.795,242.229,243.708,245.217,246.733,248.231,249.686,251.069,252.358,253.534,254.597,255.569,256.507,257.528,258.829,260.731
59520.0,247.924,256.678,263.774,269.245,273.288,276.054,277.637,278.093,277.448,275.717,272.91,269.055,264.215,258.519,252.196,245.597,239.202,233.571,229.232,226.528,225.485,225.792,226.91,228.282,229.522,230.494,231.268,231.994,232.786,233.68,234.667,235.737,236.887,238.116,239.421,240.795,242.229,243.708,245.217,246.733,248.231,249.686,251.069,252.358,253.534,254.597,255.569,256.507,257.528,258.829,260.731
59580.0,246.896,255.817,263.051,268.637,272.777,275.628,277.286,277.808,277.223,275.546,272.79,268.98,264.18,258.519,252.223,245.643,239.258,233.627,229.28,226.562,225.506,225.8,226.911,228.28,229.52,230.493,231.267,231.994,232.786,233.68,234.667,235.737,236.887,238.116,239.421,240.795,242.229,243.708,245.217,246.733,248.231,249.686,251.069,252.358,253.534,254.597,255.569,256.507,257.528,258.829,260.731
59640.0,245.86,254.951,262.323,268.025,272.264,275.199,276.932,277.52,276.996,275.374,272.668,268.903,264.144,258.518,252.249,245.689,239.314,233.683,229.327,226.597,225.526,225.809,226.912,228.278,229.518,230.492,231.267,231.993,232.786,233.68,234.667,235.737,236.886,238.116,239.421,240.795,242.228,243.708,245.217,246.733,248.231,249.686,251.069,252.358,253.534,254.597,255.569,256.507,257.528,258.829,260.731
59700.0,244.816,254.077,261.591,267.409,271.747,274.768,276.576,277.232,276.768,275.201,272.545,268.826,264.107,258.516,252.275,245.735,239.369,233.739,229.375,226.631,225.546,225.817,226.913,228.277,229.516,230.49,231.266,231.993,232.786,233.68,234.667,235.737,236.886,238.116,239.42,240.795,242.228,243.708,245.217,246.732,248.231,249.686,251.069,252.358,253.534,254.597,255.569,256.507,257.528,258.829,260.731
59760.0,243.764,253.198,260.853,266.789,271.227,274.334,276.218,276.941,276.538,275.027,272.421,268.748,264.069,258.513,252.3,245.779,239.424,233.794,229.423,226.666,225.566,225.826,226.914,228.275,229.514,230.489,231.266,231.993,232.786,233.68,234.667,235.737,236.886,238.115,239.42,240.795,242.228,243.708,245.217,246.732,248.231,249.686,251.069,252.357,253.534,254.597,255.568,256.507,257.528,258.829,260.731
59820.0,242.703,252.312,260.111,266.165,270.703,273.898,275.857,276.649,276.307,274.851,272.296,268.668,264.031,258.509,252.325,245.824,239.479,233.849,229.47,226.7,225.587,225.835,226.916,228.273,229.512,230.488,231.265,231.993,232.786,233.68,234.667,235.737,236.886,238.115,239.42,240.795,242.228,243.708,245.217,246.732,248.231,249.686,251.069,252.357,253.534,254.597,255.568,256.507,257.528,258.829,260.731
59880.0,241.633,251.42,259.363,265.538,270.177,273.459,275.495,276.354,276.074,274.674,272.169,268.587,263.991,258.504,252.349,245.867,239.533,233.904,229.518,226.735,225.607,225.843,226.917,228.271,229.509,230.486,231.265,231.993,232.786,233.68,234.667,235.736,236.886,238.115,239.42,240.795,242.228,243.708,245.217,246.732,248.231,249.686,251.069,252.357,253.534,254.597,255.568,256.507,257.528,258.829,260.731
59940.0,240.555,250.521,258.611,264.906,269.648,273.017,275.131,276.058,275.84,274.495,272.041,268.506,263.95,258.499,252.372,245.911,239.587,233.959,229.565,226.77,225.628,225.852,226.918,228.269,229.507,230.485,231.264,231.993,232.786,233.68,234.667,235.736,236.886,238.115,239.42,240.795,242.228,243.708,245.216,246.732,248.231,249.686,251.069,252.357,253.534,254.597,255.568,256.507,257.528,258.829,260.731
60000.0,239.468,249.615,257.853,264.271,269.115,272.573,274.764,275.76,275.604,274.315,271.912,268.423,263.908,258.493,252.394,245.953,239.641,234.014,229.613,226.804,225.648,225.861,226.92,228.267,229.505,230.484,231.264,231.993,232.786,233.68,234.667,235.736,236.886,238.115,239.42,240.795,242.228,243.708,245.216,246.732,248.231,249.686,251.069,252.357,253.534,254.597,255.568,256.507,257.528,258.829,260.731
60060.0,238.372,248.703,257.09,263.631,268.579,272.126,274.395,275.461,275.366,274.134,271.782,268.339,263.866,258.486,252.416,245.995,239.694,234.068,229.66,226.839,225.669,225.87,226.921,228.265,229.503,230.482,231.263,231.993,232.786,233.68,234.667,235.736,236.886,238.115,239.42,240.794,242.228,243.708,245.216,246.732,248.231,249.686,251.069,252.357,253.534,254.597,255.568,256.507,257.528,258.829,260.731
60120.0,237.267,247.784,256.323,262.987,268.04,271.677,274.024,275.159,275.127,273.951,271.65,268.254,263.822,258.478,252.436,246.037,239.747,234.122,229.707,226.873,225.69,225.879,226.923,228.264,229.501,230.481,231.263,231.993,232.786,233.679,234.667,235.736,236.886,238.115,239.42,240.794,242.228,243.708,245.216,246.732,248.231,249.686,251.069,252.357,253.534,254.597,255.568,256.507,257.528,258.829,260.731
60180.0,236.153,246.858,255.55,262.34,267.498,271.225,273.651,274.856,274.886,273.767,271.518,268.168,263.777,258.469,252.457,246.078,239.799,234.176,229.754,226.908,225.711,225.888,226.924,228.262,229.499,230.48,231.262,231.993,232.786,233.679,234.667,235.736,236.886,238.115,239.42,240.794,242.228,243.708,245.216,246.732,248.231,249.686,251.069,252.357,253.534,254.597,255.568,256.507,257.528,258.829,260.731
60240.0,235.03,245.925,254.771,261.688,266.953,270.771,273.276,274.551,274.644,273.581,271.384,268.08,263.732,258.459,252.476,246.118,239.851,234.23,229.801,226.943,225.731,225.897,226.926,228.26,229.496,230.478,231.262,231.993,232.786,233.679,234.667,235.736,236.886,238.115,239.42,240.794,242.228,243.708,245.216,246.732,248.231,249.686,251.069,252.357,253.534,254.597,255.568,256.507,257.528,258.829,260.731
60300.0,233.898,244.985,253.988,261.032,266.404,270.313,272.898,274.244,274.4,273.394,271.249,267.992,263.685,258.449,252.495,246.158,239.902,234.284,229.848,226.977,225.752,225.906,226.927,228.259,229.494,230.477,231.261,231.993,232.786,233.679,234.666,235.736,236.886,238.115,239.42,240.794,242.228,243.708,245.216,246.732,248.231,249.686,251.069,252.357,253.534,254.597,255.568,256.507,257.528,258.829,260.731
60360.0,232.756,244.038,253.198,260.372,265.852,269.854,272.518,273.935,274.154,273.206,271.112,267.903,263.638,258.437,252.513,246.197,239.953,234.337,229.894,227.012,225.773,225.915,226.929,228.257,229.492,230.476,231.261,231.993,232.786,233.679,234.666,235.736,236.886,238.115,239.42,240.794,242.228,243.708,245.216,246.732,248.231,249.686,251.069,252.357,253.534,254.597,255.568,256.507,257.528,258.829,260.731
60420.0,231.604,243.084,252.404,259.708,265.297,269.391,272.137,273.624,273.907,273.017,270.975,267.812,263.589,258.425,252.53,246.236,240.004,234.39,229.941,227.047,225.794,225.925,226.931,228.255,229.49,230.474,231.26,231.993,232.786,233.679,234.666,235.736,236.886,238.115,239.42,240.794,242.228,243.708,245.216,246.732,248.231,249.686,251.069,252.357,253.534,254.597,255.568,256.507,257.528,258.829,260.731
60480.0,230.443,242.123,251.604,259.04,264.738,268.926,271.752,273.311,273.658,272.825,270.836,267.72,263.54,258.412,252.547,246.274,240.054,234.443,229.988,227.081,225.815,225.934,226.932,228.254,229.488,230.473,231.26,231.993,232.786,233.679,234.666,235.736,236.886,238.115,239.42,240.794,242.228,243.708,245.216,246.732,248.231,249.686,251.069,252.357,253.534,254.597,255.568,256.507,257.528,258.829,260.731
60540.0,229.272,241.155,250.799,258.367,264.176,268.458,271.366,272.997,273.408,272.633,270.696,267.628,263.489,258.398,252.563,246.312,240.104,234.495,230.034,227.116,225.836,225.943,226.934,228.252,229.486,230.472,231.259,231.992,232.786,233.679,234.666,235.736,236.886,238.115,239.42,240.794,242.228,243.708,245.216,246.732,248.231,249.685,251.069,252.357,253.534,254.597,255.568,256.507,257.528,258.829,260.731
60600.0,228.091,240.179,249.988,257.69,263.611,267.987,270.978,272.681,273.156,272.439,270.555,267.534,263.438,258.383,252.578,246.349,240.154,234.547,230.08,227.151,225.857,225.953,226.936,228.25,229.484,230.47,231.259,231.992,232.786,233.679,234.666,235.736,236.886,238.115,239.42,240.794,242.228,243.708,245.216,246.732,248.231,249.685,251.069,252.357,253.534,254.597,255.568,256.507,257.528,258.829,260.731
60660.0,226.9,239.195,249.171,257.009,263.042,267.514,270.587,272.363,272.903,272.244,270.412,267.439,263.385,258.368,252.592,246.385,240.203,234.599,230.127,227.185,225.878,225.962,226.938,228.249,229.482,230.469,231.258,231.992,232.786,233.679,234.666,235.736,236.886,238.115,239.42,240.794,242.228,243.708,245.216,246.732,248.231,249.685,251.069,252.357,253.534,254.597,255.568,256.507,257.528,258.829,260.731
60720.0,225.699,238.204,248.348,256.323,262.47,267.038,270.194,272.043,272.648,272.047,270.268,267.343,263.332,258.351,252.606,246.421,240.252,234.651,230.173,227.22,225.9,225.972,226.94,228.247,229.48,230.468,231.258,231.992,232.786,233.679,234.666,235.736,236.886,238.115,239.42,240.794,242.228,243.708,245.216,246.732,248.231,249.685,251.069,252.357,253.534,254.597,255.568,256.507,257.528,258.829,260.731
60780.0,224.487,237.205,247.52,255.633,261.894,266.559,269.799,271.721,272.391,271.849,270.123,267.246,263.278,258.334,252.619,246.456,240.3,234.703,230.219,227.255,225.921,225.982,226.942,228.246,229.477,230.466,231.257,231.992,232.786,233.679,234.666,235.736,236.886,238.115,239.42,240.794,242.228,243.708,245.216,246.732,248.231,249.685,251.069,252.357,253.534,254.597,255.568,256.507,257.528,258.829,260.731
60840.0,223.265,236.199,246.686,254.939,261.315,266.078,269.401,271.397,272.133,271.65,269.977,267.148,263.223,258.316,252.632,246.491,240.348,234.754,230.265,227.289,225.942,225.991,226.944,228.244,229.475,230.465,231.257,231.992,232.786,233.679,234.666,235.736,236.886,238.115,239.42,240.794,242.228,243.708,245.216,246.732,248.231,249.685,251.069,252.357,253.534,254.597,255.568,256.507,257.528,258.829,260.731
60900.0,222.032,235.185,245.846,254.24,260.732,265.593,269.002,271.071,271.873,271.449,269.83,267.049,263.166,258.297,252.643,246.525,240.395,234.805,230.311,227.324,225.964,226.001,226.946,228.243,229.473,230.464,231.256,231.992,232.786,233.679,234.666,235.736,236.885,238.115,239.42,240.794,242.228,243.707,245.216,246.732,248.231,249.685,251.069,252.357,253.534,254.597,255.568,256.507,257.528,258.829,260.731
60960.0,220.789,234.162,245.0,253.536,260.146,265.106,268.6,270.744,271.612,271.247,269.681,266.949,263.109,258.277,252.654,246.559,240.442,234.856,230.356,227.358,225.985,226.011,226.948,228.241,229.471,230.462,231.256,231.992,232.786,233.679,234.666,235.736,236.885,238.115,239.42,240.794,242.228,243.707,245.216,246.732,248.231,249.685,251.069,252.357,253.534,254.597,255.568,256.507,257.528,258.829,260.731
61020.0,219.535,233.132,244.149,252.828,259.556,264.616,268.195,270.414,271.349,271.044,269.532,266.847,263.051,258.257,252.664,246.592,240.489,234.906,230.402,227.393,226.006,226.021,226.95,228.24,229.469,230.461,231.255,231.992,232.786,233.679,234.666,235.736,236.885,238.115,239.42,240.794,242.228,243.707,245.216,246.732,248.231,249.685,251.069,252.357,253.534,254.597,255.568,256.507,257.528,258.829,260.731
61080.0,218.269,232.094,243.291,252.115,258.963,264.123,267.789,270.083,271.084,270.839,269.381,266.745,262.992,258.235,252.674,246.624,240.535,234.956,230.447,227.428,226.028,226.031,226.952,228.238,229.467,230.46,231.255,231.992,232.786,233.679,234.666,235.735,236.885,238.115,239.42,240.794,242.228,243.707,245.216,246.732,248.231,249.685,251.069,252.357,253.534,254.597,255.568,256.507,257.528,258.829,260.731
61140.0,216.993,231.047,242.426,251.398,258.366,263.628,267.38,269.75,270.818,270.633,269.228,266.641,262.932,258.213,252.682,246.656,240.581,235.007,230.493,227.462,226.049,226.041,226.955,228.237,229.465,230.458,231.254,231.992,232.786,233.679,234.666,235.735,236.885,238.114,239.419,240.794,242.228,243.707,245.216,246.732,248.231,249.685,251.069,252.357,253.534,254.597,255.568,256.507,257.528,258.829,260.731
61200.0,215.705,229.992,241.556,250.675,257.765,263.129,266.969,269.415,270.55,270.425,269.075,266.537,262.871,258.19,252.691,246.688,240.627,235.056,230.538,227.497,226.071,226.051,226.957,228.236,229.463,230.457,231.254,231.992,232.786,233.679,234.666,235.735,236.885,238.114,239.419,240.794,242.228,243.707,245.216,246.732,248.231,249.685,251.069,252.357,253.534,254.597,255.568,256.507,257.528,258.829,260.731
61260.0,214.405,228.928,240.679,249.948,257.161,262.628,266.555,269.078,270.28,270.216,268.92,266.431,262.809,258.166,252.698,246.718,240.672,235.106,230.583,227.531,226.093,226.061,226.959,228.234,229.461,230.456,231.253,231.991,232.786,233.679,234.666,235.735,236.885,238.114,239.419,240.794,242.227,243.707,245.216,246.732,248.23,249.685,251.069,252.357,253.534,254.597,255.568,256.507,257.528,258.829,260.731
61320.0,213.094,227.856,239.796,249.217,256.553,262.123,266.139,268.739,270.009,270.005,268.764,266.324,262.746,258.141,252.705,246.749,240.716,235.155,230.628,227.566,226.114,226.071,226.962,228.233,229.459,230.454,231.253,231.991,232.786,233.679,234.666,235.735,236.885,238.114,239.419,240.794,242.227,243.707,245.216,246.732,248.23,249.685,251.069,252.357,253.534,254.597,255.568,256.507,257.528,258.829,260.731
61380.0,211.771,226.775,238.906,248.48,255.941,261.616,265.721,268.398,269.737,269.794,268.607,266.217,262.682,258.115,252.71,246.778,240.76,235.204,230.673,227.6,226.136,226.081,226.964,228.232,229.457,230.453,231.252,231.991,232.786,233.679,234.666,235.735,236.885,238.114,239.419,240.794,242.227,243.707,245.216,246.732,248.23,249.685,251.069,252.357,253.534,254.597,255.568,256.507,257.528,258.829,260.731
61440.0,210.436,225.685,238.01,247.738,255.326,261.106,265.3,268.055,269.462,269.58,268.449,266.108,262.617,258.089,252.716,246.807,240.804,235.253,230.718,227.635,226.158,226.091,226.966,228.231,229.455,230.452,231.252,231.991,232.786,233.679,234.666,235.735,236.885,238.114,239.419,240.794,242.227,243.707,245.216,246.732,248.23,249.685,251.069,252.357,253.534,254.597,255.568,256.507,257.528,258.829,260.731
61500.0,209.089,224.586,237.107,246.992,254.707,260.593,264.877,267.71,269.186,269.366,268.29,265.998,262.551,258.061,252.72,246.836,240.847,235.301,230.763,227.669,226.179,226.102,226.969,228.229,229.453,230.45,231.251,231.991,232.786,233.679,234.666,235.735,236.885,238.114,239.419,240.794,242.227,243.707,245.216,246.732,248.23,249.685,251.069,252.357,253.534,254.597,255.568,256.507,257.528,258.829,260.731
61560.0,207.729,223.478,236.198,246.24,254.083,260.076,264.452,267.363,268.909,269.15,268.129,265.887,262.485,258.033,252.724,246.864,240.89,235.349,230.807,227.704,226.201,226.112,226.971,228.228,229.451,230.449,231.251,231.991,232.786,233.679,234.665,235.735,236.885,238.114,239.419,240.793,242.227,243.707,245.216,246.732,248.23,249.685,251.069,252.357,253.534,254.597,255.568,256.507,257.528,258.829,260.731
61620.0,206.357,222.361,235.282,245.483,253.456,259.557,264.024,267.015,268.63,268.932,267.967,265.774,262.417,258.004,252.727,246.891,240.933,235.397,230.852,227.738,226.223,226.122,226.974,228.227,229.449,230.448,231.25,231.991,232.786,233.679,234.665,235.735,236.885,238.114,239.419,240.793,242.227,243.707,245.216,246.732,248.23,249.685,251.069,252.357,253.534,254.597,255.568,256.507,257.528,258.829,260.731
61680.0,204.973,221.234,234.358,244.721,252.825,259.035,263.594,266.664,268.349,268.714,267.804,265.661,262.348,257.974,252.729,246.918,240.975,235.445,230.896,227.773,226.245,226.133,226.977,228.226,229.447,230.446,231.25,231.991,232.786,233.679,234.665,235.735,236.885,238.114,239.419,240.793,242.227,243.707,245.216,246.732,248.23,249.685,251.069,252.357,253.534,254.597,255.568,256.507,257.528,258.829,260.731
61740.0,203.575,220.098,233.428,243.954,252.19,258.509,263.161,266.311,268.066,268.493,267.639,265.547,262.279,257.944,252.731,246.944,241.017,235.493,230.94,227.807,226.267,226.143,226.979,228.224,229.445,230.445,231.249,231.991,232.786,233.679,234.665,235.735,236.885,238.114,239.419,240.793,242.227,243.707,245.216,246.731,248.23,249.685,251.069,252.357,253.534,254.597,255.568,256.507,257.528,258.829,260.731
61800.0,202.164,218.953,232.491,243.182,251.552,257.981,262.726,265.957,267.782,268.272,267.474,265.432,262.208,257.912,252.732,246.97,241.058,235.54,230.984,227.842,226.289,226.154,226.982,228.223,229.443,230.444,231.249,231.991,232.786,233.679,234.665,235.735,236.885,238.114,239.419,240.793,242.227,243.707,245.215,246.731,248.23,249.685,251.069,252.357,253.534,254.597,255.568,256.507,257.528,258.83,260.731
61860.0,200.74,217.797,231.546,242.404,250.909,257.449,262.289,265.6,267.496,268.049,267.307,265.315,262.137,257.88,252.732,246.995,241.099,235.587,231.028,227.876,226.311,226.165,226.985,228.222,229.441,230.442,231.248,231.991,232.786,233.679,234.665,235.735,236.885,238.114,239.419,240.793,242.227,243.707,245.215,246.731,248.23,249.685,251.069,252.357,253.534,254.597,255.568,256.507,257.528,258.83,260.731
61920.0,199.303,216.632,230.594,241.621,250.261,256.915,261.849,265.242,267.209,267.824,267.139,265.198,262.064,257.847,252.732,247.019,241.139,235.633,231.072,227.91,226.333,226.175,226.987,228.221,229.44,230.441,231.248,231.99,232.786,233.679,234.665,235.735,236.885,238.114,239.419,240.793,242.227,243.707,245.215,246.731,248.23,249.685,251.069,252.357,253.534,254.597,255.568,256.507,257.528,258.83,260.731
61980.0,197.852,215.456,229.635,240.832,249.61,256.377,261.406,264.881,266.92,267.598,266.97,265.079,261.991,257.813,252.731,247.043,241.179,235.679,231.116,227.945,226.355,226.186,226.99,228.22,229.438,230.44,231.247,231.99,232.786,233.679,234.665,235.735,236.885,238.114,239.419,240.793,242.227,243.707,245.215,246.731,248.23,249.685,251.069,252.357,253.534,254.597,255.568,256.507,257.528,258.83,260.731
62040.0,196.387,214.271,228.668,240.038,248.955,255.836,260.961,264.518,266.629,267.371,266.799,264.96,261.917,257.778,252.729,247.066,241.218,235.726,231.159,227.979,226.377,226.197,226.993,228.219,229.436,230.438,231.246,231.99,232.786,233.679,234.665,235.735,236.885,238.114,239.419,240.793,242.227,243.707,245.215,246.731,248.23,249.685,251.069,252.357,253.534,254.597,255.568,256.507,257.528,258.83,260.731
62100.0,194.908,213.075,227.694,239.238,248.295,255.291,260.514,264.154,266.336,267.143,266.627,264.839,261.841,257.742,252.726,247.089,241.258,235.771,231.203,228.013,226.399,226.208,226.996,228.218,229.434,230.437,231.246,231.99,232.786,233.679,234.665,235.735,236.885,238.114,239.419,240.793,242.227,243.707,245.215,246.731,248.23,249.685,251.069,252.357,253.534,254.597,255.568,256.507,257.528,258.83,260.731
62160.0,193.415,211.869,226.712,238.433,247.631,254.744,260.063,263.787,266.042,266.912,266.454,264.717,261.765,257.706,252.723,247.111,241.296,235.817,231.246,228.048,226.422,226.218,226.999,228.217,229.432,230.436,231.245,231.99,232.786,233.679,234.665,235.735,236.884,238.114,239.419,240.793,242.227,243.707,245.215,246.731,248.23,249.685,251.069,252.357,253.534,254.597,255.568,256.507,257.528,258.83,260.731
62220.0,191.908,210.652,225.722,237.621,246.963,254.193,259.611,263.418,265.746,266.681,266.28,264.594,261.688,257.669,252.719,247.133,241.335,235.862,231.289,228.082,226.444,226.229,227.002,228.216,229.43,230.434,231.245,231.99,232.786,233.679,234.665,235.735,236.884,238.114,239.419,240.793,242.227,243.707,245.215,246.731,248.23,249.685,251.069,252.357,253.534,254.597,255.568,256.507,257.528,258.83,260.731
62280.0,190.386,209.424,224.725,236.804,246.29,253.638,259.155,263.047,265.449,266.448,266.105,264.471,261.61,257.63,252.714,247.154,241.372,235.907,231.332,228.116,226.466,226.24,227.005,228.215,229.428,230.433,231.244,231.99,232.786,233.679,234.665,235.735,236.884,238.114,239.419,240.793,242.227,243.707,245.215,246.731,248.23,249.685,251.068,252.357,253.534,254.597,255.568,256.507,257.528,258.83,260.731
62340.0,188.849,208.185,223.719,235.981,245.613,253.081,258.698,262.674,265.15,266.214,265.928,264.346,261.531,257.592,252.709,247.174,241.41,235.952,231.375,228.15,226.488,226.251,227.008,228.214,229.426,230.432,231.244,231.99,232.786,233.679,234.665,235.734,236.884,238.114,239.419,240.793,242.227,243.707,245.215,246.731,248.23,249.685,251.068,252.357,253.534,254.597,255.568,256.507,257.528,258.83,260.731
62400.0,187.298,206.935,222.705,235.152,244.932,252.52,258.237,262.299,264.849,265.978,265.751,264.22,261.451,257.552,252.703,247.194,241.447,235.996,231.418,228.184,226.511,226.263,227.011,228.213,229.424,230.43,231.243,231.99,232.786,233.679,234.665,235.734,236.884,238.114,239.419,240.793,242.227,243.707,245.215,246.731,248.23,249.685,251.068,252.357,253.534,254.597,255.568,256.507,257.528,258.83,260.731
62460.0,185.731,205.674,221.683,234.317,244.246,251.955,257.774,261.922,264.546,265.741,265.571,264.092,261.37,257.511,252.696,247.214,241.483,236.04,231.46,228.218,226.533,226.274,227.014,228.212,229.423,230.429,231.243,231.989,232.786,233.679,234.665,235.734,236.884,238.113,239.419,240.793,242.227,243.707,245.215,246.731,248.23,249.685,251.068,252.357,253.534,254.597,255.568,256.507,257.528,258.83,260.731
62520.0,184.149,204.401,220.652,233.476,243.555,251.387,257.308,261.543,264.242,265.502,265.391,263.964,261.288,257.47,252.689,247.232,241.519,236.084,231.503,228.253,226.555,226.285,227.018,228.212,229.421,230.428,231.242,231.989,232.786,233.679,234.665,235.734,236.884,238.113,239.418,240.793,242.227,243.707,245.215,246.731,248.23,249.685,251.068,252.357,253.534,254.597,255.568,256.507,257.528,258.83,260.731
62580.0,182.551,203.117,219.613,232.628,242.86,250.816,256.839,261.161,263.935,265.262,265.21,263.835,261.206,257.428,252.68,247.251,241.555,236.128,231.545,228.287,226.578,226.296,227.021,228.211,229.419,230.427,231.242,231.989,232.786,233.678,234.665,235.734,236.884,238.113,239.418,240.793,242.227,243.707,245.215,246.731,248.23,249.685,251.068,252.357,253.533,254.597,255.568,256.507,257.528,258.83,260.731
62640.0,180.938,201.821,218.566,231.774,242.16,250.241,256.368,260.778,263.628,265.021,265.027,263.705,261.122,257.385,252.671,247.268,241.59,236.171,231.587,228.321,226.6,226.307,227.024,228.21,229.417,230.425,231.241,231.989,232.786,233.678,234.665,235.734,236.884,238.113,239.418,240.793,242.227,243.706,245.215,246.731,248.23,249.685,251.068,252.357,253.533,254.597,255.568,256.507,257.528,258.83,260.731
62700.0,179.309,200.514,217.509,230.914,241.456,249.663,255.894,260.392,263.318,264.778,264.843,263.573,261.037,257.341,252.662,247.285,241.625,236.214,231.629,228.355,226.623,226.319,227.027,228.209,229.415,230.424,231.24,231.989,232.786,233.678,234.665,235.734,236.884,238.113,239.418,240.793,242.227,243.706,245.215,246.731,248.23,249.685,251.068,252.357,253.533,254.597,255.568,256.507,257.528,258.83,260.731
62760.0,177.665,199.194,216.444,230.047,240.746,249.08,255.417,260.004,263.007,264.533,264.658,263.441,260.952,257.296,252.651,247.302,241.659,236.257,231.671,228.388,226.645,226.33,227.031,228.208,229.413,230.423,231.24,231.989,232.786,233.678,234.665,235.734,236.884,238.113,239.418,240.793,242.227,243.706,245.215,246.731,248.23,249.685,251.068,252.357,253.533,254.597,255.568,256.507,257.528,258.83,260.731
62820.0,176.004,197.862,215.37,229.174,240.032,248.495,254.938,259.614,262.694,264.287,264.471,263.307,260.865,257.25,252.64,247.317,241.693,236.299,231.713,228.422,226.668,226.341,227.034,228.208,229.412,230.421,231.239,231.989,232.786,233.678,234.665,235.734,236.884,238.113,239.418,240.793,242.226,243.706,245.215,246.731,248.23,249.685,251.068,252.357,253.533,254.597,255.568,256.507,257.528,258.83,260.731
62880.0,174.327,196.518,214.286,228.294,239.313,247.905,254.455,259.222,262.379,264.04,264.284,263.173,260.778,257.204,252.629,247.333,241.727,236.341,231.754,228.456,226.69,226.353,227.038,228.207,229.41,230.42,231.239,231.989,232.786,233.678,234.664,235.734,236.884,238.113,239.418,240.793,242.226,243.706,245.215,246.731,248.23,249.685,251.068,252.357,253.533,254.597,255.568,256.507,257.528,258.83,260.731
62940.0,172.633,195.161,213.194,227.407,238.589,247.312,253.97,258.827,262.062,263.791,264.095,263.037,260.689,257.157,252.616,247.347,241.76,236.383,231.796,228.49,226.713,226.364,227.041,228.206,229.408,230.419,231.238,231.989,232.786,233.678,234.664,235.734,236.884,238.113,239.418,240.793,242.226,243.706,245.215,246.731,248.23,249.685,251.068,252.357,253.533,254.597,255.568,256.507,257.529,258.83,260.731
63000.0,170.924,193.791,212.092,226.514,237.859,246.715,253.482,258.431,261.744,263.541,263.905,262.901,260.6,257.109,252.603,247.362,241.793,236.425,231.837,228.524,226.735,226.376,227.045,228.206,229.406,230.417,231.238,231.988,232.786,233.678,234.664,235.734,236.884,238.113,239.418,240.793,242.226,243.706,245.215,246.731,248.23,249.685,251.068,252.357,253.533,254.597,255.568,256.507,257.529,258.83,260.731
63060.0,169.198,192.409,210.981,225.613,237.125,246.114,252.991,258.032,261.423,263.289,263.713,262.763,260.51,257.06,252.589,247.375,241.825,236.466,231.878,228.557,226.758,226.388,227.048,228.205,229.405,230.416,231.237,231.988,232.786,233.678,234.664,235.734,236.884,238.113,239.418,240.792,242.226,243.706,245.215,246.731,248.23,249.685,251.068,252.357,253.533,254.597,255.568,256.507,257.529,258.83,260.731
63120.0,167.455,191.015,209.86,224.706,236.385,245.51,252.497,257.631,261.101,263.036,263.521,262.624,260.418,257.011,252.575,247.388,241.857,236.507,231.919,228.591,226.78,226.399,227.052,228.204,229.403,230.415,231.237,231.988,232.786,233.678,234.664,235.734,236.884,238.113,239.418,240.792,242.226,243.706,245.215,246.731,248.23,249.685,251.068,252.357,253.533,254.597,255.568,256.507,257.529,258.83,260.731
63180.0,165.696,189.607,208.729,223.791,235.641,244.901,252.0,257.227,260.777,262.781,263.327,262.484,260.326,256.96,252.559,247.401,241.888,236.548,231.96,228.625,226.803,226.411,227.055,228.204,229.401,230.413,231.236,231.988,232.786,233.678,234.664,235.734,236.884,238.113,239.418,240.792,242.226,243.706,245.215,246.731,248.23,249.684,251.068,252.357,253.533,254.597,255.568,256.507,257.529,258.83,260.731
63240.0,163.921,188.186,207.589,222.869,234.891,244.289,251.5,256.821,260.452,262.525,263.132,262.343,260.233,256.909,252.544,247.412,241.919,236.588,232.0,228.658,226.826,226.423,227.059,228.203,229.399,230.412,231.235,231.988,232.786,233.678,234.664,235.734,236.884,238.113,239.418,240.792,242.226,243.706,245.215,246.731,248.23,249.684,251.068,252.357,253.533,254.597,255.568,256.507,257.529,258.83,260.731
63300.0,162.13,186.753,206.439,221.94,234.135,243.672,250.997,256.413,260.124,262.267,262.935,262.201,260.139,256.857,252.527,247.424,241.949,236.628,232.041,228.692,226.848,226.435,227.063,228.203,229.398,230.411,231.235,231.988,232.786,233.678,234.664,235.734,236.884,238.113,239.418,240.792,242.226,243.706,245.215,246.731,248.23,249.684,251.068,252.357,253.533,254.597,255.568,256.507,257.529,258.83,260.731
63360.0,160.323,185.306,205.279,221.004,233.374,243.052,250.491,256.002,259.795,262.008,262.738,262.058,260.044,256.804,252.51,247.434,241.979,236.668,232.081,228.725,226.871,226.446,227.067,228.202,229.396,230.409,231.234,231.988,232.786,233.678,234.664,235.734,236.884,238.113,239.418,240.792,242.226,243.706,245.215,246.731,248.23,249.684,251.068,252.357,253.533,254.597,255.568,256.507,257.529,258.83,260.731
63420.0,158.499,183.846,204.109,220.06,232.608,242.427,249.982,255.59,259.464,261.747,262.539,261.914,259.948,256.75,252.492,247.444,242.009,236.707,232.121,228.759,226.894,226.458,227.07,228.202,229.394,230.408,231.234,231.988,232.786,233.678,234.664,235.734,236.884,238.113,239.418,240.792,242.226,243.706,245.215,246.731,248.23,249.684,251.068,252.357,253.533,254.597,255.568,256.507,257.529,258.83,260.731
63480.0,156.661,182.374,202.93,219.109,231.836,241.799,249.47,255.174,259.131,261.485,262.339,261.768,259.851,256.696,252.473,247.454,242.038,236.747,232.161,228.792,226.917,226.47,227.074,228.201,229.392,230.407,231.233,231.987,232.786,233.678,234.664,235.734,236.883,238.113,239.418,240.792,242.226,243.706,245.215,246.731,248.23,249.684,251.068,252.357,253.533,254.597,255.568,256.507,257.529,258.83,260.731
63540.0,154.807,180.888,201.74,218.15,231.059,241.166,248.955,254.757,258.796,261.221,262.137,261.622,259.754,256.641,252.453,247.463,242.067,236.786,232.201,228.826,226.939,226.482,227.078,228.201,229.391,230.406,231.233,231.987,232.786,233.678,234.664,235.733,236.883,238.113,239.418,240.792,242.226,243.706,245.215,246.731,248.229,249.684,251.068,252.357,253.533,254.597,255.568,256.507,257.529,258.83,260.731
63600.0,152.939,179.39,200.54,217.184,230.276,240.529,248.437,254.337,258.459,260.956,261.935,261.474,259.655,256.584,252.433,247.471,242.095,236.824,232.241,228.859,226.962,226.494,227.082,228.2,229.389,230.404,231.232,231.987,232.786,233.678,234.664,235.733,236.883,238.113,239.418,240.792,242.226,243.706,245.215,246.731,248.229,249.684,251.068,252.357,253.533,254.597,255.568,256.507,257.529,258.83,260.731
63660.0,151.056,177.88,199.33,216.21,229.488,239.888,247.915,253.914,258.12,260.689,261.731,261.326,259.555,256.527,252.412,247.479,242.123,236.863,232.28,228.892,226.985,226.506,227.086,228.2,229.387,230.403,231.231,231.987,232.786,233.678,234.664,235.733,236.883,238.113,239.418,240.792,242.226,243.706,245.214,246.731,248.229,249.684,251.068,252.356,253.533,254.597,255.568,256.507,257.529,258.83,260.731
63720.0,149.16,176.357,198.111,215.229,228.693,239.243,247.39,253.489,257.779,260.421,261.526,261.176,259.455,256.47,252.391,247.486,242.15,236.901,232.32,228.925,227.008,226.518,227.09,228.2,229.386,230.402,231.231,231.987,232.786,233.678,234.664,235.733,236.883,238.113,239.418,240.792,242.226,243.706,245.214,246.731,248.229,249.684,251.068,252.356,253.533,254.597,255.568,256.507,257.529,258.83,260.731
63780.0,147.252,174.823,196.881,214.24,227.894,238.593,246.862,253.062,257.437,260.151,261.319,261.026,259.353,256.411,252.369,247.493,242.177,236.938,232.359,228.958,227.03,226.53,227.094,228.199,229.384,230.4,231.23,231.987,232.786,233.678,234.664,235.733,236.883,238.112,239.418,240.792,242.226,243.706,245.214,246.73,248.229,249.684,251.068,252.356,253.533,254.597,255.568,256.507,257.529,258.83,260.731
63840.0,145.333,173.277,195.642,213.243,227.088,237.939,246.331,252.632,257.092,259.88,261.111,260.874,259.251,256.352,252.346,247.499,242.204,236.976,232.398,228.991,227.053,226.543,227.098,228.199,229.382,230.399,231.23,231.987,232.786,233.678,234.664,235.733,236.883,238.112,239.418,240.792,242.226,243.706,245.214,246.73,248.229,249.684,251.068,252.356,253.533,254.596,255.568,256.507,257.529,258.83,260.731
63900.0,143.403,171.72,194.393,212.239,226.277,237.281,245.797,252.2,256.745,259.607,260.902,260.721,259.147,256.292,252.322,247.505,242.23,237.013,232.437,229.024,227.076,226.555,227.102,228.199,229.381,230.398,231.229,231.987,232.786,233.678,234.664,235.733,236.883,238.112,239.418,240.792,242.226,243.706,245.214,246.73,248.229,249.684,251.068,252.356,253.533,254.596,255.568,256.507,257.529,258.83,260.731
63960.0,141.465,170.153,193.136,211.228,225.459,236.618,245.259,251.765,256.397,259.332,260.692,260.567,259.043,256.231,252.298,247.509,242.255,237.05,232.476,229.057,227.099,226.567,227.106,228.198,229.379,230.397,231.229,231.986,232.786,233.678,234.664,235.733,236.883,238.112,239.417,240.792,242.226,243.706,245.214,246.73,248.229,249.684,251.068,252.356,253.533,254.596,255.568,256.507,257.529,258.83,260.731
64020.0,139.519,168.577,191.869,210.209,224.637,235.951,244.718,251.327,256.046,259.056,260.48,260.412,258.938,256.169,252.273,247.514,242.28,237.086,232.514,229.09,227.122,226.579,227.111,228.198,229.378,230.395,231.228,231.986,232.786,233.678,234.664,235.733,236.883,238.112,239.417,240.792,242.226,243.706,245.214,246.73,248.229,249.684,251.068,252.356,253.533,254.596,255.568,256.507,257.529,258.83,260.731
64080.0,137.569,166.992,190.594,209.184,223.808,235.28,244.174,250.887,255.694,258.778,260.267,260.256,258.832,256.106,252.247,247.518,242.305,237.122,232.552,229.123,227.145,226.592,227.115,228.198,229.376,230.394,231.227,231.986,232.786,233.678,234.664,235.733,236.883,238.112,239.417,240.792,242.226,243.706,245.214,246.73,248.229,249.684,251.068,252.356,253.533,254.596,255.568,256.507,257.529,258.83,260.731
64140.0,135.616,165.4,189.311,208.151,222.974,234.604,243.626,250.445,255.339,258.499,260.053,260.098,258.725,256.043,252.221,247.521,242.329,237.158,232.591,229.156,227.168,226.604,227.119,228.198,229.374,230.393,231.227,231.986,232.786,233.678,234.664,235.733,236.883,238.112,239.417,240.792,242.226,243.706,245.214,246.73,248.229,249.684,251.068,252.356,253.533,254.596,255.568,256.507,257.529,258.83,260.731
64200.0,133.663,163.802,188.021,207.112,222.135,233.924,243.075,250.0,254.983,258.218,259.837,259.94,258.617,255.978,252.194,247.523,242.353,237.194,232.629,229.189,227.191,226.617,227.124,228.197,229.373,230.391,231.226,231.986,232.786,233.678,234.663,235.733,236.883,238.112,239.417,240.792,242.226,243.706,245.214,246.73,248.229,249.684,251.068,252.356,253.533,254.596,255.568,256.507,257.529,258.83,260.731
64260.0,131.712,162.2,186.724,206.066,221.29,233.24,242.521,249.552,254.625,257.935,259.621,259.781,258.508,255.913,252.166,247.525,242.377,237.229,232.666,229.221,227.213,226.629,227.128,228.197,229.371,230.39,231.226,231.986,232.786,233.678,234.663,235.733,236.883,238.112,239.417,240.792,242.226,243.706,245.214,246.73,248.229,249.684,251.068,252.356,253.533,254.596,255.568,256.507,257.529,258.83,260.731
64320.0,129.768,160.596,185.421,205.014,220.44,232.552,241.963,249.102,254.264,257.651,259.402,259.62,258.398,255.848,252.137,247.527,242.399,237.264,232.704,229.254,227.236,226.642,227.132,228.197,229.37,230.389,231.225,231.986,232.786,233.678,234.663,235.733,236.883,238.112,239.417,240.792,242.226,243.705,245.214,246.73,248.229,249.684,251.068,252.356,253.533,254.596,255.568,256.507,257.529,258.83,260.731
64380.0,127.833,158.991,184.114,203.957,219.585,231.859,241.402,248.649,253.901,257.365,259.183,259.459,258.287,255.781,252.108,247.528,242.422,237.299,232.742,229.286,227.259,226.654,227.137,228.197,229.368,230.388,231.224,231.985,232.786,233.678,234.663,235.733,236.883,238.112,239.417,240.792,242.225,243.705,245.214,246.73,248.229,249.684,251.068,252.356,253.533,254.596,255.568,256.507,257.529,258.83,260.731
64440.0,125.914,157.388,182.803,202.894,218.725,231.163,240.838,248.193,253.537,257.078,258.962,259.296,258.175,255.713,252.078,247.528,242.444,237.333,232.779,229.319,227.282,226.667,227.141,228.197,229.367,230.386,231.224,231.985,232.786,233.678,234.663,235.733,236.883,238.112,239.417,240.792,242.225,243.705,245.214,246.73,248.229,249.684,251.068,252.356,253.533,254.596,255.568,256.507,257.529,258.83,260.731
64500.0,124.023,155.792,181.491,201.828,217.861,230.462,240.27,247.735,253.17,256.789,258.74,259.132,258.062,255.645,252.048,247.528,242.466,237.367,232.816,229.351,227.305,226.679,227.146,228.197,229.365,230.385,231.223,231.985,232.786,233.678,234.663,235.733,236.883,238.112,239.417,240.791,242.225,243.705,245.214,246.73,248.229,249.684,251.068,252.356,253.533,254.596,255.568,256.507,257.529,258.83,260.731
64560.0,122.31,154.251,180.187,200.758,216.992,229.757,239.699,247.275,252.802,256.498,258.516,258.967,257.949,255.576,252.017,247.527,242.487,237.401,232.853,229.383,227.328,226.692,227.15,228.197,229.364,230.384,231.223,231.985,232.786,233.678,234.663,235.733,236.883,238.112,239.417,240.791,242.225,243.705,245.214,246.73,248.229,249.684,251.068,252.356,253.533,254.596,255.568,256.507,257.529,258.83,260.731
64620.0,120.739,152.777,178.903,199.691,216.12,229.049,239.126,246.812,252.431,256.206,258.292,258.801,257.834,255.506,251.985,247.526,242.507,237.434,232.89,229.416,227.351,226.705,227.155,228.197,229.362,230.382,231.222,231.985,232.786,233.678,234.663,235.733,236.883,238.112,239.417,240.791,242.225,243.705,245.214,246.73,248.229,249.684,251.068,252.356,253.533,254.596,255.568,256.507,257.529,258.83,260.731
64680.0,119.289,151.371,177.647,198.63,215.247,228.338,238.549,246.346,252.058,255.912,258.065,258.634,257.718,255.435,251.952,247.524,242.528,237.468,232.926,229.448,227.374,226.717,227.159,228.197,229.361,230.381,231.222,231.985,232.786,233.678,234.663,235.733,236.883,238.112,239.417,240.791,242.225,243.705,245.214,246.73,248.229,249.684,251.068,252.356,253.533,254.596,255.568,256.507,257.529,258.83,260.731
64740.0,117.95,150.032,176.423,197.579,214.375,227.625,237.969,245.878,251.683,255.616,257.838,258.466,257.602,255.364,251.919,247.521,242.547,237.5,232.963,229.48,227.397,226.73,227.164,228.197,229.359,230.38,231.221,231.985,232.786,233.678,234.663,235.733,236.882,238.112,239.417,240.791,242.225,243.705,245.214,246.73,248.229,249.684,251.068,252.356,253.533,254.596,255.568,256.507,257.529,258.83,260.731
64800.0,116.718,148.76,175.234,196.543,213.506,226.91,237.387,245.407,251.306,255.319,257.609,258.296,257.484,255.292,251.885,247.518,242.567,237.533,232.999,229.512,227.42,226.743,227.169,228.197,229.358,230.379,231.22,231.984,232.786,233.678,234.663,235.732,236.882,238.112,239.417,240.791,242.225,243.705,245.214,246.73,248.229,249.684,251.068,252.356,253.533,254.596,255.568,256.507,257.529,258.83,260.731
64860.0,115.592,147.557,174.084,195.523,212.641,226.194,236.802,244.934,250.928,255.02,257.379,258.126,257.366,255.218,251.85,247.514,242.586,237.565,233.035,229.544,227.443,226.756,227.174,228.197,229.356,230.377,231.22,231.984,232.786,233.678,234.663,235.732,236.882,238.112,239.417,240.791,242.225,243.705,245.214,246.73,248.229,249.684,251.068,252.356,253.533,254.596,255.568,256.507,257.529,258.83,260.731
64920.0,114.576,146.425,172.973,194.522,211.783,225.479,236.216,244.459,250.547,254.72,257.147,257.954,257.247,255.144,251.814,247.51,242.604,237.597,233.071,229.576,227.466,226.769,227.178,228.197,229.355,230.376,231.219,231.984,232.786,233.678,234.663,235.732,236.882,238.112,239.417,240.791,242.225,243.705,245.214,246.73,248.229,249.684,251.068,252.356,253.533,254.596,255.568,256.507,257.529,258.83,260.731
64980.0,113.673,145.365,171.905,193.542,210.933,224.765,235.629,243.982,250.164,254.418,256.914,257.781,257.126,255.07,251.778,247.505,242.622,237.628,233.107,229.608,227.489,226.782,227.183,228.197,229.353,230.375,231.219,231.984,232.786,233.678,234.663,235.732,236.882,238.112,239.417,240.791,242.225,243.705,245.214,246.73,248.229,249.684,251.068,252.356,253.533,254.596,255.568,256.507,257.529,258.83,260.731
65040.0,112.894,144.383,170.881,192.586,210.093,224.055,235.041,243.503,249.78,254.114,256.68,257.607,257.005,254.994,251.742,247.5,242.64,237.66,233.142,229.64,227.512,226.795,227.188,228.198,229.352,230.374,231.218,231.984,232.786,233.677,234.663,235.732,236.882,238.112,239.417,240.791,242.225,243.705,245.214,246.73,248.229,249.684,251.068,252.356,253.533,254.596,255.568,256.507,257.529,258.83,260.731
65100.0,112.264,143.49,169.907,191.655,209.264,223.347,234.453,243.023,249.393,253.809,256.445,257.432,256.883,254.918,251.704,247.494,242.657,237.691,233.177,229.671,227.535,226.808,227.193,228.198,229.35,230.372,231.217,231.984,232.785,233.677,234.663,235.732,236.882,238.112,239.417,240.791,242.225,243.705,245.214,246.73,248.229,249.684,251.068,252.356,253.533,254.596,255.568,256.507,257.529,258.83,260.731
65160.0,111.834,142.705,168.989,190.753,208.449,222.645,233.866,242.542,249.006,253.502,256.208,257.256,256.76,254.84,251.666,247.487,242.673,237.721,233.213,229.703,227.558,226.821,227.198,228.198,229.349,230.371,231.217,231.984,232.785,233.677,234.663,235.732,236.882,238.111,239.417,240.791,242.225,243.705,245.214,246.73,248.229,249.684,251.068,252.356,253.533,254.596,255.568,256.507,257.529,258.83,260.731
65220.0,111.456,141.997,168.128,189.882,207.649,221.949,233.279,242.06,248.616,253.193,255.97,257.079,256.636,254.762,251.627,247.48,242.69,237.751,233.248,229.734,227.581,226.834,227.203,228.198,229.348,230.37,231.216,231.983,232.785,233.677,234.663,235.732,236.882,238.111,239.417,240.791,242.225,243.705,245.214,246.73,248.229,249.684,251.068,252.356,253.533,254.596,255.568,256.507,257.529,258.83,260.731
65280.0,111.111,141.344,167.317,189.043,206.866,221.259,232.695,241.577,248.226,252.884,255.73,256.901,256.511,254.684,251.588,247.472,242.705,237.781,233.282,229.766,227.604,226.847,227.208,228.198,229.346,230.369,231.216,231.983,232.785,233.677,234.663,235.732,236.882,238.111,239.417,240.791,242.225,243.705,245.214,246.73,248.229,249.684,251.068,252.356,253.533,254.596,255.568,256.507,257.529,258.83,260.731
65340.0,110.79,140.736,166.551,188.237,206.1,220.578,232.113,241.094,247.834,252.572,255.489,256.721,256.385,254.604,251.547,247.464,242.721,237.811,233.317,229.797,227.627,226.86,227.213,228.199,229.345,230.367,231.215,231.983,232.785,233.677,234.663,235.732,236.882,238.111,239.416,240.791,242.225,243.705,245.214,246.73,248.229,249.684,251.068,252.356,253.533,254.596,255.568,256.507,257.529,258.83,260.731
65400.0,110.489,140.165,165.823,187.46,205.353,219.905,231.534,240.611,247.441,252.26,255.247,256.541,256.258,254.524,251.506,247.455,242.735,237.84,233.351,229.828,227.65,226.873,227.218,228.199,229.343,230.366,231.214,231.983,232.785,233.677,234.663,235.732,236.882,238.111,239.416,240.791,242.225,243.705,245.214,246.73,248.229,249.684,251.067,252.356,253.533,254.596,255.568,256.507,257.529,258.83,260.731
65460.0,110.204,139.624,165.128,186.71,204.623,219.242,230.959,240.129,247.047,251.946,255.004,256.359,256.13,254.442,251.465,247.446,242.75,237.869,233.385,229.86,227.673,226.886,227.223,228.199,229.342,230.365,231.214,231.983,232.785,233.677,234.663,235.732,236.882,238.111,239.416,240.791,242.225,243.705,245.213,246.73,248.229,249.684,251.067,252.356,253.533,254.596,255.568,256.507,257.529,258.83,260.731
65520.0,109.933,139.11,164.464,185.987,203.912,218.589,230.389,239.648,246.653,251.631,254.759,256.176,256.001,254.36,251.422,247.436,242.764,237.898,233.419,229.891,227.695,226.899,227.228,228.2,229.341,230.364,231.213,231.983,232.785,233.677,234.662,235.732,236.882,238.111,239.416,240.791,242.225,243.705,245.213,246.73,248.229,249.684,251.067,252.356,253.533,254.596,255.568,256.507,257.529,258.83,260.731
65580.0,109.675,138.619,163.827,185.288,203.218,217.947,229.823,239.168,246.258,251.315,254.514,255.992,255.871,254.277,251.379,247.425,242.777,237.926,233.453,229.922,227.718,226.913,227.233,228.2,229.339,230.362,231.213,231.982,232.785,233.677,234.662,235.732,236.882,238.111,239.416,240.791,242.225,243.705,245.213,246.73,248.229,249.684,251.067,252.356,253.533,254.596,255.568,256.507,257.529,258.83,260.731
65640.0,109.427,138.149,163.214,184.61,202.541,217.315,229.262,238.69,245.863,250.998,254.267,255.807,255.74,254.194,251.336,247.414,242.79,237.954,233.487,229.953,227.741,226.926,227.239,228.201,229.338,230.361,231.212,231.982,232.785,233.677,234.662,235.732,236.882,238.111,239.416,240.791,242.225,243.705,245.213,246.73,248.229,249.684,251.067,252.356,253.533,254.596,255.568,256.507,257.529,258.83,260.731
65700.0,109.189,137.697,162.623,183.954,201.88,216.693,228.707,238.214,245.468,250.68,254.019,255.621,255.609,254.109,251.291,247.402,242.803,237.982,233.52,229.984,227.764,226.939,227.244,228.201,229.337,230.36,231.211,231.982,232.785,233.677,234.662,235.732,236.882,238.111,239.416,240.791,242.225,243.705,245.213,246.73,248.229,249.684,251.067,252.356,253.533,254.596,255.568,256.507,257.529,258.83,260.731
65760.0,108.959,137.262,162.053,183.317,201.234,216.082,228.158,237.74,245.074,250.362,253.77,255.434,255.476,254.024,251.246,247.39,242.815,238.009,233.553,230.014,227.787,226.952,227.249,228.201,229.335,230.359,231.211,231.982,232.785,233.677,234.662,235.732,236.882,238.111,239.416,240.791,242.225,243.705,245.213,246.73,248.229,249.684,251.067,252.356,253.533,254.596,255.568,256.507,257.529,258.83,260.731
65820.0,108.737,136.843,161.501,182.697,200.603,215.481,227.614,237.269,244.68,250.042,253.52,255.246,255.342,253.938,251.2,247.377,242.827,238.036,233.586,230.045,227.81,226.966,227.254,228.202,229.334,230.357,231.21,231.982,232.785,233.677,234.662,235.732,236.882,238.111,239.416,240.791,242.225,243.705,245.213,246.729,248.228,249.683,251.067,252.356,253.533,254.596,255.568,256.507,257.529,258.83,260.731
65880.0,108.523,136.437,160.966,182.095,199.987,214.89,227.077,236.801,244.286,249.723,253.269,255.057,255.208,253.851,251.154,247.364,242.838,238.063,233.619,230.076,227.833,226.979,227.26,228.202,229.333,230.356,231.209,231.982,232.785,233.677,234.662,235.732,236.882,238.111,239.416,240.791,242.225,243.705,245.213,246.729,248.228,249.683,251.067,252.356,253.533,254.596,255.568,256.507,257.529,258.83,260.731
65940.0,108.315,136.045,160.447,181.509,199.383,214.309,226.546,236.336,243.893,249.403,253.017,254.867,255.073,253.763,251.107,247.35,242.849,238.089,233.652,230.106,227.856,226.993,227.265,228.203,229.331,230.355,231.209,231.982,232.785,233.677,234.662,235.732,236.882,238.111,239.416,240.791,242.224,243.705,245.213,246.729,248.228,249.683,251.067,252.356,253.533,254.596,255.568,256.507,257.529,258.83,260.731
66000.0,108.113,135.664,159.943,180.937,198.793,213.738,226.021,235.873,243.502,249.082,252.764,254.676,254.936,253.674,251.059,247.335,242.859,238.116,233.684,230.137,227.879,227.006,227.271,228.203,229.33,230.354,231.208,231.981,232.785,233.677,234.662,235.731,236.882,238.111,239.416,240.79,242.224,243.704,245.213,246.729,248.228,249.683,251.067,252.356,253.533,254.596,255.568,256.507,257.529,258.83,260.732
66060.0,107.917,135.295,159.453,180.38,198.214,213.176,225.502,235.415,243.111,248.762,252.511,254.484,254.799,253.585,251.01,247.32,242.869,238.141,233.716,230.167,227.902,227.02,227.276,228.204,229.329,230.352,231.208,231.981,232.785,233.677,234.662,235.731,236.881,238.111,239.416,240.79,242.224,243.704,245.213,246.729,248.228,249.683,251.067,252.356,253.533,254.596,255.568,256.507,257.529,258.83,260.732
66120.0,107.726,134.936,158.976,179.835,197.648,212.623,224.989,234.959,242.722,248.442,252.257,254.291,254.661,253.495,250.961,247.304,242.878,238.167,233.748,230.197,227.925,227.033,227.282,228.205,229.328,230.351,231.207,231.981,232.785,233.677,234.662,235.731,236.881,238.111,239.416,240.79,242.224,243.704,245.213,246.729,248.228,249.683,251.067,252.356,253.533,254.596,255.568,256.507,257.529,258.83,260.732
66180.0,107.54,134.586,158.511,179.304,197.093,212.079,224.482,234.507,242.334,248.121,252.002,254.097,254.522,253.404,250.911,247.288,242.887,238.192,233.78,230.227,227.947,227.047,227.287,228.205,229.326,230.35,231.206,231.981,232.785,233.677,234.662,235.731,236.881,238.111,239.416,240.79,242.224,243.704,245.213,246.729,248.228,249.683,251.067,252.356,253.533,254.596,255.568,256.507,257.529,258.83,260.732
66240.0,107.359,134.246,158.058,178.784,196.548,211.544,223.982,234.059,241.948,247.801,251.747,253.903,254.382,253.312,250.861,247.271,242.896,238.217,233.812,230.257,227.97,227.06,227.293,228.206,229.325,230.349,231.206,231.981,232.785,233.677,234.662,235.731,236.881,238.111,239.416,240.79,242.224,243.704,245.213,246.729,248.228,249.683,251.067,252.356,253.533,254.596,255.568,256.507,257.529,258.83,260.732
66300.0,107.182,133.914,157.616,178.276,196.014,211.017,223.487,233.614,241.564,247.481,251.491,253.708,254.242,253.22,250.809,247.253,242.904,238.241,233.843,230.287,227.993,227.074,227.298,228.207,229.324,230.348,231.205,231.981,232.785,233.677,234.662,235.731,236.881,238.111,239.416,240.79,242.224,243.704,245.213,246.729,248.228,249.683,251.067,252.356,253.533,254.596,255.568,256.507,257.529,258.83,260.732
66360.0,107.009,133.591,157.184,177.779,195.49,210.498,222.998,233.173,241.181,247.162,251.235,253.512,254.1,253.126,250.758,247.235,242.911,238.265,233.874,230.317,228.016,227.087,227.304,228.207,229.323,230.346,231.205,231.98,232.785,233.677,234.662,235.731,236.881,238.111,239.416,240.79,242.224,243.704,245.213,246.729,248.228,249.683,251.067,252.356,253.533,254.596,255.568,256.507,257.529,258.83,260.732
66420.0,106.84,133.274,156.761,177.292,194.976,209.987,222.515,232.735,240.8,246.843,250.979,253.315,253.958,253.032,250.705,247.217,242.918,238.289,233.905,230.347,228.039,227.101,227.31,228.208,229.322,230.345,231.204,231.98,232.785,233.677,234.662,235.731,236.881,238.111,239.416,240.79,242.224,243.704,245.213,246.729,248.228,249.683,251.067,252.356,253.533,254.596,255.568,256.507,257.529,258.83,260.732
66480.0,106.675,132.966,156.348,176.814,194.47,209.484,222.038,232.301,240.421,246.525,250.722,253.117,253.815,252.938,250.652,247.197,242.925,238.312,233.936,230.377,228.061,227.115,227.315,228.209,229.32,230.344,231.203,231.98,232.785,233.677,234.662,235.731,236.881,238.11,239.416,240.79,242.224,243.704,245.213,246.729,248.228,249.683,251.067,252.356,253.533,254.596,255.568,256.507,257.529,258.83,260.732
66540.0,106.513,132.664,155.944,176.346,193.974,208.989,221.567,231.871,240.044,246.207,250.465,252.919,253.671,252.842,250.598,247.178,242.931,238.335,233.967,230.406,228.084,227.128,227.321,228.21,229.319,230.343,231.203,231.98,232.785,233.677,234.662,235.731,236.881,238.11,239.416,240.79,242.224,243.704,245.213,246.729,248.228,249.683,251.067,252.356,253.533,254.596,255.568,256.507,257.529,258.83,260.732
66600.0,106.355,132.368,155.548,175.888,193.486,208.5,221.101,231.445,239.669,245.89,250.208,252.72,253.526,252.746,250.543,247.157,242.937,238.358,233.997,230.436,228.107,227.142,227.327,228.21,229.318,230.342,231.202,231.98,232.785,233.677,234.662,235.731,236.881,238.11,239.416,240.79,242.224,243.704,245.213,246.729,248.228,249.683,251.067,252.356,253.533,254.596,255.568,256.507,257.529,258.83,260.732
66660.0,106.199,132.079,155.161,175.437,193.006,208.019,220.64,231.022,239.296,245.574,249.951,252.521,253.381,252.648,250.488,247.136,242.942,238.38,234.027,230.465,228.13,227.156,227.333,228.211,229.317,230.34,231.201,231.979,232.785,233.677,234.662,235.731,236.881,238.11,239.416,240.79,242.224,243.704,245.213,246.729,248.228,249.683,251.067,252.356,253.533,254.596,255.568,256.507,257.529,258.83,260.732
66720.0,106.047,131.796,154.78,174.995,192.534,207.544,220.185,230.603,238.926,245.258,249.694,252.321,253.234,252.551,250.431,247.115,242.947,238.403,234.057,230.495,228.152,227.17,227.338,228.212,229.316,230.339,231.201,231.979,232.785,233.677,234.662,235.731,236.881,238.11,239.416,240.79,242.224,243.704,245.213,246.729,248.228,249.683,251.067,252.356,253.533,254.596,255.568,256.507,257.529,258.83,260.732
66780.0,105.897,131.518,154.408,174.561,192.07,207.076,219.735,230.188,238.557,244.944,249.437,252.121,253.088,252.452,250.375,247.093,242.952,238.424,234.087,230.524,228.175,227.183,227.344,228.213,229.315,230.338,231.2,231.979,232.785,233.677,234.662,235.731,236.881,238.11,239.415,240.79,242.224,243.704,245.213,246.729,248.228,249.683,251.067,252.356,253.533,254.596,255.568,256.507,257.529,258.83,260.732
66840.0,105.751,131.246,154.042,174.135,191.613,206.615,219.29,229.776,238.191,244.631,249.18,251.92,252.94,252.353,250.317,247.07,242.955,238.446,234.116,230.553,228.198,227.197,227.35,228.214,229.314,230.337,231.2,231.979,232.785,233.677,234.661,235.731,236.881,238.11,239.415,240.79,242.224,243.704,245.213,246.729,248.228,249.683,251.067,252.356,253.533,254.596,255.568,256.507,257.529,258.83,260.732
66900.0,105.607,130.978,153.683,173.716,191.163,206.16,218.85,229.368,237.827,244.318,248.923,251.719,252.792,252.253,250.259,247.047,242.959,238.467,234.146,230.582,228.22,227.211,227.356,228.215,229.313,230.336,231.199,231.979,232.785,233.677,234.661,235.731,236.881,238.11,239.415,240.79,242.224,243.704,245.213,246.729,248.228,249.683,251.067,252.356,253.533,254.596,255.568,256.507,257.529,258.83,260.732
66960.0,105.465,130.716,153.33,173.304,190.721,205.711,218.415,228.964,237.465,244.007,248.667,251.518,252.643,252.152,250.201,247.023,242.962,238.488,234.175,230.611,228.243,227.225,227.362,228.216,229.311,230.334,231.198,231.979,232.785,233.677,234.661,235.731,236.881,238.11,239.415,240.79,242.224,243.704,245.213,246.729,248.228,249.683,251.067,252.356,253.533,254.596,255.568,256.507,257.529,258.83,260.732
67020.0,105.326,130.459,152.984,172.899,190.284,205.267,217.985,228.563,237.105,243.697,248.41,251.316,252.494,252.051,250.141,246.999,242.965,238.508,234.204,230.64,228.266,227.239,227.368,228.217,229.31,230.333,231.198,231.978,232.785,233.677,234.661,235.731,236.881,238.11,239.415,240.79,242.224,243.704,245.213,246.729,248.228,249.683,251.067,252.356,253.533,254.596,255.568,256.507,257.529,258.83,260.732
67080.0,105.189,130.206,152.644,172.501,189.855,204.83,217.56,228.166,236.748,243.388,248.154,251.114,252.344,251.948,250.081,246.974,242.967,238.528,234.232,230.668,228.288,227.253,227.374,228.218,229.309,230.332,231.197,231.978,232.785,233.677,234.661,235.731,236.881,238.11,239.415,240.79,242.224,243.704,245.213,246.729,248.228,249.683,251.067,252.356,253.533,254.596,255.568,256.507,257.529,258.83,260.732
67140.0,105.054,129.958,152.309,172.108,189.431,204.399,217.14,227.772,236.393,243.08,247.898,250.911,252.193,251.846,250.021,246.948,242.968,238.548,234.261,230.697,228.311,227.266,227.38,228.219,229.308,230.331,231.196,231.978,232.785,233.677,234.661,235.731,236.881,238.11,239.415,240.79,242.224,243.704,245.213,246.729,248.228,249.683,251.067,252.356,253.533,254.596,255.568,256.507,257.529,258.83,260.732
67200.0,104.922,129.713,151.98,171.722,189.014,203.972,216.724,227.382,236.04,242.773,247.643,250.709,252.042,251.742,249.96,246.922,242.969,238.567,234.289,230.725,228.333,227.28,227.386,228.22,229.307,230.33,231.196,231.978,232.785,233.677,234.661,235.731,236.881,238.11,239.415,240.79,242.224,243.704,245.213,246.729,248.228,249.683,251.067,252.356,253.533,254.596,255.568,256.507,257.529,258.83,260.732
67260.0,104.791,129.473,151.657,171.342,188.603,203.552,216.312,226.995,235.69,242.468,247.388,250.506,251.89,251.638,249.898,246.896,242.97,238.586,234.317,230.754,228.356,227.294,227.392,228.221,229.306,230.329,231.195,231.978,232.785,233.677,234.661,235.73,236.881,238.11,239.415,240.79,242.224,243.704,245.213,246.729,248.228,249.683,251.067,252.356,253.533,254.596,255.568,256.507,257.529,258.83,260.732
67320.0,104.663,129.237,151.338,170.968,188.197,203.136,215.905,226.611,235.341,242.164,247.133,250.303,251.738,251.534,249.835,246.869,242.97,238.605,234.345,230.782,228.378,227.308,227.399,228.222,229.305,230.327,231.195,231.977,232.785,233.677,234.661,235.73,236.88,238.11,239.415,240.79,242.224,243.704,245.212,246.729,248.228,249.683,251.067,252.356,253.533,254.596,255.568,256.507,257.529,258.83,260.732
67380.0,104.536,129.004,151.025,170.599,187.797,202.726,215.502,226.231,234.996,241.861,246.879,250.1,251.586,251.428,249.772,246.841,242.97,238.623,234.372,230.81,228.401,227.322,227.405,228.223,229.304,230.326,231.194,231.977,232.785,233.677,234.661,235.73,236.88,238.11,239.415,240.79,242.224,243.704,245.212,246.729,248.228,249.683,251.067,252.356,253.533,254.596,255.568,256.507,257.529,258.83,260.732
67440.0,104.411,128.776,150.716,170.236,187.402,202.32,215.104,225.854,234.652,241.559,246.625,249.897,251.433,251.322,249.708,246.813,242.97,238.642,234.4,230.838,228.423,227.336,227.411,228.224,229.303,230.325,231.193,231.977,232.785,233.676,234.661,235.73,236.88,238.11,239.415,240.79,242.224,243.704,245.212,246.729,248.228,249.683,251.067,252.356,253.533,254.596,255.568,256.507,257.529,258.83,260.732
67500.0,104.288,128.55,150.413,169.878,187.012,201.919,214.709,225.48,234.311,241.259,246.372,249.693,251.279,251.216,249.644,246.784,242.969,238.659,234.427,230.866,228.446,227.35,227.417,228.225,229.302,230.324,231.193,231.977,232.785,233.676,234.661,235.73,236.88,238.11,239.415,240.789,242.224,243.704,245.212,246.729,248.228,249.683,251.067,252.356,253.533,254.596,255.568,256.507,257.529,258.83,260.732
67560.0,104.167,128.329,150.113,169.525,186.628,201.523,214.319,225.11,233.971,240.96,246.12,249.49,251.125,251.109,249.579,246.754,242.967,238.677,234.454,230.894,228.468,227.364,227.424,228.226,229.301,230.323,231.192,231.977,232.785,233.676,234.661,235.73,236.88,238.11,239.415,240.789,242.223,243.704,245.212,246.729,248.228,249.683,251.067,252.355,253.533,254.596,255.568,256.507,257.529,258.83,260.732
67620.0,104.048,128.11,149.818,169.177,186.248,201.132,213.932,224.742,233.635,240.663,245.868,249.287,250.971,251.001,249.513,246.725,242.965,238.694,234.481,230.922,228.49,227.378,227.43,228.228,229.3,230.322,231.191,231.977,232.785,233.676,234.661,235.73,236.88,238.11,239.415,240.789,242.223,243.704,245.212,246.729,248.228,249.683,251.067,252.355,253.533,254.596,255.568,256.507,257.529,258.83,260.732
67680.0,103.93,127.895,149.528,168.833,185.874,200.745,213.55,224.378,233.3,240.367,245.616,249.084,250.816,250.893,249.447,246.694,242.963,238.71,234.507,230.949,228.513,227.393,227.436,228.229,229.299,230.32,231.191,231.976,232.785,233.676,234.661,235.73,236.88,238.11,239.415,240.789,242.223,243.703,245.212,246.729,248.228,249.683,251.067,252.355,253.532,254.596,255.568,256.507,257.529,258.83,260.732
67740.0,103.814,127.683,149.241,168.494,185.504,200.363,213.171,224.017,232.968,240.072,245.366,248.88,250.661,250.784,249.38,246.663,242.96,238.727,234.533,230.977,228.535,227.407,227.443,228.23,229.298,230.319,231.19,231.976,232.784,233.676,234.661,235.73,236.88,238.11,239.415,240.789,242.223,243.703,245.212,246.729,248.228,249.683,251.067,252.355,253.532,254.596,255.568,256.507,257.529,258.83,260.732
67800.0,103.699,127.474,148.958,168.16,185.139,199.985,212.796,223.659,232.637,239.779,245.116,248.677,250.506,250.675,249.313,246.632,242.956,238.743,234.559,231.004,228.557,227.421,227.449,228.231,229.297,230.318,231.19,231.976,232.784,233.676,234.661,235.73,236.88,238.11,239.415,240.789,242.223,243.703,245.212,246.728,248.228,249.683,251.067,252.355,253.532,254.596,255.568,256.507,257.529,258.83,260.732
67860.0,103.586,127.267,148.68,167.83,184.778,199.611,212.425,223.303,232.309,239.487,244.866,248.474,250.35,250.565,249.245,246.599,242.952,238.758,234.585,231.031,228.579,227.435,227.455,228.233,229.297,230.317,231.189,231.976,232.784,233.676,234.661,235.73,236.88,238.109,239.415,240.789,242.223,243.703,245.212,246.728,248.228,249.683,251.067,252.355,253.532,254.596,255.568,256.507,257.529,258.83,260.732
67920.0,103.474,127.064,148.405,167.505,184.421,199.241,212.058,222.951,231.984,239.197,244.618,248.271,250.194,250.455,249.176,246.567,242.948,238.774,234.611,231.059,228.602,227.449,227.462,228.234,229.296,230.316,231.188,231.976,232.784,233.676,234.661,235.73,236.88,238.109,239.415,240.789,242.223,243.703,245.212,246.728,248.228,249.683,251.067,252.355,253.532,254.596,255.568,256.507,257.529,258.83,260.732
67980.0,103.364,126.863,148.134,167.183,184.069,198.875,211.693,222.602,231.66,238.907,244.37,248.069,250.038,250.344,249.107,246.534,242.943,238.789,234.636,231.086,228.624,227.463,227.468,228.235,229.295,230.315,231.188,231.975,232.784,233.676,234.661,235.73,236.88,238.109,239.415,240.789,242.223,243.703,245.212,246.728,248.228,249.683,251.067,252.355,253.532,254.596,255.568,256.507,257.529,258.83,260.732
68040.0,103.255,126.665,147.866,166.866,183.721,198.514,211.333,222.255,231.339,238.62,244.122,247.866,249.882,250.233,249.038,246.5,242.938,238.803,234.661,231.113,228.646,227.477,227.475,228.237,229.294,230.314,231.187,231.975,232.784,233.676,234.661,235.73,236.88,238.109,239.415,240.789,242.223,243.703,245.212,246.728,248.228,249.683,251.067,252.355,253.532,254.596,255.568,256.507,257.529,258.83,260.732
68100.0,103.147,126.47,147.602,166.553,183.377,198.156,210.976,221.912,231.019,238.334,243.876,247.664,249.725,250.121,248.967,246.466,242.933,238.818,234.686,231.139,228.668,227.492,227.481,228.238,229.293,230.312,231.186,231.975,232.784,233.676,234.661,235.73,236.88,238.109,239.415,240.789,242.223,243.703,245.212,246.728,248.227,249.683,251.067,252.355,253.532,254.596,255.568,256.507,257.529,258.83,260.732
68160.0,103.041,126.277,147.341,166.243,183.037,197.802,210.622,221.571,230.702,238.049,243.63,247.461,249.569,250.009,248.897,246.431,242.927,238.832,234.711,231.166,228.69,227.506,227.488,228.24,229.292,230.311,231.186,231.975,232.784,233.676,234.661,235.73,236.88,238.109,239.414,240.789,242.223,243.703,245.212,246.728,248.227,249.683,251.067,252.355,253.532,254.596,255.568,256.507,257.529,258.83,260.732
68220.0,102.936,126.087,147.084,165.937,182.7,197.451,210.272,221.233,230.387,237.765,243.385,247.259,249.412,249.897,248.826,246.396,242.92,238.845,234.735,231.193,228.712,227.52,227.495,228.241,229.291,230.31,231.185,231.975,232.784,233.676,234.66,235.73,236.88,238.109,239.414,240.789,242.223,243.703,245.212,246.728,248.227,249.683,251.067,252.355,253.532,254.596,255.568,256.507,257.529,258.83,260.732
68280.0,102.832,125.899,146.829,165.635,182.368,197.104,209.924,220.898,230.074,237.483,243.141,247.058,249.254,249.784,248.754,246.36,242.913,238.859,234.76,231.219,228.734,227.534,227.501,228.242,229.291,230.309,231.185,231.974,232.784,233.676,234.66,235.73,236.88,238.109,239.414,240.789,242.223,243.703,245.212,246.728,248.227,249.683,251.067,252.355,253.532,254.596,255.568,256.507,257.529,258.83,260.732
68340.0,102.729,125.713,146.578,165.337,182.039,196.761,209.58,220.565,229.763,237.203,242.898,246.856,249.097,249.67,248.682,246.324,242.906,238.872,234.784,231.245,228.756,227.549,227.508,228.244,229.29,230.308,231.184,231.974,232.784,233.676,234.66,235.73,236.88,238.109,239.414,240.789,242.223,243.703,245.212,246.728,248.227,249.683,251.067,252.355,253.532,254.596,255.568,256.507,257.529,258.83,260.732
68400.0,102.628,125.53,146.33,165.042,181.714,196.421,209.239,220.235,229.454,236.924,242.655,246.655,248.94,249.556,248.609,246.287,242.898,238.884,234.808,231.272,228.778,227.563,227.515,228.245,229.289,230.307,231.183,231.974,232.784,233.676,234.66,235.73,236.88,238.109,239.414,240.789,242.223,243.703,245.212,246.728,248.227,249.683,251.067,252.355,253.532,254.596,255.568,256.507,257.529,258.83,260.732
68460.0,102.527,125.349,146.085,164.75,181.392,196.084,208.901,219.907,229.147,236.646,242.413,246.454,248.782,249.442,248.536,246.25,242.89,238.896,234.831,231.298,228.8,227.577,227.521,228.247,229.288,230.306,231.183,231.974,232.784,233.676,234.66,235.729,236.88,238.109,239.414,240.789,242.223,243.703,245.212,246.728,248.227,249.682,251.067,252.355,253.532,254.596,255.568,256.507,257.529,258.83,260.732
68520.0,102.428,125.17,145.843,164.462,181.074,195.751,208.567,219.582,228.842,236.37,242.173,246.254,248.625,249.328,248.462,246.212,242.881,238.908,234.854,231.324,228.822,227.591,227.528,228.249,229.287,230.305,231.182,231.974,232.784,233.676,234.66,235.729,236.88,238.109,239.414,240.789,242.223,243.703,245.212,246.728,248.227,249.682,251.066,252.355,253.532,254.596,255.568,256.507,257.529,258.83,260.732
68580.0,102.33,124.993,145.604,164.176,180.759,195.421,208.235,219.26,228.539,236.095,241.932,246.053,248.467,249.213,248.388,246.174,242.872,238.92,234.878,231.35,228.844,227.606,227.535,228.25,229.287,230.304,231.181,231.973,232.784,233.676,234.66,235.729,236.879,238.109,239.414,240.789,242.223,243.703,245.212,246.728,248.227,249.682,251.066,252.355,253.532,254.596,255.568,256.507,257.529,258.83,260.732
68640.0,102.233,124.818,145.367,163.895,180.448,195.095,207.906,218.94,228.239,235.821,241.693,245.853,248.309,249.098,248.313,246.135,242.862,238.931,234.9,231.375,228.865,227.62,227.542,228.252,229.286,230.302,231.181,231.973,232.784,233.676,234.66,235.729,236.879,238.109,239.414,240.789,242.223,243.703,245.212,246.728,248.227,249.682,251.066,252.355,253.532,254.596,255.568,256.507,257.529,258.83,260.732
68700.0,102.137,124.646,145.133,163.616,180.14,194.771,207.58,218.623,227.94,235.549,241.455,245.654,248.151,248.982,248.238,246.095,242.852,238.942,234.923,231.401,228.887,227.634,227.549,228.253,229.285,230.301,231.18,231.973,232.784,233.676,234.66,235.729,236.879,238.109,239.414,240.789,242.223,243.703,245.212,246.728,248.227,249.682,251.066,252.355,253.532,254.596,255.568,256.507,257.529,258.83,260.732
68760.0,102.042,124.475,144.902,163.34,179.834,194.451,207.256,218.308,227.643,235.278,241.217,245.455,247.993,248.867,248.162,246.056,242.842,238.953,234.945,231.426,228.909,227.649,227.555,228.255,229.284,230.3,231.179,231.973,232.784,233.676,234.66,235.729,236.879,238.109,239.414,240.789,242.223,243.703,245.212,246.728,248.227,249.682,251.066,252.355,253.532,254.596,255.568,256.507,257.529,258.83,260.732
68820.0,101.948,124.306,144.674,163.067,179.532,194.133,206.936,217.995,227.347,235.009,240.981,245.256,247.836,248.75,248.086,246.015,242.831,238.963,234.968,231.452,228.93,227.663,227.562,228.257,229.284,230.299,231.179,231.973,232.784,233.676,234.66,235.729,236.879,238.109,239.414,240.789,242.223,243.703,245.212,246.728,248.227,249.682,251.066,252.355,253.532,254.596,255.568,256.507,257.529,258.83,260.732
68880.0,101.855,124.139,144.447,162.797,179.233,193.819,206.618,217.685,227.054,234.741,240.745,245.057,247.678,248.634,248.01,245.975,242.819,238.973,234.99,231.477,228.952,227.677,227.569,228.258,229.283,230.298,231.178,231.972,232.784,233.676,234.66,235.729,236.879,238.109,239.414,240.789,242.223,243.703,245.212,246.728,248.227,249.682,251.066,252.355,253.532,254.596,255.568,256.507,257.529,258.83,260.732
68940.0,101.762,123.974,144.224,162.53,178.937,193.507,206.303,217.377,226.763,234.475,240.51,244.859,247.52,248.517,247.933,245.934,242.808,238.982,235.011,231.502,228.974,227.692,227.576,228.26,229.282,230.297,231.178,231.972,232.784,233.676,234.66,235.729,236.879,238.109,239.414,240.789,242.223,243.703,245.212,246.728,248.227,249.682,251.066,252.355,253.532,254.596,255.568,256.507,257.529,258.83,260.732
69000.0,101.671,123.811,144.003,162.266,178.644,193.199,205.991,217.071,226.473,234.209,240.276,244.662,247.362,248.4,247.855,245.892,242.795,238.991,235.033,231.527,228.995,227.706,227.583,228.262,229.282,230.296,231.177,231.972,232.784,233.676,234.66,235.729,236.879,238.109,239.414,240.788,242.223,243.703,245.212,246.728,248.227,249.682,251.066,252.355,253.532,254.596,255.568,256.507,257.529,258.83,260.732
69060.0,101.581,123.649,143.784,162.004,178.354,192.893,205.681,216.768,226.186,233.946,240.043,244.464,247.204,248.283,247.778,245.85,242.783,239.0,235.054,231.552,229.017,227.72,227.59,228.264,229.281,230.295,231.176,231.972,232.784,233.676,234.66,235.729,236.879,238.109,239.414,240.788,242.223,243.703,245.212,246.728,248.227,249.682,251.066,252.355,253.532,254.596,255.568,256.507,257.529,258.83,260.732
69120.0,101.491,123.489,143.567,161.745,178.067,192.59,205.374,216.467,225.9,233.683,239.81,244.267,247.046,248.166,247.699,245.807,242.77,239.009,235.075,231.577,229.038,227.735,227.597,228.265,229.28,230.294,231.176,231.972,232.784,233.676,234.66,235.729,236.879,238.109,239.414,240.788,242.222,243.703,245.212,246.728,248.227,249.682,251.066,252.355,253.532,254.596,255.568,256.507,257.529,258.83,260.732
69180.0,101.403,123.331,143.353,161.489,177.782,192.289,205.069,216.168,225.616,233.422,239.579,244.071,246.889,248.048,247.621,245.764,242.756,239.017,235.096,231.601,229.059,227.749,227.604,228.267,229.28,230.293,231.175,231.971,232.784,233.676,234.66,235.729,236.879,238.108,239.414,240.788,242.222,243.703,245.211,246.728,248.227,249.682,251.066,252.355,253.532,254.596,255.568,256.507,257.529,258.83,260.732
69240.0,101.315,123.175,143.141,161.236,177.5,191.992,204.767,215.871,225.334,233.162,239.348,243.875,246.731,247.93,247.542,245.721,242.742,239.025,235.116,231.626,229.081,227.763,227.611,228.269,229.279,230.292,231.174,231.971,232.784,233.676,234.66,235.729,236.879,238.108,239.414,240.788,242.222,243.703,245.211,246.728,248.227,249.682,251.066,252.355,253.532,254.596,255.568,256.507,257.529,258.83,260.732
69300.0,101.228,123.02,142.931,160.984,177.221,191.696,204.467,215.577,225.053,232.904,239.119,243.68,246.573,247.812,247.463,245.677,242.728,239.032,235.137,231.65,229.102,227.778,227.618,228.271,229.278,230.291,231.174,231.971,232.784,233.676,234.66,235.729,236.879,238.108,239.414,240.788,242.222,243.703,245.211,246.728,248.227,249.682,251.066,252.355,253.532,254.596,255.568,256.507,257.529,258.83,260.732
69360.0,101.142,122.866,142.723,160.736,176.944,191.404,204.169,215.284,224.775,232.647,238.89,243.485,246.416,247.694,247.383,245.632,242.713,239.039,235.157,231.674,229.123,227.792,227.625,228.273,229.278,230.29,231.173,231.971,232.784,233.676,234.66,235.729,236.879,238.108,239.414,240.788,242.222,243.702,245.211,246.728,248.227,249.682,251.066,252.355,253.532,254.596,255.568,256.507,257.529,258.83,260.732
69420.0,101.057,122.715,142.518,160.489,176.67,191.114,203.874,214.994,224.498,232.391,238.662,243.29,246.258,247.576,247.303,245.588,242.698,239.046,235.177,231.698,229.145,227.807,227.633,228.275,229.277,230.289,231.172,231.97,232.783,233.676,234.66,235.729,236.879,238.108,239.414,240.788,242.222,243.702,245.211,246.728,248.227,249.682,251.066,252.355,253.532,254.596,255.568,256.507,257.529,258.83,260.732
69480.0,100.972,122.564,142.314,160.245,176.399,190.826,203.581,214.705,224.222,232.136,238.435,243.096,246.101,247.457,247.222,245.543,242.683,239.053,235.196,231.722,229.166,227.821,227.64,228.277,229.277,230.288,231.172,231.97,232.783,233.676,234.66,235.729,236.879,238.108,239.414,240.788,242.222,243.702,245.211,246.728,248.227,249.682,251.066,252.355,253.532,254.596,255.568,256.507,257.529,258.83,260.732
69540.0,100.889,122.416,142.113,160.004,176.129,190.541,203.291,214.419,223.949,231.883,238.209,242.902,245.944,247.338,247.142,245.497,242.667,239.059,235.216,231.746,229.187,227.835,227.647,228.279,229.276,230.286,231.171,231.97,232.783,233.676,234.66,235.729,236.879,238.108,239.413,240.788,242.222,243.702,245.211,246.728,248.227,249.682,251.066,252.355,253.532,254.596,255.568,256.507,257.529,258.83,260.732
69600.0,100.806,122.268,141.913,159.765,175.863,190.259,203.003,214.135,223.677,231.631,237.984,242.709,245.787,247.219,247.061,245.451,242.65,239.065,235.235,231.77,229.208,227.85,227.654,228.281,229.275,230.285,231.17,231.97,232.783,233.676,234.659,235.729,236.879,238.108,239.413,240.788,242.222,243.702,245.211,246.728,248.227,249.682,251.066,252.355,253.532,254.596,255.568,256.507,257.529,258.83,260.732
69660.0,100.723,122.122,141.715,159.527,175.598,189.978,202.717,213.852,223.407,231.381,237.759,242.516,245.63,247.1,246.979,245.404,242.634,239.07,235.254,231.793,229.229,227.864,227.661,228.283,229.275,230.284,231.17,231.97,232.783,233.676,234.659,235.729,236.879,238.108,239.413,240.788,242.222,243.702,245.211,246.728,248.227,249.682,251.066,252.355,253.532,254.596,255.568,256.507,257.529,258.83,260.732
69720.0,100.642,121.978,141.52,159.293,175.336,189.7,202.433,213.572,223.138,231.131,237.536,242.324,245.473,246.981,246.897,245.358,242.616,239.075,235.272,231.817,229.25,227.879,227.669,228.285,229.274,230.283,231.169,231.969,232.783,233.675,234.659,235.728,236.879,238.108,239.413,240.788,242.222,243.702,245.211,246.728,248.227,249.682,251.066,252.355,253.532,254.596,255.568,256.507,257.529,258.83,260.732
69780.0,100.561,121.835,141.326,159.06,175.077,189.425,202.151,213.294,222.871,230.883,237.313,242.133,245.316,246.861,246.815,245.31,242.599,239.08,235.291,231.84,229.271,227.893,227.676,228.287,229.274,230.282,231.169,231.969,232.783,233.675,234.659,235.728,236.879,238.108,239.413,240.788,242.222,243.702,245.211,246.728,248.227,249.682,251.066,252.355,253.532,254.596,255.568,256.507,257.529,258.83,260.732
69840.0,100.481,121.693,141.134,158.829,174.819,189.151,201.872,213.017,222.606,230.637,237.092,241.941,245.16,246.742,246.733,245.263,242.581,239.084,235.309,231.863,229.292,227.908,227.683,228.289,229.273,230.281,231.168,231.969,232.783,233.675,234.659,235.728,236.879,238.108,239.413,240.788,242.222,243.702,245.211,246.727,248.227,249.682,251.066,252.355,253.532,254.596,255.568,256.507,257.529,258.83,260.732
69900.0,100.402,121.553,140.943,158.601,174.564,188.88,201.594,212.742,222.342,230.391,236.871,241.751,245.004,246.622,246.65,245.215,242.563,239.089,235.327,231.886,229.312,227.922,227.691,228.291,229.273,230.28,231.167,231.969,232.783,233.675,234.659,235.728,236.878,238.108,239.413,240.788,242.222,243.702,245.211,246.727,248.227,249.682,251.066,252.355,253.532,254.596,255.568,256.507,257.529,258.83,260.732
69960.0,100.323,121.413,140.755,158.374,174.311,188.611,201.319,212.47,222.08,230.147,236.651,241.561,244.847,246.503,246.567,245.166,242.544,239.092,235.345,231.909,229.333,227.936,227.698,228.293,229.272,230.279,231.167,231.969,232.783,233.675,234.659,235.728,236.878,238.108,239.413,240.788,242.222,243.702,245.211,246.727,248.227,249.682,251.066,252.355,253.532,254.596,255.568,256.507,257.529,258.83,260.732
70020.0,100.245,121.276,140.568,158.15,174.06,188.344,201.046,212.199,221.819,229.904,236.432,241.371,244.691,246.383,246.484,245.117,242.525,239.096,235.362,231.932,229.354,227.951,227.705,228.295,229.272,230.278,231.166,231.968,232.783,233.675,234.659,235.728,236.878,238.108,239.413,240.788,242.222,243.702,245.211,246.727,248.227,249.682,251.066,252.355,253.532,254.596,255.568,256.507,257.529,258.83,260.732
70080.0,100.167,121.139,140.383,157.928,173.812,188.079,200.775,211.93,221.56,229.662,236.213,241.182,244.536,246.263,246.401,245.068,242.505,239.099,235.379,231.954,229.375,227.965,227.713,228.297,229.271,230.277,231.165,231.968,232.783,233.675,234.659,235.728,236.878,238.108,239.413,240.788,242.222,243.702,245.211,246.727,248.227,249.682,251.066,252.355,253.532,254.596,255.568,256.507,257.529,258.83,260.732
70140.0,100.091,121.004,140.199,157.707,173.565,187.817,200.505,211.662,221.302,229.421,235.996,240.993,244.38,246.143,246.317,245.019,242.485,239.102,235.396,231.977,229.395,227.98,227.72,228.299,229.271,230.276,231.165,231.968,232.783,233.675,234.659,235.728,236.878,238.108,239.413,240.788,242.222,243.702,245.211,246.727,248.227,249.682,251.066,252.355,253.532,254.596,255.568,256.507,257.529,258.83,260.732
70200.0,100.014,120.869,140.017,157.489,173.32,187.556,200.238,211.397,221.046,229.182,235.78,240.805,244.225,246.023,246.233,244.969,242.465,239.104,235.413,231.999,229.416,227.994,227.728,228.301,229.271,230.275,231.164,231.968,232.783,233.675,234.659,235.728,236.878,238.108,239.413,240.788,242.222,243.702,245.211,246.727,248.227,249.682,251.066,252.355,253.532,254.596,255.568,256.507,257.529,258.83,260.732
70260.0,99.939,120.736,139.837,157.272,173.078,187.297,199.972,211.133,220.792,228.943,235.564,240.618,244.069,245.903,246.149,244.918,242.444,239.106,235.43,232.021,229.436,228.009,227.735,228.304,229.27,230.274,231.163,231.967,232.783,233.675,234.659,235.728,236.878,238.108,239.413,240.788,242.222,243.702,245.211,246.727,248.227,249.682,251.066,252.355,253.532,254.596,255.568,256.507,257.529,258.83,260.732
70320.0,99.864,120.605,139.659,157.057,172.837,187.041,199.709,210.871,220.539,228.706,235.349,240.431,243.914,245.783,246.064,244.868,242.423,239.108,235.446,232.043,229.457,228.023,227.743,228.306,229.27,230.273,231.163,231.967,232.783,233.675,234.659,235.728,236.878,238.108,239.413,240.788,242.222,243.702,245.211,246.727,248.227,249.682,251.066,252.355,253.532,254.596,255.568,256.507,257.529,258.83,260.732
70380.0,99.79,120.474,139.482,156.844,172.598,186.786,199.447,210.61,220.287,228.471,235.135,240.244,243.76,245.663,245.979,244.817,242.402,239.11,235.462,232.065,229.477,228.038,227.75,228.308,229.269,230.272,231.162,231.967,232.783,233.675,234.659,235.728,236.878,238.108,239.413,240.788,242.222,243.702,245.211,246.727,248.227,249.682,251.066,252.355,253.532,254.596,255.568,256.507,257.529,258.83,260.732
70440.0,99.716,120.344,139.306,156.633,172.362,186.533,199.188,210.352,220.037,228.236,234.922,240.058,243.605,245.542,245.894,244.765,242.38,239.111,235.478,232.087,229.497,228.052,227.758,228.31,229.269,230.271,231.162,231.967,232.783,233.675,234.659,235.728,236.878,238.108,239.413,240.787,242.222,243.702,245.211,246.727,248.226,249.682,251.066,252.355,253.532,254.596,255.568,256.507,257.529,258.83,260.732
70500.0,99.643,120.216,139.132,156.423,172.127,186.283,198.93,210.095,219.788,228.002,234.71,239.873,243.451,245.422,245.809,244.714,242.358,239.112,235.493,232.108,229.518,228.066,227.765,228.313,229.269,230.27,231.161,231.966,232.783,233.675,234.659,235.728,236.878,238.107,239.413,240.787,242.222,243.702,245.211,246.727,248.226,249.682,251.066,252.355,253.532,254.596,255.568,256.507,257.529,258.83,260.732
70560.0,99.57,120.089,138.959,156.216,171.894,186.034,198.673,209.839,219.541,227.77,234.499,239.688,243.297,245.302,245.723,244.662,242.335,239.112,235.509,232.13,229.538,228.081,227.773,228.315,229.268,230.269,231.16,231.966,232.783,233.675,234.659,235.728,236.878,238.107,239.413,240.787,242.222,243.702,245.211,246.727,248.226,249.682,251.066,252.355,253.532,254.596,255.568,256.507,257.529,258.83,260.732
70620.0,99.498,119.962,138.788,156.01,171.662,185.787,198.419,209.585,219.295,227.539,234.288,239.504,243.143,245.181,245.638,244.609,242.313,239.113,235.524,232.151,229.558,228.095,227.78,228.317,229.268,230.268,231.16,231.966,232.783,233.675,234.659,235.728,236.878,238.107,239.413,240.787,242.222,243.702,245.211,246.727,248.226,249.682,251.066,252.355,253.532,254.596,255.568,256.507,257.529,258.83,260.732
70680.0,99.427,119.837,138.619,155.805,171.433,185.541,198.166,209.333,219.051,227.309,234.079,239.32,242.989,245.061,245.552,244.557,242.289,239.112,235.539,232.172,229.578,228.11,227.788,228.32,229.268,230.268,231.159,231.966,232.783,233.675,234.659,235.728,236.878,238.107,239.413,240.787,242.221,243.702,245.211,246.727,248.226,249.682,251.066,252.355,253.532,254.596,255.568,256.507,257.529,258.83,260.732
70740.0,99.356,119.713,138.45,155.603,171.206,185.298,197.916,209.083,218.808,227.08,233.87,239.136,242.836,244.941,245.466,244.504,242.266,239.112,235.553,232.193,229.598,228.124,227.796,228.322,229.267,230.267,231.158,231.966,232.782,233.675,234.659,235.728,236.878,238.107,239.413,240.787,242.221,243.702,245.211,246.727,248.226,249.682,251.066,252.355,253.532,254.596,255.568,256.507,257.529,258.83,260.732
70800.0,99.285,119.59,138.284,155.402,170.98,185.056,197.666,208.834,218.566,226.852,233.662,238.954,242.683,244.82,245.379,244.451,242.242,239.111,235.568,232.214,229.618,228.138,227.803,228.325,229.267,230.266,231.158,231.965,232.782,233.675,234.659,235.728,236.878,238.107,239.413,240.787,242.221,243.702,245.211,246.727,248.226,249.682,251.066,252.355,253.532,254.596,255.568,256.507,257.529,258.83,260.732
70860.0,99.216,119.468,138.118,155.202,170.756,184.817,197.419,208.586,218.326,226.625,233.455,238.771,242.53,244.7,245.293,244.397,242.218,239.11,235.582,232.235,229.638,228.153,227.811,228.327,229.267,230.265,231.157,231.965,232.782,233.675,234.659,235.728,236.878,238.107,239.413,240.787,242.221,243.702,245.211,246.727,248.226,249.682,251.066,252.355,253.532,254.596,255.568,256.507,257.529,258.83,260.732
70920.0,99.146,119.346,137.954,155.004,170.533,184.578,197.173,208.34,218.087,226.399,233.248,238.59,242.378,244.58,245.206,244.343,242.193,239.109,235.596,232.256,229.658,228.167,227.819,228.329,229.266,230.264,231.156,231.965,232.782,233.675,234.659,235.728,236.878,238.107,239.413,240.787,242.221,243.702,245.211,246.727,248.226,249.682,251.066,252.355,253.532,254.596,255.568,256.507,257.529,258.83,260.732
70980.0,99.077,119.226,137.791,154.808,170.313,184.342,196.929,208.096,217.849,226.175,233.043,238.409,242.225,244.46,245.119,244.289,242.168,239.107,235.609,232.276,229.677,228.182,227.826,228.332,229.266,230.263,231.156,231.965,232.782,233.675,234.658,235.727,236.878,238.107,239.412,240.787,242.221,243.702,245.21,246.727,248.226,249.682,251.066,252.355,253.532,254.596,255.568,256.507,257.529,258.83,260.732
71040.0,99.009,119.107,137.63,154.613,170.093,184.107,196.686,207.853,217.613,225.951,232.838,238.228,242.073,244.339,245.032,244.234,242.143,239.105,235.623,232.296,229.697,228.196,227.834,228.334,229.266,230.262,231.155,231.964,232.782,233.675,234.658,235.727,236.878,238.107,239.412,240.787,242.221,243.702,245.21,246.727,248.226,249.682,251.066,252.355,253.532,254.596,255.568,256.507,257.529,258.83,260.732
71100.0,98.941,118.989,137.469,154.42,169.876,183.874,196.445,207.612,217.377,225.729,232.634,238.048,241.921,244.219,244.945,244.18,242.117,239.103,235.636,232.317,229.717,228.21,227.842,228.337,229.266,230.261,231.155,231.964,232.782,233.675,234.658,235.727,236.878,238.107,239.412,240.787,242.221,243.701,245.21,246.727,248.226,249.681,251.066,252.355,253.532,254.596,255.568,256.507,257.529,258.83,260.732
71160.0,98.874,118.871,137.31,154.228,169.66,183.642,196.206,207.372,217.144,225.508,232.431,237.869,241.77,244.099,244.858,244.124,242.091,239.1,235.649,232.337,229.736,228.225,227.85,228.34,229.265,230.26,231.154,231.964,232.782,233.675,234.658,235.727,236.877,238.107,239.412,240.787,242.221,243.701,245.21,246.727,248.226,249.681,251.066,252.355,253.532,254.596,255.568,256.507,257.529,258.83,260.732
71220.0,98.807,118.755,137.153,154.038,169.446,183.413,195.968,207.133,216.911,225.287,232.229,237.69,241.619,243.979,244.77,244.069,242.065,239.097,235.662,232.356,229.756,228.239,227.858,228.342,229.265,230.259,231.153,231.964,232.782,233.675,234.658,235.727,236.877,238.107,239.412,240.787,242.221,243.701,245.21,246.727,248.226,249.681,251.066,252.355,253.532,254.596,255.568,256.507,257.529,258.831,260.732
71280.0,98.741,118.639,136.996,153.849,169.233,183.184,195.732,206.896,216.68,225.068,232.028,237.511,241.468,243.858,244.683,244.013,242.038,239.094,235.674,232.376,229.775,228.254,227.865,228.345,229.265,230.258,231.153,231.963,232.782,233.675,234.658,235.727,236.877,238.107,239.412,240.787,242.221,243.701,245.21,246.727,248.226,249.681,251.066,252.355,253.532,254.596,255.568,256.507,257.529,258.831,260.732
71340.0,98.675,118.525,136.841,153.662,169.022,182.958,195.497,206.661,216.45,224.85,231.827,237.333,241.317,243.738,244.595,243.958,242.011,239.091,235.687,232.396,229.795,228.268,227.873,228.347,229.265,230.257,231.152,231.963,232.782,233.675,234.658,235.727,236.877,238.107,239.412,240.787,242.221,243.701,245.21,246.727,248.226,249.681,251.066,252.355,253.532,254.596,255.568,256.507,257.529,258.831,260.732
71400.0,98.609,118.411,136.687,153.476,168.813,182.732,195.264,206.426,216.221,224.633,231.627,237.156,241.167,243.618,244.507,243.901,241.984,239.087,235.699,232.415,229.814,228.282,227.881,228.35,229.265,230.256,231.151,231.963,232.782,233.675,234.658,235.727,236.877,238.107,239.412,240.787,242.221,243.701,245.21,246.727,248.226,249.681,251.066,252.355,253.532,254.595,255.568,256.507,257.529,258.831,260.732
71460.0,98.544,118.298,136.534,153.291,168.605,182.509,195.032,206.193,215.994,224.417,231.428,236.979,241.017,243.498,244.419,243.845,241.956,239.083,235.71,232.434,229.833,228.297,227.889,228.352,229.264,230.255,231.151,231.963,232.782,233.675,234.658,235.727,236.877,238.107,239.412,240.787,242.221,243.701,245.21,246.727,248.226,249.681,251.066,252.354,253.532,254.595,255.568,256.507,257.529,258.831,260.732
71520.0,98.48,118.186,136.382,153.108,168.398,182.287,194.802,205.962,215.767,224.202,231.23,236.803,240.867,243.378,244.331,243.788,241.929,239.078,235.722,232.453,229.853,228.311,227.897,228.355,229.264,230.255,231.15,231.963,232.782,233.675,234.658,235.727,236.877,238.107,239.412,240.787,242.221,243.701,245.21,246.727,248.226,249.681,251.066,252.354,253.532,254.595,255.568,256.507,257.529,258.831,260.732
71580.0,98.415,118.075,136.231,152.926,168.193,182.066,194.573,205.732,215.542,223.988,231.033,236.627,240.717,243.258,244.242,243.731,241.9,239.073,235.733,232.472,229.872,228.325,227.905,228.358,229.264,230.254,231.149,231.962,232.782,233.675,234.658,235.727,236.877,238.107,239.412,240.787,242.221,243.701,245.21,246.727,248.226,249.681,251.066,252.354,253.532,254.595,255.568,256.507,257.529,258.831,260.732
71640.0,98.352,117.964,136.082,152.745,167.989,181.847,194.346,205.503,215.318,223.775,230.836,236.452,240.568,243.139,244.154,243.674,241.872,239.068,235.744,232.491,229.891,228.339,227.913,228.361,229.264,230.253,231.149,231.962,232.782,233.675,234.658,235.727,236.877,238.107,239.412,240.787,242.221,243.701,245.21,246.727,248.226,249.681,251.065,252.354,253.532,254.595,255.568,256.507,257.529,258.831,260.732
71700.0,98.289,117.855,135.933,152.566,167.787,181.629,194.12,205.276,215.096,223.563,230.64,236.278,240.419,243.019,244.065,243.617,241.843,239.063,235.755,232.51,229.91,228.354,227.921,228.363,229.264,230.252,231.148,231.962,232.782,233.675,234.658,235.727,236.877,238.107,239.412,240.787,242.221,243.701,245.21,246.727,248.226,249.681,251.065,252.354,253.532,254.595,255.568,256.507,257.529,258.831,260.732
71760.0,98.226,117.746,135.786,152.388,167.586,181.413,193.896,205.049,214.874,223.351,230.445,236.104,240.271,242.899,243.976,243.559,241.814,239.058,235.766,232.529,229.929,228.368,227.928,228.366,229.264,230.251,231.148,231.962,232.782,233.675,234.658,235.727,236.877,238.107,239.412,240.787,242.221,243.701,245.21,246.727,248.226,249.681,251.065,252.354,253.532,254.595,255.568,256.507,257.529,258.831,260.732
71820.0,98.163,117.638,135.64,152.211,167.387,181.198,193.673,204.825,214.654,223.141,230.251,235.93,240.122,242.78,243.888,243.501,241.785,239.052,235.776,232.547,229.948,228.382,227.936,228.369,229.264,230.25,231.147,231.961,232.782,233.675,234.658,235.727,236.877,238.107,239.412,240.787,242.221,243.701,245.21,246.727,248.226,249.681,251.065,252.354,253.532,254.595,255.568,256.507,257.529,258.831,260.732
71880.0,98.101,117.53,135.495,152.036,167.188,180.985,193.451,204.601,214.435,222.932,230.057,235.757,239.974,242.66,243.799,243.443,241.755,239.045,235.786,232.565,229.966,228.397,227.944,228.372,229.264,230.249,231.146,231.961,232.781,233.674,234.658,235.727,236.877,238.106,239.412,240.787,242.221,243.701,245.21,246.726,248.226,249.681,251.065,252.354,253.532,254.595,255.568,256.507,257.529,258.831,260.732
71940.0,98.04,117.424,135.35,151.861,166.992,180.773,193.23,204.379,214.216,222.724,229.864,235.585,239.827,242.541,243.71,243.384,241.725,239.039,235.796,232.583,229.985,228.411,227.952,228.374,229.264,230.248,231.146,231.961,232.781,233.674,234.658,235.727,236.877,238.106,239.412,240.786,242.221,243.701,245.21,246.726,248.226,249.681,251.065,252.354,253.532,254.595,255.568,256.507,257.529,258.831,260.732
72000.0,97.978,117.318,135.207,151.688,166.796,180.562,193.011,204.158,213.999,222.517,229.672,235.413,239.679,242.421,243.621,243.326,241.694,239.032,235.806,232.601,230.004,228.425,227.96,228.377,229.263,230.247,231.145,231.961,232.781,233.674,234.658,235.727,236.877,238.106,239.412,240.786,242.221,243.701,245.21,246.726,248.226,249.681,251.065,252.354,253.532,254.595,255.568,256.507,257.529,258.831,260.732
72060.0,97.918,117.213,135.065,151.517,166.602,180.353,192.794,203.938,213.784,222.311,229.481,235.241,239.532,242.302,243.531,243.267,241.664,239.025,235.815,232.619,230.022,228.439,227.968,228.38,229.263,230.247,231.144,231.96,232.781,233.674,234.658,235.727,236.877,238.106,239.412,240.786,242.221,243.701,245.21,246.726,248.226,249.681,251.065,252.354,253.532,254.595,255.568,256.507,257.529,258.831,260.732
72120.0,97.857,117.109,134.924,151.346,166.409,180.145,192.577,203.719,213.569,222.105,229.29,235.071,239.386,242.183,243.442,243.208,241.633,239.018,235.824,232.637,230.041,228.453,227.977,228.383,229.263,230.246,231.144,231.96,232.781,233.674,234.658,235.727,236.877,238.106,239.412,240.786,242.221,243.701,245.21,246.726,248.226,249.681,251.065,252.354,253.532,254.595,255.568,256.507,257.529,258.831,260.732
72180.0,97.797,117.006,134.784,151.177,166.218,179.938,192.362,203.502,213.355,221.901,229.101,234.9,239.239,242.064,243.353,243.149,241.602,239.01,235.833,232.654,230.059,228.468,227.985,228.386,229.263,230.245,231.143,231.96,232.781,233.674,234.658,235.727,236.877,238.106,239.412,240.786,242.221,243.701,245.21,246.726,248.226,249.681,251.065,252.354,253.532,254.595,255.568,256.507,257.529,258.831,260.732
72240.0,97.738,116.903,134.645,151.008,166.028,179.733,192.148,203.286,213.143,221.698,228.912,234.73,239.093,241.945,243.263,243.089,241.57,239.002,235.842,232.671,230.078,228.482,227.993,228.389,229.263,230.244,231.143,231.96,232.781,233.674,234.658,235.726,236.877,238.106,239.412,240.786,242.22,243.701,245.21,246.726,248.226,249.681,251.065,252.354,253.532,254.595,255.568,256.507,257.529,258.831,260.732
72300.0,97.678,116.801,134.507,150.841,165.839,179.529,191.936,203.071,212.931,221.495,228.723,234.561,238.947,241.826,243.174,243.029,241.539,238.994,235.851,232.688,230.096,228.496,228.001,228.392,229.263,230.243,231.142,231.959,232.781,233.674,234.658,235.726,236.877,238.106,239.412,240.786,242.22,243.701,245.21,246.726,248.226,249.681,251.065,252.354,253.532,254.595,255.568,256.507,257.529,258.831,260.732
72360.0,97.619,116.7,134.37,150.675,165.651,179.326,191.725,202.857,212.721,221.294,228.536,234.393,238.802,241.708,243.084,242.97,241.507,238.985,235.859,232.706,230.114,228.51,228.009,228.394,229.263,230.242,231.141,231.959,232.781,233.674,234.658,235.726,236.877,238.106,239.411,240.786,242.22,243.701,245.21,246.726,248.226,249.681,251.065,252.354,253.532,254.595,255.568,256.507,257.529,258.831,260.732
72420.0,97.561,116.599,134.234,150.51,165.464,179.125,191.515,202.645,212.512,221.093,228.349,234.224,238.657,241.589,242.995,242.91,241.475,238.977,235.867,232.722,230.132,228.524,228.017,228.397,229.263,230.242,231.141,231.959,232.781,233.674,234.657,235.726,236.877,238.106,239.411,240.786,242.22,243.701,245.21,246.726,248.226,249.681,251.065,252.354,253.532,254.595,255.568,256.507,257.529,258.831,260.732
72480.0,97.503,116.499,134.098,150.347,165.279,178.925,191.306,202.433,212.303,220.893,228.163,234.057,238.512,241.471,242.905,242.849,241.442,238.968,235.875,232.739,230.15,228.538,228.025,228.4,229.264,230.241,231.14,231.959,232.781,233.674,234.657,235.726,236.876,238.106,239.411,240.786,242.22,243.701,245.21,246.726,248.226,249.681,251.065,252.354,253.532,254.595,255.568,256.507,257.529,258.831,260.732
72540.0,97.445,116.4,133.964,150.184,165.095,178.726,191.098,202.223,212.096,220.694,227.977,233.89,238.367,241.352,242.815,242.789,241.409,238.958,235.882,232.756,230.168,228.553,228.033,228.403,229.264,230.24,231.139,231.958,232.781,233.674,234.657,235.726,236.876,238.106,239.411,240.786,242.22,243.701,245.21,246.726,248.226,249.681,251.065,252.354,253.532,254.595,255.568,256.507,257.529,258.831,260.732
72600.0,97.388,116.301,133.83,150.022,164.912,178.528,190.892,202.014,211.89,220.496,227.793,233.723,238.223,241.234,242.726,242.728,241.376,238.949,235.89,232.772,230.186,228.567,228.041,228.406,229.264,230.239,231.139,231.958,232.781,233.674,234.657,235.726,236.876,238.106,239.411,240.786,242.22,243.701,245.21,246.726,248.226,249.681,251.065,252.354,253.532,254.595,255.568,256.507,257.529,258.831,260.732
72660.0,97.33,116.203,133.698,149.862,164.73,178.331,190.687,201.806,211.685,220.299,227.609,233.557,238.079,241.116,242.636,242.667,241.343,238.939,235.897,232.788,230.204,228.581,228.05,228.409,229.264,230.238,231.138,231.958,232.781,233.674,234.657,235.726,236.876,238.106,239.411,240.786,242.22,243.701,245.21,246.726,248.226,249.681,251.065,252.354,253.532,254.595,255.568,256.507,257.529,258.831,260.732
72720.0,97.274,116.106,133.566,149.702,164.549,178.136,190.483,201.599,211.48,220.103,227.425,233.391,237.936,240.998,242.546,242.606,241.309,238.929,235.904,232.804,230.222,228.595,228.058,228.413,229.264,230.238,231.138,231.958,232.781,233.674,234.657,235.726,236.876,238.106,239.411,240.786,242.22,243.701,245.21,246.726,248.225,249.681,251.065,252.354,253.532,254.595,255.568,256.507,257.529,258.831,260.732
72780.0,97.217,116.009,133.435,149.544,164.37,177.942,190.28,201.394,211.277,219.907,227.243,233.226,237.792,240.88,242.456,242.545,241.276,238.918,235.91,232.82,230.239,228.609,228.066,228.416,229.264,230.237,231.137,231.957,232.781,233.674,234.657,235.726,236.876,238.106,239.411,240.786,242.22,243.7,245.21,246.726,248.225,249.681,251.065,252.354,253.532,254.595,255.568,256.507,257.529,258.831,260.732
72840.0,97.161,115.913,133.306,149.387,164.192,177.749,190.078,201.189,211.075,219.713,227.061,233.062,237.649,240.762,242.366,242.484,241.242,238.908,235.917,232.836,230.257,228.623,228.074,228.419,229.264,230.236,231.136,231.957,232.781,233.674,234.657,235.726,236.876,238.106,239.411,240.786,242.22,243.7,245.209,246.726,248.225,249.681,251.065,252.354,253.531,254.595,255.568,256.507,257.529,258.831,260.732
72900.0,97.105,115.817,133.176,149.23,164.014,177.557,189.877,200.985,210.874,219.519,226.88,232.898,237.507,240.645,242.276,242.422,241.207,238.897,235.923,232.852,230.275,228.637,228.082,228.422,229.264,230.235,231.136,231.957,232.78,233.674,234.657,235.726,236.876,238.106,239.411,240.786,242.22,243.7,245.209,246.726,248.225,249.681,251.065,252.354,253.531,254.595,255.568,256.507,257.529,258.831,260.732
72960.0,97.05,115.723,133.048,149.075,163.838,177.366,189.678,200.783,210.674,219.327,226.699,232.734,237.364,240.527,242.186,242.361,241.173,238.886,235.929,232.867,230.292,228.651,228.091,228.425,229.264,230.234,231.135,231.957,232.78,233.674,234.657,235.726,236.876,238.106,239.411,240.786,242.22,243.7,245.209,246.726,248.225,249.681,251.065,252.354,253.531,254.595,255.568,256.507,257.529,258.831,260.732
73020.0,96.995,115.628,132.921,148.921,163.663,177.176,189.48,200.581,210.474,219.135,226.519,232.571,237.223,240.41,242.096,242.299,241.138,238.874,235.935,232.883,230.309,228.665,228.099,228.428,229.265,230.234,231.134,231.956,232.78,233.674,234.657,235.726,236.876,238.106,239.411,240.786,242.22,243.7,245.209,246.726,248.225,249.681,251.065,252.354,253.531,254.595,255.568,256.507,257.529,258.831,260.732
73080.0,96.94,115.535,132.794,148.767,163.489,176.988,189.282,200.381,210.276,218.943,226.34,232.409,237.081,240.293,242.006,242.237,241.103,238.863,235.94,232.898,230.327,228.679,228.107,228.431,229.265,230.233,231.134,231.956,232.78,233.674,234.657,235.726,236.876,238.106,239.411,240.786,242.22,243.7,245.209,246.726,248.225,249.681,251.065,252.354,253.531,254.595,255.568,256.507,257.529,258.831,260.732
73140.0,96.886,115.442,132.668,148.615,163.316,176.8,189.086,200.182,210.079,218.753,226.162,232.247,236.94,240.176,241.916,242.175,241.068,238.851,235.946,232.913,230.344,228.693,228.115,228.434,229.265,230.232,231.133,231.956,232.78,233.674,234.657,235.726,236.876,238.106,239.411,240.786,242.22,243.7,245.209,246.726,248.225,249.681,251.065,252.354,253.531,254.595,255.568,256.507,257.529,258.831,260.732
73200.0,96.832,115.349,132.543,148.463,163.144,176.614,188.891,199.983,209.882,218.564,225.984,232.085,236.799,240.059,241.825,242.112,241.032,238.839,235.951,232.928,230.361,228.706,228.124,228.438,229.265,230.231,231.133,231.956,232.78,233.674,234.657,235.726,236.876,238.105,239.411,240.786,242.22,243.7,245.209,246.726,248.225,249.681,251.065,252.354,253.531,254.595,255.568,256.507,257.529,258.831,260.732
73260.0,96.778,115.258,132.419,148.313,162.973,176.429,188.697,199.786,209.687,218.375,225.807,231.924,236.658,239.942,241.735,242.05,240.996,238.826,235.956,232.942,230.378,228.72,228.132,228.441,229.265,230.231,231.132,231.955,232.78,233.674,234.657,235.726,236.876,238.105,239.411,240.786,242.22,243.7,245.209,246.726,248.225,249.681,251.065,252.354,253.531,254.595,255.568,256.507,257.529,258.831,260.732
73320.0,96.724,115.166,132.296,148.163,162.804,176.245,188.505,199.59,209.493,218.187,225.631,231.764,236.518,239.826,241.645,241.987,240.961,238.813,235.96,232.957,230.395,228.734,228.14,228.444,229.266,230.23,231.131,231.955,232.78,233.674,234.657,235.726,236.876,238.105,239.411,240.786,242.22,243.7,245.209,246.726,248.225,249.681,251.065,252.354,253.531,254.595,255.568,256.507,257.529,258.831,260.732
73380.0,96.671,115.076,132.173,148.014,162.635,176.062,188.313,199.395,209.299,218.0,225.455,231.604,236.378,239.709,241.555,241.925,240.924,238.8,235.965,232.971,230.412,228.748,228.149,228.447,229.266,230.229,231.131,231.955,232.78,233.674,234.657,235.726,236.876,238.105,239.411,240.786,242.22,243.7,245.209,246.726,248.225,249.681,251.065,252.354,253.531,254.595,255.568,256.507,257.529,258.831,260.732
73440.0,96.618,114.985,132.051,147.867,162.467,175.88,188.122,199.2,209.106,217.814,225.28,231.444,236.238,239.593,241.465,241.862,240.888,238.787,235.969,232.986,230.429,228.762,228.157,228.451,229.266,230.228,231.13,231.955,232.78,233.674,234.657,235.725,236.876,238.105,239.411,240.785,242.22,243.7,245.209,246.726,248.225,249.681,251.065,252.354,253.531,254.595,255.568,256.507,257.529,258.831,260.732
73500.0,96.566,114.896,131.93,147.72,162.3,175.699,187.932,199.007,208.914,217.629,225.106,231.286,236.099,239.477,241.375,241.799,240.851,238.774,235.973,233.0,230.446,228.776,228.165,228.454,229.266,230.228,231.129,231.954,232.78,233.674,234.657,235.725,236.876,238.105,239.411,240.785,242.22,243.7,245.209,246.726,248.225,249.681,251.065,252.354,253.531,254.595,255.568,256.507,257.529,258.831,260.732
73560.0,96.513,114.807,131.81,147.574,162.135,175.519,187.743,198.815,208.724,217.444,224.932,231.127,235.96,239.361,241.284,241.736,240.815,238.76,235.977,233.014,230.462,228.789,228.174,228.457,229.267,230.227,231.129,231.954,232.78,233.674,234.657,235.725,236.876,238.105,239.411,240.785,242.22,243.7,245.209,246.726,248.225,249.681,251.065,252.354,253.531,254.595,255.568,256.507,257.529,258.831,260.732
73620.0,96.461,114.718,131.69,147.429,161.97,175.34,187.556,198.623,208.534,217.26,224.759,230.969,235.821,239.245,241.194,241.672,240.778,238.746,235.981,233.027,230.479,228.803,228.182,228.461,229.267,230.226,231.128,231.954,232.78,233.674,234.657,235.725,236.876,238.105,239.411,240.785,242.22,243.7,245.209,246.726,248.225,249.681,251.065,252.354,253.531,254.595,255.568,256.507,257.529,258.831,260.732
73680.0,96.41,114.63,131.571,147.285,161.806,175.162,187.369,198.433,208.345,217.077,224.586,230.812,235.683,239.13,241.104,241.609,240.74,238.732,235.984,233.041,230.495,228.817,228.19,228.464,229.267,230.225,231.128,231.953,232.78,233.674,234.657,235.725,236.876,238.105,239.411,240.785,242.22,243.7,245.209,246.726,248.225,249.681,251.065,252.354,253.531,254.595,255.568,256.507,257.529,258.831,260.732
73740.0,96.358,114.543,131.453,147.141,161.643,174.985,187.183,198.244,208.156,216.895,224.414,230.655,235.545,239.014,241.014,241.545,240.703,238.718,235.987,233.055,230.512,228.831,228.199,228.467,229.268,230.225,231.127,231.953,232.78,233.674,234.657,235.725,236.875,238.105,239.411,240.785,242.22,243.7,245.209,246.726,248.225,249.68,251.065,252.354,253.531,254.595,255.568,256.507,257.529,258.831,260.732
73800.0,96.307,114.456,131.336,146.999,161.481,174.809,186.998,198.055,207.969,216.713,224.243,230.498,235.407,238.899,240.924,241.482,240.665,238.703,235.99,233.068,230.528,228.844,228.207,228.471,229.268,230.224,231.126,231.953,232.779,233.673,234.656,235.725,236.875,238.105,239.41,240.785,242.22,243.7,245.209,246.726,248.225,249.68,251.065,252.354,253.531,254.595,255.568,256.507,257.529,258.831,260.732
73860.0,96.256,114.37,131.219,146.857,161.32,174.634,186.815,197.868,207.782,216.532,224.073,230.342,235.27,238.784,240.834,241.418,240.627,238.688,235.993,233.081,230.544,228.858,228.215,228.474,229.268,230.223,231.126,231.953,232.779,233.673,234.656,235.725,236.875,238.105,239.41,240.785,242.219,243.7,245.209,246.726,248.225,249.68,251.065,252.354,253.531,254.595,255.567,256.507,257.529,258.831,260.732
73920.0,96.205,114.284,131.103,146.716,161.16,174.46,186.632,197.681,207.597,216.352,223.903,230.187,235.133,238.669,240.743,241.354,240.589,238.673,235.995,233.094,230.56,228.872,228.224,228.477,229.269,230.223,231.125,231.952,232.779,233.673,234.656,235.725,236.875,238.105,239.41,240.785,242.219,243.7,245.209,246.725,248.225,249.68,251.065,252.354,253.531,254.595,255.567,256.507,257.529,258.831,260.732
73980.0,96.155,114.198,130.988,146.576,161.001,174.287,186.45,197.495,207.412,216.173,223.733,230.032,234.996,238.554,240.653,241.29,240.551,238.658,235.998,233.107,230.577,228.885,228.232,228.481,229.269,230.222,231.125,231.952,232.779,233.673,234.656,235.725,236.875,238.105,239.41,240.785,242.219,243.7,245.209,246.725,248.225,249.68,251.065,252.354,253.531,254.595,255.567,256.507,257.529,258.831,260.732
74040.0,96.105,114.113,130.873,146.437,160.842,174.114,186.269,197.31,207.228,215.995,223.565,229.877,234.859,238.439,240.563,241.226,240.513,238.642,236.0,233.12,230.593,228.899,228.241,228.484,229.269,230.221,231.124,231.952,232.779,233.673,234.656,235.725,236.875,238.105,239.41,240.785,242.219,243.7,245.209,246.725,248.225,249.68,251.065,252.354,253.531,254.595,255.567,256.507,257.529,258.831,260.732
74100.0,96.055,114.029,130.759,146.299,160.685,173.943,186.089,197.127,207.045,215.817,223.397,229.723,234.723,238.325,240.473,241.162,240.474,238.627,236.002,233.132,230.608,228.912,228.249,228.488,229.27,230.22,231.123,231.952,232.779,233.673,234.656,235.725,236.875,238.105,239.41,240.785,242.219,243.7,245.209,246.725,248.225,249.68,251.065,252.354,253.531,254.595,255.567,256.507,257.529,258.831,260.732
74160.0,96.006,113.945,130.646,146.161,160.529,173.773,185.91,196.944,206.863,215.64,223.229,229.569,234.588,238.211,240.383,241.098,240.435,238.611,236.003,233.145,230.624,228.926,228.257,228.491,229.27,230.22,231.123,231.951,232.779,233.673,234.656,235.725,236.875,238.105,239.41,240.785,242.219,243.7,245.209,246.725,248.225,249.68,251.065,252.354,253.531,254.595,255.567,256.507,257.529,258.831,260.732
74220.0,95.956,113.862,130.533,146.025,160.373,173.604,185.732,196.761,206.681,215.463,223.062,229.416,234.452,238.096,240.293,241.033,240.396,238.594,236.005,233.157,230.64,228.939,228.266,228.495,229.271,230.219,231.122,231.951,232.779,233.673,234.656,235.725,236.875,238.105,239.41,240.785,242.219,243.7,245.209,246.725,248.225,249.68,251.065,252.354,253.531,254.595,255.567,256.507,257.529,258.831,260.732
74280.0,95.907,113.779,130.421,145.889,160.218,173.435,185.555,196.58,206.501,215.288,222.896,229.264,234.317,237.982,240.203,240.969,240.357,238.578,236.006,233.169,230.656,228.953,228.274,228.498,229.271,230.218,231.121,231.951,232.779,233.673,234.656,235.725,236.875,238.105,239.41,240.785,242.219,243.7,245.209,246.725,248.225,249.68,251.065,252.354,253.531,254.595,255.567,256.507,257.529,258.831,260.732
74340.0,95.859,113.697,130.31,145.754,160.064,173.267,185.378,196.4,206.321,215.113,222.73,229.111,234.182,237.869,240.113,240.904,240.318,238.561,236.007,233.181,230.671,228.966,228.283,228.502,229.271,230.218,231.121,231.951,232.779,233.673,234.656,235.725,236.875,238.105,239.41,240.785,242.219,243.7,245.209,246.725,248.225,249.68,251.065,252.354,253.531,254.595,255.567,256.507,257.529,258.831,260.732
74400.0,95.81,113.615,130.199,145.619,159.911,173.101,185.203,196.22,206.142,214.939,222.565,228.96,234.048,237.755,240.023,240.839,240.278,238.544,236.008,233.193,230.687,228.98,228.291,228.505,229.272,230.217,231.12,231.95,232.779,233.673,234.656,235.725,236.875,238.105,239.41,240.785,242.219,243.7,245.209,246.725,248.225,249.68,251.065,252.354,253.531,254.595,255.567,256.507,257.529,258.831,260.732
74460.0,95.762,113.533,130.089,145.486,159.759,172.935,185.028,196.042,205.963,214.765,222.401,228.809,233.914,237.642,239.933,240.775,240.238,238.527,236.009,233.204,230.702,228.993,228.3,228.509,229.272,230.216,231.12,231.95,232.779,233.673,234.656,235.725,236.875,238.105,239.41,240.785,242.219,243.699,245.209,246.725,248.225,249.68,251.065,252.354,253.531,254.595,255.567,256.507,257.529,258.831,260.732
74520.0,95.714,113.452,129.98,145.353,159.608,172.77,184.855,195.864,205.786,214.592,222.237,228.658,233.78,237.528,239.843,240.71,240.198,238.51,236.009,233.216,230.718,229.006,228.308,228.512,229.273,230.216,231.119,231.95,232.779,233.673,234.656,235.725,236.875,238.104,239.41,240.785,242.219,243.699,245.209,246.725,248.225,249.68,251.065,252.354,253.531,254.595,255.567,256.507,257.529,258.831,260.732
74580.0,95.666,113.371,129.871,145.221,159.457,172.606,184.682,195.687,205.609,214.42,222.074,228.507,233.647,237.415,239.753,240.645,240.158,238.492,236.009,233.227,230.733,229.02,228.316,228.516,229.273,230.215,231.118,231.949,232.779,233.673,234.656,235.725,236.875,238.104,239.41,240.785,242.219,243.699,245.209,246.725,248.225,249.68,251.065,252.354,253.531,254.595,255.567,256.507,257.529,258.831,260.732
74640.0,95.619,113.291,129.763,145.089,159.307,172.443,184.51,195.511,205.433,214.249,221.911,228.358,233.514,237.302,239.663,240.58,240.118,238.475,236.01,233.238,230.748,229.033,228.325,228.52,229.274,230.215,231.118,231.949,232.778,233.673,234.656,235.725,236.875,238.104,239.41,240.785,242.219,243.699,245.209,246.725,248.225,249.68,251.065,252.354,253.531,254.595,255.567,256.507,257.529,258.831,260.732
74700.0,95.571,113.212,129.655,144.958,159.159,172.281,184.339,195.336,205.258,214.078,221.749,228.208,233.381,237.19,239.574,240.515,240.078,238.457,236.009,233.25,230.763,229.046,228.333,228.523,229.274,230.214,231.117,231.949,232.778,233.673,234.656,235.724,236.875,238.104,239.41,240.785,242.219,243.699,245.208,246.725,248.225,249.68,251.065,252.354,253.531,254.595,255.567,256.507,257.529,258.831,260.732
74760.0,95.524,113.132,129.548,144.829,159.01,172.119,184.169,195.161,205.084,213.908,221.588,228.059,233.248,237.077,239.484,240.449,240.037,238.438,236.009,233.26,230.778,229.059,228.342,228.527,229.275,230.213,231.117,231.949,232.778,233.673,234.656,235.724,236.875,238.104,239.41,240.785,242.219,243.699,245.208,246.725,248.225,249.68,251.064,252.354,253.531,254.595,255.567,256.507,257.529,258.831,260.732
74820.0,95.478,113.053,129.442,144.699,158.863,171.958,183.999,194.987,204.91,213.739,221.427,227.911,233.116,236.965,239.394,240.384,239.996,238.42,236.008,233.271,230.793,229.073,228.35,228.531,229.275,230.213,231.116,231.948,232.778,233.673,234.656,235.724,236.875,238.104,239.41,240.785,242.219,243.699,245.208,246.725,248.225,249.68,251.064,252.354,253.531,254.595,255.567,256.507,257.529,258.831,260.732
74880.0,95.431,112.975,129.336,144.571,158.717,171.799,183.831,194.815,204.738,213.57,221.267,227.763,232.984,236.853,239.304,240.319,239.955,238.402,236.008,233.282,230.808,229.086,228.359,228.534,229.276,230.212,231.115,231.948,232.778,233.673,234.656,235.724,236.875,238.104,239.41,240.784,242.219,243.699,245.208,246.725,248.225,249.68,251.064,252.354,253.531,254.595,255.567,256.507,257.529,258.831,260.732
74940.0,95.385,112.897,129.231,144.443,158.571,171.64,183.663,194.643,204.565,213.402,221.107,227.615,232.853,236.741,239.215,240.253,239.914,238.383,236.007,233.292,230.822,229.099,228.367,228.538,229.276,230.211,231.115,231.948,232.778,233.673,234.656,235.724,236.875,238.104,239.41,240.784,242.219,243.699,245.208,246.725,248.225,249.68,251.064,252.354,253.531,254.595,255.567,256.507,257.529,258.831,260.732
75000.0,95.339,112.82,129.126,144.316,158.426,171.481,183.496,194.471,204.394,213.235,220.948,227.468,232.721,236.629,239.125,240.188,239.873,238.364,236.006,233.302,230.837,229.112,228.376,228.542,229.277,230.211,231.114,231.948,232.778,233.673,234.656,235.724,236.874,238.104,239.41,240.784,242.219,243.699,245.208,246.725,248.224,249.68,251.064,252.354,253.531,254.595,255.567,256.507,257.529,258.831,260.732
75060.0,95.293,112.743,129.022,144.189,158.282,171.324,183.33,194.301,204.223,213.068,220.789,227.322,232.591,236.517,239.036,240.122,239.832,238.345,236.004,233.313,230.851,229.125,228.384,228.545,229.278,230.21,231.114,231.947,232.778,233.673,234.656,235.724,236.874,238.104,239.41,240.784,242.219,243.699,245.208,246.725,248.224,249.68,251.064,252.354,253.531,254.595,255.567,256.507,257.529,258.831,260.732
75120.0,95.247,112.666,128.919,144.064,158.138,171.167,183.165,194.131,204.054,212.902,220.631,227.175,232.46,236.406,238.946,240.057,239.79,238.325,236.003,233.323,230.866,229.138,228.393,228.549,229.278,230.21,231.113,231.947,232.778,233.673,234.656,235.724,236.874,238.104,239.41,240.784,242.219,243.699,245.208,246.725,248.224,249.68,251.064,252.354,253.531,254.595,255.567,256.507,257.529,258.831,260.732
75180.0,95.202,112.59,128.816,143.939,157.996,171.012,183.0,193.962,203.884,212.737,220.473,227.03,232.33,236.294,238.857,239.991,239.748,238.306,236.001,233.332,230.88,229.151,228.401,228.553,229.279,230.209,231.113,231.947,232.778,233.673,234.656,235.724,236.874,238.104,239.409,240.784,242.219,243.699,245.208,246.725,248.224,249.68,251.064,252.354,253.531,254.595,255.567,256.507,257.529,258.831,260.732
75240.0,95.156,112.514,128.713,143.814,157.854,170.857,182.836,193.794,203.716,212.572,220.316,226.884,232.2,236.183,238.768,239.925,239.706,238.286,235.999,233.342,230.895,229.164,228.41,228.557,229.28,230.209,231.112,231.947,232.778,233.673,234.655,235.724,236.874,238.104,239.409,240.784,242.219,243.699,245.208,246.725,248.224,249.68,251.064,252.354,253.531,254.595,255.567,256.507,257.529,258.831,260.732
75300.0,95.111,112.438,128.612,143.69,157.712,170.702,182.674,193.627,203.548,212.408,220.16,226.739,232.07,236.072,238.678,239.859,239.664,238.266,235.997,233.352,230.909,229.177,228.418,228.56,229.28,230.208,231.111,231.946,232.778,233.673,234.655,235.724,236.874,238.104,239.409,240.784,242.219,243.699,245.208,246.725,248.224,249.68,251.064,252.353,253.531,254.595,255.567,256.507,257.529,258.831,260.732
75360.0,95.067,112.363,128.51,143.567,157.572,170.549,182.511,193.46,203.381,212.245,220.004,226.595,231.941,235.962,238.589,239.793,239.622,238.246,235.995,233.361,230.923,229.19,228.427,228.564,229.281,230.207,231.111,231.946,232.778,233.673,234.655,235.724,236.874,238.104,239.409,240.784,242.219,243.699,245.208,246.725,248.224,249.68,251.064,252.353,253.531,254.595,255.567,256.507,257.529,258.831,260.732
75420.0,95.022,112.288,128.41,143.445,157.432,170.396,182.35,193.294,203.215,212.082,219.849,226.451,231.812,235.851,238.5,239.727,239.58,238.225,235.992,233.37,230.937,229.203,228.435,228.568,229.281,230.207,231.11,231.946,232.777,233.673,234.655,235.724,236.874,238.104,239.409,240.784,242.218,243.699,245.208,246.725,248.224,249.68,251.064,252.353,253.531,254.595,255.567,256.507,257.529,258.831,260.732
75480.0,94.978,112.214,128.309,143.323,157.293,170.244,182.189,193.129,203.049,211.92,219.694,226.307,231.683,235.741,238.411,239.661,239.538,238.205,235.99,233.379,230.951,229.216,228.444,228.572,229.282,230.206,231.11,231.945,232.777,233.673,234.655,235.724,236.874,238.104,239.409,240.784,242.218,243.699,245.208,246.725,248.224,249.68,251.064,252.353,253.531,254.595,255.567,256.507,257.529,258.831,260.732
75540.0,94.934,112.14,128.21,143.202,157.155,170.093,182.03,192.965,202.884,211.759,219.54,226.164,231.555,235.631,238.322,239.595,239.495,238.184,235.987,233.388,230.965,229.229,228.452,228.576,229.283,230.206,231.109,231.945,232.777,233.673,234.655,235.724,236.874,238.104,239.409,240.784,242.218,243.699,245.208,246.725,248.224,249.68,251.064,252.353,253.531,254.595,255.567,256.507,257.529,258.831,260.733
75600.0,94.89,112.067,128.111,143.081,157.017,169.943,181.87,192.801,202.72,211.598,219.386,226.021,231.427,235.521,238.233,239.529,239.452,238.163,235.984,233.397,230.978,229.242,228.461,228.579,229.284,230.205,231.108,231.945,232.777,233.673,234.655,235.724,236.874,238.104,239.409,240.784,242.218,243.699,245.208,246.725,248.224,249.68,251.064,252.353,253.531,254.595,255.567,256.507,257.529,258.831,260.733
75660.0,94.846,111.994,128.012,142.961,156.88,169.793,181.712,192.638,202.557,211.437,219.233,225.879,231.299,235.411,238.144,239.463,239.409,238.142,235.98,233.406,230.992,229.254,228.469,228.583,229.284,230.205,231.108,231.945,232.777,233.672,234.655,235.724,236.874,238.104,239.409,240.784,242.218,243.699,245.208,246.725,248.224,249.68,251.064,252.353,253.531,254.595,255.567,256.507,257.529,258.831,260.733
75720.0,94.803,111.921,127.914,142.842,156.744,169.644,181.554,192.476,202.394,211.278,219.08,225.737,231.172,235.301,238.055,239.397,239.366,238.121,235.977,233.414,231.005,229.267,228.478,228.587,229.285,230.204,231.107,231.944,232.777,233.672,234.655,235.724,236.874,238.104,239.409,240.784,242.218,243.699,245.208,246.725,248.224,249.68,251.064,252.353,253.531,254.595,255.567,256.507,257.529,258.831,260.733
75780.0,94.759,111.848,127.816,142.723,156.608,169.495,181.397,192.314,202.231,211.119,218.928,225.596,231.045,235.192,237.966,239.331,239.323,238.099,235.973,233.422,231.019,229.28,228.487,228.591,229.286,230.204,231.107,231.944,232.777,233.672,234.655,235.724,236.874,238.104,239.409,240.784,242.218,243.699,245.208,246.725,248.224,249.68,251.064,252.353,253.531,254.595,255.567,256.507,257.529,258.831,260.733
75840.0,94.716,111.776,127.719,142.605,156.473,169.348,181.241,192.153,202.07,210.96,218.777,225.455,230.918,235.083,237.877,239.265,239.28,238.078,235.97,233.431,231.032,229.292,228.495,228.595,229.286,230.203,231.106,231.944,232.777,233.672,234.655,235.724,236.874,238.104,239.409,240.784,242.218,243.699,245.208,246.725,248.224,249.68,251.064,252.353,253.531,254.595,255.567,256.507,257.529,258.831,260.733
75900.0,94.673,111.705,127.623,142.488,156.339,169.201,181.086,191.993,201.909,210.802,218.625,225.314,230.791,234.974,237.789,239.198,239.237,238.056,235.966,233.439,231.046,229.305,228.504,228.599,229.287,230.203,231.106,231.943,232.777,233.672,234.655,235.724,236.874,238.103,239.409,240.784,242.218,243.699,245.208,246.725,248.224,249.68,251.064,252.353,253.531,254.595,255.567,256.507,257.529,258.831,260.733
75960.0,94.631,111.633,127.527,142.371,156.206,169.055,180.931,191.834,201.749,210.645,218.475,225.174,230.665,234.865,237.7,239.132,239.193,238.034,235.961,233.447,231.059,229.318,228.512,228.603,229.288,230.202,231.105,231.943,232.777,233.672,234.655,235.723,236.874,238.103,239.409,240.784,242.218,243.699,245.208,246.724,248.224,249.68,251.064,252.353,253.531,254.595,255.567,256.507,257.529,258.831,260.733
76020.0,94.588,111.563,127.431,142.255,156.073,168.909,180.777,191.675,201.589,210.488,218.325,225.034,230.539,234.756,237.611,239.065,239.15,238.012,235.957,233.454,231.072,229.33,228.521,228.607,229.289,230.201,231.104,231.943,232.777,233.672,234.655,235.723,236.874,238.103,239.409,240.784,242.218,243.699,245.208,246.724,248.224,249.68,251.064,252.353,253.531,254.595,255.567,256.507,257.529,258.831,260.733
76080.0,94.546,111.492,127.336,142.139,155.941,168.765,180.624,191.517,201.43,210.332,218.175,224.895,230.414,234.648,237.523,238.999,239.106,237.99,235.953,233.462,231.085,229.343,228.529,228.611,229.29,230.201,231.104,231.943,232.777,233.672,234.655,235.723,236.874,238.103,239.409,240.784,242.218,243.699,245.208,246.724,248.224,249.68,251.064,252.353,253.531,254.595,255.567,256.507,257.529,258.831,260.733
76140.0,94.504,111.422,127.241,142.024,155.809,168.621,180.471,191.36,201.272,210.177,218.026,224.756,230.288,234.54,237.435,238.933,239.062,237.967,235.948,233.469,231.098,229.355,228.538,228.615,229.29,230.2,231.103,231.942,232.777,233.672,234.655,235.723,236.874,238.103,239.409,240.784,242.218,243.698,245.208,246.724,248.224,249.68,251.064,252.353,253.531,254.595,255.567,256.507,257.529,258.831,260.733
76200.0,94.462,111.352,127.147,141.91,155.678,168.477,180.319,191.203,201.114,210.022,217.878,224.618,230.164,234.431,237.346,238.866,239.018,237.944,235.943,233.477,231.111,229.367,228.546,228.619,229.291,230.2,231.103,231.942,232.776,233.672,234.655,235.723,236.874,238.103,239.409,240.784,242.218,243.698,245.208,246.724,248.224,249.68,251.064,252.353,253.531,254.595,255.567,256.507,257.529,258.831,260.733
76260.0,94.42,111.282,127.054,141.796,155.548,168.335,180.168,191.047,200.957,209.868,217.73,224.48,230.039,234.324,237.258,238.8,238.974,237.922,235.938,233.484,231.123,229.38,228.555,228.623,229.292,230.2,231.102,231.942,232.776,233.672,234.655,235.723,236.874,238.103,239.409,240.784,242.218,243.698,245.208,246.724,248.224,249.68,251.064,252.353,253.531,254.595,255.567,256.507,257.529,258.831,260.733
76320.0,94.379,111.213,126.96,141.682,155.418,168.192,180.017,190.892,200.801,209.714,217.582,224.342,229.915,234.216,237.17,238.733,238.93,237.899,235.933,233.491,231.136,229.392,228.563,228.627,229.293,230.199,231.102,231.942,232.776,233.672,234.655,235.723,236.873,238.103,239.409,240.784,242.218,243.698,245.208,246.724,248.224,249.68,251.064,252.353,253.531,254.595,255.567,256.507,257.529,258.831,260.733
76380.0,94.337,111.144,126.868,141.569,155.289,168.051,179.867,190.737,200.645,209.561,217.435,224.205,229.79,234.108,237.082,238.666,238.885,237.875,235.927,233.498,231.149,229.405,228.572,228.631,229.294,230.199,231.101,231.941,232.776,233.672,234.655,235.723,236.873,238.103,239.409,240.783,242.218,243.698,245.208,246.724,248.224,249.679,251.064,252.353,253.531,254.595,255.567,256.507,257.529,258.831,260.733
76440.0,94.296,111.076,126.775,141.457,155.161,167.91,179.718,190.583,200.49,209.408,217.289,224.068,229.667,234.001,236.994,238.6,238.841,237.852,235.922,233.504,231.161,229.417,228.58,228.635,229.295,230.198,231.1,231.941,232.776,233.672,234.655,235.723,236.873,238.103,239.409,240.783,242.218,243.698,245.208,246.724,248.224,249.679,251.064,252.353,253.531,254.595,255.567,256.507,257.529,258.831,260.733
76500.0,94.255,111.008,126.684,141.345,155.033,167.77,179.57,190.43,200.336,209.256,217.143,223.931,229.543,233.894,236.906,238.533,238.797,237.829,235.916,233.511,231.173,229.429,228.589,228.639,229.295,230.198,231.1,231.941,232.776,233.672,234.655,235.723,236.873,238.103,239.409,240.783,242.218,243.698,245.207,246.724,248.224,249.679,251.064,252.353,253.531,254.595,255.567,256.507,257.529,258.831,260.733
76560.0,94.214,110.94,126.592,141.234,154.906,167.631,179.422,190.277,200.182,209.105,216.997,223.795,229.42,233.787,236.818,238.467,238.752,237.805,235.91,233.517,231.186,229.441,228.597,228.643,229.296,230.197,231.099,231.94,232.776,233.672,234.655,235.723,236.873,238.103,239.409,240.783,242.218,243.698,245.207,246.724,248.224,249.679,251.064,252.353,253.531,254.595,255.567,256.507,257.529,258.831,260.733
76620.0,94.174,110.872,126.501,141.124,154.779,167.492,179.274,190.125,200.029,208.954,216.852,223.66,229.297,233.68,236.73,238.4,238.707,237.781,235.904,233.524,231.198,229.453,228.606,228.647,229.297,230.197,231.099,231.94,232.776,233.672,234.654,235.723,236.873,238.103,239.408,240.783,242.218,243.698,245.207,246.724,248.224,249.679,251.064,252.353,253.531,254.595,255.567,256.507,257.529,258.831,260.733
76680.0,94.133,110.805,126.411,141.013,154.653,167.354,179.128,189.974,199.876,208.803,216.708,223.524,229.175,233.574,236.643,238.333,238.662,237.757,235.898,233.53,231.21,229.466,228.614,228.651,229.298,230.196,231.098,231.94,232.776,233.672,234.654,235.723,236.873,238.103,239.408,240.783,242.218,243.698,245.207,246.724,248.224,249.679,251.064,252.353,253.531,254.595,255.567,256.507,257.529,258.831,260.733
76740.0,94.093,110.738,126.321,140.904,154.528,167.216,178.982,189.823,199.724,208.653,216.563,223.389,229.053,233.467,236.555,238.266,238.617,237.733,235.891,233.536,231.222,229.478,228.623,228.655,229.299,230.196,231.098,231.94,232.776,233.672,234.654,235.723,236.873,238.103,239.408,240.783,242.218,243.698,245.207,246.724,248.224,249.679,251.064,252.353,253.531,254.595,255.567,256.507,257.529,258.831,260.733
76800.0,94.053,110.672,126.231,140.795,154.403,167.079,178.837,189.673,199.572,208.504,216.42,223.255,228.931,233.361,236.468,238.2,238.572,237.709,235.885,233.542,231.234,229.49,228.631,228.659,229.3,230.195,231.097,231.939,232.776,233.672,234.654,235.723,236.873,238.103,239.408,240.783,242.218,243.698,245.207,246.724,248.224,249.679,251.064,252.353,253.531,254.595,255.567,256.507,257.529,258.831,260.733
76860.0,94.013,110.606,126.142,140.686,154.279,166.943,178.692,189.523,199.421,208.355,216.277,223.121,228.809,233.255,236.38,238.133,238.527,237.684,235.878,233.548,231.246,229.502,228.64,228.663,229.301,230.195,231.096,231.939,232.776,233.672,234.654,235.723,236.873,238.103,239.408,240.783,242.218,243.698,245.207,246.724,248.224,249.679,251.064,252.353,253.531,254.595,255.567,256.507,257.529,258.831,260.733
76920.0,93.973,110.54,126.053,140.578,154.155,166.808,178.548,189.374,199.271,208.207,216.134,222.987,228.688,233.15,236.293,238.066,238.482,237.66,235.871,233.553,231.257,229.514,228.648,228.667,229.302,230.195,231.096,231.939,232.775,233.672,234.654,235.723,236.873,238.103,239.408,240.783,242.218,243.698,245.207,246.724,248.224,249.679,251.064,252.353,253.531,254.595,255.567,256.507,257.529,258.831,260.733
76980.0,93.934,110.474,125.965,140.471,154.032,166.673,178.404,189.226,199.121,208.059,215.992,222.854,228.567,233.044,236.206,237.999,238.436,237.635,235.864,233.559,231.269,229.526,228.657,228.672,229.303,230.194,231.095,231.938,232.775,233.672,234.654,235.723,236.873,238.103,239.408,240.783,242.217,243.698,245.207,246.724,248.224,249.679,251.064,252.353,253.531,254.595,255.567,256.507,257.529,258.831,260.733
77040.0,93.894,110.409,125.877,140.364,153.909,166.538,178.262,189.078,198.972,207.912,215.85,222.721,228.446,232.939,236.118,237.933,238.391,237.61,235.857,233.564,231.281,229.537,228.665,228.676,229.304,230.194,231.095,231.938,232.775,233.672,234.654,235.723,236.873,238.103,239.408,240.783,242.217,243.698,245.207,246.724,248.224,249.679,251.064,252.353,253.531,254.595,255.567,256.507,257.529,258.831,260.733
77100.0,93.855,110.344,125.79,140.258,153.787,166.404,178.119,188.931,198.824,207.766,215.709,222.588,228.325,232.833,236.031,237.866,238.345,237.585,235.849,233.569,231.292,229.549,228.674,228.68,229.305,230.193,231.094,231.938,232.775,233.672,234.654,235.723,236.873,238.103,239.408,240.783,242.217,243.698,245.207,246.724,248.224,249.679,251.064,252.353,253.531,254.595,255.567,256.507,257.529,258.831,260.733
77160.0,93.816,110.279,125.703,140.152,153.666,166.271,177.978,188.785,198.676,207.62,215.568,222.456,228.205,232.728,235.944,237.799,238.3,237.56,235.842,233.574,231.303,229.561,228.682,228.684,229.306,230.193,231.094,231.938,232.775,233.672,234.654,235.723,236.873,238.103,239.408,240.783,242.217,243.698,245.207,246.724,248.224,249.679,251.064,252.353,253.531,254.595,255.567,256.507,257.529,258.831,260.733
77220.0,93.777,110.215,125.616,140.046,153.545,166.138,177.837,188.639,198.528,207.474,215.428,222.324,228.085,232.624,235.857,237.732,238.254,237.535,235.834,233.579,231.315,229.573,228.691,228.688,229.307,230.193,231.093,231.937,232.775,233.672,234.654,235.723,236.873,238.102,239.408,240.783,242.217,243.698,245.207,246.724,248.224,249.679,251.064,252.353,253.531,254.595,255.567,256.507,257.529,258.831,260.733
77280.0,93.738,110.151,125.53,139.941,153.425,166.006,177.696,188.493,198.381,207.329,215.288,222.193,227.966,232.519,235.771,237.665,238.208,237.509,235.826,233.584,231.326,229.585,228.699,228.692,229.308,230.192,231.093,231.937,232.775,233.671,234.654,235.722,236.873,238.102,239.408,240.783,242.217,243.698,245.207,246.724,248.223,249.679,251.064,252.353,253.531,254.595,255.567,256.507,257.529,258.831,260.733
77340.0,93.7,110.087,125.444,139.837,153.305,165.875,177.557,188.349,198.235,207.184,215.148,222.062,227.846,232.415,235.684,237.598,238.162,237.484,235.818,233.588,231.337,229.596,228.708,228.697,229.309,230.192,231.092,231.937,232.775,233.671,234.654,235.722,236.873,238.102,239.408,240.783,242.217,243.698,245.207,246.724,248.223,249.679,251.064,252.353,253.531,254.595,255.567,256.507,257.529,258.831,260.733
77400.0,93.661,110.023,125.359,139.733,153.186,165.744,177.417,188.205,198.089,207.04,215.009,221.931,227.727,232.31,235.597,237.532,238.116,237.458,235.81,233.593,231.348,229.608,228.716,228.701,229.31,230.191,231.091,231.936,232.775,233.671,234.654,235.722,236.873,238.102,239.408,240.783,242.217,243.698,245.207,246.724,248.223,249.679,251.064,252.353,253.531,254.595,255.567,256.507,257.529,258.831,260.733
77460.0,93.623,109.96,125.274,139.629,153.068,165.614,177.279,188.061,197.944,206.897,214.871,221.801,227.609,232.206,235.511,237.465,238.07,237.432,235.802,233.597,231.359,229.62,228.724,228.705,229.311,230.191,231.091,231.936,232.775,233.671,234.654,235.722,236.873,238.102,239.408,240.783,242.217,243.698,245.207,246.724,248.223,249.679,251.064,252.353,253.531,254.595,255.567,256.507,257.529,258.831,260.733
77520.0,93.585,109.897,125.189,139.526,152.949,165.484,177.141,187.918,197.8,206.754,214.733,221.671,227.49,232.102,235.424,237.398,238.024,237.406,235.793,233.601,231.37,229.631,228.733,228.709,229.312,230.191,231.09,231.936,232.775,233.671,234.654,235.722,236.873,238.102,239.408,240.783,242.217,243.698,245.207,246.724,248.223,249.679,251.064,252.353,253.531,254.595,255.567,256.507,257.529,258.831,260.733
77580.0,93.547,109.835,125.105,139.424,152.832,165.355,177.003,187.776,197.656,206.611,214.595,221.542,227.372,231.999,235.338,237.331,237.978,237.38,235.784,233.605,231.38,229.643,228.741,228.714,229.313,230.19,231.09,231.936,232.774,233.671,234.654,235.722,236.872,238.102,239.408,240.783,242.217,243.698,245.207,246.724,248.223,249.679,251.064,252.353,253.531,254.595,255.567,256.507,257.529,258.831,260.733
77640.0,93.509,109.772,125.021,139.321,152.715,165.226,176.866,187.634,197.512,206.469,214.458,221.413,227.254,231.895,235.252,237.264,237.932,237.354,235.776,233.609,231.391,229.654,228.75,228.718,229.314,230.19,231.089,231.935,232.774,233.671,234.654,235.722,236.872,238.102,239.408,240.783,242.217,243.698,245.207,246.724,248.223,249.679,251.064,252.353,253.531,254.595,255.567,256.507,257.529,258.831,260.733
77700.0,93.472,109.71,124.938,139.22,152.598,165.098,176.73,187.493,197.369,206.328,214.321,221.284,227.137,231.792,235.165,237.197,237.885,237.327,235.767,233.613,231.401,229.665,228.758,228.722,229.315,230.19,231.089,231.935,232.774,233.671,234.654,235.722,236.872,238.102,239.408,240.783,242.217,243.698,245.207,246.724,248.223,249.679,251.064,252.353,253.531,254.595,255.567,256.507,257.529,258.831,260.733
77760.0,93.434,109.649,124.855,139.119,152.482,164.971,176.594,187.352,197.227,206.187,214.185,221.155,227.019,231.689,235.079,237.13,237.839,237.301,235.758,233.617,231.412,229.677,228.767,228.726,229.317,230.189,231.088,231.935,232.774,233.671,234.654,235.722,236.872,238.102,239.408,240.783,242.217,243.698,245.207,246.724,248.223,249.679,251.064,252.353,253.531,254.595,255.567,256.507,257.529,258.831,260.733
77820.0,93.397,109.587,124.772,139.018,152.367,164.844,176.459,187.212,197.085,206.046,214.049,221.027,226.902,231.586,234.993,237.064,237.792,237.274,235.748,233.62,231.422,229.688,228.775,228.731,229.318,230.189,231.088,231.934,232.774,233.671,234.654,235.722,236.872,238.102,239.408,240.783,242.217,243.698,245.207,246.724,248.223,249.679,251.064,252.353,253.531,254.595,255.567,256.507,257.529,258.831,260.733
77880.0,93.36,109.526,124.69,138.918,152.252,164.717,176.325,187.072,196.943,205.906,213.914,220.9,226.786,231.483,234.908,236.997,237.745,237.247,235.739,233.624,231.432,229.699,228.783,228.735,229.319,230.189,231.087,231.934,232.774,233.671,234.654,235.722,236.872,238.102,239.408,240.782,242.217,243.697,245.207,246.724,248.223,249.679,251.064,252.353,253.531,254.595,255.567,256.507,257.529,258.831,260.733
77940.0,93.323,109.465,124.608,138.818,152.138,164.591,176.191,186.933,196.802,205.767,213.778,220.772,226.669,231.381,234.822,236.93,237.699,237.22,235.729,233.627,231.442,229.711,228.792,228.739,229.32,230.188,231.087,231.934,232.774,233.671,234.654,235.722,236.872,238.102,239.408,240.782,242.217,243.697,245.207,246.724,248.223,249.679,251.063,252.353,253.531,254.595,255.567,256.507,257.529,258.831,260.733
78000.0,93.286,109.404,124.526,138.719,152.024,164.466,176.057,186.794,196.662,205.628,213.644,220.645,226.553,231.279,234.736,236.863,237.652,237.193,235.719,233.63,231.453,229.722,228.8,228.744,229.321,230.188,231.086,231.934,232.774,233.671,234.654,235.722,236.872,238.102,239.407,240.782,242.217,243.697,245.207,246.723,248.223,249.679,251.063,252.353,253.53,254.595,255.567,256.507,257.529,258.831,260.733
78060.0,93.249,109.344,124.445,138.62,151.91,164.341,175.924,186.656,196.522,205.489,213.51,220.519,226.437,231.176,234.65,236.796,237.605,237.166,235.71,233.633,231.463,229.733,228.809,228.748,229.322,230.188,231.086,231.933,232.774,233.671,234.653,235.722,236.872,238.102,239.407,240.782,242.217,243.697,245.207,246.723,248.223,249.679,251.063,252.353,253.53,254.595,255.567,256.507,257.529,258.831,260.733
78120.0,93.213,109.284,124.364,138.521,151.797,164.217,175.792,186.519,196.383,205.351,213.376,220.393,226.322,231.074,234.565,236.729,237.558,237.139,235.7,233.636,231.472,229.744,228.817,228.752,229.324,230.187,231.085,231.933,232.774,233.671,234.653,235.722,236.872,238.102,239.407,240.782,242.217,243.697,245.207,246.723,248.223,249.679,251.063,252.353,253.53,254.595,255.567,256.507,257.529,258.831,260.733
78180.0,93.176,109.224,124.284,138.423,151.685,164.093,175.66,186.382,196.244,205.213,213.243,220.267,226.206,230.973,234.48,236.663,237.511,237.111,235.689,233.639,231.482,229.755,228.825,228.757,229.325,230.187,231.085,231.933,232.774,233.671,234.653,235.722,236.872,238.102,239.407,240.782,242.217,243.697,245.207,246.723,248.223,249.679,251.063,252.353,253.53,254.595,255.567,256.507,257.529,258.831,260.733
78240.0,93.14,109.164,124.204,138.326,151.573,163.97,175.528,186.246,196.106,205.076,213.11,220.141,226.091,230.871,234.394,236.596,237.464,237.084,235.679,233.641,231.492,229.766,228.834,228.761,229.326,230.187,231.084,231.932,232.773,233.671,234.653,235.722,236.872,238.102,239.407,240.782,242.217,243.697,245.207,246.723,248.223,249.679,251.063,252.353,253.53,254.595,255.567,256.507,257.529,258.831,260.733
78300.0,93.104,109.105,124.124,138.228,151.461,163.847,175.398,186.11,195.968,204.94,212.977,220.016,225.976,230.77,234.309,236.529,237.417,237.056,235.669,233.644,231.501,229.777,228.842,228.765,229.327,230.187,231.084,231.932,232.773,233.671,234.653,235.722,236.872,238.102,239.407,240.782,242.217,243.697,245.207,246.723,248.223,249.679,251.063,252.353,253.53,254.595,255.567,256.507,257.529,258.831,260.733
78360.0,93.068,109.046,124.044,138.132,151.35,163.725,175.267,185.975,195.83,204.803,212.845,219.891,225.862,230.669,234.224,236.462,237.37,237.028,235.658,233.646,231.511,229.788,228.85,228.77,229.328,230.186,231.083,231.932,232.773,233.671,234.653,235.722,236.872,238.102,239.407,240.782,242.217,243.697,245.206,246.723,248.223,249.679,251.063,252.353,253.53,254.595,255.567,256.507,257.529,258.831,260.733
78420.0,93.032,108.987,123.965,138.035,151.24,163.603,175.137,185.84,195.694,204.668,212.714,219.767,225.748,230.568,234.139,236.395,237.322,237.0,235.647,233.648,231.52,229.799,228.859,228.774,229.33,230.186,231.082,231.932,232.773,233.671,234.653,235.722,236.872,238.102,239.407,240.782,242.217,243.697,245.206,246.723,248.223,249.679,251.063,252.353,253.53,254.595,255.567,256.507,257.529,258.831,260.733
78480.0,92.996,108.928,123.887,137.94,151.13,163.482,175.008,185.705,195.557,204.532,212.582,219.643,225.634,230.467,234.054,236.329,237.275,236.972,235.636,233.65,231.53,229.81,228.867,228.778,229.331,230.186,231.082,231.931,232.773,233.671,234.653,235.722,236.872,238.102,239.407,240.782,242.217,243.697,245.206,246.723,248.223,249.679,251.063,252.353,253.53,254.595,255.567,256.507,257.529,258.831,260.733
78540.0,92.961,108.87,123.808,137.844,151.02,163.361,174.879,185.572,195.422,204.398,212.451,219.519,225.52,230.366,233.969,236.262,237.228,236.944,235.625,233.652,231.539,229.821,228.875,228.783,229.332,230.186,231.081,231.931,232.773,233.671,234.653,235.721,236.872,238.102,239.407,240.782,242.217,243.697,245.206,246.723,248.223,249.679,251.063,252.353,253.53,254.595,255.567,256.507,257.529,258.831,260.733
78600.0,92.926,108.812,123.73,137.749,150.911,163.241,174.751,185.438,195.286,204.263,212.321,219.395,225.407,230.266,233.885,236.195,237.18,236.916,235.614,233.654,231.548,229.832,228.884,228.787,229.333,230.185,231.081,231.931,232.773,233.671,234.653,235.721,236.872,238.101,239.407,240.782,242.216,243.697,245.206,246.723,248.223,249.679,251.063,252.353,253.53,254.595,255.567,256.507,257.529,258.831,260.733
78660.0,92.89,108.754,123.653,137.654,150.802,163.122,174.623,185.306,195.151,204.129,212.191,219.272,225.293,230.166,233.8,236.128,237.133,236.887,235.603,233.656,231.557,229.842,228.892,228.792,229.335,230.185,231.08,231.93,232.773,233.671,234.653,235.721,236.872,238.101,239.407,240.782,242.216,243.697,245.206,246.723,248.223,249.679,251.063,252.353,253.53,254.595,255.567,256.507,257.529,258.831,260.733
78720.0,92.855,108.696,123.575,137.56,150.694,163.002,174.496,185.173,195.017,203.996,212.061,219.149,225.181,230.065,233.716,236.062,237.085,236.859,235.591,233.657,231.566,229.853,228.9,228.796,229.336,230.185,231.08,231.93,232.773,233.671,234.653,235.721,236.872,238.101,239.407,240.782,242.216,243.697,245.206,246.723,248.223,249.679,251.063,252.353,253.53,254.595,255.567,256.507,257.529,258.831,260.733
78780.0,92.82,108.639,123.498,137.466,150.586,162.884,174.37,185.042,194.883,203.863,211.932,219.027,225.068,229.966,233.631,235.995,237.038,236.83,235.58,233.658,231.575,229.863,228.909,228.801,229.337,230.185,231.079,231.93,232.773,233.671,234.653,235.721,236.872,238.101,239.407,240.782,242.216,243.697,245.206,246.723,248.223,249.679,251.063,252.353,253.53,254.595,255.567,256.507,257.529,258.831,260.733
78840.0,92.785,108.582,123.422,137.373,150.479,162.765,174.243,184.91,194.75,203.73,211.803,218.905,224.956,229.866,233.547,235.928,236.99,236.801,235.568,233.66,231.584,229.874,228.917,228.805,229.339,230.184,231.079,231.93,232.772,233.67,234.653,235.721,236.872,238.101,239.407,240.782,242.216,243.697,245.206,246.723,248.223,249.679,251.063,252.353,253.53,254.595,255.567,256.507,257.529,258.831,260.733
78900.0,92.751,108.525,123.345,137.28,150.372,162.648,174.118,184.779,194.617,203.598,211.675,218.783,224.844,229.766,233.463,235.862,236.942,236.772,235.556,233.661,231.592,229.885,228.925,228.809,229.34,230.184,231.078,231.929,232.772,233.67,234.653,235.721,236.871,238.101,239.407,240.782,242.216,243.697,245.206,246.723,248.223,249.679,251.063,252.353,253.53,254.595,255.567,256.507,257.529,258.831,260.733
78960.0,92.716,108.468,123.269,137.187,150.266,162.53,173.992,184.649,194.484,203.466,211.547,218.662,224.732,229.667,233.379,235.795,236.894,236.744,235.544,233.662,231.601,229.895,228.933,228.814,229.341,230.184,231.078,231.929,232.772,233.67,234.653,235.721,236.871,238.101,239.407,240.782,242.216,243.697,245.206,246.723,248.223,249.679,251.063,252.353,253.53,254.594,255.567,256.507,257.529,258.831,260.733
79020.0,92.682,108.412,123.194,137.095,150.16,162.414,173.868,184.519,194.352,203.335,211.419,218.541,224.62,229.568,233.295,235.729,236.847,236.714,235.532,233.663,231.609,229.905,228.942,228.818,229.343,230.184,231.077,231.929,232.772,233.67,234.653,235.721,236.871,238.101,239.407,240.782,242.216,243.697,245.206,246.723,248.223,249.678,251.063,252.353,253.53,254.594,255.567,256.507,257.529,258.831,260.733
79080.0,92.647,108.356,123.118,137.003,150.054,162.297,173.743,184.39,194.221,203.204,211.292,218.42,224.509,229.469,233.211,235.662,236.799,236.685,235.52,233.664,231.618,229.916,228.95,228.823,229.344,230.184,231.077,231.928,232.772,233.67,234.653,235.721,236.871,238.101,239.407,240.782,242.216,243.697,245.206,246.723,248.223,249.678,251.063,252.353,253.53,254.594,255.567,256.507,257.529,258.831,260.733
79140.0,92.613,108.3,123.043,136.912,149.949,162.181,173.62,184.261,194.09,203.074,211.165,218.299,224.398,229.37,233.127,235.595,236.751,236.656,235.507,233.664,231.626,229.926,228.958,228.827,229.345,230.183,231.076,231.928,232.772,233.67,234.653,235.721,236.871,238.101,239.407,240.782,242.216,243.697,245.206,246.723,248.223,249.678,251.063,252.353,253.53,254.594,255.567,256.507,257.529,258.831,260.733
79200.0,92.579,108.244,122.968,136.82,149.844,162.066,173.496,184.133,193.959,202.944,211.038,218.179,224.287,229.272,233.043,235.529,236.703,236.627,235.495,233.665,231.634,229.936,228.966,228.832,229.347,230.183,231.076,231.928,232.772,233.67,234.653,235.721,236.871,238.101,239.407,240.782,242.216,243.697,245.206,246.723,248.223,249.678,251.063,252.352,253.53,254.594,255.567,256.507,257.529,258.831,260.733
79260.0,92.545,108.189,122.894,136.73,149.74,161.951,173.373,184.005,193.829,202.814,210.912,218.06,224.177,229.173,232.96,235.462,236.655,236.597,235.482,233.665,231.642,229.947,228.974,228.836,229.348,230.183,231.075,231.927,232.772,233.67,234.653,235.721,236.871,238.101,239.407,240.782,242.216,243.697,245.206,246.723,248.223,249.678,251.063,252.352,253.53,254.594,255.567,256.507,257.529,258.831,260.733
79320.0,92.511,108.134,122.82,136.639,149.636,161.837,173.251,183.878,193.699,202.685,210.787,217.94,224.066,229.075,232.876,235.396,236.607,236.568,235.47,233.666,231.65,229.957,228.983,228.841,229.349,230.183,231.075,231.927,232.772,233.67,234.653,235.721,236.871,238.101,239.407,240.782,242.216,243.697,245.206,246.723,248.223,249.678,251.063,252.352,253.53,254.594,255.567,256.507,257.529,258.831,260.733
79380.0,92.477,108.079,122.746,136.549,149.533,161.723,173.129,183.751,193.57,202.556,210.661,217.821,223.956,228.977,232.793,235.329,236.559,236.538,235.457,233.666,231.658,229.967,228.991,228.845,229.351,230.183,231.074,231.927,232.772,233.67,234.653,235.721,236.871,238.101,239.406,240.781,242.216,243.697,245.206,246.723,248.223,249.678,251.063,252.352,253.53,254.594,255.567,256.507,257.529,258.831,260.733
79440.0,92.444,108.024,122.672,136.46,149.43,161.609,173.008,183.624,193.441,202.428,210.536,217.702,223.847,228.879,232.71,235.263,236.51,236.508,235.444,233.666,231.666,229.977,228.999,228.85,229.352,230.182,231.074,231.927,232.771,233.67,234.653,235.721,236.871,238.101,239.406,240.781,242.216,243.697,245.206,246.723,248.223,249.678,251.063,252.352,253.53,254.594,255.567,256.507,257.529,258.831,260.733
79500.0,92.411,107.969,122.599,136.371,149.328,161.496,172.887,183.498,193.313,202.3,210.412,217.584,223.737,228.782,232.627,235.197,236.462,236.478,235.43,233.666,231.674,229.987,229.007,228.854,229.354,230.182,231.073,231.926,232.771,233.67,234.652,235.721,236.871,238.101,239.406,240.781,242.216,243.697,245.206,246.723,248.223,249.678,251.063,252.352,253.53,254.594,255.567,256.507,257.529,258.831,260.733
79560.0,92.377,107.915,122.526,136.282,149.225,161.383,172.766,183.372,193.185,202.173,210.287,217.466,223.628,228.684,232.544,235.13,236.414,236.448,235.417,233.665,231.682,229.997,229.015,228.859,229.355,230.182,231.073,231.926,232.771,233.67,234.652,235.721,236.871,238.101,239.406,240.781,242.216,243.696,245.206,246.723,248.222,249.678,251.063,252.352,253.53,254.594,255.567,256.507,257.529,258.831,260.733
79620.0,92.344,107.861,122.454,136.193,149.124,161.271,172.646,183.247,193.058,202.046,210.164,217.348,223.519,228.587,232.461,235.064,236.366,236.418,235.404,233.665,231.689,230.007,229.023,228.863,229.357,230.182,231.073,231.926,232.771,233.67,234.652,235.721,236.871,238.101,239.406,240.781,242.216,243.696,245.206,246.723,248.222,249.678,251.063,252.352,253.53,254.594,255.567,256.507,257.529,258.831,260.733
79680.0,92.311,107.807,122.382,136.105,149.022,161.159,172.527,183.123,192.931,201.919,210.04,217.23,223.41,228.49,232.378,234.998,236.317,236.388,235.39,233.665,231.697,230.017,229.031,228.868,229.358,230.182,231.072,231.925,232.771,233.67,234.652,235.721,236.871,238.101,239.406,240.781,242.216,243.696,245.206,246.723,248.222,249.678,251.063,252.352,253.53,254.594,255.567,256.507,257.529,258.831,260.733
79740.0,92.278,107.753,122.31,136.018,148.922,161.048,172.408,182.998,192.804,201.793,209.917,217.113,223.302,228.393,232.295,234.931,236.269,236.358,235.377,233.664,231.704,230.027,229.04,228.873,229.359,230.182,231.072,231.925,232.771,233.67,234.652,235.721,236.871,238.101,239.406,240.781,242.216,243.696,245.206,246.723,248.222,249.678,251.063,252.352,253.53,254.594,255.567,256.507,257.529,258.831,260.733
79800.0,92.245,107.7,122.238,135.93,148.821,160.937,172.289,182.875,192.678,201.667,209.794,216.996,223.194,228.296,232.212,234.865,236.22,236.327,235.363,233.663,231.711,230.037,229.048,228.877,229.361,230.182,231.071,231.925,232.771,233.67,234.652,235.72,236.871,238.101,239.406,240.781,242.216,243.696,245.206,246.723,248.222,249.678,251.063,252.352,253.53,254.594,255.567,256.507,257.529,258.831,260.733
79860.0,92.213,107.646,122.166,135.843,148.721,160.826,172.171,182.751,192.552,201.541,209.672,216.88,223.086,228.2,232.13,234.799,236.172,236.297,235.349,233.663,231.719,230.046,229.056,228.882,229.362,230.181,231.071,231.925,232.771,233.67,234.652,235.72,236.871,238.101,239.406,240.781,242.216,243.696,245.206,246.723,248.222,249.678,251.063,252.352,253.53,254.594,255.567,256.507,257.529,258.831,260.733
79920.0,92.18,107.593,122.095,135.756,148.621,160.716,172.053,182.628,192.427,201.416,209.55,216.763,222.978,228.104,232.048,234.733,236.123,236.266,235.335,233.662,231.726,230.056,229.064,228.886,229.364,230.181,231.07,231.924,232.771,233.67,234.652,235.72,236.871,238.1,239.406,240.781,242.216,243.696,245.206,246.723,248.222,249.678,251.063,252.352,253.53,254.594,255.567,256.507,257.529,258.831,260.733
79980.0,92.147,107.541,122.025,135.67,148.522,160.607,171.935,182.506,192.302,201.292,209.428,216.647,222.871,228.007,231.965,234.666,236.075,236.236,235.321,233.661,231.733,230.066,229.072,228.891,229.365,230.181,231.07,231.924,232.771,233.67,234.652,235.72,236.871,238.1,239.406,240.781,242.216,243.696,245.206,246.723,248.222,249.678,251.063,252.352,253.53,254.594,255.567,256.507,257.529,258.831,260.733
80040.0,92.115,107.488,121.954,135.584,148.423,160.497,171.819,182.384,192.177,201.167,209.307,216.532,222.763,227.911,231.883,234.6,236.026,236.205,235.306,233.659,231.74,230.075,229.08,228.895,229.367,230.181,231.069,231.924,232.77,233.67,234.652,235.72,236.871,238.1,239.406,240.781,242.216,243.696,245.206,246.722,248.222,249.678,251.063,252.352,253.53,254.594,255.567,256.507,257.529,258.831,260.733
80100.0,92.083,107.436,121.884,135.498,148.325,160.389,171.702,182.262,192.053,201.044,209.186,216.417,222.657,227.816,231.801,234.534,235.978,236.174,235.292,233.658,231.747,230.085,229.088,228.9,229.368,230.181,231.069,231.923,232.77,233.67,234.652,235.72,236.871,238.1,239.406,240.781,242.216,243.696,245.206,246.722,248.222,249.678,251.063,252.352,253.53,254.594,255.567,256.507,257.529,258.831,260.733
80160.0,92.051,107.383,121.814,135.413,148.226,160.28,171.586,182.141,191.93,200.92,209.065,216.302,222.55,227.72,231.719,234.468,235.929,236.143,235.278,233.657,231.753,230.094,229.096,228.905,229.37,230.181,231.068,231.923,232.77,233.67,234.652,235.72,236.87,238.1,239.406,240.781,242.215,243.696,245.206,246.722,248.222,249.678,251.063,252.352,253.53,254.594,255.567,256.507,257.529,258.831,260.733
80220.0,92.019,107.331,121.744,135.328,148.129,160.172,171.47,182.021,191.807,200.797,208.945,216.187,222.443,227.625,231.637,234.402,235.88,236.112,235.263,233.655,231.76,230.104,229.104,228.909,229.372,230.181,231.068,231.923,232.77,233.67,234.652,235.72,236.87,238.1,239.406,240.781,242.215,243.696,245.205,246.722,248.222,249.678,251.063,252.352,253.53,254.594,255.567,256.507,257.529,258.831,260.733
80280.0,91.987,107.28,121.675,135.243,148.031,160.065,171.355,181.9,191.684,200.674,208.825,216.072,222.337,227.529,231.555,234.336,235.832,236.081,235.248,233.654,231.767,230.113,229.112,228.914,229.373,230.181,231.067,231.923,232.77,233.67,234.652,235.72,236.87,238.1,239.406,240.781,242.215,243.696,245.205,246.722,248.222,249.678,251.063,252.352,253.53,254.594,255.567,256.507,257.529,258.831,260.733
80340.0,91.955,107.228,121.606,135.159,147.934,159.958,171.24,181.78,191.561,200.552,208.706,215.958,222.231,227.434,231.474,234.27,235.783,236.05,235.233,233.652,231.773,230.123,229.12,228.918,229.375,230.181,231.067,231.922,232.77,233.669,234.652,235.72,236.87,238.1,239.406,240.781,242.215,243.696,245.205,246.722,248.222,249.678,251.063,252.352,253.53,254.594,255.567,256.507,257.529,258.831,260.733
80400.0,91.923,107.177,121.537,135.075,147.838,159.851,171.126,181.661,191.439,200.43,208.586,215.844,222.126,227.339,231.392,234.204,235.734,236.019,235.218,233.65,231.78,230.132,229.128,228.923,229.376,230.181,231.066,231.922,232.77,233.669,234.652,235.72,236.87,238.1,239.406,240.781,242.215,243.696,245.205,246.722,248.222,249.678,251.063,252.352,253.53,254.594,255.567,256.507,257.529,258.831,260.733
80460.0,91.892,107.125,121.468,134.992,147.741,159.744,171.012,181.542,191.318,200.309,208.468,215.731,222.02,227.245,231.311,234.138,235.685,235.988,235.203,233.648,231.786,230.141,229.136,228.928,229.378,230.181,231.066,231.922,232.77,233.669,234.652,235.72,236.87,238.1,239.406,240.781,242.215,243.696,245.205,246.722,248.222,249.678,251.063,252.352,253.53,254.594,255.567,256.507,257.529,258.831,260.733
80520.0,91.861,107.074,121.4,134.908,147.646,159.638,170.898,181.423,191.197,200.188,208.349,215.618,221.915,227.15,231.23,234.072,235.636,235.956,235.188,233.646,231.792,230.15,229.143,228.932,229.379,230.18,231.066,231.921,232.77,233.669,234.652,235.72,236.87,238.1,239.406,240.781,242.215,243.696,245.205,246.722,248.222,249.678,251.063,252.352,253.53,254.594,255.567,256.507,257.529,258.831,260.733
80580.0,91.829,107.024,121.332,134.825,147.55,159.533,170.785,181.305,191.076,200.067,208.231,215.505,221.81,227.056,231.148,234.007,235.588,235.925,235.173,233.644,231.798,230.16,229.151,228.937,229.381,230.18,231.065,231.921,232.77,233.669,234.652,235.72,236.87,238.1,239.406,240.781,242.215,243.696,245.205,246.722,248.222,249.678,251.063,252.352,253.53,254.594,255.567,256.507,257.529,258.831,260.733
80640.0,91.798,106.973,121.264,134.743,147.455,159.428,170.673,181.187,190.956,199.947,208.113,215.392,221.705,226.961,231.067,233.941,235.539,235.893,235.157,233.642,231.804,230.169,229.159,228.941,229.383,230.18,231.065,231.921,232.769,233.669,234.652,235.72,236.87,238.1,239.406,240.781,242.215,243.696,245.205,246.722,248.222,249.678,251.063,252.352,253.53,254.594,255.567,256.507,257.529,258.832,260.733
80700.0,91.767,106.923,121.196,134.66,147.36,159.323,170.56,181.07,190.836,199.826,207.996,215.28,221.601,226.867,230.986,233.875,235.49,235.861,235.142,233.639,231.81,230.178,229.167,228.946,229.384,230.18,231.064,231.921,232.769,233.669,234.652,235.72,236.87,238.1,239.406,240.781,242.215,243.696,245.205,246.722,248.222,249.678,251.063,252.352,253.53,254.594,255.567,256.507,257.529,258.832,260.733
80760.0,91.736,106.872,121.129,134.578,147.266,159.219,170.448,180.953,190.716,199.707,207.878,215.168,221.496,226.774,230.905,233.809,235.441,235.83,235.126,233.637,231.816,230.187,229.175,228.951,229.386,230.18,231.064,231.92,232.769,233.669,234.652,235.72,236.87,238.1,239.406,240.781,242.215,243.696,245.205,246.722,248.222,249.678,251.063,252.352,253.53,254.594,255.567,256.507,257.529,258.832,260.733
80820.0,91.705,106.822,121.062,134.497,147.172,159.115,170.337,180.836,190.597,199.588,207.762,215.056,221.392,226.68,230.825,233.744,235.392,235.798,235.111,233.634,231.822,230.196,229.183,228.955,229.387,230.18,231.063,231.92,232.769,233.669,234.652,235.72,236.87,238.1,239.405,240.78,242.215,243.696,245.205,246.722,248.222,249.678,251.063,252.352,253.53,254.594,255.567,256.507,257.529,258.832,260.733
80880.0,91.674,106.773,120.995,134.415,147.078,159.011,170.226,180.72,190.478,199.469,207.645,214.945,221.289,226.587,230.744,233.678,235.343,235.766,235.095,233.631,231.828,230.205,229.19,228.96,229.389,230.18,231.063,231.92,232.769,233.669,234.651,235.72,236.87,238.1,239.405,240.78,242.215,243.696,245.205,246.722,248.222,249.678,251.063,252.352,253.53,254.594,255.567,256.507,257.529,258.832,260.733
80940.0,91.644,106.723,120.929,134.334,146.985,158.908,170.115,180.604,190.36,199.35,207.529,214.834,221.185,226.493,230.663,233.613,235.294,235.734,235.079,233.628,231.833,230.213,229.198,228.965,229.391,230.18,231.062,231.919,232.769,233.669,234.651,235.72,236.87,238.1,239.405,240.78,242.215,243.696,245.205,246.722,248.222,249.678,251.063,252.352,253.53,254.594,255.567,256.507,257.529,258.832,260.733
81000.0,91.613,106.673,120.863,134.253,146.892,158.805,170.005,180.489,190.242,199.232,207.413,214.723,221.082,226.4,230.583,233.547,235.245,235.702,235.063,233.625,231.839,230.222,229.206,228.969,229.392,230.18,231.062,231.919,232.769,233.669,234.651,235.72,236.87,238.1,239.405,240.78,242.215,243.696,245.205,246.722,248.222,249.678,251.063,252.352,253.53,254.594,255.567,256.507,257.529,258.832,260.733
81060.0,91.583,106.624,120.797,134.173,146.799,158.702,169.895,180.374,190.124,199.114,207.298,214.612,220.979,226.307,230.503,233.482,235.196,235.67,235.047,233.622,231.844,230.231,229.214,228.974,229.394,230.18,231.062,231.919,232.769,233.669,234.651,235.719,236.87,238.1,239.405,240.78,242.215,243.696,245.205,246.722,248.222,249.678,251.062,252.352,253.53,254.594,255.567,256.507,257.529,258.832,260.733
81120.0,91.552,106.575,120.731,134.093,146.707,158.6,169.785,180.259,190.007,198.997,207.183,214.502,220.876,226.214,230.422,233.416,235.147,235.638,235.03,233.619,231.849,230.24,229.222,228.979,229.396,230.18,231.061,231.918,232.769,233.669,234.651,235.719,236.87,238.1,239.405,240.78,242.215,243.696,245.205,246.722,248.222,249.678,251.062,252.352,253.53,254.594,255.567,256.507,257.529,258.832,260.733
81180.0,91.522,106.526,120.665,134.013,146.615,158.499,169.676,180.145,189.89,198.88,207.068,214.392,220.773,226.122,230.342,233.351,235.097,235.605,235.014,233.616,231.855,230.248,229.229,228.983,229.397,230.18,231.061,231.918,232.768,233.669,234.651,235.719,236.87,238.1,239.405,240.78,242.215,243.696,245.205,246.722,248.222,249.678,251.062,252.352,253.53,254.594,255.567,256.507,257.529,258.832,260.733
81240.0,91.492,106.477,120.6,133.933,146.523,158.397,169.567,180.031,189.773,198.763,206.953,214.282,220.671,226.029,230.262,233.285,235.048,235.573,234.998,233.612,231.86,230.257,229.237,228.988,229.399,230.18,231.06,231.918,232.768,233.669,234.651,235.719,236.87,238.099,239.405,240.78,242.215,243.695,245.205,246.722,248.222,249.678,251.062,252.352,253.53,254.594,255.567,256.507,257.529,258.832,260.733
81300.0,91.462,106.429,120.535,133.854,146.432,158.296,169.459,179.918,189.657,198.647,206.839,214.173,220.569,225.937,230.182,233.22,234.999,235.541,234.981,233.609,231.865,230.265,229.245,228.993,229.401,230.18,231.06,231.918,232.768,233.669,234.651,235.719,236.87,238.099,239.405,240.78,242.215,243.695,245.205,246.722,248.222,249.678,251.062,252.352,253.53,254.594,255.567,256.507,257.529,258.832,260.733
81360.0,91.432,106.38,120.471,133.775,146.341,158.196,169.351,179.805,189.542,198.53,206.725,214.063,220.467,225.845,230.103,233.155,234.95,235.508,234.964,233.605,231.87,230.274,229.252,228.997,229.403,230.18,231.059,231.917,232.768,233.669,234.651,235.719,236.87,238.099,239.405,240.78,242.215,243.695,245.205,246.722,248.222,249.678,251.062,252.352,253.53,254.594,255.567,256.507,257.529,258.832,260.733
81420.0,91.402,106.332,120.406,133.697,146.251,158.095,169.243,179.692,189.426,198.415,206.612,213.955,220.365,225.753,230.023,233.089,234.901,235.476,234.947,233.601,231.875,230.282,229.26,229.002,229.404,230.18,231.059,231.917,232.768,233.669,234.651,235.719,236.87,238.099,239.405,240.78,242.215,243.695,245.205,246.722,248.222,249.678,251.062,252.352,253.53,254.594,255.567,256.507,257.529,258.832,260.733
81480.0,91.372,106.284,120.342,133.618,146.16,157.996,169.136,179.58,189.311,198.299,206.499,213.846,220.264,225.661,229.943,233.024,234.852,235.443,234.931,233.598,231.88,230.291,229.268,229.007,229.406,230.18,231.059,231.917,232.768,233.669,234.651,235.719,236.869,238.099,239.405,240.78,242.215,243.695,245.205,246.722,248.222,249.678,251.062,252.352,253.53,254.594,255.567,256.507,257.529,258.832,260.733
81540.0,91.343,106.236,120.278,133.54,146.07,157.896,169.029,179.468,189.196,198.184,206.386,213.738,220.162,225.57,229.864,232.959,234.802,235.41,234.914,233.594,231.884,230.299,229.275,229.011,229.408,230.18,231.058,231.916,232.768,233.669,234.651,235.719,236.869,238.099,239.405,240.78,242.215,243.695,245.205,246.722,248.222,249.678,251.062,252.352,253.53,254.594,255.567,256.507,257.529,258.832,260.733
81600.0,91.313,106.189,120.214,133.462,145.981,157.797,168.923,179.356,189.082,198.07,206.273,213.63,220.061,225.478,229.785,232.894,234.753,235.378,234.897,233.59,231.889,230.307,229.283,229.016,229.409,230.18,231.058,231.916,232.768,233.669,234.651,235.719,236.869,238.099,239.405,240.78,242.215,243.695,245.205,246.722,248.222,249.678,251.062,252.352,253.53,254.594,255.567,256.507,257.529,258.832,260.733
81660.0,91.284,106.141,120.151,133.385,145.892,157.698,168.816,179.245,188.968,197.956,206.161,213.522,219.961,225.387,229.705,232.829,234.704,235.345,234.879,233.585,231.894,230.316,229.29,229.021,229.411,230.181,231.057,231.916,232.768,233.668,234.651,235.719,236.869,238.099,239.405,240.78,242.215,243.695,245.205,246.722,248.222,249.677,251.062,252.352,253.53,254.594,255.567,256.507,257.529,258.832,260.733
81720.0,91.254,106.094,120.087,133.308,145.803,157.599,168.711,179.134,188.855,197.842,206.049,213.414,219.86,225.296,229.626,232.764,234.655,235.312,234.862,233.581,231.898,230.324,229.298,229.025,229.413,230.181,231.057,231.916,232.767,233.668,234.651,235.719,236.869,238.099,239.405,240.78,242.214,243.695,245.205,246.722,248.222,249.677,251.062,252.352,253.53,254.594,255.567,256.507,257.529,258.832,260.733
81780.0,91.225,106.047,120.024,133.231,145.714,157.501,168.605,179.024,188.742,197.728,205.937,213.307,219.76,225.205,229.547,232.699,234.605,235.279,234.845,233.577,231.903,230.332,229.306,229.03,229.415,230.181,231.057,231.915,232.767,233.668,234.651,235.719,236.869,238.099,239.405,240.78,242.214,243.695,245.205,246.722,248.222,249.677,251.062,252.352,253.53,254.594,255.567,256.507,257.529,258.832,260.733
81840.0,91.196,106.0,119.961,133.154,145.626,157.404,168.5,178.914,188.629,197.615,205.826,213.2,219.66,225.114,229.468,232.634,234.556,235.246,234.827,233.572,231.907,230.34,229.313,229.035,229.417,230.181,231.056,231.915,232.767,233.668,234.651,235.719,236.869,238.099,239.405,240.78,242.214,243.695,245.205,246.722,248.221,249.677,251.062,252.352,253.53,254.594,255.567,256.507,257.529,258.832,260.733
81900.0,91.167,105.953,119.899,133.078,145.538,157.306,168.395,178.804,188.516,197.502,205.715,213.093,219.56,225.024,229.39,232.569,234.507,235.213,234.81,233.568,231.911,230.348,229.321,229.039,229.418,230.181,231.056,231.915,232.767,233.668,234.651,235.719,236.869,238.099,239.405,240.78,242.214,243.695,245.205,246.722,248.221,249.677,251.062,252.352,253.53,254.594,255.567,256.507,257.529,258.832,260.733
81960.0,91.138,105.906,119.836,133.002,145.45,157.209,168.291,178.695,188.404,197.389,205.604,212.987,219.46,224.934,229.311,232.504,234.457,235.18,234.792,233.563,231.915,230.356,229.328,229.044,229.42,230.181,231.055,231.914,232.767,233.668,234.651,235.719,236.869,238.099,239.405,240.78,242.214,243.695,245.205,246.722,248.221,249.677,251.062,252.352,253.53,254.594,255.567,256.507,257.529,258.832,260.733
82020.0,91.109,105.86,119.774,132.926,145.363,157.112,168.187,178.586,188.292,197.277,205.494,212.881,219.361,224.843,229.232,232.44,234.408,235.147,234.774,233.558,231.919,230.364,229.336,229.049,229.422,230.181,231.055,231.914,232.767,233.668,234.651,235.719,236.869,238.099,239.405,240.78,242.214,243.695,245.204,246.722,248.221,249.677,251.062,252.352,253.53,254.594,255.567,256.507,257.529,258.832,260.733
82080.0,91.08,105.814,119.712,132.851,145.276,157.016,168.084,178.477,188.181,197.165,205.384,212.775,219.262,224.753,229.154,232.375,234.359,235.113,234.756,233.553,231.923,230.372,229.343,229.053,229.424,230.181,231.055,231.914,232.767,233.668,234.651,235.719,236.869,238.099,239.405,240.78,242.214,243.695,245.204,246.721,248.221,249.677,251.062,252.352,253.53,254.594,255.567,256.507,257.529,258.832,260.733
82140.0,91.052,105.768,119.651,132.775,145.189,156.92,167.98,178.369,188.07,197.053,205.274,212.669,219.163,224.663,229.075,232.31,234.309,235.08,234.739,233.548,231.927,230.379,229.35,229.058,229.426,230.181,231.054,231.914,232.767,233.668,234.651,235.719,236.869,238.099,239.405,240.78,242.214,243.695,245.204,246.721,248.221,249.677,251.062,252.352,253.53,254.594,255.567,256.507,257.529,258.832,260.733
82200.0,91.023,105.722,119.589,132.7,145.103,156.824,167.877,178.261,187.959,196.942,205.164,212.564,219.064,224.574,228.997,232.245,234.26,235.047,234.72,233.543,231.931,230.387,229.358,229.063,229.427,230.181,231.054,231.913,232.767,233.668,234.651,235.719,236.869,238.099,239.404,240.78,242.214,243.695,245.204,246.721,248.221,249.677,251.062,252.352,253.53,254.594,255.567,256.507,257.529,258.832,260.733
82260.0,90.995,105.676,119.528,132.626,145.017,156.729,167.775,178.153,187.849,196.831,205.055,212.459,218.965,224.484,228.919,232.181,234.21,235.013,234.702,233.538,231.935,230.395,229.365,229.067,229.429,230.181,231.053,231.913,232.766,233.668,234.651,235.719,236.869,238.099,239.404,240.78,242.214,243.695,245.204,246.721,248.221,249.677,251.062,252.352,253.53,254.594,255.567,256.507,257.529,258.832,260.733
82320.0,90.966,105.63,119.467,132.551,144.931,156.634,167.672,178.046,187.739,196.72,204.946,212.354,218.867,224.395,228.841,232.116,234.161,234.98,234.684,233.533,231.938,230.403,229.373,229.072,229.431,230.182,231.053,231.913,232.766,233.668,234.65,235.718,236.869,238.099,239.404,240.779,242.214,243.695,245.204,246.721,248.221,249.677,251.062,252.352,253.53,254.594,255.567,256.507,257.529,258.832,260.733
82380.0,90.938,105.585,119.406,132.477,144.845,156.539,167.571,177.939,187.629,196.61,204.837,212.249,218.769,224.306,228.763,232.052,234.112,234.946,234.666,233.528,231.942,230.41,229.38,229.077,229.433,230.182,231.053,231.912,232.766,233.668,234.65,235.718,236.869,238.099,239.404,240.779,242.214,243.695,245.204,246.721,248.221,249.677,251.062,252.352,253.53,254.594,255.567,256.507,257.529,258.832,260.733
82440.0,90.91,105.539,119.346,132.403,144.76,156.444,167.469,177.832,187.519,196.5,204.729,212.145,218.671,224.217,228.685,231.987,234.062,234.913,234.647,233.522,231.945,230.418,229.387,229.082,229.435,230.182,231.052,231.912,232.766,233.668,234.65,235.718,236.869,238.099,239.404,240.779,242.214,243.695,245.204,246.721,248.221,249.677,251.062,252.352,253.53,254.594,255.567,256.507,257.529,258.832,260.733
82500.0,90.882,105.494,119.285,132.33,144.675,156.35,167.368,177.726,187.41,196.39,204.621,212.041,218.573,224.128,228.608,231.923,234.013,234.879,234.629,233.516,231.949,230.425,229.395,229.086,229.437,230.182,231.052,231.912,232.766,233.668,234.65,235.718,236.869,238.099,239.404,240.779,242.214,243.695,245.204,246.721,248.221,249.677,251.062,252.352,253.53,254.594,255.567,256.507,257.529,258.832,260.733
82560.0,90.853,105.449,119.225,132.256,144.591,156.257,167.267,177.62,187.302,196.281,204.513,211.937,218.476,224.039,228.53,231.859,233.963,234.845,234.61,233.511,231.952,230.433,229.402,229.091,229.439,230.182,231.051,231.912,232.766,233.668,234.65,235.718,236.869,238.099,239.404,240.779,242.214,243.695,245.204,246.721,248.221,249.677,251.062,252.352,253.53,254.594,255.567,256.507,257.529,258.832,260.733
82620.0,90.826,105.404,119.165,132.183,144.506,156.163,167.166,177.515,187.193,196.172,204.406,211.834,218.379,223.95,228.453,231.794,233.914,234.811,234.592,233.505,231.955,230.44,229.409,229.096,229.44,230.182,231.051,231.911,232.766,233.668,234.65,235.718,236.869,238.098,239.404,240.779,242.214,243.695,245.204,246.721,248.221,249.677,251.062,252.352,253.53,254.594,255.567,256.507,257.529,258.832,260.733
82680.0,90.798,105.36,119.106,132.11,144.422,156.07,167.066,177.41,187.085,196.063,204.299,211.731,218.282,223.862,228.375,231.73,233.865,234.778,234.573,233.499,231.958,230.447,229.416,229.1,229.442,230.182,231.051,231.911,232.766,233.668,234.65,235.718,236.869,238.098,239.404,240.779,242.214,243.695,245.204,246.721,248.221,249.677,251.062,252.352,253.53,254.594,255.567,256.507,257.529,258.832,260.733
82740.0,90.77,105.315,119.046,132.038,144.339,155.977,166.966,177.305,186.978,195.955,204.192,211.628,218.185,223.774,228.298,231.666,233.815,234.744,234.554,233.493,231.961,230.455,229.424,229.105,229.444,230.183,231.05,231.911,232.765,233.668,234.65,235.718,236.868,238.098,239.404,240.779,242.214,243.695,245.204,246.721,248.221,249.677,251.062,252.352,253.53,254.594,255.567,256.507,257.529,258.832,260.733
82800.0,90.742,105.271,118.987,131.966,144.255,155.885,166.867,177.2,186.87,195.847,204.085,211.525,218.088,223.686,228.221,231.602,233.766,234.71,234.535,233.487,231.964,230.462,229.431,229.11,229.446,230.183,231.05,231.91,232.765,233.668,234.65,235.718,236.868,238.098,239.404,240.779,242.214,243.695,245.204,246.721,248.221,249.677,251.062,252.352,253.53,254.594,255.567,256.507,257.529,258.832,260.733
82860.0,90.715,105.227,118.928,131.894,144.172,155.793,166.768,177.096,186.763,195.739,203.979,211.422,217.992,223.598,228.144,231.538,233.716,234.676,234.516,233.481,231.967,230.469,229.438,229.114,229.448,230.183,231.05,231.91,232.765,233.668,234.65,235.718,236.868,238.098,239.404,240.779,242.214,243.695,245.204,246.721,248.221,249.677,251.062,252.352,253.53,254.594,255.567,256.507,257.529,258.832,260.733
82920.0,90.687,105.182,118.869,131.822,144.089,155.701,166.669,176.992,186.656,195.632,203.873,211.32,217.896,223.51,228.067,231.474,233.667,234.642,234.497,233.475,231.97,230.476,229.445,229.119,229.45,230.183,231.049,231.91,232.765,233.668,234.65,235.718,236.868,238.098,239.404,240.779,242.214,243.694,245.204,246.721,248.221,249.677,251.062,252.352,253.53,254.594,255.567,256.507,257.529,258.832,260.733
82980.0,90.66,105.139,118.81,131.75,144.007,155.609,166.57,176.889,186.55,195.524,203.767,211.218,217.8,223.423,227.99,231.41,233.617,234.608,234.478,233.468,231.973,230.483,229.452,229.124,229.452,230.183,231.049,231.91,232.765,233.667,234.65,235.718,236.868,238.098,239.404,240.779,242.214,243.694,245.204,246.721,248.221,249.677,251.062,252.352,253.53,254.594,255.567,256.507,257.529,258.832,260.733
83040.0,90.632,105.095,118.752,131.679,143.925,155.518,166.472,176.785,186.444,195.417,203.662,211.116,217.704,223.335,227.913,231.346,233.568,234.574,234.459,233.462,231.975,230.49,229.459,229.129,229.454,230.183,231.048,231.909,232.765,233.667,234.65,235.718,236.868,238.098,239.404,240.779,242.214,243.694,245.204,246.721,248.221,249.677,251.062,252.352,253.53,254.594,255.567,256.507,257.529,258.832,260.733
83100.0,90.605,105.051,118.694,131.608,143.843,155.427,166.374,176.683,186.338,195.311,203.557,211.015,217.608,223.248,227.837,231.282,233.518,234.539,234.439,233.455,231.978,230.497,229.467,229.133,229.456,230.184,231.048,231.909,232.765,233.667,234.65,235.718,236.868,238.098,239.404,240.779,242.214,243.694,245.204,246.721,248.221,249.677,251.062,252.351,253.529,254.594,255.567,256.507,257.529,258.832,260.733
83160.0,90.578,105.008,118.635,131.537,143.761,155.336,166.276,176.58,186.232,195.205,203.452,210.913,217.513,223.161,227.76,231.218,233.469,234.505,234.42,233.449,231.98,230.504,229.474,229.138,229.458,230.184,231.048,231.909,232.765,233.667,234.65,235.718,236.868,238.098,239.404,240.779,242.214,243.694,245.204,246.721,248.221,249.677,251.062,252.351,253.529,254.594,255.567,256.507,257.529,258.832,260.733
83220.0,90.551,104.964,118.578,131.466,143.68,155.246,166.179,176.478,186.127,195.099,203.347,210.812,217.418,223.074,227.684,231.154,233.419,234.471,234.401,233.442,231.983,230.511,229.481,229.143,229.46,230.184,231.047,231.908,232.765,233.667,234.65,235.718,236.868,238.098,239.404,240.779,242.214,243.694,245.204,246.721,248.221,249.677,251.062,252.351,253.529,254.594,255.567,256.507,257.529,258.832,260.733
83280.0,90.524,104.921,118.52,131.396,143.598,155.156,166.082,176.376,186.023,194.993,203.243,210.712,217.323,222.987,227.607,231.091,233.37,234.436,234.381,233.435,231.985,230.518,229.488,229.147,229.462,230.184,231.047,231.908,232.764,233.667,234.65,235.718,236.868,238.098,239.404,240.779,242.213,243.694,245.204,246.721,248.221,249.677,251.062,252.351,253.529,254.594,255.567,256.507,257.529,258.832,260.733
83340.0,90.497,104.878,118.463,131.326,143.518,155.066,165.985,176.274,185.918,194.888,203.139,210.611,217.228,222.901,227.531,231.027,233.321,234.402,234.361,233.428,231.987,230.525,229.495,229.152,229.464,230.185,231.047,231.908,232.764,233.667,234.65,235.718,236.868,238.098,239.404,240.779,242.213,243.694,245.204,246.721,248.221,249.677,251.062,252.351,253.529,254.594,255.567,256.507,257.529,258.832,260.733
83400.0,90.47,104.835,118.405,131.256,143.437,154.977,165.889,176.173,185.814,194.783,203.035,210.511,217.134,222.814,227.455,230.963,233.271,234.368,234.342,233.421,231.99,230.531,229.502,229.157,229.466,230.185,231.046,231.908,232.764,233.667,234.65,235.718,236.868,238.098,239.404,240.779,242.213,243.694,245.204,246.721,248.221,249.677,251.062,252.351,253.529,254.594,255.567,256.507,257.529,258.832,260.733
83460.0,90.444,104.792,118.348,131.187,143.357,154.888,165.793,176.072,185.71,194.678,202.932,210.411,217.039,222.728,227.379,230.9,233.222,234.333,234.322,233.414,231.992,230.538,229.509,229.162,229.468,230.185,231.046,231.907,232.764,233.667,234.65,235.718,236.868,238.098,239.404,240.779,242.213,243.694,245.204,246.721,248.221,249.677,251.062,252.351,253.529,254.594,255.567,256.507,257.529,258.832,260.733
83520.0,90.417,104.75,118.291,131.117,143.277,154.799,165.697,175.971,185.606,194.573,202.828,210.311,216.945,222.642,227.303,230.836,233.172,234.299,234.302,233.407,231.994,230.545,229.516,229.166,229.47,230.185,231.046,231.907,232.764,233.667,234.65,235.718,236.868,238.098,239.404,240.779,242.213,243.694,245.204,246.721,248.221,249.677,251.062,252.351,253.529,254.594,255.567,256.507,257.529,258.832,260.733
83580.0,90.39,104.707,118.235,131.048,143.197,154.71,165.602,175.871,185.503,194.469,202.725,210.211,216.851,222.556,227.228,230.773,233.123,234.264,234.282,233.4,231.996,230.551,229.523,229.171,229.472,230.185,231.045,231.907,232.764,233.667,234.65,235.718,236.868,238.098,239.404,240.779,242.213,243.694,245.204,246.721,248.221,249.677,251.062,252.351,253.529,254.594,255.567,256.507,257.529,258.832,260.733
83640.0,90.364,104.665,118.178,130.979,143.117,154.622,165.507,175.771,185.4,194.365,202.623,210.112,216.758,222.47,227.152,230.709,233.073,234.229,234.262,233.393,231.997,230.558,229.529,229.176,229.474,230.186,231.045,231.906,232.764,233.667,234.65,235.717,236.868,238.098,239.403,240.779,242.213,243.694,245.204,246.721,248.221,249.677,251.062,252.351,253.529,254.594,255.567,256.507,257.529,258.832,260.733
83700.0,90.337,104.623,118.122,130.911,143.038,154.534,165.412,175.671,185.297,194.262,202.52,210.013,216.664,222.385,227.076,230.646,233.024,234.195,234.242,233.385,231.999,230.564,229.536,229.18,229.476,230.186,231.045,231.906,232.764,233.667,234.649,235.717,236.868,238.098,239.403,240.779,242.213,243.694,245.204,246.721,248.221,249.677,251.062,252.351,253.529,254.594,255.567,256.507,257.529,258.832,260.733
83760.0,90.311,104.581,118.066,130.842,142.959,154.446,165.317,175.572,185.195,194.158,202.418,209.914,216.571,222.299,227.001,230.583,232.974,234.16,234.222,233.378,232.001,230.57,229.543,229.185,229.478,230.186,231.044,231.906,232.763,233.667,234.649,235.717,236.868,238.098,239.403,240.779,242.213,243.694,245.204,246.721,248.221,249.677,251.062,252.351,253.529,254.594,255.567,256.507,257.529,258.832,260.733
83820.0,90.285,104.539,118.01,130.774,142.88,154.359,165.223,175.472,185.093,194.055,202.316,209.816,216.478,222.214,226.926,230.52,232.925,234.125,234.201,233.37,232.002,230.577,229.55,229.19,229.48,230.187,231.044,231.906,232.763,233.667,234.649,235.717,236.868,238.098,239.403,240.778,242.213,243.694,245.204,246.721,248.221,249.677,251.062,252.351,253.529,254.594,255.567,256.507,257.529,258.832,260.733
83880.0,90.259,104.497,117.954,130.706,142.802,154.272,165.129,175.374,184.991,193.953,202.215,209.717,216.385,222.129,226.85,230.456,232.875,234.091,234.181,233.362,232.004,230.583,229.557,229.194,229.482,230.187,231.044,231.905,232.763,233.667,234.649,235.717,236.868,238.098,239.403,240.778,242.213,243.694,245.203,246.721,248.221,249.677,251.062,252.351,253.529,254.594,255.567,256.507,257.53,258.832,260.733
83940.0,90.233,104.456,117.899,130.638,142.724,154.185,165.035,175.275,184.89,193.85,202.113,209.619,216.292,222.044,226.775,230.393,232.826,234.056,234.161,233.355,232.005,230.589,229.564,229.199,229.484,230.187,231.043,231.905,232.763,233.667,234.649,235.717,236.868,238.097,239.403,240.778,242.213,243.694,245.203,246.721,248.221,249.677,251.062,252.351,253.529,254.594,255.567,256.507,257.53,258.832,260.733
84000.0,90.207,104.414,117.843,130.571,142.646,154.098,164.942,175.177,184.788,193.748,202.012,209.521,216.2,221.959,226.7,230.33,232.777,234.021,234.14,233.347,232.007,230.596,229.57,229.204,229.486,230.187,231.043,231.905,232.763,233.667,234.649,235.717,236.868,238.097,239.403,240.778,242.213,243.694,245.203,246.721,248.221,249.677,251.062,252.351,253.529,254.594,255.567,256.507,257.53,258.832,260.733
84060.0,90.181,104.373,117.788,130.504,142.568,154.012,164.849,175.079,184.687,193.646,201.911,209.424,216.107,221.874,226.626,230.267,232.727,233.986,234.119,233.339,232.008,230.602,229.577,229.208,229.488,230.188,231.043,231.904,232.763,233.667,234.649,235.717,236.867,238.097,239.403,240.778,242.213,243.694,245.203,246.72,248.221,249.677,251.062,252.351,253.529,254.594,255.567,256.507,257.53,258.832,260.733
84120.0,90.155,104.332,117.733,130.436,142.491,153.926,164.756,174.981,184.587,193.544,201.811,209.326,216.015,221.789,226.551,230.204,232.678,233.951,234.099,233.331,232.009,230.608,229.584,229.213,229.49,230.188,231.042,231.904,232.763,233.667,234.649,235.717,236.867,238.097,239.403,240.778,242.213,243.694,245.203,246.72,248.22,249.677,251.062,252.351,253.529,254.594,255.567,256.507,257.53,258.832,260.733
84180.0,90.129,104.291,117.679,130.37,142.414,153.84,164.664,174.884,184.486,193.443,201.71,209.229,215.923,221.705,226.476,230.141,232.628,233.916,234.078,233.323,232.01,230.614,229.591,229.218,229.492,230.188,231.042,231.904,232.763,233.666,234.649,235.717,236.867,238.097,239.403,240.778,242.213,243.694,245.203,246.72,248.22,249.677,251.061,252.351,253.529,254.594,255.567,256.507,257.53,258.832,260.733
84240.0,90.103,104.25,117.624,130.303,142.337,153.755,164.572,174.787,184.386,193.342,201.61,209.132,215.832,221.621,226.402,230.079,232.579,233.881,234.057,233.314,232.012,230.62,229.597,229.222,229.494,230.189,231.042,231.904,232.762,233.666,234.649,235.717,236.867,238.097,239.403,240.778,242.213,243.694,245.203,246.72,248.22,249.677,251.061,252.351,253.529,254.594,255.567,256.507,257.53,258.832,260.733
84300.0,90.078,104.209,117.57,130.237,142.26,153.67,164.48,174.69,184.287,193.241,201.51,209.035,215.74,221.537,226.327,230.016,232.529,233.846,234.036,233.306,232.013,230.626,229.604,229.227,229.496,230.189,231.041,231.903,232.762,233.666,234.649,235.717,236.867,238.097,239.403,240.778,242.213,243.694,245.203,246.72,248.22,249.676,251.061,252.351,253.529,254.594,255.567,256.507,257.53,258.832,260.733
84360.0,90.052,104.168,117.515,130.171,142.184,153.585,164.388,174.594,184.187,193.141,201.411,208.939,215.649,221.453,226.253,229.953,232.48,233.811,234.016,233.298,232.013,230.631,229.61,229.232,229.498,230.189,231.041,231.903,232.762,233.666,234.649,235.717,236.867,238.097,239.403,240.778,242.213,243.694,245.203,246.72,248.22,249.676,251.061,252.351,253.529,254.594,255.567,256.507,257.53,258.832,260.733
84420.0,90.027,104.128,117.461,130.105,142.108,153.5,164.297,174.497,184.088,193.041,201.312,208.842,215.558,221.369,226.178,229.89,232.431,233.776,233.995,233.289,232.014,230.637,229.617,229.236,229.5,230.19,231.041,231.903,232.762,233.666,234.649,235.717,236.867,238.097,239.403,240.778,242.213,243.694,245.203,246.72,248.22,249.676,251.061,252.351,253.529,254.594,255.567,256.507,257.53,258.832,260.733
84480.0,90.001,104.087,117.407,130.039,142.032,153.416,164.206,174.402,183.989,192.941,201.213,208.746,215.467,221.285,226.104,229.828,232.381,233.741,233.974,233.281,232.015,230.643,229.624,229.241,229.502,230.19,231.04,231.902,232.762,233.666,234.649,235.717,236.867,238.097,239.403,240.778,242.213,243.694,245.203,246.72,248.22,249.676,251.061,252.351,253.529,254.594,255.567,256.507,257.53,258.832,260.733
84540.0,89.976,104.047,117.354,129.973,141.956,153.332,164.115,174.306,183.891,192.841,201.114,208.65,215.376,221.202,226.03,229.765,232.332,233.705,233.952,233.272,232.016,230.649,229.63,229.246,229.504,230.19,231.04,231.902,232.762,233.666,234.649,235.717,236.867,238.097,239.403,240.778,242.213,243.694,245.203,246.72,248.22,249.676,251.061,252.351,253.529,254.594,255.567,256.507,257.53,258.832,260.733
84600.0,89.951,104.007,117.3,129.908,141.881,153.248,164.025,174.211,183.792,192.741,201.015,208.555,215.286,221.119,225.956,229.703,232.282,233.67,233.931,233.263,232.016,230.654,229.637,229.25,229.507,230.191,231.04,231.902,232.762,233.666,234.649,235.717,236.867,238.097,239.403,240.778,242.213,243.693,245.203,246.72,248.22,249.676,251.061,252.351,253.529,254.594,255.567,256.507,257.53,258.832,260.733
84660.0,89.926,103.967,117.247,129.843,141.805,153.164,163.934,174.116,183.694,192.642,200.917,208.459,215.195,221.035,225.883,229.64,232.233,233.635,233.91,233.254,232.017,230.66,229.643,229.255,229.509,230.191,231.04,231.902,232.762,233.666,234.649,235.717,236.867,238.097,239.403,240.778,242.213,243.693,245.203,246.72,248.22,249.676,251.061,252.351,253.529,254.594,255.567,256.507,257.53,258.832,260.733
84720.0,89.9,103.927,117.194,129.778,141.73,153.081,163.845,174.021,183.596,192.543,200.819,208.364,215.105,220.952,225.809,229.578,232.184,233.6,233.889,233.246,232.017,230.666,229.65,229.26,229.511,230.191,231.039,231.901,232.762,233.666,234.649,235.717,236.867,238.097,239.403,240.778,242.213,243.693,245.203,246.72,248.22,249.676,251.061,252.351,253.529,254.594,255.567,256.507,257.53,258.832,260.733
84780.0,89.875,103.887,117.141,129.713,141.656,152.998,163.755,173.926,183.499,192.445,200.721,208.269,215.015,220.87,225.735,229.516,232.134,233.564,233.867,233.237,232.018,230.671,229.656,229.264,229.513,230.192,231.039,231.901,232.761,233.666,234.649,235.717,236.867,238.097,239.403,240.778,242.213,243.693,245.203,246.72,248.22,249.676,251.061,252.351,253.529,254.594,255.567,256.507,257.53,258.832,260.733
84840.0,89.85,103.847,117.088,129.649,141.581,152.915,163.666,173.832,183.402,192.346,200.624,208.175,214.925,220.787,225.662,229.453,232.085,233.529,233.846,233.228,232.018,230.677,229.663,229.269,229.515,230.192,231.039,231.901,232.761,233.666,234.649,235.717,236.867,238.097,239.403,240.778,242.213,243.693,245.203,246.72,248.22,249.676,251.061,252.351,253.529,254.594,255.567,256.507,257.53,258.832,260.733
84900.0,89.826,103.808,117.035,129.585,141.507,152.833,163.576,173.738,183.305,192.248,200.526,208.08,214.836,220.704,225.588,229.391,232.036,233.493,233.824,233.218,232.018,230.682,229.669,229.274,229.517,230.192,231.038,231.9,232.761,233.666,234.649,235.716,236.867,238.097,239.403,240.778,242.212,243.693,245.203,246.72,248.22,249.676,251.061,252.351,253.529,254.594,255.567,256.507,257.53,258.832,260.733
84960.0,89.801,103.768,116.983,129.521,141.433,152.751,163.488,173.645,183.208,192.15,200.429,207.986,214.746,220.622,225.515,229.329,231.986,233.458,233.803,233.209,232.018,230.687,229.675,229.278,229.519,230.193,231.038,231.9,232.761,233.666,234.649,235.716,236.867,238.097,239.403,240.778,242.212,243.693,245.203,246.72,248.22,249.676,251.061,252.351,253.529,254.594,255.567,256.507,257.53,258.832,260.733
85020.0,89.776,103.729,116.93,129.457,141.359,152.669,163.399,173.551,183.112,192.053,200.332,207.892,214.657,220.54,225.442,229.267,231.937,233.422,233.781,233.2,232.018,230.693,229.682,229.283,229.521,230.193,231.038,231.9,232.761,233.666,234.649,235.716,236.867,238.097,239.402,240.778,242.212,243.693,245.203,246.72,248.22,249.676,251.061,252.351,253.529,254.594,255.567,256.507,257.53,258.832,260.733
85080.0,89.751,103.69,116.878,129.393,141.286,152.587,163.311,173.458,183.016,191.956,200.236,207.798,214.568,220.457,225.369,229.205,231.888,233.387,233.759,233.191,232.018,230.698,229.688,229.288,229.524,230.193,231.038,231.9,232.761,233.666,234.648,235.716,236.867,238.097,239.402,240.778,242.212,243.693,245.203,246.72,248.22,249.676,251.061,252.351,253.529,254.594,255.567,256.507,257.53,258.832,260.734
85140.0,89.727,103.651,116.826,129.33,141.213,152.505,163.223,173.365,182.92,191.859,200.139,207.704,214.479,220.375,225.296,229.143,231.838,233.351,233.737,233.181,232.018,230.703,229.694,229.292,229.526,230.194,231.037,231.899,232.761,233.666,234.648,235.716,236.867,238.097,239.402,240.778,242.212,243.693,245.203,246.72,248.22,249.676,251.061,252.351,253.529,254.594,255.567,256.507,257.53,258.832,260.734
85200.0,89.702,103.612,116.774,129.267,141.14,152.424,163.135,173.273,182.824,191.762,200.043,207.611,214.39,220.294,225.223,229.081,231.789,233.316,233.716,233.172,232.018,230.708,229.701,229.297,229.528,230.194,231.037,231.899,232.761,233.666,234.648,235.716,236.867,238.097,239.402,240.778,242.212,243.693,245.203,246.72,248.22,249.676,251.061,252.351,253.529,254.594,255.567,256.507,257.53,258.832,260.734
85260.0,89.678,103.573,116.723,129.204,141.067,152.343,163.048,173.18,182.729,191.665,199.948,207.518,214.302,220.212,225.15,229.019,231.74,233.28,233.694,233.162,232.018,230.713,229.707,229.302,229.53,230.195,231.037,231.899,232.76,233.666,234.648,235.716,236.867,238.096,239.402,240.777,242.212,243.693,245.203,246.72,248.22,249.676,251.061,252.351,253.529,254.594,255.567,256.507,257.53,258.832,260.734
85320.0,89.653,103.535,116.671,129.141,140.994,152.262,162.96,173.088,182.634,191.569,199.852,207.425,214.214,220.13,225.078,228.957,231.691,233.245,233.672,233.152,232.018,230.718,229.713,229.306,229.532,230.195,231.036,231.899,232.76,233.666,234.648,235.716,236.866,238.096,239.402,240.777,242.212,243.693,245.203,246.72,248.22,249.676,251.061,252.351,253.529,254.594,255.567,256.507,257.53,258.832,260.734
85380.0,89.629,103.496,116.62,129.078,140.922,152.182,162.873,172.997,182.539,191.473,199.757,207.332,214.125,220.049,225.005,228.896,231.641,233.209,233.65,233.143,232.017,230.723,229.719,229.311,229.534,230.195,231.036,231.898,232.76,233.665,234.648,235.716,236.866,238.096,239.402,240.777,242.212,243.693,245.203,246.72,248.22,249.676,251.061,252.351,253.529,254.594,255.567,256.507,257.53,258.832,260.734
85440.0,89.605,103.458,116.569,129.016,140.85,152.102,162.787,172.905,182.444,191.377,199.661,207.239,214.037,219.968,224.933,228.834,231.592,233.173,233.628,233.133,232.017,230.728,229.725,229.315,229.537,230.196,231.036,231.898,232.76,233.665,234.648,235.716,236.866,238.096,239.402,240.777,242.212,243.693,245.203,246.72,248.22,249.676,251.061,252.351,253.529,254.594,255.567,256.507,257.53,258.832,260.734
85500.0,89.581,103.419,116.518,128.954,140.778,152.022,162.7,172.814,182.35,191.282,199.566,207.147,213.95,219.887,224.86,228.772,231.543,233.137,233.605,233.123,232.016,230.733,229.732,229.32,229.539,230.196,231.036,231.898,232.76,233.665,234.648,235.716,236.866,238.096,239.402,240.777,242.212,243.693,245.203,246.72,248.22,249.676,251.061,252.351,253.529,254.594,255.567,256.507,257.53,258.832,260.734
85560.0,89.557,103.381,116.467,128.892,140.706,151.942,162.614,172.723,182.256,191.186,199.472,207.055,213.862,219.806,224.788,228.711,231.494,233.102,233.583,233.113,232.016,230.738,229.738,229.325,229.541,230.197,231.035,231.897,232.76,233.665,234.648,235.716,236.866,238.096,239.402,240.777,242.212,243.693,245.203,246.72,248.22,249.676,251.061,252.351,253.529,254.594,255.567,256.507,257.53,258.832,260.734
85620.0,89.533,103.343,116.416,128.83,140.635,151.862,162.528,172.632,182.162,191.091,199.377,206.963,213.775,219.725,224.716,228.649,231.445,233.066,233.561,233.103,232.015,230.743,229.744,229.329,229.543,230.197,231.035,231.897,232.76,233.665,234.648,235.716,236.866,238.096,239.402,240.777,242.212,243.693,245.203,246.72,248.22,249.676,251.061,252.351,253.529,254.594,255.567,256.507,257.53,258.832,260.734
85680.0,89.509,103.305,116.366,128.768,140.564,151.783,162.442,172.542,182.069,190.997,199.283,206.871,213.688,219.644,224.644,228.588,231.396,233.03,233.539,233.093,232.014,230.747,229.75,229.334,229.545,230.198,231.035,231.897,232.76,233.665,234.648,235.716,236.866,238.096,239.402,240.777,242.212,243.693,245.203,246.72,248.22,249.676,251.061,252.351,253.529,254.594,255.567,256.507,257.53,258.832,260.734
85740.0,89.485,103.267,116.315,128.707,140.493,151.704,162.357,172.452,181.976,190.902,199.189,206.78,213.6,219.564,224.572,228.527,231.346,232.994,233.516,233.083,232.014,230.752,229.756,229.338,229.548,230.198,231.035,231.897,232.759,233.665,234.648,235.716,236.866,238.096,239.402,240.777,242.212,243.693,245.202,246.72,248.22,249.676,251.061,252.351,253.529,254.594,255.567,256.507,257.53,258.832,260.734
85800.0,89.461,103.23,116.265,128.645,140.422,151.625,162.272,172.362,181.883,190.808,199.095,206.688,213.514,219.483,224.5,228.465,231.297,232.958,233.494,233.072,232.013,230.756,229.762,229.343,229.55,230.199,231.034,231.896,232.759,233.665,234.648,235.716,236.866,238.096,239.402,240.777,242.212,243.693,245.202,246.72,248.22,249.676,251.061,252.351,253.529,254.594,255.567,256.507,257.53,258.832,260.734
85860.0,89.437,103.192,116.215,128.584,140.351,151.547,162.187,172.272,181.79,190.714,199.002,206.597,213.427,219.403,224.428,228.404,231.248,232.923,233.471,233.062,232.012,230.761,229.768,229.347,229.552,230.199,231.034,231.896,232.759,233.665,234.648,235.716,236.866,238.096,239.402,240.777,242.212,243.693,245.202,246.72,248.22,249.676,251.061,252.351,253.529,254.594,255.567,256.507,257.53,258.832,260.734
85920.0,89.413,103.154,116.165,128.523,140.281,151.469,162.102,172.183,181.697,190.62,198.909,206.506,213.34,219.323,224.357,228.343,231.199,232.887,233.449,233.052,232.011,230.766,229.774,229.352,229.554,230.199,231.034,231.896,232.759,233.665,234.648,235.716,236.866,238.096,239.402,240.777,242.212,243.693,245.202,246.72,248.22,249.676,251.061,252.351,253.529,254.594,255.567,256.507,257.53,258.832,260.734
85980.0,89.39,103.117,116.115,128.463,140.211,151.39,162.018,172.093,181.605,190.526,198.816,206.416,213.254,219.243,224.285,228.282,231.15,232.851,233.426,233.041,232.01,230.77,229.78,229.357,229.556,230.2,231.034,231.896,232.759,233.665,234.648,235.716,236.866,238.096,239.402,240.777,242.212,243.693,245.202,246.72,248.22,249.676,251.061,252.351,253.529,254.594,255.567,256.507,257.53,258.832,260.734
86040.0,89.366,103.08,116.066,128.402,140.141,151.313,161.933,172.004,181.513,190.433,198.723,206.325,213.168,219.163,224.214,228.221,231.101,232.815,233.403,233.031,232.009,230.774,229.786,229.361,229.559,230.2,231.033,231.895,232.759,233.665,234.648,235.716,236.866,238.096,239.402,240.777,242.212,243.693,245.202,246.72,248.22,249.676,251.061,252.351,253.529,254.594,255.567,256.507,257.53,258.832,260.734
86100.0,89.343,103.043,116.016,128.342,140.071,151.235,161.85,171.916,181.421,190.34,198.63,206.235,213.082,219.084,224.142,228.16,231.052,232.779,233.381,233.02,232.007,230.779,229.792,229.366,229.561,230.201,231.033,231.895,232.759,233.665,234.648,235.716,236.866,238.096,239.402,240.777,242.212,243.693,245.202,246.719,248.22,249.676,251.061,252.351,253.529,254.594,255.567,256.507,257.53,258.832,260.734
86160.0,89.319,103.006,115.967,128.282,140.002,151.158,161.766,171.827,181.33,190.247,198.538,206.145,212.996,219.004,224.071,228.099,231.003,232.743,233.358,233.009,232.006,230.783,229.798,229.37,229.563,230.201,231.033,231.895,232.758,233.665,234.648,235.716,236.866,238.096,239.402,240.777,242.212,243.693,245.202,246.719,248.22,249.676,251.061,252.351,253.529,254.594,255.567,256.507,257.53,258.832,260.734
86220.0,89.296,102.969,115.918,128.222,139.932,151.081,161.682,171.739,181.239,190.155,198.446,206.055,212.911,218.925,224.0,228.038,230.954,232.707,233.335,232.998,232.005,230.787,229.803,229.375,229.565,230.202,231.033,231.895,232.758,233.665,234.648,235.715,236.866,238.096,239.402,240.777,242.212,243.693,245.202,246.719,248.22,249.676,251.061,252.351,253.529,254.594,255.567,256.507,257.53,258.832,260.734
86280.0,89.272,102.932,115.869,128.162,139.863,151.004,161.599,171.651,181.148,190.062,198.354,205.965,212.825,218.846,223.929,227.977,230.905,232.671,233.312,232.988,232.003,230.791,229.809,229.379,229.568,230.202,231.032,231.894,232.758,233.665,234.648,235.715,236.866,238.096,239.402,240.777,242.212,243.693,245.202,246.719,248.22,249.676,251.061,252.351,253.529,254.594,255.567,256.507,257.53,258.832,260.734
86340.0,89.249,102.895,115.82,128.103,139.794,150.927,161.516,171.564,181.057,189.97,198.262,205.876,212.74,218.766,223.858,227.916,230.856,232.635,233.289,232.977,232.002,230.796,229.815,229.384,229.57,230.203,231.032,231.894,232.758,233.665,234.648,235.715,236.866,238.096,239.402,240.777,242.212,243.692,245.202,246.719,248.22,249.676,251.061,252.351,253.529,254.594,255.567,256.507,257.53,258.832,260.734
