local_time_s,0.00000,0.00317,0.00674,0.01077,0.01531,0.02043,0.02620,0.03271,0.04005,0.04832,0.05765,0.06817,0.08003,0.09340,0.10848,0.12548,0.14465,0.16626,0.19062,0.21809,0.24907,0.28399,0.32337,0.36776,0.41782,0.47426,0.53789,0.60964,0.69054,0.78175,0.88458,1.00053,1.13127,1.27867,1.44486,1.63225,1.84352,2.08173,2.35032,2.65314,2.99458,3.37954,3.81359,4.30298,4.85477,5.47690,6.17836,6.96925,7.86098,8.86639,10.00000
0.0,81.924,91.754,101.157,110.204,118.938,127.387,135.558,143.444,151.02,158.246,165.065,171.402,177.165,182.25,186.541,189.931,192.333,193.714,194.128,193.751,192.889,191.934,191.265,191.112,191.481,192.204,193.076,193.978,194.902,195.886,196.954,198.113,199.359,200.689,202.099,203.581,205.123,206.71,208.322,209.934,211.52,213.049,214.493,215.827,217.035,218.122,219.119,220.107,221.232,222.753,225.097
60.0,81.901,91.722,101.117,110.155,118.883,127.325,135.49,143.371,150.943,158.167,164.986,171.324,177.091,182.18,186.48,189.879,192.292,193.684,194.111,193.745,192.891,191.941,191.274,191.12,191.488,192.211,193.084,193.988,194.913,195.898,196.968,198.128,199.374,200.706,202.116,203.598,205.141,206.728,208.34,209.952,211.537,213.065,214.507,215.839,217.045,218.129,219.123,220.108,221.231,222.75,225.094
120.0,81.88,91.691,101.077,110.108,118.828,127.263,135.423,143.299,150.868,158.09,164.908,171.248,177.017,182.112,186.419,189.827,192.251,193.655,194.093,193.737,192.891,191.945,191.279,191.123,191.49,192.212,193.084,193.987,194.913,195.898,196.968,198.127,199.374,200.705,202.116,203.598,205.141,206.728,208.34,209.952,211.537,213.065,214.507,215.839,217.045,218.129,219.123,220.108,221.231,222.75,225.094
180.0,81.859,91.66,101.037,110.06,118.773,127.202,135.356,143.227,150.793,158.013,164.83,171.171,176.944,182.044,186.358,189.775,192.21,193.626,194.075,193.73,192.891,191.949,191.283,191.127,191.491,192.212,193.083,193.987,194.913,195.898,196.968,198.127,199.374,200.705,202.116,203.598,205.141,206.728,208.34,209.952,211.537,213.065,214.507,215.839,217.045,218.129,219.123,220.108,221.231,222.75,225.094
240.0,81.838,91.629,100.998,110.013,118.719,127.141,135.289,143.156,150.718,157.936,164.753,171.095,176.871,181.976,186.297,189.723,192.168,193.596,194.057,193.722,192.891,191.954,191.288,191.13,191.493,192.212,193.083,193.987,194.913,195.898,196.968,198.127,199.374,200.705,202.116,203.598,205.141,206.728,208.34,209.952,211.537,213.065,214.507,215.839,217.045,218.129,219.123,220.108,221.231,222.75,225.094
300.0,81.817,91.599,100.959,109.966,118.664,127.08,135.222,143.084,150.643,157.859,164.675,171.019,176.798,181.908,186.236,189.672,192.127,193.567,194.039,193.714,192.891,191.958,191.293,191.134,191.495,192.212,193.083,193.987,194.913,195.898,196.968,198.127,199.374,200.705,202.116,203.598,205.141,206.728,208.34,209.952,211.537,213.065,214.507,215.839,217.045,218.129,219.123,220.108,221.231,222.75,225.094
360.0,81.796,91.568,100.92,109.919,118.61,127.019,135.156,143.013,150.568,157.782,164.598,170.943,176.725,181.84,186.175,189.62,192.086,193.537,194.021,193.707,192.89,191.962,191.298,191.137,191.496,192.213,193.083,193.986,194.913,195.898,196.968,198.127,199.374,200.705,202.116,203.598,205.141,206.728,208.34,209.952,211.537,213.065,214.507,215.839,217.045,218.129,219.123,220.108,221.231,222.75,225.094
420.0,81.775,91.538,100.881,109.872,118.555,126.958,135.089,142.942,150.494,157.706,164.521,170.867,176.652,181.772,186.115,189.568,192.045,193.508,194.003,193.699,192.89,191.966,191.303,191.141,191.498,192.213,193.083,193.986,194.912,195.898,196.968,198.127,199.374,200.705,202.116,203.598,205.141,206.728,208.34,209.952,211.537,213.065,214.507,215.839,217.045,218.128,219.123,220.108,221.231,222.75,225.094
480.0,81.755,91.508,100.842,109.825,118.501,126.898,135.023,142.871,150.42,157.629,164.444,170.791,176.58,181.705,186.054,189.517,192.004,193.478,193.985,193.691,192.89,191.969,191.308,191.144,191.499,192.213,193.082,193.986,194.912,195.898,196.968,198.127,199.374,200.705,202.116,203.598,205.141,206.728,208.339,209.952,211.537,213.065,214.507,215.839,217.045,218.128,219.123,220.108,221.231,222.75,225.094
540.0,81.734,91.478,100.803,109.778,118.447,126.837,134.957,142.801,150.346,157.553,164.368,170.716,176.507,181.637,185.994,189.465,191.963,193.449,193.967,193.683,192.89,191.973,191.312,191.148,191.501,192.214,193.082,193.986,194.912,195.898,196.968,198.127,199.374,200.705,202.116,203.598,205.141,206.728,208.339,209.952,211.537,213.065,214.507,215.839,217.045,218.128,219.123,220.108,221.231,222.75,225.094
600.0,81.714,91.448,100.765,109.731,118.394,126.777,134.892,142.731,150.272,157.477,164.291,170.64,176.435,181.57,185.933,189.414,191.922,193.419,193.949,193.675,192.889,191.977,191.317,191.151,191.503,192.214,193.082,193.986,194.912,195.897,196.967,198.127,199.374,200.705,202.116,203.598,205.141,206.728,208.339,209.952,211.537,213.065,214.507,215.839,217.045,218.128,219.123,220.108,221.231,222.75,225.094
660.0,81.693,91.418,100.726,109.685,118.34,126.717,134.826,142.66,150.198,157.402,164.215,170.565,176.363,181.503,185.873,189.362,191.881,193.389,193.931,193.667,192.889,191.981,191.322,191.155,191.504,192.214,193.082,193.985,194.912,195.897,196.967,198.127,199.374,200.705,202.116,203.598,205.141,206.728,208.339,209.952,211.537,213.065,214.507,215.839,217.045,218.128,219.123,220.108,221.231,222.75,225.094
720.0,81.673,91.389,100.688,109.639,118.286,126.657,134.76,142.59,150.125,157.326,164.139,170.49,176.291,181.436,185.813,189.311,191.84,193.36,193.913,193.659,192.888,191.985,191.327,191.158,191.506,192.214,193.081,193.985,194.912,195.897,196.967,198.127,199.374,200.705,202.116,203.598,205.141,206.728,208.339,209.952,211.537,213.065,214.507,215.839,217.045,218.128,219.123,220.108,221.231,222.75,225.094
780.0,81.652,91.359,100.65,109.593,118.233,126.597,134.695,142.521,150.052,157.251,164.063,170.416,176.219,181.369,185.753,189.259,191.799,193.33,193.894,193.651,192.888,191.988,191.331,191.162,191.507,192.215,193.081,193.985,194.912,195.897,196.967,198.127,199.374,200.705,202.116,203.598,205.141,206.728,208.339,209.951,211.537,213.065,214.507,215.839,217.045,218.128,219.123,220.108,221.231,222.75,225.094
840.0,81.632,91.329,100.611,109.547,118.18,126.538,134.63,142.451,149.979,157.176,163.988,170.341,176.147,181.302,185.693,189.208,191.758,193.3,193.876,193.642,192.887,191.992,191.336,191.165,191.509,192.215,193.081,193.985,194.912,195.897,196.967,198.127,199.374,200.705,202.116,203.598,205.14,206.728,208.339,209.951,211.537,213.065,214.507,215.839,217.045,218.128,219.123,220.108,221.231,222.75,225.094
900.0,81.612,91.3,100.573,109.501,118.127,126.479,134.565,142.382,149.906,157.101,163.912,170.267,176.076,181.235,185.633,189.157,191.717,193.271,193.858,193.634,192.887,191.996,191.341,191.169,191.511,192.215,193.081,193.984,194.912,195.897,196.967,198.127,199.374,200.705,202.116,203.598,205.14,206.728,208.339,209.951,211.537,213.065,214.507,215.839,217.045,218.128,219.123,220.108,221.231,222.75,225.094
960.0,81.592,91.271,100.536,109.455,118.074,126.419,134.501,142.313,149.834,157.027,163.837,170.192,176.004,181.169,185.573,189.106,191.676,193.241,193.839,193.626,192.886,191.999,191.345,191.172,191.512,192.216,193.081,193.984,194.912,195.897,196.967,198.127,199.374,200.705,202.115,203.598,205.14,206.727,208.339,209.951,211.536,213.065,214.507,215.839,217.045,218.128,219.123,220.108,221.231,222.75,225.094
1020.0,81.572,91.241,100.498,109.409,118.021,126.36,134.436,142.244,149.761,156.952,163.762,170.118,175.933,181.102,185.513,189.054,191.635,193.211,193.821,193.617,192.885,192.003,191.35,191.175,191.514,192.216,193.08,193.984,194.911,195.897,196.967,198.127,199.374,200.705,202.115,203.598,205.14,206.727,208.339,209.951,211.536,213.065,214.507,215.839,217.045,218.128,219.123,220.108,221.231,222.75,225.094
1080.0,81.552,91.212,100.46,109.364,117.969,126.301,134.372,142.175,149.689,156.878,163.687,170.044,175.862,181.036,185.453,189.003,191.594,193.181,193.802,193.609,192.884,192.006,191.354,191.179,191.516,192.216,193.08,193.984,194.911,195.897,196.967,198.127,199.374,200.705,202.115,203.598,205.14,206.727,208.339,209.951,211.536,213.065,214.507,215.839,217.045,218.128,219.123,220.108,221.231,222.75,225.094
1140.0,81.532,91.183,100.423,109.319,117.916,126.243,134.308,142.106,149.617,156.804,163.612,169.971,175.791,180.969,185.394,188.952,191.553,193.152,193.783,193.6,192.883,192.01,191.359,191.182,191.517,192.217,193.08,193.984,194.911,195.897,196.967,198.127,199.374,200.705,202.115,203.598,205.14,206.727,208.339,209.951,211.536,213.065,214.507,215.839,217.045,218.128,219.123,220.108,221.231,222.75,225.094
1200.0,81.512,91.154,100.385,109.273,117.864,126.184,134.244,142.038,149.545,156.73,163.538,169.897,175.72,180.903,185.334,188.901,191.512,193.122,193.765,193.592,192.882,192.013,191.364,191.186,191.519,192.217,193.08,193.983,194.911,195.897,196.967,198.127,199.373,200.705,202.115,203.598,205.14,206.727,208.339,209.951,211.536,213.065,214.507,215.839,217.045,218.128,219.123,220.108,221.231,222.75,225.094
1260.0,81.492,91.125,100.348,109.228,117.812,126.126,134.18,141.969,149.474,156.656,163.463,169.824,175.649,180.837,185.275,188.85,191.471,193.092,193.746,193.583,192.881,192.017,191.368,191.189,191.521,192.217,193.08,193.983,194.911,195.897,196.967,198.127,199.373,200.705,202.115,203.598,205.14,206.727,208.339,209.951,211.536,213.065,214.507,215.839,217.045,218.128,219.123,220.108,221.231,222.75,225.094
1320.0,81.472,91.096,100.311,109.183,117.76,126.068,134.116,141.901,149.402,156.583,163.389,169.75,175.579,180.771,185.215,188.799,191.43,193.062,193.727,193.574,192.88,192.02,191.373,191.193,191.522,192.218,193.079,193.983,194.911,195.897,196.967,198.126,199.373,200.705,202.115,203.598,205.14,206.727,208.339,209.951,211.536,213.065,214.507,215.839,217.045,218.128,219.123,220.108,221.231,222.75,225.094
1380.0,81.452,91.067,100.273,109.139,117.708,126.01,134.053,141.834,149.331,156.509,163.315,169.677,175.508,180.705,185.156,188.748,191.389,193.032,193.708,193.566,192.879,192.023,191.377,191.196,191.524,192.218,193.079,193.983,194.911,195.897,196.967,198.126,199.373,200.704,202.115,203.598,205.14,206.727,208.339,209.951,211.536,213.065,214.507,215.839,217.045,218.128,219.123,220.108,221.231,222.75,225.094
1440.0,81.432,91.039,100.236,109.094,117.657,125.952,133.99,141.766,149.26,156.436,163.241,169.604,175.438,180.64,185.097,188.697,191.349,193.002,193.69,193.557,192.878,192.027,191.382,191.2,191.526,192.218,193.079,193.983,194.911,195.897,196.967,198.126,199.373,200.704,202.115,203.598,205.14,206.727,208.339,209.951,211.536,213.065,214.507,215.839,217.045,218.128,219.123,220.108,221.231,222.75,225.094
1500.0,81.413,91.01,100.199,109.049,117.605,125.894,133.927,141.698,149.189,156.363,163.168,169.532,175.368,180.574,185.038,188.647,191.308,192.972,193.671,193.548,192.877,192.03,191.386,191.203,191.527,192.219,193.079,193.982,194.911,195.897,196.967,198.126,199.373,200.704,202.115,203.597,205.14,206.727,208.339,209.951,211.536,213.065,214.507,215.839,217.045,218.128,219.123,220.108,221.231,222.75,225.094
1560.0,81.393,90.981,100.163,109.005,117.554,125.836,133.864,141.631,149.119,156.291,163.094,169.459,175.298,180.509,184.979,188.596,191.267,192.942,193.652,193.539,192.876,192.033,191.391,191.207,191.529,192.219,193.079,193.982,194.91,195.897,196.967,198.126,199.373,200.704,202.115,203.597,205.14,206.727,208.339,209.951,211.536,213.065,214.507,215.839,217.044,218.128,219.123,220.108,221.231,222.75,225.094
1620.0,81.373,90.953,100.126,108.961,117.503,125.779,133.801,141.564,149.048,156.218,163.021,169.387,175.228,180.443,184.92,188.545,191.226,192.912,193.633,193.53,192.874,192.036,191.395,191.21,191.531,192.219,193.078,193.982,194.91,195.897,196.967,198.126,199.373,200.704,202.115,203.597,205.14,206.727,208.339,209.951,211.536,213.065,214.507,215.839,217.044,218.128,219.123,220.108,221.231,222.75,225.094
1680.0,81.354,90.925,100.089,108.916,117.452,125.722,133.738,141.497,148.978,156.146,162.948,169.314,175.159,180.378,184.861,188.494,191.185,192.882,193.614,193.521,192.873,192.039,191.399,191.213,191.532,192.22,193.078,193.982,194.91,195.897,196.967,198.126,199.373,200.704,202.115,203.597,205.14,206.727,208.339,209.951,211.536,213.065,214.507,215.838,217.044,218.128,219.123,220.108,221.231,222.75,225.094
1740.0,81.334,90.896,100.053,108.872,117.401,125.665,133.676,141.43,148.908,156.074,162.875,169.242,175.089,180.313,184.802,188.444,191.144,192.852,193.595,193.512,192.871,192.042,191.404,191.217,191.534,192.22,193.078,193.982,194.91,195.896,196.967,198.126,199.373,200.704,202.115,203.597,205.14,206.727,208.339,209.951,211.536,213.065,214.507,215.838,217.044,218.128,219.123,220.108,221.231,222.75,225.094
1800.0,81.315,90.868,100.016,108.828,117.35,125.608,133.614,141.364,148.838,156.001,162.802,169.17,175.02,180.248,184.743,188.393,191.103,192.822,193.576,193.503,192.87,192.045,191.408,191.22,191.536,192.22,193.078,193.981,194.91,195.896,196.967,198.126,199.373,200.704,202.115,203.597,205.14,206.727,208.339,209.951,211.536,213.064,214.507,215.838,217.044,218.128,219.123,220.108,221.231,222.75,225.094
1860.0,81.295,90.84,99.98,108.785,117.299,125.551,133.552,141.297,148.768,155.93,162.73,169.099,174.95,180.183,184.685,188.343,191.062,192.792,193.556,193.493,192.868,192.048,191.412,191.224,191.537,192.221,193.078,193.981,194.91,195.896,196.966,198.126,199.373,200.704,202.115,203.597,205.14,206.727,208.339,209.951,211.536,213.064,214.507,215.838,217.044,218.128,219.123,220.108,221.231,222.75,225.094
1920.0,81.276,90.812,99.944,108.741,117.249,125.495,133.49,141.231,148.699,155.858,162.657,169.027,174.881,180.118,184.626,188.292,191.022,192.762,193.537,193.484,192.867,192.051,191.417,191.227,191.539,192.221,193.077,193.981,194.91,195.896,196.966,198.126,199.373,200.704,202.115,203.597,205.14,206.727,208.339,209.951,211.536,213.064,214.507,215.838,217.044,218.128,219.123,220.108,221.231,222.75,225.094
1980.0,81.257,90.784,99.908,108.697,117.198,125.438,133.428,141.165,148.629,155.787,162.585,168.956,174.812,180.054,184.568,188.242,190.981,192.732,193.518,193.475,192.865,192.054,191.421,191.23,191.541,192.221,193.077,193.981,194.91,195.896,196.966,198.126,199.373,200.704,202.115,203.597,205.14,206.727,208.339,209.951,211.536,213.064,214.507,215.838,217.044,218.128,219.123,220.108,221.231,222.75,225.094
2040.0,81.238,90.756,99.872,108.654,117.148,125.382,133.367,141.099,148.56,155.715,162.513,168.884,174.743,179.989,184.509,188.192,190.94,192.701,193.499,193.465,192.863,192.057,191.425,191.234,191.542,192.222,193.077,193.98,194.91,195.896,196.966,198.126,199.373,200.704,202.115,203.597,205.14,206.727,208.339,209.951,211.536,213.064,214.507,215.838,217.044,218.128,219.123,220.108,221.231,222.75,225.094
2100.0,81.218,90.728,99.836,108.611,117.098,125.326,133.305,141.034,148.491,155.644,162.441,168.813,174.675,179.925,184.451,188.141,190.899,192.671,193.479,193.456,192.862,192.06,191.43,191.237,191.544,192.222,193.077,193.98,194.909,195.896,196.966,198.126,199.373,200.704,202.115,203.597,205.14,206.727,208.339,209.951,211.536,213.064,214.507,215.838,217.044,218.128,219.123,220.108,221.231,222.75,225.094
2160.0,81.199,90.7,99.8,108.568,117.048,125.27,133.244,140.968,148.422,155.573,162.369,168.742,174.606,179.86,184.393,188.091,190.859,192.641,193.46,193.446,192.86,192.063,191.434,191.241,191.546,192.223,193.077,193.98,194.909,195.896,196.966,198.126,199.373,200.704,202.115,203.597,205.14,206.727,208.339,209.951,211.536,213.064,214.507,215.838,217.044,218.128,219.123,220.108,221.231,222.75,225.094
2220.0,81.18,90.672,99.764,108.524,116.998,125.214,133.183,140.903,148.354,155.502,162.298,168.671,174.538,179.796,184.335,188.041,190.818,192.611,193.44,193.437,192.858,192.066,191.438,191.244,191.548,192.223,193.077,193.98,194.909,195.896,196.966,198.126,199.373,200.704,202.115,203.597,205.14,206.727,208.338,209.951,211.536,213.064,214.507,215.838,217.044,218.128,219.123,220.108,221.231,222.75,225.094
2280.0,81.161,90.645,99.729,108.482,116.949,125.158,133.122,140.838,148.285,155.432,162.226,168.601,174.47,179.732,184.277,187.991,190.777,192.581,193.421,193.427,192.856,192.068,191.442,191.247,191.549,192.223,193.076,193.98,194.909,195.896,196.966,198.126,199.373,200.704,202.115,203.597,205.14,206.727,208.338,209.951,211.536,213.064,214.507,215.838,217.044,218.128,219.123,220.108,221.231,222.75,225.094
2340.0,81.142,90.617,99.693,108.439,116.899,125.103,133.062,140.773,148.217,155.361,162.155,168.53,174.401,179.668,184.219,187.94,190.736,192.55,193.401,193.417,192.854,192.071,191.447,191.251,191.551,192.224,193.076,193.979,194.909,195.896,196.966,198.126,199.373,200.704,202.114,203.597,205.139,206.727,208.338,209.951,211.536,213.064,214.507,215.838,217.044,218.128,219.123,220.108,221.231,222.75,225.094
2400.0,81.123,90.59,99.658,108.396,116.85,125.048,133.001,140.708,148.149,155.291,162.084,168.46,174.333,179.604,184.161,187.89,190.696,192.52,193.382,193.408,192.852,192.074,191.451,191.254,191.553,192.224,193.076,193.979,194.909,195.896,196.966,198.126,199.372,200.704,202.114,203.597,205.139,206.727,208.338,209.951,211.536,213.064,214.507,215.838,217.044,218.128,219.123,220.108,221.231,222.75,225.094
2460.0,81.104,90.562,99.623,108.353,116.801,124.993,132.941,140.643,148.081,155.221,162.013,168.39,174.266,179.54,184.103,187.84,190.655,192.49,193.362,193.398,192.85,192.076,191.455,191.258,191.554,192.224,193.076,193.979,194.909,195.896,196.966,198.126,199.372,200.704,202.114,203.597,205.139,206.727,208.338,209.951,211.536,213.064,214.507,215.838,217.044,218.128,219.123,220.108,221.231,222.75,225.094
2520.0,81.085,90.535,99.587,108.311,116.752,124.937,132.881,140.579,148.013,155.151,161.943,168.32,174.198,179.477,184.045,187.79,190.614,192.46,193.343,193.388,192.848,192.079,191.459,191.261,191.556,192.225,193.076,193.979,194.909,195.896,196.966,198.125,199.372,200.704,202.114,203.597,205.139,206.727,208.338,209.951,211.536,213.064,214.507,215.838,217.044,218.128,219.123,220.108,221.231,222.75,225.094
2580.0,81.066,90.508,99.552,108.269,116.703,124.883,132.821,140.514,147.946,155.082,161.872,168.25,174.13,179.413,183.988,187.74,190.574,192.429,193.323,193.378,192.846,192.081,191.463,191.264,191.558,192.225,193.076,193.979,194.909,195.896,196.966,198.125,199.372,200.704,202.114,203.597,205.139,206.726,208.338,209.951,211.536,213.064,214.507,215.838,217.044,218.128,219.123,220.108,221.231,222.751,225.094
2640.0,81.048,90.48,99.517,108.226,116.654,124.828,132.761,140.45,147.878,155.012,161.802,168.18,174.063,179.35,183.93,187.69,190.533,192.399,193.303,193.368,192.843,192.084,191.467,191.268,191.56,192.226,193.075,193.978,194.908,195.896,196.966,198.125,199.372,200.704,202.114,203.597,205.139,206.726,208.338,209.951,211.536,213.064,214.507,215.838,217.044,218.128,219.123,220.108,221.231,222.751,225.094
2700.0,81.029,90.453,99.482,108.184,116.605,124.773,132.701,140.386,147.811,154.943,161.731,168.11,173.995,179.286,183.872,187.641,190.492,192.369,193.283,193.358,192.841,192.086,191.471,191.271,191.561,192.226,193.075,193.978,194.908,195.896,196.966,198.125,199.372,200.703,202.114,203.597,205.139,206.726,208.338,209.951,211.536,213.064,214.507,215.838,217.044,218.128,219.123,220.108,221.231,222.751,225.094
2760.0,81.01,90.426,99.448,108.142,116.557,124.719,132.642,140.322,147.744,154.874,161.661,168.041,173.928,179.223,183.815,187.591,190.452,192.338,193.264,193.348,192.839,192.089,191.475,191.274,191.563,192.227,193.075,193.978,194.908,195.896,196.966,198.125,199.372,200.703,202.114,203.597,205.139,206.726,208.338,209.95,211.536,213.064,214.507,215.838,217.044,218.128,219.123,220.108,221.231,222.751,225.094
2820.0,80.992,90.399,99.413,108.1,116.508,124.665,132.582,140.259,147.677,154.805,161.592,167.972,173.861,179.16,183.758,187.541,190.411,192.308,193.244,193.338,192.836,192.091,191.479,191.278,191.565,192.227,193.075,193.978,194.908,195.895,196.966,198.125,199.372,200.703,202.114,203.597,205.139,206.726,208.338,209.95,211.536,213.064,214.507,215.838,217.044,218.128,219.123,220.108,221.231,222.751,225.094
2880.0,80.973,90.372,99.378,108.059,116.46,124.611,132.523,140.195,147.61,154.736,161.522,167.903,173.794,179.097,183.701,187.491,190.37,192.277,193.224,193.328,192.834,192.094,191.483,191.281,191.567,192.227,193.075,193.978,194.908,195.895,196.966,198.125,199.372,200.703,202.114,203.596,205.139,206.726,208.338,209.95,211.536,213.064,214.507,215.838,217.044,218.128,219.123,220.108,221.231,222.751,225.094
2940.0,80.954,90.346,99.344,108.017,116.412,124.557,132.464,140.132,147.544,154.667,161.452,167.834,173.727,179.034,183.643,187.442,190.33,192.247,193.204,193.318,192.831,192.096,191.487,191.284,191.568,192.228,193.075,193.977,194.908,195.895,196.966,198.125,199.372,200.703,202.114,203.596,205.139,206.726,208.338,209.95,211.536,213.064,214.507,215.838,217.044,218.128,219.123,220.108,221.231,222.751,225.094
3000.0,80.936,90.319,99.309,107.975,116.364,124.503,132.405,140.069,147.478,154.598,161.383,167.765,173.661,178.971,183.586,187.392,190.289,192.217,193.184,193.307,192.829,192.098,191.491,191.288,191.57,192.228,193.074,193.977,194.908,195.895,196.966,198.125,199.372,200.703,202.114,203.596,205.139,206.726,208.338,209.95,211.536,213.064,214.507,215.838,217.044,218.128,219.123,220.108,221.231,222.751,225.094
3060.0,80.917,90.292,99.275,107.934,116.316,124.449,132.346,140.006,147.411,154.53,161.314,167.696,173.594,178.909,183.529,187.343,190.249,192.186,193.164,193.297,192.826,192.1,191.495,191.291,191.572,192.229,193.074,193.977,194.908,195.895,196.965,198.125,199.372,200.703,202.114,203.596,205.139,206.726,208.338,209.95,211.536,213.064,214.506,215.838,217.044,218.128,219.123,220.108,221.231,222.751,225.094
3120.0,80.899,90.265,99.241,107.893,116.268,124.395,132.288,139.943,147.345,154.462,161.245,167.628,173.528,178.846,183.472,187.293,190.208,192.156,193.144,193.287,192.824,192.102,191.499,191.294,191.574,192.229,193.074,193.977,194.908,195.895,196.965,198.125,199.372,200.703,202.114,203.596,205.139,206.726,208.338,209.95,211.536,213.064,214.506,215.838,217.044,218.128,219.123,220.108,221.231,222.751,225.094
3180.0,80.881,90.239,99.206,107.851,116.22,124.342,132.229,139.881,147.279,154.394,161.176,167.559,173.461,178.784,183.416,187.244,190.168,192.125,193.124,193.276,192.821,192.105,191.503,191.298,191.575,192.23,193.074,193.977,194.907,195.895,196.965,198.125,199.372,200.703,202.114,203.596,205.139,206.726,208.338,209.95,211.535,213.064,214.506,215.838,217.044,218.128,219.123,220.108,221.231,222.751,225.094
3240.0,80.862,90.212,99.172,107.81,116.173,124.289,132.171,139.818,147.214,154.326,161.107,167.491,173.395,178.721,183.359,187.194,190.127,192.095,193.104,193.266,192.818,192.107,191.507,191.301,191.577,192.23,193.074,193.976,194.907,195.895,196.965,198.125,199.372,200.703,202.114,203.596,205.139,206.726,208.338,209.95,211.535,213.064,214.506,215.838,217.044,218.128,219.123,220.108,221.231,222.751,225.094
3300.0,80.844,90.186,99.138,107.769,116.126,124.236,132.113,139.756,147.148,154.258,161.038,167.423,173.329,178.659,183.302,187.145,190.087,192.064,193.084,193.255,192.815,192.109,191.511,191.304,191.579,192.23,193.074,193.976,194.907,195.895,196.965,198.125,199.372,200.703,202.114,203.596,205.139,206.726,208.338,209.95,211.535,213.064,214.506,215.838,217.044,218.128,219.123,220.108,221.231,222.751,225.094
3360.0,80.826,90.16,99.104,107.729,116.078,124.183,132.055,139.694,147.083,154.191,160.97,167.355,173.263,178.597,183.245,187.095,190.046,192.034,193.063,193.245,192.813,192.111,191.514,191.307,191.581,192.231,193.074,193.976,194.907,195.895,196.965,198.125,199.372,200.703,202.114,203.596,205.139,206.726,208.338,209.95,211.535,213.064,214.506,215.838,217.044,218.128,219.123,220.108,221.231,222.751,225.094
3420.0,80.808,90.133,99.071,107.688,116.031,124.13,131.997,139.632,147.018,154.124,160.902,167.287,173.198,178.535,183.189,187.046,190.006,192.003,193.043,193.234,192.81,192.113,191.518,191.311,191.582,192.231,193.073,193.976,194.907,195.895,196.965,198.125,199.372,200.703,202.114,203.596,205.139,206.726,208.338,209.95,211.535,213.064,214.506,215.838,217.044,218.128,219.123,220.108,221.231,222.751,225.094
3480.0,80.789,90.107,99.037,107.647,115.984,124.077,131.94,139.57,146.953,154.056,160.833,167.219,173.132,178.473,183.132,186.997,189.965,191.973,193.023,193.223,192.807,192.115,191.522,191.314,191.584,192.232,193.073,193.976,194.907,195.895,196.965,198.125,199.372,200.703,202.114,203.596,205.139,206.726,208.338,209.95,211.535,213.064,214.506,215.838,217.044,218.128,219.123,220.108,221.231,222.751,225.094
3540.0,80.771,90.081,99.003,107.607,115.937,124.025,131.882,139.508,146.888,153.989,160.766,167.152,173.066,178.411,183.076,186.948,189.925,191.942,193.003,193.213,192.804,192.117,191.526,191.317,191.586,192.232,193.073,193.975,194.907,195.895,196.965,198.125,199.372,200.703,202.114,203.596,205.139,206.726,208.338,209.95,211.535,213.064,214.506,215.838,217.044,218.128,219.123,220.108,221.231,222.751,225.094
3600.0,80.753,90.055,98.97,107.566,115.891,123.972,131.825,139.447,146.823,153.922,160.698,167.085,173.001,178.35,183.02,186.899,189.885,191.912,192.982,193.202,192.801,192.119,191.53,191.321,191.588,192.233,193.073,193.975,194.907,195.895,196.965,198.125,199.372,200.703,202.114,203.596,205.139,206.726,208.338,209.95,211.535,213.064,214.506,215.838,217.044,218.128,219.123,220.108,221.231,222.751,225.094
3660.0,80.735,90.029,98.936,107.526,115.844,123.92,131.768,139.385,146.758,153.856,160.63,167.017,172.936,178.288,182.964,186.85,189.844,191.881,192.962,193.191,192.798,192.12,191.533,191.324,191.589,192.233,193.073,193.975,194.907,195.895,196.965,198.125,199.371,200.703,202.113,203.596,205.139,206.726,208.338,209.95,211.535,213.064,214.506,215.838,217.044,218.128,219.123,220.108,221.231,222.751,225.094
3720.0,80.717,90.003,98.903,107.486,115.798,123.868,131.71,139.324,146.694,153.789,160.563,166.95,172.871,178.226,182.908,186.801,189.804,191.851,192.942,193.18,192.794,192.122,191.537,191.327,191.591,192.234,193.073,193.975,194.906,195.895,196.965,198.124,199.371,200.703,202.113,203.596,205.139,206.726,208.338,209.95,211.535,213.064,214.506,215.838,217.044,218.128,219.123,220.108,221.231,222.751,225.094
3780.0,80.699,89.977,98.87,107.446,115.751,123.816,131.654,139.263,146.63,153.723,160.495,166.883,172.806,178.165,182.851,186.752,189.764,191.82,192.921,193.169,192.791,192.124,191.541,191.33,191.593,192.234,193.073,193.975,194.906,195.895,196.965,198.124,199.371,200.703,202.113,203.596,205.139,206.726,208.338,209.95,211.535,213.064,214.506,215.838,217.044,218.128,219.123,220.108,221.231,222.751,225.094
3840.0,80.681,89.951,98.837,107.406,115.705,123.764,131.597,139.202,146.566,153.657,160.428,166.816,172.741,178.104,182.795,186.703,189.723,191.789,192.901,193.158,192.788,192.126,191.544,191.334,191.595,192.235,193.073,193.974,194.906,195.894,196.965,198.124,199.371,200.703,202.113,203.596,205.138,206.726,208.338,209.95,211.535,213.064,214.506,215.838,217.044,218.128,219.123,220.108,221.231,222.751,225.094
3900.0,80.664,89.926,98.803,107.366,115.659,123.712,131.54,139.142,146.502,153.59,160.361,166.75,172.676,178.043,182.74,186.654,189.683,191.759,192.88,193.147,192.785,192.127,191.548,191.337,191.596,192.235,193.072,193.974,194.906,195.894,196.965,198.124,199.371,200.703,202.113,203.596,205.138,206.726,208.338,209.95,211.535,213.064,214.506,215.838,217.044,218.128,219.123,220.108,221.231,222.751,225.094
3960.0,80.646,89.9,98.77,107.326,115.613,123.661,131.484,139.081,146.438,153.525,160.294,166.683,172.611,177.981,182.684,186.605,189.643,191.728,192.86,193.136,192.781,192.129,191.552,191.34,191.598,192.236,193.072,193.974,194.906,195.894,196.965,198.124,199.371,200.702,202.113,203.596,205.138,206.726,208.338,209.95,211.535,213.064,214.506,215.838,217.044,218.128,219.123,220.108,221.231,222.751,225.094
4020.0,80.628,89.874,98.738,107.286,115.567,123.609,131.427,139.021,146.374,153.459,160.227,166.617,172.547,177.92,182.628,186.556,189.602,191.698,192.839,193.125,192.778,192.131,191.555,191.343,191.6,192.236,193.072,193.974,194.906,195.894,196.965,198.124,199.371,200.702,202.113,203.596,205.138,206.726,208.337,209.95,211.535,213.064,214.506,215.838,217.044,218.128,219.123,220.108,221.231,222.751,225.094
4080.0,80.61,89.849,98.705,107.247,115.521,123.558,131.371,138.96,146.311,153.393,160.161,166.551,172.483,177.86,182.572,186.508,189.562,191.667,192.818,193.114,192.775,192.132,191.559,191.346,191.602,192.237,193.072,193.974,194.906,195.894,196.965,198.124,199.371,200.702,202.113,203.596,205.138,206.726,208.337,209.95,211.535,213.064,214.506,215.838,217.044,218.128,219.123,220.108,221.231,222.751,225.094
4140.0,80.593,89.823,98.672,107.207,115.476,123.507,131.315,138.9,146.248,153.328,160.094,166.485,172.418,177.799,182.517,186.459,189.522,191.636,192.798,193.103,192.771,192.134,191.562,191.35,191.604,192.237,193.072,193.973,194.906,195.894,196.965,198.124,199.371,200.702,202.113,203.596,205.138,206.726,208.337,209.95,211.535,213.064,214.506,215.838,217.044,218.128,219.123,220.108,221.231,222.751,225.094
4200.0,80.575,89.798,98.639,107.168,115.43,123.456,131.259,138.84,146.185,153.262,160.028,166.419,172.354,177.738,182.461,186.41,189.482,191.606,192.777,193.092,192.768,192.135,191.566,191.353,191.605,192.238,193.072,193.973,194.906,195.894,196.965,198.124,199.371,200.702,202.113,203.596,205.138,206.725,208.337,209.95,211.535,213.064,214.506,215.838,217.044,218.128,219.123,220.108,221.231,222.751,225.094
4260.0,80.557,89.772,98.607,107.129,115.385,123.405,131.204,138.781,146.122,153.197,159.962,166.353,172.29,177.678,182.406,186.362,189.441,191.575,192.756,193.08,192.764,192.137,191.569,191.356,191.607,192.238,193.072,193.973,194.905,195.894,196.965,198.124,199.371,200.702,202.113,203.596,205.138,206.725,208.337,209.95,211.535,213.064,214.506,215.838,217.044,218.128,219.123,220.108,221.231,222.751,225.094
4320.0,80.54,89.747,98.574,107.089,115.34,123.354,131.148,138.721,146.059,153.132,159.896,166.287,172.226,177.617,182.351,186.313,189.401,191.544,192.736,193.069,192.76,192.138,191.573,191.359,191.609,192.239,193.072,193.973,194.905,195.894,196.964,198.124,199.371,200.702,202.113,203.595,205.138,206.725,208.337,209.95,211.535,213.064,214.506,215.838,217.044,218.128,219.123,220.108,221.231,222.751,225.094
4380.0,80.522,89.722,98.542,107.05,115.294,123.304,131.093,138.661,145.996,153.067,159.83,166.222,172.163,177.557,182.295,186.265,189.361,191.514,192.715,193.058,192.757,192.139,191.576,191.362,191.611,192.239,193.072,193.973,194.905,195.894,196.964,198.124,199.371,200.702,202.113,203.595,205.138,206.725,208.337,209.95,211.535,213.063,214.506,215.838,217.044,218.128,219.123,220.108,221.231,222.751,225.094
4440.0,80.505,89.697,98.51,107.011,115.249,123.253,131.037,138.602,145.934,153.003,159.764,166.156,172.099,177.496,182.24,186.216,189.321,191.483,192.694,193.046,192.753,192.141,191.58,191.365,191.612,192.24,193.071,193.972,194.905,195.894,196.964,198.124,199.371,200.702,202.113,203.595,205.138,206.725,208.337,209.95,211.535,213.063,214.506,215.838,217.044,218.128,219.123,220.108,221.231,222.751,225.094
4500.0,80.487,89.672,98.477,106.973,115.205,123.203,130.982,138.543,145.871,152.938,159.699,166.091,172.035,177.436,182.185,186.168,189.281,191.452,192.673,193.035,192.749,192.142,191.583,191.369,191.614,192.24,193.071,193.972,194.905,195.894,196.964,198.124,199.371,200.702,202.113,203.595,205.138,206.725,208.337,209.95,211.535,213.063,214.506,215.838,217.044,218.128,219.123,220.108,221.231,222.751,225.094
4560.0,80.47,89.647,98.445,106.934,115.16,123.153,130.927,138.484,145.809,152.874,159.633,166.026,171.972,177.376,182.13,186.12,189.241,191.421,192.652,193.023,192.745,192.143,191.587,191.372,191.616,192.241,193.071,193.972,194.905,195.894,196.964,198.124,199.371,200.702,202.113,203.595,205.138,206.725,208.337,209.95,211.535,213.063,214.506,215.838,217.044,218.128,219.123,220.108,221.231,222.751,225.095
4620.0,80.453,89.622,98.413,106.895,115.115,123.103,130.872,138.425,145.747,152.81,159.568,165.961,171.909,177.316,182.075,186.071,189.201,191.391,192.632,193.012,192.741,192.145,191.59,191.375,191.618,192.241,193.071,193.972,194.905,195.894,196.964,198.124,199.371,200.702,202.113,203.595,205.138,206.725,208.337,209.95,211.535,213.063,214.506,215.838,217.044,218.128,219.123,220.108,221.231,222.751,225.095
4680.0,80.435,89.597,98.381,106.857,115.071,123.053,130.818,138.366,145.685,152.746,159.503,165.896,171.846,177.256,182.02,186.023,189.161,191.36,192.611,193.0,192.738,192.146,191.593,191.378,191.62,192.242,193.071,193.972,194.905,195.894,196.964,198.124,199.371,200.702,202.113,203.595,205.138,206.725,208.337,209.95,211.535,213.063,214.506,215.838,217.044,218.128,219.123,220.108,221.231,222.751,225.095
4740.0,80.418,89.572,98.349,106.818,115.026,123.003,130.763,138.308,145.623,152.682,159.438,165.831,171.783,177.197,181.965,185.975,189.121,191.329,192.59,192.988,192.734,192.147,191.597,191.381,191.621,192.242,193.071,193.971,194.905,195.894,196.964,198.124,199.371,200.702,202.113,203.595,205.138,206.725,208.337,209.949,211.535,213.063,214.506,215.838,217.044,218.128,219.123,220.108,221.231,222.751,225.095
4800.0,80.401,89.547,98.317,106.78,114.982,122.953,130.709,138.249,145.562,152.618,159.373,165.767,171.72,177.137,181.911,185.927,189.081,191.298,192.569,192.977,192.73,192.148,191.6,191.384,191.623,192.243,193.071,193.971,194.904,195.894,196.964,198.124,199.371,200.702,202.113,203.595,205.138,206.725,208.337,209.949,211.535,213.063,214.506,215.838,217.044,218.128,219.123,220.108,221.231,222.751,225.095
4860.0,80.384,89.522,98.286,106.742,114.938,122.903,130.654,138.191,145.5,152.554,159.309,165.702,171.657,177.077,181.856,185.879,189.041,191.268,192.548,192.965,192.726,192.149,191.603,191.387,191.625,192.243,193.071,193.971,194.904,195.893,196.964,198.124,199.37,200.702,202.113,203.595,205.138,206.725,208.337,209.949,211.535,213.063,214.506,215.838,217.044,218.128,219.123,220.108,221.231,222.751,225.095
4920.0,80.367,89.498,98.254,106.704,114.894,122.854,130.6,138.133,145.439,152.491,159.244,165.638,171.594,177.018,181.801,185.831,189.001,191.237,192.527,192.953,192.721,192.15,191.606,191.391,191.627,192.244,193.071,193.971,194.904,195.893,196.964,198.123,199.37,200.702,202.113,203.595,205.138,206.725,208.337,209.949,211.535,213.063,214.506,215.838,217.044,218.128,219.123,220.108,221.231,222.751,225.095
4980.0,80.349,89.473,98.222,106.666,114.85,122.805,130.546,138.075,145.378,152.427,159.18,165.574,171.532,176.959,181.747,185.783,188.961,191.206,192.506,192.941,192.717,192.151,191.61,191.394,191.629,192.244,193.071,193.971,194.904,195.893,196.964,198.123,199.37,200.702,202.112,203.595,205.138,206.725,208.337,209.949,211.535,213.063,214.506,215.838,217.044,218.128,219.123,220.108,221.231,222.751,225.095
5040.0,80.332,89.449,98.191,106.628,114.806,122.755,130.492,138.017,145.317,152.364,159.115,165.51,171.469,176.899,181.692,185.735,188.921,191.175,192.484,192.929,192.713,192.152,191.613,191.397,191.63,192.245,193.071,193.97,194.904,195.893,196.964,198.123,199.37,200.702,202.112,203.595,205.138,206.725,208.337,209.949,211.535,213.063,214.506,215.838,217.044,218.128,219.123,220.108,221.231,222.751,225.095
5100.0,80.315,89.424,98.16,106.59,114.762,122.706,130.438,137.959,145.256,152.301,159.051,165.446,171.407,176.84,181.638,185.687,188.881,191.145,192.463,192.918,192.709,192.153,191.616,191.4,191.632,192.246,193.07,193.97,194.904,195.893,196.964,198.123,199.37,200.702,202.112,203.595,205.138,206.725,208.337,209.949,211.535,213.063,214.506,215.838,217.044,218.128,219.123,220.108,221.231,222.751,225.095
5160.0,80.298,89.4,98.128,106.552,114.718,122.657,130.385,137.901,145.195,152.238,158.987,165.382,171.345,176.781,181.584,185.639,188.841,191.114,192.442,192.906,192.705,192.154,191.619,191.403,191.634,192.246,193.07,193.97,194.904,195.893,196.964,198.123,199.37,200.702,202.112,203.595,205.138,206.725,208.337,209.949,211.535,213.063,214.506,215.838,217.044,218.128,219.123,220.108,221.231,222.751,225.095
5220.0,80.281,89.375,98.097,106.514,114.675,122.609,130.331,137.844,145.135,152.175,158.923,165.318,171.283,176.722,181.53,185.591,188.801,191.083,192.421,192.894,192.7,192.155,191.623,191.406,191.636,192.247,193.07,193.97,194.904,195.893,196.964,198.123,199.37,200.701,202.112,203.595,205.138,206.725,208.337,209.949,211.535,213.063,214.506,215.838,217.044,218.128,219.123,220.108,221.231,222.751,225.095
5280.0,80.264,89.351,98.066,106.477,114.631,122.56,130.278,137.787,145.074,152.113,158.86,165.255,171.221,176.663,181.475,185.543,188.761,191.052,192.4,192.882,192.696,192.156,191.626,191.409,191.638,192.247,193.07,193.97,194.904,195.893,196.964,198.123,199.37,200.701,202.112,203.595,205.138,206.725,208.337,209.949,211.535,213.063,214.506,215.838,217.044,218.128,219.123,220.108,221.231,222.751,225.095
5340.0,80.248,89.327,98.035,106.439,114.588,122.511,130.225,137.73,145.014,152.05,158.796,165.191,171.159,176.605,181.421,185.496,188.721,191.021,192.379,192.869,192.692,192.156,191.629,191.412,191.639,192.248,193.07,193.97,194.903,195.893,196.964,198.123,199.37,200.701,202.112,203.595,205.137,206.725,208.337,209.949,211.535,213.063,214.506,215.838,217.044,218.128,219.123,220.108,221.231,222.751,225.095
5400.0,80.231,89.303,98.004,106.402,114.545,122.463,130.171,137.673,144.954,151.988,158.733,165.128,171.097,176.546,181.367,185.448,188.682,190.991,192.357,192.857,192.687,192.157,191.632,191.415,191.641,192.248,193.07,193.969,194.903,195.893,196.964,198.123,199.37,200.701,202.112,203.595,205.137,206.725,208.337,209.949,211.534,213.063,214.506,215.838,217.044,218.128,219.123,220.108,221.231,222.751,225.095
5460.0,80.214,89.279,97.973,106.365,114.502,122.414,130.118,137.616,144.894,151.926,158.669,165.065,171.035,176.487,181.314,185.4,188.642,190.96,192.336,192.845,192.683,192.158,191.635,191.418,191.643,192.249,193.07,193.969,194.903,195.893,196.964,198.123,199.37,200.701,202.112,203.595,205.137,206.725,208.337,209.949,211.534,213.063,214.506,215.838,217.044,218.128,219.123,220.108,221.231,222.751,225.095
5520.0,80.197,89.255,97.942,106.328,114.459,122.366,130.066,137.559,144.834,151.864,158.606,165.002,170.974,176.429,181.26,185.353,188.602,190.929,192.315,192.833,192.678,192.159,191.638,191.421,191.645,192.249,193.07,193.969,194.903,195.893,196.963,198.123,199.37,200.701,202.112,203.595,205.137,206.725,208.337,209.949,211.534,213.063,214.506,215.838,217.044,218.128,219.123,220.108,221.231,222.751,225.095
5580.0,80.18,89.231,97.911,106.29,114.416,122.318,130.013,137.502,144.774,151.802,158.543,164.939,170.913,176.371,181.206,185.305,188.562,190.898,192.293,192.821,192.673,192.159,191.641,191.424,191.647,192.25,193.07,193.969,194.903,195.893,196.963,198.123,199.37,200.701,202.112,203.595,205.137,206.725,208.337,209.949,211.534,213.063,214.506,215.837,217.044,218.128,219.123,220.108,221.231,222.751,225.095
5640.0,80.164,89.207,97.88,106.253,114.373,122.27,129.96,137.446,144.715,151.74,158.48,164.876,170.851,176.312,181.152,185.258,188.523,190.867,192.272,192.808,192.669,192.16,191.644,191.427,191.648,192.251,193.07,193.969,194.903,195.893,196.963,198.123,199.37,200.701,202.112,203.595,205.137,206.725,208.337,209.949,211.534,213.063,214.506,215.837,217.044,218.128,219.123,220.108,221.231,222.751,225.095
5700.0,80.147,89.183,97.85,106.217,114.331,122.222,129.908,137.389,144.655,151.679,158.418,164.814,170.79,176.254,181.099,185.211,188.483,190.837,192.25,192.796,192.664,192.16,191.647,191.43,191.65,192.251,193.07,193.968,194.903,195.893,196.963,198.123,199.37,200.701,202.112,203.595,205.137,206.725,208.337,209.949,211.534,213.063,214.506,215.837,217.044,218.128,219.123,220.108,221.231,222.751,225.095
5760.0,80.131,89.159,97.819,106.18,114.288,122.175,129.856,137.333,144.596,151.617,158.355,164.751,170.729,176.196,181.045,185.163,188.443,190.806,192.229,192.784,192.659,192.161,191.65,191.433,191.652,192.252,193.07,193.968,194.903,195.893,196.963,198.123,199.37,200.701,202.112,203.594,205.137,206.725,208.336,209.949,211.534,213.063,214.506,215.837,217.044,218.128,219.123,220.108,221.231,222.751,225.095
5820.0,80.114,89.135,97.789,106.143,114.246,122.127,129.803,137.277,144.537,151.556,158.293,164.689,170.668,176.138,180.992,185.116,188.404,190.775,192.208,192.771,192.655,192.161,191.653,191.436,191.654,192.252,193.07,193.968,194.903,195.893,196.963,198.123,199.37,200.701,202.112,203.594,205.137,206.724,208.336,209.949,211.534,213.063,214.506,215.837,217.044,218.128,219.123,220.108,221.231,222.751,225.095
5880.0,80.097,89.111,97.758,106.106,114.203,122.08,129.751,137.221,144.478,151.495,158.23,164.627,170.607,176.08,180.938,185.069,188.364,190.744,192.186,192.759,192.65,192.162,191.656,191.439,191.656,192.253,193.07,193.968,194.902,195.892,196.963,198.123,199.37,200.701,202.112,203.594,205.137,206.724,208.336,209.949,211.534,213.063,214.506,215.837,217.044,218.128,219.123,220.108,221.231,222.751,225.095
5940.0,80.081,89.088,97.728,106.07,114.161,122.032,129.699,137.165,144.419,151.433,158.168,164.564,170.547,176.022,180.885,185.021,188.324,190.713,192.165,192.746,192.645,192.162,191.659,191.442,191.658,192.254,193.07,193.968,194.902,195.892,196.963,198.123,199.37,200.701,202.112,203.594,205.137,206.724,208.336,209.949,211.534,213.063,214.506,215.837,217.044,218.128,219.123,220.108,221.231,222.751,225.095
6000.0,80.064,89.064,97.698,106.034,114.119,121.985,129.648,137.11,144.36,151.373,158.106,164.502,170.486,175.965,180.832,184.974,188.285,190.682,192.143,192.734,192.64,192.163,191.662,191.445,191.659,192.254,193.069,193.967,194.902,195.892,196.963,198.123,199.37,200.701,202.112,203.594,205.137,206.724,208.336,209.949,211.534,213.063,214.506,215.837,217.044,218.128,219.123,220.108,221.231,222.751,225.095
6060.0,80.048,89.041,97.668,105.997,114.077,121.938,129.596,137.054,144.301,151.312,158.044,164.441,170.426,175.907,180.779,184.927,188.245,190.651,192.121,192.721,192.635,192.163,191.664,191.448,191.661,192.255,193.069,193.967,194.902,195.892,196.963,198.123,199.369,200.701,202.112,203.594,205.137,206.724,208.336,209.949,211.534,213.063,214.506,215.837,217.044,218.128,219.123,220.108,221.231,222.751,225.095
6120.0,80.032,89.017,97.637,105.961,114.035,121.891,129.544,136.999,144.243,151.251,157.982,164.379,170.365,175.849,180.726,184.88,188.206,190.621,192.1,192.709,192.63,192.163,191.667,191.451,191.663,192.255,193.069,193.967,194.902,195.892,196.963,198.122,199.369,200.701,202.112,203.594,205.137,206.724,208.336,209.949,211.534,213.063,214.505,215.837,217.044,218.128,219.123,220.108,221.231,222.751,225.095
6180.0,80.015,88.994,97.607,105.925,113.993,121.844,129.493,136.944,144.185,151.191,157.921,164.317,170.305,175.792,180.673,184.833,188.166,190.59,192.078,192.696,192.625,192.164,191.67,191.454,191.665,192.256,193.069,193.967,194.902,195.892,196.963,198.122,199.369,200.701,202.112,203.594,205.137,206.724,208.336,209.949,211.534,213.063,214.505,215.837,217.044,218.128,219.123,220.108,221.231,222.751,225.095
6240.0,79.999,88.97,97.577,105.889,113.952,121.797,129.442,136.888,144.126,151.13,157.859,164.256,170.245,175.735,180.62,184.786,188.127,190.559,192.057,192.683,192.62,192.164,191.673,191.457,191.667,192.257,193.069,193.967,194.902,195.892,196.963,198.122,199.369,200.701,202.112,203.594,205.137,206.724,208.336,209.949,211.534,213.063,214.505,215.837,217.044,218.128,219.123,220.108,221.231,222.751,225.095
6300.0,79.983,88.947,97.548,105.853,113.91,121.75,129.391,136.833,144.068,151.07,157.798,164.194,170.185,175.677,180.567,184.739,188.087,190.528,192.035,192.671,192.615,192.164,191.676,191.46,191.668,192.257,193.069,193.967,194.902,195.892,196.963,198.122,199.369,200.701,202.111,203.594,205.137,206.724,208.336,209.949,211.534,213.063,214.505,215.837,217.044,218.128,219.123,220.108,221.231,222.751,225.095
6360.0,79.966,88.924,97.518,105.817,113.869,121.704,129.34,136.779,144.01,151.01,157.736,164.133,170.125,175.62,180.514,184.692,188.048,190.497,192.013,192.658,192.61,192.164,191.678,191.463,191.67,192.258,193.069,193.966,194.902,195.892,196.963,198.122,199.369,200.701,202.111,203.594,205.137,206.724,208.336,209.949,211.534,213.063,214.505,215.837,217.044,218.128,219.123,220.108,221.231,222.751,225.095
6420.0,79.95,88.901,97.488,105.781,113.827,121.657,129.289,136.724,143.953,150.95,157.675,164.072,170.065,175.563,180.461,184.646,188.008,190.466,191.992,192.645,192.605,192.164,191.681,191.466,191.672,192.258,193.069,193.966,194.901,195.892,196.963,198.122,199.369,200.701,202.111,203.594,205.137,206.724,208.336,209.949,211.534,213.063,214.505,215.837,217.044,218.128,219.123,220.108,221.231,222.751,225.095
6480.0,79.934,88.877,97.458,105.745,113.786,121.611,129.238,136.669,143.895,150.89,157.614,164.011,170.005,175.506,180.409,184.599,187.969,190.435,191.97,192.632,192.599,192.165,191.684,191.469,191.674,192.259,193.069,193.966,194.901,195.892,196.963,198.122,199.369,200.7,202.111,203.594,205.137,206.724,208.336,209.949,211.534,213.063,214.505,215.837,217.044,218.128,219.123,220.108,221.231,222.751,225.095
6540.0,79.918,88.854,97.429,105.71,113.745,121.565,129.187,136.615,143.837,150.83,157.553,163.95,169.946,175.449,180.356,184.552,187.929,190.405,191.948,192.619,192.594,192.165,191.686,191.472,191.676,192.26,193.069,193.966,194.901,195.892,196.963,198.122,199.369,200.7,202.111,203.594,205.137,206.724,208.336,209.949,211.534,213.063,214.505,215.837,217.044,218.128,219.123,220.108,221.231,222.751,225.095
6600.0,79.902,88.831,97.399,105.674,113.704,121.519,129.137,136.56,143.78,150.771,157.493,163.889,169.886,175.393,180.304,184.506,187.89,190.374,191.926,192.606,192.589,192.165,191.689,191.475,191.677,192.26,193.069,193.966,194.901,195.892,196.963,198.122,199.369,200.7,202.111,203.594,205.137,206.724,208.336,209.949,211.534,213.063,214.505,215.837,217.044,218.128,219.123,220.108,221.231,222.751,225.095
6660.0,79.886,88.808,97.37,105.639,113.663,121.473,129.086,136.506,143.723,150.711,157.432,163.829,169.827,175.336,180.251,184.459,187.851,190.343,191.905,192.593,192.583,192.165,191.692,191.477,191.679,192.261,193.069,193.966,194.901,195.892,196.963,198.122,199.369,200.7,202.111,203.594,205.137,206.724,208.336,209.948,211.534,213.063,214.505,215.837,217.044,218.128,219.123,220.108,221.231,222.751,225.095
6720.0,79.87,88.785,97.341,105.603,113.622,121.427,129.036,136.452,143.666,150.652,157.372,163.768,169.768,175.279,180.199,184.412,187.811,190.312,191.883,192.58,192.578,192.165,191.694,191.48,191.681,192.261,193.069,193.965,194.901,195.892,196.962,198.122,199.369,200.7,202.111,203.594,205.137,206.724,208.336,209.948,211.534,213.063,214.505,215.837,217.044,218.128,219.123,220.108,221.231,222.751,225.095
6780.0,79.854,88.762,97.311,105.568,113.581,121.381,128.986,136.398,143.609,150.593,157.311,163.708,169.708,175.223,180.146,184.366,187.772,190.281,191.861,192.567,192.573,192.165,191.697,191.483,191.683,192.262,193.069,193.965,194.901,195.892,196.962,198.122,199.369,200.7,202.111,203.594,205.137,206.724,208.336,209.948,211.534,213.063,214.505,215.837,217.044,218.128,219.123,220.108,221.231,222.751,225.095
6840.0,79.838,88.74,97.282,105.533,113.54,121.336,128.936,136.344,143.552,150.534,157.251,163.647,169.649,175.167,180.094,184.319,187.733,190.25,191.839,192.554,192.567,192.164,191.699,191.486,191.685,192.263,193.069,193.965,194.901,195.891,196.962,198.122,199.369,200.7,202.111,203.594,205.136,206.724,208.336,209.948,211.534,213.063,214.505,215.837,217.043,218.128,219.123,220.108,221.231,222.751,225.095
6900.0,79.822,88.717,97.253,105.498,113.5,121.29,128.886,136.291,143.495,150.475,157.191,163.587,169.59,175.11,180.042,184.273,187.694,190.219,191.817,192.541,192.562,192.164,191.702,191.489,191.687,192.263,193.069,193.965,194.9,195.891,196.962,198.122,199.369,200.7,202.111,203.594,205.136,206.724,208.336,209.948,211.534,213.063,214.505,215.837,217.043,218.128,219.123,220.108,221.231,222.751,225.095
6960.0,79.806,88.694,97.224,105.463,113.459,121.245,128.836,136.237,143.438,150.416,157.131,163.527,169.532,175.054,179.99,184.227,187.654,190.188,191.795,192.528,192.556,192.164,191.704,191.492,191.688,192.264,193.069,193.965,194.9,195.891,196.962,198.122,199.369,200.7,202.111,203.594,205.136,206.724,208.336,209.948,211.534,213.062,214.505,215.837,217.043,218.128,219.123,220.108,221.231,222.751,225.095
7020.0,79.79,88.671,97.195,105.428,113.419,121.199,128.786,136.183,143.382,150.357,157.071,163.467,169.473,174.998,179.938,184.18,187.615,190.158,191.773,192.515,192.55,192.164,191.707,191.495,191.69,192.265,193.069,193.965,194.9,195.891,196.962,198.122,199.369,200.7,202.111,203.594,205.136,206.724,208.336,209.948,211.534,213.062,214.505,215.837,217.043,218.128,219.123,220.108,221.231,222.751,225.095
7080.0,79.774,88.649,97.166,105.393,113.379,121.154,128.737,136.13,143.325,150.299,157.011,163.407,169.414,174.942,179.886,184.134,187.576,190.127,191.751,192.502,192.545,192.164,191.709,191.497,191.692,192.265,193.069,193.964,194.9,195.891,196.962,198.122,199.369,200.7,202.111,203.594,205.136,206.724,208.336,209.948,211.534,213.062,214.505,215.837,217.043,218.128,219.123,220.108,221.231,222.751,225.095
7140.0,79.759,88.626,97.137,105.358,113.339,121.109,128.687,136.077,143.269,150.24,156.952,163.348,169.356,174.886,179.834,184.088,187.537,190.096,191.729,192.489,192.539,192.163,191.712,191.5,191.694,192.266,193.069,193.964,194.9,195.891,196.962,198.122,199.369,200.7,202.111,203.593,205.136,206.724,208.336,209.948,211.534,213.062,214.505,215.837,217.043,218.128,219.123,220.108,221.231,222.751,225.095
7200.0,79.743,88.604,97.108,105.324,113.298,121.064,128.638,136.024,143.213,150.182,156.892,163.288,169.297,174.83,179.783,184.042,187.498,190.065,191.707,192.475,192.533,192.163,191.714,191.503,191.696,192.267,193.069,193.964,194.9,195.891,196.962,198.122,199.369,200.7,202.111,203.593,205.136,206.724,208.336,209.948,211.534,213.062,214.505,215.837,217.043,218.128,219.123,220.108,221.231,222.751,225.095
7260.0,79.727,88.581,97.079,105.289,113.258,121.019,128.588,135.971,143.157,150.124,156.833,163.229,169.239,174.774,179.731,183.995,187.459,190.034,191.685,192.462,192.528,192.163,191.717,191.506,191.697,192.267,193.069,193.964,194.9,195.891,196.962,198.122,199.369,200.7,202.111,203.593,205.136,206.724,208.336,209.948,211.534,213.062,214.505,215.837,217.043,218.128,219.123,220.108,221.231,222.751,225.095
7320.0,79.711,88.559,97.051,105.255,113.219,120.974,128.539,135.918,143.101,150.066,156.774,163.169,169.181,174.719,179.679,183.949,187.42,190.003,191.663,192.449,192.522,192.162,191.719,191.508,191.699,192.268,193.069,193.964,194.9,195.891,196.962,198.121,199.368,200.7,202.111,203.593,205.136,206.724,208.336,209.948,211.534,213.062,214.505,215.837,217.043,218.128,219.123,220.108,221.231,222.751,225.095
7380.0,79.696,88.537,97.022,105.22,113.179,120.93,128.49,135.865,143.046,150.008,156.714,163.11,169.123,174.663,179.628,183.903,187.381,189.972,191.641,192.435,192.516,192.162,191.721,191.511,191.701,192.269,193.069,193.963,194.9,195.891,196.962,198.121,199.368,200.7,202.111,203.593,205.136,206.724,208.336,209.948,211.534,213.062,214.505,215.837,217.043,218.128,219.123,220.108,221.231,222.751,225.095
7440.0,79.68,88.514,96.994,105.186,113.139,120.885,128.441,135.813,142.99,149.95,156.655,163.051,169.065,174.608,179.576,183.857,187.342,189.941,191.619,192.422,192.51,192.161,191.724,191.514,191.703,192.269,193.069,193.963,194.899,195.891,196.962,198.121,199.368,200.7,202.111,203.593,205.136,206.723,208.336,209.948,211.534,213.062,214.505,215.837,217.043,218.128,219.123,220.108,221.231,222.751,225.095
7500.0,79.665,88.492,96.965,105.152,113.099,120.841,128.393,135.76,142.935,149.893,156.597,162.992,169.007,174.552,179.525,183.811,187.303,189.91,191.597,192.408,192.504,192.161,191.726,191.517,191.705,192.27,193.069,193.963,194.899,195.891,196.962,198.121,199.368,200.7,202.111,203.593,205.136,206.723,208.335,209.948,211.534,213.062,214.505,215.837,217.043,218.128,219.123,220.108,221.231,222.751,225.095
7560.0,79.649,88.47,96.937,105.117,113.06,120.796,128.344,135.708,142.879,149.835,156.538,162.933,168.949,174.497,179.473,183.766,187.264,189.88,191.575,192.395,192.498,192.16,191.728,191.52,191.706,192.27,193.069,193.963,194.899,195.891,196.962,198.121,199.368,200.7,202.111,203.593,205.136,206.723,208.335,209.948,211.534,213.062,214.505,215.837,217.043,218.128,219.123,220.108,221.231,222.751,225.095
7620.0,79.633,88.448,96.908,105.083,113.021,120.752,128.295,135.656,142.824,149.778,156.479,162.874,168.891,174.442,179.422,183.72,187.225,189.849,191.553,192.381,192.492,192.16,191.731,191.522,191.708,192.271,193.069,193.963,194.899,195.891,196.962,198.121,199.368,200.7,202.111,203.593,205.136,206.723,208.335,209.948,211.533,213.062,214.505,215.837,217.043,218.128,219.123,220.108,221.231,222.751,225.095
7680.0,79.618,88.426,96.88,105.049,112.981,120.708,128.247,135.604,142.769,149.72,156.421,162.816,168.834,174.387,179.371,183.674,187.186,189.818,191.531,192.368,192.486,192.159,191.733,191.525,191.71,192.272,193.069,193.963,194.899,195.891,196.962,198.121,199.368,200.7,202.11,203.593,205.136,206.723,208.335,209.948,211.533,213.062,214.505,215.837,217.043,218.128,219.123,220.108,221.231,222.751,225.095
7740.0,79.603,88.404,96.852,105.015,112.942,120.664,128.199,135.552,142.714,149.663,156.362,162.757,168.776,174.332,179.32,183.628,187.147,189.787,191.508,192.354,192.48,192.159,191.735,191.528,191.712,192.273,193.069,193.962,194.899,195.891,196.962,198.121,199.368,200.699,202.11,203.593,205.136,206.723,208.335,209.948,211.533,213.062,214.505,215.837,217.043,218.128,219.123,220.108,221.231,222.751,225.095
7800.0,79.587,88.382,96.824,104.982,112.903,120.62,128.151,135.5,142.659,149.606,156.304,162.699,168.719,174.277,179.269,183.582,187.108,189.756,191.486,192.341,192.474,192.158,191.737,191.53,191.714,192.273,193.069,193.962,194.899,195.89,196.962,198.121,199.368,200.699,202.11,203.593,205.136,206.723,208.335,209.948,211.533,213.062,214.505,215.837,217.043,218.128,219.123,220.108,221.231,222.751,225.095
7860.0,79.572,88.36,96.796,104.948,112.864,120.576,128.102,135.448,142.604,149.549,156.246,162.64,168.662,174.222,179.218,183.537,187.069,189.725,191.464,192.327,192.468,192.157,191.74,191.533,191.715,192.274,193.069,193.962,194.899,195.89,196.962,198.121,199.368,200.699,202.11,203.593,205.136,206.723,208.335,209.948,211.533,213.062,214.505,215.837,217.043,218.128,219.123,220.108,221.231,222.751,225.095
7920.0,79.556,88.338,96.768,104.914,112.825,120.532,128.054,135.396,142.55,149.493,156.188,162.582,168.604,174.167,179.167,183.491,187.03,189.694,191.442,192.313,192.462,192.156,191.742,191.536,191.717,192.275,193.069,193.962,194.899,195.89,196.961,198.121,199.368,200.699,202.11,203.593,205.136,206.723,208.335,209.948,211.533,213.062,214.505,215.837,217.043,218.128,219.123,220.108,221.231,222.751,225.095
7980.0,79.541,88.316,96.74,104.88,112.786,120.489,128.007,135.345,142.495,149.436,156.13,162.524,168.547,174.112,179.116,183.446,186.992,189.663,191.419,192.3,192.455,192.156,191.744,191.538,191.719,192.275,193.069,193.962,194.898,195.89,196.961,198.121,199.368,200.699,202.11,203.593,205.136,206.723,208.335,209.948,211.533,213.062,214.505,215.837,217.043,218.128,219.123,220.108,221.231,222.751,225.095
8040.0,79.526,88.294,96.712,104.847,112.747,120.445,127.959,135.293,142.441,149.379,156.072,162.466,168.49,174.058,179.065,183.4,186.953,189.633,191.397,192.286,192.449,192.155,191.746,191.541,191.721,192.276,193.069,193.962,194.898,195.89,196.961,198.121,199.368,200.699,202.11,203.593,205.136,206.723,208.335,209.948,211.533,213.062,214.505,215.837,217.043,218.128,219.123,220.108,221.231,222.751,225.095
8100.0,79.511,88.272,96.684,104.813,112.709,120.402,127.911,135.242,142.387,149.323,156.015,162.408,168.434,174.003,179.014,183.355,186.914,189.602,191.375,192.272,192.443,192.154,191.748,191.544,191.723,192.277,193.069,193.962,194.898,195.89,196.961,198.121,199.368,200.699,202.11,203.593,205.136,206.723,208.335,209.948,211.533,213.062,214.505,215.837,217.043,218.128,219.123,220.108,221.231,222.751,225.095
8160.0,79.495,88.251,96.656,104.78,112.67,120.359,127.864,135.191,142.332,149.267,155.957,162.35,168.377,173.949,178.964,183.309,186.875,189.571,191.353,192.258,192.436,192.153,191.75,191.546,191.725,192.277,193.069,193.961,194.898,195.89,196.961,198.121,199.368,200.699,202.11,203.593,205.136,206.723,208.335,209.948,211.533,213.062,214.505,215.837,217.043,218.128,219.123,220.108,221.231,222.751,225.095
8220.0,79.48,88.229,96.629,104.747,112.632,120.315,127.816,135.14,142.278,149.21,155.9,162.293,168.32,173.894,178.913,183.264,186.837,189.54,191.33,192.244,192.43,192.152,191.752,191.549,191.726,192.278,193.069,193.961,194.898,195.89,196.961,198.121,199.368,200.699,202.11,203.593,205.136,206.723,208.335,209.948,211.533,213.062,214.505,215.837,217.043,218.128,219.123,220.108,221.231,222.751,225.095
8280.0,79.465,88.207,96.601,104.714,112.593,120.272,127.769,135.089,142.225,149.154,155.842,162.235,168.264,173.84,178.862,183.219,186.798,189.509,191.308,192.23,192.424,192.151,191.754,191.552,191.728,192.279,193.069,193.961,194.898,195.89,196.961,198.121,199.368,200.699,202.11,203.593,205.136,206.723,208.335,209.948,211.533,213.062,214.505,215.837,217.043,218.128,219.123,220.108,221.231,222.751,225.095
8340.0,79.45,88.186,96.573,104.68,112.555,120.229,127.722,135.038,142.171,149.098,155.785,162.178,168.207,173.786,178.812,183.173,186.759,189.478,191.285,192.217,192.417,192.15,191.756,191.554,191.73,192.279,193.069,193.961,194.898,195.89,196.961,198.121,199.368,200.699,202.11,203.593,205.135,206.723,208.335,209.948,211.533,213.062,214.505,215.837,217.043,218.128,219.123,220.108,221.231,222.751,225.095
8400.0,79.435,88.164,96.546,104.647,112.517,120.186,127.675,134.987,142.117,149.043,155.728,162.12,168.151,173.732,178.762,183.128,186.721,189.447,191.263,192.203,192.411,192.149,191.758,191.557,191.732,192.28,193.069,193.961,194.898,195.89,196.961,198.121,199.368,200.699,202.11,203.593,205.135,206.723,208.335,209.948,211.533,213.062,214.505,215.837,217.043,218.128,219.123,220.108,221.232,222.751,225.095
8460.0,79.42,88.143,96.519,104.614,112.479,120.143,127.628,134.937,142.064,148.987,155.671,162.063,168.094,173.678,178.711,183.083,186.682,189.416,191.241,192.189,192.404,192.148,191.76,191.56,191.734,192.281,193.069,193.961,194.897,195.89,196.961,198.121,199.368,200.699,202.11,203.593,205.135,206.723,208.335,209.948,211.533,213.062,214.505,215.837,217.043,218.128,219.123,220.108,221.232,222.751,225.095
8520.0,79.405,88.122,96.491,104.581,112.441,120.101,127.581,134.886,142.01,148.931,155.614,162.006,168.038,173.624,178.661,183.038,186.643,189.386,191.218,192.175,192.398,192.147,191.762,191.562,191.735,192.281,193.069,193.96,194.897,195.89,196.961,198.12,199.367,200.699,202.11,203.593,205.135,206.723,208.335,209.948,211.533,213.062,214.505,215.837,217.043,218.128,219.123,220.108,221.232,222.751,225.095
8580.0,79.39,88.1,96.464,104.549,112.403,120.058,127.534,134.836,141.957,148.876,155.557,161.949,167.982,173.57,178.611,182.993,186.605,189.355,191.196,192.161,192.391,192.146,191.764,191.565,191.737,192.282,193.069,193.96,194.897,195.89,196.961,198.12,199.367,200.699,202.11,203.592,205.135,206.723,208.335,209.948,211.533,213.062,214.505,215.837,217.043,218.127,219.123,220.108,221.232,222.751,225.095
8640.0,79.375,88.079,96.437,104.516,112.365,120.016,127.487,134.786,141.904,148.821,155.501,161.892,167.926,173.516,178.561,182.948,186.566,189.324,191.173,192.147,192.384,192.145,191.766,191.567,191.739,192.283,193.069,193.96,194.897,195.89,196.961,198.12,199.367,200.699,202.11,203.592,205.135,206.723,208.335,209.947,211.533,213.062,214.505,215.837,217.043,218.127,219.123,220.108,221.232,222.751,225.095
8700.0,79.36,88.058,96.41,104.483,112.327,119.973,127.441,134.736,141.851,148.765,155.444,161.836,167.87,173.463,178.511,182.903,186.528,189.293,191.151,192.132,192.378,192.144,191.768,191.57,191.741,192.284,193.069,193.96,194.897,195.89,196.961,198.12,199.367,200.699,202.11,203.592,205.135,206.723,208.335,209.947,211.533,213.062,214.505,215.837,217.043,218.127,219.123,220.108,221.232,222.751,225.095
8760.0,79.345,88.036,96.382,104.451,112.289,119.931,127.394,134.686,141.798,148.71,155.388,161.779,167.815,173.409,178.461,182.858,186.489,189.262,191.128,192.118,192.371,192.143,191.77,191.572,191.742,192.284,193.069,193.96,194.897,195.889,196.961,198.12,199.367,200.699,202.11,203.592,205.135,206.723,208.335,209.947,211.533,213.062,214.505,215.837,217.043,218.127,219.123,220.108,221.232,222.751,225.095
8820.0,79.33,88.015,96.355,104.418,112.252,119.889,127.348,134.636,141.745,148.655,155.332,161.722,167.759,173.356,178.411,182.813,186.451,189.231,191.106,192.104,192.364,192.141,191.771,191.575,191.744,192.285,193.069,193.96,194.897,195.889,196.961,198.12,199.367,200.699,202.11,203.592,205.135,206.723,208.335,209.947,211.533,213.062,214.505,215.837,217.043,218.127,219.123,220.108,221.232,222.751,225.095
8880.0,79.315,87.994,96.328,104.386,112.214,119.847,127.302,134.586,141.692,148.6,155.275,161.666,167.703,173.302,178.361,182.768,186.413,189.201,191.083,192.09,192.357,192.14,191.773,191.577,191.746,192.286,193.069,193.959,194.897,195.889,196.961,198.12,199.367,200.699,202.11,203.592,205.135,206.723,208.335,209.947,211.533,213.062,214.505,215.837,217.043,218.127,219.123,220.108,221.232,222.751,225.095
8940.0,79.3,87.973,96.301,104.353,112.177,119.805,127.256,134.536,141.639,148.546,155.219,161.61,167.648,173.249,178.311,182.723,186.374,189.17,191.061,192.076,192.35,192.139,191.775,191.58,191.748,192.286,193.069,193.959,194.897,195.889,196.961,198.12,199.367,200.699,202.11,203.592,205.135,206.723,208.335,209.947,211.533,213.062,214.505,215.837,217.043,218.127,219.123,220.108,221.232,222.751,225.095
9000.0,79.286,87.952,96.275,104.321,112.139,119.763,127.21,134.486,141.587,148.491,155.163,161.553,167.593,173.196,178.262,182.679,186.336,189.139,191.038,192.061,192.344,192.138,191.777,191.582,191.75,192.287,193.069,193.959,194.896,195.889,196.961,198.12,199.367,200.698,202.109,203.592,205.135,206.723,208.335,209.947,211.533,213.062,214.505,215.837,217.043,218.127,219.123,220.108,221.232,222.751,225.095
9060.0,79.271,87.931,96.248,104.289,112.102,119.721,127.164,134.437,141.535,148.436,155.108,161.497,167.537,173.142,178.212,182.634,186.298,189.108,191.016,192.047,192.337,192.136,191.778,191.585,191.751,192.288,193.069,193.959,194.896,195.889,196.961,198.12,199.367,200.698,202.109,203.592,205.135,206.722,208.335,209.947,211.533,213.062,214.505,215.837,217.043,218.127,219.123,220.108,221.232,222.751,225.095
9120.0,79.256,87.91,96.221,104.257,112.065,119.679,127.118,134.388,141.482,148.382,155.052,161.441,167.482,173.089,178.162,182.589,186.259,189.077,190.993,192.033,192.33,192.135,191.78,191.587,191.753,192.289,193.069,193.959,194.896,195.889,196.96,198.12,199.367,200.698,202.109,203.592,205.135,206.722,208.335,209.947,211.533,213.062,214.505,215.837,217.043,218.127,219.123,220.108,221.232,222.751,225.095
9180.0,79.241,87.889,96.194,104.225,112.028,119.637,127.072,134.338,141.43,148.328,154.996,161.385,167.427,173.036,178.113,182.545,186.221,189.047,190.971,192.019,192.323,192.133,191.782,191.59,191.755,192.289,193.069,193.959,194.896,195.889,196.96,198.12,199.367,200.698,202.109,203.592,205.135,206.722,208.335,209.947,211.533,213.062,214.505,215.837,217.043,218.127,219.123,220.108,221.232,222.751,225.095
9240.0,79.227,87.868,96.168,104.193,111.991,119.596,127.026,134.289,141.378,148.273,154.941,161.329,167.372,172.983,178.063,182.5,186.183,189.016,190.948,192.004,192.316,192.132,191.783,191.592,191.757,192.29,193.069,193.959,194.896,195.889,196.96,198.12,199.367,200.698,202.109,203.592,205.135,206.722,208.335,209.947,211.533,213.062,214.504,215.837,217.043,218.127,219.123,220.108,221.232,222.751,225.095
9300.0,79.212,87.848,96.141,104.161,111.954,119.554,126.981,134.24,141.326,148.219,154.885,161.274,167.317,172.931,178.014,182.456,186.144,188.985,190.925,191.99,192.309,192.13,191.785,191.595,191.759,192.291,193.069,193.958,194.896,195.889,196.96,198.12,199.367,200.698,202.109,203.592,205.135,206.722,208.334,209.947,211.533,213.062,214.504,215.837,217.043,218.127,219.123,220.108,221.232,222.751,225.095
9360.0,79.197,87.827,96.115,104.129,111.917,119.513,126.936,134.191,141.274,148.165,154.83,161.218,167.262,172.878,177.965,182.411,186.106,188.954,190.903,191.975,192.302,192.129,191.787,191.597,191.76,192.291,193.069,193.958,194.896,195.889,196.96,198.12,199.367,200.698,202.109,203.592,205.135,206.722,208.334,209.947,211.533,213.062,214.504,215.837,217.043,218.127,219.123,220.108,221.232,222.751,225.095
9420.0,79.183,87.806,96.088,104.097,111.881,119.472,126.89,134.142,141.223,148.111,154.775,161.163,167.208,172.825,177.915,182.367,186.068,188.923,190.88,191.961,192.295,192.127,191.788,191.6,191.762,192.292,193.07,193.958,194.896,195.889,196.96,198.12,199.367,200.698,202.109,203.592,205.135,206.722,208.334,209.947,211.533,213.062,214.504,215.837,217.043,218.127,219.123,220.108,221.232,222.751,225.095
9480.0,79.168,87.786,96.062,104.065,111.844,119.431,126.845,134.094,141.171,148.058,154.72,161.107,167.153,172.773,177.866,182.323,186.03,188.893,190.857,191.946,192.287,192.126,191.79,191.602,191.764,192.293,193.07,193.958,194.896,195.889,196.96,198.12,199.367,200.698,202.109,203.592,205.135,206.722,208.334,209.947,211.533,213.062,214.504,215.836,217.043,218.127,219.123,220.108,221.232,222.751,225.095
9540.0,79.154,87.765,96.036,104.034,111.807,119.39,126.8,134.045,141.12,148.004,154.665,161.052,167.098,172.72,177.817,182.278,185.992,188.862,190.835,191.932,192.28,192.124,191.791,191.605,191.766,192.294,193.07,193.958,194.895,195.889,196.96,198.12,199.367,200.698,202.109,203.592,205.135,206.722,208.334,209.947,211.533,213.061,214.504,215.836,217.043,218.127,219.123,220.108,221.232,222.751,225.095
9600.0,79.139,87.744,96.009,104.002,111.771,119.349,126.755,133.997,141.068,147.951,154.61,160.997,167.044,172.668,177.768,182.234,185.954,188.831,190.812,191.917,192.273,192.122,191.793,191.607,191.767,192.294,193.07,193.958,194.895,195.889,196.96,198.12,199.367,200.698,202.109,203.592,205.135,206.722,208.334,209.947,211.533,213.061,214.504,215.836,217.043,218.127,219.123,220.108,221.232,222.751,225.095
9660.0,79.125,87.724,95.983,103.971,111.734,119.308,126.71,133.948,141.017,147.897,154.555,160.942,166.99,172.615,177.719,182.19,185.916,188.8,190.789,191.903,192.266,192.121,191.795,191.609,191.769,192.295,193.07,193.958,194.895,195.888,196.96,198.12,199.367,200.698,202.109,203.592,205.135,206.722,208.334,209.947,211.533,213.061,214.504,215.836,217.043,218.127,219.123,220.108,221.232,222.752,225.095
9720.0,79.11,87.703,95.957,103.939,111.698,119.267,126.665,133.9,140.966,147.844,154.501,160.887,166.935,172.563,177.67,182.146,185.877,188.769,190.767,191.888,192.258,192.119,191.796,191.612,191.771,192.296,193.07,193.957,194.895,195.888,196.96,198.119,199.366,200.698,202.109,203.592,205.135,206.722,208.334,209.947,211.533,213.061,214.504,215.836,217.043,218.127,219.123,220.108,221.232,222.752,225.095
9780.0,79.096,87.683,95.931,103.908,111.662,119.226,126.62,133.852,140.915,147.791,154.446,160.832,166.881,172.511,177.621,182.102,185.839,188.739,190.744,191.874,192.251,192.117,191.797,191.614,191.773,192.297,193.07,193.957,194.895,195.888,196.96,198.119,199.366,200.698,202.109,203.592,205.135,206.722,208.334,209.947,211.533,213.061,214.504,215.836,217.043,218.127,219.123,220.108,221.232,222.752,225.095
9840.0,79.082,87.663,95.905,103.876,111.626,119.186,126.576,133.804,140.864,147.738,154.392,160.777,166.827,172.459,177.573,182.057,185.801,188.708,190.721,191.859,192.244,192.116,191.799,191.616,191.775,192.297,193.07,193.957,194.895,195.888,196.96,198.119,199.366,200.698,202.109,203.592,205.134,206.722,208.334,209.947,211.532,213.061,214.504,215.836,217.043,218.127,219.123,220.108,221.232,222.752,225.095
9900.0,79.067,87.642,95.879,103.845,111.59,119.145,126.531,133.756,140.813,147.685,154.337,160.722,166.773,172.407,177.524,182.013,185.763,188.677,190.698,191.844,192.236,192.114,191.8,191.619,191.776,192.298,193.07,193.957,194.895,195.888,196.96,198.119,199.366,200.698,202.109,203.592,205.134,206.722,208.334,209.947,211.532,213.061,214.504,215.836,217.043,218.127,219.123,220.108,221.232,222.752,225.095
9960.0,79.053,87.622,95.853,103.814,111.554,119.105,126.487,133.708,140.762,147.632,154.283,160.668,166.719,172.355,177.475,181.969,185.726,188.646,190.676,191.829,192.229,192.112,191.802,191.621,191.778,192.299,193.07,193.957,194.895,195.888,196.96,198.119,199.366,200.698,202.109,203.591,205.134,206.722,208.334,209.947,211.532,213.061,214.504,215.836,217.043,218.127,219.123,220.108,221.232,222.752,225.095
10020.0,79.039,87.602,95.827,103.783,111.518,119.064,126.443,133.66,140.712,147.579,154.229,160.613,166.666,172.303,177.427,181.926,185.688,188.616,190.653,191.815,192.222,192.11,191.803,191.623,191.78,192.3,193.07,193.957,194.895,195.888,196.96,198.119,199.366,200.698,202.109,203.591,205.134,206.722,208.334,209.947,211.532,213.061,214.504,215.836,217.043,218.127,219.123,220.108,221.232,222.752,225.095
10080.0,79.025,87.581,95.801,103.752,111.482,119.024,126.398,133.612,140.661,147.526,154.175,160.559,166.612,172.251,177.378,181.882,185.65,188.585,190.63,191.8,192.214,192.108,191.804,191.626,191.782,192.3,193.07,193.957,194.894,195.888,196.96,198.119,199.366,200.698,202.109,203.591,205.134,206.722,208.334,209.947,211.532,213.061,214.504,215.836,217.043,218.127,219.123,220.108,221.232,222.752,225.095
10140.0,79.01,87.561,95.776,103.721,111.446,118.984,126.354,133.565,140.611,147.474,154.121,160.505,166.558,172.2,177.33,181.838,185.612,188.554,190.607,191.785,192.207,192.106,191.806,191.628,191.783,192.301,193.07,193.956,194.894,195.888,196.96,198.119,199.366,200.698,202.109,203.591,205.134,206.722,208.334,209.947,211.532,213.061,214.504,215.836,217.043,218.127,219.123,220.108,221.232,222.752,225.095
10200.0,78.996,87.541,95.75,103.69,111.41,118.944,126.31,133.517,140.56,147.421,154.067,160.45,166.505,172.148,177.281,181.794,185.574,188.523,190.584,191.77,192.199,192.104,191.807,191.63,191.785,192.302,193.07,193.956,194.894,195.888,196.96,198.119,199.366,200.698,202.109,203.591,205.134,206.722,208.334,209.947,211.532,213.061,214.504,215.836,217.043,218.127,219.123,220.108,221.232,222.752,225.095
10260.0,78.982,87.521,95.724,103.659,111.375,118.904,126.266,133.47,140.51,147.369,154.014,160.396,166.451,172.097,177.233,181.75,185.536,188.493,190.561,191.756,192.191,192.102,191.808,191.633,191.787,192.303,193.07,193.956,194.894,195.888,196.96,198.119,199.366,200.698,202.109,203.591,205.134,206.722,208.334,209.947,211.532,213.061,214.504,215.836,217.043,218.127,219.123,220.108,221.232,222.752,225.095
10320.0,78.968,87.501,95.699,103.629,111.339,118.864,126.222,133.423,140.46,147.317,153.96,160.342,166.398,172.045,177.185,181.707,185.498,188.462,190.539,191.741,192.184,192.1,191.81,191.635,191.789,192.303,193.07,193.956,194.894,195.888,196.959,198.119,199.366,200.697,202.108,203.591,205.134,206.722,208.334,209.947,211.532,213.061,214.504,215.836,217.043,218.127,219.123,220.108,221.232,222.752,225.095
10380.0,78.954,87.481,95.673,103.598,111.304,118.824,126.179,133.376,140.41,147.265,153.907,160.288,166.345,171.994,177.137,181.663,185.461,188.431,190.516,191.726,192.176,192.098,191.811,191.637,191.79,192.304,193.071,193.956,194.894,195.888,196.959,198.119,199.366,200.697,202.108,203.591,205.134,206.722,208.334,209.947,211.532,213.061,214.504,215.836,217.043,218.127,219.123,220.108,221.232,222.752,225.095
10440.0,78.94,87.461,95.648,103.567,111.269,118.784,126.135,133.328,140.36,147.212,153.853,160.235,166.292,171.943,177.088,181.619,185.423,188.401,190.493,191.711,192.168,192.096,191.812,191.64,191.792,192.305,193.071,193.956,194.894,195.888,196.959,198.119,199.366,200.697,202.108,203.591,205.134,206.722,208.334,209.947,211.532,213.061,214.504,215.836,217.043,218.127,219.123,220.108,221.232,222.752,225.095
10500.0,78.926,87.441,95.622,103.537,111.233,118.745,126.091,133.282,140.31,147.161,153.8,160.181,166.239,171.891,177.04,181.576,185.385,188.37,190.47,191.696,192.161,192.094,191.813,191.642,191.794,192.306,193.071,193.956,194.894,195.888,196.959,198.119,199.366,200.697,202.108,203.591,205.134,206.722,208.334,209.947,211.532,213.061,214.504,215.836,217.043,218.127,219.123,220.108,221.232,222.752,225.095
10560.0,78.912,87.421,95.597,103.506,111.198,118.705,126.048,133.235,140.261,147.109,153.747,160.127,166.186,171.84,176.992,181.532,185.348,188.339,190.447,191.681,192.153,192.092,191.815,191.644,191.796,192.306,193.071,193.955,194.893,195.887,196.959,198.119,199.366,200.697,202.108,203.591,205.134,206.722,208.334,209.947,211.532,213.061,214.504,215.836,217.043,218.127,219.123,220.108,221.232,222.752,225.095
10620.0,78.898,87.401,95.572,103.476,111.163,118.666,126.005,133.188,140.211,147.057,153.694,160.074,166.133,171.789,176.944,181.489,185.31,188.309,190.424,191.666,192.145,192.09,191.816,191.646,191.797,192.307,193.071,193.955,194.893,195.887,196.959,198.119,199.366,200.697,202.108,203.591,205.134,206.722,208.334,209.946,211.532,213.061,214.504,215.836,217.043,218.127,219.123,220.108,221.232,222.752,225.095
10680.0,78.884,87.382,95.546,103.446,111.128,118.626,125.961,133.141,140.162,147.005,153.641,160.02,166.08,171.738,176.896,181.445,185.272,188.278,190.401,191.651,192.137,192.087,191.817,191.648,191.799,192.308,193.071,193.955,194.893,195.887,196.959,198.119,199.366,200.697,202.108,203.591,205.134,206.721,208.334,209.946,211.532,213.061,214.504,215.836,217.043,218.127,219.123,220.108,221.232,222.752,225.095
10740.0,78.87,87.362,95.521,103.415,111.093,118.587,125.918,133.095,140.112,146.954,153.588,159.967,166.027,171.687,176.849,181.402,185.235,188.247,190.378,191.636,192.13,192.085,191.818,191.651,191.801,192.309,193.071,193.955,194.893,195.887,196.959,198.119,199.366,200.697,202.108,203.591,205.134,206.721,208.334,209.946,211.532,213.061,214.504,215.836,217.043,218.127,219.123,220.108,221.232,222.752,225.095
10800.0,78.856,87.342,95.496,103.385,111.058,118.548,125.875,133.048,140.063,146.903,153.535,159.914,165.975,171.636,176.801,181.359,185.197,188.217,190.355,191.621,192.122,192.083,191.819,191.653,191.803,192.31,193.071,193.955,194.893,195.887,196.959,198.119,199.366,200.697,202.108,203.591,205.134,206.721,208.334,209.946,211.532,213.061,214.504,215.836,217.043,218.127,219.123,220.108,221.232,222.752,225.095
10860.0,78.842,87.322,95.471,103.355,111.023,118.509,125.832,133.002,140.014,146.851,153.483,159.861,165.922,171.586,176.753,181.315,185.16,188.186,190.332,191.606,192.114,192.081,191.82,191.655,191.804,192.31,193.071,193.955,194.893,195.887,196.959,198.119,199.366,200.697,202.108,203.591,205.134,206.721,208.334,209.946,211.532,213.061,214.504,215.836,217.043,218.127,219.123,220.108,221.232,222.752,225.095
10920.0,78.828,87.303,95.446,103.325,110.988,118.47,125.789,132.956,139.965,146.8,153.43,159.808,165.87,171.535,176.706,181.272,185.122,188.155,190.309,191.591,192.106,192.078,191.821,191.657,191.806,192.311,193.071,193.955,194.893,195.887,196.959,198.118,199.366,200.697,202.108,203.591,205.134,206.721,208.334,209.946,211.532,213.061,214.504,215.836,217.043,218.127,219.123,220.108,221.232,222.752,225.095
10980.0,78.814,87.283,95.421,103.295,110.954,118.431,125.746,132.909,139.916,146.749,153.378,159.755,165.818,171.484,176.658,181.229,185.085,188.125,190.286,191.575,192.098,192.076,191.822,191.659,191.808,192.312,193.071,193.954,194.893,195.887,196.959,198.118,199.365,200.697,202.108,203.591,205.134,206.721,208.334,209.946,211.532,213.061,214.504,215.836,217.043,218.127,219.123,220.108,221.232,222.752,225.095
11040.0,78.8,87.264,95.396,103.265,110.919,118.392,125.704,132.863,139.867,146.698,153.325,159.702,165.765,171.434,176.611,181.186,185.047,188.094,190.263,191.56,192.09,192.073,191.823,191.661,191.809,192.313,193.072,193.954,194.893,195.887,196.959,198.118,199.365,200.697,202.108,203.591,205.134,206.721,208.333,209.946,211.532,213.061,214.504,215.836,217.043,218.127,219.123,220.108,221.232,222.752,225.095
11100.0,78.786,87.244,95.371,103.235,110.885,118.353,125.661,132.817,139.818,146.647,153.273,159.649,165.713,171.384,176.563,181.143,185.01,188.063,190.24,191.545,192.082,192.071,191.824,191.664,191.811,192.313,193.072,193.954,194.892,195.887,196.959,198.118,199.365,200.697,202.108,203.591,205.134,206.721,208.333,209.946,211.532,213.061,214.504,215.836,217.043,218.127,219.123,220.108,221.232,222.752,225.095
11160.0,78.773,87.225,95.346,103.205,110.85,118.314,125.619,132.772,139.77,146.596,153.221,159.597,165.661,171.333,176.516,181.1,184.972,188.033,190.217,191.53,192.074,192.069,191.825,191.666,191.813,192.314,193.072,193.954,194.892,195.887,196.959,198.118,199.365,200.697,202.108,203.591,205.134,206.721,208.333,209.946,211.532,213.061,214.504,215.836,217.043,218.127,219.123,220.108,221.232,222.752,225.095
11220.0,78.759,87.205,95.322,103.176,110.816,118.276,125.576,132.726,139.721,146.546,153.169,159.544,165.609,171.283,176.468,181.057,184.935,188.002,190.194,191.515,192.066,192.066,191.826,191.668,191.815,192.315,193.072,193.954,194.892,195.887,196.959,198.118,199.365,200.697,202.108,203.591,205.134,206.721,208.333,209.946,211.532,213.061,214.504,215.836,217.043,218.127,219.123,220.108,221.232,222.752,225.095
11280.0,78.745,87.186,95.297,103.146,110.782,118.237,125.534,132.68,139.673,146.495,153.117,159.492,165.557,171.233,176.421,181.014,184.898,187.972,190.171,191.499,192.057,192.064,191.827,191.67,191.816,192.316,193.072,193.954,194.892,195.887,196.959,198.118,199.365,200.697,202.108,203.591,205.134,206.721,208.333,209.946,211.532,213.061,214.504,215.836,217.043,218.127,219.123,220.108,221.232,222.752,225.095
11340.0,78.732,87.167,95.272,103.116,110.747,118.199,125.492,132.635,139.624,146.444,153.065,159.439,165.505,171.183,176.374,180.971,184.86,187.941,190.148,191.484,192.049,192.061,191.828,191.672,191.818,192.317,193.072,193.954,194.892,195.887,196.959,198.118,199.365,200.697,202.108,203.591,205.133,206.721,208.333,209.946,211.532,213.061,214.504,215.836,217.043,218.127,219.123,220.108,221.232,222.752,225.095
11400.0,78.718,87.147,95.248,103.087,110.713,118.16,125.449,132.589,139.576,146.394,153.013,159.387,165.454,171.132,176.327,180.928,184.823,187.911,190.125,191.469,192.041,192.058,191.829,191.674,191.82,192.317,193.072,193.954,194.892,195.887,196.959,198.118,199.365,200.697,202.108,203.59,205.133,206.721,208.333,209.946,211.532,213.061,214.504,215.836,217.043,218.127,219.123,220.108,221.232,222.752,225.095
11460.0,78.704,87.128,95.223,103.057,110.679,118.122,125.407,132.544,139.528,146.344,152.961,159.335,165.402,171.083,176.28,180.885,184.786,187.88,190.102,191.453,192.033,192.056,191.83,191.676,191.821,192.318,193.072,193.953,194.892,195.886,196.959,198.118,199.365,200.697,202.108,203.59,205.133,206.721,208.333,209.946,211.532,213.061,214.504,215.836,217.043,218.127,219.123,220.108,221.232,222.752,225.095
11520.0,78.691,87.109,95.199,103.028,110.645,118.084,125.365,132.498,139.48,146.294,152.91,159.283,165.351,171.033,176.233,180.842,184.748,187.849,190.079,191.438,192.025,192.053,191.83,191.678,191.823,192.319,193.072,193.953,194.892,195.886,196.958,198.118,199.365,200.697,202.108,203.59,205.133,206.721,208.333,209.946,211.532,213.061,214.504,215.836,217.043,218.127,219.123,220.108,221.232,222.752,225.095
11580.0,78.677,87.09,95.174,102.999,110.611,118.046,125.323,132.453,139.432,146.244,152.858,159.231,165.299,170.983,176.186,180.8,184.711,187.819,190.056,191.423,192.016,192.05,191.831,191.68,191.825,192.32,193.073,193.953,194.892,195.886,196.958,198.118,199.365,200.696,202.108,203.59,205.133,206.721,208.333,209.946,211.532,213.061,214.504,215.836,217.043,218.127,219.123,220.108,221.232,222.752,225.095
11640.0,78.664,87.071,95.15,102.969,110.577,118.008,125.282,132.408,139.384,146.194,152.807,159.179,165.248,170.933,176.139,180.757,184.674,187.788,190.033,191.407,192.008,192.048,191.832,191.682,191.827,192.321,193.073,193.953,194.891,195.886,196.958,198.118,199.365,200.696,202.107,203.59,205.133,206.721,208.333,209.946,211.532,213.061,214.504,215.836,217.043,218.127,219.123,220.108,221.232,222.752,225.095
11700.0,78.65,87.051,95.126,102.94,110.544,117.97,125.24,132.363,139.336,146.144,152.756,159.127,165.196,170.883,176.092,180.714,184.637,187.758,190.01,191.392,192.0,192.045,191.833,191.684,191.828,192.321,193.073,193.953,194.891,195.886,196.958,198.118,199.365,200.696,202.107,203.59,205.133,206.721,208.333,209.946,211.532,213.061,214.504,215.836,217.043,218.127,219.123,220.108,221.232,222.752,225.095
11760.0,78.637,87.032,95.101,102.911,110.51,117.932,125.198,132.318,139.288,146.094,152.705,159.076,165.145,170.834,176.045,180.672,184.6,187.727,189.987,191.376,191.991,192.042,191.833,191.686,191.83,192.322,193.073,193.953,194.891,195.886,196.958,198.118,199.365,200.696,202.107,203.59,205.133,206.721,208.333,209.946,211.532,213.061,214.504,215.836,217.043,218.127,219.123,220.108,221.232,222.752,225.096
11820.0,78.623,87.013,95.077,102.882,110.476,117.894,125.157,132.273,139.241,146.044,152.654,159.024,165.094,170.784,175.999,180.629,184.563,187.697,189.964,191.361,191.983,192.04,191.834,191.688,191.832,192.323,193.073,193.953,194.891,195.886,196.958,198.118,199.365,200.696,202.107,203.59,205.133,206.721,208.333,209.946,211.532,213.061,214.504,215.836,217.043,218.127,219.123,220.108,221.232,222.752,225.096
11880.0,78.61,86.994,95.053,102.853,110.443,117.856,125.115,132.228,139.193,145.995,152.603,158.973,165.043,170.735,175.952,180.587,184.525,187.666,189.941,191.345,191.974,192.037,191.835,191.69,191.833,192.324,193.073,193.953,194.891,195.886,196.958,198.118,199.365,200.696,202.107,203.59,205.133,206.721,208.333,209.946,211.532,213.061,214.504,215.836,217.043,218.127,219.123,220.108,221.232,222.752,225.096
11940.0,78.596,86.975,95.029,102.824,110.409,117.819,125.074,132.184,139.146,145.945,152.552,158.921,164.992,170.685,175.906,180.544,184.488,187.636,189.917,191.33,191.966,192.034,191.835,191.692,191.835,192.325,193.073,193.952,194.891,195.886,196.958,198.118,199.365,200.696,202.107,203.59,205.133,206.721,208.333,209.946,211.532,213.061,214.504,215.836,217.043,218.127,219.123,220.108,221.232,222.752,225.096
12000.0,78.583,86.956,95.005,102.795,110.376,117.781,125.033,132.139,139.099,145.896,152.501,158.87,164.941,170.636,175.859,180.502,184.451,187.605,189.894,191.314,191.958,192.031,191.836,191.694,191.837,192.325,193.073,193.952,194.891,195.886,196.958,198.118,199.365,200.696,202.107,203.59,205.133,206.721,208.333,209.946,211.532,213.061,214.504,215.836,217.043,218.127,219.123,220.108,221.232,222.752,225.096
12060.0,78.57,86.938,94.981,102.766,110.342,117.744,124.991,132.095,139.051,145.846,152.45,158.819,164.89,170.587,175.813,180.459,184.414,187.575,189.871,191.299,191.949,192.028,191.837,191.696,191.838,192.326,193.073,193.952,194.891,195.886,196.958,198.118,199.365,200.696,202.107,203.59,205.133,206.721,208.333,209.946,211.531,213.061,214.504,215.836,217.043,218.127,219.123,220.108,221.232,222.752,225.096
12120.0,78.556,86.919,94.957,102.737,110.309,117.706,124.95,132.05,139.004,145.797,152.4,158.768,164.84,170.538,175.766,180.417,184.377,187.544,189.848,191.283,191.94,192.025,191.837,191.698,191.84,192.327,193.074,193.952,194.891,195.886,196.958,198.117,199.365,200.696,202.107,203.59,205.133,206.721,208.333,209.946,211.531,213.06,214.504,215.836,217.043,218.127,219.123,220.108,221.232,222.752,225.096
12180.0,78.543,86.9,94.933,102.709,110.276,117.669,124.909,132.006,138.957,145.748,152.349,158.716,164.789,170.489,175.72,180.375,184.34,187.514,189.825,191.268,191.932,192.022,191.838,191.7,191.842,192.328,193.074,193.952,194.89,195.886,196.958,198.117,199.364,200.696,202.107,203.59,205.133,206.721,208.333,209.946,211.531,213.06,214.504,215.836,217.042,218.127,219.123,220.108,221.232,222.752,225.096
12240.0,78.53,86.881,94.909,102.68,110.243,117.632,124.868,131.962,138.91,145.699,152.299,158.666,164.739,170.44,175.674,180.333,184.304,187.483,189.802,191.252,191.923,192.019,191.839,191.702,191.843,192.329,193.074,193.952,194.89,195.886,196.958,198.117,199.364,200.696,202.107,203.59,205.133,206.721,208.333,209.946,211.531,213.06,214.504,215.836,217.042,218.127,219.123,220.108,221.232,222.752,225.096
12300.0,78.516,86.863,94.885,102.651,110.21,117.595,124.827,131.918,138.864,145.65,152.248,158.615,164.688,170.391,175.627,180.29,184.267,187.453,189.778,191.236,191.915,192.016,191.839,191.704,191.845,192.329,193.074,193.952,194.89,195.886,196.958,198.117,199.364,200.696,202.107,203.59,205.133,206.72,208.333,209.946,211.531,213.06,214.504,215.836,217.042,218.127,219.123,220.108,221.232,222.752,225.096
12360.0,78.503,86.844,94.861,102.623,110.177,117.558,124.787,131.874,138.817,145.601,152.198,158.564,164.638,170.342,175.581,180.248,184.23,187.422,189.755,191.221,191.906,192.013,191.84,191.706,191.847,192.33,193.074,193.952,194.89,195.885,196.958,198.117,199.364,200.696,202.107,203.59,205.133,206.72,208.333,209.946,211.531,213.06,214.503,215.836,217.042,218.127,219.123,220.108,221.232,222.752,225.096
12420.0,78.49,86.825,94.838,102.594,110.144,117.521,124.746,131.83,138.77,145.552,152.148,158.513,164.588,170.293,175.535,180.206,184.193,187.392,189.732,191.205,191.897,192.01,191.84,191.708,191.848,192.331,193.074,193.952,194.89,195.885,196.958,198.117,199.364,200.696,202.107,203.59,205.133,206.72,208.333,209.946,211.531,213.06,214.503,215.836,217.042,218.127,219.123,220.108,221.232,222.752,225.096
12480.0,78.477,86.807,94.814,102.566,110.111,117.484,124.705,131.786,138.724,145.504,152.098,158.463,164.537,170.244,175.489,180.164,184.156,187.362,189.709,191.189,191.889,192.007,191.841,191.71,191.85,192.332,193.074,193.951,194.89,195.885,196.958,198.117,199.364,200.696,202.107,203.59,205.133,206.72,208.333,209.946,211.531,213.06,214.503,215.836,217.042,218.127,219.123,220.108,221.232,222.752,225.096
12540.0,78.464,86.788,94.79,102.537,110.078,117.447,124.665,131.742,138.677,145.455,152.048,158.412,164.487,170.196,175.443,180.122,184.119,187.331,189.686,191.173,191.88,192.004,191.841,191.711,191.852,192.333,193.075,193.951,194.89,195.885,196.958,198.117,199.364,200.696,202.107,203.59,205.133,206.72,208.333,209.945,211.531,213.06,214.503,215.836,217.042,218.127,219.123,220.108,221.232,222.752,225.096
12600.0,78.45,86.769,94.767,102.509,110.045,117.41,124.624,131.699,138.631,145.407,151.998,158.362,164.437,170.147,175.397,180.08,184.083,187.301,189.662,191.158,191.871,192.001,191.841,191.713,191.853,192.333,193.075,193.951,194.89,195.885,196.958,198.117,199.364,200.696,202.107,203.59,205.133,206.72,208.333,209.945,211.531,213.06,214.503,215.836,217.042,218.127,219.123,220.108,221.232,222.752,225.096
12660.0,78.437,86.751,94.743,102.481,110.013,117.373,124.584,131.655,138.585,145.358,151.948,158.311,164.387,170.099,175.352,180.038,184.046,187.27,189.639,191.142,191.862,191.998,191.842,191.715,191.855,192.334,193.075,193.951,194.89,195.885,196.957,198.117,199.364,200.696,202.107,203.59,205.133,206.72,208.333,209.945,211.531,213.06,214.503,215.836,217.042,218.127,219.123,220.108,221.232,222.752,225.096
12720.0,78.424,86.733,94.72,102.453,109.98,117.337,124.544,131.612,138.538,145.31,151.899,158.261,164.337,170.05,175.306,179.996,184.009,187.24,189.616,191.126,191.853,191.994,191.842,191.717,191.857,192.335,193.075,193.951,194.889,195.885,196.957,198.117,199.364,200.696,202.107,203.59,205.133,206.72,208.333,209.945,211.531,213.06,214.503,215.836,217.042,218.127,219.123,220.108,221.232,222.752,225.096
12780.0,78.411,86.714,94.696,102.424,109.948,117.3,124.504,131.568,138.492,145.262,151.849,158.211,164.288,170.002,175.26,179.955,183.973,187.21,189.593,191.11,191.844,191.991,191.843,191.719,191.858,192.336,193.075,193.951,194.889,195.885,196.957,198.117,199.364,200.696,202.107,203.589,205.133,206.72,208.333,209.945,211.531,213.06,214.503,215.836,217.042,218.127,219.122,220.108,221.232,222.752,225.096
12840.0,78.398,86.696,94.673,102.396,109.915,117.264,124.464,131.525,138.446,145.214,151.8,158.161,164.238,169.954,175.214,179.913,183.936,187.179,189.569,191.094,191.836,191.988,191.843,191.721,191.86,192.337,193.075,193.951,194.889,195.885,196.957,198.117,199.364,200.695,202.107,203.589,205.132,206.72,208.332,209.945,211.531,213.06,214.503,215.836,217.042,218.127,219.122,220.108,221.232,222.752,225.096
12900.0,78.385,86.677,94.649,102.368,109.883,117.227,124.424,131.482,138.4,145.166,151.75,158.111,164.188,169.905,175.169,179.871,183.899,187.149,189.546,191.079,191.827,191.985,191.843,191.722,191.862,192.337,193.075,193.951,194.889,195.885,196.957,198.117,199.364,200.695,202.107,203.589,205.132,206.72,208.332,209.945,211.531,213.06,214.503,215.836,217.042,218.127,219.122,220.108,221.232,222.752,225.096
12960.0,78.372,86.659,94.626,102.34,109.851,117.191,124.384,131.439,138.355,145.118,151.701,158.061,164.139,169.857,175.123,179.829,183.863,187.119,189.523,191.063,191.818,191.981,191.844,191.724,191.863,192.338,193.076,193.951,194.889,195.885,196.957,198.117,199.364,200.695,202.107,203.589,205.132,206.72,208.332,209.945,211.531,213.06,214.503,215.836,217.042,218.127,219.122,220.108,221.232,222.752,225.096
13020.0,78.359,86.641,94.603,102.312,109.818,117.155,124.344,131.396,138.309,145.07,151.652,158.011,164.089,169.809,175.078,179.788,183.826,187.088,189.5,191.047,191.809,191.978,191.844,191.726,191.865,192.339,193.076,193.95,194.889,195.885,196.957,198.117,199.364,200.695,202.106,203.589,205.132,206.72,208.332,209.945,211.531,213.06,214.503,215.836,217.042,218.127,219.122,220.108,221.232,222.752,225.096
13080.0,78.346,86.623,94.58,102.285,109.786,117.119,124.304,131.353,138.263,145.022,151.603,157.961,164.04,169.761,175.032,179.746,183.79,187.058,189.476,191.031,191.8,191.974,191.844,191.728,191.866,192.34,193.076,193.95,194.889,195.885,196.957,198.117,199.364,200.695,202.106,203.589,205.132,206.72,208.332,209.945,211.531,213.06,214.503,215.836,217.042,218.127,219.122,220.108,221.232,222.752,225.096
13140.0,78.333,86.604,94.557,102.257,109.754,117.083,124.264,131.31,138.218,144.975,151.553,157.912,163.99,169.713,174.987,179.705,183.753,187.028,189.453,191.015,191.791,191.971,191.844,191.729,191.868,192.341,193.076,193.95,194.889,195.885,196.957,198.117,199.364,200.695,202.106,203.589,205.132,206.72,208.332,209.945,211.531,213.06,214.503,215.836,217.042,218.127,219.122,220.108,221.232,222.752,225.096
13200.0,78.32,86.586,94.533,102.229,109.722,117.047,124.225,131.267,138.172,144.927,151.505,157.862,163.941,169.665,174.942,179.663,183.717,186.997,189.43,190.999,191.782,191.968,191.845,191.731,191.87,192.342,193.076,193.95,194.889,195.885,196.957,198.117,199.364,200.695,202.106,203.589,205.132,206.72,208.332,209.945,211.531,213.06,214.503,215.836,217.042,218.127,219.122,220.108,221.232,222.752,225.096
13260.0,78.307,86.568,94.51,102.201,109.69,117.011,124.185,131.224,138.127,144.88,151.456,157.813,163.892,169.618,174.896,179.622,183.68,186.967,189.407,190.983,191.773,191.964,191.845,191.733,191.871,192.342,193.076,193.95,194.888,195.884,196.957,198.117,199.364,200.695,202.106,203.589,205.132,206.72,208.332,209.945,211.531,213.06,214.503,215.836,217.042,218.127,219.122,220.108,221.232,222.752,225.096
13320.0,78.295,86.55,94.487,102.174,109.658,116.975,124.146,131.182,138.082,144.832,151.407,157.763,163.843,169.57,174.851,179.58,183.644,186.937,189.383,190.967,191.763,191.961,191.845,191.735,191.873,192.343,193.077,193.95,194.888,195.884,196.957,198.116,199.364,200.695,202.106,203.589,205.132,206.72,208.332,209.945,211.531,213.06,214.503,215.836,217.042,218.127,219.122,220.108,221.232,222.752,225.096
13380.0,78.282,86.532,94.464,102.146,109.626,116.939,124.106,131.139,138.036,144.785,151.358,157.714,163.794,169.522,174.806,179.539,183.607,186.906,189.36,190.951,191.754,191.957,191.845,191.736,191.874,192.344,193.077,193.95,194.888,195.884,196.957,198.116,199.363,200.695,202.106,203.589,205.132,206.72,208.332,209.945,211.531,213.06,214.503,215.835,217.042,218.127,219.122,220.108,221.232,222.752,225.096
13440.0,78.269,86.514,94.441,102.119,109.594,116.903,124.067,131.097,137.991,144.738,151.31,157.665,163.745,169.475,174.761,179.497,183.571,186.876,189.337,190.935,191.745,191.954,191.845,191.738,191.876,192.345,193.077,193.95,194.888,195.884,196.957,198.116,199.363,200.695,202.106,203.589,205.132,206.72,208.332,209.945,211.531,213.06,214.503,215.835,217.042,218.127,219.122,220.108,221.232,222.752,225.096
13500.0,78.256,86.496,94.419,102.091,109.563,116.868,124.028,131.054,137.946,144.691,151.261,157.616,163.696,169.427,174.716,179.456,183.535,186.846,189.313,190.919,191.736,191.95,191.845,191.74,191.878,192.346,193.077,193.95,194.888,195.884,196.957,198.116,199.363,200.695,202.106,203.589,205.132,206.72,208.332,209.945,211.531,213.06,214.503,215.835,217.042,218.127,219.122,220.108,221.232,222.752,225.096
13560.0,78.243,86.478,94.396,102.064,109.531,116.832,123.989,131.012,137.901,144.644,151.213,157.567,163.647,169.38,174.671,179.415,183.498,186.816,189.29,190.903,191.727,191.946,191.845,191.741,191.879,192.347,193.077,193.95,194.888,195.884,196.957,198.116,199.363,200.695,202.106,203.589,205.132,206.72,208.332,209.945,211.531,213.06,214.503,215.835,217.042,218.127,219.122,220.108,221.232,222.752,225.096
13620.0,78.231,86.46,94.373,102.037,109.5,116.796,123.95,130.97,137.857,144.597,151.164,157.518,163.599,169.332,174.626,179.374,183.462,186.786,189.267,190.887,191.718,191.943,191.846,191.743,191.881,192.347,193.077,193.949,194.888,195.884,196.957,198.116,199.363,200.695,202.106,203.589,205.132,206.72,208.332,209.945,211.531,213.06,214.503,215.835,217.042,218.127,219.122,220.108,221.232,222.752,225.096
13680.0,78.218,86.442,94.35,102.009,109.468,116.761,123.911,130.928,137.812,144.55,151.116,157.469,163.55,169.285,174.581,179.332,183.426,186.755,189.243,190.871,191.708,191.939,191.846,191.745,191.882,192.348,193.077,193.949,194.888,195.884,196.957,198.116,199.363,200.695,202.106,203.589,205.132,206.72,208.332,209.945,211.531,213.06,214.503,215.835,217.042,218.127,219.122,220.108,221.232,222.752,225.096
13740.0,78.205,86.424,94.328,101.982,109.437,116.726,123.872,130.886,137.767,144.503,151.068,157.42,163.502,169.238,174.536,179.291,183.39,186.725,189.22,190.854,191.699,191.935,191.846,191.746,191.884,192.349,193.078,193.949,194.888,195.884,196.957,198.116,199.363,200.695,202.106,203.589,205.132,206.72,208.332,209.945,211.531,213.06,214.503,215.835,217.042,218.127,219.122,220.108,221.232,222.752,225.096
13800.0,78.193,86.407,94.305,101.955,109.405,116.69,123.833,130.844,137.723,144.457,151.02,157.371,163.453,169.191,174.492,179.25,183.353,186.695,189.197,190.838,191.69,191.932,191.846,191.748,191.886,192.35,193.078,193.949,194.887,195.884,196.956,198.116,199.363,200.695,202.106,203.589,205.132,206.72,208.332,209.945,211.531,213.06,214.503,215.835,217.042,218.127,219.122,220.108,221.232,222.752,225.096
13860.0,78.18,86.389,94.282,101.928,109.374,116.655,123.794,130.802,137.678,144.41,150.972,157.323,163.405,169.144,174.447,179.209,183.317,186.665,189.173,190.822,191.68,191.928,191.846,191.749,191.887,192.351,193.078,193.949,194.887,195.884,196.956,198.116,199.363,200.695,202.106,203.589,205.132,206.72,208.332,209.945,211.531,213.06,214.503,215.835,217.042,218.127,219.122,220.108,221.232,222.752,225.096
13920.0,78.167,86.371,94.26,101.901,109.343,116.62,123.756,130.76,137.634,144.364,150.924,157.274,163.357,169.097,174.402,179.168,183.281,186.635,189.15,190.806,191.671,191.924,191.846,191.751,191.889,192.352,193.078,193.949,194.887,195.884,196.956,198.116,199.363,200.695,202.106,203.589,205.132,206.719,208.332,209.945,211.531,213.06,214.503,215.835,217.042,218.127,219.122,220.108,221.232,222.752,225.096
13980.0,78.155,86.353,94.237,101.874,109.311,116.585,123.717,130.718,137.589,144.317,150.876,157.226,163.308,169.05,174.358,179.127,183.245,186.604,189.127,190.79,191.662,191.92,191.846,191.753,191.89,192.352,193.078,193.949,194.887,195.884,196.956,198.116,199.363,200.695,202.106,203.589,205.132,206.719,208.332,209.945,211.531,213.06,214.503,215.835,217.042,218.127,219.122,220.108,221.232,222.752,225.096
14040.0,78.142,86.336,94.215,101.847,109.28,116.55,123.678,130.677,137.545,144.271,150.828,157.177,163.26,169.003,174.313,179.086,183.209,186.574,189.103,190.774,191.652,191.917,191.845,191.754,191.892,192.353,193.079,193.949,194.887,195.884,196.956,198.116,199.363,200.695,202.106,203.589,205.132,206.719,208.332,209.945,211.531,213.06,214.503,215.835,217.042,218.127,219.122,220.108,221.232,222.752,225.096
14100.0,78.13,86.318,94.192,101.82,109.249,116.515,123.64,130.635,137.501,144.225,150.781,157.129,163.212,168.956,174.269,179.046,183.173,186.544,189.08,190.757,191.643,191.913,191.845,191.756,191.893,192.354,193.079,193.949,194.887,195.883,196.956,198.116,199.363,200.694,202.106,203.589,205.132,206.719,208.332,209.945,211.531,213.06,214.503,215.835,217.042,218.127,219.122,220.108,221.232,222.752,225.096
14160.0,78.117,86.3,94.17,101.793,109.218,116.48,123.602,130.594,137.457,144.178,150.733,157.081,163.164,168.909,174.225,179.005,183.137,186.514,189.056,190.741,191.633,191.909,191.845,191.757,191.895,192.355,193.079,193.949,194.887,195.883,196.956,198.116,199.363,200.694,202.106,203.589,205.132,206.719,208.332,209.945,211.531,213.06,214.503,215.835,217.042,218.127,219.122,220.108,221.232,222.752,225.096
14220.0,78.105,86.283,94.148,101.766,109.187,116.445,123.563,130.552,137.413,144.132,150.686,157.033,163.116,168.862,174.18,178.964,183.101,186.484,189.033,190.725,191.624,191.905,191.845,191.759,191.897,192.356,193.079,193.948,194.887,195.883,196.956,198.116,199.363,200.694,202.106,203.588,205.132,206.719,208.332,209.945,211.531,213.06,214.503,215.835,217.042,218.127,219.122,220.108,221.232,222.752,225.096
14280.0,78.092,86.265,94.125,101.739,109.156,116.411,123.525,130.511,137.369,144.086,150.638,156.985,163.068,168.816,174.136,178.923,183.065,186.454,189.01,190.709,191.614,191.901,191.845,191.76,191.898,192.357,193.079,193.948,194.887,195.883,196.956,198.116,199.363,200.694,202.106,203.588,205.132,206.719,208.332,209.945,211.53,213.06,214.503,215.835,217.042,218.127,219.122,220.108,221.232,222.752,225.096
14340.0,78.08,86.248,94.103,101.713,109.125,116.376,123.487,130.47,137.325,144.041,150.591,156.937,163.021,168.769,174.092,178.883,183.029,186.424,188.986,190.692,191.605,191.897,191.845,191.762,191.9,192.357,193.079,193.948,194.886,195.883,196.956,198.116,199.363,200.694,202.105,203.588,205.132,206.719,208.332,209.945,211.53,213.06,214.503,215.835,217.042,218.127,219.122,220.108,221.232,222.752,225.096
14400.0,78.067,86.23,94.081,101.686,109.095,116.341,123.449,130.429,137.281,143.995,150.544,156.889,162.973,168.723,174.048,178.842,182.993,186.394,188.963,190.676,191.595,191.893,191.845,191.763,191.901,192.358,193.08,193.948,194.886,195.883,196.956,198.116,199.363,200.694,202.105,203.588,205.131,206.719,208.332,209.945,211.53,213.06,214.503,215.835,217.042,218.127,219.122,220.108,221.232,222.752,225.096
14460.0,78.055,86.213,94.059,101.66,109.064,116.307,123.411,130.388,137.238,143.949,150.497,156.841,162.925,168.676,174.003,178.801,182.957,186.363,188.94,190.66,191.585,191.889,191.844,191.765,191.903,192.359,193.08,193.948,194.886,195.883,196.956,198.116,199.363,200.694,202.105,203.588,205.131,206.719,208.332,209.945,211.53,213.06,214.503,215.835,217.042,218.127,219.122,220.108,221.232,222.752,225.096
14520.0,78.042,86.195,94.037,101.633,109.033,116.272,123.373,130.347,137.194,143.903,150.45,156.793,162.878,168.63,173.959,178.761,182.921,186.333,188.916,190.643,191.576,191.885,191.844,191.766,191.904,192.36,193.08,193.948,194.886,195.883,196.956,198.115,199.363,200.694,202.105,203.588,205.131,206.719,208.332,209.944,211.53,213.06,214.503,215.835,217.042,218.127,219.122,220.108,221.232,222.752,225.096
14580.0,78.03,86.178,94.015,101.607,109.003,116.238,123.335,130.306,137.151,143.858,150.403,156.745,162.83,168.584,173.915,178.72,182.885,186.303,188.893,190.627,191.566,191.881,191.844,191.768,191.906,192.361,193.08,193.948,194.886,195.883,196.956,198.115,199.363,200.694,202.105,203.588,205.131,206.719,208.331,209.944,211.53,213.06,214.503,215.835,217.042,218.127,219.122,220.108,221.232,222.752,225.096
14640.0,78.018,86.161,93.993,101.58,108.972,116.204,123.297,130.265,137.107,143.812,150.356,156.698,162.783,168.538,173.872,178.68,182.85,186.273,188.869,190.61,191.556,191.877,191.844,191.769,191.907,192.362,193.08,193.948,194.886,195.883,196.956,198.115,199.362,200.694,202.105,203.588,205.131,206.719,208.331,209.944,211.53,213.06,214.503,215.835,217.042,218.127,219.122,220.108,221.232,222.752,225.096
14700.0,78.005,86.143,93.971,101.554,108.942,116.169,123.26,130.224,137.064,143.767,150.309,156.65,162.736,168.491,173.828,178.639,182.814,186.243,188.846,190.594,191.547,191.873,191.843,191.771,191.909,192.362,193.081,193.948,194.886,195.883,196.956,198.115,199.362,200.694,202.105,203.588,205.131,206.719,208.331,209.944,211.53,213.059,214.503,215.835,217.042,218.127,219.122,220.108,221.232,222.752,225.096
14760.0,77.993,86.126,93.949,101.527,108.911,116.135,123.222,130.184,137.021,143.722,150.262,156.603,162.688,168.445,173.784,178.599,182.778,186.213,188.823,190.578,191.537,191.869,191.843,191.772,191.91,192.363,193.081,193.948,194.886,195.883,196.956,198.115,199.362,200.694,202.105,203.588,205.131,206.719,208.331,209.944,211.53,213.059,214.503,215.835,217.042,218.127,219.122,220.108,221.232,222.752,225.096
14820.0,77.981,86.109,93.927,101.501,108.881,116.101,123.185,130.143,136.978,143.677,150.216,156.556,162.641,168.399,173.74,178.559,182.742,186.183,188.799,190.561,191.527,191.865,191.843,191.773,191.912,192.364,193.081,193.948,194.886,195.883,196.956,198.115,199.362,200.694,202.105,203.588,205.131,206.719,208.331,209.944,211.53,213.059,214.503,215.835,217.042,218.127,219.122,220.108,221.232,222.752,225.096
14880.0,77.969,86.092,93.905,101.475,108.851,116.067,123.147,130.103,136.934,143.631,150.169,156.508,162.594,168.353,173.696,178.518,182.707,186.153,188.776,190.545,191.517,191.86,191.842,191.775,191.913,192.365,193.081,193.948,194.885,195.883,196.956,198.115,199.362,200.694,202.105,203.588,205.131,206.719,208.331,209.944,211.53,213.059,214.503,215.835,217.042,218.127,219.122,220.108,221.232,222.752,225.096
14940.0,77.956,86.075,93.883,101.449,108.821,116.033,123.11,130.062,136.891,143.586,150.123,156.461,162.547,168.308,173.653,178.478,182.671,186.123,188.752,190.528,191.508,191.856,191.842,191.776,191.915,192.366,193.081,193.947,194.885,195.883,196.956,198.115,199.362,200.694,202.105,203.588,205.131,206.719,208.331,209.944,211.53,213.059,214.503,215.835,217.042,218.127,219.122,220.108,221.232,222.752,225.096
15000.0,77.944,86.057,93.861,101.423,108.79,115.999,123.072,130.022,136.849,143.541,150.076,156.414,162.5,168.262,173.609,178.438,182.635,186.093,188.729,190.512,191.498,191.852,191.841,191.778,191.916,192.367,193.082,193.947,194.885,195.882,196.955,198.115,199.362,200.694,202.105,203.588,205.131,206.719,208.331,209.944,211.53,213.059,214.503,215.835,217.042,218.127,219.122,220.108,221.232,222.752,225.096
15060.0,77.932,86.04,93.84,101.397,108.76,115.965,123.035,129.982,136.806,143.496,150.03,156.367,162.453,168.216,173.566,178.398,182.6,186.063,188.705,190.495,191.488,191.848,191.841,191.779,191.918,192.367,193.082,193.947,194.885,195.882,196.955,198.115,199.362,200.694,202.105,203.588,205.131,206.719,208.331,209.944,211.53,213.059,214.503,215.835,217.042,218.127,219.122,220.108,221.232,222.752,225.096
15120.0,77.92,86.023,93.818,101.371,108.73,115.932,122.998,129.941,136.763,143.452,149.984,156.32,162.406,168.17,173.522,178.357,182.564,186.033,188.682,190.479,191.478,191.844,191.84,191.78,191.919,192.368,193.082,193.947,194.885,195.882,196.955,198.115,199.362,200.694,202.105,203.588,205.131,206.719,208.331,209.944,211.53,213.059,214.503,215.835,217.042,218.127,219.122,220.108,221.232,222.752,225.096
15180.0,77.908,86.006,93.796,101.345,108.7,115.898,122.961,129.901,136.72,143.407,149.937,156.273,162.36,168.125,173.479,178.317,182.529,186.004,188.659,190.462,191.468,191.839,191.84,191.782,191.921,192.369,193.082,193.947,194.885,195.882,196.955,198.115,199.362,200.694,202.105,203.588,205.131,206.719,208.331,209.944,211.53,213.059,214.503,215.835,217.042,218.127,219.122,220.108,221.232,222.752,225.096
15240.0,77.895,85.989,93.775,101.319,108.67,115.864,122.924,129.861,136.678,143.362,149.891,156.227,162.313,168.079,173.435,178.277,182.493,185.974,188.635,190.446,191.458,191.835,191.84,191.783,191.922,192.37,193.082,193.947,194.885,195.882,196.955,198.115,199.362,200.694,202.105,203.588,205.131,206.719,208.331,209.944,211.53,213.059,214.503,215.835,217.042,218.127,219.122,220.108,221.232,222.752,225.096
15300.0,77.883,85.972,93.753,101.293,108.64,115.831,122.887,129.821,136.635,143.318,149.845,156.18,162.267,168.034,173.392,178.237,182.457,185.944,188.612,190.429,191.448,191.831,191.839,191.784,191.924,192.371,193.083,193.947,194.885,195.882,196.955,198.115,199.362,200.694,202.105,203.588,205.131,206.719,208.331,209.944,211.53,213.059,214.503,215.835,217.042,218.127,219.122,220.108,221.232,222.752,225.096
15360.0,77.871,85.955,93.732,101.267,108.611,115.797,122.85,129.782,136.593,143.273,149.8,156.133,162.22,167.988,173.349,178.197,182.422,185.914,188.588,190.412,191.438,191.826,191.838,191.786,191.925,192.372,193.083,193.947,194.885,195.882,196.955,198.115,199.362,200.693,202.105,203.588,205.131,206.719,208.331,209.944,211.53,213.059,214.503,215.835,217.042,218.127,219.122,220.108,221.232,222.752,225.096
15420.0,77.859,85.938,93.71,101.241,108.581,115.764,122.813,129.742,136.55,143.229,149.754,156.087,162.174,167.943,173.305,178.157,182.387,185.884,188.565,190.396,191.428,191.822,191.838,191.787,191.927,192.373,193.083,193.947,194.885,195.882,196.955,198.115,199.362,200.693,202.105,203.588,205.131,206.719,208.331,209.944,211.53,213.059,214.502,215.835,217.042,218.127,219.122,220.108,221.232,222.752,225.096
15480.0,77.847,85.921,93.689,101.216,108.551,115.73,122.777,129.702,136.508,143.185,149.708,156.04,162.127,167.898,173.262,178.118,182.351,185.854,188.541,190.379,191.418,191.817,191.837,191.788,191.928,192.373,193.083,193.947,194.884,195.882,196.955,198.115,199.362,200.693,202.105,203.588,205.131,206.719,208.331,209.944,211.53,213.059,214.502,215.835,217.042,218.127,219.122,220.108,221.232,222.752,225.096
15540.0,77.835,85.905,93.667,101.19,108.522,115.697,122.74,129.662,136.466,143.14,149.662,155.994,162.081,167.852,173.219,178.078,182.316,185.824,188.518,190.363,191.408,191.813,191.837,191.789,191.93,192.374,193.083,193.947,194.884,195.882,196.955,198.115,199.362,200.693,202.105,203.588,205.131,206.718,208.331,209.944,211.53,213.059,214.502,215.835,217.042,218.127,219.122,220.108,221.232,222.752,225.096
15600.0,77.823,85.888,93.646,101.164,108.492,115.664,122.703,129.623,136.424,143.096,149.617,155.947,162.035,167.807,173.176,178.038,182.28,185.794,188.494,190.346,191.398,191.808,191.836,191.791,191.931,192.375,193.084,193.947,194.884,195.882,196.955,198.115,199.362,200.693,202.105,203.587,205.131,206.718,208.331,209.944,211.53,213.059,214.502,215.835,217.042,218.127,219.122,220.108,221.232,222.752,225.096
15660.0,77.811,85.871,93.625,101.139,108.462,115.631,122.667,129.583,136.382,143.052,149.571,155.901,161.989,167.762,173.133,177.998,182.245,185.765,188.471,190.329,191.388,191.804,191.836,191.792,191.933,192.376,193.084,193.946,194.884,195.882,196.955,198.115,199.362,200.693,202.104,203.587,205.131,206.718,208.331,209.944,211.53,213.059,214.502,215.835,217.042,218.127,219.122,220.108,221.232,222.752,225.096
15720.0,77.799,85.854,93.603,101.113,108.433,115.598,122.63,129.544,136.34,143.008,149.526,155.855,161.943,167.717,173.09,177.958,182.21,185.735,188.447,190.313,191.378,191.799,191.835,191.793,191.934,192.377,193.084,193.946,194.884,195.882,196.955,198.114,199.362,200.693,202.104,203.587,205.131,206.718,208.331,209.944,211.53,213.059,214.502,215.835,217.042,218.127,219.122,220.108,221.232,222.752,225.096
15780.0,77.787,85.837,93.582,101.088,108.404,115.564,122.594,129.504,136.298,142.964,149.48,155.809,161.897,167.672,173.047,177.919,182.174,185.705,188.424,190.296,191.368,191.795,191.834,191.794,191.936,192.378,193.084,193.946,194.884,195.882,196.955,198.114,199.362,200.693,202.104,203.587,205.131,206.718,208.331,209.944,211.53,213.059,214.502,215.835,217.042,218.127,219.122,220.108,221.232,222.752,225.096
15840.0,77.775,85.821,93.561,101.063,108.374,115.531,122.558,129.465,136.256,142.92,149.435,155.763,161.851,167.627,173.004,177.879,182.139,185.675,188.401,190.279,191.358,191.79,191.833,191.796,191.937,192.378,193.085,193.946,194.884,195.881,196.955,198.114,199.361,200.693,202.104,203.587,205.131,206.718,208.331,209.944,211.53,213.059,214.502,215.835,217.042,218.127,219.122,220.108,221.232,222.752,225.096
15900.0,77.763,85.804,93.54,101.037,108.345,115.499,122.521,129.426,136.214,142.877,149.39,155.717,161.805,167.582,172.962,177.84,182.104,185.645,188.377,190.263,191.348,191.786,191.833,191.797,191.939,192.379,193.085,193.946,194.884,195.881,196.955,198.114,199.361,200.693,202.104,203.587,205.13,206.718,208.331,209.944,211.53,213.059,214.502,215.835,217.042,218.127,219.122,220.108,221.232,222.752,225.096
15960.0,77.751,85.787,93.519,101.012,108.316,115.466,122.485,129.387,136.173,142.833,149.345,155.671,161.759,167.537,172.919,177.8,182.069,185.616,188.354,190.246,191.338,191.781,191.832,191.798,191.94,192.38,193.085,193.946,194.884,195.881,196.955,198.114,199.361,200.693,202.104,203.587,205.13,206.718,208.331,209.944,211.53,213.059,214.502,215.835,217.042,218.127,219.122,220.108,221.232,222.752,225.096
16020.0,77.74,85.771,93.498,100.987,108.287,115.433,122.449,129.348,136.131,142.789,149.3,155.625,161.713,167.493,172.876,177.761,182.034,185.586,188.33,190.229,191.327,191.776,191.831,191.799,191.941,192.381,193.085,193.946,194.883,195.881,196.955,198.114,199.361,200.693,202.104,203.587,205.13,206.718,208.331,209.944,211.53,213.059,214.502,215.835,217.042,218.127,219.122,220.108,221.232,222.752,225.096
16080.0,77.728,85.754,93.477,100.961,108.257,115.4,122.413,129.309,136.09,142.746,149.255,155.58,161.668,167.448,172.834,177.721,181.998,185.556,188.307,190.212,191.317,191.772,191.83,191.8,191.943,192.382,193.085,193.946,194.883,195.881,196.955,198.114,199.361,200.693,202.104,203.587,205.13,206.718,208.331,209.944,211.53,213.059,214.502,215.835,217.042,218.127,219.122,220.108,221.232,222.752,225.096
16140.0,77.716,85.738,93.456,100.936,108.228,115.367,122.377,129.27,136.048,142.702,149.21,155.534,161.622,167.403,172.791,177.682,181.963,185.526,188.283,190.196,191.307,191.767,191.83,191.801,191.944,192.383,193.086,193.946,194.883,195.881,196.954,198.114,199.361,200.693,202.104,203.587,205.13,206.718,208.331,209.944,211.53,213.059,214.502,215.835,217.042,218.127,219.122,220.108,221.232,222.752,225.096
16200.0,77.704,85.721,93.435,100.911,108.199,115.335,122.341,129.231,136.007,142.659,149.165,155.488,161.576,167.359,172.748,177.642,181.928,185.497,188.26,190.179,191.297,191.762,191.829,191.803,191.946,192.384,193.086,193.946,194.883,195.881,196.954,198.114,199.361,200.693,202.104,203.587,205.13,206.718,208.331,209.944,211.53,213.059,214.502,215.835,217.042,218.127,219.122,220.108,221.232,222.752,225.096
16260.0,77.692,85.705,93.414,100.886,108.17,115.302,122.305,129.192,135.965,142.616,149.12,155.443,161.531,167.314,172.706,177.603,181.893,185.467,188.236,190.162,191.286,191.757,191.828,191.804,191.947,192.384,193.086,193.946,194.883,195.881,196.954,198.114,199.361,200.693,202.104,203.587,205.13,206.718,208.331,209.944,211.53,213.059,214.502,215.835,217.042,218.127,219.122,220.108,221.232,222.752,225.096
16320.0,77.681,85.688,93.393,100.861,108.142,115.27,122.269,129.154,135.924,142.572,149.076,155.398,161.486,167.27,172.664,177.564,181.858,185.437,188.213,190.145,191.276,191.753,191.827,191.805,191.949,192.385,193.086,193.946,194.883,195.881,196.954,198.114,199.361,200.693,202.104,203.587,205.13,206.718,208.331,209.944,211.53,213.059,214.502,215.835,217.042,218.127,219.122,220.108,221.232,222.752,225.096
16380.0,77.669,85.672,93.372,100.836,108.113,115.237,122.234,129.115,135.883,142.529,149.031,155.352,161.44,167.226,172.621,177.524,181.823,185.408,188.189,190.128,191.266,191.748,191.826,191.806,191.95,192.386,193.087,193.946,194.883,195.881,196.954,198.114,199.361,200.693,202.104,203.587,205.13,206.718,208.33,209.944,211.53,213.059,214.502,215.835,217.042,218.127,219.122,220.108,221.232,222.752,225.096
16440.0,77.657,85.655,93.351,100.811,108.084,115.205,122.198,129.076,135.842,142.486,148.987,155.307,161.395,167.181,172.579,177.485,181.788,185.378,188.166,190.111,191.255,191.743,191.825,191.807,191.951,192.387,193.087,193.946,194.883,195.881,196.954,198.114,199.361,200.693,202.104,203.587,205.13,206.718,208.33,209.944,211.53,213.059,214.502,215.835,217.042,218.127,219.122,220.108,221.232,222.752,225.096
16500.0,77.645,85.639,93.331,100.786,108.055,115.173,122.163,129.038,135.801,142.443,148.942,155.262,161.35,167.137,172.537,177.446,181.753,185.348,188.142,190.095,191.245,191.738,191.825,191.808,191.953,192.388,193.087,193.945,194.883,195.881,196.954,198.114,199.361,200.693,202.104,203.587,205.13,206.718,208.33,209.943,211.529,213.059,214.502,215.835,217.042,218.127,219.122,220.108,221.232,222.752,225.096
16560.0,77.634,85.623,93.31,100.761,108.027,115.14,122.127,128.999,135.76,142.4,148.898,155.217,161.305,167.093,172.494,177.407,181.718,185.319,188.119,190.078,191.234,191.733,191.824,191.809,191.954,192.389,193.087,193.945,194.883,195.881,196.954,198.114,199.361,200.693,202.104,203.587,205.13,206.718,208.33,209.943,211.529,213.059,214.502,215.835,217.042,218.127,219.122,220.108,221.232,222.752,225.096
16620.0,77.622,85.606,93.289,100.737,107.998,115.108,122.092,128.961,135.719,142.357,148.853,155.172,161.26,167.049,172.452,177.368,181.683,185.289,188.095,190.061,191.224,191.729,191.823,191.81,191.956,192.389,193.087,193.945,194.882,195.881,196.954,198.114,199.361,200.693,202.104,203.587,205.13,206.718,208.33,209.943,211.529,213.059,214.502,215.835,217.042,218.127,219.122,220.108,221.232,222.752,225.096
16680.0,77.61,85.59,93.269,100.712,107.969,115.076,122.056,128.923,135.679,142.315,148.809,155.127,161.215,167.005,172.41,177.329,181.649,185.259,188.072,190.044,191.214,191.724,191.822,191.811,191.957,192.39,193.088,193.945,194.882,195.88,196.954,198.114,199.361,200.692,202.104,203.587,205.13,206.718,208.33,209.943,211.529,213.059,214.502,215.835,217.042,218.127,219.122,220.108,221.232,222.752,225.096
16740.0,77.599,85.574,93.248,100.687,107.941,115.044,122.021,128.885,135.638,142.272,148.765,155.082,161.17,166.961,172.368,177.29,181.614,185.23,188.048,190.027,191.203,191.719,191.821,191.812,191.958,192.391,193.088,193.945,194.882,195.88,196.954,198.114,199.361,200.692,202.104,203.587,205.13,206.718,208.33,209.943,211.529,213.059,214.502,215.835,217.042,218.127,219.122,220.108,221.232,222.753,225.096
16800.0,77.587,85.558,93.227,100.663,107.912,115.012,121.986,128.847,135.597,142.229,148.721,155.037,161.125,166.917,172.326,177.251,181.579,185.2,188.025,190.01,191.193,191.714,191.82,191.813,191.96,192.392,193.088,193.945,194.882,195.88,196.954,198.114,199.361,200.692,202.104,203.587,205.13,206.718,208.33,209.943,211.529,213.059,214.502,215.835,217.042,218.126,219.122,220.108,221.232,222.753,225.096
16860.0,77.576,85.541,93.207,100.638,107.884,114.98,121.95,128.808,135.557,142.187,148.677,154.992,161.08,166.873,172.284,177.212,181.544,185.171,188.001,189.993,191.182,191.709,191.819,191.814,191.961,192.393,193.088,193.945,194.882,195.88,196.954,198.114,199.361,200.692,202.104,203.587,205.13,206.718,208.33,209.943,211.529,213.059,214.502,215.835,217.042,218.126,219.122,220.108,221.232,222.753,225.096
16920.0,77.564,85.525,93.186,100.613,107.856,114.948,121.915,128.77,135.516,142.144,148.633,154.947,161.036,166.829,172.242,177.173,181.509,185.141,187.978,189.976,191.172,191.704,191.818,191.815,191.962,192.394,193.089,193.945,194.882,195.88,196.954,198.113,199.361,200.692,202.104,203.587,205.13,206.718,208.33,209.943,211.529,213.059,214.502,215.835,217.042,218.126,219.122,220.108,221.232,222.753,225.096
16980.0,77.553,85.509,93.166,100.589,107.827,114.916,121.88,128.733,135.476,142.102,148.589,154.903,160.991,166.786,172.201,177.134,181.475,185.112,187.954,189.959,191.161,191.699,191.816,191.816,191.964,192.395,193.089,193.945,194.882,195.88,196.954,198.113,199.361,200.692,202.103,203.587,205.13,206.718,208.33,209.943,211.529,213.059,214.502,215.835,217.042,218.126,219.122,220.108,221.232,222.753,225.096
17040.0,77.541,85.493,93.146,100.564,107.799,114.885,121.845,128.695,135.436,142.06,148.546,154.858,160.947,166.742,172.159,177.095,181.44,185.082,187.931,189.942,191.15,191.694,191.815,191.817,191.965,192.395,193.089,193.945,194.882,195.88,196.954,198.113,199.361,200.692,202.103,203.586,205.13,206.718,208.33,209.943,211.529,213.059,214.502,215.835,217.042,218.126,219.122,220.108,221.232,222.753,225.096
17100.0,77.529,85.477,93.125,100.54,107.771,114.853,121.81,128.657,135.395,142.017,148.502,154.814,160.902,166.698,172.117,177.056,181.405,185.053,187.907,189.925,191.14,191.689,191.814,191.818,191.966,192.396,193.089,193.945,194.882,195.88,196.954,198.113,199.36,200.692,202.103,203.586,205.13,206.718,208.33,209.943,211.529,213.059,214.502,215.835,217.042,218.126,219.122,220.108,221.232,222.753,225.096
17160.0,77.518,85.461,93.105,100.516,107.743,114.821,121.776,128.619,135.355,141.975,148.458,154.769,160.858,166.655,172.075,177.018,181.371,185.023,187.884,189.908,191.129,191.683,191.813,191.819,191.968,192.397,193.09,193.945,194.881,195.88,196.954,198.113,199.36,200.692,202.103,203.586,205.13,206.717,208.33,209.943,211.529,213.059,214.502,215.835,217.042,218.126,219.122,220.108,221.232,222.753,225.096
17220.0,77.507,85.445,93.085,100.491,107.715,114.79,121.741,128.582,135.315,141.933,148.415,154.725,160.813,166.611,172.034,176.979,181.336,184.994,187.86,189.891,191.119,191.678,191.812,191.82,191.969,192.398,193.09,193.945,194.881,195.88,196.954,198.113,199.36,200.692,202.103,203.586,205.13,206.717,208.33,209.943,211.529,213.059,214.502,215.835,217.042,218.126,219.122,220.108,221.232,222.753,225.096
17280.0,77.495,85.429,93.064,100.467,107.687,114.758,121.706,128.544,135.275,141.891,148.371,154.681,160.769,166.568,171.992,176.94,181.301,184.964,187.837,189.874,191.108,191.673,191.811,191.821,191.97,192.399,193.09,193.945,194.881,195.88,196.953,198.113,199.36,200.692,202.103,203.586,205.13,206.717,208.33,209.943,211.529,213.058,214.502,215.834,217.042,218.126,219.122,220.108,221.232,222.753,225.096
17340.0,77.484,85.413,93.044,100.443,107.659,114.727,121.671,128.506,135.235,141.849,148.328,154.637,160.725,166.525,171.951,176.902,181.267,184.935,187.813,189.857,191.097,191.668,191.81,191.822,191.972,192.4,193.09,193.945,194.881,195.88,196.953,198.113,199.36,200.692,202.103,203.586,205.13,206.717,208.33,209.943,211.529,213.058,214.502,215.834,217.042,218.126,219.122,220.108,221.232,222.753,225.096
17400.0,77.472,85.397,93.024,100.419,107.631,114.695,121.637,128.469,135.195,141.807,148.284,154.592,160.681,166.481,171.909,176.863,181.232,184.905,187.79,189.84,191.086,191.663,191.808,191.823,191.973,192.4,193.091,193.945,194.881,195.88,196.953,198.113,199.36,200.692,202.103,203.586,205.129,206.717,208.33,209.943,211.529,213.058,214.502,215.834,217.042,218.126,219.122,220.108,221.232,222.753,225.096
17460.0,77.461,85.381,93.004,100.395,107.603,114.664,121.602,128.432,135.155,141.765,148.241,154.548,160.637,166.438,171.868,176.825,181.198,184.876,187.767,189.823,191.076,191.658,191.807,191.823,191.974,192.401,193.091,193.945,194.881,195.88,196.953,198.113,199.36,200.692,202.103,203.586,205.129,206.717,208.33,209.943,211.529,213.058,214.502,215.834,217.041,218.126,219.122,220.108,221.232,222.753,225.096
17520.0,77.45,85.365,92.984,100.37,107.575,114.633,121.568,128.394,135.116,141.724,148.198,154.504,160.593,166.395,171.826,176.786,181.163,184.846,187.743,189.806,191.065,191.652,191.806,191.824,191.976,192.402,193.091,193.944,194.881,195.88,196.953,198.113,199.36,200.692,202.103,203.586,205.129,206.717,208.33,209.943,211.529,213.058,214.502,215.834,217.041,218.126,219.122,220.108,221.232,222.753,225.096
17580.0,77.438,85.349,92.964,100.346,107.547,114.601,121.533,128.357,135.076,141.682,148.155,154.461,160.549,166.352,171.785,176.748,181.129,184.817,187.72,189.789,191.054,191.647,191.805,191.825,191.977,192.403,193.091,193.944,194.881,195.879,196.953,198.113,199.36,200.692,202.103,203.586,205.129,206.717,208.33,209.943,211.529,213.058,214.502,215.834,217.041,218.126,219.122,220.108,221.232,222.753,225.096
17640.0,77.427,85.334,92.943,100.322,107.519,114.57,121.499,128.32,135.036,141.64,148.112,154.417,160.505,166.309,171.744,176.709,181.094,184.787,187.696,189.772,191.043,191.642,191.803,191.826,191.978,192.404,193.092,193.944,194.881,195.879,196.953,198.113,199.36,200.692,202.103,203.586,205.129,206.717,208.33,209.943,211.529,213.058,214.502,215.834,217.041,218.126,219.122,220.108,221.232,222.753,225.096
17700.0,77.416,85.318,92.923,100.298,107.492,114.539,121.465,128.283,134.997,141.599,148.069,154.373,160.461,166.266,171.703,176.671,181.06,184.758,187.673,189.755,191.033,191.637,191.802,191.827,191.98,192.405,193.092,193.944,194.881,195.879,196.953,198.113,199.36,200.692,202.103,203.586,205.129,206.717,208.33,209.943,211.529,213.058,214.502,215.834,217.041,218.126,219.122,220.108,221.232,222.753,225.096
17760.0,77.404,85.302,92.904,100.275,107.464,114.508,121.431,128.246,134.957,141.557,148.026,154.329,160.417,166.223,171.661,176.633,181.026,184.729,187.649,189.738,191.022,191.631,191.801,191.828,191.981,192.406,193.092,193.944,194.88,195.879,196.953,198.113,199.36,200.692,202.103,203.586,205.129,206.717,208.33,209.943,211.529,213.058,214.502,215.834,217.041,218.126,219.122,220.108,221.232,222.753,225.096
17820.0,77.393,85.286,92.884,100.251,107.437,114.477,121.396,128.209,134.918,141.516,147.983,154.286,160.373,166.18,171.62,176.594,180.991,184.699,187.626,189.721,191.011,191.626,191.799,191.828,191.982,192.406,193.092,193.944,194.88,195.879,196.953,198.113,199.36,200.692,202.103,203.586,205.129,206.717,208.33,209.943,211.529,213.058,214.502,215.834,217.041,218.126,219.122,220.108,221.232,222.753,225.096
17880.0,77.382,85.271,92.864,100.227,107.409,114.446,121.362,128.172,134.879,141.475,147.94,154.242,160.33,166.137,171.579,176.556,180.957,184.67,187.602,189.703,191.0,191.62,191.798,191.829,191.983,192.407,193.093,193.944,194.88,195.879,196.953,198.113,199.36,200.692,202.103,203.586,205.129,206.717,208.33,209.943,211.529,213.058,214.502,215.834,217.041,218.126,219.122,220.108,221.232,222.753,225.096
17940.0,77.37,85.255,92.844,100.203,107.382,114.415,121.328,128.135,134.839,141.433,147.898,154.199,160.286,166.094,171.538,176.518,180.923,184.641,187.579,189.686,190.989,191.615,191.797,191.83,191.985,192.408,193.093,193.944,194.88,195.879,196.953,198.113,199.36,200.691,202.103,203.586,205.129,206.717,208.33,209.943,211.529,213.058,214.502,215.834,217.041,218.126,219.122,220.108,221.232,222.753,225.096
18000.0,77.359,85.239,92.824,100.179,107.354,114.384,121.294,128.098,134.8,141.392,147.855,154.155,160.243,166.051,171.497,176.48,180.888,184.611,187.555,189.669,190.978,191.61,191.795,191.831,191.986,192.409,193.093,193.944,194.88,195.879,196.953,198.113,199.36,200.691,202.103,203.586,205.129,206.717,208.33,209.943,211.529,213.058,214.502,215.834,217.041,218.126,219.122,220.108,221.232,222.753,225.096
18060.0,77.348,85.224,92.804,100.156,107.327,114.354,121.26,128.062,134.761,141.351,147.813,154.112,160.199,166.009,171.456,176.442,180.854,184.582,187.532,189.652,190.967,191.604,191.794,191.831,191.987,192.41,193.093,193.944,194.88,195.879,196.953,198.113,199.36,200.691,202.103,203.586,205.129,206.717,208.33,209.943,211.529,213.058,214.502,215.834,217.041,218.126,219.122,220.108,221.232,222.753,225.096
18120.0,77.337,85.208,92.784,100.132,107.3,114.323,121.227,128.025,134.722,141.31,147.77,154.068,160.156,165.966,171.415,176.404,180.82,184.553,187.508,189.635,190.957,191.599,191.792,191.832,191.989,192.411,193.094,193.944,194.88,195.879,196.953,198.112,199.36,200.691,202.103,203.586,205.129,206.717,208.329,209.943,211.529,213.058,214.502,215.834,217.041,218.126,219.122,220.108,221.232,222.753,225.096
18180.0,77.326,85.193,92.765,100.108,107.272,114.292,121.193,127.988,134.683,141.269,147.728,154.025,160.113,165.924,171.375,176.366,180.786,184.524,187.485,189.618,190.946,191.593,191.791,191.833,191.99,192.411,193.094,193.944,194.88,195.879,196.953,198.112,199.36,200.691,202.103,203.586,205.129,206.717,208.329,209.943,211.529,213.058,214.502,215.834,217.041,218.126,219.122,220.108,221.232,222.753,225.096
18240.0,77.315,85.177,92.745,100.085,107.245,114.262,121.159,127.952,134.644,141.228,147.685,153.982,160.069,165.881,171.334,176.328,180.752,184.494,187.461,189.6,190.935,191.588,191.789,191.834,191.991,192.412,193.094,193.944,194.88,195.879,196.953,198.112,199.36,200.691,202.103,203.586,205.129,206.717,208.329,209.943,211.529,213.058,214.502,215.834,217.041,218.126,219.122,220.108,221.232,222.753,225.096
18300.0,77.303,85.161,92.725,100.061,107.218,114.231,121.125,127.916,134.605,141.187,147.643,153.939,160.026,165.839,171.293,176.29,180.717,184.465,187.438,189.583,190.924,191.582,191.788,191.834,191.992,192.413,193.095,193.944,194.88,195.879,196.953,198.112,199.359,200.691,202.103,203.586,205.129,206.717,208.329,209.943,211.529,213.058,214.502,215.834,217.041,218.126,219.122,220.108,221.232,222.753,225.096
18360.0,77.292,85.146,92.706,100.038,107.191,114.201,121.092,127.879,134.566,141.147,147.601,153.896,159.983,165.796,171.252,176.252,180.683,184.436,187.414,189.566,190.913,191.577,191.786,191.835,191.994,192.414,193.095,193.944,194.879,195.879,196.952,198.112,199.359,200.691,202.102,203.586,205.129,206.717,208.329,209.943,211.529,213.058,214.502,215.834,217.041,218.126,219.122,220.108,221.232,222.753,225.096
18420.0,77.281,85.131,92.686,100.014,107.164,114.17,121.058,127.843,134.528,141.106,147.559,153.853,159.94,165.754,171.212,176.214,180.649,184.407,187.391,189.549,190.902,191.571,191.785,191.836,191.995,192.415,193.095,193.944,194.879,195.878,196.952,198.112,199.359,200.691,202.102,203.585,205.129,206.717,208.329,209.943,211.529,213.058,214.502,215.834,217.041,218.126,219.122,220.108,221.232,222.753,225.096
18480.0,77.27,85.115,92.667,99.991,107.137,114.14,121.025,127.807,134.489,141.065,147.517,153.81,159.897,165.712,171.171,176.176,180.615,184.377,187.367,189.531,190.891,191.566,191.783,191.836,191.996,192.416,193.095,193.944,194.879,195.878,196.952,198.112,199.359,200.691,202.102,203.585,205.129,206.717,208.329,209.942,211.529,213.058,214.502,215.834,217.041,218.126,219.122,220.108,221.232,222.753,225.096
18540.0,77.259,85.1,92.647,99.968,107.11,114.109,120.991,127.77,134.45,141.025,147.475,153.767,159.854,165.67,171.131,176.138,180.581,184.348,187.344,189.514,190.879,191.56,191.782,191.837,191.997,192.416,193.096,193.944,194.879,195.878,196.952,198.112,199.359,200.691,202.102,203.585,205.129,206.717,208.329,209.942,211.529,213.058,214.501,215.834,217.041,218.126,219.122,220.108,221.232,222.753,225.096
18600.0,77.248,85.084,92.628,99.944,107.083,114.079,120.958,127.734,134.412,140.984,147.433,153.725,159.811,165.627,171.09,176.1,180.547,184.319,187.32,189.497,190.868,191.554,191.78,191.838,191.998,192.417,193.096,193.944,194.879,195.878,196.952,198.112,199.359,200.691,202.102,203.585,205.129,206.717,208.329,209.942,211.529,213.058,214.501,215.834,217.041,218.126,219.122,220.108,221.232,222.753,225.096
18660.0,77.237,85.069,92.608,99.921,107.056,114.049,120.925,127.698,134.373,140.944,147.391,153.682,159.768,165.585,171.05,176.063,180.513,184.29,187.297,189.48,190.857,191.549,191.778,191.838,192.0,192.418,193.096,193.944,194.879,195.878,196.952,198.112,199.359,200.691,202.102,203.585,205.129,206.717,208.329,209.942,211.529,213.058,214.501,215.834,217.041,218.126,219.122,220.108,221.232,222.753,225.096
18720.0,77.226,85.054,92.589,99.898,107.029,114.019,120.892,127.662,134.335,140.904,147.349,153.639,159.726,165.543,171.009,176.025,180.479,184.261,187.273,189.462,190.846,191.543,191.777,191.839,192.001,192.419,193.096,193.944,194.879,195.878,196.952,198.112,199.359,200.691,202.102,203.585,205.129,206.717,208.329,209.942,211.528,213.058,214.501,215.834,217.041,218.126,219.122,220.108,221.232,222.753,225.096
18780.0,77.215,85.038,92.57,99.875,107.002,113.989,120.858,127.626,134.297,140.863,147.308,153.597,159.683,165.501,170.969,175.987,180.445,184.232,187.25,189.445,190.835,191.537,191.775,191.839,192.002,192.42,193.097,193.944,194.879,195.878,196.952,198.112,199.359,200.691,202.102,203.585,205.129,206.716,208.329,209.942,211.528,213.058,214.501,215.834,217.041,218.126,219.122,220.108,221.232,222.753,225.096
18840.0,77.204,85.023,92.55,99.851,106.976,113.959,120.825,127.59,134.259,140.823,147.266,153.554,159.64,165.459,170.929,175.95,180.412,184.203,187.226,189.428,190.824,191.532,191.774,191.84,192.003,192.421,193.097,193.944,194.879,195.878,196.952,198.112,199.359,200.691,202.102,203.585,205.129,206.716,208.329,209.942,211.528,213.058,214.501,215.834,217.041,218.126,219.122,220.108,221.232,222.753,225.096
18900.0,77.193,85.008,92.531,99.828,106.949,113.929,120.792,127.555,134.22,140.783,147.224,153.512,159.598,165.418,170.889,175.912,180.378,184.173,187.203,189.41,190.813,191.526,191.772,191.841,192.004,192.422,193.097,193.943,194.879,195.878,196.952,198.112,199.359,200.691,202.102,203.585,205.128,206.716,208.329,209.942,211.528,213.058,214.501,215.834,217.041,218.126,219.122,220.108,221.232,222.753,225.097
18960.0,77.182,84.993,92.512,99.805,106.922,113.899,120.759,127.519,134.182,140.743,147.183,153.469,159.555,165.376,170.848,175.875,180.344,184.144,187.179,189.393,190.801,191.52,191.77,191.841,192.006,192.422,193.098,193.943,194.879,195.878,196.952,198.112,199.359,200.691,202.102,203.585,205.128,206.716,208.329,209.942,211.528,213.058,214.501,215.834,217.041,218.126,219.122,220.108,221.232,222.753,225.097
19020.0,77.171,84.977,92.492,99.782,106.896,113.869,120.726,127.483,134.144,140.703,147.141,153.427,159.513,165.334,170.808,175.837,180.31,184.115,187.156,189.376,190.79,191.514,191.768,191.842,192.007,192.423,193.098,193.943,194.878,195.878,196.952,198.112,199.359,200.691,202.102,203.585,205.128,206.716,208.329,209.942,211.528,213.058,214.501,215.834,217.041,218.126,219.122,220.108,221.232,222.753,225.097
19080.0,77.16,84.962,92.473,99.759,106.869,113.839,120.693,127.448,134.106,140.663,147.1,153.385,159.471,165.292,170.768,175.8,180.276,184.086,187.132,189.358,190.779,191.509,191.767,191.842,192.008,192.424,193.098,193.943,194.878,195.878,196.952,198.112,199.359,200.691,202.102,203.585,205.128,206.716,208.329,209.942,211.528,213.058,214.501,215.834,217.041,218.126,219.122,220.108,221.232,222.753,225.097
19140.0,77.149,84.947,92.454,99.736,106.843,113.809,120.661,127.412,134.068,140.623,147.059,153.343,159.428,165.251,170.728,175.762,180.243,184.057,187.109,189.341,190.768,191.503,191.765,191.843,192.009,192.425,193.098,193.943,194.878,195.878,196.952,198.112,199.359,200.691,202.102,203.585,205.128,206.716,208.329,209.942,211.528,213.058,214.501,215.834,217.041,218.126,219.122,220.108,221.232,222.753,225.097
19200.0,77.139,84.932,92.435,99.713,106.816,113.779,120.628,127.377,134.03,140.583,147.017,153.301,159.386,165.209,170.688,175.725,180.209,184.028,187.086,189.324,190.757,191.497,191.763,191.843,192.01,192.426,193.099,193.943,194.878,195.878,196.952,198.112,199.359,200.69,202.102,203.585,205.128,206.716,208.329,209.942,211.528,213.058,214.501,215.834,217.041,218.126,219.122,220.108,221.232,222.753,225.097
19260.0,77.128,84.917,92.416,99.691,106.79,113.75,120.595,127.341,133.993,140.544,146.976,153.259,159.344,165.168,170.648,175.687,180.175,183.999,187.062,189.306,190.745,191.491,191.761,191.844,192.012,192.427,193.099,193.943,194.878,195.877,196.952,198.112,199.359,200.69,202.102,203.585,205.128,206.716,208.329,209.942,211.528,213.058,214.501,215.834,217.041,218.126,219.122,220.108,221.232,222.753,225.097
19320.0,77.117,84.902,92.397,99.668,106.763,113.72,120.562,127.306,133.955,140.504,146.935,153.217,159.302,165.126,170.608,175.65,180.141,183.97,187.039,189.289,190.734,191.485,191.759,191.844,192.013,192.427,193.099,193.943,194.878,195.877,196.952,198.111,199.359,200.69,202.102,203.585,205.128,206.716,208.329,209.942,211.528,213.058,214.501,215.834,217.041,218.126,219.122,220.108,221.232,222.753,225.097
19380.0,77.106,84.887,92.378,99.645,106.737,113.69,120.53,127.271,133.917,140.464,146.894,153.175,159.26,165.085,170.568,175.613,180.108,183.941,187.015,189.272,190.723,191.479,191.758,191.845,192.014,192.428,193.1,193.943,194.878,195.877,196.952,198.111,199.359,200.69,202.102,203.585,205.128,206.716,208.329,209.942,211.528,213.058,214.501,215.834,217.041,218.126,219.122,220.108,221.232,222.753,225.097
19440.0,77.095,84.872,92.359,99.622,106.711,113.661,120.497,127.235,133.88,140.425,146.853,153.133,159.218,165.043,170.529,175.576,180.074,183.912,186.992,189.254,190.711,191.473,191.756,191.845,192.015,192.429,193.1,193.943,194.878,195.877,196.952,198.111,199.359,200.69,202.102,203.585,205.128,206.716,208.329,209.942,211.528,213.058,214.501,215.834,217.041,218.126,219.122,220.108,221.232,222.753,225.097
19500.0,77.085,84.857,92.34,99.6,106.685,113.631,120.465,127.2,133.842,140.385,146.812,153.091,159.176,165.002,170.489,175.538,180.041,183.883,186.968,189.237,190.7,191.467,191.754,191.846,192.016,192.43,193.1,193.943,194.878,195.877,196.951,198.111,199.358,200.69,202.102,203.585,205.128,206.716,208.329,209.942,211.528,213.058,214.501,215.834,217.041,218.126,219.122,220.108,221.232,222.753,225.097
19560.0,77.074,84.842,92.321,99.577,106.659,113.602,120.432,127.165,133.805,140.346,146.771,153.049,159.134,164.961,170.449,175.501,180.007,183.854,186.945,189.219,190.689,191.461,191.752,191.846,192.017,192.431,193.1,193.943,194.878,195.877,196.951,198.111,199.358,200.69,202.102,203.585,205.128,206.716,208.329,209.942,211.528,213.058,214.501,215.834,217.041,218.126,219.122,220.108,221.232,222.753,225.097
19620.0,77.063,84.827,92.302,99.554,106.632,113.573,120.4,127.13,133.767,140.307,146.731,153.008,159.092,164.92,170.41,175.464,179.974,183.825,186.921,189.202,190.677,191.455,191.75,191.846,192.018,192.431,193.101,193.943,194.877,195.877,196.951,198.111,199.358,200.69,202.102,203.585,205.128,206.716,208.329,209.942,211.528,213.058,214.501,215.834,217.041,218.126,219.122,220.108,221.232,222.753,225.097
19680.0,77.052,84.812,92.283,99.532,106.606,113.543,120.368,127.095,133.73,140.267,146.69,152.966,159.05,164.879,170.37,175.427,179.94,183.796,186.898,189.184,190.666,191.449,191.748,191.847,192.02,192.432,193.101,193.943,194.877,195.877,196.951,198.111,199.358,200.69,202.101,203.585,205.128,206.716,208.329,209.942,211.528,213.058,214.501,215.834,217.041,218.126,219.122,220.108,221.232,222.753,225.097
19740.0,77.042,84.797,92.264,99.509,106.58,113.514,120.336,127.06,133.693,140.228,146.649,152.925,159.009,164.837,170.33,175.39,179.907,183.768,186.874,189.167,190.654,191.443,191.746,191.847,192.021,192.433,193.101,193.943,194.877,195.877,196.951,198.111,199.358,200.69,202.101,203.585,205.128,206.716,208.329,209.942,211.528,213.058,214.501,215.834,217.041,218.126,219.122,220.108,221.232,222.753,225.097
19800.0,77.031,84.782,92.246,99.487,106.554,113.485,120.303,127.025,133.655,140.189,146.609,152.883,158.967,164.796,170.291,175.353,179.873,183.739,186.851,189.15,190.643,191.437,191.744,191.848,192.022,192.434,193.102,193.943,194.877,195.877,196.951,198.111,199.358,200.69,202.101,203.585,205.128,206.716,208.329,209.942,211.528,213.058,214.501,215.834,217.041,218.126,219.122,220.108,221.232,222.753,225.097
19860.0,77.02,84.767,92.227,99.464,106.528,113.456,120.271,126.99,133.618,140.15,146.568,152.842,158.925,164.755,170.251,175.316,179.84,183.71,186.828,189.132,190.632,191.431,191.742,191.848,192.023,192.435,193.102,193.943,194.877,195.877,196.951,198.111,199.358,200.69,202.101,203.584,205.128,206.716,208.329,209.942,211.528,213.057,214.501,215.834,217.041,218.126,219.122,220.108,221.232,222.753,225.097
19920.0,77.01,84.753,92.208,99.442,106.503,113.427,120.239,126.956,133.581,140.111,146.528,152.801,158.884,164.715,170.212,175.279,179.806,183.681,186.804,189.115,190.62,191.425,191.74,191.848,192.024,192.436,193.102,193.943,194.877,195.877,196.951,198.111,199.358,200.69,202.101,203.584,205.128,206.716,208.328,209.942,211.528,213.057,214.501,215.834,217.041,218.126,219.122,220.108,221.232,222.753,225.097
19980.0,76.999,84.738,92.189,99.419,106.477,113.398,120.207,126.921,133.544,140.072,146.487,152.759,158.842,164.674,170.173,175.242,179.773,183.652,186.781,189.097,190.609,191.419,191.738,191.849,192.025,192.436,193.102,193.943,194.877,195.877,196.951,198.111,199.358,200.69,202.101,203.584,205.128,206.716,208.328,209.942,211.528,213.057,214.501,215.834,217.041,218.126,219.122,220.108,221.232,222.753,225.097
20040.0,76.988,84.723,92.171,99.397,106.451,113.369,120.175,126.886,133.507,140.033,146.447,152.718,158.801,164.633,170.133,175.205,179.74,183.623,186.757,189.08,190.597,191.413,191.736,191.849,192.026,192.437,193.103,193.943,194.877,195.877,196.951,198.111,199.358,200.69,202.101,203.584,205.128,206.716,208.328,209.942,211.528,213.057,214.501,215.834,217.041,218.126,219.122,220.108,221.232,222.753,225.097
20100.0,76.978,84.708,92.152,99.375,106.425,113.34,120.143,126.852,133.47,139.994,146.407,152.677,158.76,164.592,170.094,175.169,179.706,183.595,186.734,189.062,190.586,191.407,191.734,191.849,192.027,192.438,193.103,193.943,194.877,195.876,196.951,198.111,199.358,200.69,202.101,203.584,205.128,206.716,208.328,209.942,211.528,213.057,214.501,215.834,217.041,218.126,219.122,220.108,221.232,222.753,225.097
20160.0,76.967,84.694,92.134,99.353,106.4,113.311,120.111,126.817,133.433,139.955,146.366,152.636,158.718,164.551,170.055,175.132,179.673,183.566,186.71,189.045,190.574,191.401,191.732,191.85,192.028,192.439,193.103,193.943,194.877,195.876,196.951,198.111,199.358,200.69,202.101,203.584,205.128,206.716,208.328,209.942,211.528,213.057,214.501,215.834,217.041,218.126,219.122,220.108,221.232,222.753,225.097
20220.0,76.957,84.679,92.115,99.33,106.374,113.282,120.08,126.783,133.397,139.917,146.326,152.595,158.677,164.511,170.016,175.095,179.64,183.537,186.687,189.027,190.562,191.394,191.73,191.85,192.029,192.44,193.104,193.943,194.877,195.876,196.951,198.111,199.358,200.69,202.101,203.584,205.128,206.716,208.328,209.942,211.528,213.057,214.501,215.834,217.041,218.126,219.122,220.108,221.232,222.753,225.097
20280.0,76.946,84.664,92.096,99.308,106.348,113.253,120.048,126.748,133.36,139.878,146.286,152.554,158.636,164.47,169.977,175.058,179.607,183.508,186.664,189.01,190.551,191.388,191.728,191.85,192.03,192.441,193.104,193.943,194.876,195.876,196.951,198.111,199.358,200.69,202.101,203.584,205.128,206.716,208.328,209.942,211.528,213.057,214.501,215.834,217.041,218.126,219.122,220.108,221.232,222.753,225.097
20340.0,76.935,84.65,92.078,99.286,106.323,113.224,120.016,126.714,133.323,139.84,146.246,152.513,158.595,164.43,169.937,175.022,179.573,183.479,186.64,188.992,190.539,191.382,191.726,191.851,192.031,192.441,193.104,193.943,194.876,195.876,196.951,198.111,199.358,200.69,202.101,203.584,205.128,206.716,208.328,209.942,211.528,213.057,214.501,215.834,217.041,218.126,219.122,220.108,221.232,222.753,225.097
20400.0,76.925,84.635,92.059,99.264,106.297,113.196,119.984,126.68,133.287,139.801,146.206,152.472,158.554,164.389,169.898,174.985,179.54,183.451,186.617,188.974,190.528,191.376,191.724,191.851,192.033,192.442,193.105,193.943,194.876,195.876,196.951,198.111,199.358,200.69,202.101,203.584,205.127,206.715,208.328,209.941,211.528,213.057,214.501,215.834,217.041,218.126,219.122,220.108,221.232,222.753,225.097
20460.0,76.914,84.62,92.041,99.242,106.272,113.167,119.953,126.645,133.25,139.763,146.166,152.431,158.513,164.349,169.859,174.949,179.507,183.422,186.593,188.957,190.516,191.369,191.721,191.851,192.034,192.443,193.105,193.943,194.876,195.876,196.951,198.111,199.358,200.689,202.101,203.584,205.127,206.715,208.328,209.941,211.528,213.057,214.501,215.834,217.041,218.126,219.122,220.108,221.232,222.753,225.097
20520.0,76.904,84.606,92.023,99.22,106.246,113.138,119.921,126.611,133.214,139.724,146.126,152.391,158.472,164.308,169.82,174.912,179.474,183.393,186.57,188.939,190.504,191.363,191.719,191.851,192.035,192.444,193.105,193.943,194.876,195.876,196.951,198.11,199.358,200.689,202.101,203.584,205.127,206.715,208.328,209.941,211.528,213.057,214.501,215.834,217.041,218.126,219.122,220.108,221.232,222.753,225.097
20580.0,76.893,84.591,92.004,99.198,106.221,113.11,119.89,126.577,133.177,139.686,146.087,152.35,158.431,164.268,169.782,174.875,179.441,183.365,186.546,188.922,190.493,191.357,191.717,191.852,192.036,192.445,193.105,193.943,194.876,195.876,196.95,198.11,199.358,200.689,202.101,203.584,205.127,206.715,208.328,209.941,211.528,213.057,214.501,215.834,217.041,218.126,219.122,220.108,221.232,222.753,225.097
20640.0,76.883,84.577,91.986,99.176,106.196,113.081,119.858,126.543,133.141,139.648,146.047,152.309,158.39,164.228,169.743,174.839,179.408,183.336,186.523,188.904,190.481,191.351,191.715,191.852,192.037,192.445,193.106,193.943,194.876,195.876,196.95,198.11,199.358,200.689,202.101,203.584,205.127,206.715,208.328,209.941,211.528,213.057,214.501,215.834,217.041,218.126,219.122,220.108,221.232,222.753,225.097
20700.0,76.873,84.562,91.968,99.154,106.17,113.053,119.827,126.509,133.105,139.609,146.007,152.269,158.35,164.188,169.704,174.803,179.375,183.307,186.5,188.887,190.469,191.344,191.713,191.852,192.038,192.446,193.106,193.943,194.876,195.876,196.95,198.11,199.358,200.689,202.101,203.584,205.127,206.715,208.328,209.941,211.528,213.057,214.501,215.834,217.041,218.126,219.122,220.108,221.232,222.753,225.097
20760.0,76.862,84.548,91.949,99.132,106.145,113.024,119.796,126.475,133.068,139.571,145.968,152.228,158.309,164.147,169.665,174.766,179.342,183.279,186.476,188.869,190.458,191.338,191.71,191.852,192.039,192.447,193.106,193.943,194.876,195.876,196.95,198.11,199.357,200.689,202.101,203.584,205.127,206.715,208.328,209.941,211.528,213.057,214.501,215.834,217.041,218.126,219.122,220.108,221.232,222.753,225.097
20820.0,76.852,84.533,91.931,99.11,106.12,112.996,119.765,126.441,133.032,139.533,145.928,152.188,158.268,164.107,169.626,174.73,179.309,183.25,186.453,188.851,190.446,191.332,191.708,191.852,192.04,192.448,193.107,193.943,194.876,195.876,196.95,198.11,199.357,200.689,202.101,203.584,205.127,206.715,208.328,209.941,211.528,213.057,214.501,215.834,217.041,218.126,219.122,220.108,221.232,222.753,225.097
20880.0,76.841,84.519,91.913,99.088,106.095,112.968,119.733,126.407,132.996,139.495,145.889,152.148,158.228,164.067,169.588,174.693,179.276,183.221,186.429,188.834,190.434,191.325,191.706,191.852,192.041,192.449,193.107,193.943,194.876,195.875,196.95,198.11,199.357,200.689,202.101,203.584,205.127,206.715,208.328,209.941,211.528,213.057,214.501,215.834,217.041,218.126,219.122,220.108,221.232,222.753,225.097
20940.0,76.831,84.504,91.895,99.067,106.069,112.939,119.702,126.374,132.96,139.457,145.849,152.107,158.187,164.027,169.549,174.657,179.243,183.193,186.406,188.816,190.423,191.319,191.703,191.853,192.042,192.449,193.107,193.943,194.875,195.875,196.95,198.11,199.357,200.689,202.101,203.584,205.127,206.715,208.328,209.941,211.527,213.057,214.501,215.834,217.041,218.126,219.122,220.108,221.232,222.753,225.097
21000.0,76.888,84.516,91.883,99.046,106.045,112.911,119.671,126.34,132.924,139.419,145.81,152.067,158.147,163.987,169.511,174.621,179.21,183.164,186.383,188.799,190.411,191.312,191.701,191.853,192.043,192.45,193.108,193.943,194.875,195.875,196.95,198.11,199.357,200.689,202.1,203.584,205.127,206.715,208.328,209.941,211.527,213.057,214.501,215.834,217.041,218.126,219.122,220.108,221.232,222.753,225.097
21060.0,77.092,84.592,91.893,99.031,106.021,112.883,119.64,126.306,132.888,139.382,145.771,152.027,158.106,163.947,169.472,174.585,179.177,183.136,186.359,188.781,190.399,191.306,191.699,191.853,192.044,192.451,193.108,193.943,194.875,195.875,196.95,198.11,199.357,200.689,202.1,203.584,205.127,206.715,208.328,209.941,211.527,213.057,214.501,215.834,217.041,218.126,219.122,220.108,221.232,222.753,225.097
21120.0,77.413,84.74,91.938,99.029,106.0,112.856,119.609,126.273,132.852,139.344,145.732,151.987,158.066,163.907,169.434,174.549,179.144,183.107,186.336,188.763,190.387,191.299,191.696,191.853,192.045,192.452,193.108,193.943,194.875,195.875,196.95,198.11,199.357,200.689,202.1,203.584,205.127,206.715,208.328,209.941,211.527,213.057,214.501,215.834,217.041,218.126,219.122,220.108,221.232,222.753,225.097
21180.0,77.841,84.96,92.025,99.046,105.987,112.83,119.579,126.239,132.816,139.306,145.693,151.947,158.026,163.868,169.395,174.512,179.111,183.079,186.313,188.746,190.375,191.293,191.694,191.853,192.046,192.453,193.108,193.943,194.875,195.875,196.95,198.11,199.357,200.689,202.1,203.584,205.127,206.715,208.328,209.941,211.527,213.057,214.501,215.833,217.041,218.126,219.122,220.108,221.232,222.753,225.097
21240.0,78.366,85.25,92.156,99.086,105.983,112.808,119.549,126.206,132.781,139.268,145.653,151.907,157.985,163.828,169.357,174.476,179.078,183.05,186.289,188.728,190.364,191.286,191.692,191.853,192.047,192.453,193.109,193.943,194.875,195.875,196.95,198.11,199.357,200.689,202.1,203.583,205.127,206.715,208.328,209.941,211.527,213.057,214.501,215.833,217.041,218.126,219.122,220.108,221.232,222.753,225.097
21300.0,78.984,85.609,92.334,99.154,105.993,112.791,119.521,126.173,132.745,139.231,145.614,151.867,157.945,163.788,169.318,174.44,179.046,183.022,186.266,188.71,190.352,191.28,191.689,191.853,192.048,192.454,193.109,193.943,194.875,195.875,196.95,198.11,199.357,200.689,202.1,203.583,205.127,206.715,208.328,209.941,211.527,213.057,214.501,215.833,217.041,218.126,219.122,220.108,221.232,222.753,225.097
21360.0,79.689,86.035,92.559,99.251,106.018,112.781,119.495,126.141,132.71,139.193,145.575,151.827,157.905,163.749,169.28,174.404,179.013,182.993,186.242,188.693,190.34,191.273,191.687,191.853,192.049,192.455,193.109,193.943,194.875,195.875,196.95,198.11,199.357,200.689,202.1,203.583,205.127,206.715,208.328,209.941,211.527,213.057,214.501,215.833,217.041,218.126,219.122,220.108,221.232,222.753,225.097
21420.0,80.476,86.526,92.832,99.379,106.06,112.779,119.472,126.109,132.675,139.156,145.537,151.787,157.865,163.709,169.242,174.368,178.98,182.965,186.219,188.675,190.328,191.267,191.684,191.853,192.05,192.456,193.11,193.943,194.875,195.875,196.95,198.11,199.357,200.689,202.1,203.583,205.127,206.715,208.328,209.941,211.527,213.057,214.501,215.833,217.041,218.126,219.122,220.108,221.232,222.753,225.097
21480.0,81.341,87.08,93.151,99.539,106.122,112.786,119.454,126.08,132.64,139.119,145.498,151.748,157.825,163.669,169.204,174.332,178.947,182.936,186.196,188.657,190.316,191.26,191.682,191.853,192.05,192.457,193.11,193.943,194.875,195.875,196.95,198.11,199.357,200.689,202.1,203.583,205.127,206.715,208.328,209.941,211.527,213.057,214.501,215.833,217.041,218.126,219.122,220.108,221.232,222.753,225.097
21540.0,82.282,87.694,93.517,99.732,106.204,112.805,119.44,126.051,132.605,139.082,145.459,151.708,157.785,163.63,169.165,174.296,178.915,182.908,186.172,188.64,190.304,191.253,191.679,191.853,192.051,192.457,193.11,193.943,194.875,195.875,196.95,198.11,199.357,200.689,202.1,203.583,205.127,206.715,208.328,209.941,211.527,213.057,214.501,215.833,217.041,218.126,219.122,220.108,221.232,222.753,225.097
21600.0,83.293,88.368,93.929,99.958,106.308,112.835,119.432,126.026,132.572,139.045,145.42,151.668,157.745,163.591,169.127,174.26,178.882,182.879,186.149,188.622,190.292,191.247,191.677,191.853,192.052,192.458,193.111,193.943,194.874,195.875,196.95,198.11,199.357,200.689,202.1,203.583,205.127,206.715,208.328,209.941,211.527,213.057,214.501,215.833,217.041,218.126,219.122,220.108,221.232,222.753,225.097
21660.0,84.372,89.098,94.387,100.218,106.434,112.879,119.431,126.003,132.539,139.008,145.382,151.629,157.705,163.551,169.089,174.225,178.849,182.851,186.126,188.604,190.281,191.24,191.674,191.853,192.053,192.459,193.111,193.943,194.874,195.875,196.95,198.11,199.357,200.689,202.1,203.583,205.127,206.715,208.327,209.941,211.527,213.057,214.5,215.833,217.041,218.126,219.122,220.108,221.232,222.753,225.097
21720.0,85.518,89.884,94.888,100.51,106.583,112.937,119.437,125.983,132.508,138.972,145.343,151.589,157.665,163.512,169.051,174.189,178.817,182.822,186.102,188.587,190.269,191.234,191.672,191.853,192.054,192.46,193.111,193.943,194.874,195.874,196.949,198.109,199.357,200.688,202.1,203.583,205.127,206.715,208.327,209.941,211.527,213.057,214.5,215.833,217.041,218.126,219.122,220.108,221.232,222.753,225.097
21780.0,86.726,90.724,95.434,100.836,106.755,113.01,119.452,125.967,132.478,138.936,145.305,151.55,157.626,163.473,169.013,174.153,178.784,182.794,186.079,188.569,190.257,191.227,191.669,191.853,192.055,192.461,193.112,193.943,194.874,195.874,196.949,198.109,199.357,200.688,202.1,203.583,205.127,206.715,208.327,209.941,211.527,213.057,214.5,215.833,217.041,218.126,219.122,220.108,221.232,222.753,225.097
21840.0,87.998,91.617,96.022,101.196,106.951,113.098,119.475,125.955,132.45,138.901,145.267,151.511,157.586,163.433,168.975,174.117,178.752,182.766,186.056,188.551,190.245,191.22,191.667,191.853,192.056,192.461,193.112,193.943,194.874,195.874,196.949,198.109,199.357,200.688,202.1,203.583,205.127,206.715,208.327,209.941,211.527,213.057,214.5,215.833,217.041,218.126,219.122,220.108,221.232,222.753,225.097
21900.0,89.332,92.563,96.654,101.588,107.172,113.203,119.508,125.949,132.424,138.867,145.229,151.471,157.546,163.394,168.937,174.082,178.719,182.737,186.032,188.533,190.233,191.213,191.664,191.853,192.057,192.462,193.112,193.943,194.874,195.874,196.949,198.109,199.357,200.688,202.1,203.583,205.126,206.715,208.327,209.941,211.527,213.057,214.5,215.833,217.041,218.126,219.122,220.108,221.232,222.753,225.097
21960.0,90.729,93.561,97.328,102.014,107.416,113.324,119.551,125.947,132.4,138.833,145.192,151.432,157.507,163.355,168.899,174.046,178.687,182.709,186.009,188.516,190.221,191.207,191.662,191.853,192.058,192.463,193.113,193.943,194.874,195.874,196.949,198.109,199.356,200.688,202.1,203.583,205.126,206.715,208.327,209.941,211.527,213.057,214.5,215.833,217.041,218.126,219.122,220.108,221.232,222.753,225.097
22020.0,92.194,94.614,98.045,102.473,107.686,113.461,119.604,125.951,132.379,138.8,145.154,151.393,157.467,163.316,168.862,174.01,178.654,182.681,185.986,188.498,190.209,191.2,191.659,191.853,192.059,192.464,193.113,193.943,194.874,195.874,196.949,198.109,199.356,200.688,202.1,203.583,205.126,206.714,208.327,209.941,211.527,213.057,214.5,215.833,217.041,218.126,219.122,220.108,221.232,222.753,225.097
22080.0,93.729,95.723,98.806,102.966,107.981,113.617,119.668,125.962,132.361,138.769,145.118,151.354,157.428,163.277,168.824,173.975,178.622,182.652,185.962,188.48,190.197,191.193,191.656,191.853,192.06,192.464,193.113,193.943,194.874,195.874,196.949,198.109,199.356,200.688,202.1,203.583,205.126,206.714,208.327,209.941,211.527,213.057,214.5,215.833,217.041,218.126,219.122,220.108,221.232,222.753,225.097
22140.0,95.344,96.892,99.613,103.494,108.301,113.79,119.744,125.979,132.346,138.739,145.081,151.316,157.389,163.238,168.786,173.939,178.589,182.624,185.939,188.463,190.185,191.186,191.654,191.853,192.061,192.465,193.114,193.943,194.874,195.874,196.949,198.109,199.356,200.688,202.1,203.583,205.126,206.714,208.327,209.941,211.527,213.057,214.5,215.833,217.041,218.126,219.122,220.108,221.232,222.753,225.097
22200.0,97.055,98.13,100.469,104.057,108.647,113.981,119.831,126.002,132.335,138.711,145.045,151.277,157.349,163.199,168.748,173.904,178.557,182.596,185.916,188.445,190.173,191.18,191.651,191.853,192.061,192.466,193.114,193.943,194.874,195.874,196.949,198.109,199.356,200.688,202.1,203.583,205.126,206.714,208.327,209.941,211.527,213.057,214.5,215.833,217.041,218.126,219.122,220.108,221.233,222.753,225.097
22260.0,98.921,99.463,101.384,104.659,109.02,114.191,119.931,126.034,132.328,138.684,145.01,151.239,157.31,163.16,168.711,173.868,178.525,182.568,185.892,188.427,190.161,191.173,191.648,191.853,192.062,192.467,193.114,193.943,194.873,195.874,196.949,198.109,199.356,200.688,202.1,203.583,205.126,206.714,208.327,209.941,211.527,213.057,214.5,215.833,217.041,218.126,219.122,220.108,221.233,222.753,225.097
22320.0,100.897,100.884,102.362,105.305,109.422,114.421,120.044,126.072,132.324,138.659,144.976,151.201,157.271,163.121,168.673,173.833,178.492,182.539,185.869,188.409,190.148,191.166,191.646,191.853,192.063,192.468,193.115,193.943,194.873,195.874,196.949,198.109,199.356,200.688,202.099,203.583,205.126,206.714,208.327,209.941,211.527,213.057,214.5,215.833,217.041,218.126,219.122,220.108,221.233,222.753,225.097
22380.0,102.911,102.364,103.398,105.995,109.855,114.671,120.17,126.119,132.325,138.636,144.942,151.163,157.232,163.083,168.636,173.797,178.46,182.511,185.846,188.391,190.136,191.159,191.643,191.853,192.064,192.468,193.115,193.943,194.873,195.874,196.949,198.109,199.356,200.688,202.099,203.583,205.126,206.714,208.327,209.94,211.527,213.057,214.5,215.833,217.041,218.126,219.122,220.108,221.233,222.753,225.097
22440.0,104.944,103.887,104.483,106.727,110.32,114.943,120.31,126.174,132.331,138.616,144.91,151.126,157.193,163.044,168.598,173.762,178.428,182.483,185.822,188.374,190.124,191.152,191.64,191.852,192.065,192.469,193.115,193.943,194.873,195.874,196.949,198.109,199.356,200.688,202.099,203.583,205.126,206.714,208.327,209.94,211.527,213.056,214.5,215.833,217.041,218.126,219.122,220.108,221.233,222.753,225.097
22500.0,106.984,105.439,105.608,107.499,110.817,115.237,120.464,126.239,132.341,138.597,144.878,151.089,157.155,163.005,168.561,173.726,178.396,182.455,185.799,188.356,190.112,191.145,191.637,191.852,192.066,192.47,193.115,193.943,194.873,195.874,196.949,198.109,199.356,200.688,202.099,203.583,205.126,206.714,208.327,209.94,211.527,213.056,214.5,215.833,217.041,218.126,219.122,220.108,221.233,222.753,225.097
22560.0,109.022,107.011,106.765,108.306,111.343,115.554,120.634,126.312,132.357,138.582,144.848,151.052,157.116,162.967,168.523,173.691,178.363,182.426,185.776,188.338,190.1,191.138,191.635,191.852,192.067,192.471,193.116,193.943,194.873,195.873,196.949,198.109,199.356,200.688,202.099,203.583,205.126,206.714,208.327,209.94,211.527,213.056,214.5,215.833,217.041,218.126,219.122,220.108,221.233,222.753,225.097
22620.0,111.05,108.596,107.948,109.142,111.898,115.893,120.819,126.396,132.378,138.569,144.818,151.016,157.078,162.928,168.486,173.656,178.331,182.398,185.753,188.32,190.088,191.132,191.632,191.852,192.067,192.471,193.116,193.943,194.873,195.873,196.949,198.109,199.356,200.688,202.099,203.583,205.126,206.714,208.327,209.94,211.527,213.056,214.5,215.833,217.041,218.126,219.122,220.108,221.233,222.753,225.097
22680.0,113.063,110.187,109.152,110.006,112.479,116.254,121.02,126.489,132.405,138.559,144.79,150.98,157.04,162.89,168.449,173.621,178.299,182.37,185.729,188.303,190.076,191.125,191.629,191.852,192.068,192.472,193.116,193.943,194.873,195.873,196.949,198.109,199.356,200.688,202.099,203.582,205.126,206.714,208.327,209.94,211.527,213.056,214.5,215.833,217.041,218.126,219.122,220.108,221.233,222.753,225.097
22740.0,115.057,111.78,110.37,110.892,113.085,116.636,121.237,126.593,132.439,138.553,144.764,150.945,157.002,162.852,168.411,173.585,178.267,182.342,185.706,188.285,190.064,191.118,191.626,191.851,192.069,192.473,193.117,193.943,194.873,195.873,196.949,198.109,199.356,200.688,202.099,203.582,205.126,206.714,208.327,209.94,211.527,213.056,214.5,215.833,217.04,218.126,219.122,220.108,221.233,222.753,225.097
22800.0,117.029,113.37,111.601,111.798,113.712,117.038,121.47,126.708,132.478,138.55,144.739,150.911,156.964,162.813,168.374,173.55,178.235,182.314,185.683,188.267,190.051,191.111,191.623,191.851,192.07,192.474,193.117,193.943,194.873,195.873,196.948,198.109,199.356,200.688,202.099,203.582,205.126,206.714,208.327,209.94,211.527,213.056,214.5,215.833,217.04,218.126,219.122,220.108,221.233,222.753,225.097
22860.0,118.976,114.954,112.839,112.721,114.359,117.459,121.718,126.833,132.525,138.55,144.716,150.877,156.926,162.775,168.337,173.515,178.203,182.286,185.66,188.249,190.039,191.104,191.62,191.851,192.071,192.475,193.117,193.943,194.873,195.873,196.948,198.109,199.356,200.688,202.099,203.582,205.126,206.714,208.327,209.94,211.527,213.056,214.5,215.833,217.04,218.126,219.122,220.108,221.233,222.753,225.097
22920.0,120.898,116.53,114.082,113.657,115.024,117.898,121.98,126.969,132.578,138.554,144.694,150.844,156.889,162.737,168.3,173.48,178.17,182.258,185.636,188.231,190.027,191.097,191.618,191.851,192.071,192.475,193.118,193.943,194.873,195.873,196.948,198.108,199.356,200.688,202.099,203.582,205.126,206.714,208.327,209.94,211.527,213.056,214.5,215.833,217.04,218.126,219.122,220.108,221.233,222.753,225.097
22980.0,122.792,118.096,115.328,114.604,115.705,118.354,122.258,127.116,132.638,138.563,144.675,150.812,156.852,162.699,168.263,173.445,178.138,182.23,185.613,188.213,190.015,191.09,191.615,191.85,192.072,192.476,193.118,193.943,194.872,195.873,196.948,198.108,199.356,200.688,202.099,203.582,205.126,206.714,208.327,209.94,211.527,213.056,214.5,215.833,217.04,218.126,219.122,220.108,221.233,222.753,225.097
23040.0,124.658,119.649,116.574,115.561,116.401,118.825,122.549,127.274,132.706,138.575,144.658,150.781,156.816,162.662,168.226,173.41,178.106,182.202,185.59,188.196,190.003,191.083,191.612,191.85,192.073,192.477,193.118,193.943,194.872,195.873,196.948,198.108,199.356,200.687,202.099,203.582,205.126,206.714,208.327,209.94,211.527,213.056,214.5,215.833,217.04,218.126,219.122,220.108,221.233,222.753,225.097
23100.0,126.497,121.19,117.82,116.525,117.109,119.311,122.854,127.443,132.78,138.592,144.642,150.75,156.779,162.624,168.189,173.375,178.074,182.173,185.567,188.178,189.99,191.075,191.609,191.85,192.074,192.478,193.119,193.943,194.872,195.873,196.948,198.108,199.356,200.687,202.099,203.582,205.126,206.714,208.327,209.94,211.527,213.056,214.5,215.833,217.04,218.126,219.122,220.108,221.233,222.753,225.097
23160.0,128.307,122.716,119.062,117.495,117.828,119.81,123.172,127.622,132.862,138.613,144.63,150.721,156.744,162.586,168.152,173.34,178.042,182.145,185.543,188.16,189.978,191.068,191.606,191.849,192.075,192.478,193.119,193.943,194.872,195.873,196.948,198.108,199.356,200.687,202.099,203.582,205.126,206.714,208.327,209.94,211.526,213.056,214.5,215.833,217.04,218.126,219.122,220.108,221.233,222.753,225.097
23220.0,130.09,124.228,120.301,118.47,118.556,120.322,123.502,127.811,132.952,138.638,144.619,150.693,156.708,162.549,168.115,173.305,178.011,182.117,185.52,188.142,189.966,191.061,191.603,191.849,192.075,192.479,193.119,193.943,194.872,195.873,196.948,198.108,199.355,200.687,202.099,203.582,205.126,206.714,208.327,209.94,211.526,213.056,214.5,215.833,217.04,218.126,219.122,220.108,221.233,222.753,225.097
23280.0,131.845,125.725,121.535,119.447,119.294,120.844,123.843,128.01,133.049,138.669,144.611,150.666,156.673,162.512,168.078,173.27,177.979,182.089,185.497,188.124,189.953,191.054,191.6,191.849,192.076,192.48,193.12,193.943,194.872,195.873,196.948,198.108,199.355,200.687,202.099,203.582,205.126,206.714,208.327,209.94,211.526,213.056,214.5,215.833,217.04,218.126,219.122,220.108,221.233,222.753,225.097
23340.0,133.574,127.206,122.763,120.427,120.039,121.377,124.196,128.219,133.153,138.704,144.606,150.64,156.639,162.475,168.042,173.235,177.947,182.061,185.474,188.106,189.941,191.047,191.597,191.849,192.077,192.481,193.12,193.943,194.872,195.873,196.948,198.108,199.355,200.687,202.099,203.582,205.126,206.714,208.327,209.94,211.526,213.056,214.5,215.833,217.04,218.126,219.122,220.108,221.233,222.753,225.097
23400.0,135.276,128.672,123.985,121.408,120.79,121.92,124.559,128.438,133.264,138.744,144.603,150.616,156.605,162.438,168.005,173.201,177.915,182.033,185.45,188.089,189.929,191.04,191.594,191.848,192.078,192.481,193.12,193.943,194.872,195.872,196.948,198.108,199.355,200.687,202.099,203.582,205.125,206.714,208.327,209.94,211.526,213.056,214.5,215.833,217.04,218.126,219.122,220.108,221.233,222.753,225.097
23460.0,136.952,130.122,125.201,122.389,121.547,122.471,124.932,128.665,133.383,138.789,144.604,150.593,156.572,162.402,167.969,173.166,177.883,182.006,185.427,188.071,189.917,191.033,191.591,191.848,192.078,192.482,193.121,193.943,194.872,195.872,196.948,198.108,199.355,200.687,202.099,203.582,205.125,206.714,208.326,209.94,211.526,213.056,214.5,215.833,217.04,218.126,219.122,220.108,221.233,222.753,225.097
23520.0,138.603,131.557,126.409,123.369,122.308,123.031,125.314,128.902,133.509,138.838,144.607,150.571,156.539,162.365,167.932,173.131,177.851,181.978,185.404,188.053,189.904,191.026,191.588,191.847,192.079,192.483,193.121,193.943,194.872,195.872,196.948,198.108,199.355,200.687,202.099,203.582,205.125,206.714,208.326,209.94,211.526,213.056,214.5,215.833,217.04,218.126,219.122,220.108,221.233,222.753,225.097
23580.0,140.23,132.976,127.609,124.349,123.074,123.597,125.705,129.147,133.642,138.893,144.613,150.551,156.507,162.329,167.896,173.097,177.819,181.95,185.381,188.035,189.892,191.018,191.585,191.847,192.08,192.484,193.121,193.943,194.872,195.872,196.948,198.108,199.355,200.687,202.099,203.582,205.125,206.714,208.326,209.94,211.526,213.056,214.5,215.833,217.04,218.126,219.122,220.108,221.233,222.753,225.097
23640.0,141.832,134.38,128.802,125.327,123.843,124.171,126.104,129.4,133.782,138.953,144.622,150.533,156.476,162.294,167.86,173.062,177.788,181.922,185.358,188.017,189.879,191.011,191.582,191.847,192.081,192.484,193.122,193.943,194.872,195.872,196.948,198.108,199.355,200.687,202.098,203.582,205.125,206.713,208.326,209.94,211.526,213.056,214.5,215.833,217.04,218.126,219.122,220.108,221.233,222.753,225.097
23700.0,143.412,135.768,129.986,126.303,124.614,124.75,126.511,129.661,133.928,139.017,144.635,150.516,156.445,162.258,167.824,173.028,177.756,181.894,185.334,187.999,189.867,191.004,191.579,191.846,192.081,192.485,193.122,193.943,194.871,195.872,196.948,198.108,199.355,200.687,202.098,203.582,205.125,206.713,208.326,209.94,211.526,213.056,214.5,215.833,217.04,218.126,219.122,220.108,221.233,222.753,225.097
23760.0,144.969,137.142,131.162,127.277,125.388,125.335,126.925,129.929,134.081,139.087,144.65,150.501,156.416,162.223,167.788,172.993,177.724,181.866,185.311,187.981,189.855,190.997,191.576,191.846,192.082,192.486,193.122,193.943,194.871,195.872,196.948,198.108,199.355,200.687,202.098,203.582,205.125,206.713,208.326,209.94,211.526,213.056,214.5,215.833,217.04,218.126,219.122,220.108,221.233,222.753,225.097
23820.0,146.505,138.501,132.331,128.248,126.164,125.925,127.346,130.205,134.241,139.162,144.669,150.487,156.387,162.188,167.752,172.959,177.693,181.838,185.288,187.963,189.842,190.989,191.573,191.845,192.083,192.486,193.123,193.943,194.871,195.872,196.948,198.108,199.355,200.687,202.098,203.582,205.125,206.713,208.326,209.94,211.526,213.056,214.5,215.833,217.04,218.126,219.122,220.108,221.233,222.754,225.097
23880.0,148.019,139.845,133.49,129.216,126.941,126.519,127.773,130.488,134.407,139.241,144.691,150.476,156.359,162.154,167.716,172.924,177.661,181.81,185.265,187.945,189.83,190.982,191.569,191.845,192.083,192.487,193.123,193.943,194.871,195.872,196.947,198.108,199.355,200.687,202.098,203.582,205.125,206.713,208.326,209.94,211.526,213.056,214.5,215.833,217.04,218.126,219.122,220.108,221.233,222.754,225.097
23940.0,149.512,141.175,134.642,130.181,127.719,127.117,128.206,130.777,134.579,139.325,144.716,150.466,156.332,162.119,167.681,172.89,177.629,181.782,185.242,187.928,189.817,190.975,191.566,191.844,192.084,192.488,193.123,193.943,194.871,195.872,196.947,198.108,199.355,200.687,202.098,203.582,205.125,206.713,208.326,209.94,211.526,213.056,214.5,215.833,217.04,218.126,219.122,220.108,221.233,222.754,225.097
24000.0,150.986,142.491,135.785,131.142,128.497,127.72,128.645,131.073,134.757,139.414,144.745,150.459,156.305,162.086,167.645,172.856,177.598,181.755,185.218,187.91,189.805,190.968,191.563,191.844,192.085,192.489,193.124,193.943,194.871,195.872,196.947,198.108,199.355,200.687,202.098,203.582,205.125,206.713,208.326,209.94,211.526,213.056,214.5,215.833,217.04,218.126,219.122,220.108,221.233,222.754,225.097
24060.0,152.44,143.794,136.92,132.1,129.276,128.325,129.09,131.375,134.941,139.508,144.777,150.453,156.28,162.052,167.61,172.821,177.566,181.727,185.195,187.892,189.793,190.96,191.56,191.843,192.085,192.489,193.124,193.943,194.871,195.872,196.947,198.108,199.355,200.687,202.098,203.581,205.125,206.713,208.326,209.94,211.526,213.056,214.5,215.833,217.04,218.126,219.122,220.108,221.233,222.754,225.097
24120.0,153.875,145.083,138.046,133.054,130.055,128.933,129.539,131.682,135.13,139.607,144.812,150.449,156.256,162.02,167.575,172.787,177.535,181.699,185.172,187.874,189.78,190.953,191.557,191.843,192.086,192.49,193.124,193.943,194.871,195.872,196.947,198.107,199.355,200.687,202.098,203.581,205.125,206.713,208.326,209.94,211.526,213.056,214.5,215.833,217.04,218.126,219.122,220.108,221.233,222.754,225.097
24180.0,155.292,146.359,139.164,134.004,130.834,129.544,129.992,131.996,135.325,139.71,144.851,150.448,156.233,161.987,167.54,172.753,177.503,181.671,185.149,187.856,189.768,190.945,191.553,191.842,192.087,192.491,193.125,193.943,194.871,195.872,196.947,198.107,199.355,200.687,202.098,203.581,205.125,206.713,208.326,209.94,211.526,213.056,214.5,215.833,217.04,218.126,219.122,220.108,221.233,222.754,225.097
24240.0,156.692,147.622,140.275,134.95,131.612,130.158,130.451,132.314,135.526,139.818,144.893,150.448,156.211,161.955,167.505,172.719,177.472,181.644,185.126,187.838,189.755,190.938,191.55,191.842,192.087,192.492,193.125,193.943,194.871,195.871,196.947,198.107,199.355,200.687,202.098,203.581,205.125,206.713,208.326,209.94,211.526,213.056,214.5,215.833,217.04,218.126,219.122,220.108,221.233,222.754,225.097
24300.0,158.073,148.873,141.377,135.892,132.39,130.773,130.913,132.638,135.731,139.93,144.938,150.451,156.19,161.924,167.471,172.685,177.44,181.616,185.103,187.82,189.743,190.931,191.547,191.841,192.088,192.492,193.125,193.943,194.871,195.871,196.947,198.107,199.355,200.686,202.098,203.581,205.125,206.713,208.326,209.94,211.526,213.056,214.5,215.833,217.04,218.126,219.122,220.108,221.233,222.754,225.097
24360.0,159.438,150.111,142.471,136.83,133.167,131.391,131.379,132.966,135.942,140.047,144.986,150.455,156.17,161.893,167.436,172.651,177.409,181.588,185.08,187.802,189.73,190.923,191.544,191.841,192.089,192.493,193.126,193.943,194.871,195.871,196.947,198.107,199.355,200.686,202.098,203.581,205.125,206.713,208.326,209.939,211.526,213.056,214.5,215.833,217.04,218.126,219.122,220.108,221.233,222.754,225.097
24420.0,160.787,151.338,143.557,137.764,133.943,132.01,131.848,133.299,136.157,140.168,145.038,150.462,156.152,161.863,167.402,172.618,177.378,181.561,185.056,187.784,189.718,190.916,191.54,191.84,192.089,192.494,193.126,193.943,194.871,195.871,196.947,198.107,199.354,200.686,202.098,203.581,205.125,206.713,208.326,209.939,211.526,213.056,214.5,215.833,217.04,218.126,219.122,220.108,221.233,222.754,225.097
24480.0,162.119,152.552,144.635,138.693,134.718,132.631,132.321,133.637,136.377,140.293,145.094,150.471,156.134,161.833,167.368,172.584,177.346,181.533,185.033,187.766,189.705,190.908,191.537,191.84,192.09,192.494,193.126,193.943,194.87,195.871,196.947,198.107,199.354,200.686,202.098,203.581,205.125,206.713,208.326,209.939,211.526,213.056,214.5,215.833,217.04,218.126,219.122,220.108,221.233,222.754,225.097
24540.0,163.436,153.755,145.705,139.618,135.491,133.253,132.797,133.978,136.602,140.423,145.152,150.483,156.118,161.804,167.335,172.55,177.315,181.505,185.01,187.748,189.693,190.901,191.534,191.839,192.091,192.495,193.127,193.943,194.87,195.871,196.947,198.107,199.354,200.686,202.098,203.581,205.125,206.713,208.326,209.939,211.526,213.056,214.5,215.833,217.04,218.126,219.122,220.108,221.233,222.754,225.097
24600.0,164.738,154.946,146.768,140.539,136.264,133.876,133.276,134.324,136.831,140.556,145.214,150.496,156.103,161.775,167.301,172.517,177.284,181.478,184.987,187.73,189.68,190.894,191.531,191.839,192.091,192.496,193.127,193.943,194.87,195.871,196.947,198.107,199.354,200.686,202.098,203.581,205.125,206.713,208.326,209.939,211.526,213.056,214.5,215.833,217.04,218.126,219.122,220.108,221.233,222.754,225.097
24660.0,166.025,156.126,147.823,141.456,137.035,134.5,133.758,134.674,137.065,140.694,145.279,150.512,156.09,161.747,167.268,172.484,177.253,181.45,184.964,187.712,189.667,190.886,191.527,191.838,192.092,192.497,193.127,193.943,194.87,195.871,196.947,198.107,199.354,200.686,202.098,203.581,205.125,206.713,208.326,209.939,211.526,213.056,214.5,215.833,217.04,218.126,219.122,220.108,221.233,222.754,225.097
24720.0,167.298,157.296,148.871,142.368,137.804,135.124,134.242,135.027,137.302,140.835,145.347,150.53,156.078,161.72,167.235,172.45,177.222,181.422,184.941,187.694,189.655,190.879,191.524,191.837,192.092,192.497,193.128,193.943,194.87,195.871,196.947,198.107,199.354,200.686,202.098,203.581,205.125,206.713,208.326,209.939,211.526,213.056,214.499,215.833,217.04,218.126,219.122,220.108,221.233,222.754,225.097
24780.0,168.556,158.455,149.911,143.276,138.572,135.75,134.729,135.384,137.544,140.98,145.418,150.55,156.067,161.693,167.203,172.417,177.19,181.395,184.918,187.677,189.642,190.871,191.52,191.837,192.093,192.498,193.128,193.943,194.87,195.871,196.947,198.107,199.354,200.686,202.098,203.581,205.125,206.713,208.326,209.939,211.526,213.056,214.499,215.833,217.04,218.126,219.122,220.108,221.233,222.754,225.097
24840.0,169.801,159.603,150.944,144.18,139.338,136.376,135.217,135.744,137.789,141.13,145.493,150.572,156.058,161.668,167.171,172.384,177.159,181.367,184.895,187.659,189.63,190.863,191.517,191.836,192.094,192.499,193.129,193.943,194.87,195.871,196.947,198.107,199.354,200.686,202.098,203.581,205.125,206.713,208.326,209.939,211.526,213.056,214.499,215.833,217.04,218.126,219.122,220.108,221.233,222.754,225.097
24900.0,171.032,160.741,151.97,145.079,140.102,137.002,135.708,136.108,138.038,141.282,145.57,150.597,156.049,161.643,167.139,172.351,177.128,181.34,184.872,187.641,189.617,190.856,191.514,191.835,192.094,192.499,193.129,193.943,194.87,195.871,196.947,198.107,199.354,200.686,202.098,203.581,205.124,206.713,208.326,209.939,211.526,213.056,214.499,215.833,217.04,218.126,219.122,220.108,221.233,222.754,225.097
24960.0,172.251,161.869,152.989,145.975,140.864,137.629,136.201,136.474,138.291,141.439,145.651,150.624,156.043,161.618,167.107,172.318,177.097,181.312,184.849,187.623,189.605,190.848,191.51,191.835,192.095,192.5,193.129,193.943,194.87,195.871,196.946,198.107,199.354,200.686,202.098,203.581,205.124,206.713,208.326,209.939,211.526,213.056,214.499,215.833,217.04,218.125,219.122,220.108,221.233,222.754,225.097
25020.0,173.456,162.987,154.001,146.865,141.625,138.256,136.696,136.844,138.547,141.599,145.735,150.653,156.038,161.595,167.076,172.286,177.067,181.285,184.826,187.605,189.592,190.841,191.507,191.834,192.095,192.501,193.13,193.943,194.87,195.871,196.946,198.107,199.354,200.686,202.097,203.581,205.124,206.713,208.326,209.939,211.526,213.055,214.499,215.833,217.04,218.125,219.122,220.108,221.233,222.754,225.097
25080.0,174.649,164.095,155.006,147.752,142.384,138.883,137.193,137.216,138.807,141.762,145.822,150.684,156.034,161.572,167.045,172.253,177.036,181.257,184.802,187.587,189.579,190.833,191.503,191.833,192.096,192.502,193.13,193.943,194.87,195.87,196.946,198.107,199.354,200.686,202.097,203.581,205.124,206.713,208.326,209.939,211.526,213.055,214.499,215.832,217.04,218.125,219.122,220.108,221.233,222.754,225.097
25140.0,175.83,165.194,156.004,148.634,143.141,139.51,137.691,137.592,139.07,141.929,145.911,150.718,156.031,161.55,167.015,172.221,177.005,181.23,184.779,187.569,189.567,190.826,191.5,191.833,192.097,192.502,193.13,193.944,194.87,195.87,196.946,198.107,199.354,200.686,202.097,203.581,205.124,206.713,208.326,209.939,211.526,213.055,214.499,215.832,217.04,218.125,219.122,220.108,221.233,222.754,225.097
25200.0,176.999,166.283,156.995,149.512,143.895,140.137,138.19,137.969,139.337,142.099,146.004,150.754,156.031,161.528,166.985,172.189,176.974,181.202,184.756,187.551,189.554,190.818,191.496,191.832,192.097,192.503,193.131,193.944,194.87,195.87,196.946,198.107,199.354,200.686,202.097,203.581,205.124,206.713,208.325,209.939,211.526,213.055,214.499,215.832,217.04,218.125,219.122,220.108,221.233,222.754,225.097
25260.0,178.156,167.363,157.98,150.386,144.648,140.763,138.691,138.35,139.606,142.272,146.099,150.792,156.031,161.508,166.955,172.157,176.943,181.175,184.733,187.533,189.541,190.81,191.493,191.831,192.098,192.504,193.131,193.944,194.869,195.87,196.946,198.107,199.354,200.686,202.097,203.581,205.124,206.712,208.325,209.939,211.526,213.055,214.499,215.832,217.04,218.125,219.122,220.108,221.233,222.754,225.097
25320.0,179.301,168.435,158.958,151.256,145.399,141.39,139.194,138.732,139.878,142.448,146.198,150.833,156.033,161.488,166.925,172.125,176.913,181.148,184.71,187.515,189.529,190.803,191.489,191.83,192.098,192.504,193.131,193.944,194.869,195.87,196.946,198.106,199.354,200.686,202.097,203.581,205.124,206.712,208.325,209.939,211.526,213.055,214.499,215.832,217.04,218.125,219.122,220.108,221.233,222.754,225.097
25380.0,180.435,169.497,159.93,152.121,146.147,142.016,139.697,139.117,140.154,142.628,146.299,150.875,156.037,161.47,166.897,172.093,176.882,181.12,184.687,187.497,189.516,190.795,191.486,191.83,192.099,192.505,193.132,193.944,194.869,195.87,196.946,198.106,199.354,200.686,202.097,203.581,205.124,206.712,208.325,209.939,211.525,213.055,214.499,215.832,217.04,218.125,219.122,220.108,221.233,222.754,225.097
25440.0,181.559,170.551,160.895,152.982,146.894,142.642,140.202,139.504,140.432,142.81,146.403,150.92,156.042,161.452,166.868,172.062,176.852,181.093,184.664,187.479,189.503,190.787,191.482,191.829,192.099,192.506,193.132,193.944,194.869,195.87,196.946,198.106,199.354,200.686,202.097,203.581,205.124,206.712,208.325,209.939,211.525,213.055,214.499,215.832,217.04,218.125,219.122,220.108,221.233,222.754,225.097
25500.0,182.671,171.596,161.854,153.84,147.638,143.268,140.707,139.893,140.713,142.996,146.509,150.967,156.049,161.435,166.84,172.03,176.821,181.066,184.641,187.461,189.49,190.78,191.479,191.828,192.1,192.506,193.132,193.944,194.869,195.87,196.946,198.106,199.354,200.686,202.097,203.58,205.124,206.712,208.325,209.939,211.525,213.055,214.499,215.832,217.04,218.125,219.122,220.108,221.233,222.754,225.097
25560.0,183.773,172.632,162.807,154.693,148.381,143.893,141.214,140.284,140.996,143.184,146.619,151.016,156.057,161.419,166.812,171.999,176.791,181.038,184.618,187.443,189.478,190.772,191.475,191.827,192.1,192.507,193.133,193.944,194.869,195.87,196.946,198.106,199.354,200.685,202.097,203.58,205.124,206.712,208.325,209.939,211.525,213.055,214.499,215.832,217.04,218.125,219.122,220.108,221.233,222.754,225.097
25620.0,184.864,173.66,163.754,155.542,149.121,144.518,141.721,140.677,141.283,143.375,146.731,151.068,156.067,161.404,166.785,171.968,176.761,181.011,184.595,187.425,189.465,190.764,191.472,191.827,192.101,192.508,193.133,193.944,194.869,195.87,196.946,198.106,199.353,200.685,202.097,203.58,205.124,206.712,208.325,209.939,211.525,213.055,214.499,215.832,217.04,218.125,219.122,220.108,221.233,222.754,225.097
25680.0,185.946,174.68,164.694,156.387,149.859,145.142,142.229,141.072,141.571,143.569,146.845,151.121,156.078,161.39,166.759,171.937,176.731,180.984,184.572,187.407,189.452,190.756,191.468,191.826,192.101,192.508,193.133,193.944,194.869,195.87,196.946,198.106,199.353,200.685,202.097,203.58,205.124,206.712,208.325,209.939,211.525,213.055,214.499,215.832,217.04,218.125,219.122,220.108,221.233,222.754,225.097
25740.0,187.017,175.693,165.629,157.228,150.594,145.765,142.738,141.469,141.862,143.765,146.962,151.177,156.09,161.376,166.732,171.907,176.701,180.957,184.549,187.389,189.439,190.749,191.464,191.825,192.102,192.509,193.134,193.944,194.869,195.87,196.946,198.106,199.353,200.685,202.097,203.58,205.124,206.712,208.325,209.939,211.525,213.055,214.499,215.832,217.04,218.125,219.122,220.108,221.233,222.754,225.097
25800.0,188.078,176.697,166.557,158.065,151.328,146.388,143.248,141.867,142.156,143.965,147.082,151.234,156.105,161.364,166.707,171.876,176.67,180.929,184.526,187.371,189.427,190.741,191.461,191.824,192.102,192.51,193.134,193.944,194.869,195.87,196.946,198.106,199.353,200.685,202.097,203.58,205.124,206.712,208.325,209.939,211.525,213.055,214.499,215.832,217.04,218.125,219.122,220.108,221.233,222.754,225.097
25860.0,189.13,177.693,167.48,158.898,152.059,147.01,143.758,142.267,142.451,144.166,147.204,151.294,156.12,161.353,166.681,171.846,176.641,180.902,184.503,187.353,189.414,190.733,191.457,191.823,192.103,192.51,193.134,193.944,194.869,195.87,196.946,198.106,199.353,200.685,202.097,203.58,205.124,206.712,208.325,209.939,211.525,213.055,214.499,215.832,217.04,218.125,219.122,220.108,221.233,222.754,225.097
25920.0,190.172,178.682,168.397,159.727,152.788,147.632,144.269,142.669,142.749,144.371,147.329,151.356,156.138,161.342,166.657,171.816,176.611,180.875,184.48,187.335,189.401,190.725,191.453,191.822,192.103,192.511,193.135,193.944,194.869,195.869,196.946,198.106,199.353,200.685,202.097,203.58,205.124,206.712,208.325,209.939,211.525,213.055,214.499,215.832,217.04,218.125,219.122,220.108,221.233,222.754,225.097
25980.0,191.205,179.663,169.308,160.552,153.515,148.252,144.781,143.072,143.049,144.577,147.456,151.42,156.157,161.333,166.633,171.787,176.581,180.848,184.458,187.317,189.388,190.717,191.45,191.822,192.104,192.512,193.135,193.944,194.869,195.869,196.946,198.106,199.353,200.685,202.097,203.58,205.124,206.712,208.325,209.939,211.525,213.055,214.499,215.832,217.04,218.125,219.122,220.108,221.233,222.754,225.097
26040.0,192.229,180.636,170.214,161.373,154.239,148.872,145.292,143.476,143.351,144.786,147.585,151.486,156.177,161.324,166.609,171.757,176.551,180.821,184.435,187.299,189.376,190.71,191.446,191.821,192.104,192.512,193.135,193.944,194.869,195.869,196.945,198.106,199.353,200.685,202.097,203.58,205.124,206.712,208.325,209.939,211.525,213.055,214.499,215.832,217.04,218.125,219.122,220.108,221.233,222.754,225.097
26100.0,193.244,181.602,171.114,162.191,154.962,149.491,145.804,143.882,143.655,144.998,147.717,151.554,156.199,161.317,166.586,171.728,176.522,180.794,184.412,187.281,189.363,190.702,191.442,191.82,192.105,192.513,193.136,193.944,194.868,195.869,196.945,198.106,199.353,200.685,202.097,203.58,205.124,206.712,208.325,209.939,211.525,213.055,214.499,215.832,217.04,218.125,219.122,220.108,221.233,222.754,225.098
26160.0,194.25,182.561,172.008,163.004,155.682,150.11,146.317,144.289,143.962,145.212,147.851,151.624,156.222,161.31,166.563,171.699,176.492,180.767,184.389,187.263,189.35,190.694,191.439,191.819,192.105,192.514,193.136,193.944,194.868,195.869,196.945,198.106,199.353,200.685,202.097,203.58,205.124,206.712,208.325,209.939,211.525,213.055,214.499,215.832,217.04,218.125,219.122,220.108,221.233,222.754,225.098
26220.0,195.247,183.513,172.897,163.814,156.399,150.727,146.83,144.697,144.27,145.427,147.987,151.696,156.247,161.305,166.541,171.671,176.463,180.74,184.366,187.245,189.337,190.686,191.435,191.818,192.106,192.514,193.136,193.944,194.868,195.869,196.945,198.106,199.353,200.685,202.097,203.58,205.124,206.712,208.325,209.939,211.525,213.055,214.499,215.832,217.04,218.125,219.122,220.108,221.233,222.754,225.098
26280.0,196.236,184.458,173.781,164.62,157.115,151.344,147.343,145.107,144.579,145.646,148.125,151.77,156.274,161.301,166.52,171.642,176.434,180.713,184.343,187.227,189.324,190.678,191.431,191.817,192.106,192.515,193.137,193.944,194.868,195.869,196.945,198.106,199.353,200.685,202.097,203.58,205.124,206.712,208.325,209.938,211.525,213.055,214.499,215.832,217.04,218.125,219.122,220.108,221.233,222.754,225.098
26340.0,197.216,185.396,174.659,165.422,157.828,151.959,147.856,145.518,144.891,145.866,148.266,151.846,156.302,161.297,166.499,171.614,176.405,180.686,184.32,187.208,189.311,190.67,191.427,191.816,192.106,192.516,193.137,193.944,194.868,195.869,196.945,198.106,199.353,200.685,202.096,203.58,205.124,206.712,208.325,209.938,211.525,213.055,214.499,215.832,217.04,218.125,219.122,220.108,221.233,222.754,225.098
26400.0,198.188,186.327,175.532,166.22,158.539,152.574,148.37,145.929,145.204,146.088,148.409,151.924,156.332,161.295,166.479,171.587,176.376,180.66,184.297,187.19,189.298,190.662,191.424,191.815,192.107,192.516,193.137,193.944,194.868,195.869,196.945,198.106,199.353,200.685,202.096,203.58,205.123,206.712,208.325,209.938,211.525,213.055,214.499,215.832,217.04,218.125,219.122,220.108,221.233,222.754,225.098
26460.0,199.152,187.251,176.399,167.015,159.248,153.188,148.884,146.342,145.519,146.313,148.554,152.004,156.363,161.294,166.459,171.559,176.347,180.633,184.274,187.172,189.286,190.654,191.42,191.814,192.107,192.517,193.138,193.944,194.868,195.869,196.945,198.105,199.353,200.685,202.096,203.58,205.123,206.712,208.325,209.938,211.525,213.055,214.499,215.832,217.04,218.125,219.122,220.108,221.233,222.754,225.098
26520.0,200.108,188.168,177.262,167.806,159.954,153.8,149.397,146.756,145.836,146.539,148.701,152.086,156.395,161.293,166.44,171.532,176.318,180.606,184.252,187.154,189.273,190.646,191.416,191.813,192.108,192.518,193.138,193.944,194.868,195.869,196.945,198.105,199.353,200.685,202.096,203.58,205.123,206.712,208.325,209.938,211.525,213.055,214.499,215.832,217.04,218.125,219.122,220.108,221.233,222.754,225.098
26580.0,201.056,189.079,178.119,168.593,160.659,154.412,149.911,147.171,146.154,146.768,148.85,152.169,156.429,161.294,166.422,171.505,176.289,180.58,184.229,187.136,189.26,190.638,191.412,191.812,192.108,192.518,193.139,193.945,194.868,195.869,196.945,198.105,199.353,200.685,202.096,203.58,205.123,206.712,208.325,209.938,211.525,213.055,214.499,215.832,217.04,218.125,219.122,220.108,221.233,222.754,225.098
26640.0,201.995,189.983,178.971,169.377,161.36,155.023,150.425,147.586,146.474,146.998,149.001,152.255,156.465,161.296,166.404,171.478,176.261,180.553,184.206,187.118,189.247,190.631,191.408,191.811,192.108,192.519,193.139,193.945,194.868,195.869,196.945,198.105,199.353,200.685,202.096,203.58,205.123,206.712,208.325,209.938,211.525,213.055,214.499,215.832,217.04,218.125,219.122,220.108,221.233,222.754,225.098
26700.0,202.928,190.881,179.818,170.157,162.06,155.632,150.939,148.003,146.795,147.23,149.154,152.342,156.502,161.299,166.387,171.452,176.232,180.526,184.183,187.1,189.234,190.623,191.405,191.81,192.109,192.52,193.139,193.945,194.868,195.869,196.945,198.105,199.353,200.685,202.096,203.58,205.123,206.712,208.325,209.938,211.525,213.055,214.499,215.832,217.04,218.125,219.122,220.108,221.233,222.754,225.098
26760.0,203.852,191.773,180.66,170.933,162.757,156.241,151.453,148.42,147.118,147.464,149.309,152.431,156.54,161.302,166.371,171.426,176.204,180.5,184.16,187.082,189.221,190.615,191.401,191.809,192.109,192.52,193.14,193.945,194.868,195.868,196.945,198.105,199.353,200.685,202.096,203.58,205.123,206.712,208.325,209.938,211.525,213.055,214.499,215.832,217.04,218.125,219.122,220.108,221.233,222.754,225.098
26820.0,204.77,192.658,181.497,171.706,163.452,156.848,151.967,148.838,147.442,147.7,149.466,152.522,156.58,161.307,166.355,171.4,176.176,180.473,184.138,187.064,189.208,190.607,191.397,191.808,192.11,192.521,193.14,193.945,194.868,195.868,196.945,198.105,199.353,200.684,202.096,203.58,205.123,206.712,208.325,209.938,211.525,213.055,214.499,215.832,217.04,218.125,219.122,220.108,221.233,222.754,225.098
26880.0,205.679,193.537,182.329,172.475,164.145,157.455,152.481,149.257,147.768,147.938,149.625,152.614,156.622,161.313,166.339,171.375,176.148,180.447,184.115,187.046,189.195,190.598,191.393,191.807,192.11,192.521,193.14,193.945,194.868,195.868,196.945,198.105,199.352,200.684,202.096,203.579,205.123,206.711,208.325,209.938,211.525,213.055,214.499,215.832,217.04,218.125,219.122,220.108,221.233,222.754,225.098
26940.0,206.582,194.41,183.156,173.241,164.836,158.06,152.994,149.677,148.095,148.177,149.786,152.709,156.665,161.32,166.325,171.35,176.12,180.421,184.092,187.028,189.182,190.59,191.389,191.806,192.11,192.522,193.141,193.945,194.868,195.868,196.945,198.105,199.352,200.684,202.096,203.579,205.123,206.711,208.325,209.938,211.525,213.055,214.499,215.832,217.04,218.125,219.122,220.108,221.233,222.754,225.098
27000.0,207.477,195.276,183.979,174.003,165.524,158.664,153.508,150.097,148.423,148.418,149.948,152.805,156.709,161.328,166.311,171.326,176.093,180.394,184.069,187.01,189.169,190.582,191.385,191.805,192.111,192.523,193.141,193.945,194.867,195.868,196.945,198.105,199.352,200.684,202.096,203.579,205.123,206.711,208.324,209.938,211.525,213.055,214.499,215.832,217.04,218.125,219.122,220.108,221.233,222.754,225.098
27060.0,208.366,196.137,184.796,174.761,166.21,159.267,154.021,150.518,148.753,148.661,150.113,152.903,156.755,161.338,166.298,171.301,176.065,180.368,184.047,186.992,189.156,190.574,191.381,191.804,192.111,192.523,193.141,193.945,194.867,195.868,196.945,198.105,199.352,200.684,202.096,203.579,205.123,206.711,208.324,209.938,211.525,213.055,214.499,215.832,217.04,218.125,219.122,220.108,221.233,222.754,225.098
27120.0,209.247,196.992,185.609,175.516,166.893,159.869,154.535,150.94,149.083,148.905,150.279,153.003,156.802,161.348,166.285,171.278,176.038,180.342,184.024,186.974,189.143,190.566,191.377,191.803,192.111,192.524,193.142,193.945,194.867,195.868,196.944,198.105,199.352,200.684,202.096,203.579,205.123,206.711,208.324,209.938,211.525,213.055,214.499,215.832,217.04,218.125,219.122,220.108,221.233,222.754,225.098
27180.0,210.121,197.841,186.417,176.268,167.575,160.47,155.048,151.362,149.415,149.151,150.447,153.104,156.851,161.359,166.273,171.254,176.011,180.316,184.001,186.956,189.13,190.558,191.373,191.802,192.112,192.525,193.142,193.945,194.867,195.868,196.944,198.105,199.352,200.684,202.096,203.579,205.123,206.711,208.324,209.938,211.525,213.055,214.499,215.832,217.04,218.125,219.122,220.108,221.233,222.754,225.098
27240.0,210.989,198.684,187.221,177.016,168.254,161.069,155.561,151.785,149.748,149.399,150.616,153.207,156.901,161.371,166.262,171.231,175.984,180.29,183.979,186.938,189.117,190.55,191.369,191.801,192.112,192.525,193.142,193.945,194.867,195.868,196.944,198.105,199.352,200.684,202.096,203.579,205.123,206.711,208.324,209.938,211.525,213.055,214.499,215.832,217.04,218.125,219.122,220.108,221.233,222.754,225.098
27300.0,211.849,199.521,188.02,177.761,168.931,161.667,156.073,152.208,150.082,149.648,150.788,153.311,156.953,161.385,166.251,171.208,175.957,180.264,183.956,186.92,189.104,190.542,191.365,191.8,192.112,192.526,193.143,193.945,194.867,195.868,196.944,198.105,199.352,200.684,202.096,203.579,205.123,206.711,208.324,209.938,211.525,213.055,214.499,215.832,217.04,218.125,219.122,220.108,221.233,222.754,225.098
27360.0,212.704,200.353,188.814,178.502,169.605,162.264,156.585,152.632,150.418,149.898,150.961,153.418,157.006,161.399,166.241,171.186,175.93,180.238,183.934,186.902,189.091,190.534,191.361,191.798,192.113,192.526,193.143,193.945,194.867,195.868,196.944,198.105,199.352,200.684,202.096,203.579,205.123,206.711,208.324,209.938,211.525,213.055,214.499,215.832,217.04,218.125,219.122,220.108,221.233,222.754,225.098
27420.0,213.551,201.179,189.603,179.24,170.277,162.86,157.097,153.056,150.754,150.15,151.135,153.525,157.06,161.415,166.232,171.164,175.904,180.212,183.911,186.884,189.078,190.526,191.357,191.797,192.113,192.527,193.143,193.945,194.867,195.868,196.944,198.105,199.352,200.684,202.096,203.579,205.123,206.711,208.324,209.938,211.525,213.055,214.499,215.832,217.04,218.125,219.122,220.108,221.233,222.754,225.098
27480.0,214.392,201.999,190.389,179.974,170.947,163.455,157.609,153.481,151.091,150.403,151.311,153.635,157.116,161.431,166.224,171.142,175.878,180.186,183.888,186.866,189.065,190.517,191.353,191.796,192.113,192.528,193.144,193.945,194.867,195.868,196.944,198.105,199.352,200.684,202.096,203.579,205.123,206.711,208.324,209.938,211.525,213.055,214.499,215.832,217.04,218.125,219.122,220.108,221.233,222.754,225.098
27540.0,215.227,202.814,191.169,180.705,171.615,164.048,158.12,153.906,151.43,150.658,151.489,153.746,157.173,161.449,166.216,171.121,175.851,180.16,183.866,186.848,189.052,190.509,191.349,191.795,192.114,192.528,193.144,193.945,194.867,195.868,196.944,198.105,199.352,200.684,202.096,203.579,205.123,206.711,208.324,209.938,211.525,213.055,214.499,215.832,217.04,218.125,219.122,220.108,221.233,222.754,225.098
27600.0,216.055,203.623,191.945,181.433,172.28,164.64,158.631,154.331,151.769,150.914,151.668,153.858,157.231,161.467,166.209,171.1,175.826,180.135,183.843,186.83,189.039,190.501,191.345,191.794,192.114,192.529,193.144,193.945,194.867,195.868,196.944,198.105,199.352,200.684,202.096,203.579,205.123,206.711,208.324,209.938,211.524,213.054,214.499,215.832,217.04,218.125,219.122,220.108,221.233,222.754,225.098
27660.0,216.877,204.427,192.717,182.157,172.944,165.231,159.142,154.757,152.109,151.171,151.849,153.972,157.291,161.487,166.203,171.079,175.8,180.109,183.821,186.812,189.026,190.493,191.341,191.793,192.114,192.529,193.145,193.945,194.867,195.867,196.944,198.104,199.352,200.684,202.095,203.579,205.123,206.711,208.324,209.938,211.524,213.054,214.499,215.832,217.04,218.125,219.122,220.108,221.233,222.754,225.098
27720.0,217.693,205.226,193.485,182.878,173.604,165.821,159.652,155.184,152.451,151.43,152.032,154.088,157.352,161.508,166.197,171.059,175.774,180.084,183.799,186.794,189.013,190.485,191.337,191.791,192.114,192.53,193.145,193.946,194.867,195.867,196.944,198.104,199.352,200.684,202.095,203.579,205.123,206.711,208.324,209.938,211.524,213.054,214.499,215.832,217.04,218.125,219.122,220.108,221.233,222.754,225.098
27780.0,218.503,206.019,194.247,183.596,174.263,166.409,160.162,155.61,152.793,151.69,152.216,154.205,157.415,161.53,166.192,171.04,175.749,180.058,183.776,186.776,189.0,190.476,191.333,191.79,192.115,192.531,193.145,193.946,194.867,195.867,196.944,198.104,199.352,200.684,202.095,203.579,205.123,206.711,208.324,209.938,211.524,213.054,214.499,215.832,217.04,218.125,219.122,220.108,221.233,222.754,225.098
27840.0,219.307,206.807,195.006,184.31,174.919,166.996,160.671,156.037,153.136,151.952,152.401,154.324,157.478,161.553,166.188,171.021,175.724,180.033,183.754,186.758,188.987,190.468,191.329,191.789,192.115,192.531,193.146,193.946,194.867,195.867,196.944,198.104,199.352,200.684,202.095,203.579,205.123,206.711,208.324,209.938,211.524,213.054,214.498,215.832,217.04,218.125,219.122,220.108,221.233,222.754,225.098
27900.0,220.104,207.59,195.761,185.021,175.573,167.581,161.18,156.464,153.48,152.214,152.588,154.444,157.544,161.576,166.184,171.002,175.699,180.008,183.731,186.74,188.974,190.46,191.324,191.788,192.115,192.532,193.146,193.946,194.866,195.867,196.944,198.104,199.352,200.684,202.095,203.579,205.122,206.711,208.324,209.938,211.524,213.054,214.498,215.832,217.04,218.125,219.122,220.108,221.233,222.754,225.098
27960.0,220.896,208.367,196.511,185.729,176.225,168.166,161.688,156.891,153.824,152.478,152.776,154.565,157.61,161.601,166.181,170.984,175.674,179.983,183.709,186.722,188.961,190.452,191.32,191.786,192.115,192.532,193.147,193.946,194.866,195.867,196.944,198.104,199.352,200.684,202.095,203.579,205.122,206.711,208.324,209.938,211.524,213.054,214.498,215.832,217.04,218.125,219.122,220.108,221.233,222.754,225.098
28020.0,221.682,209.14,197.256,186.433,176.875,168.749,162.196,157.319,154.17,152.743,152.966,154.688,157.678,161.627,166.179,170.966,175.65,179.958,183.687,186.704,188.948,190.443,191.316,191.785,192.116,192.533,193.147,193.946,194.866,195.867,196.944,198.104,199.352,200.684,202.095,203.579,205.122,206.711,208.324,209.938,211.524,213.054,214.498,215.832,217.039,218.125,219.122,220.108,221.233,222.754,225.098
28080.0,222.462,209.907,197.998,187.134,177.522,169.33,162.704,157.747,154.516,153.009,153.157,154.813,157.747,161.654,166.178,170.948,175.626,179.933,183.664,186.686,188.935,190.435,191.312,191.784,192.116,192.534,193.147,193.946,194.866,195.867,196.944,198.104,199.351,200.683,202.095,203.579,205.122,206.711,208.324,209.938,211.524,213.054,214.498,215.832,217.039,218.125,219.122,220.108,221.233,222.754,225.098
28140.0,223.237,210.67,198.736,187.832,178.167,169.911,163.211,158.175,154.863,153.276,153.349,154.938,157.817,161.682,166.177,170.931,175.602,179.908,183.642,186.668,188.921,190.427,191.308,191.783,192.116,192.534,193.148,193.946,194.866,195.867,196.944,198.104,199.351,200.683,202.095,203.579,205.122,206.711,208.324,209.938,211.524,213.054,214.498,215.832,217.039,218.125,219.122,220.108,221.233,222.754,225.098
28200.0,224.005,211.427,199.469,188.527,178.809,170.49,163.717,158.603,155.21,153.545,153.543,155.066,157.889,161.711,166.178,170.915,175.578,179.883,183.62,186.65,188.908,190.418,191.303,191.781,192.116,192.535,193.148,193.946,194.866,195.867,196.943,198.104,199.351,200.683,202.095,203.579,205.122,206.711,208.324,209.938,211.524,213.054,214.498,215.832,217.039,218.125,219.122,220.108,221.233,222.754,225.098
28260.0,224.769,212.18,200.198,189.219,179.45,171.067,164.223,159.031,155.559,153.814,153.738,155.194,157.962,161.742,166.178,170.898,175.554,179.858,183.598,186.632,188.895,190.41,191.299,191.78,192.117,192.535,193.148,193.946,194.866,195.867,196.943,198.104,199.351,200.683,202.095,203.579,205.122,206.711,208.324,209.937,211.524,213.054,214.498,215.832,217.039,218.125,219.122,220.108,221.233,222.754,225.098
28320.0,225.526,212.927,200.923,189.907,180.088,171.643,164.728,159.46,155.908,154.084,153.934,155.324,158.036,161.773,166.18,170.883,175.531,179.834,183.575,186.614,188.882,190.402,191.295,191.779,192.117,192.536,193.149,193.946,194.866,195.867,196.943,198.104,199.351,200.683,202.095,203.578,205.122,206.711,208.324,209.937,211.524,213.054,214.498,215.832,217.039,218.125,219.122,220.108,221.233,222.754,225.098
28380.0,226.278,213.67,201.644,190.592,180.724,172.218,165.233,159.888,156.257,154.356,154.132,155.455,158.111,161.805,166.182,170.867,175.508,179.809,183.553,186.596,188.869,190.393,191.291,191.777,192.117,192.536,193.149,193.946,194.866,195.867,196.943,198.104,199.351,200.683,202.095,203.578,205.122,206.711,208.324,209.937,211.524,213.054,214.498,215.832,217.039,218.125,219.122,220.108,221.233,222.754,225.098
28440.0,227.025,214.408,202.361,191.274,181.357,172.792,165.737,160.317,156.608,154.629,154.331,155.588,158.188,161.838,166.185,170.853,175.485,179.785,183.531,186.578,188.856,190.385,191.287,191.776,192.117,192.537,193.149,193.946,194.866,195.867,196.943,198.104,199.351,200.683,202.095,203.578,205.122,206.711,208.324,209.937,211.524,213.054,214.498,215.832,217.039,218.125,219.122,220.108,221.233,222.754,225.098
28500.0,227.766,215.141,203.074,191.953,181.989,173.364,166.24,160.745,156.959,154.902,154.531,155.722,158.266,161.872,166.189,170.838,175.462,179.761,183.509,186.56,188.843,190.377,191.282,191.775,192.117,192.538,193.15,193.946,194.866,195.866,196.943,198.104,199.351,200.683,202.095,203.578,205.122,206.71,208.324,209.937,211.524,213.054,214.498,215.832,217.039,218.125,219.122,220.108,221.233,222.754,225.098
28560.0,228.502,215.869,203.783,192.629,182.618,173.934,166.743,161.174,157.31,155.177,154.732,155.857,158.345,161.907,166.194,170.824,175.44,179.737,183.487,186.542,188.829,190.368,191.278,191.773,192.118,192.538,193.15,193.946,194.866,195.866,196.943,198.104,199.351,200.683,202.095,203.578,205.122,206.71,208.324,209.937,211.524,213.054,214.498,215.832,217.039,218.125,219.122,220.108,221.233,222.754,225.098
28620.0,229.233,216.593,204.488,193.301,183.244,174.504,167.245,161.603,157.662,155.452,154.935,155.993,158.425,161.944,166.199,170.811,175.418,179.713,183.465,186.524,188.816,190.36,191.274,191.772,192.118,192.539,193.15,193.946,194.866,195.866,196.943,198.104,199.351,200.683,202.095,203.578,205.122,206.71,208.324,209.937,211.524,213.054,214.498,215.832,217.039,218.125,219.122,220.108,221.233,222.754,225.098
28680.0,229.958,217.312,205.189,193.971,183.869,175.071,167.747,162.032,158.015,155.729,155.139,156.131,158.506,161.981,166.205,170.798,175.396,179.689,183.443,186.506,188.803,190.351,191.269,191.771,192.118,192.539,193.151,193.946,194.866,195.866,196.943,198.104,199.351,200.683,202.095,203.578,205.122,206.71,208.324,209.937,211.524,213.054,214.498,215.832,217.039,218.125,219.122,220.108,221.233,222.754,225.098
28740.0,230.678,218.026,205.886,194.637,184.491,175.638,168.248,162.46,158.368,156.006,155.344,156.27,158.589,162.019,166.212,170.786,175.374,179.665,183.421,186.488,188.79,190.343,191.265,191.769,192.118,192.54,193.151,193.947,194.866,195.866,196.943,198.104,199.351,200.683,202.095,203.578,205.122,206.71,208.323,209.937,211.524,213.054,214.498,215.832,217.039,218.125,219.122,220.108,221.233,222.754,225.098
28800.0,231.393,218.736,206.579,195.3,185.111,176.203,168.748,162.889,158.722,156.285,155.55,156.41,158.673,162.058,166.219,170.774,175.353,179.641,183.399,186.47,188.777,190.335,191.261,191.768,192.118,192.54,193.151,193.947,194.866,195.866,196.943,198.104,199.351,200.683,202.095,203.578,205.122,206.71,208.323,209.937,211.524,213.054,214.498,215.832,217.039,218.125,219.122,220.108,221.233,222.754,225.098
28860.0,232.103,219.441,207.268,195.96,185.729,176.766,169.248,163.318,159.076,156.564,155.757,156.552,158.758,162.099,166.227,170.762,175.332,179.618,183.378,186.452,188.763,190.326,191.256,191.766,192.118,192.541,193.152,193.947,194.865,195.866,196.943,198.103,199.351,200.683,202.095,203.578,205.122,206.71,208.323,209.937,211.524,213.054,214.498,215.832,217.039,218.125,219.122,220.108,221.233,222.754,225.098
28920.0,232.808,220.141,207.953,196.617,186.344,177.328,169.746,163.746,159.43,156.844,155.965,156.694,158.844,162.14,166.236,170.751,175.311,179.594,183.356,186.434,188.75,190.318,191.252,191.765,192.118,192.541,193.152,193.947,194.865,195.866,196.943,198.103,199.351,200.683,202.095,203.578,205.122,206.71,208.323,209.937,211.524,213.054,214.498,215.832,217.039,218.125,219.122,220.108,221.233,222.754,225.098
28980.0,233.508,220.838,208.635,197.271,186.957,177.889,170.245,164.175,159.785,157.125,156.175,156.838,158.931,162.182,166.246,170.74,175.29,179.571,183.334,186.416,188.737,190.309,191.248,191.763,192.119,192.542,193.152,193.947,194.865,195.866,196.943,198.103,199.351,200.683,202.094,203.578,205.122,206.71,208.323,209.937,211.524,213.054,214.498,215.832,217.039,218.125,219.122,220.108,221.233,222.754,225.098
29040.0,234.203,221.529,209.313,197.922,187.568,178.448,170.742,164.603,160.141,157.406,156.385,156.983,159.02,162.225,166.256,170.73,175.27,179.548,183.312,186.398,188.724,190.301,191.243,191.762,192.119,192.543,193.153,193.947,194.865,195.866,196.943,198.103,199.351,200.683,202.094,203.578,205.122,206.71,208.323,209.937,211.524,213.054,214.498,215.831,217.039,218.125,219.122,220.108,221.233,222.754,225.098
29100.0,234.893,222.216,209.987,198.57,188.177,179.005,171.238,165.032,160.497,157.689,156.597,157.129,159.109,162.269,166.268,170.721,175.25,179.524,183.291,186.38,188.711,190.292,191.239,191.761,192.119,192.543,193.153,193.947,194.865,195.866,196.943,198.103,199.351,200.683,202.094,203.578,205.122,206.71,208.323,209.937,211.524,213.054,214.498,215.831,217.039,218.125,219.122,220.108,221.233,222.754,225.098
29160.0,235.578,222.899,210.657,199.214,188.783,179.561,171.734,165.46,160.853,157.972,156.809,157.277,159.2,162.314,166.279,170.712,175.23,179.501,183.269,186.363,188.697,190.284,191.234,191.759,192.119,192.544,193.153,193.947,194.865,195.866,196.943,198.103,199.351,200.683,202.094,203.578,205.122,206.71,208.323,209.937,211.524,213.054,214.498,215.831,217.039,218.125,219.122,220.108,221.233,222.754,225.098
29220.0,236.258,223.578,211.323,199.856,189.387,180.116,172.229,165.888,161.21,158.256,157.023,157.425,159.292,162.36,166.292,170.703,175.211,179.479,183.248,186.345,188.684,190.275,191.23,191.758,192.119,192.544,193.154,193.947,194.865,195.866,196.943,198.103,199.351,200.683,202.094,203.578,205.122,206.71,208.323,209.937,211.524,213.054,214.498,215.831,217.039,218.125,219.122,220.108,221.233,222.754,225.098
29280.0,236.934,224.252,211.986,200.495,189.989,180.669,172.724,166.316,161.567,158.541,157.237,157.575,159.385,162.407,166.305,170.695,175.191,179.456,183.226,186.327,188.671,190.267,191.225,191.756,192.119,192.545,193.154,193.947,194.865,195.866,196.942,198.103,199.351,200.683,202.094,203.578,205.122,206.71,208.323,209.937,211.524,213.054,214.498,215.831,217.039,218.125,219.122,220.108,221.233,222.754,225.098
29340.0,237.604,224.922,212.645,201.13,190.589,181.221,173.217,166.744,161.924,158.827,157.453,157.726,159.479,162.455,166.32,170.687,175.172,179.433,183.205,186.309,188.658,190.258,191.221,191.755,192.119,192.545,193.154,193.947,194.865,195.865,196.942,198.103,199.35,200.683,202.094,203.578,205.122,206.71,208.323,209.937,211.524,213.054,214.498,215.831,217.039,218.125,219.122,220.108,221.233,222.754,225.098
29400.0,238.27,225.587,213.3,201.763,191.186,181.771,173.71,167.172,162.282,159.113,157.67,157.877,159.574,162.504,166.334,170.68,175.154,179.411,183.183,186.291,188.644,190.249,191.216,191.753,192.119,192.546,193.155,193.947,194.865,195.865,196.942,198.103,199.35,200.682,202.094,203.578,205.121,206.71,208.323,209.937,211.524,213.054,214.498,215.831,217.039,218.125,219.122,220.108,221.233,222.754,225.098
29460.0,238.932,226.249,213.952,202.392,191.781,182.319,174.202,167.599,162.64,159.4,157.887,158.03,159.67,162.554,166.35,170.674,175.135,179.389,183.162,186.273,188.631,190.241,191.212,191.752,192.119,192.546,193.155,193.947,194.865,195.865,196.942,198.103,199.35,200.682,202.094,203.578,205.121,206.71,208.323,209.937,211.524,213.054,214.498,215.831,217.039,218.125,219.122,220.108,221.233,222.754,225.098
29520.0,239.589,226.906,214.6,203.019,192.374,182.866,174.693,168.026,162.999,159.688,158.106,158.184,159.767,162.605,166.366,170.667,175.117,179.366,183.141,186.255,188.618,190.232,191.207,191.75,192.119,192.547,193.156,193.947,194.865,195.865,196.942,198.103,199.35,200.682,202.094,203.578,205.121,206.71,208.323,209.937,211.524,213.054,214.498,215.831,217.039,218.125,219.122,220.108,221.233,222.754,225.098
29580.0,240.241,227.559,215.244,203.642,192.964,183.412,175.183,168.453,163.357,159.977,158.325,158.34,159.866,162.657,166.384,170.662,175.1,179.344,183.119,186.238,188.605,190.224,191.203,191.748,192.12,192.547,193.156,193.948,194.865,195.865,196.942,198.103,199.35,200.682,202.094,203.578,205.121,206.71,208.323,209.937,211.524,213.054,214.498,215.831,217.039,218.125,219.122,220.108,221.233,222.754,225.098
29640.0,240.888,228.208,215.884,204.263,193.552,183.956,175.673,168.88,163.716,160.266,158.546,158.496,159.965,162.71,166.401,170.657,175.082,179.323,183.098,186.22,188.591,190.215,191.198,191.747,192.12,192.548,193.156,193.948,194.865,195.865,196.942,198.103,199.35,200.682,202.094,203.578,205.121,206.71,208.323,209.937,211.524,213.054,214.498,215.831,217.039,218.125,219.122,220.108,221.233,222.754,225.098
29700.0,241.531,228.852,216.521,204.881,194.138,184.498,176.161,169.307,164.076,160.555,158.767,158.653,160.065,162.763,166.42,170.652,175.065,179.301,183.077,186.202,188.578,190.206,191.194,191.745,192.12,192.548,193.157,193.948,194.865,195.865,196.942,198.103,199.35,200.682,202.094,203.577,205.121,206.71,208.323,209.937,211.524,213.054,214.498,215.831,217.039,218.125,219.122,220.108,221.233,222.754,225.098
29760.0,242.17,229.493,217.155,205.495,194.722,185.039,176.649,169.733,164.435,160.846,158.989,158.811,160.167,162.818,166.439,170.648,175.048,179.279,183.056,186.184,188.565,190.198,191.189,191.744,192.12,192.549,193.157,193.948,194.865,195.865,196.942,198.103,199.35,200.682,202.094,203.577,205.121,206.71,208.323,209.937,211.524,213.054,214.498,215.831,217.039,218.125,219.122,220.108,221.233,222.754,225.098
29820.0,242.804,230.129,217.785,206.107,195.304,185.578,177.136,170.159,164.795,161.137,159.212,158.97,160.269,162.873,166.459,170.644,175.031,179.258,183.035,186.167,188.552,190.189,191.185,191.742,192.12,192.549,193.157,193.948,194.865,195.865,196.942,198.103,199.35,200.682,202.094,203.577,205.121,206.71,208.323,209.937,211.523,213.054,214.498,215.831,217.039,218.125,219.122,220.108,221.233,222.754,225.098
29880.0,243.434,230.762,218.411,206.716,195.883,186.116,177.621,170.585,165.155,161.428,159.436,159.131,160.373,162.93,166.48,170.641,175.015,179.237,183.014,186.149,188.538,190.181,191.18,191.741,192.12,192.55,193.158,193.948,194.865,195.865,196.942,198.103,199.35,200.682,202.094,203.577,205.121,206.71,208.323,209.937,211.523,213.054,214.498,215.831,217.039,218.125,219.122,220.108,221.233,222.754,225.098
29940.0,244.059,231.39,219.034,207.322,196.46,186.652,178.106,171.01,165.515,161.721,159.661,159.292,160.477,162.987,166.501,170.639,174.999,179.215,182.993,186.131,188.525,190.172,191.176,191.739,192.12,192.55,193.158,193.948,194.864,195.865,196.942,198.103,199.35,200.682,202.094,203.577,205.121,206.71,208.323,209.937,211.523,213.054,214.498,215.831,217.039,218.125,219.122,220.108,221.233,222.754,225.098
30000.0,244.68,232.015,219.653,207.925,197.034,187.187,178.59,171.435,165.875,162.013,159.887,159.454,160.583,163.045,166.524,170.637,174.984,179.194,182.972,186.114,188.512,190.163,191.171,191.737,192.12,192.551,193.158,193.948,194.864,195.865,196.942,198.103,199.35,200.682,202.094,203.577,205.121,206.71,208.323,209.937,211.523,213.054,214.498,215.831,217.039,218.125,219.122,220.108,221.233,222.754,225.098
30060.0,245.296,232.635,220.269,208.525,197.607,187.72,179.074,171.86,166.236,162.307,160.113,159.617,160.689,163.104,166.547,170.635,174.968,179.174,182.952,186.096,188.498,190.155,191.166,191.736,192.12,192.551,193.159,193.948,194.864,195.865,196.942,198.102,199.35,200.682,202.094,203.577,205.121,206.71,208.323,209.937,211.523,213.054,214.498,215.831,217.039,218.125,219.122,220.108,221.233,222.754,225.098
30120.0,245.909,233.252,220.881,209.122,198.177,188.251,179.556,172.284,166.596,162.601,160.341,159.781,160.797,163.164,166.57,170.634,174.953,179.153,182.931,186.078,188.485,190.146,191.162,191.734,192.12,192.552,193.159,193.948,194.864,195.865,196.942,198.102,199.35,200.682,202.094,203.577,205.121,206.709,208.323,209.937,211.523,213.054,214.498,215.831,217.039,218.125,219.122,220.108,221.233,222.754,225.098
30180.0,246.517,233.864,221.49,209.716,198.744,188.781,180.037,172.708,166.957,162.895,160.569,159.946,160.905,163.225,166.595,170.634,174.938,179.133,182.91,186.061,188.472,190.137,191.157,191.732,192.12,192.552,193.159,193.948,194.864,195.865,196.942,198.102,199.35,200.682,202.094,203.577,205.121,206.709,208.323,209.937,211.523,213.053,214.498,215.831,217.039,218.125,219.122,220.108,221.233,222.754,225.098
30240.0,247.121,234.473,222.096,210.307,199.31,189.309,180.517,173.132,167.318,163.19,160.798,160.112,161.015,163.287,166.62,170.634,174.924,179.112,182.89,186.043,188.459,190.128,191.152,191.731,192.12,192.553,193.16,193.948,194.864,195.864,196.942,198.102,199.35,200.682,202.094,203.577,205.121,206.709,208.323,209.936,211.523,213.053,214.498,215.831,217.039,218.125,219.122,220.108,221.233,222.754,225.098
30300.0,247.72,235.078,222.697,210.896,199.873,189.836,180.997,173.555,167.679,163.485,161.027,160.279,161.125,163.35,166.646,170.634,174.91,179.092,182.869,186.025,188.445,190.12,191.148,191.729,192.12,192.553,193.16,193.948,194.864,195.864,196.941,198.102,199.35,200.682,202.094,203.577,205.121,206.709,208.323,209.936,211.523,213.053,214.498,215.831,217.039,218.125,219.122,220.108,221.233,222.754,225.098
30360.0,248.316,235.679,223.296,211.481,200.434,190.361,181.475,173.978,168.04,163.781,161.258,160.447,161.236,163.413,166.672,170.635,174.896,179.072,182.849,186.008,188.432,190.111,191.143,191.727,192.12,192.554,193.16,193.949,194.864,195.864,196.941,198.102,199.35,200.682,202.093,203.577,205.121,206.709,208.323,209.936,211.523,213.053,214.498,215.831,217.039,218.125,219.121,220.108,221.233,222.754,225.098
30420.0,248.907,236.276,223.891,212.064,200.993,190.884,181.952,174.401,168.401,164.078,161.489,160.616,161.349,163.478,166.699,170.637,174.883,179.052,182.829,185.99,188.419,190.102,191.138,191.726,192.12,192.554,193.161,193.949,194.864,195.864,196.941,198.102,199.35,200.682,202.093,203.577,205.121,206.709,208.323,209.936,211.523,213.053,214.498,215.831,217.039,218.125,219.121,220.108,221.233,222.754,225.098
30480.0,249.494,236.869,224.483,212.644,201.55,191.406,182.429,174.823,168.762,164.375,161.721,160.786,161.462,163.543,166.727,170.639,174.87,179.033,182.808,185.973,188.405,190.093,191.134,191.724,192.12,192.555,193.161,193.949,194.864,195.864,196.941,198.102,199.35,200.682,202.093,203.577,205.121,206.709,208.323,209.936,211.523,213.053,214.498,215.831,217.039,218.125,219.121,220.108,221.233,222.754,225.098
30540.0,250.077,237.459,225.071,213.221,202.104,191.926,182.904,175.244,169.124,164.672,161.954,160.956,161.576,163.609,166.756,170.641,174.857,179.013,182.788,185.955,188.392,190.085,191.129,191.722,192.12,192.555,193.161,193.949,194.864,195.864,196.941,198.102,199.349,200.682,202.093,203.577,205.121,206.709,208.322,209.936,211.523,213.053,214.498,215.831,217.039,218.125,219.121,220.108,221.233,222.754,225.098
30600.0,250.656,238.044,225.656,213.795,202.656,192.445,183.378,175.665,169.485,164.97,162.187,161.128,161.691,163.676,166.785,170.645,174.844,178.994,182.768,185.938,188.379,190.076,191.124,191.72,192.12,192.556,193.162,193.949,194.864,195.864,196.941,198.102,199.349,200.682,202.093,203.577,205.121,206.709,208.322,209.936,211.523,213.053,214.498,215.831,217.039,218.125,219.121,220.108,221.233,222.754,225.098
30660.0,251.231,238.626,226.238,214.366,203.205,192.961,183.852,176.086,169.847,165.268,162.421,161.3,161.807,163.744,166.816,170.648,174.832,178.975,182.748,185.92,188.365,190.067,191.119,191.719,192.119,192.556,193.162,193.949,194.864,195.864,196.941,198.102,199.349,200.681,202.093,203.577,205.121,206.709,208.322,209.936,211.523,213.053,214.498,215.831,217.039,218.125,219.121,220.108,221.233,222.754,225.098
30720.0,251.802,239.205,226.816,214.934,203.753,193.477,184.324,176.506,170.208,165.566,162.656,161.473,161.924,163.813,166.846,170.652,174.821,178.956,182.728,185.903,188.352,190.058,191.115,191.717,192.119,192.557,193.162,193.949,194.864,195.864,196.941,198.102,199.349,200.681,202.093,203.577,205.121,206.709,208.322,209.936,211.523,213.053,214.498,215.831,217.039,218.125,219.121,220.108,221.233,222.754,225.098
30780.0,252.369,239.779,227.391,215.5,204.298,193.99,184.795,176.926,170.569,165.865,162.891,161.647,162.042,163.882,166.878,170.657,174.809,178.937,182.708,185.885,188.339,190.049,191.11,191.715,192.119,192.557,193.163,193.949,194.864,195.864,196.941,198.102,199.349,200.681,202.093,203.577,205.121,206.709,208.322,209.936,211.523,213.053,214.498,215.831,217.039,218.125,219.121,220.108,221.233,222.754,225.098
30840.0,252.932,240.35,227.963,216.063,204.841,194.502,185.265,177.345,170.931,166.165,163.127,161.822,162.16,163.953,166.91,170.662,174.798,178.918,182.688,185.868,188.326,190.041,191.105,191.713,192.119,192.558,193.163,193.949,194.864,195.864,196.941,198.102,199.349,200.681,202.093,203.577,205.121,206.709,208.322,209.936,211.523,213.053,214.498,215.831,217.039,218.125,219.121,220.108,221.233,222.754,225.098
30900.0,253.492,240.917,228.531,216.623,205.382,195.012,185.734,177.764,171.292,166.464,163.364,161.998,162.28,164.024,166.943,170.668,174.787,178.9,182.669,185.851,188.312,190.032,191.1,191.711,192.119,192.558,193.163,193.949,194.864,195.864,196.941,198.102,199.349,200.681,202.093,203.577,205.12,206.709,208.322,209.936,211.523,213.053,214.498,215.831,217.039,218.125,219.121,220.108,221.233,222.754,225.098
30960.0,254.047,241.481,229.096,217.18,205.92,195.521,186.202,178.182,171.654,166.764,163.601,162.174,162.4,164.096,166.977,170.674,174.777,178.882,182.649,185.833,188.299,190.023,191.096,191.71,192.119,192.558,193.164,193.949,194.864,195.864,196.941,198.102,199.349,200.681,202.093,203.577,205.12,206.709,208.322,209.936,211.523,213.053,214.497,215.831,217.039,218.125,219.121,220.108,221.233,222.755,225.098
31020.0,254.598,242.041,229.658,217.734,206.456,196.028,186.669,178.6,172.015,167.065,163.84,162.352,162.522,164.169,167.011,170.681,174.767,178.864,182.629,185.816,188.286,190.014,191.091,191.708,192.119,192.559,193.164,193.949,194.864,195.864,196.941,198.102,199.349,200.681,202.093,203.577,205.12,206.709,208.322,209.936,211.523,213.053,214.497,215.831,217.039,218.125,219.121,220.108,221.233,222.755,225.098
31080.0,255.146,242.597,230.217,218.285,206.99,196.533,187.135,179.017,172.376,167.366,164.078,162.53,162.644,164.243,167.046,170.688,174.757,178.846,182.61,185.799,188.272,190.005,191.086,191.706,192.119,192.559,193.164,193.949,194.863,195.863,196.941,198.102,199.349,200.681,202.093,203.577,205.12,206.709,208.322,209.936,211.523,213.053,214.497,215.831,217.039,218.125,219.121,220.108,221.233,222.755,225.098
31140.0,255.689,243.15,230.772,218.834,207.522,197.036,187.6,179.434,172.737,167.667,164.317,162.708,162.767,164.317,167.082,170.696,174.747,178.828,182.591,185.781,188.259,189.996,191.081,191.704,192.119,192.56,193.165,193.95,194.863,195.863,196.941,198.102,199.349,200.681,202.093,203.576,205.12,206.709,208.322,209.936,211.523,213.053,214.497,215.831,217.039,218.125,219.121,220.108,221.233,222.755,225.098
31200.0,256.229,243.7,231.324,219.38,208.051,197.538,188.064,179.85,173.098,167.968,164.557,162.888,162.891,164.393,167.118,170.705,174.738,178.811,182.571,185.764,188.246,189.988,191.076,191.702,192.119,192.56,193.165,193.95,194.863,195.863,196.941,198.101,199.349,200.681,202.093,203.576,205.12,206.709,208.322,209.936,211.523,213.053,214.497,215.831,217.039,218.125,219.121,220.108,221.233,222.755,225.098
31260.0,256.765,244.245,231.873,219.923,208.578,198.038,188.526,180.266,173.459,168.27,164.798,163.069,163.015,164.469,167.156,170.713,174.73,178.794,182.552,185.747,188.232,189.979,191.071,191.701,192.118,192.561,193.165,193.95,194.863,195.863,196.941,198.101,199.349,200.681,202.093,203.576,205.12,206.709,208.322,209.936,211.523,213.053,214.497,215.831,217.039,218.125,219.121,220.108,221.233,222.755,225.098
31320.0,257.298,244.787,232.419,220.464,209.103,198.537,188.988,180.68,173.82,168.572,165.039,163.25,163.141,164.546,167.193,170.723,174.721,178.776,182.533,185.73,188.219,189.97,191.066,191.699,192.118,192.561,193.166,193.95,194.863,195.863,196.941,198.101,199.349,200.681,202.093,203.576,205.12,206.709,208.322,209.936,211.523,213.053,214.497,215.831,217.039,218.125,219.121,220.108,221.233,222.755,225.098
31380.0,257.826,245.326,232.962,221.001,209.625,199.033,189.448,181.095,174.181,168.874,165.28,163.432,163.267,164.624,167.232,170.733,174.713,178.76,182.514,185.713,188.206,189.961,191.062,191.697,192.118,192.561,193.166,193.95,194.863,195.863,196.94,198.101,199.349,200.681,202.093,203.576,205.12,206.709,208.322,209.936,211.523,213.053,214.497,215.831,217.039,218.125,219.121,220.108,221.233,222.755,225.098
31440.0,258.351,245.861,233.501,221.536,210.146,199.528,189.907,181.509,174.542,169.176,165.522,163.614,163.394,164.702,167.271,170.743,174.705,178.743,182.495,185.695,188.193,189.952,191.057,191.695,192.118,192.562,193.166,193.95,194.863,195.863,196.94,198.101,199.349,200.681,202.093,203.576,205.12,206.709,208.322,209.936,211.523,213.053,214.497,215.831,217.039,218.125,219.121,220.108,221.233,222.755,225.098
31500.0,258.873,246.393,234.037,222.068,210.664,200.022,190.365,181.922,174.902,169.479,165.765,163.798,163.522,164.781,167.311,170.754,174.698,178.726,182.476,185.678,188.179,189.943,191.052,191.693,192.118,192.562,193.167,193.95,194.863,195.863,196.94,198.101,199.349,200.681,202.093,203.576,205.12,206.709,208.322,209.936,211.523,213.053,214.497,215.831,217.039,218.125,219.121,220.108,221.233,222.755,225.098
31560.0,259.39,246.921,234.57,222.598,211.179,200.513,190.822,182.334,175.263,169.782,166.008,163.982,163.651,164.862,167.351,170.766,174.691,178.71,182.457,185.661,188.166,189.934,191.047,191.691,192.118,192.563,193.167,193.95,194.863,195.863,196.94,198.101,199.349,200.681,202.093,203.576,205.12,206.709,208.322,209.936,211.523,213.053,214.497,215.831,217.039,218.125,219.121,220.108,221.233,222.755,225.098
31620.0,259.904,247.446,235.1,223.124,211.693,201.003,191.277,182.746,175.623,170.085,166.252,164.166,163.781,164.942,167.393,170.778,174.685,178.694,182.439,185.644,188.153,189.925,191.042,191.689,192.117,192.563,193.167,193.95,194.863,195.863,196.94,198.101,199.349,200.681,202.093,203.576,205.12,206.709,208.322,209.936,211.523,213.053,214.497,215.831,217.039,218.125,219.121,220.108,221.233,222.755,225.098
31680.0,260.414,247.967,235.627,223.648,212.204,201.491,191.732,183.157,175.983,170.389,166.496,164.352,163.911,165.024,167.435,170.79,174.678,178.678,182.42,185.627,188.139,189.916,191.037,191.687,192.117,192.564,193.168,193.95,194.863,195.863,196.94,198.101,199.349,200.681,202.092,203.576,205.12,206.709,208.322,209.936,211.523,213.053,214.497,215.831,217.039,218.125,219.121,220.108,221.233,222.755,225.098
31740.0,260.921,248.485,236.151,224.169,212.713,201.978,192.185,183.568,176.343,170.692,166.741,164.538,164.042,165.107,167.477,170.803,174.672,178.663,182.401,185.61,188.126,189.907,191.032,191.685,192.117,192.564,193.168,193.95,194.863,195.863,196.94,198.101,199.349,200.681,202.092,203.576,205.12,206.708,208.322,209.936,211.523,213.053,214.497,215.831,217.039,218.125,219.121,220.108,221.233,222.755,225.098
31800.0,261.424,249.0,236.671,224.688,213.22,202.462,192.637,183.978,176.703,170.996,166.986,164.725,164.174,165.19,167.52,170.817,174.667,178.647,182.383,185.593,188.113,189.898,191.027,191.683,192.117,192.564,193.168,193.95,194.863,195.863,196.94,198.101,199.348,200.681,202.092,203.576,205.12,206.708,208.322,209.936,211.523,213.053,214.497,215.831,217.039,218.125,219.121,220.108,221.233,222.755,225.098
31860.0,261.923,249.511,237.189,225.204,213.725,202.945,193.088,184.387,177.062,171.3,167.232,164.913,164.307,165.274,167.564,170.831,174.662,178.632,182.365,185.577,188.1,189.889,191.022,191.681,192.117,192.565,193.169,193.951,194.863,195.863,196.94,198.101,199.348,200.681,202.092,203.576,205.12,206.708,208.322,209.936,211.523,213.053,214.497,215.831,217.039,218.125,219.121,220.108,221.233,222.755,225.098
31920.0,262.419,250.019,237.703,225.717,214.227,203.426,193.538,184.795,177.421,171.604,167.478,165.101,164.44,165.358,167.609,170.846,174.657,178.617,182.347,185.56,188.086,189.88,191.017,191.679,192.117,192.565,193.169,193.951,194.863,195.863,196.94,198.101,199.348,200.68,202.092,203.576,205.12,206.708,208.322,209.936,211.523,213.053,214.497,215.831,217.039,218.125,219.121,220.108,221.233,222.755,225.098
31980.0,262.912,250.524,238.215,226.227,214.727,203.906,193.986,185.203,177.78,171.909,167.725,165.29,164.574,165.444,167.654,170.861,174.652,178.602,182.329,185.543,188.073,189.871,191.012,191.677,192.116,192.566,193.169,193.951,194.863,195.862,196.94,198.101,199.348,200.68,202.092,203.576,205.12,206.708,208.322,209.936,211.523,213.053,214.497,215.831,217.039,218.125,219.121,220.108,221.233,222.755,225.098
32040.0,263.401,251.025,238.723,226.735,215.225,204.383,194.434,185.61,178.139,172.213,167.972,165.479,164.709,165.53,167.7,170.877,174.648,178.587,182.311,185.526,188.06,189.862,191.007,191.675,192.116,192.566,193.17,193.951,194.863,195.862,196.94,198.101,199.348,200.68,202.092,203.576,205.12,206.708,208.322,209.936,211.522,213.053,214.497,215.831,217.039,218.125,219.121,220.108,221.233,222.755,225.098
32100.0,263.886,251.523,239.228,227.24,215.72,204.859,194.88,186.017,178.498,172.518,168.219,165.669,164.845,165.617,167.747,170.893,174.644,178.573,182.293,185.509,188.047,189.853,191.002,191.673,192.116,192.566,193.17,193.951,194.863,195.862,196.94,198.101,199.348,200.68,202.092,203.576,205.12,206.708,208.322,209.936,211.522,213.053,214.497,215.831,217.039,218.125,219.121,220.108,221.233,222.755,225.098
32160.0,264.368,252.018,239.731,227.742,216.213,205.334,195.324,186.422,178.856,172.823,168.467,165.86,164.981,165.705,167.794,170.909,174.641,178.559,182.275,185.493,188.033,189.844,190.997,191.671,192.116,192.567,193.17,193.951,194.863,195.862,196.94,198.101,199.348,200.68,202.092,203.576,205.12,206.708,208.322,209.935,211.522,213.053,214.497,215.831,217.039,218.125,219.121,220.108,221.233,222.755,225.098
32220.0,264.847,252.509,240.23,228.242,216.704,205.806,195.768,186.827,179.214,173.128,168.715,166.051,165.118,165.793,167.842,170.927,174.638,178.545,182.257,185.476,188.02,189.835,190.992,191.669,192.115,192.567,193.171,193.951,194.863,195.862,196.94,198.101,199.348,200.68,202.092,203.576,205.12,206.708,208.322,209.935,211.522,213.053,214.497,215.831,217.039,218.125,219.121,220.108,221.233,222.755,225.098
32280.0,265.322,252.997,240.726,228.739,217.193,206.277,196.21,187.231,179.572,173.433,168.964,166.243,165.256,165.882,167.89,170.944,174.635,178.531,182.24,185.459,188.007,189.826,190.987,191.667,192.115,192.568,193.171,193.951,194.863,195.862,196.94,198.101,199.348,200.68,202.092,203.576,205.12,206.708,208.321,209.935,211.522,213.053,214.497,215.831,217.039,218.125,219.121,220.108,221.233,222.755,225.098
32340.0,265.793,253.482,241.219,229.233,217.68,206.746,196.651,187.635,179.929,173.738,169.213,166.436,165.394,165.972,167.94,170.963,174.633,178.517,182.222,185.443,187.994,189.817,190.982,191.665,192.115,192.568,193.171,193.951,194.863,195.862,196.94,198.101,199.348,200.68,202.092,203.576,205.12,206.708,208.321,209.935,211.522,213.053,214.497,215.831,217.039,218.125,219.121,220.108,221.233,222.755,225.098
32400.0,266.262,253.963,241.71,229.725,218.164,207.213,197.091,188.037,180.286,174.043,169.463,166.629,165.534,166.063,167.989,170.982,174.631,178.504,182.205,185.426,187.98,189.808,190.977,191.663,192.115,192.568,193.172,193.951,194.862,195.862,196.94,198.1,199.348,200.68,202.092,203.576,205.119,206.708,208.321,209.935,211.522,213.053,214.497,215.831,217.039,218.125,219.121,220.108,221.233,222.755,225.098
32460.0,266.726,254.442,242.197,230.214,218.646,207.678,197.53,188.439,180.643,174.348,169.713,166.823,165.674,166.154,168.04,171.001,174.629,178.491,182.188,185.41,187.967,189.799,190.971,191.661,192.114,192.569,193.172,193.951,194.862,195.862,196.939,198.1,199.348,200.68,202.092,203.576,205.119,206.708,208.321,209.935,211.522,213.053,214.497,215.831,217.039,218.125,219.121,220.108,221.233,222.755,225.098
32520.0,267.188,254.917,242.681,230.7,219.126,208.142,197.967,188.84,180.999,174.653,169.963,167.017,165.814,166.246,168.091,171.021,174.628,178.478,182.171,185.393,187.954,189.79,190.966,191.659,192.114,192.569,193.172,193.952,194.862,195.862,196.939,198.1,199.348,200.68,202.092,203.575,205.119,206.708,208.321,209.935,211.522,213.053,214.497,215.831,217.039,218.125,219.121,220.108,221.233,222.755,225.098
32580.0,267.646,255.389,243.162,231.184,219.603,208.603,198.403,189.241,181.355,174.959,170.214,167.212,165.955,166.339,168.143,171.041,174.627,178.465,182.154,185.377,187.941,189.781,190.961,191.657,192.114,192.569,193.173,193.952,194.862,195.862,196.939,198.1,199.348,200.68,202.092,203.575,205.119,206.708,208.321,209.935,211.522,213.053,214.497,215.831,217.039,218.125,219.121,220.108,221.233,222.755,225.098
32640.0,268.101,255.858,243.641,231.665,220.079,209.063,198.837,189.64,181.711,175.264,170.465,167.408,166.097,166.432,168.195,171.062,174.627,178.453,182.137,185.361,187.928,189.772,190.956,191.655,192.113,192.57,193.173,193.952,194.862,195.862,196.939,198.1,199.348,200.68,202.092,203.575,205.119,206.708,208.321,209.935,211.522,213.053,214.497,215.831,217.039,218.125,219.121,220.108,221.233,222.755,225.098
32700.0,268.552,256.323,244.116,232.143,220.552,209.522,199.271,190.039,182.066,175.569,170.716,167.604,166.24,166.526,168.248,171.083,174.626,178.441,182.12,185.344,187.915,189.763,190.951,191.653,192.113,192.57,193.173,193.952,194.862,195.862,196.939,198.1,199.348,200.68,202.092,203.575,205.119,206.708,208.321,209.935,211.522,213.053,214.497,215.831,217.039,218.125,219.121,220.108,221.233,222.755,225.098
32760.0,269.001,256.786,244.589,232.619,221.022,209.978,199.703,190.437,182.421,175.875,170.968,167.8,166.383,166.621,168.302,171.105,174.627,178.429,182.103,185.328,187.901,189.754,190.946,191.651,192.113,192.571,193.174,193.952,194.862,195.862,196.939,198.1,199.348,200.68,202.092,203.575,205.119,206.708,208.321,209.935,211.522,213.052,214.497,215.831,217.039,218.125,219.121,220.108,221.233,222.755,225.098
32820.0,269.445,257.245,245.059,233.092,221.491,210.433,200.133,190.834,182.776,176.18,171.22,167.997,166.527,166.716,168.356,171.128,174.627,178.417,182.087,185.312,187.888,189.745,190.941,191.649,192.113,192.571,193.174,193.952,194.862,195.862,196.939,198.1,199.348,200.68,202.092,203.575,205.119,206.708,208.321,209.935,211.522,213.052,214.497,215.831,217.039,218.125,219.121,220.108,221.233,222.755,225.098
32880.0,269.887,257.702,245.525,233.563,221.957,210.885,200.563,191.23,183.13,176.486,171.472,168.195,166.672,166.812,168.411,171.151,174.628,178.405,182.07,185.296,187.875,189.736,190.935,191.646,192.112,192.571,193.174,193.952,194.862,195.861,196.939,198.1,199.348,200.68,202.092,203.575,205.119,206.708,208.321,209.935,211.522,213.052,214.497,215.831,217.039,218.125,219.121,220.108,221.233,222.755,225.098
32940.0,270.326,258.155,245.989,234.031,222.421,211.336,200.991,191.625,183.484,176.791,171.725,168.393,166.817,166.909,168.467,171.174,174.63,178.394,182.054,185.279,187.862,189.727,190.93,191.644,192.112,192.572,193.175,193.952,194.862,195.861,196.939,198.1,199.348,200.68,202.092,203.575,205.119,206.708,208.321,209.935,211.522,213.052,214.497,215.83,217.039,218.125,219.121,220.108,221.233,222.755,225.098
33000.0,270.761,258.605,246.45,234.496,222.883,211.786,201.418,192.02,183.838,177.097,171.977,168.592,166.963,167.006,168.523,171.198,174.631,178.383,182.038,185.263,187.849,189.718,190.925,191.642,192.112,192.572,193.175,193.952,194.862,195.861,196.939,198.1,199.347,200.68,202.091,203.575,205.119,206.708,208.321,209.935,211.522,213.052,214.497,215.83,217.039,218.125,219.121,220.108,221.233,222.755,225.098
33060.0,271.193,259.052,246.908,234.959,223.343,212.233,201.843,192.413,184.191,177.402,172.231,168.791,167.109,167.105,168.579,171.222,174.633,178.372,182.022,185.247,187.836,189.708,190.92,191.64,192.111,192.572,193.175,193.952,194.862,195.861,196.939,198.1,199.347,200.68,202.091,203.575,205.119,206.708,208.321,209.935,211.522,213.052,214.497,215.83,217.039,218.125,219.121,220.108,221.233,222.755,225.098
33120.0,271.621,259.496,247.363,235.419,223.8,212.679,202.267,192.806,184.543,177.707,172.484,168.991,167.256,167.203,168.637,171.247,174.636,178.362,182.006,185.231,187.823,189.699,190.915,191.638,192.111,192.573,193.175,193.952,194.862,195.861,196.939,198.1,199.347,200.68,202.091,203.575,205.119,206.708,208.321,209.935,211.522,213.052,214.497,215.83,217.039,218.124,219.121,220.108,221.233,222.755,225.098
33180.0,272.047,259.937,247.816,235.877,224.256,213.123,202.69,193.198,184.895,178.013,172.738,169.191,167.404,167.303,168.695,171.273,174.639,178.351,181.99,185.215,187.809,189.69,190.909,191.636,192.11,192.573,193.176,193.953,194.862,195.861,196.939,198.1,199.347,200.679,202.091,203.575,205.119,206.708,208.321,209.935,211.522,213.052,214.497,215.83,217.039,218.124,219.121,220.108,221.233,222.755,225.098
33240.0,272.469,260.374,248.265,236.332,224.709,213.564,203.111,193.589,185.247,178.318,172.992,169.391,167.552,167.403,168.753,171.299,174.642,178.341,181.974,185.199,187.796,189.681,190.904,191.633,192.11,192.573,193.176,193.953,194.862,195.861,196.939,198.1,199.347,200.679,202.091,203.575,205.119,206.708,208.321,209.935,211.522,213.052,214.497,215.83,217.039,218.124,219.121,220.108,221.233,222.755,225.098
33300.0,272.888,260.809,248.712,236.784,225.159,214.005,203.531,193.979,185.598,178.623,173.246,169.592,167.701,167.504,168.813,171.325,174.646,178.331,181.959,185.184,187.783,189.672,190.899,191.631,192.11,192.574,193.176,193.953,194.862,195.861,196.939,198.1,199.347,200.679,202.091,203.575,205.119,206.708,208.321,209.935,211.522,213.052,214.497,215.83,217.038,218.124,219.121,220.108,221.233,222.755,225.099
33360.0,273.304,261.241,249.156,237.234,225.608,214.443,203.95,194.368,185.949,178.928,173.5,169.794,167.851,167.605,168.872,171.352,174.649,178.322,181.943,185.168,187.77,189.663,190.894,191.629,192.109,192.574,193.177,193.953,194.862,195.861,196.939,198.1,199.347,200.679,202.091,203.575,205.119,206.707,208.321,209.935,211.522,213.052,214.497,215.83,217.038,218.124,219.121,220.108,221.233,222.755,225.099
33420.0,273.717,261.67,249.596,237.681,226.054,214.879,204.367,194.757,186.3,179.233,173.755,169.996,168.001,167.707,168.933,171.38,174.654,178.312,181.928,185.152,187.757,189.654,190.888,191.627,192.109,192.574,193.177,193.953,194.862,195.861,196.939,198.1,199.347,200.679,202.091,203.575,205.119,206.707,208.321,209.935,211.522,213.052,214.497,215.83,217.038,218.124,219.121,220.108,221.233,222.755,225.099
33480.0,274.127,262.095,250.035,238.126,226.498,215.314,204.783,195.144,186.649,179.538,174.01,170.198,168.152,167.81,168.994,171.408,174.659,178.303,181.913,185.136,187.744,189.645,190.883,191.624,192.109,192.575,193.177,193.953,194.862,195.861,196.938,198.1,199.347,200.679,202.091,203.575,205.119,206.707,208.321,209.935,211.522,213.052,214.497,215.83,217.038,218.124,219.121,220.108,221.233,222.755,225.099
33540.0,274.534,262.518,250.47,238.568,226.94,215.747,205.197,195.53,186.999,179.843,174.265,170.401,168.303,167.913,169.055,171.436,174.664,178.294,181.898,185.121,187.731,189.635,190.878,191.622,192.108,192.575,193.178,193.953,194.862,195.861,196.938,198.1,199.347,200.679,202.091,203.575,205.119,206.707,208.321,209.935,211.522,213.052,214.497,215.83,217.038,218.124,219.121,220.108,221.233,222.755,225.099
33600.0,274.937,262.938,250.903,239.008,227.38,216.178,205.61,195.916,187.348,180.148,174.52,170.605,168.455,168.017,169.118,171.465,174.669,178.285,181.883,185.105,187.718,189.626,190.872,191.62,192.108,192.575,193.178,193.953,194.862,195.861,196.938,198.099,199.347,200.679,202.091,203.575,205.119,206.707,208.321,209.935,211.522,213.052,214.497,215.83,217.038,218.124,219.121,220.108,221.233,222.755,225.099
33660.0,275.338,263.355,251.332,239.445,227.817,216.607,206.022,196.3,187.696,180.452,174.775,170.808,168.607,168.121,169.18,171.495,174.675,178.277,181.868,185.09,187.705,189.617,190.867,191.618,192.107,192.576,193.178,193.953,194.862,195.861,196.938,198.099,199.347,200.679,202.091,203.575,205.119,206.707,208.321,209.935,211.522,213.052,214.497,215.83,217.038,218.124,219.121,220.108,221.233,222.755,225.099
33720.0,275.735,263.768,251.759,239.88,228.252,217.035,206.432,196.684,188.044,180.757,175.031,171.012,168.76,168.226,169.244,171.525,174.681,178.269,181.853,185.074,187.692,189.608,190.862,191.615,192.107,192.576,193.179,193.953,194.862,195.861,196.938,198.099,199.347,200.679,202.091,203.575,205.119,206.707,208.321,209.935,211.522,213.052,214.497,215.83,217.038,218.124,219.121,220.108,221.233,222.755,225.099
33780.0,276.13,264.179,252.184,240.312,228.685,217.46,206.841,197.066,188.391,181.061,175.287,171.217,168.913,168.332,169.308,171.555,174.688,178.261,181.839,185.059,187.679,189.599,190.856,191.613,192.107,192.576,193.179,193.954,194.862,195.86,196.938,198.099,199.347,200.679,202.091,203.575,205.119,206.707,208.321,209.935,211.522,213.052,214.497,215.83,217.038,218.124,219.121,220.108,221.233,222.755,225.099
33840.0,276.521,264.587,252.605,240.742,229.116,217.884,207.248,197.448,188.738,181.365,175.543,171.422,169.068,168.438,169.372,171.586,174.695,178.253,181.824,185.043,187.666,189.59,190.851,191.611,192.106,192.576,193.179,193.954,194.861,195.86,196.938,198.099,199.347,200.679,202.091,203.575,205.119,206.707,208.321,209.935,211.522,213.052,214.497,215.83,217.038,218.124,219.121,220.108,221.233,222.755,225.099
33900.0,276.909,264.992,253.024,241.169,229.544,218.306,207.654,197.828,189.084,181.669,175.799,171.627,169.222,168.545,169.438,171.618,174.702,178.245,181.81,185.028,187.653,189.58,190.846,191.608,192.106,192.577,193.18,193.954,194.861,195.86,196.938,198.099,199.347,200.679,202.091,203.575,205.118,206.707,208.321,209.935,211.522,213.052,214.497,215.83,217.038,218.124,219.121,220.108,221.233,222.755,225.099
33960.0,277.295,265.395,253.44,241.593,229.971,218.726,208.059,198.208,189.429,181.973,176.055,171.833,169.377,168.653,169.503,171.65,174.71,178.238,181.796,185.013,187.64,189.571,190.84,191.606,192.105,192.577,193.18,193.954,194.861,195.86,196.938,198.099,199.347,200.679,202.091,203.574,205.118,206.707,208.321,209.935,211.522,213.052,214.497,215.83,217.038,218.124,219.121,220.108,221.233,222.755,225.099
34020.0,277.677,265.794,253.853,242.015,230.395,219.144,208.462,198.587,189.774,182.276,176.312,172.039,169.533,168.761,169.569,171.682,174.718,178.231,181.782,184.998,187.628,189.562,190.835,191.604,192.105,192.577,193.18,193.954,194.861,195.86,196.938,198.099,199.347,200.679,202.091,203.574,205.118,206.707,208.32,209.935,211.522,213.052,214.496,215.83,217.038,218.124,219.121,220.108,221.233,222.755,225.099
34080.0,278.056,266.19,254.264,242.435,230.817,219.56,208.864,198.964,190.119,182.58,176.568,172.246,169.689,168.869,169.636,171.715,174.726,178.224,181.768,184.983,187.615,189.553,190.83,191.601,192.104,192.578,193.18,193.954,194.861,195.86,196.938,198.099,199.347,200.679,202.091,203.574,205.118,206.707,208.32,209.935,211.522,213.052,214.496,215.83,217.038,218.124,219.121,220.108,221.233,222.755,225.099
34140.0,278.432,266.584,254.672,242.852,231.237,219.975,209.264,199.341,190.463,182.883,176.825,172.452,169.846,168.979,169.704,171.749,174.735,178.218,181.754,184.968,187.602,189.544,190.824,191.599,192.104,192.578,193.181,193.954,194.861,195.86,196.938,198.099,199.347,200.679,202.091,203.574,205.118,206.707,208.32,209.934,211.522,213.052,214.496,215.83,217.038,218.124,219.121,220.108,221.233,222.755,225.099
34200.0,278.806,266.974,255.077,243.267,231.654,220.387,209.663,199.717,190.806,183.186,177.082,172.659,170.003,169.088,169.772,171.783,174.744,178.212,181.741,184.953,187.589,189.535,190.819,191.597,192.103,192.578,193.181,193.954,194.861,195.86,196.938,198.099,199.346,200.679,202.091,203.574,205.118,206.707,208.32,209.934,211.522,213.052,214.496,215.83,217.038,218.124,219.121,220.108,221.233,222.755,225.099
34260.0,279.176,267.362,255.479,243.679,232.069,220.798,210.06,200.091,191.149,183.489,177.338,172.867,170.161,169.199,169.84,171.817,174.754,178.206,181.727,184.938,187.576,189.525,190.813,191.594,192.103,192.579,193.181,193.954,194.861,195.86,196.938,198.099,199.346,200.679,202.091,203.574,205.118,206.707,208.32,209.934,211.521,213.052,214.496,215.83,217.038,218.124,219.121,220.108,221.233,222.755,225.099
34320.0,279.544,267.747,255.879,244.088,232.483,221.207,210.456,200.465,191.491,183.791,177.595,173.075,170.319,169.31,169.909,171.852,174.763,178.2,181.714,184.923,187.563,189.516,190.808,191.592,192.102,192.579,193.182,193.954,194.861,195.86,196.938,198.099,199.346,200.679,202.09,203.574,205.118,206.707,208.32,209.934,211.521,213.052,214.496,215.83,217.038,218.124,219.121,220.108,221.233,222.755,225.099
34380.0,279.908,268.129,256.276,244.495,232.894,221.614,210.851,200.837,191.832,184.093,177.852,173.283,170.477,169.421,169.979,171.888,174.774,178.194,181.701,184.908,187.551,189.507,190.803,191.59,192.102,192.579,193.182,193.954,194.861,195.86,196.938,198.099,199.346,200.679,202.09,203.574,205.118,206.707,208.32,209.934,211.521,213.052,214.496,215.83,217.038,218.124,219.121,220.108,221.233,222.755,225.099
34440.0,280.27,268.509,256.67,244.9,233.302,222.019,211.244,201.209,192.173,184.396,178.109,173.492,170.636,169.533,170.049,171.924,174.784,178.189,181.688,184.893,187.538,189.498,190.797,191.587,192.101,192.579,193.182,193.955,194.861,195.86,196.938,198.099,199.346,200.678,202.09,203.574,205.118,206.707,208.32,209.934,211.521,213.052,214.496,215.83,217.038,218.124,219.121,220.108,221.233,222.755,225.099
34500.0,280.628,268.885,257.062,245.302,233.709,222.423,211.635,201.579,192.513,184.697,178.367,173.7,170.796,169.646,170.12,171.96,174.796,178.184,181.675,184.879,187.525,189.489,190.792,191.585,192.101,192.58,193.183,193.955,194.861,195.86,196.938,198.099,199.346,200.678,202.09,203.574,205.118,206.707,208.32,209.934,211.521,213.052,214.496,215.83,217.038,218.124,219.121,220.108,221.233,222.755,225.099
34560.0,280.984,269.259,257.451,245.702,234.113,222.824,212.025,201.948,192.852,184.999,178.624,173.909,170.956,169.759,170.191,171.997,174.807,178.179,181.662,184.864,187.512,189.479,190.786,191.582,192.1,192.58,193.183,193.955,194.861,195.86,196.937,198.099,199.346,200.678,202.09,203.574,205.118,206.707,208.32,209.934,211.521,213.052,214.496,215.83,217.038,218.124,219.121,220.108,221.233,222.755,225.099
34620.0,281.337,269.63,257.837,246.099,234.515,223.224,212.414,202.317,193.191,185.3,178.881,174.119,171.117,169.873,170.263,172.034,174.819,178.175,181.649,184.849,187.5,189.47,190.781,191.58,192.1,192.58,193.183,193.955,194.861,195.86,196.937,198.099,199.346,200.678,202.09,203.574,205.118,206.707,208.32,209.934,211.521,213.052,214.496,215.83,217.038,218.124,219.121,220.108,221.233,222.755,225.099
34680.0,281.687,269.998,258.221,246.494,234.915,223.622,212.801,202.684,193.529,185.601,179.138,174.329,171.278,169.987,170.335,172.072,174.831,178.171,181.637,184.835,187.487,189.461,190.775,191.577,192.099,192.58,193.183,193.955,194.861,195.86,196.937,198.099,199.346,200.678,202.09,203.574,205.118,206.707,208.32,209.934,211.521,213.052,214.496,215.83,217.038,218.124,219.121,220.108,221.233,222.755,225.099
34740.0,282.034,270.363,258.602,246.886,235.313,224.018,213.186,203.05,193.867,185.902,179.396,174.539,171.439,170.102,170.408,172.11,174.843,178.167,181.625,184.821,187.474,189.452,190.77,191.575,192.099,192.581,193.184,193.955,194.861,195.859,196.937,198.098,199.346,200.678,202.09,203.574,205.118,206.707,208.32,209.934,211.521,213.052,214.496,215.83,217.038,218.124,219.121,220.108,221.233,222.755,225.099
34800.0,282.378,270.725,258.98,247.276,235.709,224.412,213.571,203.415,194.204,186.202,179.653,174.749,171.601,170.217,170.482,172.149,174.856,178.163,181.612,184.806,187.462,189.443,190.764,191.573,192.098,192.581,193.184,193.955,194.861,195.859,196.937,198.098,199.346,200.678,202.09,203.574,205.118,206.707,208.32,209.934,211.521,213.052,214.496,215.83,217.038,218.124,219.121,220.108,221.233,222.755,225.099
34860.0,282.719,271.085,259.356,247.664,236.102,224.804,213.953,203.779,194.54,186.502,179.911,174.959,171.763,170.333,170.556,172.188,174.87,178.159,181.6,184.792,187.449,189.433,190.759,191.57,192.098,192.581,193.184,193.955,194.861,195.859,196.937,198.098,199.346,200.678,202.09,203.574,205.118,206.707,208.32,209.934,211.521,213.052,214.496,215.83,217.038,218.124,219.121,220.108,221.233,222.755,225.099
34920.0,283.058,271.442,259.729,248.049,236.493,225.194,214.334,204.142,194.875,186.802,180.168,175.17,171.926,170.449,170.63,172.228,174.883,178.156,181.589,184.778,187.436,189.424,190.753,191.568,192.097,192.581,193.185,193.955,194.861,195.859,196.937,198.098,199.346,200.678,202.09,203.574,205.118,206.707,208.32,209.934,211.521,213.052,214.496,215.83,217.038,218.124,219.121,220.108,221.233,222.755,225.099
34980.0,283.394,271.796,260.1,248.432,236.882,225.583,214.714,204.503,195.21,187.101,180.425,175.381,172.089,170.566,170.705,172.268,174.897,178.153,181.577,184.764,187.424,189.415,190.748,191.565,192.097,192.582,193.185,193.955,194.861,195.859,196.937,198.098,199.346,200.678,202.09,203.574,205.118,206.706,208.32,209.934,211.521,213.052,214.496,215.83,217.038,218.124,219.121,220.108,221.233,222.755,225.099
35040.0,283.727,272.148,260.468,248.812,237.269,225.969,215.092,204.864,195.544,187.4,180.683,175.592,172.253,170.684,170.781,172.309,174.912,178.15,181.565,184.75,187.411,189.406,190.742,191.563,192.096,192.582,193.185,193.956,194.861,195.859,196.937,198.098,199.346,200.678,202.09,203.574,205.118,206.706,208.32,209.934,211.521,213.052,214.496,215.83,217.038,218.124,219.121,220.108,221.233,222.755,225.099
35100.0,284.057,272.497,260.833,249.19,237.654,226.354,215.469,205.224,195.877,187.699,180.94,175.804,172.417,170.802,170.857,172.35,174.927,178.148,181.554,184.736,187.399,189.396,190.737,191.56,192.095,192.582,193.186,193.956,194.861,195.859,196.937,198.098,199.346,200.678,202.09,203.574,205.118,206.706,208.32,209.934,211.521,213.052,214.496,215.83,217.038,218.124,219.121,220.108,221.233,222.755,225.099
35160.0,284.384,272.843,261.196,249.565,238.037,226.737,215.844,205.582,196.21,187.997,181.197,176.016,172.581,170.92,170.934,172.392,174.942,178.146,181.543,184.722,187.386,189.387,190.731,191.558,192.095,192.582,193.186,193.956,194.861,195.859,196.937,198.098,199.346,200.678,202.09,203.574,205.118,206.706,208.32,209.934,211.521,213.052,214.496,215.83,217.038,218.124,219.121,220.108,221.233,222.755,225.099
35220.0,284.709,273.186,261.556,249.938,238.417,227.118,216.217,205.939,196.542,188.295,181.455,176.228,172.746,171.039,171.011,172.434,174.957,178.144,181.532,184.708,187.374,189.378,190.726,191.555,192.094,192.583,193.186,193.956,194.861,195.859,196.937,198.098,199.346,200.678,202.09,203.574,205.118,206.706,208.32,209.934,211.521,213.052,214.496,215.83,217.038,218.124,219.121,220.108,221.233,222.755,225.099
35280.0,285.03,273.527,261.914,250.309,238.795,227.497,216.589,206.295,196.873,188.593,181.712,176.44,172.911,171.158,171.088,172.476,174.973,178.142,181.521,184.694,187.361,189.369,190.72,191.553,192.094,192.583,193.186,193.956,194.861,195.859,196.937,198.098,199.346,200.678,202.09,203.574,205.118,206.706,208.32,209.934,211.521,213.052,214.496,215.83,217.038,218.124,219.121,220.108,221.233,222.755,225.099
35340.0,285.349,273.865,262.269,250.677,239.171,227.874,216.96,206.65,197.203,188.89,181.969,176.652,173.077,171.278,171.166,172.519,174.989,178.141,181.51,184.68,187.349,189.36,190.714,191.55,192.093,192.583,193.187,193.956,194.861,195.859,196.937,198.098,199.346,200.678,202.09,203.573,205.118,206.706,208.32,209.934,211.521,213.051,214.496,215.83,217.038,218.124,219.121,220.108,221.233,222.755,225.099
35400.0,285.665,274.2,262.622,251.043,239.545,228.249,217.329,207.004,197.533,189.187,182.226,176.865,173.243,171.399,171.245,172.563,175.006,178.14,181.499,184.667,187.336,189.35,190.709,191.547,192.092,192.583,193.187,193.956,194.861,195.859,196.937,198.098,199.346,200.678,202.09,203.573,205.117,206.706,208.32,209.934,211.521,213.051,214.496,215.83,217.038,218.124,219.121,220.108,221.233,222.755,225.099
35460.0,285.979,274.533,262.972,251.406,239.917,228.623,217.696,207.357,197.862,189.484,182.483,177.078,173.409,171.519,171.324,172.607,175.023,178.139,181.489,184.653,187.324,189.341,190.703,191.545,192.092,192.583,193.187,193.956,194.861,195.859,196.937,198.098,199.345,200.678,202.09,203.573,205.117,206.706,208.32,209.934,211.521,213.051,214.496,215.83,217.038,218.124,219.121,220.108,221.233,222.755,225.099
35520.0,286.289,274.863,263.319,251.767,240.286,228.995,218.062,207.708,198.19,189.78,182.74,177.291,173.576,171.641,171.404,172.651,175.04,178.138,181.478,184.64,187.311,189.332,190.698,191.542,192.091,192.584,193.188,193.956,194.861,195.859,196.937,198.098,199.345,200.678,202.09,203.573,205.117,206.706,208.32,209.934,211.521,213.051,214.496,215.83,217.038,218.124,219.121,220.108,221.233,222.755,225.099
35580.0,286.597,275.19,263.664,252.126,240.654,229.364,218.426,208.058,198.517,190.076,182.997,177.504,173.743,171.762,171.484,172.696,175.058,178.138,181.468,184.626,187.299,189.323,190.692,191.54,192.091,192.584,193.188,193.957,194.86,195.859,196.936,198.098,199.345,200.678,202.09,203.573,205.117,206.706,208.32,209.934,211.521,213.051,214.496,215.83,217.038,218.124,219.121,220.108,221.233,222.755,225.099
35640.0,286.903,275.515,264.006,252.482,241.019,229.732,218.789,208.408,198.843,190.371,183.254,177.717,173.911,171.885,171.565,172.741,175.076,178.138,181.458,184.613,187.287,189.314,190.686,191.537,192.09,192.584,193.188,193.957,194.86,195.858,196.936,198.098,199.345,200.678,202.09,203.573,205.117,206.706,208.32,209.934,211.521,213.051,214.496,215.83,217.038,218.124,219.121,220.108,221.233,222.755,225.099
35700.0,287.205,275.837,264.346,252.836,241.382,230.098,219.15,208.756,199.169,190.666,183.511,177.931,174.079,172.007,171.646,172.787,175.095,178.138,181.448,184.6,187.275,189.304,190.681,191.535,192.089,192.584,193.188,193.957,194.86,195.858,196.936,198.098,199.345,200.678,202.089,203.573,205.117,206.706,208.32,209.934,211.521,213.051,214.496,215.83,217.038,218.124,219.121,220.108,221.233,222.755,225.099
35760.0,287.505,276.156,264.683,253.188,241.743,230.462,219.51,209.102,199.494,190.96,183.768,178.144,174.247,172.131,171.727,172.833,175.114,178.138,181.439,184.587,187.262,189.295,190.675,191.532,192.089,192.584,193.189,193.957,194.86,195.858,196.936,198.098,199.345,200.677,202.089,203.573,205.117,206.706,208.32,209.934,211.521,213.051,214.496,215.83,217.038,218.124,219.121,220.108,221.233,222.755,225.099
35820.0,287.802,276.473,265.018,253.537,242.102,230.825,219.868,209.448,199.818,191.254,184.024,178.358,174.415,172.254,171.809,172.88,175.133,178.139,181.429,184.574,187.25,189.286,190.67,191.529,192.088,192.585,193.189,193.957,194.86,195.858,196.936,198.098,199.345,200.677,202.089,203.573,205.117,206.706,208.319,209.934,211.521,213.051,214.496,215.83,217.038,218.124,219.121,220.108,221.233,222.755,225.099
35880.0,288.096,276.787,265.35,253.884,242.459,231.185,220.225,209.792,200.141,191.548,184.28,178.572,174.584,172.378,171.892,172.927,175.153,178.14,181.42,184.561,187.238,189.277,190.664,191.527,192.087,192.585,193.189,193.957,194.86,195.858,196.936,198.098,199.345,200.677,202.089,203.573,205.117,206.706,208.319,209.934,211.521,213.051,214.496,215.83,217.038,218.124,219.121,220.108,221.233,222.755,225.099
35940.0,288.388,277.099,265.68,254.228,242.813,231.543,220.58,210.136,200.464,191.841,184.537,178.786,174.753,172.503,171.975,172.974,175.172,178.141,181.41,184.548,187.226,189.268,190.658,191.524,192.087,192.585,193.19,193.957,194.86,195.858,196.936,198.097,199.345,200.677,202.089,203.573,205.117,206.706,208.319,209.934,211.521,213.051,214.496,215.83,217.038,218.124,219.121,220.108,221.234,222.755,225.099
36000.0,288.677,277.408,266.007,254.57,243.166,231.9,220.933,210.477,200.785,192.133,184.793,179.0,174.923,172.628,172.059,173.022,175.193,178.142,181.401,184.535,187.214,189.258,190.653,191.521,192.086,192.585,193.19,193.957,194.86,195.858,196.936,198.097,199.345,200.677,202.089,203.573,205.117,206.706,208.319,209.934,211.521,213.051,214.496,215.83,217.038,218.124,219.121,220.108,221.234,222.755,225.099
36060.0,288.964,277.714,266.332,254.91,243.516,232.255,221.285,210.818,201.106,192.425,185.049,179.215,175.093,172.753,172.143,173.071,175.214,178.144,181.392,184.522,187.201,189.249,190.647,191.519,192.085,192.585,193.19,193.957,194.86,195.858,196.936,198.097,199.345,200.677,202.089,203.573,205.117,206.706,208.319,209.934,211.521,213.051,214.496,215.83,217.038,218.124,219.121,220.108,221.234,222.755,225.099
36120.0,289.247,278.018,266.654,255.248,243.864,232.608,221.636,211.158,201.426,192.717,185.305,179.429,175.263,172.879,172.227,173.12,175.235,178.146,181.384,184.509,187.189,189.24,190.641,191.516,192.085,192.585,193.19,193.957,194.86,195.858,196.936,198.097,199.345,200.677,202.089,203.573,205.117,206.706,208.319,209.933,211.521,213.051,214.496,215.83,217.038,218.124,219.121,220.108,221.234,222.755,225.099
36180.0,289.528,278.319,266.974,255.583,244.21,232.959,221.984,211.496,201.745,193.008,185.56,179.644,175.433,173.005,172.312,173.169,175.256,178.148,181.375,184.497,187.177,189.231,190.636,191.513,192.084,192.586,193.191,193.958,194.86,195.858,196.936,198.097,199.345,200.677,202.089,203.573,205.117,206.706,208.319,209.933,211.521,213.051,214.496,215.83,217.038,218.124,219.121,220.108,221.234,222.755,225.099
36240.0,289.807,278.618,267.291,255.916,244.554,233.308,222.332,211.833,202.063,193.299,185.816,179.859,175.604,173.132,172.397,173.219,175.278,178.151,181.367,184.484,187.165,189.222,190.63,191.511,192.083,192.586,193.191,193.958,194.86,195.858,196.936,198.097,199.345,200.677,202.089,203.573,205.117,206.706,208.319,209.933,211.521,213.051,214.496,215.83,217.038,218.124,219.121,220.108,221.234,222.755,225.099
36300.0,290.082,278.914,267.606,256.246,244.896,233.655,222.677,212.169,202.381,193.589,186.071,180.073,175.775,173.259,172.483,173.269,175.3,178.154,181.358,184.472,187.153,189.213,190.624,191.508,192.082,192.586,193.191,193.958,194.86,195.858,196.936,198.097,199.345,200.677,202.089,203.573,205.117,206.706,208.319,209.933,211.521,213.051,214.496,215.83,217.038,218.124,219.121,220.108,221.234,222.755,225.099
36360.0,290.356,279.207,267.919,256.574,245.235,234.0,223.021,212.504,202.697,193.878,186.326,180.288,175.946,173.386,172.57,173.32,175.322,178.157,181.35,184.46,187.141,189.203,190.618,191.505,192.082,192.586,193.192,193.958,194.86,195.858,196.936,198.097,199.345,200.677,202.089,203.573,205.117,206.706,208.319,209.933,211.521,213.051,214.496,215.83,217.038,218.124,219.121,220.108,221.234,222.755,225.099
36420.0,290.626,279.498,268.229,256.9,245.573,234.344,223.364,212.837,203.013,194.167,186.581,180.503,176.118,173.514,172.656,173.371,175.345,178.16,181.343,184.447,187.129,189.194,190.613,191.503,192.081,192.586,193.192,193.958,194.86,195.858,196.936,198.097,199.345,200.677,202.089,203.573,205.117,206.706,208.319,209.933,211.521,213.051,214.496,215.83,217.038,218.124,219.121,220.108,221.234,222.755,225.099
36480.0,290.894,279.787,268.536,257.224,245.908,234.685,223.705,213.169,203.327,194.456,186.836,180.718,176.29,173.642,172.743,173.422,175.369,178.163,181.335,184.435,187.117,189.185,190.607,191.5,192.08,192.586,193.192,193.958,194.86,195.858,196.936,198.097,199.345,200.677,202.089,203.573,205.117,206.706,208.319,209.933,211.52,213.051,214.496,215.83,217.038,218.124,219.121,220.108,221.234,222.755,225.099
36540.0,291.159,280.073,268.841,257.545,246.241,235.025,224.044,213.5,203.641,194.744,187.091,180.933,176.462,173.771,172.831,173.474,175.392,178.167,181.327,184.423,187.106,189.176,190.601,191.497,192.079,192.587,193.192,193.958,194.86,195.858,196.936,198.097,199.345,200.677,202.089,203.573,205.117,206.706,208.319,209.933,211.52,213.051,214.496,215.83,217.038,218.124,219.121,220.108,221.234,222.755,225.099
36600.0,291.422,280.356,269.144,257.864,246.572,235.363,224.382,213.83,203.954,195.032,187.345,181.148,176.634,173.9,172.919,173.526,175.416,178.171,181.32,184.411,187.094,189.167,190.596,191.494,192.079,192.587,193.193,193.958,194.86,195.857,196.936,198.097,199.345,200.677,202.089,203.573,205.117,206.705,208.319,209.933,211.52,213.051,214.496,215.83,217.038,218.124,219.121,220.108,221.234,222.755,225.099
36660.0,291.682,280.637,269.444,258.181,246.901,235.699,224.718,214.158,204.266,195.319,187.599,181.364,176.807,174.029,173.008,173.579,175.44,178.176,181.313,184.399,187.082,189.158,190.59,191.492,192.078,192.587,193.193,193.958,194.86,195.857,196.935,198.097,199.344,200.677,202.089,203.573,205.117,206.705,208.319,209.933,211.52,213.051,214.496,215.83,217.038,218.124,219.121,220.108,221.234,222.755,225.099
36720.0,291.94,280.915,269.742,258.495,247.228,236.033,225.052,214.485,204.577,195.605,187.853,181.579,176.98,174.159,173.097,173.632,175.465,178.18,181.305,184.387,187.07,189.149,190.584,191.489,192.077,192.587,193.193,193.959,194.86,195.857,196.935,198.097,199.344,200.677,202.089,203.573,205.117,206.705,208.319,209.933,211.52,213.051,214.496,215.83,217.038,218.124,219.121,220.108,221.234,222.755,225.099
36780.0,292.195,281.191,270.037,258.807,247.553,236.365,225.385,214.811,204.887,195.891,188.106,181.794,177.153,174.289,173.186,173.686,175.49,178.185,181.299,184.376,187.058,189.139,190.578,191.486,192.076,192.587,193.193,193.959,194.86,195.857,196.935,198.097,199.344,200.677,202.089,203.572,205.117,206.705,208.319,209.933,211.52,213.051,214.496,215.83,217.038,218.124,219.121,220.108,221.234,222.755,225.099
36840.0,292.447,281.464,270.33,259.117,247.876,236.695,225.717,215.136,205.196,196.176,188.36,182.009,177.327,174.42,173.276,173.74,175.516,178.19,181.292,184.364,187.047,189.13,190.573,191.483,192.076,192.587,193.194,193.959,194.86,195.857,196.935,198.097,199.344,200.677,202.089,203.572,205.117,206.705,208.319,209.933,211.52,213.051,214.496,215.829,217.038,218.124,219.121,220.108,221.234,222.755,225.099
36900.0,292.697,281.735,270.621,259.425,248.196,237.024,226.046,215.459,205.505,196.461,188.613,182.225,177.5,174.551,173.366,173.794,175.541,178.196,181.285,184.352,187.035,189.121,190.567,191.481,192.075,192.587,193.194,193.959,194.86,195.857,196.935,198.097,199.344,200.677,202.089,203.572,205.116,206.705,208.319,209.933,211.52,213.051,214.496,215.829,217.038,218.124,219.121,220.108,221.234,222.755,225.099
36960.0,292.944,282.003,270.909,259.73,248.515,237.35,226.374,215.781,205.812,196.745,188.866,182.44,177.674,174.682,173.457,173.849,175.567,178.202,181.279,184.341,187.023,189.112,190.561,191.478,192.074,192.588,193.194,193.959,194.86,195.857,196.935,198.097,199.344,200.677,202.089,203.572,205.116,206.705,208.319,209.933,211.52,213.051,214.496,215.829,217.038,218.124,219.121,220.108,221.234,222.755,225.099
37020.0,293.189,282.269,271.194,260.033,248.831,237.675,226.701,216.102,206.119,197.028,189.118,182.655,177.848,174.814,173.548,173.904,175.594,178.208,181.273,184.33,187.012,189.103,190.555,191.475,192.073,192.588,193.194,193.959,194.86,195.857,196.935,198.097,199.344,200.676,202.088,203.572,205.116,206.705,208.319,209.933,211.52,213.051,214.496,215.829,217.038,218.124,219.121,220.108,221.234,222.755,225.099
37080.0,293.431,282.532,271.478,260.333,249.145,237.998,227.026,216.421,206.424,197.311,189.371,182.871,178.022,174.946,173.639,173.96,175.621,178.214,181.267,184.318,187.0,189.094,190.55,191.472,192.072,192.588,193.195,193.959,194.86,195.857,196.935,198.096,199.344,200.676,202.088,203.572,205.116,206.705,208.319,209.933,211.52,213.051,214.496,215.829,217.038,218.124,219.121,220.108,221.234,222.755,225.099
37140.0,293.67,282.793,271.759,260.632,249.458,238.318,227.349,216.739,206.729,197.593,189.623,183.086,178.197,175.078,173.731,174.016,175.648,178.22,181.261,184.307,186.989,189.085,190.544,191.469,192.072,192.588,193.195,193.959,194.86,195.857,196.935,198.096,199.344,200.676,202.088,203.572,205.116,206.705,208.319,209.933,211.52,213.051,214.495,215.829,217.038,218.124,219.121,220.108,221.234,222.755,225.099
37200.0,293.908,283.051,272.037,260.928,249.768,238.637,227.671,217.056,207.032,197.875,189.875,183.301,178.372,175.211,173.824,174.073,175.675,178.227,181.255,184.296,186.977,189.076,190.538,191.467,192.071,192.588,193.195,193.959,194.86,195.857,196.935,198.096,199.344,200.676,202.088,203.572,205.116,206.705,208.319,209.933,211.52,213.051,214.495,215.829,217.038,218.124,219.121,220.108,221.234,222.755,225.099
37260.0,294.142,283.307,272.313,261.222,250.076,238.955,227.991,217.372,207.335,198.156,190.126,183.517,178.547,175.344,173.917,174.13,175.703,178.234,181.249,184.285,186.966,189.067,190.532,191.464,192.07,192.588,193.196,193.959,194.86,195.857,196.935,198.096,199.344,200.676,202.088,203.572,205.116,206.705,208.319,209.933,211.52,213.051,214.495,215.829,217.038,218.124,219.121,220.108,221.234,222.755,225.099
37320.0,294.374,283.56,272.587,261.514,250.382,239.27,228.309,217.686,207.636,198.437,190.377,183.732,178.722,175.477,174.01,174.187,175.731,178.241,181.244,184.274,186.955,189.057,190.526,191.461,192.069,192.588,193.196,193.96,194.86,195.857,196.935,198.096,199.344,200.676,202.088,203.572,205.116,206.705,208.319,209.933,211.52,213.051,214.495,215.829,217.038,218.124,219.121,220.108,221.234,222.755,225.099
37380.0,294.604,283.811,272.859,261.803,250.685,239.583,228.626,217.999,207.937,198.716,190.628,183.947,178.897,175.611,174.103,174.245,175.76,178.249,181.239,184.263,186.943,189.048,190.521,191.458,192.068,192.588,193.196,193.96,194.86,195.857,196.935,198.096,199.344,200.676,202.088,203.572,205.116,206.705,208.319,209.933,211.52,213.051,214.495,215.829,217.038,218.124,219.121,220.108,221.234,222.755,225.099
37440.0,294.831,284.06,273.128,262.09,250.987,239.895,228.941,218.31,208.237,198.996,190.879,184.163,179.073,175.745,174.197,174.303,175.789,178.257,181.234,184.253,186.932,189.039,190.515,191.455,192.068,192.588,193.196,193.96,194.86,195.857,196.935,198.096,199.344,200.676,202.088,203.572,205.116,206.705,208.319,209.933,211.52,213.051,214.495,215.829,217.038,218.124,219.121,220.108,221.234,222.755,225.099
37500.0,295.055,284.306,273.395,262.375,251.287,240.204,229.255,218.621,208.535,199.274,191.129,184.378,179.248,175.88,174.292,174.361,175.818,178.265,181.229,184.242,186.921,189.03,190.509,191.452,192.067,192.588,193.197,193.96,194.86,195.857,196.935,198.096,199.344,200.676,202.088,203.572,205.116,206.705,208.319,209.933,211.52,213.051,214.495,215.829,217.038,218.124,219.121,220.108,221.234,222.755,225.099
37560.0,295.277,284.55,273.659,262.658,251.584,240.512,229.567,218.93,208.833,199.552,191.379,184.593,179.424,176.014,174.386,174.42,175.848,178.273,181.224,184.231,186.909,189.021,190.503,191.45,192.066,192.589,193.197,193.96,194.86,195.856,196.935,198.096,199.344,200.676,202.088,203.572,205.116,206.705,208.318,209.933,211.52,213.051,214.495,215.829,217.038,218.124,219.121,220.108,221.234,222.755,225.099
37620.0,295.497,284.791,273.921,262.939,251.88,240.818,229.877,219.237,209.13,199.829,191.628,184.808,179.6,176.149,174.481,174.479,175.878,178.282,181.22,184.221,186.898,189.012,190.497,191.447,192.065,192.589,193.197,193.96,194.86,195.856,196.935,198.096,199.344,200.676,202.088,203.572,205.116,206.705,208.318,209.933,211.52,213.051,214.495,215.829,217.038,218.124,219.121,220.108,221.234,222.755,225.099
37680.0,295.714,285.03,274.181,263.217,252.173,241.122,230.186,219.543,209.426,200.106,191.878,185.023,179.776,176.285,174.577,174.539,175.908,178.291,181.216,184.211,186.887,189.003,190.491,191.444,192.064,192.589,193.197,193.96,194.86,195.856,196.934,198.096,199.344,200.676,202.088,203.572,205.116,206.705,208.318,209.933,211.52,213.051,214.495,215.829,217.038,218.124,219.121,220.108,221.234,222.755,225.099
37740.0,295.928,285.266,274.438,263.493,252.465,241.424,230.493,219.848,209.72,200.382,192.126,185.238,179.953,176.42,174.673,174.599,175.939,178.3,181.212,184.2,186.876,188.994,190.486,191.441,192.063,192.589,193.198,193.96,194.86,195.856,196.934,198.096,199.344,200.676,202.088,203.572,205.116,206.705,208.318,209.933,211.52,213.051,214.495,215.829,217.038,218.124,219.121,220.108,221.234,222.755,225.099
37800.0,296.14,285.5,274.693,263.767,252.754,241.725,230.799,220.152,210.014,200.657,192.375,185.453,180.129,176.556,174.769,174.66,175.97,178.309,181.208,184.19,186.865,188.985,190.48,191.438,192.062,192.589,193.198,193.96,194.859,195.856,196.934,198.096,199.344,200.676,202.088,203.572,205.116,206.705,208.318,209.933,211.52,213.051,214.495,215.829,217.038,218.124,219.121,220.108,221.234,222.755,225.099
37860.0,296.35,285.732,274.946,264.038,253.041,242.023,231.103,220.454,210.307,200.931,192.623,185.668,180.306,176.692,174.866,174.721,176.001,178.319,181.204,184.18,186.854,188.976,190.474,191.435,192.061,192.589,193.198,193.961,194.859,195.856,196.934,198.096,199.344,200.676,202.088,203.572,205.116,206.705,208.318,209.933,211.52,213.051,214.495,215.829,217.038,218.124,219.121,220.108,221.234,222.755,225.099
37920.0,296.557,285.961,275.196,264.308,253.326,242.32,231.405,220.755,210.598,201.205,192.871,185.883,180.482,176.829,174.963,174.782,176.033,178.329,181.2,184.17,186.843,188.967,190.468,191.432,192.061,192.589,193.198,193.961,194.859,195.856,196.934,198.096,199.343,200.676,202.088,203.572,205.116,206.705,208.318,209.933,211.52,213.05,214.495,215.829,217.038,218.124,219.121,220.108,221.234,222.755,225.099
37980.0,296.762,286.188,275.444,264.575,253.61,242.614,231.705,221.055,210.889,201.478,193.118,186.097,180.659,176.966,175.06,174.844,176.065,178.339,181.197,184.16,186.832,188.958,190.462,191.429,192.06,192.589,193.199,193.961,194.859,195.856,196.934,198.096,199.343,200.676,202.088,203.572,205.116,206.705,208.318,209.933,211.52,213.05,214.495,215.829,217.038,218.124,219.121,220.108,221.234,222.755,225.099
38040.0,296.964,286.412,275.69,264.84,253.891,242.907,232.004,221.353,211.178,201.751,193.365,186.312,180.836,177.103,175.158,174.906,176.097,178.35,181.194,184.151,186.821,188.949,190.456,191.426,192.059,192.589,193.199,193.961,194.859,195.856,196.934,198.096,199.343,200.676,202.088,203.572,205.116,206.705,208.318,209.932,211.52,213.05,214.495,215.829,217.038,218.124,219.121,220.108,221.234,222.756,225.099
38100.0,297.164,286.634,275.933,265.103,254.17,243.198,232.302,221.65,211.467,202.022,193.612,186.526,181.013,177.24,175.256,174.968,176.13,178.361,181.19,184.141,186.81,188.94,190.45,191.423,192.058,192.589,193.199,193.961,194.859,195.856,196.934,198.096,199.343,200.676,202.088,203.572,205.116,206.705,208.318,209.932,211.52,213.05,214.495,215.829,217.038,218.124,219.121,220.108,221.234,222.756,225.099
38160.0,297.361,286.853,276.175,265.363,254.446,243.487,232.597,221.945,211.754,202.293,193.858,186.741,181.191,177.378,175.354,175.031,176.163,178.372,181.188,184.131,186.799,188.931,190.445,191.42,192.057,192.589,193.199,193.961,194.859,195.856,196.934,198.096,199.343,200.676,202.088,203.571,205.116,206.705,208.318,209.932,211.52,213.05,214.495,215.829,217.038,218.124,219.121,220.108,221.234,222.756,225.099
38220.0,297.556,287.071,276.413,265.622,254.721,243.774,232.891,222.24,212.041,202.564,194.104,186.955,181.368,177.516,175.453,175.094,176.197,178.383,181.185,184.122,186.788,188.922,190.439,191.417,192.056,192.589,193.2,193.961,194.859,195.856,196.934,198.096,199.343,200.676,202.088,203.571,205.116,206.704,208.318,209.932,211.52,213.05,214.495,215.829,217.038,218.124,219.121,220.108,221.234,222.756,225.099
38280.0,297.748,287.286,276.65,265.878,254.994,244.06,233.184,222.532,212.326,202.833,194.349,187.169,181.545,177.654,175.552,175.157,176.23,178.394,181.182,184.113,186.778,188.913,190.433,191.414,192.055,192.589,193.2,193.961,194.859,195.856,196.934,198.095,199.343,200.675,202.088,203.571,205.116,206.704,208.318,209.932,211.52,213.05,214.495,215.829,217.038,218.124,219.121,220.108,221.234,222.756,225.099
38340.0,297.939,287.498,276.884,266.132,255.265,244.343,233.475,222.824,212.61,203.102,194.594,187.383,181.723,177.792,175.652,175.221,176.264,178.406,181.18,184.103,186.767,188.905,190.427,191.411,192.054,192.589,193.2,193.961,194.859,195.856,196.934,198.095,199.343,200.675,202.087,203.571,205.116,206.704,208.318,209.932,211.52,213.05,214.495,215.829,217.038,218.124,219.121,220.108,221.234,222.756,225.099
38400.0,298.126,287.708,277.116,266.384,255.534,244.625,233.764,223.114,212.894,203.37,194.839,187.597,181.901,177.931,175.752,175.286,176.299,178.418,181.178,184.094,186.756,188.896,190.421,191.408,192.053,192.589,193.2,193.962,194.859,195.856,196.934,198.095,199.343,200.675,202.087,203.571,205.115,206.704,208.318,209.932,211.52,213.05,214.495,215.829,217.038,218.124,219.121,220.108,221.234,222.756,225.099
38460.0,298.311,287.916,277.346,266.633,255.8,244.904,234.051,223.403,213.176,203.637,195.083,187.81,182.078,178.07,175.852,175.35,176.334,178.431,181.176,184.085,186.746,188.887,190.415,191.405,192.052,192.589,193.2,193.962,194.859,195.856,196.934,198.095,199.343,200.675,202.087,203.571,205.115,206.704,208.318,209.932,211.52,213.05,214.495,215.829,217.038,218.124,219.121,220.108,221.234,222.756,225.099
38520.0,298.494,288.121,277.573,266.881,256.065,245.182,234.337,223.69,213.457,203.904,195.327,188.024,182.256,178.209,175.953,175.415,176.369,178.443,181.174,184.076,186.735,188.878,190.409,191.402,192.051,192.589,193.201,193.962,194.859,195.856,196.934,198.095,199.343,200.675,202.087,203.571,205.115,206.704,208.318,209.932,211.52,213.05,214.495,215.829,217.038,218.124,219.121,220.108,221.234,222.756,225.099
38580.0,298.675,288.324,277.798,267.126,256.328,245.458,234.621,223.976,213.737,204.169,195.57,188.237,182.434,178.348,176.054,175.48,176.404,178.456,181.172,184.067,186.725,188.869,190.403,191.399,192.05,192.59,193.201,193.962,194.859,195.855,196.934,198.095,199.343,200.675,202.087,203.571,205.115,206.704,208.318,209.932,211.52,213.05,214.495,215.829,217.038,218.124,219.121,220.108,221.234,222.756,225.099
38640.0,298.853,288.525,278.021,267.369,256.588,245.732,234.904,224.26,214.016,204.435,195.813,188.45,182.612,178.488,176.155,175.546,176.44,178.469,181.171,184.059,186.714,188.86,190.397,191.396,192.049,192.59,193.201,193.962,194.859,195.855,196.934,198.095,199.343,200.675,202.087,203.571,205.115,206.704,208.318,209.932,211.52,213.05,214.495,215.829,217.037,218.124,219.121,220.108,221.234,222.756,225.099
38700.0,299.028,288.723,278.242,267.61,256.847,246.005,235.185,224.544,214.294,204.699,196.055,188.663,182.79,178.628,176.256,175.612,176.476,178.483,181.17,184.05,186.704,188.851,190.392,191.393,192.048,192.59,193.201,193.962,194.859,195.855,196.934,198.095,199.343,200.675,202.087,203.571,205.115,206.704,208.318,209.932,211.519,213.05,214.495,215.829,217.037,218.124,219.121,220.108,221.234,222.756,225.099
38760.0,299.201,288.919,278.46,267.849,257.103,246.275,235.464,224.825,214.57,204.962,196.297,188.876,182.968,178.768,176.358,175.679,176.512,178.496,181.169,184.042,186.693,188.842,190.386,191.39,192.047,192.59,193.202,193.962,194.859,195.855,196.933,198.095,199.343,200.675,202.087,203.571,205.115,206.704,208.318,209.932,211.519,213.05,214.495,215.829,217.037,218.124,219.121,220.108,221.234,222.756,225.099
38820.0,299.372,289.113,278.676,268.086,257.358,246.544,235.742,225.106,214.846,205.225,196.538,189.089,183.146,178.908,176.46,175.745,176.549,178.51,181.168,184.033,186.683,188.834,190.38,191.387,192.046,192.59,193.202,193.962,194.859,195.855,196.933,198.095,199.343,200.675,202.087,203.571,205.115,206.704,208.318,209.932,211.519,213.05,214.495,215.829,217.037,218.124,219.121,220.108,221.234,222.756,225.099
38880.0,299.541,289.305,278.89,268.32,257.61,246.81,236.018,225.385,215.121,205.487,196.779,189.301,183.324,179.049,176.563,175.813,176.586,178.525,181.167,184.025,186.673,188.825,190.374,191.384,192.045,192.59,193.202,193.962,194.859,195.855,196.933,198.095,199.343,200.675,202.087,203.571,205.115,206.704,208.318,209.932,211.519,213.05,214.495,215.829,217.037,218.124,219.121,220.108,221.234,222.756,225.099
38940.0,299.707,289.494,279.102,268.552,257.861,247.075,236.292,225.662,215.394,205.748,197.02,189.513,183.502,179.189,176.666,175.88,176.623,178.539,181.166,184.017,186.662,188.816,190.368,191.381,192.044,192.59,193.202,193.962,194.859,195.855,196.933,198.095,199.343,200.675,202.087,203.571,205.115,206.704,208.318,209.932,211.519,213.05,214.495,215.829,217.037,218.124,219.121,220.108,221.234,222.756,225.099
39000.0,299.87,289.68,279.311,268.783,258.109,247.338,236.565,225.939,215.667,206.008,197.26,189.725,183.681,179.33,176.769,175.948,176.661,178.554,181.166,184.009,186.652,188.807,190.362,191.378,192.043,192.59,193.203,193.963,194.859,195.855,196.933,198.095,199.343,200.675,202.087,203.571,205.115,206.704,208.318,209.932,211.519,213.05,214.495,215.829,217.037,218.124,219.121,220.108,221.234,222.756,225.099
39060.0,300.032,289.865,279.518,269.011,258.356,247.599,236.836,226.213,215.938,206.268,197.499,189.937,183.859,179.472,176.872,176.016,176.699,178.569,181.166,184.001,186.642,188.798,190.356,191.375,192.042,192.59,193.203,193.963,194.859,195.855,196.933,198.095,199.343,200.675,202.087,203.571,205.115,206.704,208.318,209.932,211.519,213.05,214.495,215.829,217.037,218.124,219.121,220.108,221.234,222.756,225.099
39120.0,300.19,290.047,279.723,269.237,258.6,247.859,237.105,226.487,216.208,206.526,197.738,190.149,184.037,179.613,176.976,176.085,176.737,178.584,181.166,183.993,186.632,188.79,190.35,191.372,192.041,192.59,193.203,193.963,194.859,195.855,196.933,198.095,199.342,200.675,202.087,203.571,205.115,206.704,208.318,209.932,211.519,213.05,214.495,215.829,217.037,218.124,219.121,220.108,221.234,222.756,225.099
39180.0,300.347,290.227,279.926,269.46,258.842,248.116,237.373,226.759,216.477,206.784,197.977,190.36,184.215,179.754,177.08,176.153,176.776,178.6,181.166,183.985,186.622,188.781,190.344,191.369,192.04,192.59,193.203,193.963,194.859,195.855,196.933,198.095,199.342,200.675,202.087,203.571,205.115,206.704,208.318,209.932,211.519,213.05,214.495,215.829,217.037,218.124,219.121,220.108,221.234,222.756,225.099
39240.0,300.501,290.404,280.126,269.682,259.083,248.372,237.639,227.029,216.745,207.041,198.215,190.571,184.394,179.896,177.184,176.223,176.815,178.615,181.167,183.977,186.612,188.772,190.338,191.366,192.039,192.59,193.203,193.963,194.859,195.855,196.933,198.095,199.342,200.675,202.087,203.571,205.115,206.704,208.318,209.932,211.519,213.05,214.495,215.829,217.037,218.124,219.121,220.108,221.234,222.756,225.099
39300.0,300.653,290.579,280.324,269.901,259.321,248.625,237.904,227.299,217.012,207.298,198.452,190.782,184.572,180.038,177.289,176.292,176.854,178.631,181.167,183.97,186.602,188.764,190.332,191.363,192.038,192.59,193.204,193.963,194.859,195.855,196.933,198.095,199.342,200.675,202.087,203.571,205.115,206.704,208.318,209.932,211.519,213.05,214.495,215.829,217.037,218.124,219.121,220.108,221.234,222.756,225.099
39360.0,300.802,290.752,280.52,270.119,259.557,248.877,238.166,227.566,217.277,207.553,198.689,190.993,184.75,180.18,177.394,176.362,176.894,178.648,181.168,183.962,186.592,188.755,190.326,191.36,192.037,192.59,193.204,193.963,194.859,195.855,196.933,198.095,199.342,200.675,202.087,203.571,205.115,206.704,208.317,209.932,211.519,213.05,214.495,215.829,217.037,218.124,219.121,220.108,221.234,222.756,225.099
39420.0,300.95,290.923,280.714,270.334,259.792,249.127,238.427,227.833,217.542,207.808,198.925,191.203,184.929,180.322,177.499,176.432,176.934,178.664,181.169,183.955,186.582,188.746,190.32,191.357,192.036,192.589,193.204,193.963,194.859,195.855,196.933,198.094,199.342,200.675,202.087,203.571,205.115,206.704,208.317,209.932,211.519,213.05,214.495,215.829,217.037,218.124,219.121,220.108,221.234,222.756,225.099
39480.0,301.094,291.091,280.905,270.547,260.024,249.375,238.687,228.098,217.805,208.061,199.161,191.414,185.107,180.465,177.605,176.503,176.974,178.681,181.17,183.948,186.573,188.738,190.315,191.353,192.035,192.589,193.204,193.963,194.859,195.855,196.933,198.094,199.342,200.675,202.087,203.571,205.115,206.704,208.317,209.932,211.519,213.05,214.495,215.829,217.037,218.124,219.121,220.108,221.234,222.756,225.099
39540.0,301.237,291.257,281.095,270.758,260.254,249.622,238.945,228.361,218.067,208.314,199.396,191.624,185.285,180.608,177.711,176.574,177.015,178.698,181.171,183.941,186.563,188.729,190.309,191.35,192.034,192.589,193.205,193.964,194.859,195.855,196.933,198.094,199.342,200.674,202.087,203.571,205.115,206.704,208.317,209.932,211.519,213.05,214.495,215.829,217.037,218.124,219.121,220.108,221.234,222.756,225.099
39600.0,301.377,291.421,281.282,270.967,260.483,249.866,239.201,228.623,218.328,208.566,199.631,191.833,185.464,180.75,177.817,176.645,177.056,178.716,181.173,183.934,186.553,188.72,190.303,191.347,192.033,192.589,193.205,193.964,194.859,195.854,196.933,198.094,199.342,200.674,202.087,203.57,205.115,206.704,208.317,209.932,211.519,213.05,214.495,215.829,217.037,218.124,219.121,220.108,221.234,222.756,225.099
39660.0,301.515,291.583,281.467,271.174,260.709,250.109,239.455,228.884,218.588,208.818,199.865,192.043,185.642,180.893,177.923,176.716,177.097,178.733,181.174,183.927,186.544,188.712,190.297,191.344,192.032,192.589,193.205,193.964,194.859,195.854,196.933,198.094,199.342,200.674,202.086,203.57,205.115,206.704,208.317,209.932,211.519,213.05,214.495,215.829,217.037,218.124,219.121,220.108,221.234,222.756,225.099
39720.0,301.65,291.742,281.649,271.379,260.933,250.35,239.708,229.143,218.847,209.068,200.099,192.252,185.82,181.036,178.03,176.788,177.139,178.751,181.176,183.92,186.534,188.703,190.291,191.341,192.031,192.589,193.205,193.964,194.859,195.854,196.933,198.094,199.342,200.674,202.086,203.57,205.115,206.704,208.317,209.932,211.519,213.05,214.495,215.829,217.037,218.124,219.121,220.108,221.234,222.756,225.099
39780.0,301.783,291.899,281.83,271.581,261.156,250.589,239.959,229.401,219.104,209.317,200.332,192.461,185.998,181.18,178.136,176.86,177.18,178.769,181.178,183.913,186.525,188.694,190.285,191.338,192.029,192.589,193.205,193.964,194.859,195.854,196.932,198.094,199.342,200.674,202.086,203.57,205.115,206.704,208.317,209.932,211.519,213.05,214.495,215.829,217.037,218.124,219.121,220.108,221.234,222.756,225.099
39840.0,301.914,292.054,282.008,271.782,261.376,250.826,240.209,229.658,219.361,209.566,200.565,192.669,186.176,181.323,178.244,176.933,177.222,178.787,181.181,183.907,186.515,188.686,190.279,191.335,192.028,192.589,193.206,193.964,194.859,195.854,196.932,198.094,199.342,200.674,202.086,203.57,205.115,206.703,208.317,209.932,211.519,213.05,214.495,215.829,217.037,218.124,219.121,220.108,221.234,222.756,225.099
39900.0,302.042,292.206,282.184,271.98,261.594,251.061,240.457,229.912,219.616,209.814,200.797,192.878,186.354,181.467,178.351,177.005,177.265,178.806,181.183,183.9,186.506,188.677,190.273,191.331,192.027,192.589,193.206,193.964,194.859,195.854,196.932,198.094,199.342,200.674,202.086,203.57,205.114,206.703,208.317,209.932,211.519,213.05,214.495,215.829,217.037,218.124,219.121,220.108,221.234,222.756,225.099
39960.0,302.169,292.356,282.358,272.176,261.811,251.294,240.703,230.166,219.87,210.061,201.028,193.086,186.532,181.61,178.459,177.078,177.308,178.825,181.186,183.894,186.496,188.669,190.267,191.328,192.026,192.589,193.206,193.964,194.859,195.854,196.932,198.094,199.342,200.674,202.086,203.57,205.114,206.703,208.317,209.932,211.519,213.05,214.495,215.829,217.037,218.124,219.121,220.108,221.234,222.756,225.099
40020.0,302.292,292.504,282.53,272.37,262.025,251.526,240.948,230.418,220.123,210.306,201.259,193.293,186.71,181.754,178.567,177.152,177.351,178.844,181.189,183.888,186.487,188.66,190.261,191.325,192.025,192.589,193.206,193.964,194.859,195.854,196.932,198.094,199.342,200.674,202.086,203.57,205.114,206.703,208.317,209.931,211.519,213.05,214.495,215.829,217.037,218.124,219.121,220.108,221.234,222.756,225.099
40080.0,302.414,292.65,282.7,272.562,262.238,251.756,241.191,230.669,220.375,210.552,201.489,193.501,186.888,181.898,178.675,177.225,177.394,178.864,181.191,183.882,186.478,188.652,190.255,191.322,192.024,192.589,193.206,193.965,194.859,195.854,196.932,198.094,199.342,200.674,202.086,203.57,205.114,206.703,208.317,209.931,211.519,213.05,214.495,215.829,217.037,218.124,219.121,220.108,221.234,222.756,225.099
40140.0,302.533,292.793,282.867,272.752,262.448,251.984,241.432,230.918,220.625,210.796,201.718,193.708,187.066,182.042,178.783,177.299,177.438,178.883,181.195,183.876,186.469,188.643,190.249,191.319,192.023,192.589,193.207,193.965,194.859,195.854,196.932,198.094,199.342,200.674,202.086,203.57,205.114,206.703,208.317,209.931,211.519,213.05,214.495,215.829,217.037,218.124,219.121,220.108,221.234,222.756,225.099
40200.0,302.65,292.934,283.032,272.94,262.657,252.21,241.672,231.166,220.875,211.039,201.947,193.914,187.244,182.186,178.892,177.374,177.482,178.903,181.198,183.87,186.46,188.635,190.243,191.315,192.022,192.589,193.207,193.965,194.859,195.854,196.932,198.094,199.342,200.674,202.086,203.57,205.114,206.703,208.317,209.931,211.519,213.05,214.495,215.829,217.037,218.124,219.121,220.108,221.234,222.756,225.099
40260.0,302.765,293.073,283.195,273.126,262.863,252.434,241.91,231.412,221.123,211.281,202.176,194.121,187.422,182.33,179.001,177.448,177.526,178.923,181.202,183.864,186.45,188.626,190.237,191.312,192.02,192.589,193.207,193.965,194.859,195.854,196.932,198.094,199.342,200.674,202.086,203.57,205.114,206.703,208.317,209.931,211.519,213.05,214.494,215.829,217.037,218.124,219.121,220.108,221.234,222.756,225.099
40320.0,302.877,293.21,283.356,273.31,263.068,252.656,242.146,231.657,221.37,211.523,202.404,194.327,187.599,182.475,179.11,177.523,177.571,178.944,181.205,183.858,186.441,188.618,190.231,191.309,192.019,192.589,193.207,193.965,194.859,195.854,196.932,198.094,199.341,200.674,202.086,203.57,205.114,206.703,208.317,209.931,211.519,213.05,214.494,215.829,217.037,218.124,219.121,220.108,221.234,222.756,225.099
40380.0,302.987,293.344,283.515,273.491,263.27,252.877,242.38,231.901,221.616,211.763,202.631,194.533,187.777,182.619,179.219,177.598,177.615,178.964,181.209,183.853,186.433,188.61,190.225,191.306,192.018,192.589,193.207,193.965,194.859,195.854,196.932,198.094,199.341,200.674,202.086,203.57,205.114,206.703,208.317,209.931,211.519,213.05,214.494,215.829,217.037,218.124,219.121,220.108,221.234,222.756,225.099
40440.0,303.094,293.477,283.671,273.671,263.471,253.096,242.613,232.143,221.86,212.003,202.857,194.738,187.954,182.764,179.329,177.674,177.661,178.985,181.213,183.847,186.424,188.601,190.219,191.303,192.017,192.588,193.208,193.965,194.859,195.854,196.932,198.094,199.341,200.674,202.086,203.57,205.114,206.703,208.317,209.931,211.519,213.05,214.494,215.829,217.037,218.124,219.121,220.108,221.234,222.756,225.099
40500.0,303.2,293.607,283.826,273.848,263.669,253.313,242.845,232.383,222.104,212.242,203.083,194.943,188.131,182.908,179.439,177.75,177.706,179.007,181.218,183.842,186.415,188.593,190.213,191.299,192.016,192.588,193.208,193.965,194.859,195.854,196.932,198.094,199.341,200.674,202.086,203.57,205.114,206.703,208.317,209.931,211.519,213.049,214.494,215.829,217.037,218.124,219.121,220.108,221.234,222.756,225.1
40560.0,303.303,293.734,283.978,274.024,263.866,253.528,243.074,232.622,222.346,212.48,203.308,195.148,188.309,183.053,179.549,177.826,177.752,179.028,181.222,183.837,186.406,188.585,190.207,191.296,192.015,192.588,193.208,193.965,194.859,195.854,196.932,198.093,199.341,200.674,202.086,203.57,205.114,206.703,208.317,209.931,211.519,213.049,214.494,215.829,217.037,218.124,219.121,220.108,221.234,222.756,225.1
40620.0,303.404,293.86,284.128,274.197,264.061,253.741,243.302,232.86,222.587,212.716,203.533,195.352,188.486,183.198,179.659,177.902,177.798,179.05,181.227,183.832,186.397,188.576,190.202,191.293,192.013,192.588,193.208,193.966,194.859,195.853,196.932,198.093,199.341,200.674,202.086,203.57,205.114,206.703,208.317,209.931,211.519,213.049,214.494,215.829,217.037,218.124,219.121,220.108,221.234,222.756,225.1
40680.0,303.502,293.983,284.276,274.368,264.253,253.952,243.529,233.096,222.827,212.952,203.757,195.556,188.663,183.343,179.769,177.979,177.844,179.072,181.232,183.827,186.389,188.568,190.196,191.29,192.012,192.588,193.208,193.966,194.859,195.853,196.932,198.093,199.341,200.674,202.086,203.57,205.114,206.703,208.317,209.931,211.519,213.049,214.494,215.829,217.037,218.124,219.121,220.108,221.234,222.756,225.1
40740.0,303.599,294.104,284.422,274.538,264.444,254.162,243.753,233.331,223.065,213.187,203.98,195.76,188.84,183.488,179.88,178.056,177.891,179.094,181.237,183.822,186.38,188.56,190.19,191.286,192.011,192.588,193.209,193.966,194.859,195.853,196.932,198.093,199.341,200.674,202.086,203.57,205.114,206.703,208.317,209.931,211.519,213.049,214.494,215.828,217.037,218.124,219.121,220.108,221.234,222.756,225.1
40800.0,303.693,294.223,284.565,274.705,264.633,254.37,243.976,233.564,223.303,213.421,204.203,195.963,189.016,183.633,179.991,178.133,177.938,179.116,181.242,183.817,186.372,188.551,190.184,191.283,192.01,192.588,193.209,193.966,194.859,195.853,196.932,198.093,199.341,200.673,202.086,203.57,205.114,206.703,208.317,209.931,211.519,213.049,214.494,215.828,217.037,218.124,219.121,220.108,221.234,222.756,225.1
40860.0,303.784,294.34,284.707,274.87,264.82,254.576,244.198,233.796,223.539,213.655,204.425,196.166,189.193,183.778,180.102,178.21,177.985,179.139,181.247,183.813,186.363,188.543,190.178,191.28,192.009,192.588,193.209,193.966,194.859,195.853,196.931,198.093,199.341,200.673,202.086,203.57,205.114,206.703,208.317,209.931,211.519,213.049,214.494,215.828,217.037,218.124,219.121,220.108,221.234,222.756,225.1
40920.0,303.874,294.454,284.846,275.033,265.005,254.78,244.418,234.027,223.774,213.887,204.646,196.368,189.369,183.923,180.213,178.288,178.032,179.162,181.253,183.808,186.355,188.535,190.172,191.277,192.007,192.588,193.209,193.966,194.859,195.853,196.931,198.093,199.341,200.673,202.086,203.57,205.114,206.703,208.317,209.931,211.518,213.049,214.494,215.828,217.037,218.124,219.121,220.108,221.234,222.756,225.1
40980.0,303.961,294.567,284.983,275.194,265.188,254.982,244.636,234.256,224.008,214.118,204.867,196.57,189.546,184.069,180.325,178.366,178.08,179.185,181.259,183.804,186.346,188.527,190.166,191.273,192.006,192.588,193.209,193.966,194.859,195.853,196.931,198.093,199.341,200.673,202.085,203.569,205.114,206.703,208.317,209.931,211.518,213.049,214.494,215.828,217.037,218.124,219.121,220.108,221.234,222.756,225.1
41040.0,304.046,294.677,285.118,275.353,265.369,255.183,244.852,234.483,224.24,214.348,205.087,196.772,189.722,184.214,180.436,178.444,178.128,179.209,181.265,183.8,186.338,188.519,190.16,191.27,192.005,192.587,193.21,193.966,194.859,195.853,196.931,198.093,199.341,200.673,202.085,203.569,205.114,206.703,208.317,209.931,211.518,213.049,214.494,215.828,217.037,218.124,219.121,220.108,221.234,222.756,225.1
41100.0,304.128,294.784,285.251,275.51,265.548,255.381,245.067,234.709,224.471,214.577,205.306,196.973,189.898,184.359,180.548,178.523,178.176,179.232,181.271,183.796,186.33,188.51,190.154,191.267,192.004,192.587,193.21,193.966,194.859,195.853,196.931,198.093,199.341,200.673,202.085,203.569,205.114,206.703,208.316,209.931,211.518,213.049,214.494,215.828,217.037,218.124,219.121,220.108,221.234,222.756,225.1
41160.0,304.209,294.89,285.382,275.665,265.725,255.578,245.28,234.934,224.702,214.806,205.525,197.174,190.074,184.505,180.66,178.601,178.225,179.256,181.277,183.792,186.322,188.502,190.148,191.263,192.002,192.587,193.21,193.966,194.859,195.853,196.931,198.093,199.341,200.673,202.085,203.569,205.114,206.703,208.316,209.931,211.518,213.049,214.494,215.828,217.037,218.124,219.121,220.108,221.234,222.756,225.1
41220.0,304.287,294.994,285.511,275.818,265.9,255.773,245.491,235.157,224.93,215.033,205.743,197.375,190.249,184.65,180.773,178.68,178.274,179.28,181.284,183.788,186.313,188.494,190.142,191.26,192.001,192.587,193.21,193.967,194.859,195.853,196.931,198.093,199.341,200.673,202.085,203.569,205.114,206.703,208.316,209.931,211.518,213.049,214.494,215.828,217.037,218.124,219.121,220.108,221.234,222.756,225.1
41280.0,304.362,295.095,285.637,275.968,266.073,255.967,245.701,235.379,225.158,215.26,205.96,197.575,190.425,184.796,180.885,178.76,178.323,179.305,181.29,183.784,186.305,188.486,190.136,191.257,192.0,192.587,193.21,193.967,194.858,195.853,196.931,198.093,199.341,200.673,202.085,203.569,205.114,206.703,208.316,209.931,211.518,213.049,214.494,215.828,217.037,218.123,219.121,220.108,221.234,222.756,225.1
41340.0,304.436,295.194,285.762,276.117,266.245,256.158,245.909,235.599,225.384,215.485,206.177,197.774,190.6,184.941,180.998,178.839,178.372,179.33,181.297,183.78,186.297,188.478,190.13,191.253,191.999,192.587,193.211,193.967,194.858,195.853,196.931,198.093,199.341,200.673,202.085,203.569,205.114,206.703,208.316,209.931,211.518,213.049,214.494,215.828,217.037,218.123,219.121,220.108,221.234,222.756,225.1
41400.0,304.507,295.291,285.884,276.264,266.414,256.348,246.116,235.817,225.609,215.709,206.392,197.973,190.776,185.087,181.11,178.919,178.422,179.355,181.305,183.777,186.289,188.47,190.124,191.25,191.997,192.587,193.211,193.967,194.858,195.853,196.931,198.093,199.341,200.673,202.085,203.569,205.114,206.703,208.316,209.931,211.518,213.049,214.494,215.828,217.037,218.123,219.121,220.108,221.234,222.756,225.1
41460.0,304.576,295.385,286.004,276.408,266.581,256.535,246.32,236.035,225.833,215.933,206.607,198.172,190.951,185.232,181.223,178.999,178.472,179.38,181.312,183.774,186.282,188.462,190.118,191.247,191.996,192.586,193.211,193.967,194.858,195.853,196.931,198.093,199.341,200.673,202.085,203.569,205.113,206.702,208.316,209.931,211.518,213.049,214.494,215.828,217.037,218.123,219.121,220.108,221.234,222.756,225.1
41520.0,304.643,295.478,286.122,276.551,266.747,256.721,246.524,236.25,226.056,216.155,206.822,198.37,191.125,185.378,181.336,179.08,178.522,179.405,181.319,183.77,186.274,188.454,190.112,191.243,191.995,192.586,193.211,193.967,194.858,195.853,196.931,198.093,199.341,200.673,202.085,203.569,205.113,206.702,208.316,209.931,211.518,213.049,214.494,215.828,217.037,218.123,219.121,220.108,221.234,222.756,225.1
41580.0,304.708,295.568,286.238,276.692,266.911,256.906,246.725,236.465,226.277,216.377,207.036,198.568,191.3,185.524,181.45,179.16,178.573,179.431,181.327,183.767,186.266,188.446,190.107,191.24,191.994,192.586,193.211,193.967,194.858,195.853,196.931,198.093,199.34,200.673,202.085,203.569,205.113,206.702,208.316,209.931,211.518,213.049,214.494,215.828,217.037,218.123,219.121,220.108,221.234,222.756,225.1
41640.0,304.77,295.656,286.352,276.83,267.072,257.088,246.925,236.678,226.497,216.597,207.249,198.766,191.474,185.669,181.563,179.241,178.623,179.457,181.335,183.764,186.258,188.438,190.101,191.237,191.992,192.586,193.211,193.967,194.858,195.852,196.931,198.093,199.34,200.673,202.085,203.569,205.113,206.702,208.316,209.931,211.518,213.049,214.494,215.828,217.037,218.123,219.121,220.108,221.234,222.756,225.1
41700.0,304.83,295.742,286.464,276.967,267.232,257.269,247.123,236.889,226.716,216.817,207.461,198.963,191.649,185.815,181.677,179.322,178.674,179.483,181.343,183.761,186.251,188.43,190.095,191.233,191.991,192.586,193.212,193.967,194.858,195.852,196.931,198.093,199.34,200.673,202.085,203.569,205.113,206.702,208.316,209.931,211.518,213.049,214.494,215.828,217.037,218.123,219.121,220.108,221.234,222.756,225.1
41760.0,304.888,295.826,286.574,277.101,267.39,257.447,247.32,237.099,226.934,217.035,207.672,199.159,191.823,185.96,181.79,179.403,178.726,179.509,181.351,183.758,186.243,188.422,190.089,191.23,191.99,192.586,193.212,193.968,194.858,195.852,196.931,198.092,199.34,200.673,202.085,203.569,205.113,206.702,208.316,209.931,211.518,213.049,214.494,215.828,217.037,218.123,219.121,220.108,221.234,222.756,225.1
41820.0,304.943,295.907,286.681,277.234,267.546,257.624,247.515,237.307,227.15,217.253,207.883,199.355,191.996,186.106,181.904,179.485,178.777,179.536,181.359,183.756,186.236,188.414,190.083,191.227,191.988,192.585,193.212,193.968,194.858,195.852,196.931,198.092,199.34,200.673,202.085,203.569,205.113,206.702,208.316,209.931,211.518,213.049,214.494,215.828,217.037,218.123,219.121,220.108,221.234,222.756,225.1
41880.0,304.996,295.987,286.787,277.364,267.7,257.8,247.708,237.514,227.365,217.469,208.093,199.551,192.17,186.252,182.018,179.566,178.829,179.563,181.368,183.753,186.228,188.407,190.077,191.223,191.987,192.585,193.212,193.968,194.858,195.852,196.931,198.092,199.34,200.673,202.085,203.569,205.113,206.702,208.316,209.931,211.518,213.049,214.494,215.828,217.037,218.123,219.121,220.108,221.234,222.756,225.1
41940.0,305.047,296.064,286.89,277.493,267.852,257.973,247.899,237.72,227.579,217.685,208.303,199.746,192.343,186.397,182.133,179.648,178.881,179.59,181.377,183.751,186.221,188.399,190.071,191.22,191.986,192.585,193.212,193.968,194.858,195.852,196.93,198.092,199.34,200.673,202.085,203.569,205.113,206.702,208.316,209.931,211.518,213.049,214.494,215.828,217.037,218.123,219.121,220.108,221.234,222.756,225.1
42000.0,305.096,296.139,286.991,277.619,268.002,258.144,248.089,237.924,227.792,217.899,208.511,199.941,192.517,186.543,182.247,179.731,178.934,179.617,181.386,183.749,186.214,188.391,190.065,191.217,191.984,192.585,193.212,193.968,194.858,195.852,196.93,198.092,199.34,200.673,202.085,203.569,205.113,206.702,208.316,209.93,211.518,213.049,214.494,215.828,217.037,218.123,219.121,220.108,221.234,222.756,225.1
42060.0,305.143,296.212,287.09,277.744,268.15,258.314,248.277,238.126,228.003,218.112,208.719,200.135,192.689,186.688,182.361,179.813,178.986,179.645,181.395,183.746,186.207,188.383,190.059,191.213,191.983,192.585,193.213,193.968,194.858,195.852,196.93,198.092,199.34,200.673,202.085,203.569,205.113,206.702,208.316,209.93,211.518,213.049,214.494,215.828,217.037,218.123,219.121,220.108,221.234,222.756,225.1
42120.0,305.187,296.283,287.187,277.866,268.296,258.482,248.464,238.327,228.213,218.325,208.926,200.328,192.862,186.834,182.476,179.896,179.039,179.673,181.404,183.744,186.199,188.376,190.053,191.21,191.982,192.585,193.213,193.968,194.858,195.852,196.93,198.092,199.34,200.672,202.085,203.569,205.113,206.702,208.316,209.93,211.518,213.049,214.494,215.828,217.037,218.123,219.121,220.108,221.234,222.756,225.1
42180.0,305.229,296.351,287.282,277.986,268.441,258.648,248.649,238.527,228.422,218.536,209.132,200.521,193.035,186.979,182.59,179.979,179.092,179.701,181.414,183.742,186.192,188.368,190.048,191.206,191.98,192.584,193.213,193.968,194.858,195.852,196.93,198.092,199.34,200.672,202.085,203.569,205.113,206.702,208.316,209.93,211.518,213.049,214.494,215.828,217.037,218.123,219.121,220.108,221.234,222.756,225.1
42240.0,305.269,296.418,287.375,278.105,268.583,258.813,248.832,238.725,228.63,218.746,209.338,200.714,193.207,187.125,182.705,180.062,179.145,179.729,181.424,183.741,186.185,188.36,190.042,191.203,191.979,192.584,193.213,193.968,194.858,195.852,196.93,198.092,199.34,200.672,202.085,203.569,205.113,206.702,208.316,209.93,211.518,213.049,214.494,215.828,217.037,218.123,219.121,220.108,221.234,222.756,225.1
42300.0,305.306,296.482,287.466,278.221,268.724,258.975,249.014,238.922,228.836,218.956,209.543,200.906,193.379,187.27,182.82,180.145,179.199,179.757,181.433,183.739,186.178,188.353,190.036,191.2,191.978,192.584,193.213,193.969,194.858,195.852,196.93,198.092,199.34,200.672,202.085,203.569,205.113,206.702,208.316,209.93,211.518,213.049,214.494,215.828,217.037,218.123,219.121,220.108,221.234,222.756,225.1
42360.0,305.342,296.544,287.555,278.336,268.862,259.136,249.194,239.117,229.041,219.164,209.747,201.098,193.55,187.416,182.935,180.229,179.253,179.786,181.444,183.737,186.171,188.345,190.03,191.196,191.976,192.584,193.213,193.969,194.858,195.852,196.93,198.092,199.34,200.672,202.084,203.569,205.113,206.702,208.316,209.93,211.518,213.049,214.494,215.828,217.037,218.123,219.121,220.108,221.234,222.756,225.1
42420.0,305.375,296.604,287.641,278.448,268.999,259.295,249.372,239.31,229.245,219.371,209.95,201.289,193.722,187.561,183.05,180.312,179.307,179.815,181.454,183.736,186.165,188.337,190.024,191.193,191.975,192.584,193.213,193.969,194.858,195.852,196.93,198.092,199.34,200.672,202.084,203.568,205.113,206.702,208.316,209.93,211.518,213.049,214.494,215.828,217.037,218.123,219.121,220.108,221.234,222.756,225.1
42480.0,305.406,296.661,287.726,278.558,269.134,259.452,249.549,239.503,229.447,219.577,210.152,201.48,193.893,187.706,183.166,180.396,179.361,179.844,181.464,183.735,186.158,188.33,190.018,191.189,191.974,192.583,193.214,193.969,194.858,195.852,196.93,198.092,199.34,200.672,202.084,203.568,205.113,206.702,208.316,209.93,211.518,213.049,214.494,215.828,217.037,218.123,219.121,220.108,221.234,222.756,225.1
42540.0,305.434,296.717,287.808,278.667,269.267,259.608,249.724,239.693,229.648,219.783,210.354,201.67,194.064,187.852,183.281,180.48,179.416,179.874,181.475,183.733,186.151,188.322,190.012,191.186,191.972,192.583,193.214,193.969,194.858,195.852,196.93,198.092,199.34,200.672,202.084,203.568,205.113,206.702,208.316,209.93,211.518,213.049,214.494,215.828,217.037,218.123,219.121,220.108,221.234,222.756,225.1
42600.0,305.461,296.77,287.889,278.773,269.398,259.761,249.897,239.883,229.848,219.987,210.555,201.859,194.234,187.997,183.397,180.565,179.471,179.903,181.486,183.732,186.145,188.315,190.006,191.183,191.971,192.583,193.214,193.969,194.858,195.852,196.93,198.092,199.34,200.672,202.084,203.568,205.113,206.702,208.316,209.93,211.518,213.049,214.494,215.828,217.037,218.123,219.121,220.108,221.234,222.756,225.1
42660.0,305.485,296.822,287.967,278.877,269.527,259.913,250.069,240.07,230.047,220.19,210.755,202.049,194.405,188.142,183.512,180.649,179.526,179.933,181.497,183.732,186.138,188.307,190.001,191.179,191.969,192.583,193.214,193.969,194.858,195.852,196.93,198.092,199.34,200.672,202.084,203.568,205.113,206.702,208.316,209.93,211.518,213.049,214.494,215.828,217.037,218.123,219.121,220.108,221.234,222.756,225.1
42720.0,305.507,296.871,288.043,278.98,269.654,260.063,250.239,240.257,230.244,220.392,210.954,202.237,194.575,188.287,183.628,180.734,179.581,179.964,181.508,183.731,186.132,188.3,189.995,191.176,191.968,192.582,193.214,193.969,194.858,195.851,196.93,198.092,199.34,200.672,202.084,203.568,205.113,206.702,208.316,209.93,211.518,213.049,214.494,215.828,217.037,218.123,219.121,220.108,221.234,222.756,225.1
42780.0,305.526,296.918,288.117,279.08,269.779,260.212,250.408,240.441,230.44,220.593,211.152,202.425,194.745,188.432,183.744,180.819,179.637,179.994,181.519,183.73,186.125,188.292,189.989,191.172,191.967,192.582,193.214,193.969,194.858,195.851,196.93,198.092,199.339,200.672,202.084,203.568,205.113,206.702,208.316,209.93,211.518,213.049,214.494,215.828,217.037,218.123,219.121,220.108,221.234,222.756,225.1
42840.0,305.544,296.962,288.189,279.179,269.903,260.358,250.574,240.625,230.635,220.793,211.35,202.613,194.914,188.577,183.859,180.904,179.692,180.024,181.531,183.729,186.119,188.285,189.983,191.169,191.965,192.582,193.215,193.969,194.858,195.851,196.93,198.092,199.339,200.672,202.084,203.568,205.113,206.702,208.316,209.93,211.518,213.049,214.494,215.828,217.037,218.123,219.121,220.108,221.234,222.756,225.1
42900.0,305.559,297.005,288.259,279.275,270.024,260.503,250.74,240.806,230.828,220.991,211.547,202.799,195.083,188.722,183.975,180.989,179.749,180.055,181.543,183.729,186.113,188.277,189.977,191.165,191.964,192.582,193.215,193.97,194.858,195.851,196.93,198.091,199.339,200.672,202.084,203.568,205.113,206.702,208.315,209.93,211.518,213.049,214.494,215.828,217.037,218.123,219.121,220.108,221.234,222.756,225.1
42960.0,305.572,297.045,288.327,279.37,270.144,260.646,250.903,240.987,231.02,221.189,211.743,202.986,195.252,188.866,184.091,181.075,179.805,180.086,181.555,183.729,186.106,188.27,189.971,191.162,191.962,192.581,193.215,193.97,194.858,195.851,196.929,198.091,199.339,200.672,202.084,203.568,205.112,206.702,208.315,209.93,211.518,213.049,214.494,215.828,217.037,218.123,219.121,220.108,221.234,222.756,225.1
43020.0,305.583,297.084,288.393,279.462,270.262,260.787,251.065,241.165,231.211,221.386,211.938,203.172,195.421,189.011,184.208,181.161,179.861,180.118,181.567,183.729,186.1,188.263,189.966,191.158,191.961,192.581,193.215,193.97,194.858,195.851,196.929,198.091,199.339,200.672,202.084,203.568,205.112,206.702,208.315,209.93,211.518,213.049,214.494,215.828,217.037,218.123,219.121,220.108,221.234,222.756,225.1
43080.0,305.591,297.12,288.457,279.553,270.378,260.926,251.225,241.343,231.401,221.582,212.133,203.357,195.589,189.156,184.324,181.246,179.918,180.149,181.579,183.729,186.094,188.256,189.96,191.155,191.96,192.581,193.215,193.97,194.858,195.851,196.929,198.091,199.339,200.672,202.084,203.568,205.112,206.701,208.315,209.93,211.518,213.048,214.494,215.828,217.037,218.123,219.121,220.108,221.234,222.756,225.1
43140.0,305.598,297.154,288.518,279.641,270.491,261.064,251.384,241.519,231.589,221.776,212.326,203.541,195.757,189.3,184.44,181.333,179.975,180.181,181.591,183.729,186.088,188.248,189.954,191.152,191.958,192.581,193.215,193.97,194.858,195.851,196.929,198.091,199.339,200.672,202.084,203.568,205.112,206.701,208.315,209.93,211.517,213.048,214.494,215.828,217.037,218.123,219.121,220.108,221.234,222.756,225.1
43200.0,305.602,297.186,288.578,279.728,270.604,261.2,251.541,241.693,231.776,221.97,212.519,203.726,195.924,189.444,184.556,181.419,180.032,180.213,181.604,183.729,186.082,188.241,189.948,191.148,191.957,192.58,193.215,193.97,194.858,195.851,196.929,198.091,199.339,200.672,202.084,203.568,205.112,206.701,208.315,209.93,211.517,213.048,214.494,215.828,217.037,218.123,219.121,220.108,221.234,222.756,225.1
43260.0,305.604,297.216,288.636,279.812,270.714,261.334,251.696,241.866,231.962,222.162,212.711,203.909,196.092,189.589,184.673,181.505,180.089,180.245,181.617,183.729,186.077,188.234,189.942,191.145,191.955,192.58,193.215,193.97,194.858,195.851,196.929,198.091,199.339,200.672,202.084,203.568,205.112,206.701,208.315,209.93,211.517,213.048,214.494,215.828,217.037,218.123,219.121,220.108,221.234,222.756,225.1
43320.0,305.603,297.243,288.691,279.895,270.822,261.466,251.849,242.037,232.146,222.353,212.902,204.092,196.259,189.733,184.789,181.592,180.147,180.277,181.63,183.73,186.071,188.227,189.937,191.141,191.954,192.58,193.216,193.97,194.858,195.851,196.929,198.091,199.339,200.672,202.084,203.568,205.112,206.701,208.315,209.93,211.517,213.048,214.493,215.828,217.037,218.123,219.121,220.108,221.234,222.756,225.1
43380.0,305.601,297.269,288.744,279.975,270.929,261.596,252.001,242.207,232.329,222.544,213.092,204.274,196.425,189.877,184.906,181.678,180.205,180.31,181.643,183.73,186.065,188.22,189.931,191.138,191.952,192.58,193.216,193.97,194.858,195.851,196.929,198.091,199.339,200.671,202.084,203.568,205.112,206.701,208.315,209.93,211.517,213.048,214.493,215.828,217.037,218.123,219.121,220.108,221.234,222.756,225.1
43440.0,305.596,297.292,288.796,280.054,271.033,261.725,252.152,242.376,232.511,222.733,213.282,204.456,196.592,190.021,185.022,181.765,180.263,180.343,181.657,183.731,186.06,188.212,189.925,191.134,191.951,192.579,193.216,193.97,194.858,195.851,196.929,198.091,199.339,200.671,202.084,203.568,205.112,206.701,208.315,209.93,211.517,213.048,214.493,215.828,217.037,218.123,219.121,220.108,221.234,222.756,225.1
43500.0,305.589,297.313,288.845,280.13,271.136,261.852,252.3,242.543,232.691,222.921,213.47,204.637,196.758,190.164,185.139,181.852,180.321,180.376,181.67,183.732,186.054,188.205,189.919,191.131,191.949,192.579,193.216,193.971,194.858,195.851,196.929,198.091,199.339,200.671,202.084,203.568,205.112,206.701,208.315,209.93,211.517,213.048,214.493,215.828,217.037,218.123,219.121,220.108,221.234,222.756,225.1
43560.0,305.579,297.332,288.892,280.205,271.237,261.977,252.447,242.708,232.871,223.108,213.658,204.818,196.923,190.308,185.255,181.94,180.38,180.409,181.684,183.733,186.049,188.198,189.913,191.127,191.948,192.579,193.216,193.971,194.858,195.851,196.929,198.091,199.339,200.671,202.084,203.568,205.112,206.701,208.315,209.93,211.517,213.048,214.493,215.828,217.037,218.123,219.121,220.108,221.234,222.756,225.1
43620.0,305.568,297.349,288.938,280.278,271.335,262.101,252.593,242.872,233.048,223.294,213.845,204.998,197.088,190.452,185.372,182.027,180.438,180.443,181.698,183.734,186.043,188.191,189.908,191.124,191.946,192.578,193.216,193.971,194.858,195.851,196.929,198.091,199.339,200.671,202.084,203.568,205.112,206.701,208.315,209.93,211.517,213.048,214.493,215.828,217.037,218.123,219.121,220.108,221.234,222.756,225.1
43680.0,305.554,297.363,288.981,280.348,271.433,262.222,252.737,243.034,233.225,223.479,214.031,205.177,197.253,190.595,185.489,182.115,180.497,180.476,181.712,183.735,186.038,188.184,189.902,191.12,191.945,192.578,193.216,193.971,194.858,195.851,196.929,198.091,199.339,200.671,202.083,203.568,205.112,206.701,208.315,209.93,211.517,213.048,214.493,215.828,217.037,218.123,219.121,220.108,221.234,222.756,225.1
43740.0,305.538,297.376,289.022,280.417,271.528,262.342,252.879,243.195,233.4,223.662,214.216,205.356,197.418,190.738,185.605,182.202,180.556,180.51,181.726,183.736,186.033,188.177,189.896,191.117,191.943,192.578,193.216,193.971,194.858,195.851,196.929,198.091,199.339,200.671,202.083,203.568,205.112,206.701,208.315,209.93,211.517,213.048,214.493,215.828,217.037,218.123,219.121,220.108,221.234,222.756,225.1
43800.0,305.52,297.386,289.061,280.484,271.621,262.46,253.019,243.355,233.574,223.845,214.4,205.534,197.582,190.881,185.722,182.29,180.616,180.544,181.741,183.738,186.027,188.17,189.891,191.113,191.942,192.578,193.217,193.971,194.858,195.851,196.929,198.091,199.339,200.671,202.083,203.567,205.112,206.701,208.315,209.93,211.517,213.048,214.493,215.828,217.037,218.123,219.121,220.108,221.234,222.756,225.1
43860.0,305.499,297.395,289.098,280.549,271.712,262.576,253.158,243.513,233.747,224.026,214.584,205.712,197.746,191.024,185.839,182.378,180.675,180.579,181.755,183.739,186.022,188.164,189.885,191.11,191.94,192.577,193.217,193.971,194.858,195.85,196.929,198.091,199.339,200.671,202.083,203.567,205.112,206.701,208.315,209.93,211.517,213.048,214.493,215.828,217.037,218.123,219.121,220.108,221.234,222.756,225.1
43920.0,305.477,297.401,289.133,280.612,271.802,262.691,253.295,243.669,233.918,224.207,214.766,205.889,197.909,191.167,185.956,182.466,180.735,180.613,181.77,183.741,186.017,188.157,189.879,191.106,191.939,192.577,193.217,193.971,194.858,195.85,196.929,198.091,199.339,200.671,202.083,203.567,205.112,206.701,208.315,209.929,211.517,213.048,214.493,215.828,217.036,218.123,219.121,220.108,221.234,222.756,225.1
43980.0,305.452,297.405,289.166,280.672,271.89,262.804,253.431,243.824,234.088,224.386,214.948,206.065,198.072,191.31,186.073,182.555,180.795,180.648,181.785,183.743,186.012,188.15,189.873,191.103,191.937,192.577,193.217,193.971,194.858,195.85,196.929,198.091,199.338,200.671,202.083,203.567,205.112,206.701,208.315,209.929,211.517,213.048,214.493,215.828,217.036,218.123,219.121,220.108,221.234,222.756,225.1
44040.0,305.424,297.407,289.196,280.731,271.975,262.915,253.565,243.978,234.257,224.564,215.129,206.241,198.235,191.452,186.19,182.643,180.855,180.683,181.8,183.745,186.007,188.143,189.868,191.099,191.936,192.576,193.217,193.971,194.858,195.85,196.928,198.091,199.338,200.671,202.083,203.567,205.112,206.701,208.315,209.929,211.517,213.048,214.493,215.828,217.036,218.123,219.121,220.108,221.234,222.756,225.1
44100.0,305.395,297.406,289.225,280.788,272.059,263.024,253.697,244.13,234.424,224.741,215.309,206.416,198.397,191.595,186.307,182.732,180.915,180.718,181.816,183.747,186.003,188.136,189.862,191.096,191.934,192.576,193.217,193.972,194.858,195.85,196.928,198.09,199.338,200.671,202.083,203.567,205.112,206.701,208.315,209.929,211.517,213.048,214.493,215.828,217.036,218.123,219.121,220.108,221.234,222.756,225.1
44160.0,305.363,297.404,289.252,280.843,272.141,263.132,253.828,244.28,234.59,224.917,215.488,206.59,198.559,191.737,186.423,182.82,180.976,180.753,181.831,183.749,185.998,188.13,189.856,191.092,191.933,192.576,193.217,193.972,194.858,195.85,196.928,198.09,199.338,200.671,202.083,203.567,205.112,206.701,208.315,209.929,211.517,213.048,214.493,215.828,217.036,218.123,219.121,220.108,221.234,222.756,225.1
44220.0,305.33,297.399,289.276,280.896,272.222,263.237,253.957,244.429,234.755,225.092,215.666,206.764,198.721,191.879,186.54,182.909,181.037,180.789,181.847,183.752,185.993,188.123,189.851,191.089,191.931,192.575,193.217,193.972,194.858,195.85,196.928,198.09,199.338,200.671,202.083,203.567,205.112,206.701,208.315,209.929,211.517,213.048,214.493,215.828,217.036,218.123,219.121,220.108,221.234,222.756,225.1
44280.0,305.293,297.393,289.299,280.947,272.3,263.341,254.084,244.577,234.919,225.266,215.843,206.937,198.882,192.021,186.657,182.998,181.097,180.825,181.863,183.754,185.989,188.116,189.845,191.085,191.93,192.575,193.217,193.972,194.858,195.85,196.928,198.09,199.338,200.671,202.083,203.567,205.112,206.701,208.315,209.929,211.517,213.048,214.493,215.828,217.036,218.123,219.121,220.108,221.234,222.756,225.1
44340.0,305.255,297.384,289.32,280.996,272.377,263.444,254.21,244.723,235.081,225.439,216.02,207.11,199.043,192.162,186.774,183.087,181.159,180.861,181.879,183.757,185.984,188.11,189.839,191.082,191.928,192.575,193.218,193.972,194.858,195.85,196.928,198.09,199.338,200.671,202.083,203.567,205.112,206.701,208.315,209.929,211.517,213.048,214.493,215.828,217.036,218.123,219.121,220.108,221.234,222.756,225.1
44400.0,305.215,297.373,289.338,281.044,272.451,263.544,254.334,244.868,235.242,225.61,216.195,207.282,199.203,192.304,186.891,183.176,181.22,180.897,181.895,183.76,185.98,188.103,189.834,191.078,191.927,192.574,193.218,193.972,194.858,195.85,196.928,198.09,199.338,200.671,202.083,203.567,205.112,206.701,208.315,209.929,211.517,213.048,214.493,215.828,217.036,218.123,219.121,220.108,221.234,222.756,225.1
44460.0,305.172,297.36,289.354,281.089,272.524,263.643,254.456,245.011,235.401,225.781,216.37,207.453,199.363,192.445,187.008,183.266,181.281,180.933,181.912,183.763,185.975,188.097,189.828,191.075,191.925,192.574,193.218,193.972,194.858,195.85,196.928,198.09,199.338,200.671,202.083,203.567,205.111,206.701,208.315,209.929,211.517,213.048,214.493,215.828,217.036,218.123,219.121,220.108,221.234,222.756,225.1
44520.0,305.127,297.344,289.369,281.132,272.595,263.74,254.577,245.152,235.559,225.95,216.544,207.624,199.522,192.586,187.125,183.355,181.343,180.97,181.928,183.766,185.971,188.09,189.822,191.071,191.924,192.574,193.218,193.972,194.858,195.85,196.928,198.09,199.338,200.671,202.083,203.567,205.111,206.701,208.315,209.929,211.517,213.048,214.493,215.828,217.036,218.123,219.121,220.108,221.234,222.756,225.1
44580.0,305.079,297.327,289.381,281.173,272.664,263.835,254.696,245.292,235.716,226.118,216.716,207.794,199.681,192.727,187.242,183.445,181.405,181.007,181.945,183.769,185.967,188.084,189.817,191.068,191.922,192.573,193.218,193.972,194.858,195.85,196.928,198.09,199.338,200.671,202.083,203.567,205.111,206.701,208.315,209.929,211.517,213.048,214.493,215.828,217.036,218.123,219.121,220.108,221.234,222.756,225.1
44640.0,305.03,297.308,289.392,281.213,272.731,263.929,254.814,245.431,235.871,226.285,216.888,207.963,199.84,192.868,187.359,183.534,181.467,181.044,181.962,183.772,185.963,188.077,189.811,191.064,191.92,192.573,193.218,193.972,194.858,195.85,196.928,198.09,199.338,200.67,202.083,203.567,205.111,206.701,208.314,209.929,211.517,213.048,214.493,215.827,217.036,218.123,219.121,220.108,221.234,222.756,225.1
44700.0,304.978,297.286,289.4,281.25,272.796,264.02,254.93,245.568,236.026,226.451,217.059,208.131,199.998,193.008,187.476,183.624,181.529,181.081,181.979,183.775,185.959,188.071,189.806,191.06,191.919,192.573,193.218,193.973,194.858,195.85,196.928,198.09,199.338,200.67,202.083,203.567,205.111,206.7,208.314,209.929,211.517,213.048,214.493,215.827,217.036,218.123,219.121,220.108,221.234,222.756,225.1
44760.0,304.924,297.262,289.406,281.285,272.86,264.11,255.044,245.704,236.179,226.616,217.229,208.299,200.156,193.148,187.592,183.714,181.592,181.118,181.997,183.779,185.955,188.064,189.8,191.057,191.917,192.572,193.218,193.973,194.858,195.85,196.928,198.09,199.338,200.67,202.083,203.567,205.111,206.7,208.314,209.929,211.517,213.048,214.493,215.827,217.036,218.123,219.121,220.108,221.234,222.756,225.1
44820.0,304.868,297.236,289.41,281.319,272.921,264.199,255.157,245.838,236.33,226.779,217.399,208.467,200.314,193.288,187.709,183.804,181.654,181.156,182.014,183.783,185.951,188.058,189.794,191.053,191.916,192.572,193.218,193.973,194.858,195.85,196.928,198.09,199.338,200.67,202.083,203.567,205.111,206.7,208.314,209.929,211.517,213.048,214.493,215.827,217.036,218.123,219.121,220.108,221.234,222.756,225.1
44880.0,304.809,297.208,289.412,281.35,272.981,264.285,255.268,245.971,236.48,226.942,217.567,208.633,200.471,193.428,187.826,183.894,181.717,181.194,182.032,183.786,185.947,188.052,189.789,191.05,191.914,192.572,193.218,193.973,194.858,195.85,196.928,198.09,199.338,200.67,202.083,203.567,205.111,206.7,208.314,209.929,211.517,213.048,214.493,215.827,217.036,218.123,219.121,220.108,221.234,222.756,225.1
44940.0,304.749,297.178,289.412,281.38,273.039,264.37,255.377,246.102,236.629,227.103,217.734,208.799,200.627,193.568,187.943,183.984,181.78,181.232,182.05,183.79,185.943,188.046,189.783,191.046,191.913,192.571,193.219,193.973,194.858,195.85,196.928,198.09,199.338,200.67,202.083,203.567,205.111,206.7,208.314,209.929,211.517,213.048,214.493,215.827,217.036,218.123,219.121,220.108,221.234,222.756,225.1
45000.0,304.686,297.145,289.41,281.408,273.095,264.453,255.485,246.231,236.777,227.263,217.901,208.964,200.783,193.707,188.059,184.075,181.843,181.27,182.068,183.794,185.94,188.039,189.778,191.043,191.911,192.571,193.219,193.973,194.858,195.849,196.928,198.09,199.338,200.67,202.082,203.567,205.111,206.7,208.314,209.929,211.517,213.048,214.493,215.827,217.036,218.123,219.121,220.108,221.234,222.756,225.1
45060.0,304.62,297.111,289.406,281.433,273.149,264.534,255.591,246.36,236.923,227.423,218.066,209.129,200.939,193.846,188.176,184.165,181.906,181.308,182.086,183.798,185.936,188.033,189.772,191.039,191.909,192.571,193.219,193.973,194.858,195.849,196.928,198.09,199.338,200.67,202.082,203.567,205.111,206.7,208.314,209.929,211.517,213.048,214.493,215.827,217.036,218.123,219.121,220.108,221.234,222.756,225.1
45120.0,304.553,297.074,289.4,281.457,273.202,264.613,255.696,246.486,237.068,227.581,218.231,209.293,201.094,193.985,188.293,184.255,181.97,181.347,182.104,183.803,185.933,188.027,189.767,191.036,191.908,192.57,193.219,193.973,194.858,195.849,196.927,198.09,199.338,200.67,202.082,203.567,205.111,206.7,208.314,209.929,211.517,213.048,214.493,215.827,217.036,218.123,219.121,220.108,221.234,222.756,225.1
45180.0,304.483,297.035,289.392,281.479,273.252,264.691,255.799,246.611,237.211,227.737,218.395,209.456,201.249,194.124,188.409,184.346,182.033,181.386,182.123,183.807,185.929,188.021,189.761,191.032,191.906,192.57,193.219,193.973,194.858,195.849,196.927,198.09,199.338,200.67,202.082,203.567,205.111,206.7,208.314,209.929,211.517,213.048,214.493,215.827,217.036,218.123,219.121,220.108,221.234,222.757,225.1
45240.0,304.411,296.994,289.382,281.499,273.301,264.767,255.9,246.735,237.354,227.893,218.557,209.618,201.403,194.263,188.526,184.437,182.097,181.425,182.141,183.812,185.926,188.015,189.756,191.029,191.904,192.569,193.219,193.973,194.858,195.849,196.927,198.089,199.337,200.67,202.082,203.566,205.111,206.7,208.314,209.929,211.517,213.048,214.493,215.827,217.036,218.123,219.121,220.108,221.234,222.757,225.1
45300.0,304.337,296.951,289.37,281.516,273.348,264.841,256.0,246.857,237.494,228.048,218.719,209.78,201.557,194.401,188.642,184.527,182.161,181.464,182.16,183.816,185.923,188.009,189.75,191.025,191.903,192.569,193.219,193.974,194.858,195.849,196.927,198.089,199.337,200.67,202.082,203.566,205.111,206.7,208.314,209.929,211.517,213.048,214.493,215.827,217.036,218.123,219.121,220.108,221.234,222.757,225.1
45360.0,304.26,296.906,289.356,281.532,273.393,264.914,256.098,246.978,237.634,228.201,218.88,209.941,201.71,194.539,188.759,184.618,182.225,181.503,182.179,183.821,185.92,188.003,189.745,191.021,191.901,192.569,193.219,193.974,194.858,195.849,196.927,198.089,199.337,200.67,202.082,203.566,205.111,206.7,208.314,209.929,211.516,213.048,214.493,215.827,217.036,218.123,219.121,220.108,221.234,222.757,225.1
45420.0,304.182,296.858,289.339,281.546,273.436,264.985,256.194,247.097,237.772,228.353,219.04,210.101,201.863,194.677,188.875,184.709,182.289,181.543,182.199,183.826,185.916,187.997,189.739,191.018,191.9,192.568,193.219,193.974,194.858,195.849,196.927,198.089,199.337,200.67,202.082,203.566,205.111,206.7,208.314,209.929,211.516,213.048,214.493,215.827,217.036,218.123,219.121,220.108,221.234,222.757,225.1
45480.0,304.101,296.809,289.321,281.558,273.477,265.054,256.289,247.215,237.909,228.504,219.199,210.261,202.015,194.814,188.991,184.8,182.354,181.582,182.218,183.831,185.913,187.991,189.734,191.014,191.898,192.568,193.219,193.974,194.858,195.849,196.927,198.089,199.337,200.67,202.082,203.566,205.111,206.7,208.314,209.929,211.516,213.048,214.493,215.827,217.036,218.123,219.121,220.108,221.234,222.757,225.1
45540.0,304.017,296.757,289.3,281.568,273.516,265.121,256.382,247.331,238.045,228.654,219.357,210.42,202.167,194.951,189.108,184.891,182.418,181.622,182.237,183.836,185.91,187.985,189.728,191.011,191.896,192.567,193.219,193.974,194.858,195.849,196.927,198.089,199.337,200.67,202.082,203.566,205.111,206.7,208.314,209.929,211.516,213.048,214.493,215.827,217.036,218.123,219.121,220.108,221.234,222.757,225.1
45600.0,303.932,296.703,289.278,281.576,273.554,265.186,256.473,247.446,238.179,228.803,219.514,210.578,202.318,195.088,189.224,184.982,182.483,181.662,182.257,183.842,185.908,187.979,189.723,191.007,191.895,192.567,193.219,193.974,194.858,195.849,196.927,198.089,199.337,200.67,202.082,203.566,205.111,206.7,208.314,209.929,211.516,213.048,214.493,215.827,217.036,218.123,219.121,220.108,221.234,222.757,225.1
45660.0,303.844,296.647,289.254,281.583,273.59,265.25,256.563,247.559,238.312,228.951,219.67,210.736,202.469,195.225,189.34,185.073,182.548,181.702,182.277,183.847,185.905,187.973,189.717,191.004,191.893,192.567,193.219,193.974,194.858,195.849,196.927,198.089,199.337,200.67,202.082,203.566,205.111,206.7,208.314,209.929,211.516,213.047,214.493,215.827,217.036,218.123,219.121,220.108,221.234,222.757,225.1
45720.0,303.754,296.589,289.227,281.587,273.623,265.312,256.651,247.671,238.443,229.097,219.826,210.892,202.62,195.362,189.456,185.165,182.613,181.743,182.297,183.853,185.902,187.968,189.712,191.0,191.891,192.566,193.22,193.974,194.858,195.849,196.927,198.089,199.337,200.67,202.082,203.566,205.111,206.7,208.314,209.929,211.516,213.047,214.493,215.827,217.036,218.123,219.121,220.108,221.234,222.757,225.1
45780.0,303.661,296.528,289.198,281.589,273.656,265.373,256.738,247.781,238.574,229.242,219.98,211.048,202.77,195.498,189.572,185.256,182.678,181.783,182.317,183.858,185.899,187.962,189.707,190.997,191.89,192.566,193.22,193.974,194.858,195.849,196.927,198.089,199.337,200.67,202.082,203.566,205.111,206.7,208.314,209.929,211.516,213.047,214.493,215.827,217.036,218.123,219.121,220.108,221.234,222.757,225.1
45840.0,303.567,296.466,289.168,281.59,273.686,265.431,256.823,247.89,238.703,229.386,220.133,211.204,202.919,195.634,189.687,185.347,182.744,181.824,182.338,183.864,185.897,187.956,189.701,190.993,191.888,192.565,193.22,193.974,194.858,195.849,196.927,198.089,199.337,200.67,202.082,203.566,205.111,206.7,208.314,209.929,211.516,213.047,214.493,215.827,217.036,218.123,219.121,220.108,221.234,222.757,225.1
45900.0,303.47,296.401,289.135,281.588,273.714,265.488,256.907,247.997,238.83,229.529,220.286,211.358,203.068,195.769,189.803,185.439,182.809,181.865,182.358,183.87,185.894,187.951,189.696,190.989,191.886,192.565,193.22,193.974,194.858,195.849,196.927,198.089,199.337,200.669,202.082,203.566,205.111,206.7,208.314,209.928,211.516,213.047,214.493,215.827,217.036,218.123,219.121,220.108,221.234,222.757,225.1
45960.0,303.371,296.334,289.1,281.584,273.741,265.543,256.988,248.103,238.956,229.671,220.437,211.512,203.217,195.905,189.919,185.53,182.875,181.906,182.379,183.876,185.892,187.945,189.69,190.986,191.885,192.564,193.22,193.975,194.858,195.849,196.927,198.089,199.337,200.669,202.082,203.566,205.11,206.7,208.314,209.928,211.516,213.047,214.493,215.827,217.036,218.123,219.121,220.108,221.234,222.757,225.1
46020.0,303.269,296.265,289.064,281.579,273.765,265.596,257.068,248.207,239.081,229.812,220.587,211.665,203.365,196.04,190.034,185.622,182.94,181.948,182.4,183.883,185.89,187.939,189.685,190.982,191.883,192.564,193.22,193.975,194.858,195.849,196.927,198.089,199.337,200.669,202.082,203.566,205.11,206.7,208.314,209.928,211.516,213.047,214.493,215.827,217.036,218.123,219.121,220.108,221.234,222.757,225.1
46080.0,303.165,296.194,289.025,281.572,273.788,265.648,257.147,248.31,239.205,229.951,220.737,211.818,203.512,196.174,190.15,185.713,183.006,181.989,182.421,183.889,185.888,187.934,189.68,190.979,191.881,192.564,193.22,193.975,194.858,195.849,196.927,198.089,199.337,200.669,202.082,203.566,205.11,206.7,208.314,209.928,211.516,213.047,214.493,215.827,217.036,218.123,219.121,220.108,221.234,222.757,225.1
46140.0,303.059,296.121,288.984,281.562,273.809,265.698,257.224,248.412,239.327,230.09,220.885,211.969,203.659,196.309,190.265,185.805,183.072,182.031,182.442,183.895,185.885,187.928,189.674,190.975,191.88,192.563,193.22,193.975,194.858,195.849,196.927,198.089,199.337,200.669,202.082,203.566,205.11,206.7,208.314,209.928,211.516,213.047,214.493,215.827,217.036,218.123,219.121,220.108,221.234,222.757,225.1
46200.0,302.951,296.045,288.941,281.551,273.828,265.746,257.299,248.511,239.448,230.227,221.033,212.12,203.805,196.443,190.381,185.896,183.138,182.073,182.464,183.902,185.883,187.923,189.669,190.972,191.878,192.563,193.22,193.975,194.858,195.848,196.926,198.089,199.337,200.669,202.082,203.566,205.11,206.7,208.314,209.928,211.516,213.047,214.493,215.827,217.036,218.123,219.121,220.108,221.234,222.757,225.1
46260.0,302.84,295.968,288.896,281.538,273.845,265.793,257.373,248.61,239.567,230.363,221.18,212.27,203.951,196.577,190.496,185.988,183.205,182.115,182.485,183.909,185.881,187.918,189.664,190.968,191.876,192.562,193.22,193.975,194.858,195.848,196.926,198.089,199.337,200.669,202.082,203.566,205.11,206.7,208.314,209.928,211.516,213.047,214.493,215.827,217.036,218.123,219.121,220.108,221.234,222.757,225.1
46320.0,302.728,295.888,288.849,281.522,273.861,265.837,257.445,248.707,239.685,230.498,221.325,212.42,204.097,196.711,190.611,186.08,183.271,182.157,182.507,183.916,185.88,187.912,189.658,190.964,191.875,192.562,193.22,193.975,194.858,195.848,196.926,198.089,199.337,200.669,202.081,203.566,205.11,206.699,208.314,209.928,211.516,213.047,214.493,215.827,217.036,218.123,219.121,220.108,221.234,222.757,225.1
46380.0,302.612,295.806,288.8,281.505,273.875,265.88,257.515,248.802,239.802,230.631,221.47,212.568,204.241,196.844,190.726,186.172,183.338,182.199,182.529,183.923,185.878,187.907,189.653,190.961,191.873,192.561,193.22,193.975,194.858,195.848,196.926,198.088,199.337,200.669,202.081,203.566,205.11,206.699,208.314,209.928,211.516,213.047,214.493,215.827,217.036,218.123,219.121,220.108,221.234,222.757,225.1
46440.0,302.495,295.722,288.749,281.486,273.886,265.922,257.584,248.896,239.918,230.764,221.614,212.716,204.386,196.977,190.841,186.263,183.404,182.241,182.551,183.93,185.876,187.902,189.648,190.957,191.871,192.561,193.22,193.975,194.858,195.848,196.926,198.088,199.336,200.669,202.081,203.566,205.11,206.699,208.313,209.928,211.516,213.047,214.492,215.827,217.036,218.123,219.121,220.108,221.234,222.757,225.1
46500.0,302.375,295.636,288.696,281.465,273.896,265.961,257.651,248.988,240.032,230.895,221.756,212.863,204.529,197.11,190.955,186.355,183.471,182.284,182.573,183.937,185.874,187.896,189.643,190.954,191.869,192.56,193.22,193.975,194.858,195.848,196.926,198.088,199.336,200.669,202.081,203.566,205.11,206.699,208.313,209.928,211.516,213.047,214.492,215.827,217.036,218.123,219.121,220.108,221.234,222.757,225.1
46560.0,302.253,295.547,288.64,281.442,273.904,265.999,257.717,249.079,240.145,231.025,221.898,213.01,204.673,197.242,191.07,186.447,183.538,182.327,182.595,183.944,185.873,187.891,189.637,190.95,191.868,192.56,193.22,193.975,194.858,195.848,196.926,198.088,199.336,200.669,202.081,203.566,205.11,206.699,208.313,209.928,211.516,213.047,214.492,215.827,217.036,218.123,219.121,220.108,221.234,222.757,225.1
46620.0,302.129,295.456,288.583,281.417,273.911,266.035,257.781,249.169,240.256,231.154,222.039,213.155,204.815,197.374,191.184,186.539,183.605,182.37,182.618,183.952,185.871,187.886,189.632,190.947,191.866,192.559,193.22,193.976,194.858,195.848,196.926,198.088,199.336,200.669,202.081,203.565,205.11,206.699,208.313,209.928,211.516,213.047,214.492,215.827,217.036,218.123,219.121,220.108,221.234,222.757,225.1
46680.0,302.002,295.364,288.524,281.39,273.915,266.069,257.843,249.257,240.366,231.282,222.178,213.3,204.958,197.506,191.299,186.631,183.672,182.413,182.64,183.959,185.87,187.881,189.627,190.943,191.864,192.559,193.22,193.976,194.858,195.848,196.926,198.088,199.336,200.669,202.081,203.565,205.11,206.699,208.313,209.928,211.516,213.047,214.492,215.827,217.036,218.123,219.121,220.108,221.234,222.757,225.1
46740.0,301.873,295.269,288.462,281.362,273.918,266.102,257.904,249.343,240.475,231.409,222.317,213.444,205.099,197.637,191.413,186.723,183.739,182.456,182.663,183.967,185.869,187.876,189.622,190.939,191.863,192.559,193.22,193.976,194.858,195.848,196.926,198.088,199.336,200.669,202.081,203.565,205.11,206.699,208.313,209.928,211.516,213.047,214.492,215.827,217.036,218.123,219.121,220.108,221.234,222.757,225.1
46800.0,301.742,295.171,288.399,281.331,273.918,266.133,257.963,249.428,240.582,231.534,222.455,213.587,205.24,197.768,191.527,186.815,183.807,182.5,182.686,183.975,185.867,187.871,189.617,190.936,191.861,192.558,193.22,193.976,194.858,195.848,196.926,198.088,199.336,200.669,202.081,203.565,205.11,206.699,208.313,209.928,211.516,213.047,214.492,215.827,217.036,218.123,219.121,220.108,221.234,222.757,225.1
46860.0,301.608,295.072,288.333,281.298,273.917,266.162,258.021,249.511,240.688,231.659,222.592,213.73,205.381,197.899,191.641,186.907,183.874,182.544,182.709,183.983,185.866,187.866,189.612,190.932,191.859,192.558,193.221,193.976,194.858,195.848,196.926,198.088,199.336,200.669,202.081,203.565,205.11,206.699,208.313,209.928,211.516,213.047,214.492,215.827,217.036,218.123,219.121,220.108,221.234,222.757,225.1
46920.0,301.472,294.971,288.266,281.263,273.914,266.189,258.077,249.593,240.793,231.782,222.728,213.872,205.521,198.029,191.754,186.999,183.942,182.587,182.733,183.991,185.865,187.861,189.606,190.929,191.857,192.557,193.221,193.976,194.858,195.848,196.926,198.088,199.336,200.669,202.081,203.565,205.11,206.699,208.313,209.928,211.516,213.047,214.492,215.827,217.036,218.123,219.121,220.108,221.234,222.757,225.1
46980.0,301.334,294.867,288.196,281.227,273.91,266.215,258.131,249.674,240.897,231.904,222.863,214.012,205.66,198.159,191.868,187.091,184.01,182.631,182.756,183.999,185.864,187.856,189.601,190.925,191.856,192.557,193.221,193.976,194.858,195.848,196.926,198.088,199.336,200.669,202.081,203.565,205.11,206.699,208.313,209.928,211.516,213.047,214.492,215.827,217.036,218.123,219.121,220.108,221.234,222.757,225.1
47040.0,301.193,294.761,288.125,281.188,273.903,266.239,258.184,249.753,240.999,232.024,222.996,214.153,205.799,198.289,191.982,187.183,184.078,182.675,182.78,184.008,185.863,187.851,189.596,190.922,191.854,192.556,193.221,193.976,194.858,195.848,196.926,198.088,199.336,200.669,202.081,203.565,205.11,206.699,208.313,209.928,211.516,213.047,214.492,215.827,217.036,218.123,219.121,220.108,221.234,222.757,225.1
47100.0,301.05,294.653,288.051,281.148,273.895,266.261,258.235,249.83,241.099,232.144,223.129,214.292,205.937,198.418,192.095,187.274,184.145,182.72,182.803,184.016,185.862,187.846,189.591,190.918,191.852,192.556,193.221,193.976,194.858,195.848,196.926,198.088,199.336,200.669,202.081,203.565,205.11,206.699,208.313,209.928,211.516,213.047,214.492,215.827,217.036,218.123,219.121,220.108,221.234,222.757,225.1
47160.0,300.905,294.542,287.975,281.105,273.884,266.282,258.284,249.906,241.199,232.262,223.261,214.431,206.075,198.547,192.208,187.366,184.213,182.764,182.827,184.025,185.862,187.842,189.586,190.914,191.85,192.555,193.221,193.976,194.858,195.848,196.926,198.088,199.336,200.668,202.081,203.565,205.11,206.699,208.313,209.928,211.516,213.047,214.492,215.827,217.036,218.123,219.121,220.108,221.234,222.757,225.1
47220.0,300.757,294.43,287.897,281.061,273.872,266.3,258.332,249.981,241.297,232.379,223.392,214.568,206.212,198.676,192.321,187.458,184.282,182.808,182.851,184.034,185.861,187.837,189.581,190.911,191.849,192.555,193.221,193.976,194.858,195.848,196.925,198.088,199.336,200.668,202.081,203.565,205.11,206.699,208.313,209.928,211.516,213.047,214.492,215.827,217.036,218.123,219.121,220.108,221.234,222.757,225.1
47280.0,300.607,294.315,287.817,281.015,273.858,266.317,258.378,250.054,241.393,232.495,223.522,214.705,206.349,198.804,192.434,187.55,184.35,182.853,182.876,184.042,185.861,187.832,189.576,190.907,191.847,192.554,193.221,193.976,194.858,195.848,196.925,198.088,199.336,200.668,202.081,203.565,205.11,206.699,208.313,209.928,211.516,213.047,214.492,215.827,217.036,218.123,219.121,220.108,221.234,222.757,225.1
47340.0,300.455,294.198,287.735,280.966,273.843,266.333,258.423,250.126,241.489,232.61,223.651,214.842,206.485,198.932,192.547,187.642,184.418,182.898,182.9,184.051,185.86,187.827,189.571,190.904,191.845,192.554,193.221,193.977,194.858,195.848,196.925,198.088,199.336,200.668,202.081,203.565,205.11,206.699,208.313,209.928,211.516,213.047,214.492,215.827,217.036,218.123,219.121,220.108,221.234,222.757,225.1
47400.0,300.3,294.079,287.651,280.916,273.825,266.346,258.466,250.196,241.583,232.724,223.778,214.977,206.62,199.06,192.659,187.734,184.487,182.943,182.924,184.061,185.86,187.823,189.566,190.9,191.843,192.553,193.221,193.977,194.858,195.847,196.925,198.088,199.336,200.668,202.081,203.565,205.11,206.699,208.313,209.928,211.516,213.047,214.492,215.827,217.036,218.123,219.121,220.108,221.234,222.757,225.1
47460.0,300.143,293.958,287.565,280.864,273.806,266.358,258.508,250.264,241.675,232.836,223.905,215.112,206.755,199.187,192.771,187.826,184.555,182.988,182.949,184.07,185.859,187.818,189.561,190.897,191.842,192.553,193.221,193.977,194.858,195.847,196.925,198.088,199.336,200.668,202.081,203.565,205.109,206.699,208.313,209.928,211.516,213.047,214.492,215.827,217.036,218.123,219.121,220.108,221.234,222.757,225.1
47520.0,299.984,293.835,287.477,280.81,273.784,266.368,258.547,250.331,241.767,232.948,224.031,215.246,206.889,199.314,192.884,187.918,184.624,183.033,182.974,184.079,185.859,187.814,189.556,190.893,191.84,192.552,193.221,193.977,194.858,195.847,196.925,198.087,199.336,200.668,202.081,203.565,205.109,206.699,208.313,209.928,211.516,213.047,214.492,215.827,217.036,218.123,219.121,220.108,221.234,222.757,225.1
47580.0,299.822,293.709,287.386,280.754,273.761,266.377,258.586,250.397,241.857,233.058,224.156,215.379,207.023,199.44,192.996,188.01,184.692,183.079,182.999,184.089,185.859,187.809,189.551,190.889,191.838,192.551,193.221,193.977,194.858,195.847,196.925,198.087,199.336,200.668,202.081,203.565,205.109,206.699,208.313,209.928,211.515,213.047,214.492,215.827,217.036,218.123,219.121,220.108,221.234,222.757,225.1
47640.0,299.658,293.581,287.294,280.696,273.736,266.384,258.622,250.461,241.945,233.167,224.28,215.511,207.156,199.566,193.107,188.102,184.761,183.124,183.024,184.098,185.859,187.805,189.546,190.886,191.836,192.551,193.221,193.977,194.858,195.847,196.925,198.087,199.336,200.668,202.081,203.565,205.109,206.699,208.313,209.928,211.515,213.047,214.492,215.827,217.036,218.123,219.121,220.108,221.234,222.757,225.1
47700.0,299.492,293.451,287.2,280.636,273.71,266.389,258.657,250.524,242.032,233.274,224.403,215.642,207.289,199.692,193.219,188.194,184.83,183.17,183.049,184.108,185.859,187.801,189.541,190.882,191.834,192.55,193.221,193.977,194.858,195.847,196.925,198.087,199.335,200.668,202.08,203.565,205.109,206.699,208.313,209.928,211.515,213.047,214.492,215.827,217.036,218.123,219.121,220.108,221.234,222.757,225.101
47760.0,299.323,293.318,287.103,280.574,273.681,266.392,258.691,250.585,242.118,233.381,224.524,215.773,207.42,199.817,193.331,188.286,184.899,183.216,183.075,184.118,185.859,187.796,189.536,190.879,191.833,192.55,193.221,193.977,194.858,195.847,196.925,198.087,199.335,200.668,202.08,203.565,205.109,206.699,208.313,209.928,211.515,213.047,214.492,215.827,217.036,218.123,219.121,220.108,221.234,222.757,225.101
47820.0,299.152,293.184,287.004,280.51,273.651,266.393,258.722,250.645,242.203,233.486,224.645,215.903,207.552,199.942,193.442,188.377,184.968,183.262,183.1,184.128,185.859,187.792,189.531,190.875,191.831,192.549,193.221,193.977,194.858,195.847,196.925,198.087,199.335,200.668,202.08,203.565,205.109,206.699,208.313,209.928,211.515,213.047,214.492,215.827,217.036,218.123,219.121,220.108,221.234,222.757,225.101
47880.0,298.978,293.047,286.904,280.444,273.618,266.393,258.753,250.703,242.286,233.59,224.765,216.031,207.682,200.067,193.553,188.469,185.037,183.308,183.126,184.138,185.859,187.788,189.526,190.872,191.829,192.549,193.221,193.977,194.858,195.847,196.925,198.087,199.335,200.668,202.08,203.565,205.109,206.699,208.313,209.927,211.515,213.047,214.492,215.827,217.036,218.123,219.12,220.108,221.234,222.757,225.101
47940.0,298.802,292.908,286.801,280.377,273.584,266.391,258.781,250.76,242.368,233.693,224.884,216.16,207.813,200.191,193.664,188.561,185.106,183.354,183.152,184.148,185.86,187.784,189.521,190.868,191.827,192.548,193.221,193.977,194.858,195.847,196.925,198.087,199.335,200.668,202.08,203.565,205.109,206.698,208.313,209.927,211.515,213.047,214.492,215.827,217.036,218.123,219.12,220.108,221.234,222.757,225.101
48000.0,298.624,292.767,286.696,280.307,273.548,266.388,258.808,250.815,242.448,233.795,225.001,216.287,207.942,200.315,193.775,188.653,185.176,183.401,183.178,184.159,185.86,187.779,189.516,190.865,191.825,192.548,193.221,193.977,194.858,195.847,196.925,198.087,199.335,200.668,202.08,203.565,205.109,206.698,208.313,209.927,211.515,213.047,214.492,215.827,217.036,218.123,219.12,220.108,221.234,222.757,225.101
48060.0,298.443,292.623,286.589,280.235,273.511,266.382,258.833,250.869,242.528,233.895,225.118,216.413,208.071,200.438,193.885,188.744,185.245,183.447,183.204,184.169,185.861,187.775,189.512,190.861,191.824,192.547,193.221,193.978,194.858,195.847,196.925,198.087,199.335,200.668,202.08,203.564,205.109,206.698,208.313,209.927,211.515,213.047,214.492,215.827,217.036,218.123,219.12,220.108,221.234,222.757,225.101
48120.0,298.26,292.478,286.48,280.162,273.471,266.375,258.857,250.921,242.605,233.995,225.234,216.539,208.199,200.561,193.995,188.836,185.314,183.494,183.23,184.18,185.861,187.771,189.507,190.858,191.822,192.547,193.221,193.978,194.858,195.847,196.925,198.087,199.335,200.668,202.08,203.564,205.109,206.698,208.313,209.927,211.515,213.047,214.492,215.827,217.036,218.123,219.12,220.108,221.234,222.757,225.101
48180.0,298.075,292.33,286.369,280.086,273.429,266.367,258.879,250.972,242.682,234.093,225.349,216.664,208.327,200.684,194.105,188.927,185.384,183.541,183.257,184.19,185.862,187.767,189.502,190.854,191.82,192.546,193.221,193.978,194.858,195.847,196.925,198.087,199.335,200.668,202.08,203.564,205.109,206.698,208.312,209.927,211.515,213.047,214.492,215.827,217.036,218.123,219.12,220.108,221.234,222.757,225.101
48240.0,297.887,292.18,286.256,280.008,273.386,266.356,258.9,251.021,242.757,234.19,225.462,216.788,208.454,200.806,194.215,189.019,185.453,183.588,183.283,184.201,185.863,187.763,189.497,190.85,191.818,192.545,193.221,193.978,194.858,195.847,196.925,198.087,199.335,200.668,202.08,203.564,205.109,206.698,208.312,209.927,211.515,213.046,214.492,215.827,217.036,218.123,219.12,220.108,221.234,222.757,225.101
48300.0,297.697,292.027,286.141,279.929,273.341,266.344,258.919,251.069,242.831,234.286,225.575,216.911,208.58,200.928,194.325,189.11,185.523,183.635,183.31,184.212,185.864,187.759,189.492,190.847,191.816,192.545,193.221,193.978,194.858,195.847,196.924,198.087,199.335,200.668,202.08,203.564,205.109,206.698,208.312,209.927,211.515,213.046,214.492,215.827,217.036,218.123,219.12,220.108,221.234,222.757,225.101
48360.0,297.504,291.873,286.023,279.847,273.294,266.33,258.936,251.115,242.903,234.38,225.687,217.034,208.706,201.049,194.434,189.202,185.593,183.682,183.337,184.223,185.865,187.755,189.488,190.843,191.814,192.544,193.221,193.978,194.858,195.847,196.924,198.087,199.335,200.668,202.08,203.564,205.109,206.698,208.312,209.927,211.515,213.046,214.492,215.827,217.036,218.123,219.12,220.108,221.234,222.757,225.101
48420.0,297.309,291.716,285.904,279.764,273.245,266.314,258.952,251.16,242.974,234.473,225.797,217.155,208.831,201.17,194.544,189.293,185.662,183.729,183.364,184.234,185.866,187.752,189.483,190.84,191.813,192.544,193.221,193.978,194.858,195.847,196.924,198.087,199.335,200.668,202.08,203.564,205.109,206.698,208.312,209.927,211.515,213.046,214.492,215.827,217.036,218.123,219.12,220.108,221.234,222.757,225.101
48480.0,297.111,291.557,285.782,279.679,273.195,266.297,258.966,251.204,243.044,234.566,225.907,217.276,208.956,201.291,194.653,189.385,185.732,183.776,183.391,184.246,185.867,187.748,189.478,190.836,191.811,192.543,193.221,193.978,194.858,195.847,196.924,198.087,199.335,200.667,202.08,203.564,205.109,206.698,208.312,209.927,211.515,213.046,214.492,215.827,217.036,218.123,219.12,220.108,221.234,222.757,225.101
48540.0,296.911,291.395,285.659,279.591,273.142,266.278,258.979,251.246,243.112,234.657,226.015,217.396,209.08,201.411,194.761,189.476,185.802,183.824,183.418,184.257,185.868,187.744,189.474,190.833,191.809,192.543,193.221,193.978,194.858,195.847,196.924,198.087,199.335,200.667,202.08,203.564,205.109,206.698,208.312,209.927,211.515,213.046,214.492,215.826,217.036,218.123,219.12,220.108,221.234,222.757,225.101
48600.0,296.709,291.232,285.533,279.502,273.088,266.257,258.99,251.286,243.179,234.746,226.123,217.515,209.203,201.531,194.87,189.567,185.872,183.872,183.446,184.269,185.869,187.74,189.469,190.829,191.807,192.542,193.221,193.978,194.858,195.847,196.924,198.087,199.335,200.667,202.08,203.564,205.109,206.698,208.312,209.927,211.515,213.046,214.492,215.826,217.036,218.123,219.12,220.108,221.234,222.757,225.101
48660.0,296.504,291.066,285.405,279.411,273.032,266.235,258.999,251.325,243.245,234.835,226.229,217.633,209.326,201.65,194.978,189.658,185.942,183.919,183.473,184.281,185.871,187.737,189.464,190.826,191.805,192.541,193.221,193.978,194.858,195.846,196.924,198.087,199.335,200.667,202.08,203.564,205.109,206.698,208.312,209.927,211.515,213.046,214.492,215.826,217.036,218.123,219.12,220.108,221.234,222.757,225.101
48720.0,296.297,290.898,285.275,279.317,272.974,266.21,259.007,251.363,243.309,234.922,226.335,217.75,209.448,201.769,195.086,189.749,186.012,183.967,183.501,184.292,185.872,187.733,189.46,190.822,191.803,192.541,193.221,193.978,194.858,195.846,196.924,198.086,199.335,200.667,202.08,203.564,205.109,206.698,208.312,209.927,211.515,213.046,214.492,215.826,217.036,218.123,219.12,220.108,221.234,222.757,225.101
48780.0,296.087,290.727,285.143,279.222,272.914,266.184,259.013,251.399,243.372,235.008,226.439,217.867,209.569,201.887,195.194,189.84,186.082,184.015,183.529,184.304,185.874,187.73,189.455,190.819,191.802,192.54,193.221,193.978,194.858,195.846,196.924,198.086,199.335,200.667,202.08,203.564,205.109,206.698,208.312,209.927,211.515,213.046,214.492,215.826,217.036,218.123,219.12,220.108,221.234,222.757,225.101
48840.0,295.875,290.554,285.009,279.125,272.852,266.157,259.017,251.433,243.434,235.093,226.542,217.982,209.69,202.005,195.302,189.931,186.152,184.063,183.557,184.316,185.875,187.726,189.45,190.815,191.8,192.54,193.221,193.978,194.858,195.846,196.924,198.086,199.335,200.667,202.08,203.564,205.109,206.698,208.312,209.927,211.515,213.046,214.492,215.826,217.036,218.123,219.12,220.108,221.234,222.757,225.101
48900.0,295.66,290.379,284.872,279.026,272.789,266.127,259.02,251.466,243.494,235.177,226.645,218.097,209.81,202.123,195.409,190.022,186.222,184.112,183.585,184.329,185.877,187.723,189.446,190.812,191.798,192.539,193.221,193.979,194.858,195.846,196.924,198.086,199.334,200.667,202.08,203.564,205.109,206.698,208.312,209.927,211.515,213.046,214.492,215.826,217.036,218.123,219.12,220.108,221.234,222.757,225.101
48960.0,295.443,290.202,284.734,278.925,272.724,266.096,259.022,251.498,243.553,235.26,226.746,218.211,209.929,202.24,195.516,190.113,186.292,184.16,183.613,184.341,185.879,187.719,189.441,190.808,191.796,192.538,193.221,193.979,194.858,195.846,196.924,198.086,199.334,200.667,202.08,203.564,205.108,206.698,208.312,209.927,211.515,213.046,214.492,215.826,217.036,218.123,219.12,220.108,221.234,222.757,225.101
49020.0,295.223,290.023,284.593,278.822,272.656,266.063,259.021,251.528,243.611,235.341,226.846,218.324,210.048,202.356,195.623,190.203,186.363,184.208,183.642,184.353,185.881,187.716,189.437,190.805,191.794,192.538,193.221,193.979,194.858,195.846,196.924,198.086,199.334,200.667,202.079,203.564,205.108,206.698,208.312,209.927,211.515,213.046,214.492,215.826,217.036,218.123,219.12,220.108,221.234,222.757,225.101
49080.0,295.001,289.841,284.451,278.717,272.587,266.029,259.019,251.556,243.667,235.421,226.946,218.437,210.166,202.473,195.73,190.294,186.433,184.257,183.67,184.366,185.883,187.713,189.432,190.801,191.792,192.537,193.221,193.979,194.858,195.846,196.924,198.086,199.334,200.667,202.079,203.564,205.108,206.698,208.312,209.927,211.515,213.046,214.492,215.826,217.036,218.123,219.12,220.108,221.234,222.757,225.101
49140.0,294.777,289.657,284.306,278.61,272.517,265.993,259.016,251.584,243.722,235.5,227.044,218.548,210.284,202.588,195.836,190.384,186.503,184.306,183.699,184.378,185.885,187.709,189.428,190.798,191.79,192.537,193.221,193.979,194.858,195.846,196.924,198.086,199.334,200.667,202.079,203.564,205.108,206.698,208.312,209.927,211.515,213.046,214.492,215.826,217.036,218.123,219.12,220.108,221.234,222.757,225.101
49200.0,294.55,289.47,284.159,278.501,272.444,265.955,259.011,251.609,243.776,235.578,227.141,218.659,210.4,202.704,195.942,190.475,186.573,184.354,183.727,184.391,185.887,187.706,189.423,190.794,191.789,192.536,193.221,193.979,194.858,195.846,196.924,198.086,199.334,200.667,202.079,203.564,205.108,206.698,208.312,209.927,211.515,213.046,214.492,215.826,217.035,218.123,219.12,220.108,221.234,222.757,225.101
49260.0,294.32,289.282,284.01,278.39,272.369,265.915,259.004,251.633,243.828,235.655,227.237,218.768,210.517,202.818,196.048,190.565,186.644,184.403,183.756,184.404,185.889,187.703,189.419,190.791,191.787,192.535,193.221,193.979,194.858,195.846,196.924,198.086,199.334,200.667,202.079,203.564,205.108,206.698,208.312,209.927,211.515,213.046,214.492,215.826,217.035,218.123,219.12,220.108,221.234,222.757,225.101
49320.0,294.088,289.091,283.859,278.277,272.293,265.874,258.996,251.656,243.879,235.73,227.332,218.877,210.632,202.933,196.154,190.655,186.714,184.452,183.785,184.417,185.891,187.7,189.414,190.787,191.785,192.535,193.221,193.979,194.858,195.846,196.924,198.086,199.334,200.667,202.079,203.564,205.108,206.698,208.312,209.927,211.515,213.046,214.492,215.826,217.035,218.123,219.12,220.108,221.234,222.757,225.101
49380.0,293.854,288.897,283.706,278.162,272.215,265.83,258.986,251.677,243.928,235.804,227.426,218.985,210.747,203.047,196.259,190.745,186.785,184.501,183.814,184.43,185.894,187.697,189.41,190.784,191.783,192.534,193.221,193.979,194.858,195.846,196.923,198.086,199.334,200.667,202.079,203.564,205.108,206.698,208.312,209.927,211.515,213.046,214.492,215.826,217.035,218.123,219.12,220.108,221.234,222.757,225.101
49440.0,293.617,288.702,283.55,278.045,272.135,265.786,258.975,251.697,243.976,235.877,227.519,219.092,210.861,203.16,196.364,190.835,186.855,184.551,183.844,184.443,185.896,187.694,189.405,190.78,191.781,192.533,193.22,193.979,194.858,195.846,196.923,198.086,199.334,200.667,202.079,203.563,205.108,206.698,208.312,209.927,211.515,213.046,214.492,215.826,217.035,218.122,219.12,220.108,221.234,222.757,225.101
49500.0,293.377,288.504,283.393,277.926,272.053,265.739,258.962,251.715,244.023,235.949,227.611,219.198,210.975,203.273,196.469,190.925,186.926,184.6,183.873,184.457,185.899,187.691,189.401,190.777,191.779,192.533,193.22,193.979,194.858,195.846,196.923,198.086,199.334,200.667,202.079,203.563,205.108,206.698,208.312,209.927,211.515,213.046,214.491,215.826,217.035,218.122,219.12,220.108,221.234,222.757,225.101
49560.0,293.135,288.304,283.233,277.805,271.969,265.691,258.947,251.732,244.069,236.019,227.702,219.304,211.088,203.386,196.574,191.015,186.996,184.649,183.903,184.47,185.901,187.688,189.397,190.773,191.777,192.532,193.22,193.979,194.858,195.846,196.923,198.086,199.334,200.667,202.079,203.563,205.108,206.697,208.312,209.927,211.515,213.046,214.491,215.826,217.035,218.122,219.12,220.108,221.234,222.757,225.101
49620.0,292.891,288.101,283.071,277.682,271.883,265.641,258.931,251.748,244.113,236.089,227.792,219.408,211.2,203.498,196.678,191.105,187.067,184.699,183.932,184.484,185.904,187.685,189.392,190.77,191.775,192.532,193.22,193.979,194.858,195.846,196.923,198.086,199.334,200.667,202.079,203.563,205.108,206.697,208.312,209.927,211.515,213.046,214.491,215.826,217.035,218.122,219.12,220.108,221.234,222.757,225.101
49680.0,292.644,287.896,282.907,277.557,271.796,265.589,258.913,251.761,244.156,236.157,227.881,219.512,211.311,203.61,196.782,191.195,187.137,184.748,183.962,184.497,185.907,187.682,189.388,190.766,191.773,192.531,193.22,193.979,194.858,195.846,196.923,198.086,199.334,200.667,202.079,203.563,205.108,206.697,208.312,209.927,211.515,213.046,214.491,215.826,217.035,218.122,219.12,220.108,221.234,222.757,225.101
49740.0,292.394,287.689,282.741,277.431,271.707,265.536,258.893,251.774,244.197,236.224,227.969,219.615,211.422,203.721,196.886,191.284,187.208,184.798,183.992,184.511,185.91,187.68,189.384,190.763,191.772,192.53,193.22,193.98,194.858,195.846,196.923,198.086,199.334,200.666,202.079,203.563,205.108,206.697,208.312,209.927,211.515,213.046,214.491,215.826,217.035,218.122,219.12,220.108,221.235,222.757,225.101
49800.0,292.142,287.48,282.573,277.302,271.616,265.48,258.872,251.785,244.237,236.289,228.055,219.717,211.532,203.831,196.989,191.373,187.278,184.848,184.022,184.525,185.913,187.677,189.379,190.759,191.77,192.53,193.22,193.98,194.858,195.846,196.923,198.086,199.334,200.666,202.079,203.563,205.108,206.697,208.312,209.926,211.514,213.046,214.491,215.826,217.035,218.122,219.12,220.108,221.235,222.757,225.101
49860.0,291.887,287.268,282.403,277.171,271.523,265.424,258.85,251.794,244.276,236.354,228.141,219.818,211.642,203.942,197.092,191.463,187.349,184.898,184.052,184.539,185.916,187.674,189.375,190.756,191.768,192.529,193.22,193.98,194.858,195.846,196.923,198.085,199.334,200.666,202.079,203.563,205.108,206.697,208.312,209.926,211.514,213.046,214.491,215.826,217.035,218.122,219.12,220.108,221.235,222.757,225.101
49920.0,291.63,287.054,282.23,277.038,271.428,265.365,258.826,251.802,244.313,236.417,228.226,219.918,211.75,204.051,197.195,191.552,187.419,184.948,184.082,184.553,185.919,187.672,189.371,190.752,191.766,192.528,193.22,193.98,194.858,195.845,196.923,198.085,199.334,200.666,202.079,203.563,205.108,206.697,208.312,209.926,211.514,213.046,214.491,215.826,217.035,218.122,219.12,220.108,221.235,222.757,225.101
49980.0,291.37,286.837,282.055,276.903,271.331,265.305,258.8,251.809,244.349,236.479,228.309,220.017,211.858,204.161,197.298,191.641,187.49,184.998,184.113,184.568,185.922,187.669,189.367,190.749,191.764,192.528,193.22,193.98,194.858,195.845,196.923,198.085,199.334,200.666,202.079,203.563,205.108,206.697,208.311,209.926,211.514,213.046,214.491,215.826,217.035,218.122,219.12,220.108,221.235,222.757,225.101
50040.0,291.108,286.618,281.878,276.766,271.233,265.243,258.772,251.814,244.384,236.54,228.392,220.115,211.966,204.269,197.4,191.73,187.561,185.048,184.143,184.582,185.925,187.667,189.363,190.746,191.762,192.527,193.22,193.98,194.858,195.845,196.923,198.085,199.334,200.666,202.079,203.563,205.108,206.697,208.311,209.926,211.514,213.046,214.491,215.826,217.035,218.122,219.12,220.108,221.235,222.757,225.101
50100.0,290.843,286.397,281.699,276.628,271.132,265.179,258.743,251.817,244.417,236.6,228.473,220.213,212.073,204.378,197.502,191.819,187.631,185.098,184.174,184.597,185.929,187.664,189.358,190.742,191.76,192.526,193.22,193.98,194.858,195.845,196.923,198.085,199.333,200.666,202.079,203.563,205.108,206.697,208.311,209.926,211.514,213.046,214.491,215.826,217.035,218.122,219.12,220.108,221.235,222.757,225.101
50160.0,290.575,286.173,281.518,276.487,271.03,265.113,258.713,251.819,244.45,236.658,228.553,220.31,212.179,204.485,197.603,191.907,187.702,185.148,184.205,184.611,185.932,187.662,189.354,190.739,191.758,192.526,193.22,193.98,194.858,195.845,196.923,198.085,199.333,200.666,202.079,203.563,205.108,206.697,208.311,209.926,211.514,213.046,214.491,215.826,217.035,218.122,219.12,220.108,221.235,222.757,225.101
50220.0,290.305,285.947,281.335,276.344,270.926,265.046,258.681,251.82,244.48,236.716,228.633,220.405,212.284,204.593,197.705,191.996,187.773,185.199,184.236,184.626,185.936,187.659,189.35,190.735,191.756,192.525,193.22,193.98,194.858,195.845,196.923,198.085,199.333,200.666,202.079,203.563,205.108,206.697,208.311,209.926,211.514,213.046,214.491,215.826,217.035,218.122,219.12,220.108,221.235,222.757,225.101
50280.0,290.032,285.719,281.149,276.199,270.82,264.977,258.647,251.819,244.51,236.772,228.711,220.5,212.389,204.699,197.806,192.084,187.843,185.249,184.267,184.641,185.94,187.657,189.346,190.732,191.754,192.524,193.22,193.98,194.858,195.845,196.923,198.085,199.333,200.666,202.079,203.563,205.108,206.697,208.311,209.926,211.514,213.046,214.491,215.826,217.035,218.122,219.12,220.108,221.235,222.757,225.101
50340.0,289.757,285.488,280.961,276.052,270.712,264.907,258.611,251.817,244.538,236.827,228.788,220.594,212.493,204.806,197.907,192.173,187.914,185.3,184.298,184.656,185.943,187.655,189.342,190.728,191.752,192.524,193.22,193.98,194.858,195.845,196.923,198.085,199.333,200.666,202.078,203.563,205.108,206.697,208.311,209.926,211.514,213.046,214.491,215.826,217.035,218.122,219.12,220.108,221.235,222.757,225.101
50400.0,289.479,285.255,280.772,275.904,270.602,264.834,258.574,251.813,244.564,236.88,228.865,220.687,212.596,204.911,198.007,192.261,187.984,185.35,184.329,184.671,185.947,187.652,189.338,190.725,191.751,192.523,193.22,193.98,194.858,195.845,196.923,198.085,199.333,200.666,202.078,203.563,205.108,206.697,208.311,209.926,211.514,213.046,214.491,215.826,217.035,218.122,219.12,220.108,221.235,222.757,225.101
50460.0,289.199,285.02,280.58,275.753,270.491,264.76,258.536,251.808,244.589,236.933,228.94,220.78,212.698,205.017,198.107,192.349,188.055,185.401,184.36,184.686,185.951,187.65,189.334,190.722,191.749,192.522,193.22,193.98,194.858,195.845,196.923,198.085,199.333,200.666,202.078,203.563,205.107,206.697,208.311,209.926,211.514,213.046,214.491,215.826,217.035,218.122,219.12,220.108,221.235,222.757,225.101
50520.0,288.915,284.782,280.385,275.6,270.378,264.684,258.496,251.801,244.613,236.984,229.014,220.871,212.8,205.121,198.207,192.436,188.126,185.452,184.392,184.701,185.955,187.648,189.33,190.718,191.747,192.522,193.219,193.98,194.858,195.845,196.922,198.085,199.333,200.666,202.078,203.563,205.107,206.697,208.311,209.926,211.514,213.046,214.491,215.826,217.035,218.122,219.12,220.108,221.235,222.757,225.101
50580.0,288.63,284.542,280.189,275.445,270.262,264.607,258.454,251.793,244.636,237.034,229.087,220.961,212.901,205.226,198.307,192.524,188.196,185.502,184.423,184.717,185.959,187.646,189.326,190.715,191.745,192.521,193.219,193.98,194.858,195.845,196.922,198.085,199.333,200.666,202.078,203.563,205.107,206.697,208.311,209.926,211.514,213.046,214.491,215.826,217.035,218.122,219.12,220.108,221.235,222.757,225.101
50640.0,288.341,284.299,279.99,275.288,270.145,264.528,258.411,251.783,244.657,237.083,229.159,221.051,213.002,205.329,198.406,192.612,188.267,185.553,184.455,184.732,185.963,187.644,189.322,190.711,191.743,192.52,193.219,193.98,194.858,195.845,196.922,198.085,199.333,200.666,202.078,203.563,205.107,206.697,208.311,209.926,211.514,213.046,214.491,215.826,217.035,218.122,219.12,220.108,221.235,222.757,225.101
50700.0,288.05,284.054,279.789,275.129,270.026,264.447,258.366,251.772,244.677,237.13,229.23,221.14,213.102,205.433,198.505,192.699,188.337,185.604,184.487,184.748,185.968,187.642,189.318,190.708,191.741,192.52,193.219,193.981,194.858,195.845,196.922,198.085,199.333,200.666,202.078,203.563,205.107,206.697,208.311,209.926,211.514,213.046,214.491,215.826,217.035,218.122,219.12,220.108,221.235,222.757,225.101
50760.0,287.756,283.807,279.586,274.968,269.905,264.364,258.319,251.759,244.696,237.177,229.3,221.227,213.201,205.535,198.603,192.786,188.408,185.655,184.518,184.763,185.972,187.64,189.314,190.705,191.739,192.519,193.219,193.981,194.858,195.845,196.922,198.085,199.333,200.666,202.078,203.563,205.107,206.697,208.311,209.926,211.514,213.046,214.491,215.826,217.035,218.122,219.12,220.108,221.235,222.757,225.101
50820.0,287.46,283.557,279.381,274.806,269.783,264.28,258.271,251.745,244.713,237.222,229.368,221.314,213.299,205.638,198.702,192.874,188.478,185.707,184.55,184.779,185.976,187.638,189.31,190.701,191.737,192.518,193.219,193.981,194.858,195.845,196.922,198.085,199.333,200.666,202.078,203.563,205.107,206.697,208.311,209.926,211.514,213.045,214.491,215.826,217.035,218.122,219.12,220.108,221.235,222.757,225.101
50880.0,287.161,283.305,279.174,274.641,269.658,264.193,258.221,251.729,244.729,237.266,229.436,221.4,213.397,205.739,198.8,192.96,188.549,185.758,184.582,184.795,185.981,187.637,189.306,190.698,191.735,192.517,193.219,193.981,194.858,195.845,196.922,198.085,199.333,200.666,202.078,203.562,205.107,206.697,208.311,209.926,211.514,213.045,214.491,215.826,217.035,218.122,219.12,220.108,221.235,222.757,225.101
50940.0,286.859,283.05,278.964,274.474,269.532,264.106,258.17,251.712,244.744,237.309,229.503,221.485,213.494,205.841,198.897,193.047,188.619,185.809,184.615,184.811,185.985,187.635,189.302,190.695,191.733,192.517,193.219,193.981,194.858,195.845,196.922,198.085,199.333,200.666,202.078,203.562,205.107,206.697,208.311,209.926,211.514,213.045,214.491,215.826,217.035,218.122,219.12,220.108,221.235,222.757,225.101
51000.0,286.555,282.793,278.752,274.305,269.404,264.016,258.117,251.694,244.757,237.35,229.568,221.57,213.59,205.941,198.994,193.134,188.69,185.86,184.647,184.827,185.99,187.633,189.299,190.691,191.731,192.516,193.219,193.981,194.858,195.845,196.922,198.084,199.333,200.665,202.078,203.562,205.107,206.697,208.311,209.926,211.514,213.045,214.491,215.826,217.035,218.122,219.12,220.108,221.235,222.757,225.101
51060.0,286.247,282.533,278.538,274.134,269.273,263.925,258.062,251.674,244.769,237.391,229.633,221.653,213.685,206.041,199.091,193.22,188.76,185.912,184.679,184.844,185.995,187.631,189.295,190.688,191.729,192.515,193.219,193.981,194.858,195.845,196.922,198.084,199.333,200.665,202.078,203.562,205.107,206.697,208.311,209.926,211.514,213.045,214.491,215.826,217.035,218.122,219.12,220.108,221.235,222.757,225.101
51120.0,285.938,282.271,278.322,273.961,269.141,263.832,258.006,251.652,244.779,237.43,229.696,221.735,213.78,206.141,199.188,193.307,188.83,185.963,184.712,184.86,186.0,187.63,189.291,190.685,191.727,192.515,193.219,193.981,194.858,195.845,196.922,198.084,199.333,200.665,202.078,203.562,205.107,206.697,208.311,209.926,211.514,213.045,214.491,215.826,217.035,218.122,219.12,220.108,221.235,222.757,225.101
51180.0,285.625,282.007,278.103,273.786,269.007,263.737,257.949,251.63,244.788,237.468,229.759,221.817,213.874,206.24,199.284,193.393,188.901,186.015,184.745,184.876,186.005,187.628,189.287,190.681,191.725,192.514,193.219,193.981,194.858,195.845,196.922,198.084,199.333,200.665,202.078,203.562,205.107,206.696,208.311,209.926,211.514,213.045,214.491,215.826,217.035,218.122,219.12,220.108,221.235,222.757,225.101
51240.0,285.31,281.74,277.882,273.608,268.872,263.64,257.889,251.605,244.796,237.505,229.82,221.898,213.967,206.339,199.38,193.479,188.971,186.066,184.777,184.893,186.01,187.627,189.283,190.678,191.723,192.513,193.218,193.981,194.858,195.844,196.922,198.084,199.333,200.665,202.078,203.562,205.107,206.696,208.311,209.926,211.514,213.045,214.491,215.826,217.035,218.122,219.12,220.108,221.235,222.757,225.101
51300.0,284.992,281.47,277.659,273.429,268.734,263.542,257.828,251.579,244.803,237.54,229.88,221.977,214.06,206.437,199.476,193.564,189.041,186.118,184.81,184.91,186.015,187.625,189.28,190.675,191.721,192.512,193.218,193.981,194.858,195.844,196.922,198.084,199.333,200.665,202.078,203.562,205.107,206.696,208.311,209.926,211.514,213.045,214.491,215.826,217.035,218.122,219.12,220.108,221.235,222.757,225.101
51360.0,284.671,281.199,277.434,273.248,268.595,263.442,257.766,251.552,244.808,237.574,229.94,222.056,214.152,206.534,199.571,193.65,189.112,186.17,184.843,184.926,186.02,187.624,189.276,190.671,191.72,192.512,193.218,193.981,194.858,195.844,196.922,198.084,199.332,200.665,202.078,203.562,205.107,206.696,208.311,209.926,211.514,213.045,214.491,215.826,217.035,218.122,219.12,220.108,221.235,222.757,225.101
51420.0,284.348,280.924,277.207,273.065,268.453,263.341,257.702,251.523,244.812,237.607,229.998,222.134,214.243,206.631,199.666,193.736,189.182,186.221,184.876,184.943,186.025,187.623,189.272,190.668,191.718,192.511,193.218,193.981,194.858,195.844,196.922,198.084,199.332,200.665,202.078,203.562,205.107,206.696,208.311,209.926,211.514,213.045,214.491,215.826,217.035,218.122,219.12,220.108,221.235,222.757,225.101
51480.0,284.021,280.647,276.977,272.879,268.31,263.237,257.636,251.493,244.814,237.639,230.055,222.211,214.333,206.727,199.76,193.821,189.252,186.273,184.909,184.96,186.03,187.621,189.269,190.665,191.716,192.51,193.218,193.981,194.858,195.844,196.922,198.084,199.332,200.665,202.078,203.562,205.107,206.696,208.311,209.926,211.514,213.045,214.491,215.826,217.035,218.122,219.12,220.108,221.235,222.757,225.101
51540.0,283.692,280.368,276.745,272.692,268.165,263.132,257.569,251.461,244.815,237.67,230.111,222.287,214.423,206.823,199.854,193.906,189.322,186.325,184.942,184.977,186.036,187.62,189.265,190.661,191.714,192.509,193.218,193.981,194.858,195.844,196.922,198.084,199.332,200.665,202.078,203.562,205.107,206.696,208.311,209.926,211.514,213.045,214.491,215.826,217.035,218.122,219.12,220.108,221.235,222.757,225.101
51600.0,283.361,280.086,276.511,272.503,268.018,263.025,257.5,251.428,244.815,237.7,230.166,222.362,214.512,206.919,199.948,193.991,189.392,186.377,184.976,184.995,186.041,187.619,189.261,190.658,191.712,192.509,193.218,193.981,194.858,195.844,196.921,198.084,199.332,200.665,202.078,203.562,205.107,206.696,208.311,209.926,211.514,213.045,214.491,215.826,217.035,218.122,219.12,220.108,221.235,222.757,225.101
51660.0,283.026,279.802,276.274,272.311,267.869,262.917,257.43,251.394,244.814,237.728,230.22,222.437,214.6,207.013,200.042,194.075,189.462,186.429,185.009,185.012,186.047,187.618,189.258,190.655,191.71,192.508,193.218,193.981,194.858,195.844,196.921,198.084,199.332,200.665,202.077,203.562,205.107,206.696,208.311,209.926,211.514,213.045,214.491,215.826,217.035,218.122,219.12,220.108,221.235,222.757,225.101
51720.0,282.689,279.515,276.036,272.118,267.718,262.806,257.358,251.357,244.811,237.755,230.273,222.51,214.688,207.108,200.135,194.16,189.532,186.481,185.043,185.029,186.053,187.617,189.254,190.651,191.708,192.507,193.218,193.981,194.858,195.844,196.921,198.084,199.332,200.665,202.077,203.562,205.107,206.696,208.31,209.926,211.514,213.045,214.491,215.826,217.035,218.122,219.12,220.108,221.235,222.757,225.101
51780.0,282.349,279.226,275.795,271.922,267.565,262.694,257.284,251.32,244.807,237.781,230.325,222.582,214.775,207.201,200.228,194.244,189.602,186.533,185.076,185.047,186.058,187.616,189.251,190.648,191.706,192.506,193.218,193.981,194.858,195.844,196.921,198.084,199.332,200.665,202.077,203.562,205.107,206.696,208.31,209.925,211.514,213.045,214.491,215.826,217.035,218.122,219.12,220.108,221.235,222.757,225.101
51840.0,282.006,278.934,275.551,271.725,267.411,262.581,257.209,251.281,244.801,237.805,230.375,222.654,214.861,207.294,200.32,194.328,189.672,186.585,185.11,185.064,186.064,187.615,189.247,190.645,191.704,192.506,193.217,193.982,194.858,195.844,196.921,198.084,199.332,200.665,202.077,203.562,205.107,206.696,208.31,209.925,211.514,213.045,214.491,215.826,217.035,218.122,219.12,220.108,221.235,222.757,225.101
51900.0,281.66,278.64,275.306,271.525,267.254,262.465,257.132,251.24,244.794,237.829,230.425,222.725,214.946,207.387,200.412,194.412,189.742,186.637,185.144,185.082,186.07,187.614,189.244,190.642,191.702,192.505,193.217,193.982,194.858,195.844,196.921,198.084,199.332,200.665,202.077,203.562,205.107,206.696,208.31,209.925,211.514,213.045,214.491,215.826,217.035,218.122,219.12,220.108,221.235,222.757,225.101
51960.0,281.312,278.343,275.058,271.323,267.096,262.348,257.054,251.198,244.786,237.851,230.473,222.794,215.031,207.479,200.504,194.496,189.812,186.689,185.177,185.1,186.076,187.613,189.24,190.638,191.7,192.504,193.217,193.982,194.858,195.844,196.921,198.084,199.332,200.665,202.077,203.562,205.106,206.696,208.31,209.925,211.514,213.045,214.491,215.826,217.035,218.122,219.12,220.108,221.235,222.757,225.101
52020.0,280.96,278.044,274.808,271.119,266.936,262.229,256.974,251.155,244.777,237.872,230.521,222.863,215.114,207.57,200.595,194.58,189.881,186.741,185.211,185.118,186.082,187.612,189.237,190.635,191.698,192.503,193.217,193.982,194.858,195.844,196.921,198.084,199.332,200.665,202.077,203.562,205.106,206.696,208.31,209.925,211.513,213.045,214.491,215.826,217.035,218.122,219.12,220.108,221.235,222.757,225.101
52080.0,280.606,277.742,274.556,270.913,266.774,262.108,256.892,251.11,244.766,237.892,230.567,222.931,215.197,207.661,200.686,194.663,189.951,186.793,185.245,185.136,186.088,187.611,189.234,190.632,191.696,192.503,193.217,193.982,194.858,195.844,196.921,198.084,199.332,200.665,202.077,203.562,205.106,206.696,208.31,209.925,211.513,213.045,214.491,215.826,217.035,218.122,219.12,220.108,221.235,222.757,225.101
52140.0,280.249,277.438,274.301,270.705,266.61,261.986,256.809,251.064,244.753,237.911,230.613,222.998,215.28,207.752,200.776,194.746,190.021,186.846,185.28,185.154,186.094,187.611,189.23,190.629,191.694,192.502,193.217,193.982,194.858,195.844,196.921,198.084,199.332,200.665,202.077,203.562,205.106,206.696,208.31,209.925,211.513,213.045,214.491,215.826,217.035,218.122,219.12,220.108,221.235,222.757,225.101
52200.0,279.889,277.131,274.044,270.495,266.444,261.862,256.724,251.016,244.74,237.928,230.657,223.064,215.361,207.841,200.866,194.829,190.09,186.898,185.314,185.172,186.101,187.61,189.227,190.625,191.692,192.501,193.217,193.982,194.858,195.844,196.921,198.083,199.332,200.665,202.077,203.562,205.106,206.696,208.31,209.925,211.513,213.045,214.491,215.826,217.035,218.122,219.12,220.108,221.235,222.757,225.101
52260.0,279.526,276.821,273.785,270.283,266.276,261.736,256.638,250.967,244.725,237.944,230.7,223.129,215.442,207.931,200.956,194.912,190.16,186.95,185.348,185.19,186.107,187.609,189.224,190.622,191.69,192.5,193.217,193.982,194.858,195.844,196.921,198.083,199.332,200.664,202.077,203.561,205.106,206.696,208.31,209.925,211.513,213.045,214.491,215.826,217.035,218.122,219.12,220.108,221.235,222.758,225.101
52320.0,279.16,276.509,273.523,270.069,266.106,261.608,256.55,250.916,244.709,237.959,230.743,223.194,215.522,208.019,201.045,194.994,190.229,187.003,185.383,185.209,186.114,187.609,189.22,190.619,191.688,192.5,193.217,193.982,194.858,195.844,196.921,198.083,199.332,200.664,202.077,203.561,205.106,206.696,208.31,209.925,211.513,213.045,214.491,215.826,217.035,218.122,219.12,220.108,221.235,222.758,225.101
52380.0,278.792,276.194,273.259,269.853,265.935,261.479,256.46,250.864,244.691,237.973,230.784,223.257,215.602,208.107,201.134,195.077,190.298,187.055,185.417,185.227,186.12,187.608,189.217,190.616,191.686,192.499,193.216,193.982,194.858,195.844,196.921,198.083,199.332,200.664,202.077,203.561,205.106,206.696,208.31,209.925,211.513,213.045,214.491,215.826,217.035,218.122,219.12,220.108,221.235,222.758,225.101
52440.0,278.42,275.877,272.993,269.634,265.761,261.348,256.369,250.81,244.672,237.986,230.824,223.319,215.68,208.195,201.223,195.159,190.368,187.108,185.452,185.246,186.127,187.608,189.214,190.613,191.684,192.498,193.216,193.982,194.858,195.844,196.921,198.083,199.332,200.664,202.077,203.561,205.106,206.696,208.31,209.925,211.513,213.045,214.491,215.825,217.035,218.122,219.12,220.108,221.235,222.758,225.101
52500.0,278.046,275.557,272.725,269.414,265.586,261.215,256.276,250.755,244.652,237.997,230.863,223.381,215.758,208.282,201.311,195.24,190.437,187.16,185.486,185.265,186.134,187.607,189.211,190.609,191.682,192.497,193.216,193.982,194.858,195.844,196.921,198.083,199.332,200.664,202.077,203.561,205.106,206.696,208.31,209.925,211.513,213.045,214.491,215.825,217.035,218.122,219.12,220.108,221.235,222.758,225.101
52560.0,277.668,275.235,272.454,269.191,265.409,261.08,256.182,250.698,244.63,238.007,230.901,223.441,215.835,208.368,201.399,195.322,190.506,187.212,185.521,185.283,186.14,187.607,189.207,190.606,191.68,192.496,193.216,193.982,194.858,195.844,196.921,198.083,199.331,200.664,202.077,203.561,205.106,206.696,208.31,209.925,211.513,213.045,214.491,215.825,217.035,218.122,219.12,220.108,221.235,222.758,225.101
52620.0,277.288,274.91,272.181,268.966,265.229,260.944,256.086,250.64,244.608,238.016,230.937,223.501,215.911,208.454,201.487,195.404,190.575,187.265,185.556,185.302,186.147,187.607,189.204,190.603,191.678,192.496,193.216,193.982,194.858,195.843,196.921,198.083,199.331,200.664,202.077,203.561,205.106,206.696,208.31,209.925,211.513,213.045,214.49,215.825,217.035,218.122,219.12,220.108,221.235,222.758,225.101
52680.0,276.905,274.582,271.905,268.74,265.048,260.806,255.988,250.581,244.583,238.024,230.973,223.56,215.987,208.539,201.574,195.485,190.644,187.317,185.591,185.321,186.154,187.607,189.201,190.6,191.676,192.495,193.216,193.982,194.858,195.843,196.92,198.083,199.331,200.664,202.077,203.561,205.106,206.696,208.31,209.925,211.513,213.045,214.49,215.825,217.035,218.122,219.12,220.108,221.235,222.758,225.101
52740.0,276.519,274.252,271.627,268.511,264.865,260.666,255.889,250.52,244.558,238.031,231.008,223.618,216.062,208.624,201.66,195.566,190.713,187.37,185.626,185.34,186.161,187.606,189.198,190.597,191.674,192.494,193.216,193.982,194.858,195.843,196.92,198.083,199.331,200.664,202.077,203.561,205.106,206.696,208.31,209.925,211.513,213.045,214.49,215.825,217.035,218.122,219.12,220.108,221.235,222.758,225.101
52800.0,276.13,273.919,271.347,268.28,264.68,260.524,255.789,250.457,244.531,238.036,231.042,223.675,216.136,208.708,201.746,195.646,190.781,187.423,185.661,185.36,186.169,187.606,189.195,190.594,191.672,192.493,193.215,193.982,194.858,195.843,196.92,198.083,199.331,200.664,202.077,203.561,205.106,206.695,208.31,209.925,211.513,213.045,214.49,215.825,217.035,218.122,219.12,220.108,221.235,222.758,225.101
52860.0,275.737,273.583,271.064,268.047,264.493,260.381,255.686,250.393,244.503,238.04,231.074,223.731,216.209,208.792,201.832,195.727,190.85,187.475,185.696,185.379,186.176,187.606,189.192,190.59,191.67,192.492,193.215,193.982,194.858,195.843,196.92,198.083,199.331,200.664,202.077,203.561,205.106,206.695,208.31,209.925,211.513,213.045,214.49,215.825,217.035,218.122,219.12,220.108,221.235,222.758,225.101
52920.0,275.342,273.245,270.78,267.811,264.305,260.236,255.582,250.328,244.473,238.043,231.106,223.786,216.282,208.874,201.918,195.807,190.919,187.528,185.731,185.398,186.183,187.606,189.189,190.587,191.668,192.492,193.215,193.982,194.858,195.843,196.92,198.083,199.331,200.664,202.077,203.561,205.106,206.695,208.31,209.925,211.513,213.045,214.49,215.825,217.035,218.122,219.12,220.108,221.235,222.758,225.101
52980.0,274.944,272.904,270.492,267.574,264.114,260.089,255.477,250.261,244.442,238.045,231.136,223.84,216.354,208.957,202.003,195.887,190.987,187.58,185.766,185.418,186.19,187.606,189.186,190.584,191.666,192.491,193.215,193.982,194.858,195.843,196.92,198.083,199.331,200.664,202.077,203.561,205.106,206.695,208.31,209.925,211.513,213.045,214.49,215.825,217.035,218.122,219.12,220.108,221.235,222.758,225.101
53040.0,274.543,272.56,270.203,267.334,263.921,259.94,255.37,250.193,244.41,238.045,231.165,223.893,216.425,209.039,202.087,195.967,191.056,187.633,185.802,185.437,186.198,187.606,189.183,190.581,191.664,192.49,193.215,193.982,194.858,195.843,196.92,198.083,199.331,200.664,202.076,203.561,205.106,206.695,208.31,209.925,211.513,213.045,214.49,215.825,217.035,218.122,219.12,220.108,221.235,222.758,225.101
53100.0,274.139,272.214,269.911,267.093,263.727,259.79,255.261,250.123,244.376,238.045,231.194,223.945,216.495,209.12,202.172,196.047,191.124,187.686,185.837,185.457,186.205,187.606,189.18,190.578,191.662,192.489,193.215,193.982,194.858,195.843,196.92,198.083,199.331,200.664,202.076,203.561,205.106,206.695,208.31,209.925,211.513,213.045,214.49,215.825,217.035,218.122,219.12,220.108,221.235,222.758,225.101
53160.0,273.731,271.865,269.616,266.849,263.53,259.638,255.151,250.052,244.341,238.043,231.221,223.997,216.565,209.2,202.256,196.126,191.192,187.738,185.873,185.477,186.213,187.607,189.177,190.575,191.66,192.488,193.215,193.982,194.858,195.843,196.92,198.083,199.331,200.664,202.076,203.561,205.106,206.695,208.31,209.925,211.513,213.045,214.49,215.825,217.035,218.122,219.12,220.108,221.235,222.758,225.101
53220.0,273.321,271.514,269.319,266.603,263.332,259.484,255.039,249.979,244.305,238.04,231.247,224.047,216.633,209.28,202.339,196.205,191.26,187.791,185.908,185.496,186.221,187.607,189.174,190.572,191.658,192.488,193.214,193.983,194.858,195.843,196.92,198.083,199.331,200.664,202.076,203.561,205.106,206.695,208.31,209.925,211.513,213.045,214.49,215.825,217.035,218.122,219.12,220.108,221.235,222.758,225.101
53280.0,272.908,271.159,269.02,266.355,263.132,259.329,254.925,249.905,244.268,238.035,231.272,224.097,216.701,209.36,202.422,196.284,191.328,187.844,185.944,185.516,186.228,187.607,189.171,190.569,191.656,192.487,193.214,193.983,194.858,195.843,196.92,198.083,199.331,200.664,202.076,203.561,205.106,206.695,208.31,209.925,211.513,213.045,214.49,215.825,217.035,218.122,219.12,220.108,221.235,222.758,225.101
53340.0,272.491,270.802,268.719,266.105,262.929,259.171,254.81,249.83,244.229,238.03,231.296,224.145,216.769,209.438,202.505,196.363,191.396,187.896,185.98,185.536,186.236,187.608,189.168,190.566,191.654,192.486,193.214,193.983,194.858,195.843,196.92,198.082,199.331,200.664,202.076,203.561,205.106,206.695,208.31,209.925,211.513,213.045,214.49,215.825,217.035,218.122,219.12,220.108,221.235,222.758,225.101
53400.0,272.072,270.443,268.415,265.853,262.725,259.012,254.693,249.753,244.188,238.023,231.319,224.193,216.835,209.517,202.587,196.441,191.464,187.949,186.015,185.556,186.244,187.608,189.166,190.563,191.652,192.485,193.214,193.983,194.858,195.843,196.92,198.082,199.331,200.664,202.076,203.561,205.106,206.695,208.31,209.925,211.513,213.044,214.49,215.825,217.035,218.122,219.12,220.108,221.235,222.758,225.101
53460.0,271.649,270.08,268.108,265.598,262.519,258.851,254.575,249.674,244.147,238.015,231.341,224.24,216.901,209.594,202.668,196.519,191.532,188.002,186.051,185.576,186.252,187.608,189.163,190.559,191.65,192.484,193.214,193.983,194.858,195.843,196.92,198.082,199.331,200.664,202.076,203.561,205.105,206.695,208.309,209.925,211.513,213.044,214.49,215.825,217.035,218.122,219.12,220.108,221.235,222.758,225.101
53520.0,271.223,269.715,267.8,265.341,262.311,258.689,254.455,249.594,244.104,238.006,231.362,224.286,216.966,209.671,202.75,196.597,191.6,188.054,186.087,185.597,186.26,187.609,189.16,190.556,191.649,192.484,193.214,193.983,194.858,195.843,196.92,198.082,199.331,200.663,202.076,203.561,205.105,206.695,208.309,209.925,211.513,213.044,214.49,215.825,217.035,218.122,219.12,220.108,221.235,222.758,225.101
53580.0,270.794,269.347,267.488,265.083,262.101,258.525,254.334,249.513,244.06,237.996,231.381,224.331,217.03,209.748,202.831,196.675,191.667,188.107,186.123,185.617,186.269,187.61,189.157,190.553,191.647,192.483,193.214,193.983,194.858,195.843,196.92,198.082,199.331,200.663,202.076,203.561,205.105,206.695,208.309,209.925,211.513,213.044,214.49,215.825,217.035,218.122,219.12,220.108,221.235,222.758,225.101
53640.0,270.362,268.977,267.175,264.822,261.889,258.358,254.21,249.43,244.014,237.985,231.4,224.375,217.093,209.823,202.911,196.752,191.734,188.16,186.159,185.638,186.277,187.61,189.155,190.55,191.645,192.482,193.213,193.983,194.858,195.843,196.92,198.082,199.331,200.663,202.076,203.561,205.105,206.695,208.309,209.925,211.513,213.044,214.49,215.825,217.035,218.122,219.12,220.108,221.235,222.758,225.101
53700.0,269.927,268.603,266.859,264.559,261.675,258.191,254.086,249.346,243.967,237.972,231.418,224.418,217.156,209.899,202.991,196.829,191.802,188.213,186.195,185.658,186.285,187.611,189.152,190.547,191.643,192.481,193.213,193.983,194.858,195.843,196.92,198.082,199.331,200.663,202.076,203.56,205.105,206.695,208.309,209.925,211.513,213.044,214.49,215.825,217.035,218.122,219.12,220.108,221.235,222.758,225.101
53760.0,269.489,268.227,266.54,264.293,261.459,258.021,253.959,249.26,243.919,237.958,231.434,224.46,217.218,209.973,203.071,196.906,191.869,188.265,186.231,185.679,186.293,187.612,189.149,190.544,191.641,192.48,193.213,193.983,194.858,195.843,196.92,198.082,199.33,200.663,202.076,203.56,205.105,206.695,208.309,209.924,211.513,213.044,214.49,215.825,217.035,218.122,219.12,220.108,221.235,222.758,225.101
53820.0,269.047,267.848,266.219,264.026,261.241,257.85,253.831,249.172,243.87,237.943,231.45,224.501,217.279,210.047,203.15,196.983,191.936,188.318,186.268,185.699,186.302,187.612,189.147,190.541,191.639,192.479,193.213,193.983,194.858,195.843,196.919,198.082,199.33,200.663,202.076,203.56,205.105,206.695,208.309,209.924,211.513,213.044,214.49,215.825,217.035,218.122,219.12,220.108,221.235,222.758,225.101
53880.0,268.602,267.466,265.896,263.756,261.022,257.676,253.702,249.084,243.819,237.927,231.464,224.541,217.339,210.121,203.229,197.059,192.003,188.371,186.304,185.72,186.311,187.613,189.144,190.538,191.637,192.478,193.213,193.983,194.858,195.843,196.919,198.082,199.33,200.663,202.076,203.56,205.105,206.695,208.309,209.924,211.513,213.044,214.49,215.825,217.035,218.122,219.12,220.108,221.235,222.758,225.101
53940.0,268.154,267.082,265.57,263.484,260.8,257.501,253.571,248.994,243.767,237.909,231.477,224.581,217.399,210.193,203.307,197.135,192.07,188.423,186.34,185.741,186.319,187.614,189.142,190.535,191.635,192.478,193.213,193.983,194.858,195.843,196.919,198.082,199.33,200.663,202.076,203.56,205.105,206.695,208.309,209.924,211.513,213.044,214.49,215.825,217.035,218.122,219.12,220.108,221.235,222.758,225.101
54000.0,267.703,266.694,265.242,263.21,260.576,257.325,253.438,248.902,243.713,237.89,231.49,224.619,217.457,210.266,203.385,197.211,192.137,188.476,186.377,185.762,186.328,187.615,189.139,190.532,191.633,192.477,193.212,193.983,194.858,195.843,196.919,198.082,199.33,200.663,202.076,203.56,205.105,206.695,208.309,209.924,211.513,213.044,214.49,215.825,217.035,218.122,219.12,220.108,221.235,222.758,225.101
54060.0,267.249,266.304,264.911,262.934,260.351,257.146,253.304,248.809,243.658,237.871,231.501,224.656,217.515,210.337,203.462,197.286,192.203,188.529,186.413,185.783,186.337,187.616,189.136,190.529,191.631,192.476,193.212,193.983,194.858,195.842,196.919,198.082,199.33,200.663,202.076,203.56,205.105,206.695,208.309,209.924,211.513,213.044,214.49,215.825,217.035,218.122,219.12,220.108,221.235,222.758,225.101
54120.0,266.791,265.911,264.577,262.656,260.123,256.966,253.168,248.714,243.602,237.85,231.511,224.693,217.572,210.408,203.54,197.361,192.27,188.581,186.45,185.804,186.345,187.617,189.134,190.526,191.629,192.475,193.212,193.983,194.858,195.842,196.919,198.082,199.33,200.663,202.076,203.56,205.105,206.695,208.309,209.924,211.513,213.044,214.49,215.825,217.035,218.122,219.12,220.108,221.235,222.758,225.101
54180.0,266.33,265.515,264.242,262.375,259.894,256.784,253.03,248.618,243.544,237.827,231.52,224.729,217.629,210.479,203.616,197.436,192.336,188.634,186.486,185.825,186.354,187.618,189.132,190.524,191.627,192.474,193.212,193.983,194.858,195.842,196.919,198.082,199.33,200.663,202.076,203.56,205.105,206.695,208.309,209.924,211.513,213.044,214.49,215.825,217.035,218.122,219.12,220.108,221.235,222.758,225.101
54240.0,265.866,265.117,263.903,262.092,259.662,256.6,252.891,248.521,243.486,237.804,231.528,224.763,217.685,210.548,203.692,197.511,192.402,188.686,186.523,185.846,186.363,187.619,189.129,190.521,191.625,192.473,193.212,193.983,194.858,195.842,196.919,198.082,199.33,200.663,202.076,203.56,205.105,206.695,208.309,209.924,211.512,213.044,214.49,215.825,217.035,218.122,219.12,220.108,221.235,222.758,225.101
54300.0,265.398,264.715,263.563,261.807,259.428,256.415,252.75,248.422,243.425,237.779,231.535,224.797,217.739,210.617,203.768,197.586,192.468,188.739,186.56,185.868,186.373,187.62,189.127,190.518,191.623,192.473,193.211,193.983,194.858,195.842,196.919,198.082,199.33,200.663,202.076,203.56,205.105,206.695,208.309,209.924,211.512,213.044,214.49,215.825,217.035,218.122,219.12,220.108,221.235,222.758,225.101
54360.0,264.927,264.311,263.219,261.52,259.193,256.227,252.608,248.321,243.364,237.753,231.541,224.83,217.794,210.686,203.843,197.66,192.534,188.792,186.596,185.889,186.382,187.622,189.124,190.515,191.621,192.472,193.211,193.983,194.858,195.842,196.919,198.082,199.33,200.663,202.075,203.56,205.105,206.695,208.309,209.924,211.512,213.044,214.49,215.825,217.035,218.122,219.12,220.108,221.235,222.758,225.101
54420.0,264.453,263.903,262.874,261.23,258.955,256.038,252.464,248.219,243.301,237.726,231.545,224.862,217.847,210.754,203.918,197.734,192.6,188.844,186.633,185.911,186.391,187.623,189.122,190.512,191.619,192.471,193.211,193.983,194.858,195.842,196.919,198.082,199.33,200.663,202.075,203.56,205.105,206.694,208.309,209.924,211.512,213.044,214.49,215.825,217.035,218.122,219.12,220.108,221.235,222.758,225.101
54480.0,263.975,263.493,262.525,260.939,258.716,255.847,252.318,248.116,243.237,237.698,231.549,224.893,217.899,210.821,203.992,197.807,192.666,188.897,186.67,185.932,186.4,187.624,189.12,190.509,191.617,192.47,193.211,193.983,194.858,195.842,196.919,198.081,199.33,200.663,202.075,203.56,205.105,206.694,208.309,209.924,211.512,213.044,214.49,215.825,217.034,218.122,219.12,220.108,221.235,222.758,225.101
54540.0,263.494,263.08,262.174,260.645,258.475,255.655,252.171,248.011,243.172,237.668,231.552,224.923,217.951,210.888,204.066,197.88,192.731,188.949,186.707,185.954,186.41,187.626,189.117,190.506,191.615,192.469,193.211,193.983,194.858,195.842,196.919,198.081,199.33,200.663,202.075,203.56,205.105,206.694,208.309,209.924,211.512,213.044,214.49,215.825,217.034,218.122,219.12,220.108,221.235,222.758,225.101
54600.0,263.01,262.664,261.821,260.349,258.231,255.46,252.022,247.905,243.105,237.638,231.553,224.952,218.002,210.954,204.14,197.953,192.797,189.002,186.744,185.976,186.419,187.627,189.115,190.503,191.613,192.468,193.211,193.983,194.858,195.842,196.919,198.081,199.33,200.663,202.075,203.56,205.105,206.694,208.309,209.924,211.512,213.044,214.49,215.825,217.034,218.122,219.12,220.108,221.235,222.758,225.101
54660.0,262.522,262.245,261.465,260.05,257.986,255.264,251.872,247.797,243.037,237.606,231.554,224.98,218.052,211.019,204.213,198.026,192.862,189.054,186.781,185.998,186.429,187.629,189.113,190.5,191.611,192.467,193.21,193.983,194.858,195.842,196.919,198.081,199.33,200.663,202.075,203.56,205.105,206.694,208.309,209.924,211.512,213.044,214.49,215.825,217.034,218.122,219.12,220.108,221.235,222.758,225.101
54720.0,262.031,261.823,261.106,259.749,257.738,255.066,251.72,247.688,242.967,237.573,231.553,225.007,218.102,211.084,204.285,198.099,192.927,189.107,186.818,186.019,186.438,187.63,189.111,190.497,191.609,192.466,193.21,193.983,194.858,195.842,196.919,198.081,199.33,200.663,202.075,203.56,205.105,206.694,208.309,209.924,211.512,213.044,214.49,215.825,217.034,218.122,219.12,220.108,221.235,222.758,225.101
54780.0,261.537,261.398,260.745,259.446,257.489,254.866,251.566,247.578,242.897,237.538,231.552,225.034,218.15,211.148,204.357,198.171,192.992,189.159,186.855,186.041,186.448,187.632,189.109,190.495,191.607,192.466,193.21,193.983,194.858,195.842,196.919,198.081,199.33,200.663,202.075,203.56,205.105,206.694,208.309,209.924,211.512,213.044,214.49,215.825,217.034,218.122,219.12,220.108,221.235,222.758,225.101
54840.0,261.039,260.971,260.382,259.141,257.237,254.665,251.411,247.466,242.824,237.503,231.549,225.059,218.198,211.212,204.429,198.243,193.057,189.211,186.892,186.064,186.458,187.634,189.107,190.492,191.605,192.465,193.21,193.983,194.858,195.842,196.919,198.081,199.33,200.662,202.075,203.56,205.105,206.694,208.309,209.924,211.512,213.044,214.49,215.825,217.034,218.122,219.12,220.108,221.235,222.758,225.101
54900.0,260.537,260.54,260.016,258.834,256.984,254.461,251.254,247.352,242.751,237.466,231.545,225.084,218.245,211.275,204.5,198.314,193.122,189.264,186.929,186.086,186.468,187.636,189.104,190.489,191.603,192.464,193.21,193.983,194.858,195.842,196.918,198.081,199.33,200.662,202.075,203.56,205.105,206.694,208.309,209.924,211.512,213.044,214.49,215.825,217.034,218.122,219.12,220.108,221.235,222.758,225.102
54960.0,260.032,260.106,259.647,258.524,256.729,254.256,251.096,247.237,242.676,237.428,231.54,225.107,218.291,211.337,204.571,198.386,193.186,189.316,186.966,186.108,186.477,187.637,189.102,190.486,191.601,192.463,193.209,193.983,194.858,195.842,196.918,198.081,199.329,200.662,202.075,203.56,205.104,206.694,208.309,209.924,211.512,213.044,214.49,215.825,217.034,218.122,219.12,220.108,221.235,222.758,225.102
55020.0,259.524,259.669,259.275,258.212,256.471,254.049,250.936,247.12,242.6,237.389,231.534,225.13,218.337,211.398,204.641,198.457,193.251,189.368,187.003,186.13,186.487,187.639,189.1,190.483,191.599,192.462,193.209,193.983,194.858,195.842,196.918,198.081,199.329,200.662,202.075,203.56,205.104,206.694,208.309,209.924,211.512,213.044,214.49,215.825,217.034,218.122,219.12,220.108,221.235,222.758,225.102
55080.0,259.012,259.229,258.901,257.898,256.212,253.84,250.774,247.003,242.523,237.349,231.527,225.151,218.382,211.459,204.711,198.527,193.315,189.421,187.041,186.152,186.498,187.641,189.098,190.481,191.597,192.461,193.209,193.983,194.859,195.842,196.918,198.081,199.329,200.662,202.075,203.559,205.104,206.694,208.309,209.924,211.512,213.044,214.49,215.825,217.034,218.122,219.12,220.108,221.235,222.758,225.102
55140.0,258.496,258.787,258.525,257.581,255.95,253.63,250.611,246.883,242.444,237.308,231.519,225.172,218.425,211.52,204.78,198.598,193.379,189.473,187.078,186.175,186.508,187.643,189.096,190.478,191.595,192.46,193.209,193.983,194.859,195.842,196.918,198.081,199.329,200.662,202.075,203.559,205.104,206.694,208.309,209.924,211.512,213.044,214.49,215.825,217.034,218.122,219.12,220.108,221.235,222.758,225.102
55200.0,257.977,258.341,258.145,257.263,255.687,253.417,250.446,246.762,242.364,237.265,231.51,225.192,218.469,211.58,204.849,198.668,193.443,189.525,187.115,186.197,186.518,187.645,189.094,190.475,191.593,192.459,193.209,193.983,194.859,195.842,196.918,198.081,199.329,200.662,202.075,203.559,205.104,206.694,208.309,209.924,211.512,213.044,214.49,215.825,217.034,218.122,219.12,220.108,221.235,222.758,225.102
55260.0,257.454,257.892,257.763,256.941,255.421,253.203,250.279,246.64,242.283,237.221,231.5,225.211,218.511,211.639,204.918,198.737,193.507,189.577,187.153,186.22,186.528,187.647,189.092,190.472,191.591,192.458,193.208,193.983,194.859,195.842,196.918,198.081,199.329,200.662,202.075,203.559,205.104,206.694,208.308,209.924,211.512,213.044,214.49,215.825,217.034,218.122,219.12,220.108,221.235,222.758,225.102
55320.0,256.928,257.44,257.379,256.618,255.154,252.987,250.111,246.516,242.2,237.176,231.489,225.229,218.552,211.697,204.986,198.807,193.571,189.629,187.19,186.243,186.538,187.649,189.091,190.47,191.589,192.458,193.208,193.983,194.859,195.842,196.918,198.081,199.329,200.662,202.075,203.559,205.104,206.694,208.308,209.924,211.512,213.044,214.49,215.825,217.034,218.122,219.12,220.108,221.235,222.758,225.102
55380.0,256.398,256.985,256.992,256.292,254.884,252.769,249.941,246.391,242.116,237.13,231.476,225.246,218.593,211.755,205.053,198.876,193.634,189.681,187.228,186.265,186.549,187.651,189.089,190.467,191.587,192.457,193.208,193.983,194.859,195.842,196.918,198.081,199.329,200.662,202.075,203.559,205.104,206.694,208.308,209.924,211.512,213.044,214.49,215.825,217.034,218.122,219.12,220.108,221.235,222.758,225.102
55440.0,255.864,256.527,256.602,255.964,254.612,252.549,249.77,246.264,242.031,237.083,231.463,225.262,218.633,211.812,205.12,198.945,193.697,189.733,187.265,186.288,186.559,187.654,189.087,190.464,191.585,192.456,193.208,193.983,194.859,195.842,196.918,198.081,199.329,200.662,202.075,203.559,205.104,206.694,208.308,209.924,211.512,213.044,214.49,215.825,217.034,218.122,219.12,220.108,221.235,222.758,225.102
55500.0,255.327,256.065,256.209,255.634,254.339,252.328,249.596,246.136,241.944,237.034,231.449,225.277,218.672,211.869,205.187,199.013,193.76,189.785,187.303,186.311,186.57,187.656,189.085,190.461,191.583,192.455,193.207,193.983,194.859,195.842,196.918,198.081,199.329,200.662,202.075,203.559,205.104,206.694,208.308,209.924,211.512,213.044,214.49,215.825,217.034,218.122,219.12,220.108,221.235,222.758,225.102
55560.0,254.786,255.601,255.814,255.301,254.063,252.105,249.422,246.006,241.856,236.984,231.433,225.291,218.711,211.925,205.253,199.082,193.823,189.837,187.34,186.334,186.581,187.658,189.083,190.459,191.581,192.454,193.207,193.983,194.859,195.841,196.918,198.081,199.329,200.662,202.075,203.559,205.104,206.694,208.308,209.924,211.512,213.044,214.49,215.825,217.034,218.122,219.12,220.108,221.235,222.758,225.102
55620.0,254.242,255.134,255.416,254.966,253.785,251.88,249.245,245.875,241.767,236.933,231.417,225.304,218.748,211.98,205.318,199.15,193.886,189.889,187.378,186.357,186.591,187.661,189.082,190.456,191.579,192.453,193.207,193.983,194.859,195.841,196.918,198.08,199.329,200.662,202.075,203.559,205.104,206.694,208.308,209.924,211.512,213.044,214.49,215.825,217.034,218.122,219.12,220.108,221.235,222.758,225.102
55680.0,253.694,254.663,255.016,254.629,253.505,251.653,249.067,245.743,241.676,236.881,231.399,225.317,218.785,212.035,205.383,199.217,193.949,189.941,187.416,186.38,186.602,187.663,189.08,190.453,191.577,192.452,193.207,193.983,194.859,195.841,196.918,198.08,199.329,200.662,202.074,203.559,205.104,206.694,208.308,209.923,211.512,213.044,214.49,215.825,217.034,218.122,219.12,220.108,221.235,222.758,225.102
55740.0,253.142,254.189,254.612,254.289,253.223,251.424,248.888,245.609,241.584,236.828,231.38,225.328,218.821,212.089,205.448,199.284,194.011,189.993,187.453,186.403,186.613,187.666,189.078,190.451,191.575,192.451,193.207,193.983,194.859,195.841,196.918,198.08,199.329,200.662,202.074,203.559,205.104,206.694,208.308,209.923,211.512,213.044,214.489,215.825,217.034,218.122,219.12,220.108,221.235,222.758,225.102
55800.0,252.586,253.712,254.206,253.947,252.94,251.194,248.707,245.473,241.491,236.773,231.361,225.338,218.856,212.142,205.512,199.351,194.074,190.045,187.491,186.426,186.624,187.668,189.076,190.448,191.573,192.45,193.206,193.983,194.859,195.841,196.918,198.08,199.329,200.662,202.074,203.559,205.104,206.694,208.308,209.923,211.512,213.044,214.489,215.825,217.034,218.122,219.12,220.108,221.235,222.758,225.102
55860.0,252.026,253.232,253.798,253.602,252.654,250.961,248.524,245.336,241.396,236.718,231.34,225.348,218.89,212.195,205.576,199.418,194.136,190.096,187.529,186.449,186.635,187.671,189.075,190.445,191.571,192.449,193.206,193.983,194.859,195.841,196.918,198.08,199.329,200.662,202.074,203.559,205.104,206.694,208.308,209.923,211.512,213.044,214.489,215.825,217.034,218.122,219.12,220.108,221.235,222.758,225.102
55920.0,251.463,252.749,253.386,253.255,252.365,250.727,248.339,245.198,241.301,236.661,231.318,225.357,218.924,212.247,205.639,199.484,194.198,190.148,187.566,186.473,186.646,187.673,189.073,190.443,191.569,192.448,193.206,193.983,194.859,195.841,196.918,198.08,199.329,200.662,202.074,203.559,205.104,206.694,208.308,209.923,211.512,213.044,214.489,215.825,217.034,218.122,219.12,220.108,221.235,222.758,225.102
55980.0,250.896,252.262,252.972,252.906,252.075,250.491,248.153,245.058,241.203,236.602,231.295,225.364,218.957,212.299,205.701,199.55,194.26,190.199,187.604,186.496,186.657,187.676,189.072,190.44,191.568,192.448,193.206,193.983,194.859,195.841,196.918,198.08,199.329,200.662,202.074,203.559,205.104,206.694,208.308,209.923,211.512,213.043,214.489,215.825,217.034,218.122,219.12,220.108,221.235,222.758,225.102
56040.0,250.325,251.772,252.555,252.555,251.783,250.253,247.965,244.916,241.105,236.543,231.271,225.371,218.989,212.349,205.764,199.616,194.321,190.251,187.642,186.52,186.668,187.679,189.07,190.438,191.566,192.447,193.205,193.983,194.859,195.841,196.917,198.08,199.329,200.662,202.074,203.559,205.104,206.693,208.308,209.923,211.512,213.043,214.489,215.825,217.034,218.122,219.12,220.108,221.235,222.758,225.102
56100.0,249.75,251.279,252.135,252.201,251.489,250.013,247.776,244.774,241.005,236.483,231.246,225.377,219.02,212.4,205.825,199.681,194.383,190.302,187.68,186.543,186.679,187.682,189.069,190.435,191.564,192.446,193.205,193.983,194.859,195.841,196.917,198.08,199.329,200.661,202.074,203.559,205.104,206.693,208.308,209.923,211.512,213.043,214.489,215.825,217.034,218.122,219.12,220.108,221.235,222.758,225.102
56160.0,249.171,250.783,251.713,251.844,251.192,249.772,247.585,244.629,240.904,236.421,231.22,225.382,219.051,212.449,205.887,199.746,194.444,190.354,187.717,186.567,186.691,187.685,189.067,190.432,191.562,192.445,193.205,193.983,194.859,195.841,196.917,198.08,199.329,200.661,202.074,203.559,205.104,206.693,208.308,209.923,211.512,213.043,214.489,215.825,217.034,218.122,219.12,220.108,221.235,222.758,225.102
56220.0,248.588,250.283,251.287,251.485,250.894,249.528,247.392,244.483,240.801,236.358,231.192,225.386,219.08,212.498,205.947,199.811,194.505,190.405,187.755,186.59,186.702,187.688,189.066,190.43,191.56,192.444,193.205,193.983,194.859,195.841,196.917,198.08,199.328,200.661,202.074,203.559,205.104,206.693,208.308,209.923,211.512,213.043,214.489,215.825,217.034,218.122,219.12,220.108,221.235,222.758,225.102
56280.0,248.002,249.78,250.859,251.124,250.593,249.283,247.198,244.336,240.697,236.294,231.164,225.389,219.109,212.546,206.008,199.875,194.566,190.456,187.793,186.614,186.714,187.691,189.064,190.427,191.558,192.443,193.205,193.983,194.859,195.841,196.917,198.08,199.328,200.661,202.074,203.559,205.104,206.693,208.308,209.923,211.512,213.043,214.489,215.825,217.034,218.122,219.12,220.108,221.235,222.758,225.102
56340.0,247.411,249.274,250.428,250.76,250.29,249.036,247.002,244.187,240.592,236.229,231.135,225.391,219.137,212.594,206.067,199.94,194.627,190.507,187.831,186.638,186.725,187.694,189.063,190.425,191.556,192.442,193.204,193.983,194.859,195.841,196.917,198.08,199.328,200.661,202.074,203.559,205.104,206.693,208.308,209.923,211.512,213.043,214.489,215.824,217.034,218.122,219.12,220.108,221.235,222.758,225.102
56400.0,246.816,248.764,249.994,250.394,249.985,248.787,246.804,244.037,240.486,236.162,231.104,225.392,219.164,212.641,206.127,200.003,194.687,190.559,187.869,186.661,186.737,187.697,189.062,190.422,191.554,192.441,193.204,193.983,194.859,195.841,196.917,198.08,199.328,200.661,202.074,203.559,205.104,206.693,208.308,209.923,211.512,213.043,214.489,215.824,217.034,218.122,219.12,220.108,221.235,222.758,225.102
56460.0,246.218,248.251,249.558,250.026,249.679,248.536,246.605,243.886,240.378,236.095,231.073,225.392,219.191,212.687,206.185,200.067,194.748,190.61,187.907,186.685,186.748,187.7,189.06,190.42,191.552,192.44,193.204,193.983,194.859,195.841,196.917,198.08,199.328,200.661,202.074,203.559,205.103,206.693,208.308,209.923,211.511,213.043,214.489,215.824,217.034,218.122,219.12,220.108,221.235,222.758,225.102
56520.0,245.615,247.735,249.118,249.655,249.369,248.283,246.404,243.732,240.269,236.026,231.04,225.391,219.216,212.733,206.244,200.13,194.808,190.661,187.945,186.709,186.76,187.703,189.059,190.417,191.55,192.439,193.204,193.983,194.859,195.841,196.917,198.08,199.328,200.661,202.074,203.558,205.103,206.693,208.308,209.923,211.511,213.043,214.489,215.824,217.034,218.122,219.12,220.108,221.235,222.758,225.102
56580.0,245.008,247.215,248.676,249.282,249.058,248.029,246.202,243.578,240.158,235.956,231.007,225.39,219.241,212.778,206.301,200.192,194.868,190.712,187.983,186.733,186.772,187.706,189.058,190.415,191.548,192.438,193.203,193.983,194.859,195.841,196.917,198.08,199.328,200.661,202.074,203.558,205.103,206.693,208.308,209.923,211.511,213.043,214.489,215.824,217.034,218.122,219.12,220.108,221.235,222.758,225.102
56640.0,244.398,246.692,248.23,248.906,248.745,247.772,245.998,243.422,240.047,235.885,230.972,225.387,219.265,212.822,206.359,200.255,194.927,190.762,188.021,186.757,186.784,187.709,189.057,190.412,191.546,192.437,193.203,193.983,194.859,195.841,196.917,198.08,199.328,200.661,202.074,203.558,205.103,206.693,208.308,209.923,211.511,213.043,214.489,215.824,217.034,218.122,219.12,220.108,221.235,222.758,225.102
56700.0,243.783,246.165,247.782,248.527,248.429,247.514,245.792,243.264,239.933,235.812,230.937,225.383,219.289,212.866,206.416,200.317,194.987,190.813,188.059,186.781,186.796,187.713,189.055,190.41,191.544,192.436,193.203,193.983,194.859,195.841,196.917,198.08,199.328,200.661,202.074,203.558,205.103,206.693,208.308,209.923,211.511,213.043,214.489,215.824,217.034,218.122,219.12,220.108,221.235,222.758,225.102
56760.0,243.164,245.635,247.331,248.146,248.112,247.254,245.584,243.105,239.819,235.739,230.9,225.379,219.311,212.909,206.472,200.378,195.046,190.864,188.097,186.805,186.808,187.716,189.054,190.407,191.542,192.435,193.203,193.983,194.859,195.841,196.917,198.08,199.328,200.661,202.074,203.558,205.103,206.693,208.308,209.923,211.511,213.043,214.489,215.824,217.034,218.122,219.12,220.108,221.235,222.758,225.102
56820.0,242.54,245.101,246.877,247.763,247.792,246.992,245.375,242.945,239.703,235.664,230.862,225.374,219.333,212.951,206.528,200.44,195.106,190.914,188.135,186.83,186.82,187.72,189.053,190.405,191.54,192.435,193.202,193.983,194.859,195.841,196.917,198.079,199.328,200.661,202.074,203.558,205.103,206.693,208.308,209.923,211.511,213.043,214.489,215.824,217.034,218.122,219.12,220.108,221.235,222.758,225.102
56880.0,241.913,244.564,246.42,247.377,247.47,246.728,245.164,242.783,239.586,235.588,230.823,225.367,219.354,212.993,206.583,200.501,195.165,190.965,188.173,186.854,186.832,187.723,189.052,190.402,191.538,192.434,193.202,193.983,194.859,195.841,196.917,198.079,199.328,200.661,202.074,203.558,205.103,206.693,208.308,209.923,211.511,213.043,214.489,215.824,217.034,218.122,219.12,220.108,221.235,222.758,225.102
56940.0,241.281,244.024,245.96,246.989,247.146,246.462,244.952,242.619,239.468,235.511,230.783,225.36,219.374,213.034,206.638,200.561,195.223,191.016,188.211,186.878,186.844,187.727,189.051,190.4,191.536,192.433,193.202,193.983,194.859,195.841,196.917,198.079,199.328,200.661,202.074,203.558,205.103,206.693,208.308,209.923,211.511,213.043,214.489,215.824,217.034,218.122,219.12,220.108,221.235,222.758,225.102
57000.0,240.645,243.48,245.498,246.598,246.82,246.194,244.738,242.454,239.348,235.432,230.742,225.352,219.393,213.074,206.692,200.621,195.282,191.066,188.249,186.903,186.856,187.73,189.05,190.398,191.535,192.432,193.202,193.983,194.859,195.841,196.917,198.079,199.328,200.661,202.073,203.558,205.103,206.693,208.307,209.923,211.511,213.043,214.489,215.824,217.034,218.122,219.12,220.108,221.235,222.758,225.102
57060.0,240.005,242.932,245.032,246.205,246.491,245.925,244.522,242.288,239.227,235.353,230.7,225.343,219.411,213.114,206.746,200.681,195.34,191.116,188.287,186.927,186.869,187.734,189.049,190.395,191.533,192.431,193.201,193.983,194.859,195.84,196.917,198.079,199.328,200.661,202.073,203.558,205.103,206.693,208.307,209.923,211.511,213.043,214.489,215.824,217.034,218.122,219.12,220.108,221.235,222.758,225.102
57120.0,239.361,242.381,244.563,245.809,246.161,245.653,244.304,242.12,239.105,235.272,230.657,225.333,219.429,213.153,206.799,200.741,195.398,191.166,188.325,186.952,186.881,187.738,189.048,190.393,191.531,192.43,193.201,193.983,194.859,195.84,196.917,198.079,199.328,200.661,202.073,203.558,205.103,206.693,208.307,209.923,211.511,213.043,214.489,215.824,217.034,218.122,219.12,220.108,221.235,222.758,225.102
57180.0,238.712,241.826,244.091,245.41,245.828,245.38,244.085,241.95,238.981,235.19,230.613,225.322,219.446,213.192,206.852,200.8,195.456,191.217,188.363,186.976,186.893,187.741,189.047,190.39,191.529,192.429,193.201,193.983,194.859,195.84,196.916,198.079,199.328,200.661,202.073,203.558,205.103,206.693,208.307,209.923,211.511,213.043,214.489,215.824,217.034,218.122,219.12,220.108,221.235,222.758,225.102
57240.0,238.058,241.268,243.616,245.009,245.493,245.105,243.864,241.779,238.856,235.107,230.568,225.31,219.462,213.229,206.904,200.859,195.514,191.267,188.401,187.001,186.906,187.745,189.046,190.388,191.527,192.428,193.2,193.983,194.859,195.84,196.916,198.079,199.328,200.661,202.073,203.558,205.103,206.693,208.307,209.923,211.511,213.043,214.489,215.824,217.034,218.122,219.12,220.108,221.235,222.758,225.102
57300.0,237.401,240.706,243.138,244.606,245.156,244.827,243.642,241.607,238.73,235.023,230.521,225.297,219.477,213.266,206.956,200.918,195.572,191.317,188.439,187.025,186.919,187.749,189.045,190.386,191.525,192.427,193.2,193.983,194.859,195.84,196.916,198.079,199.328,200.661,202.073,203.558,205.103,206.693,208.307,209.923,211.511,213.043,214.489,215.824,217.034,218.122,219.12,220.108,221.235,222.758,225.102
57360.0,236.739,240.14,242.658,244.2,244.816,244.548,243.417,241.433,238.602,234.937,230.474,225.283,219.492,213.303,207.007,200.976,195.629,191.367,188.477,187.05,186.931,187.753,189.044,190.383,191.523,192.426,193.2,193.983,194.859,195.84,196.916,198.079,199.328,200.66,202.073,203.558,205.103,206.693,208.307,209.923,211.511,213.043,214.489,215.824,217.034,218.122,219.12,220.108,221.235,222.758,225.102
57420.0,236.072,239.571,242.174,243.791,244.474,244.267,243.192,241.258,238.473,234.851,230.426,225.268,219.505,213.339,207.058,201.034,195.686,191.416,188.515,187.075,186.944,187.757,189.043,190.381,191.521,192.425,193.2,193.983,194.859,195.84,196.916,198.079,199.327,200.66,202.073,203.558,205.103,206.693,208.307,209.923,211.511,213.043,214.489,215.824,217.034,218.122,219.12,220.108,221.235,222.758,225.102
57480.0,235.401,238.998,241.687,243.38,244.131,243.984,242.964,241.081,238.343,234.763,230.376,225.253,219.518,213.374,207.108,201.091,195.743,191.466,188.553,187.099,186.957,187.761,189.043,190.379,191.519,192.424,193.199,193.983,194.859,195.84,196.916,198.079,199.327,200.66,202.073,203.558,205.103,206.693,208.307,209.923,211.511,213.043,214.489,215.824,217.034,218.122,219.12,220.108,221.235,222.758,225.102
57540.0,234.726,238.421,241.196,242.966,243.785,243.699,242.735,240.903,238.211,234.674,230.326,225.236,219.53,213.408,207.158,201.148,195.8,191.516,188.591,187.124,186.969,187.765,189.042,190.377,191.517,192.423,193.199,193.983,194.859,195.84,196.916,198.079,199.327,200.66,202.073,203.558,205.103,206.693,208.307,209.923,211.511,213.043,214.489,215.824,217.034,218.122,219.12,220.108,221.235,222.758,225.102
57600.0,234.045,237.84,240.703,242.549,243.436,243.412,242.504,240.723,238.078,234.584,230.274,225.218,219.541,213.442,207.207,201.205,195.856,191.565,188.629,187.149,186.982,187.769,189.041,190.374,191.515,192.422,193.199,193.983,194.859,195.84,196.916,198.079,199.327,200.66,202.073,203.558,205.103,206.693,208.307,209.923,211.511,213.043,214.489,215.824,217.034,218.121,219.12,220.108,221.235,222.758,225.102
57660.0,233.361,237.256,240.207,242.13,243.086,243.124,242.271,240.541,237.944,234.492,230.221,225.2,219.552,213.475,207.255,201.261,195.912,191.615,188.667,187.174,186.995,187.773,189.04,190.372,191.514,192.421,193.199,193.983,194.859,195.84,196.916,198.079,199.327,200.66,202.073,203.558,205.103,206.692,208.307,209.922,211.511,213.043,214.489,215.824,217.034,218.121,219.12,220.108,221.235,222.758,225.102
57720.0,232.671,236.668,239.707,241.708,242.733,242.833,242.037,240.359,237.808,234.4,230.168,225.181,219.562,213.508,207.304,201.317,195.968,191.664,188.705,187.199,187.008,187.778,189.04,190.37,191.512,192.42,193.198,193.983,194.859,195.84,196.916,198.079,199.327,200.66,202.073,203.558,205.103,206.692,208.307,209.922,211.511,213.043,214.489,215.824,217.034,218.121,219.12,220.108,221.235,222.758,225.102
57780.0,231.977,236.076,239.204,241.283,242.378,242.54,241.801,240.174,237.671,234.306,230.113,225.16,219.57,213.54,207.351,201.373,196.024,191.713,188.743,187.224,187.021,187.782,189.039,190.368,191.51,192.419,193.198,193.983,194.859,195.84,196.916,198.079,199.327,200.66,202.073,203.558,205.103,206.692,208.307,209.922,211.511,213.043,214.489,215.824,217.034,218.121,219.12,220.108,221.235,222.758,225.102
57840.0,231.279,235.48,238.699,240.856,242.02,242.246,241.563,239.988,237.533,234.211,230.057,225.139,219.578,213.571,207.398,201.428,196.08,191.762,188.781,187.249,187.034,187.786,189.039,190.365,191.508,192.418,193.198,193.983,194.859,195.84,196.916,198.079,199.327,200.66,202.073,203.558,205.103,206.692,208.307,209.922,211.511,213.043,214.489,215.824,217.034,218.121,219.12,220.108,221.235,222.758,225.102
57900.0,230.575,234.881,238.189,240.426,241.661,241.949,241.324,239.801,237.393,234.115,230.0,225.117,219.586,213.601,207.445,201.483,196.135,191.811,188.819,187.274,187.048,187.79,189.038,190.363,191.506,192.417,193.197,193.983,194.859,195.84,196.916,198.079,199.327,200.66,202.073,203.557,205.103,206.692,208.307,209.922,211.511,213.043,214.489,215.824,217.034,218.121,219.12,220.108,221.235,222.758,225.102
57960.0,229.867,234.277,237.677,239.994,241.299,241.651,241.082,239.612,237.252,234.018,229.942,225.094,219.592,213.631,207.491,201.537,196.19,191.86,188.857,187.299,187.061,187.795,189.038,190.361,191.504,192.416,193.197,193.983,194.859,195.84,196.916,198.078,199.327,200.66,202.073,203.557,205.102,206.692,208.307,209.922,211.511,213.043,214.489,215.824,217.034,218.121,219.12,220.108,221.235,222.758,225.102
58020.0,229.154,233.67,237.162,239.558,240.935,241.35,240.84,239.422,237.11,233.919,229.884,225.07,219.598,213.66,207.537,201.592,196.245,191.909,188.895,187.324,187.074,187.799,189.037,190.359,191.502,192.415,193.197,193.983,194.859,195.84,196.916,198.078,199.327,200.66,202.073,203.557,205.102,206.692,208.307,209.922,211.511,213.043,214.489,215.824,217.034,218.121,219.12,220.108,221.235,222.758,225.102
58080.0,228.436,233.058,236.643,239.12,240.568,241.048,240.595,239.23,236.966,233.819,229.823,225.045,219.603,213.689,207.582,201.645,196.3,191.958,188.933,187.35,187.088,187.804,189.037,190.357,191.5,192.414,193.197,193.983,194.859,195.84,196.916,198.078,199.327,200.66,202.073,203.557,205.102,206.692,208.307,209.922,211.511,213.043,214.489,215.824,217.034,218.121,219.12,220.108,221.235,222.758,225.102
58140.0,227.713,232.443,236.121,238.68,240.199,240.743,240.349,239.037,236.821,233.719,229.762,225.019,219.607,213.717,207.626,201.699,196.355,192.007,188.971,187.375,187.101,187.808,189.036,190.354,191.499,192.413,193.196,193.983,194.859,195.84,196.916,198.078,199.327,200.66,202.073,203.557,205.102,206.692,208.307,209.922,211.511,213.043,214.489,215.824,217.034,218.121,219.12,220.108,221.235,222.758,225.102
58200.0,226.985,231.823,235.595,238.236,239.828,240.437,240.101,238.842,236.675,233.616,229.7,224.992,219.61,213.744,207.67,201.752,196.409,192.055,189.009,187.4,187.114,187.813,189.036,190.352,191.497,192.412,193.196,193.983,194.859,195.84,196.916,198.078,199.327,200.66,202.073,203.557,205.102,206.692,208.307,209.922,211.511,213.043,214.489,215.824,217.034,218.121,219.12,220.108,221.235,222.758,225.102
58260.0,226.253,231.2,235.067,237.79,239.455,240.128,239.851,238.646,236.527,233.513,229.637,224.964,219.612,213.77,207.714,201.805,196.463,192.103,189.047,187.425,187.128,187.818,189.035,190.35,191.495,192.411,193.196,193.983,194.859,195.84,196.916,198.078,199.327,200.66,202.073,203.557,205.102,206.692,208.307,209.922,211.511,213.043,214.489,215.824,217.034,218.121,219.12,220.108,221.235,222.758,225.102
58320.0,225.515,230.573,234.534,237.341,239.079,239.818,239.599,238.448,236.378,233.409,229.573,224.936,219.614,213.796,207.757,201.857,196.517,192.152,189.085,187.451,187.141,187.823,189.035,190.348,191.493,192.41,193.195,193.983,194.859,195.84,196.915,198.078,199.327,200.66,202.073,203.557,205.102,206.692,208.307,209.922,211.511,213.043,214.489,215.824,217.034,218.121,219.12,220.108,221.235,222.758,225.102
58380.0,224.772,229.941,233.999,236.889,238.701,239.505,239.346,238.248,236.228,233.303,229.508,224.906,219.615,213.821,207.799,201.909,196.57,192.2,189.123,187.476,187.155,187.827,189.035,190.346,191.491,192.409,193.195,193.983,194.859,195.84,196.915,198.078,199.327,200.66,202.072,203.557,205.102,206.692,208.307,209.922,211.511,213.043,214.489,215.824,217.034,218.121,219.12,220.108,221.235,222.758,225.102
58440.0,224.025,229.305,233.46,236.434,238.32,239.191,239.091,238.047,236.076,233.196,229.441,224.876,219.615,213.846,207.841,201.96,196.623,192.248,189.161,187.502,187.169,187.832,189.034,190.344,191.489,192.408,193.195,193.983,194.859,195.84,196.915,198.078,199.327,200.66,202.072,203.557,205.102,206.692,208.307,209.922,211.511,213.043,214.489,215.824,217.034,218.121,219.12,220.108,221.235,222.758,225.102
58500.0,223.272,228.665,232.918,235.977,237.937,238.874,238.835,237.845,235.923,233.088,229.374,224.844,219.614,213.869,207.882,202.011,196.676,192.296,189.198,187.527,187.183,187.837,189.034,190.342,191.487,192.407,193.195,193.983,194.859,195.84,196.915,198.078,199.327,200.66,202.072,203.557,205.102,206.692,208.307,209.922,211.511,213.043,214.489,215.824,217.034,218.121,219.12,220.108,221.235,222.758,225.102
58560.0,222.513,228.021,232.372,235.517,237.552,238.556,238.576,237.641,235.769,232.979,229.305,224.812,219.612,213.893,207.923,202.062,196.729,192.344,189.236,187.553,187.196,187.842,189.034,190.34,191.485,192.406,193.194,193.983,194.859,195.84,196.915,198.078,199.327,200.66,202.072,203.557,205.102,206.692,208.307,209.922,211.511,213.042,214.489,215.824,217.034,218.121,219.12,220.108,221.235,222.758,225.102
58620.0,221.75,227.373,231.823,235.054,237.164,238.235,238.316,237.436,235.613,232.869,229.236,224.778,219.61,213.915,207.963,202.113,196.782,192.392,189.274,187.578,187.21,187.847,189.034,190.338,191.484,192.406,193.194,193.983,194.859,195.84,196.915,198.078,199.326,200.659,202.072,203.557,205.102,206.692,208.307,209.922,211.511,213.042,214.489,215.824,217.034,218.121,219.12,220.108,221.235,222.758,225.102
58680.0,220.982,226.72,231.271,234.587,236.774,237.913,238.054,237.229,235.456,232.757,229.165,224.744,219.607,213.937,208.003,202.163,196.834,192.439,189.312,187.604,187.224,187.852,189.034,190.336,191.482,192.405,193.194,193.983,194.859,195.839,196.915,198.078,199.326,200.659,202.072,203.557,205.102,206.692,208.307,209.922,211.51,213.042,214.489,215.824,217.034,218.121,219.12,220.108,221.235,222.758,225.102
58740.0,220.208,226.064,230.715,234.119,236.382,237.588,237.79,237.02,235.298,232.644,229.094,224.709,219.603,213.958,208.042,202.212,196.886,192.487,189.35,187.629,187.238,187.857,189.033,190.334,191.48,192.404,193.193,193.983,194.859,195.839,196.915,198.078,199.326,200.659,202.072,203.557,205.102,206.692,208.307,209.922,211.51,213.042,214.489,215.824,217.034,218.121,219.12,220.108,221.235,222.758,225.102
58800.0,219.428,225.403,230.155,233.647,235.987,237.261,237.525,236.81,235.138,232.53,229.021,224.673,219.598,213.979,208.081,202.262,196.938,192.534,189.387,187.655,187.252,187.862,189.033,190.332,191.478,192.403,193.193,193.983,194.859,195.839,196.915,198.078,199.326,200.659,202.072,203.557,205.102,206.692,208.306,209.922,211.51,213.042,214.488,215.824,217.034,218.121,219.12,220.108,221.235,222.758,225.102
58860.0,218.644,224.737,229.592,233.172,235.589,236.932,237.258,236.598,234.977,232.415,228.947,224.636,219.593,213.998,208.119,202.31,196.99,192.581,189.425,187.681,187.266,187.867,189.033,190.33,191.476,192.402,193.193,193.983,194.859,195.839,196.915,198.078,199.326,200.659,202.072,203.557,205.102,206.692,208.306,209.922,211.51,213.042,214.488,215.824,217.034,218.121,219.12,220.108,221.235,222.758,225.102
58920.0,217.854,224.067,229.026,232.694,235.189,236.602,236.989,236.385,234.815,232.299,228.872,224.598,219.586,214.017,208.157,202.359,197.041,192.629,189.463,187.706,187.28,187.873,189.033,190.328,191.474,192.401,193.192,193.983,194.859,195.839,196.915,198.078,199.326,200.659,202.072,203.557,205.102,206.692,208.306,209.922,211.51,213.042,214.488,215.824,217.034,218.121,219.12,220.108,221.235,222.758,225.102
58980.0,217.058,223.393,228.455,232.214,234.787,236.269,236.718,236.17,234.651,232.181,228.796,224.559,219.579,214.036,208.194,202.407,197.092,192.676,189.5,187.732,187.295,187.878,189.033,190.326,191.473,192.4,193.192,193.983,194.859,195.839,196.915,198.078,199.326,200.659,202.072,203.557,205.102,206.692,208.306,209.922,211.51,213.042,214.488,215.824,217.034,218.121,219.12,220.108,221.235,222.758,225.102
59040.0,216.257,222.714,227.881,231.73,234.382,235.934,236.445,235.954,234.486,232.063,228.72,224.519,219.571,214.054,208.231,202.455,197.143,192.723,189.538,187.758,187.309,187.883,189.033,190.324,191.471,192.399,193.192,193.983,194.859,195.839,196.915,198.078,199.326,200.659,202.072,203.557,205.102,206.692,208.306,209.922,211.51,213.042,214.488,215.824,217.034,218.121,219.12,220.108,221.235,222.758,225.102
59100.0,215.45,222.031,227.304,231.244,233.975,235.597,236.171,235.736,234.319,231.943,228.642,224.478,219.562,214.071,208.267,202.502,197.194,192.769,189.576,187.784,187.323,187.888,189.033,190.322,191.469,192.398,193.191,193.983,194.859,195.839,196.915,198.077,199.326,200.659,202.072,203.557,205.102,206.692,208.306,209.922,211.51,213.042,214.488,215.824,217.034,218.121,219.12,220.108,221.235,222.758,225.102
59160.0,214.638,221.343,226.723,230.754,233.565,235.257,235.895,235.517,234.151,231.821,228.563,224.437,219.553,214.087,208.302,202.549,197.244,192.816,189.613,187.81,187.337,187.894,189.034,190.32,191.467,192.397,193.191,193.983,194.859,195.839,196.915,198.077,199.326,200.659,202.072,203.557,205.102,206.692,208.306,209.922,211.51,213.042,214.488,215.824,217.034,218.121,219.12,220.108,221.235,222.758,225.102
59220.0,213.82,220.651,226.138,230.261,233.153,234.916,235.617,235.296,233.982,231.699,228.482,224.394,219.542,214.103,208.337,202.595,197.294,192.863,189.651,187.835,187.352,187.899,189.034,190.318,191.465,192.396,193.191,193.983,194.859,195.839,196.915,198.077,199.326,200.659,202.072,203.557,205.102,206.692,208.306,209.922,211.51,213.042,214.488,215.824,217.034,218.121,219.12,220.108,221.235,222.758,225.102
59280.0,212.996,219.954,225.549,229.766,232.738,234.573,235.337,235.074,233.812,231.576,228.401,224.35,219.531,214.118,208.372,202.642,197.344,192.909,189.688,187.861,187.366,187.905,189.034,190.316,191.464,192.395,193.191,193.983,194.859,195.839,196.915,198.077,199.326,200.659,202.072,203.557,205.102,206.691,208.306,209.922,211.51,213.042,214.488,215.824,217.034,218.121,219.12,220.108,221.235,222.758,225.102
59340.0,212.166,219.252,224.957,229.267,232.321,234.227,235.055,234.85,233.64,231.451,228.319,224.306,219.519,214.132,208.406,202.687,197.394,192.955,189.726,187.887,187.381,187.91,189.034,190.315,191.462,192.394,193.19,193.983,194.859,195.839,196.915,198.077,199.326,200.659,202.072,203.556,205.102,206.691,208.306,209.922,211.51,213.042,214.488,215.824,217.034,218.121,219.12,220.108,221.235,222.758,225.102
59400.0,211.331,218.546,224.361,228.765,231.901,233.879,234.772,234.624,233.466,231.325,228.236,224.26,219.506,214.146,208.439,202.733,197.443,193.001,189.763,187.913,187.395,187.916,189.034,190.313,191.46,192.393,193.19,193.983,194.858,195.839,196.915,198.077,199.326,200.659,202.072,203.556,205.102,206.691,208.306,209.922,211.51,213.042,214.488,215.824,217.034,218.121,219.12,220.108,221.235,222.759,225.102
59460.0,210.49,217.835,223.761,228.26,231.479,233.53,234.487,234.397,233.292,231.198,228.152,224.214,219.492,214.159,208.472,202.778,197.492,193.047,189.801,187.939,187.41,187.922,189.035,190.311,191.458,192.392,193.19,193.983,194.858,195.839,196.914,198.077,199.326,200.659,202.072,203.556,205.101,206.691,208.306,209.922,211.51,213.042,214.488,215.824,217.034,218.121,219.12,220.108,221.235,222.759,225.102
59520.0,209.642,217.119,223.157,227.752,231.054,233.178,234.2,234.168,233.116,231.07,228.066,224.167,219.478,214.172,208.504,202.822,197.541,193.093,189.838,187.965,187.425,187.927,189.035,190.309,191.456,192.391,193.189,193.983,194.858,195.839,196.914,198.077,199.326,200.659,202.072,203.556,205.101,206.691,208.306,209.922,211.51,213.042,214.488,215.824,217.034,218.121,219.12,220.108,221.235,222.759,225.102
59580.0,208.789,216.399,222.549,227.241,230.626,232.823,233.911,233.938,232.938,230.94,227.98,224.119,219.463,214.183,208.536,202.866,197.59,193.139,189.875,187.991,187.439,187.933,189.035,190.307,191.455,192.39,193.189,193.983,194.858,195.839,196.914,198.077,199.326,200.659,202.072,203.556,205.101,206.691,208.306,209.922,211.51,213.042,214.488,215.824,217.034,218.121,219.12,220.108,221.235,222.759,225.102
59640.0,207.93,215.673,221.938,226.727,230.196,232.467,233.62,233.706,232.76,230.809,227.892,224.07,219.447,214.194,208.567,202.91,197.638,193.185,189.913,188.017,187.454,187.939,189.036,190.306,191.453,192.389,193.189,193.983,194.858,195.839,196.914,198.077,199.326,200.659,202.072,203.556,205.101,206.691,208.306,209.921,211.51,213.042,214.488,215.824,217.034,218.121,219.12,220.108,221.235,222.759,225.102
59700.0,207.064,214.943,221.322,226.209,229.763,232.109,233.328,233.473,232.58,230.677,227.804,224.02,219.43,214.205,208.598,202.953,197.686,193.23,189.95,188.043,187.469,187.945,189.036,190.304,191.451,192.388,193.188,193.982,194.858,195.839,196.914,198.077,199.326,200.659,202.071,203.556,205.101,206.691,208.306,209.921,211.51,213.042,214.488,215.824,217.034,218.121,219.12,220.108,221.235,222.759,225.102
59760.0,206.192,214.208,220.703,225.688,229.327,231.748,233.033,233.238,232.398,230.544,227.714,223.969,219.412,214.214,208.628,202.996,197.734,193.275,189.987,188.069,187.484,187.951,189.036,190.302,191.449,192.387,193.188,193.982,194.858,195.839,196.914,198.077,199.326,200.659,202.071,203.556,205.101,206.691,208.306,209.921,211.51,213.042,214.488,215.824,217.033,218.121,219.12,220.108,221.235,222.759,225.102
59820.0,205.314,213.467,220.079,225.164,228.889,231.385,232.737,233.001,232.215,230.41,227.623,223.917,219.394,214.223,208.658,203.039,197.782,193.321,190.024,188.095,187.499,187.957,189.037,190.3,191.447,192.386,193.188,193.982,194.858,195.839,196.914,198.077,199.326,200.659,202.071,203.556,205.101,206.691,208.306,209.921,211.51,213.042,214.488,215.824,217.033,218.121,219.12,220.108,221.235,222.759,225.102
59880.0,204.43,212.722,219.452,224.637,228.448,231.02,232.439,232.763,232.031,230.274,227.532,223.864,219.374,214.232,208.687,203.081,197.829,193.366,190.062,188.122,187.513,187.963,189.037,190.299,191.446,192.385,193.187,193.982,194.858,195.839,196.914,198.077,199.325,200.658,202.071,203.556,205.101,206.691,208.306,209.921,211.51,213.042,214.488,215.824,217.033,218.121,219.12,220.108,221.235,222.759,225.102
59940.0,203.539,211.972,218.82,224.106,228.005,230.652,232.139,232.523,231.845,230.138,227.439,223.81,219.354,214.239,208.715,203.123,197.876,193.411,190.099,188.148,187.528,187.969,189.038,190.297,191.444,192.384,193.187,193.982,194.858,195.839,196.914,198.077,199.325,200.658,202.071,203.556,205.101,206.691,208.306,209.921,211.51,213.042,214.488,215.824,217.033,218.121,219.12,220.108,221.235,222.759,225.102
60000.0,202.642,211.216,218.184,223.572,227.559,230.283,231.837,232.282,231.658,230.0,227.345,223.755,219.334,214.246,208.743,203.164,197.923,193.455,190.136,188.174,187.543,187.975,189.038,190.295,191.442,192.383,193.187,193.982,194.858,195.839,196.914,198.077,199.325,200.658,202.071,203.556,205.101,206.691,208.306,209.921,211.51,213.042,214.488,215.824,217.033,218.121,219.12,220.108,221.235,222.759,225.102
60060.0,201.738,210.455,217.544,223.035,227.11,229.911,231.533,232.039,231.47,229.861,227.25,223.7,219.312,214.253,208.771,203.205,197.969,193.5,190.173,188.2,187.559,187.981,189.039,190.294,191.44,192.382,193.186,193.982,194.858,195.839,196.914,198.077,199.325,200.658,202.071,203.556,205.101,206.691,208.306,209.921,211.51,213.042,214.488,215.824,217.033,218.121,219.12,220.108,221.235,222.759,225.102
60120.0,200.828,209.689,216.9,222.494,226.658,229.537,231.227,231.794,231.28,229.72,227.154,223.643,219.289,214.258,208.798,203.246,198.015,193.545,190.21,188.226,187.574,187.987,189.04,190.292,191.439,192.381,193.186,193.982,194.858,195.839,196.914,198.077,199.325,200.658,202.071,203.556,205.101,206.691,208.306,209.921,211.51,213.042,214.488,215.824,217.033,218.121,219.12,220.108,221.235,222.759,225.102
60180.0,199.911,208.918,216.252,221.95,226.203,229.16,230.92,231.548,231.089,229.579,227.057,223.586,219.266,214.263,208.824,203.286,198.061,193.589,190.247,188.252,187.589,187.993,189.04,190.29,191.437,192.38,193.186,193.982,194.858,195.839,196.914,198.077,199.325,200.658,202.071,203.556,205.101,206.691,208.306,209.921,211.51,213.042,214.488,215.824,217.033,218.121,219.12,220.108,221.235,222.759,225.102
60240.0,198.987,208.141,215.599,221.403,225.746,228.781,230.61,231.3,230.896,229.436,226.959,223.527,219.242,214.268,208.85,203.325,198.107,193.633,190.283,188.279,187.604,187.999,189.041,190.289,191.435,192.379,193.185,193.982,194.858,195.839,196.914,198.077,199.325,200.658,202.071,203.556,205.101,206.691,208.306,209.921,211.51,213.042,214.488,215.823,217.033,218.121,219.12,220.108,221.235,222.759,225.102
60300.0,198.057,207.359,214.942,220.852,225.286,228.4,230.299,231.05,230.702,229.292,226.86,223.468,219.217,214.271,208.875,203.365,198.152,193.677,190.32,188.305,187.619,188.006,189.042,190.287,191.433,192.378,193.185,193.982,194.858,195.838,196.914,198.076,199.325,200.658,202.071,203.556,205.101,206.691,208.306,209.921,211.51,213.042,214.488,215.823,217.033,218.121,219.12,220.108,221.235,222.759,225.102
60360.0,197.119,206.572,214.281,220.297,224.823,228.017,229.985,230.799,230.507,229.147,226.76,223.408,219.191,214.274,208.9,203.404,198.198,193.721,190.357,188.331,187.635,188.012,189.042,190.285,191.432,192.377,193.185,193.982,194.858,195.838,196.914,198.076,199.325,200.658,202.071,203.556,205.101,206.691,208.306,209.921,211.51,213.042,214.488,215.823,217.033,218.121,219.12,220.108,221.235,222.759,225.102
60420.0,196.175,205.779,213.616,219.739,224.357,227.631,229.67,230.546,230.31,229.0,226.658,223.346,219.165,214.276,208.924,203.442,198.242,193.765,190.394,188.358,187.65,188.019,189.043,190.284,191.43,192.376,193.184,193.982,194.858,195.838,196.914,198.076,199.325,200.658,202.071,203.556,205.101,206.691,208.306,209.921,211.51,213.042,214.488,215.823,217.033,218.121,219.12,220.108,221.235,222.759,225.102
60480.0,195.224,204.98,212.946,219.178,223.889,227.243,229.353,230.292,230.112,228.852,226.556,223.284,219.138,214.278,208.947,203.48,198.287,193.808,190.43,188.384,187.665,188.025,189.044,190.282,191.428,192.374,193.184,193.982,194.858,195.838,196.914,198.076,199.325,200.658,202.071,203.556,205.101,206.691,208.306,209.921,211.51,213.042,214.488,215.823,217.033,218.121,219.12,220.108,221.235,222.759,225.102
60540.0,194.265,204.176,212.271,218.613,223.417,226.853,229.033,230.036,229.912,228.704,226.453,223.221,219.11,214.279,208.97,203.518,198.331,193.852,190.467,188.41,187.681,188.031,189.045,190.281,191.427,192.373,193.183,193.982,194.858,195.838,196.914,198.076,199.325,200.658,202.071,203.556,205.101,206.691,208.305,209.921,211.51,213.042,214.488,215.823,217.033,218.121,219.12,220.108,221.235,222.759,225.102
60600.0,193.3,203.366,211.592,218.044,222.943,226.46,228.712,229.778,229.711,228.553,226.348,223.157,219.081,214.279,208.993,203.555,198.375,193.895,190.504,188.436,187.696,188.038,189.046,190.279,191.425,192.372,193.183,193.982,194.858,195.838,196.913,198.076,199.325,200.658,202.071,203.556,205.101,206.691,208.305,209.921,211.51,213.042,214.488,215.823,217.033,218.121,219.12,220.108,221.235,222.759,225.102
60660.0,192.327,202.551,210.909,217.472,222.465,226.064,228.389,229.519,229.509,228.402,226.243,223.092,219.051,214.278,209.015,203.592,198.419,193.938,190.54,188.463,187.712,188.045,189.047,190.278,191.423,192.371,193.183,193.982,194.858,195.838,196.913,198.076,199.325,200.658,202.071,203.556,205.101,206.691,208.305,209.921,211.51,213.042,214.488,215.823,217.033,218.121,219.12,220.108,221.235,222.759,225.102
60720.0,191.347,201.729,210.22,216.896,221.985,225.667,228.064,229.257,229.305,228.249,226.136,223.026,219.02,214.277,209.036,203.628,198.463,193.981,190.577,188.489,187.727,188.051,189.048,190.276,191.421,192.37,193.182,193.982,194.858,195.838,196.913,198.076,199.325,200.658,202.071,203.555,205.101,206.691,208.305,209.921,211.51,213.042,214.488,215.823,217.033,218.121,219.12,220.108,221.235,222.759,225.102
60780.0,190.36,200.902,209.527,216.316,221.502,225.267,227.736,228.995,229.1,228.096,226.028,222.96,218.989,214.275,209.057,203.664,198.506,194.024,190.613,188.515,187.743,188.058,189.049,190.275,191.42,192.369,193.182,193.982,194.858,195.838,196.913,198.076,199.325,200.658,202.071,203.555,205.101,206.691,208.305,209.921,211.51,213.042,214.488,215.823,217.033,218.121,219.12,220.108,221.235,222.759,225.102
60840.0,189.365,200.069,208.83,215.732,221.015,224.864,227.407,228.73,228.893,227.941,225.919,222.892,218.957,214.273,209.077,203.7,198.549,194.067,190.649,188.542,187.759,188.065,189.05,190.273,191.418,192.368,193.182,193.982,194.858,195.838,196.913,198.076,199.325,200.658,202.071,203.555,205.101,206.691,208.305,209.921,211.51,213.042,214.488,215.823,217.033,218.121,219.12,220.108,221.235,222.759,225.102
60900.0,188.362,199.23,208.128,215.145,220.526,224.459,227.076,228.464,228.685,227.784,225.81,222.823,218.924,214.27,209.097,203.735,198.591,194.109,190.686,188.568,187.774,188.071,189.051,190.272,191.416,192.367,193.181,193.982,194.858,195.838,196.913,198.076,199.325,200.658,202.071,203.555,205.101,206.69,208.305,209.921,211.509,213.042,214.488,215.823,217.033,218.121,219.12,220.108,221.235,222.759,225.102
60960.0,187.352,198.384,207.42,214.554,220.033,224.052,226.742,228.196,228.475,227.627,225.699,222.754,218.89,214.266,209.116,203.77,198.634,194.152,190.722,188.595,187.79,188.078,189.052,190.27,191.415,192.366,193.181,193.982,194.858,195.838,196.913,198.076,199.325,200.658,202.071,203.555,205.1,206.69,208.305,209.921,211.509,213.042,214.488,215.823,217.033,218.121,219.12,220.108,221.235,222.759,225.102
61020.0,186.334,197.533,206.709,213.959,219.538,223.642,226.407,227.926,228.264,227.468,225.587,222.683,218.856,214.261,209.135,203.804,198.676,194.194,190.758,188.621,187.806,188.085,189.053,190.269,191.413,192.365,193.181,193.981,194.858,195.838,196.913,198.076,199.325,200.658,202.07,203.555,205.1,206.69,208.305,209.921,211.509,213.042,214.488,215.823,217.033,218.121,219.12,220.108,221.235,222.759,225.102
61080.0,185.309,196.675,205.992,213.36,219.039,223.229,226.07,227.655,228.051,227.308,225.474,222.612,218.82,214.256,209.153,203.838,198.717,194.236,190.794,188.647,187.821,188.092,189.054,190.268,191.411,192.364,193.18,193.981,194.858,195.838,196.913,198.076,199.324,200.658,202.07,203.555,205.1,206.69,208.305,209.921,211.509,213.042,214.488,215.823,217.033,218.121,219.12,220.108,221.235,222.759,225.102
61140.0,184.275,195.811,205.27,212.757,218.537,222.814,225.73,227.382,227.837,227.147,225.36,222.539,218.784,214.25,209.171,203.871,198.759,194.278,190.83,188.674,187.837,188.099,189.055,190.266,191.41,192.363,193.18,193.981,194.858,195.838,196.913,198.076,199.324,200.658,202.07,203.555,205.1,206.69,208.305,209.921,211.509,213.041,214.488,215.823,217.033,218.121,219.12,220.108,221.235,222.759,225.102
61200.0,183.234,194.941,204.543,212.151,218.032,222.397,225.389,227.107,227.622,226.984,225.244,222.466,218.747,214.243,209.188,203.905,198.8,194.319,190.866,188.7,187.853,188.106,189.056,190.265,191.408,192.362,193.18,193.981,194.858,195.838,196.913,198.076,199.324,200.657,202.07,203.555,205.1,206.69,208.305,209.921,211.509,213.041,214.488,215.823,217.033,218.121,219.12,220.108,221.235,222.759,225.102
61260.0,182.184,194.064,203.811,211.54,217.524,221.977,225.045,226.831,227.405,226.821,225.128,222.392,218.709,214.236,209.204,203.937,198.841,194.361,190.902,188.726,187.869,188.113,189.058,190.264,191.406,192.361,193.179,193.981,194.858,195.838,196.913,198.076,199.324,200.657,202.07,203.555,205.1,206.69,208.305,209.921,211.509,213.041,214.488,215.823,217.033,218.121,219.12,220.108,221.235,222.759,225.102
61320.0,181.126,193.181,203.074,210.925,217.013,221.554,224.699,226.553,227.187,226.656,225.011,222.316,218.671,214.228,209.22,203.969,198.882,194.402,190.938,188.753,187.885,188.12,189.059,190.262,191.405,192.36,193.179,193.981,194.858,195.838,196.913,198.076,199.324,200.657,202.07,203.555,205.1,206.69,208.305,209.921,211.509,213.041,214.488,215.823,217.033,218.121,219.12,220.108,221.235,222.759,225.102
61380.0,180.06,192.292,202.332,210.306,216.498,221.128,224.351,226.273,226.967,226.489,224.892,222.24,218.631,214.219,209.235,204.001,198.922,194.444,190.974,188.779,187.901,188.127,189.06,190.261,191.403,192.359,193.178,193.981,194.858,195.838,196.913,198.076,199.324,200.657,202.07,203.555,205.1,206.69,208.305,209.921,211.509,213.041,214.488,215.823,217.033,218.121,219.12,220.108,221.235,222.759,225.102
61440.0,178.986,191.395,201.584,209.683,215.98,220.7,224.001,225.991,226.745,226.322,224.773,222.163,218.591,214.21,209.25,204.033,198.962,194.485,191.009,188.806,187.917,188.134,189.061,190.26,191.401,192.358,193.178,193.981,194.858,195.838,196.913,198.075,199.324,200.657,202.07,203.555,205.1,206.69,208.305,209.921,211.509,213.041,214.488,215.823,217.033,218.121,219.12,220.108,221.235,222.759,225.102
61500.0,177.903,190.492,200.832,209.056,215.459,220.27,223.649,225.707,226.523,226.153,224.652,222.085,218.55,214.2,209.264,204.063,199.002,194.525,191.045,188.832,187.933,188.141,189.063,190.258,191.4,192.357,193.178,193.981,194.858,195.838,196.913,198.075,199.324,200.657,202.07,203.555,205.1,206.69,208.305,209.921,211.509,213.041,214.488,215.823,217.033,218.121,219.12,220.108,221.235,222.759,225.102
61560.0,176.812,189.582,200.073,208.424,214.934,219.836,223.294,225.422,226.298,225.983,224.53,222.006,218.508,214.189,209.278,204.094,199.041,194.566,191.08,188.859,187.949,188.149,189.064,190.257,191.398,192.356,193.177,193.981,194.858,195.838,196.913,198.075,199.324,200.657,202.07,203.555,205.1,206.69,208.305,209.92,211.509,213.041,214.488,215.823,217.033,218.121,219.12,220.108,221.235,222.759,225.102
61620.0,175.712,188.666,199.31,207.789,214.406,219.4,222.938,225.135,226.073,225.812,224.407,221.926,218.466,214.178,209.291,204.124,199.08,194.607,191.116,188.885,187.965,188.156,189.066,190.256,191.396,192.355,193.177,193.981,194.858,195.838,196.913,198.075,199.324,200.657,202.07,203.555,205.1,206.69,208.305,209.92,211.509,213.041,214.488,215.823,217.033,218.121,219.12,220.108,221.235,222.759,225.102
61680.0,174.604,187.742,198.541,207.149,213.875,218.962,222.579,224.846,225.845,225.639,224.283,221.845,218.422,214.166,209.303,204.154,199.119,194.647,191.151,188.911,187.981,188.163,189.067,190.255,191.395,192.354,193.177,193.981,194.858,195.838,196.913,198.075,199.324,200.657,202.07,203.555,205.1,206.69,208.305,209.92,211.509,213.041,214.488,215.823,217.033,218.121,219.12,220.108,221.235,222.759,225.102
61740.0,173.487,186.811,197.766,206.504,213.34,218.52,222.218,224.555,225.616,225.465,224.158,221.763,218.378,214.153,209.315,204.183,199.158,194.687,191.187,188.938,187.998,188.171,189.069,190.253,191.393,192.353,193.176,193.981,194.858,195.838,196.913,198.075,199.324,200.657,202.07,203.555,205.1,206.69,208.305,209.92,211.509,213.041,214.488,215.823,217.033,218.121,219.12,220.108,221.235,222.759,225.102
61800.0,172.361,185.874,196.986,205.855,212.802,218.076,221.855,224.263,225.386,225.29,224.032,221.681,218.333,214.139,209.327,204.212,199.196,194.727,191.222,188.964,188.014,188.178,189.07,190.252,191.392,192.352,193.176,193.981,194.858,195.838,196.912,198.075,199.324,200.657,202.07,203.555,205.1,206.69,208.305,209.92,211.509,213.041,214.488,215.823,217.033,218.121,219.12,220.108,221.235,222.759,225.102
61860.0,171.225,184.929,196.2,205.202,212.26,217.629,221.489,223.968,225.154,225.114,223.905,221.597,218.287,214.125,209.338,204.24,199.234,194.767,191.257,188.991,188.03,188.185,189.072,190.251,191.39,192.351,193.175,193.981,194.858,195.838,196.912,198.075,199.324,200.657,202.07,203.555,205.1,206.69,208.305,209.92,211.509,213.041,214.488,215.823,217.033,218.121,219.12,220.108,221.235,222.759,225.102
61920.0,170.081,183.977,195.408,204.544,211.714,217.179,221.121,223.672,224.921,224.936,223.777,221.512,218.24,214.11,209.348,204.268,199.272,194.807,191.292,189.017,188.046,188.193,189.073,190.25,191.388,192.35,193.175,193.981,194.858,195.837,196.912,198.075,199.324,200.657,202.07,203.555,205.1,206.69,208.305,209.92,211.509,213.041,214.487,215.823,217.033,218.121,219.12,220.108,221.235,222.759,225.102
61980.0,168.928,183.017,194.611,203.882,211.165,216.726,220.751,223.374,224.686,224.757,223.648,221.427,218.193,214.095,209.358,204.296,199.309,194.846,191.327,189.043,188.063,188.2,189.075,190.249,191.387,192.349,193.175,193.981,194.858,195.837,196.912,198.075,199.324,200.657,202.07,203.555,205.1,206.69,208.305,209.92,211.509,213.041,214.487,215.823,217.033,218.121,219.12,220.108,221.235,222.759,225.102
62040.0,167.766,182.05,193.808,203.215,210.613,216.27,220.379,223.074,224.449,224.577,223.517,221.34,218.144,214.079,209.367,204.323,199.346,194.885,191.362,189.07,188.079,188.208,189.076,190.248,191.385,192.348,193.174,193.98,194.858,195.837,196.912,198.075,199.324,200.657,202.07,203.555,205.1,206.69,208.305,209.92,211.509,213.041,214.487,215.823,217.033,218.121,219.12,220.108,221.235,222.759,225.102
62100.0,166.594,181.075,192.998,202.543,210.056,215.812,220.004,222.772,224.211,224.395,223.385,221.253,218.095,214.062,209.375,204.349,199.383,194.925,191.397,189.096,188.096,188.216,189.078,190.247,191.384,192.347,193.174,193.98,194.858,195.837,196.912,198.075,199.324,200.657,202.07,203.555,205.1,206.69,208.305,209.92,211.509,213.041,214.487,215.823,217.033,218.121,219.12,220.108,221.235,222.759,225.102
62160.0,165.413,180.093,192.183,201.867,209.496,215.35,219.627,222.468,223.972,224.212,223.253,221.164,218.045,214.044,209.384,204.376,199.419,194.964,191.432,189.122,188.112,188.223,189.08,190.245,191.382,192.346,193.174,193.98,194.858,195.837,196.912,198.075,199.324,200.657,202.07,203.554,205.1,206.69,208.305,209.92,211.509,213.041,214.487,215.823,217.033,218.121,219.12,220.108,221.235,222.759,225.103
62220.0,164.222,179.104,191.362,201.185,208.933,214.886,219.248,222.162,223.731,224.028,223.119,221.075,217.995,214.026,209.391,204.401,199.456,195.002,191.467,189.149,188.128,188.231,189.082,190.244,191.38,192.345,193.173,193.98,194.858,195.837,196.912,198.075,199.324,200.657,202.07,203.554,205.1,206.69,208.305,209.92,211.509,213.041,214.487,215.823,217.033,218.121,219.12,220.108,221.235,222.759,225.103
62280.0,163.022,178.106,190.534,200.499,208.365,214.418,218.866,221.855,223.488,223.842,222.984,220.985,217.943,214.007,209.398,204.427,199.491,195.041,191.502,189.175,188.145,188.239,189.083,190.243,191.379,192.344,193.173,193.98,194.858,195.837,196.912,198.075,199.323,200.657,202.07,203.554,205.1,206.69,208.305,209.92,211.509,213.041,214.487,215.823,217.033,218.121,219.12,220.108,221.235,222.759,225.103
62340.0,161.812,177.101,189.7,199.808,207.794,213.948,218.482,221.545,223.243,223.655,222.848,220.893,217.891,213.987,209.404,204.452,199.527,195.079,191.536,189.202,188.161,188.246,189.085,190.242,191.377,192.343,193.172,193.98,194.858,195.837,196.912,198.075,199.323,200.657,202.069,203.554,205.1,206.69,208.304,209.92,211.509,213.041,214.487,215.823,217.033,218.121,219.12,220.108,221.235,222.759,225.103
62400.0,160.593,176.087,188.86,199.113,207.218,213.474,218.095,221.234,222.998,223.467,222.711,220.801,217.837,213.967,209.41,204.476,199.562,195.117,191.571,189.228,188.178,188.254,189.087,190.241,191.376,192.342,193.172,193.98,194.858,195.837,196.912,198.075,199.323,200.657,202.069,203.554,205.1,206.69,208.304,209.92,211.509,213.041,214.487,215.823,217.033,218.121,219.12,220.108,221.235,222.759,225.103
62460.0,159.364,175.066,188.014,198.412,206.639,212.998,217.706,220.92,222.75,223.278,222.572,220.708,217.783,213.946,209.415,204.5,199.597,195.155,191.605,189.254,188.195,188.262,189.089,190.24,191.374,192.341,193.172,193.98,194.858,195.837,196.912,198.075,199.323,200.656,202.069,203.554,205.099,206.69,208.304,209.92,211.509,213.041,214.487,215.823,217.033,218.121,219.12,220.108,221.235,222.759,225.103
62520.0,158.125,174.037,187.161,197.706,206.056,212.518,217.315,220.605,222.501,223.087,222.433,220.614,217.728,213.924,209.42,204.524,199.632,195.193,191.639,189.281,188.211,188.27,189.091,190.239,191.373,192.34,193.171,193.98,194.858,195.837,196.912,198.075,199.323,200.656,202.069,203.554,205.099,206.689,208.304,209.92,211.509,213.041,214.487,215.823,217.033,218.121,219.12,220.108,221.235,222.759,225.103
62580.0,156.876,172.999,186.301,196.995,205.469,212.035,216.921,220.287,222.25,222.895,222.292,220.519,217.673,213.902,209.424,204.547,199.666,195.231,191.674,189.307,188.228,188.278,189.093,190.238,191.371,192.339,193.171,193.98,194.858,195.837,196.912,198.074,199.323,200.656,202.069,203.554,205.099,206.689,208.304,209.92,211.509,213.041,214.487,215.823,217.033,218.121,219.12,220.108,221.235,222.759,225.103
62640.0,155.617,171.954,185.436,196.279,204.877,211.549,216.524,219.968,221.998,222.701,222.151,220.423,217.616,213.879,209.428,204.57,199.7,195.268,191.708,189.333,188.245,188.286,189.095,190.237,191.37,192.338,193.17,193.98,194.858,195.837,196.912,198.074,199.323,200.656,202.069,203.554,205.099,206.689,208.304,209.92,211.509,213.041,214.487,215.823,217.033,218.121,219.12,220.108,221.235,222.759,225.103
62700.0,154.349,170.9,184.563,195.557,204.282,211.06,216.125,219.646,221.744,222.506,222.008,220.325,217.559,213.855,209.431,204.592,199.734,195.306,191.742,189.359,188.261,188.294,189.097,190.236,191.368,192.337,193.17,193.98,194.858,195.837,196.912,198.074,199.323,200.656,202.069,203.554,205.099,206.689,208.304,209.92,211.509,213.041,214.487,215.823,217.033,218.121,219.12,220.108,221.235,222.759,225.103
62760.0,153.07,169.838,183.684,194.83,203.683,210.568,215.724,219.323,221.488,222.31,221.864,220.227,217.501,213.83,209.433,204.614,199.767,195.343,191.776,189.386,188.278,188.302,189.099,190.235,191.367,192.336,193.17,193.98,194.858,195.837,196.912,198.074,199.323,200.656,202.069,203.554,205.099,206.689,208.304,209.92,211.509,213.041,214.487,215.823,217.033,218.121,219.12,220.108,221.235,222.759,225.103
62820.0,151.782,168.767,182.798,194.098,203.079,210.072,215.32,218.997,221.231,222.112,221.719,220.129,217.442,213.805,209.435,204.635,199.8,195.38,191.81,189.412,188.295,188.31,189.101,190.235,191.365,192.335,193.169,193.98,194.858,195.837,196.912,198.074,199.323,200.656,202.069,203.554,205.099,206.689,208.304,209.92,211.509,213.041,214.487,215.823,217.033,218.121,219.12,220.108,221.235,222.759,225.103
62880.0,150.483,167.688,181.905,193.361,202.471,209.573,214.913,218.67,220.972,221.913,221.573,220.029,217.382,213.779,209.436,204.656,199.833,195.416,191.844,189.438,188.311,188.318,189.103,190.234,191.363,192.334,193.169,193.979,194.858,195.837,196.912,198.074,199.323,200.656,202.069,203.554,205.099,206.689,208.304,209.92,211.509,213.041,214.487,215.823,217.033,218.121,219.12,220.108,221.235,222.759,225.103
62940.0,149.175,166.601,181.005,192.618,201.859,209.071,214.504,218.34,220.711,221.713,221.425,219.928,217.321,213.753,209.437,204.677,199.866,195.453,191.877,189.464,188.328,188.326,189.105,190.233,191.362,192.333,193.168,193.979,194.858,195.837,196.911,198.074,199.323,200.656,202.069,203.554,205.099,206.689,208.304,209.92,211.509,213.041,214.487,215.823,217.033,218.121,219.12,220.108,221.235,222.759,225.103
63000.0,147.857,165.505,180.099,191.87,201.243,208.565,214.092,218.008,220.449,221.511,221.277,219.826,217.26,213.725,209.437,204.697,199.898,195.489,191.911,189.491,188.345,188.334,189.107,190.232,191.36,192.332,193.168,193.979,194.858,195.837,196.911,198.074,199.323,200.656,202.069,203.554,205.099,206.689,208.304,209.92,211.509,213.041,214.487,215.823,217.033,218.121,219.12,220.108,221.235,222.759,225.103
63060.0,146.529,164.401,179.185,191.116,200.622,208.056,213.677,217.675,220.185,221.308,221.127,219.723,217.198,213.698,209.437,204.717,199.929,195.525,191.945,189.517,188.362,188.343,189.109,190.231,191.359,192.331,193.168,193.979,194.858,195.837,196.911,198.074,199.323,200.656,202.069,203.554,205.099,206.689,208.304,209.92,211.509,213.041,214.487,215.823,217.033,218.121,219.12,220.108,221.235,222.759,225.103
63120.0,145.191,163.288,178.264,190.356,199.997,207.543,213.26,217.339,219.919,221.104,220.976,219.619,217.135,213.669,209.436,204.736,199.961,195.561,191.978,189.543,188.379,188.351,189.111,190.23,191.358,192.33,193.167,193.979,194.858,195.837,196.911,198.074,199.323,200.656,202.069,203.554,205.099,206.689,208.304,209.92,211.508,213.041,214.487,215.823,217.033,218.121,219.12,220.108,221.235,222.759,225.103
63180.0,143.844,162.167,177.337,189.591,199.368,207.027,212.84,217.0,219.651,220.898,220.824,219.514,217.071,213.64,209.434,204.755,199.992,195.597,192.011,189.569,188.396,188.359,189.114,190.23,191.356,192.329,193.167,193.979,194.858,195.837,196.911,198.074,199.323,200.656,202.069,203.554,205.099,206.689,208.304,209.92,211.508,213.041,214.487,215.823,217.033,218.121,219.12,220.108,221.235,222.759,225.103
63240.0,142.487,161.037,176.402,188.82,198.734,206.508,212.417,216.66,219.382,220.69,220.671,219.408,217.006,213.609,209.432,204.773,200.023,195.632,192.045,189.595,188.413,188.368,189.116,190.229,191.355,192.328,193.166,193.979,194.858,195.837,196.911,198.074,199.323,200.656,202.069,203.554,205.099,206.689,208.304,209.92,211.508,213.041,214.487,215.823,217.033,218.121,219.12,220.108,221.235,222.759,225.103
63300.0,141.121,159.899,175.461,188.044,198.095,205.985,211.991,216.318,219.111,220.481,220.516,219.302,216.94,213.579,209.429,204.791,200.054,195.668,192.078,189.622,188.43,188.376,189.118,190.228,191.353,192.327,193.166,193.979,194.858,195.837,196.911,198.074,199.323,200.656,202.069,203.554,205.099,206.689,208.304,209.92,211.508,213.041,214.487,215.823,217.033,218.121,219.12,220.108,221.235,222.759,225.103
63360.0,139.746,158.753,174.512,187.262,197.452,205.458,211.563,215.973,218.838,220.271,220.361,219.194,216.874,213.547,209.426,204.808,200.084,195.703,192.111,189.648,188.447,188.384,189.121,190.227,191.352,192.326,193.166,193.979,194.858,195.837,196.911,198.074,199.323,200.656,202.069,203.554,205.099,206.689,208.304,209.92,211.508,213.041,214.487,215.823,217.033,218.121,219.12,220.108,221.235,222.759,225.103
63420.0,138.362,157.598,173.556,186.474,196.804,204.928,211.132,215.626,218.564,220.06,220.204,219.085,216.807,213.515,209.422,204.825,200.114,195.738,192.144,189.674,188.464,188.393,189.123,190.227,191.35,192.325,193.165,193.979,194.858,195.837,196.911,198.074,199.323,200.656,202.069,203.554,205.099,206.689,208.304,209.92,211.508,213.041,214.487,215.823,217.033,218.121,219.12,220.108,221.235,222.759,225.103
63480.0,136.969,156.436,172.593,185.68,196.152,204.394,210.698,215.277,218.288,219.847,220.046,218.975,216.739,213.482,209.418,204.842,200.143,195.773,192.177,189.7,188.481,188.401,189.125,190.226,191.349,192.324,193.165,193.979,194.858,195.837,196.911,198.074,199.322,200.656,202.069,203.554,205.099,206.689,208.304,209.92,211.508,213.041,214.487,215.823,217.033,218.121,219.12,220.108,221.236,222.759,225.103
63540.0,135.568,155.265,171.623,184.881,195.495,203.857,210.261,214.925,218.01,219.632,219.887,218.865,216.67,213.449,209.413,204.858,200.173,195.807,192.21,189.726,188.498,188.41,189.128,190.225,191.347,192.323,193.164,193.979,194.858,195.837,196.911,198.074,199.322,200.656,202.069,203.553,205.099,206.689,208.304,209.919,211.508,213.041,214.487,215.823,217.033,218.121,219.12,220.108,221.236,222.759,225.103
63600.0,134.159,154.087,170.647,184.075,194.834,203.316,209.821,214.572,217.73,219.416,219.727,218.753,216.6,213.415,209.407,204.874,200.202,195.841,192.242,189.752,188.515,188.418,189.13,190.224,191.346,192.322,193.164,193.978,194.858,195.836,196.911,198.074,199.322,200.656,202.069,203.553,205.099,206.689,208.304,209.919,211.508,213.041,214.487,215.823,217.033,218.121,219.12,220.108,221.236,222.759,225.103
63660.0,132.743,152.901,169.663,183.264,194.168,202.771,209.379,214.216,217.448,219.199,219.565,218.64,216.53,213.38,209.401,204.889,200.23,195.875,192.275,189.778,188.532,188.427,189.133,190.224,191.344,192.321,193.164,193.978,194.858,195.836,196.911,198.074,199.322,200.656,202.068,203.553,205.099,206.689,208.304,209.919,211.508,213.041,214.487,215.823,217.033,218.121,219.12,220.108,221.236,222.759,225.103
63720.0,131.32,151.708,168.673,182.447,193.497,202.223,208.933,213.857,217.165,218.98,219.403,218.526,216.458,213.344,209.394,204.904,200.259,195.909,192.307,189.804,188.549,188.436,189.135,190.223,191.343,192.32,193.163,193.978,194.858,195.836,196.911,198.074,199.322,200.655,202.068,203.553,205.099,206.689,208.304,209.919,211.508,213.04,214.487,215.823,217.033,218.121,219.12,220.108,221.236,222.759,225.103
63780.0,129.89,150.507,167.676,181.625,192.822,201.671,208.485,213.497,216.879,218.759,219.239,218.412,216.386,213.308,209.387,204.918,200.287,195.943,192.34,189.83,188.566,188.444,189.138,190.223,191.342,192.319,193.163,193.978,194.858,195.836,196.911,198.073,199.322,200.655,202.068,203.553,205.099,206.689,208.304,209.919,211.508,213.04,214.487,215.823,217.033,218.121,219.12,220.108,221.236,222.759,225.103
63840.0,128.455,149.301,166.672,180.797,192.141,201.115,208.033,213.134,216.592,218.537,219.074,218.296,216.313,213.271,209.379,204.932,200.314,195.977,192.372,189.856,188.583,188.453,189.14,190.222,191.34,192.318,193.162,193.978,194.858,195.836,196.911,198.073,199.322,200.655,202.068,203.553,205.099,206.689,208.304,209.919,211.508,213.04,214.487,215.823,217.033,218.121,219.12,220.108,221.236,222.759,225.103
63900.0,127.015,148.087,165.662,179.963,191.457,200.555,207.579,212.769,216.303,218.314,218.907,218.179,216.239,213.233,209.37,204.945,200.341,196.01,192.404,189.881,188.6,188.462,189.143,190.221,191.339,192.317,193.162,193.978,194.858,195.836,196.911,198.073,199.322,200.655,202.068,203.553,205.099,206.689,208.304,209.919,211.508,213.04,214.487,215.823,217.033,218.121,219.12,220.108,221.236,222.759,225.103
63960.0,125.571,146.869,164.647,179.124,190.767,199.992,207.121,212.401,216.012,218.089,218.74,218.061,216.164,213.194,209.361,204.958,200.368,196.043,192.436,189.907,188.617,188.47,189.146,190.221,191.337,192.316,193.161,193.978,194.858,195.836,196.911,198.073,199.322,200.655,202.068,203.553,205.098,206.689,208.304,209.919,211.508,213.04,214.487,215.823,217.033,218.121,219.12,220.108,221.236,222.759,225.103
64020.0,124.124,145.644,163.625,178.279,190.073,199.424,206.661,212.031,215.719,217.863,218.571,217.943,216.088,213.155,209.352,204.971,200.395,196.076,192.468,189.933,188.635,188.479,189.148,190.22,191.336,192.315,193.161,193.978,194.858,195.836,196.911,198.073,199.322,200.655,202.068,203.553,205.098,206.689,208.304,209.919,211.508,213.04,214.487,215.823,217.033,218.121,219.12,220.108,221.236,222.759,225.103
64080.0,122.675,144.416,162.598,177.43,189.375,198.853,206.197,211.659,215.424,217.635,218.401,217.823,216.012,213.115,209.342,204.983,200.422,196.108,192.5,189.959,188.652,188.488,189.151,190.22,191.335,192.314,193.161,193.978,194.858,195.836,196.911,198.073,199.322,200.655,202.068,203.553,205.098,206.689,208.303,209.919,211.508,213.04,214.487,215.823,217.033,218.121,219.12,220.108,221.236,222.759,225.103
64140.0,121.225,143.183,161.566,176.575,188.672,198.279,205.731,211.284,215.128,217.405,218.23,217.702,215.935,213.075,209.331,204.994,200.448,196.141,192.532,189.985,188.669,188.497,189.154,190.219,191.333,192.313,193.16,193.978,194.858,195.836,196.91,198.073,199.322,200.655,202.068,203.553,205.098,206.688,208.303,209.919,211.508,213.04,214.487,215.822,217.033,218.121,219.12,220.108,221.236,222.759,225.103
64200.0,119.816,141.96,160.531,175.715,187.964,197.7,205.262,210.907,214.829,217.174,218.057,217.58,215.856,213.034,209.32,205.006,200.473,196.173,192.563,190.011,188.686,188.506,189.156,190.219,191.332,192.312,193.16,193.978,194.858,195.836,196.91,198.073,199.322,200.655,202.068,203.553,205.098,206.688,208.303,209.919,211.508,213.04,214.487,215.822,217.033,218.121,219.12,220.108,221.236,222.759,225.103
64260.0,118.491,140.766,159.501,174.853,187.253,197.118,204.789,210.527,214.529,216.942,217.883,217.457,215.777,212.992,209.308,205.016,200.499,196.205,192.595,190.036,188.703,188.515,189.159,190.218,191.331,192.311,193.159,193.977,194.858,195.836,196.91,198.073,199.322,200.655,202.068,203.553,205.098,206.688,208.303,209.919,211.508,213.04,214.487,215.822,217.033,218.121,219.12,220.108,221.236,222.759,225.103
64320.0,117.223,139.604,158.481,173.99,186.538,196.533,204.314,210.145,214.226,216.708,217.708,217.333,215.697,212.949,209.295,205.027,200.524,196.237,192.626,190.062,188.721,188.524,189.162,190.218,191.329,192.31,193.159,193.977,194.858,195.836,196.91,198.073,199.322,200.655,202.068,203.553,205.098,206.688,208.303,209.919,211.508,213.04,214.487,215.822,217.033,218.121,219.12,220.108,221.236,222.759,225.103
64380.0,116.007,138.472,157.474,173.129,185.821,195.944,203.835,209.76,213.922,216.472,217.532,217.208,215.617,212.905,209.282,205.036,200.548,196.269,192.658,190.088,188.738,188.533,189.165,190.217,191.328,192.309,193.159,193.977,194.858,195.836,196.91,198.073,199.322,200.655,202.068,203.553,205.098,206.688,208.303,209.919,211.508,213.04,214.487,215.822,217.033,218.121,219.12,220.108,221.236,222.759,225.103
64440.0,114.836,137.369,156.482,172.273,185.103,195.353,203.354,209.374,213.615,216.235,217.354,217.082,215.535,212.861,209.268,205.046,200.573,196.3,192.689,190.113,188.755,188.542,189.168,190.217,191.327,192.308,193.158,193.977,194.858,195.836,196.91,198.073,199.322,200.655,202.068,203.553,205.098,206.688,208.303,209.919,211.508,213.04,214.487,215.822,217.033,218.121,219.12,220.108,221.236,222.759,225.103
64500.0,113.709,136.296,155.506,171.422,184.385,194.759,202.87,208.984,213.307,215.996,217.175,216.955,215.453,212.816,209.254,205.054,200.597,196.331,192.72,190.139,188.773,188.551,189.171,190.217,191.325,192.307,193.158,193.977,194.858,195.836,196.91,198.073,199.322,200.655,202.068,203.553,205.098,206.688,208.303,209.919,211.508,213.04,214.487,215.822,217.033,218.121,219.12,220.108,221.236,222.759,225.103
64560.0,112.624,135.251,154.547,170.579,183.668,194.163,202.384,208.593,212.997,215.756,216.995,216.827,215.369,212.771,209.239,205.063,200.62,196.362,192.751,190.164,188.79,188.56,189.174,190.216,191.324,192.306,193.157,193.977,194.858,195.836,196.91,198.073,199.322,200.655,202.068,203.553,205.098,206.688,208.303,209.919,211.508,213.04,214.487,215.822,217.033,218.121,219.12,220.108,221.236,222.759,225.103
64620.0,111.577,134.234,153.604,169.744,182.953,193.567,201.895,208.199,212.685,215.514,216.814,216.698,215.285,212.725,209.224,205.071,200.644,196.393,192.782,190.19,188.807,188.569,189.176,190.216,191.323,192.305,193.157,193.977,194.858,195.836,196.91,198.073,199.322,200.655,202.068,203.553,205.098,206.688,208.303,209.919,211.508,213.04,214.487,215.822,217.033,218.121,219.12,220.108,221.236,222.759,225.103
64680.0,110.572,133.245,152.679,168.918,182.241,192.97,201.405,207.803,212.371,215.27,216.631,216.568,215.2,212.678,209.208,205.078,200.667,196.423,192.812,190.215,188.825,188.578,189.179,190.215,191.321,192.304,193.156,193.977,194.858,195.836,196.91,198.073,199.322,200.655,202.068,203.553,205.098,206.688,208.303,209.919,211.508,213.04,214.487,215.822,217.033,218.121,219.12,220.108,221.236,222.759,225.103
64740.0,109.605,132.284,151.772,168.101,181.532,192.373,200.913,207.405,212.055,215.025,216.447,216.436,215.114,212.63,209.191,205.085,200.689,196.454,192.843,190.241,188.842,188.587,189.182,190.215,191.32,192.303,193.156,193.977,194.858,195.836,196.91,198.073,199.321,200.655,202.068,203.553,205.098,206.688,208.303,209.919,211.508,213.04,214.487,215.822,217.033,218.121,219.12,220.108,221.236,222.759,225.103
64800.0,108.676,131.35,150.883,167.294,180.828,191.776,200.42,207.005,211.737,214.778,216.262,216.304,215.027,212.581,209.174,205.092,200.712,196.484,192.874,190.266,188.859,188.597,189.186,190.215,191.319,192.302,193.156,193.977,194.858,195.836,196.91,198.073,199.321,200.655,202.068,203.553,205.098,206.688,208.303,209.919,211.508,213.04,214.487,215.822,217.033,218.121,219.12,220.108,221.236,222.759,225.103
64860.0,107.787,130.445,150.012,166.498,180.128,191.181,199.925,206.604,211.417,214.53,216.075,216.171,214.939,212.532,209.156,205.098,200.734,196.514,192.904,190.291,188.877,188.606,189.189,190.214,191.317,192.301,193.155,193.976,194.857,195.836,196.91,198.073,199.321,200.655,202.068,203.553,205.098,206.688,208.303,209.919,211.508,213.04,214.487,215.822,217.033,218.121,219.12,220.108,221.236,222.759,225.103
64920.0,106.939,129.569,149.161,165.713,179.434,190.587,199.43,206.2,211.096,214.28,215.887,216.036,214.851,212.482,209.138,205.104,200.755,196.543,192.934,190.317,188.894,188.615,189.192,190.214,191.316,192.3,193.155,193.976,194.857,195.836,196.91,198.072,199.321,200.655,202.068,203.553,205.098,206.688,208.303,209.919,211.508,213.04,214.487,215.822,217.033,218.121,219.12,220.108,221.236,222.759,225.103
64980.0,106.132,128.722,148.328,164.94,178.746,189.994,198.935,205.796,210.773,214.029,215.698,215.901,214.761,212.432,209.119,205.109,200.777,196.573,192.964,190.342,188.912,188.624,189.195,190.214,191.315,192.299,193.154,193.976,194.857,195.836,196.91,198.072,199.321,200.654,202.068,203.552,205.098,206.688,208.303,209.919,211.508,213.04,214.486,215.822,217.033,218.121,219.12,220.108,221.236,222.759,225.103
65040.0,105.365,127.904,147.516,164.178,178.064,189.405,198.44,205.39,210.449,213.776,215.508,215.764,214.671,212.381,209.1,205.114,200.798,196.602,192.994,190.367,188.929,188.634,189.198,190.214,191.313,192.298,193.154,193.976,194.857,195.836,196.91,198.072,199.321,200.654,202.067,203.552,205.098,206.688,208.303,209.919,211.508,213.04,214.486,215.822,217.032,218.121,219.12,220.108,221.236,222.759,225.103
65100.0,104.643,127.118,146.725,163.43,177.389,188.817,197.944,204.983,210.123,213.522,215.316,215.627,214.58,212.328,209.08,205.118,200.818,196.631,193.024,190.393,188.946,188.643,189.201,190.213,191.312,192.297,193.153,193.976,194.857,195.836,196.91,198.072,199.321,200.654,202.067,203.552,205.098,206.688,208.303,209.919,211.508,213.04,214.486,215.822,217.032,218.121,219.12,220.108,221.236,222.759,225.103
65160.0,103.965,126.363,145.954,162.695,176.721,188.234,197.45,204.576,209.795,213.266,215.123,215.488,214.488,212.276,209.059,205.122,200.839,196.66,193.054,190.418,188.964,188.653,189.204,190.213,191.311,192.296,193.153,193.976,194.857,195.836,196.91,198.072,199.321,200.654,202.067,203.552,205.098,206.688,208.303,209.919,211.508,213.04,214.486,215.822,217.032,218.121,219.12,220.108,221.236,222.759,225.103
65220.0,103.335,125.642,145.206,161.974,176.061,187.653,196.956,204.167,209.467,213.009,214.929,215.348,214.395,212.222,209.038,205.125,200.859,196.688,193.084,190.443,188.981,188.662,189.208,190.213,191.31,192.295,193.152,193.976,194.857,195.836,196.91,198.072,199.321,200.654,202.067,203.552,205.098,206.688,208.303,209.919,211.508,213.04,214.486,215.822,217.032,218.121,219.12,220.108,221.236,222.759,225.103
65280.0,102.755,124.955,144.481,161.267,175.409,187.077,196.463,203.759,209.137,212.751,214.733,215.207,214.301,212.168,209.016,205.128,200.878,196.716,193.113,190.468,188.999,188.672,189.211,190.213,191.308,192.294,193.152,193.976,194.857,195.836,196.91,198.072,199.321,200.654,202.067,203.552,205.098,206.688,208.303,209.919,211.508,213.04,214.486,215.822,217.032,218.121,219.12,220.108,221.236,222.759,225.103
65340.0,102.231,124.307,143.781,160.575,174.765,186.504,195.972,203.349,208.806,212.491,214.536,215.065,214.206,212.113,208.993,205.13,200.898,196.745,193.143,190.493,189.016,188.681,189.214,190.213,191.307,192.293,193.152,193.976,194.857,195.835,196.909,198.072,199.321,200.654,202.067,203.552,205.098,206.688,208.303,209.919,211.507,213.04,214.486,215.822,217.032,218.121,219.12,220.108,221.236,222.759,225.103
65400.0,101.773,123.7,143.107,159.9,174.132,185.937,195.482,202.94,208.474,212.23,214.338,214.922,214.11,212.057,208.97,205.132,200.917,196.772,193.172,190.518,189.034,188.691,189.218,190.213,191.306,192.292,193.151,193.976,194.857,195.835,196.909,198.072,199.321,200.654,202.067,203.552,205.098,206.688,208.303,209.919,211.507,213.04,214.486,215.822,217.032,218.121,219.12,220.108,221.236,222.759,225.103
65460.0,101.415,123.15,142.464,159.242,173.508,185.374,194.994,202.531,208.141,211.968,214.139,214.778,214.014,212.001,208.946,205.134,200.935,196.8,193.201,190.543,189.051,188.7,189.221,190.212,191.305,192.291,193.151,193.975,194.857,195.835,196.909,198.072,199.321,200.654,202.067,203.552,205.097,206.688,208.303,209.919,211.507,213.04,214.486,215.822,217.032,218.121,219.119,220.108,221.236,222.759,225.103
65520.0,101.123,122.65,141.853,158.603,172.894,184.817,194.509,202.122,207.808,211.704,213.939,214.633,213.916,211.944,208.922,205.135,200.953,196.827,193.23,190.568,189.069,188.71,189.224,190.212,191.304,192.29,193.15,193.975,194.857,195.835,196.909,198.072,199.321,200.654,202.067,203.552,205.097,206.688,208.303,209.918,211.507,213.04,214.486,215.822,217.032,218.121,219.119,220.108,221.236,222.759,225.103
65580.0,100.854,122.187,141.275,157.985,172.293,184.266,194.026,201.714,207.474,211.44,213.737,214.487,213.818,211.886,208.897,205.135,200.971,196.854,193.259,190.593,189.086,188.719,189.228,190.212,191.302,192.289,193.15,193.975,194.857,195.835,196.909,198.072,199.321,200.654,202.067,203.552,205.097,206.688,208.303,209.918,211.507,213.04,214.486,215.822,217.032,218.121,219.119,220.108,221.236,222.759,225.103
65640.0,100.602,121.753,140.724,157.388,171.704,183.722,193.546,201.306,207.139,211.174,213.535,214.34,213.719,211.827,208.872,205.135,200.989,196.881,193.288,190.618,189.104,188.729,189.231,190.212,191.301,192.288,193.149,193.975,194.857,195.835,196.909,198.072,199.321,200.654,202.067,203.552,205.097,206.688,208.303,209.918,211.507,213.04,214.486,215.822,217.032,218.121,219.119,220.108,221.236,222.759,225.103
65700.0,100.364,121.342,140.198,156.81,171.128,183.184,193.069,200.9,206.804,210.908,213.331,214.192,213.619,211.768,208.846,205.135,201.006,196.908,193.317,190.642,189.121,188.739,189.235,190.212,191.3,192.287,193.149,193.975,194.857,195.835,196.909,198.072,199.321,200.654,202.067,203.552,205.097,206.688,208.303,209.918,211.507,213.04,214.486,215.822,217.032,218.121,219.119,220.108,221.236,222.759,225.103
65760.0,100.138,120.95,139.695,156.251,170.564,182.654,192.595,200.494,206.469,210.641,213.126,214.042,213.518,211.708,208.819,205.134,201.023,196.935,193.345,190.667,189.139,188.748,189.238,190.212,191.299,192.286,193.148,193.975,194.857,195.835,196.909,198.072,199.321,200.654,202.067,203.552,205.097,206.687,208.303,209.918,211.507,213.04,214.486,215.822,217.032,218.12,219.119,220.108,221.236,222.759,225.103
65820.0,99.922,120.576,139.21,155.709,170.014,182.132,192.126,200.09,206.134,210.373,212.92,213.892,213.416,211.647,208.792,205.133,201.039,196.961,193.374,190.692,189.156,188.758,189.242,190.212,191.298,192.285,193.148,193.975,194.857,195.835,196.909,198.072,199.321,200.654,202.067,203.552,205.097,206.687,208.303,209.918,211.507,213.04,214.486,215.822,217.032,218.12,219.119,220.108,221.236,222.759,225.103
65880.0,99.714,120.217,138.744,155.184,169.476,181.618,191.661,199.687,205.799,210.104,212.714,213.741,213.313,211.585,208.764,205.131,201.056,196.987,193.402,190.716,189.174,188.768,189.245,190.212,191.297,192.284,193.148,193.975,194.857,195.835,196.909,198.072,199.321,200.654,202.067,203.552,205.097,206.687,208.302,209.918,211.507,213.04,214.486,215.822,217.032,218.12,219.119,220.108,221.236,222.759,225.103
65940.0,99.514,119.872,138.293,154.673,168.95,181.112,191.2,199.286,205.464,209.835,212.506,213.589,213.209,211.523,208.735,205.128,201.071,197.013,193.43,190.741,189.191,188.777,189.249,190.212,191.295,192.283,193.147,193.975,194.857,195.835,196.909,198.072,199.32,200.654,202.067,203.552,205.097,206.687,208.302,209.918,211.507,213.04,214.486,215.822,217.032,218.12,219.119,220.108,221.236,222.759,225.103
66000.0,99.321,119.538,137.857,154.177,168.435,180.614,190.743,198.887,205.129,209.565,212.297,213.436,213.105,211.46,208.706,205.126,201.087,197.038,193.458,190.765,189.209,188.787,189.252,190.212,191.294,192.282,193.147,193.974,194.857,195.835,196.909,198.072,199.32,200.654,202.067,203.552,205.097,206.687,208.302,209.918,211.507,213.04,214.486,215.822,217.032,218.12,219.119,220.108,221.236,222.759,225.103
66060.0,99.134,119.216,137.435,153.695,167.931,180.123,190.292,198.49,204.795,209.295,212.088,213.282,213.0,211.396,208.677,205.122,201.102,197.063,193.486,190.79,189.226,188.797,189.256,190.212,191.293,192.281,193.146,193.974,194.857,195.835,196.909,198.071,199.32,200.654,202.067,203.552,205.097,206.687,208.302,209.918,211.507,213.04,214.486,215.822,217.032,218.12,219.119,220.108,221.236,222.759,225.103
66120.0,98.953,118.904,137.025,153.225,167.439,179.641,189.845,198.096,204.461,209.024,211.878,213.127,212.893,211.331,208.646,205.119,201.117,197.088,193.514,190.814,189.244,188.807,189.26,190.212,191.292,192.28,193.146,193.974,194.857,195.835,196.909,198.071,199.32,200.654,202.067,203.552,205.097,206.687,208.302,209.918,211.507,213.04,214.486,215.822,217.032,218.12,219.119,220.108,221.236,222.759,225.103
66180.0,98.777,118.601,136.626,152.767,166.956,179.166,189.403,197.703,204.128,208.753,211.666,212.971,212.786,211.266,208.616,205.114,201.131,197.113,193.541,190.839,189.261,188.817,189.263,190.212,191.291,192.279,193.145,193.974,194.857,195.835,196.909,198.071,199.32,200.654,202.067,203.552,205.097,206.687,208.302,209.918,211.507,213.04,214.486,215.822,217.032,218.12,219.119,220.108,221.236,222.759,225.103
66240.0,98.606,118.307,136.239,152.319,166.484,178.699,188.966,197.314,203.796,208.482,211.455,212.814,212.678,211.2,208.584,205.11,201.145,197.138,193.569,190.863,189.279,188.827,189.267,190.213,191.29,192.278,193.145,193.974,194.857,195.835,196.909,198.071,199.32,200.653,202.067,203.552,205.097,206.687,208.302,209.918,211.507,213.039,214.486,215.822,217.032,218.12,219.119,220.108,221.236,222.759,225.103
66300.0,98.44,118.021,135.861,151.883,166.02,178.239,188.534,196.927,203.465,208.21,211.242,212.656,212.57,211.133,208.552,205.105,201.159,197.162,193.596,190.887,189.296,188.837,189.271,190.213,191.289,192.277,193.144,193.974,194.857,195.835,196.909,198.071,199.32,200.653,202.067,203.552,205.097,206.687,208.302,209.918,211.507,213.039,214.486,215.822,217.032,218.12,219.119,220.108,221.236,222.759,225.103
66360.0,98.277,117.742,135.494,151.456,165.566,177.786,188.106,196.543,203.135,207.939,211.029,212.498,212.46,211.066,208.519,205.099,201.172,197.186,193.623,190.911,189.314,188.846,189.275,190.213,191.287,192.276,193.144,193.974,194.857,195.835,196.909,198.071,199.32,200.653,202.066,203.551,205.097,206.687,208.302,209.918,211.507,213.039,214.486,215.822,217.032,218.12,219.119,220.108,221.236,222.759,225.103
66420.0,98.119,117.471,135.135,151.039,165.121,177.34,187.684,196.162,202.806,207.667,210.816,212.339,212.35,210.998,208.486,205.093,201.185,197.21,193.651,190.936,189.331,188.856,189.278,190.213,191.286,192.275,193.144,193.974,194.857,195.835,196.909,198.071,199.32,200.653,202.066,203.551,205.097,206.687,208.302,209.918,211.507,213.039,214.486,215.822,217.032,218.12,219.119,220.108,221.236,222.759,225.103
66480.0,97.964,117.206,134.784,150.631,164.684,176.902,187.266,195.783,202.478,207.396,210.602,212.179,212.238,210.929,208.452,205.086,201.198,197.234,193.677,190.96,189.349,188.866,189.282,190.213,191.285,192.274,193.143,193.973,194.857,195.835,196.909,198.071,199.32,200.653,202.066,203.551,205.097,206.687,208.302,209.918,211.507,213.039,214.486,215.822,217.032,218.12,219.119,220.108,221.236,222.759,225.103
66540.0,97.813,116.947,134.441,150.231,164.255,176.469,186.854,195.408,202.152,207.125,210.387,212.018,212.127,210.859,208.418,205.079,201.21,197.257,193.704,190.984,189.366,188.876,189.286,190.213,191.284,192.273,193.143,193.973,194.857,195.835,196.908,198.071,199.32,200.653,202.066,203.551,205.097,206.687,208.302,209.918,211.507,213.039,214.486,215.822,217.032,218.12,219.119,220.108,221.236,222.76,225.103
66600.0,97.665,116.695,134.106,149.839,163.833,176.044,186.446,195.035,201.827,206.854,210.172,211.857,212.014,210.789,208.383,205.072,201.222,197.28,193.731,191.008,189.384,188.886,189.29,190.214,191.283,192.272,193.142,193.973,194.857,195.835,196.908,198.071,199.32,200.653,202.066,203.551,205.097,206.687,208.302,209.918,211.507,213.039,214.486,215.822,217.032,218.12,219.119,220.108,221.236,222.76,225.103
66660.0,97.52,116.447,133.779,149.456,163.419,175.624,186.043,194.666,201.504,206.584,209.957,211.694,211.9,210.718,208.347,205.064,201.233,197.303,193.757,191.032,189.401,188.897,189.294,190.214,191.282,192.271,193.142,193.973,194.857,195.835,196.908,198.071,199.32,200.653,202.066,203.551,205.097,206.687,208.302,209.918,211.507,213.039,214.486,215.822,217.032,218.12,219.119,220.108,221.236,222.76,225.103
66720.0,97.378,116.206,133.458,149.079,163.013,175.211,185.644,194.3,201.182,206.314,209.741,211.532,211.786,210.646,208.311,205.055,201.245,197.326,193.784,191.056,189.419,188.907,189.298,190.214,191.281,192.27,193.141,193.973,194.857,195.835,196.908,198.071,199.32,200.653,202.066,203.551,205.097,206.687,208.302,209.918,211.507,213.039,214.486,215.822,217.032,218.12,219.119,220.108,221.236,222.76,225.103
66780.0,97.239,115.969,133.143,148.71,162.613,174.804,185.25,193.936,200.862,206.045,209.525,211.368,211.671,210.573,208.274,205.046,201.255,197.348,193.81,191.079,189.436,188.917,189.302,190.214,191.28,192.269,193.141,193.973,194.857,195.835,196.908,198.071,199.32,200.653,202.066,203.551,205.097,206.687,208.302,209.918,211.507,213.039,214.486,215.822,217.032,218.12,219.119,220.108,221.236,222.76,225.103
66840.0,97.102,115.737,132.835,148.348,162.22,174.402,184.861,193.576,200.543,205.776,209.309,211.204,211.555,210.5,208.236,205.037,201.266,197.37,193.836,191.103,189.454,188.927,189.306,190.215,191.279,192.268,193.14,193.973,194.857,195.835,196.908,198.071,199.32,200.653,202.066,203.551,205.097,206.687,208.302,209.918,211.507,213.039,214.486,215.822,217.032,218.12,219.119,220.108,221.236,222.76,225.103
66900.0,96.968,115.509,132.533,147.992,161.833,174.006,184.476,193.219,200.226,205.507,209.093,211.039,211.439,210.426,208.198,205.027,201.276,197.392,193.862,191.127,189.471,188.937,189.31,190.215,191.278,192.267,193.14,193.973,194.857,195.835,196.908,198.071,199.32,200.653,202.066,203.551,205.097,206.687,208.302,209.918,211.507,213.039,214.486,215.822,217.032,218.12,219.119,220.108,221.236,222.76,225.103
66960.0,96.837,115.286,132.236,147.643,161.452,173.616,184.095,192.864,199.911,205.239,208.876,210.874,211.322,210.352,208.159,205.016,201.286,197.414,193.888,191.15,189.489,188.947,189.314,190.215,191.277,192.266,193.139,193.973,194.857,195.835,196.908,198.071,199.32,200.653,202.066,203.551,205.096,206.687,208.302,209.918,211.507,213.039,214.486,215.822,217.032,218.12,219.119,220.108,221.236,222.76,225.103
67020.0,96.708,115.067,131.945,147.299,161.078,173.231,183.719,192.513,199.597,204.972,208.66,210.709,211.204,210.277,208.12,205.005,201.295,197.435,193.914,191.174,189.506,188.957,189.318,190.216,191.276,192.265,193.139,193.972,194.857,195.834,196.908,198.071,199.32,200.653,202.066,203.551,205.096,206.687,208.302,209.918,211.507,213.039,214.486,215.822,217.032,218.12,219.119,220.108,221.236,222.76,225.103
67080.0,96.581,114.852,131.659,146.962,160.709,172.851,183.347,192.165,199.286,204.706,208.443,210.543,211.085,210.201,208.08,204.994,201.304,197.456,193.939,191.198,189.524,188.968,189.322,190.216,191.275,192.265,193.138,193.972,194.857,195.834,196.908,198.071,199.32,200.653,202.066,203.551,205.096,206.687,208.302,209.918,211.507,213.039,214.486,215.822,217.032,218.12,219.119,220.108,221.236,222.76,225.103
67140.0,96.456,114.641,131.378,146.63,160.346,172.476,182.979,191.82,198.976,204.441,208.227,210.376,210.966,210.124,208.04,204.982,201.313,197.477,193.964,191.221,189.541,188.978,189.326,190.217,191.274,192.264,193.138,193.972,194.857,195.834,196.908,198.071,199.319,200.653,202.066,203.551,205.096,206.687,208.302,209.918,211.507,213.039,214.486,215.822,217.032,218.12,219.119,220.108,221.236,222.76,225.103
67200.0,96.333,114.434,131.102,146.303,159.988,172.106,182.615,191.477,198.668,204.176,208.011,210.209,210.847,210.047,207.999,204.97,201.321,197.498,193.99,191.244,189.559,188.988,189.33,190.217,191.273,192.263,193.138,193.972,194.857,195.834,196.908,198.071,199.319,200.653,202.066,203.551,205.096,206.687,208.302,209.918,211.507,213.039,214.486,215.822,217.032,218.12,219.119,220.108,221.236,222.76,225.103
67260.0,96.212,114.23,130.831,145.982,159.635,171.741,182.255,191.138,198.362,203.912,207.794,210.042,210.726,209.969,207.957,204.957,201.329,197.518,194.015,191.268,189.576,188.998,189.334,190.217,191.272,192.262,193.137,193.972,194.857,195.834,196.908,198.07,199.319,200.653,202.066,203.551,205.096,206.687,208.302,209.918,211.507,213.039,214.486,215.822,217.032,218.12,219.119,220.108,221.236,222.76,225.103
67320.0,96.093,114.03,130.564,145.666,159.288,171.381,181.899,190.801,198.057,203.649,207.578,209.874,210.605,209.891,207.915,204.944,201.336,197.538,194.04,191.291,189.594,189.009,189.339,190.218,191.271,192.261,193.137,193.972,194.856,195.834,196.908,198.07,199.319,200.653,202.066,203.551,205.096,206.687,208.302,209.918,211.507,213.039,214.486,215.822,217.032,218.12,219.119,220.108,221.236,222.76,225.103
67380.0,95.976,113.833,130.302,145.355,158.946,171.025,181.547,190.468,197.755,203.387,207.362,209.706,210.484,209.812,207.872,204.93,201.344,197.558,194.064,191.314,189.611,189.019,189.343,190.218,191.27,192.26,193.136,193.972,194.856,195.834,196.908,198.07,199.319,200.653,202.066,203.551,205.096,206.686,208.302,209.918,211.507,213.039,214.486,215.822,217.032,218.12,219.119,220.108,221.236,222.76,225.103
67440.0,95.861,113.639,130.044,145.048,158.608,170.674,181.198,190.137,197.454,203.126,207.146,209.538,210.362,209.732,207.828,204.915,201.35,197.578,194.089,191.337,189.629,189.029,189.347,190.219,191.269,192.259,193.136,193.971,194.856,195.834,196.908,198.07,199.319,200.653,202.066,203.551,205.096,206.686,208.302,209.917,211.507,213.039,214.486,215.822,217.032,218.12,219.119,220.108,221.236,222.76,225.103
67500.0,95.747,113.448,129.789,144.746,158.275,170.327,180.853,189.809,197.156,202.866,206.931,209.369,210.239,209.651,207.784,204.901,201.357,197.597,194.114,191.36,189.646,189.04,189.351,190.219,191.268,192.258,193.135,193.971,194.856,195.834,196.908,198.07,199.319,200.653,202.066,203.551,205.096,206.686,208.302,209.917,211.507,213.039,214.486,215.822,217.032,218.12,219.119,220.108,221.236,222.76,225.103
67560.0,95.635,113.26,129.539,144.449,157.947,169.984,180.512,189.484,196.859,202.607,206.715,209.2,210.116,209.57,207.74,204.885,201.363,197.617,194.138,191.383,189.663,189.05,189.356,190.22,191.267,192.257,193.135,193.971,194.856,195.834,196.908,198.07,199.319,200.652,202.066,203.551,205.096,206.686,208.302,209.917,211.506,213.039,214.486,215.822,217.032,218.12,219.119,220.108,221.236,222.76,225.103
67620.0,95.525,113.075,129.292,144.155,157.623,169.646,180.175,189.162,196.564,202.349,206.5,209.031,209.993,209.489,207.695,204.87,201.369,197.635,194.162,191.406,189.681,189.06,189.36,190.22,191.266,192.256,193.134,193.971,194.856,195.834,196.908,198.07,199.319,200.652,202.066,203.551,205.096,206.686,208.301,209.917,211.506,213.039,214.486,215.822,217.032,218.12,219.119,220.108,221.236,222.76,225.103
67680.0,95.416,112.893,129.049,143.866,157.303,169.311,179.841,188.842,196.271,202.092,206.286,208.862,209.868,209.407,207.649,204.853,201.374,197.654,194.186,191.429,189.698,189.071,189.364,190.221,191.265,192.255,193.134,193.971,194.856,195.834,196.908,198.07,199.319,200.652,202.065,203.551,205.096,206.686,208.301,209.917,211.506,213.039,214.486,215.822,217.032,218.12,219.119,220.108,221.236,222.76,225.103
67740.0,95.309,112.713,128.81,143.581,156.988,168.981,179.51,188.525,195.98,201.835,206.071,208.693,209.744,209.324,207.603,204.837,201.379,197.672,194.21,191.452,189.716,189.081,189.369,190.221,191.264,192.254,193.133,193.971,194.856,195.834,196.907,198.07,199.319,200.652,202.065,203.551,205.096,206.686,208.301,209.917,211.506,213.039,214.486,215.822,217.032,218.12,219.119,220.108,221.236,222.76,225.103
67800.0,95.203,112.536,128.574,143.3,156.676,168.654,179.183,188.211,195.69,201.581,205.858,208.523,209.619,209.241,207.556,204.82,201.384,197.691,194.234,191.475,189.733,189.092,189.373,190.222,191.263,192.253,193.133,193.971,194.856,195.834,196.907,198.07,199.319,200.652,202.065,203.55,205.096,206.686,208.301,209.917,211.506,213.039,214.486,215.822,217.032,218.12,219.119,220.108,221.236,222.76,225.103
67860.0,95.099,112.362,128.342,143.023,156.369,168.331,178.859,187.899,195.403,201.327,205.644,208.354,209.494,209.157,207.509,204.802,201.388,197.708,194.257,191.497,189.75,189.102,189.378,190.223,191.263,192.252,193.132,193.971,194.856,195.834,196.907,198.07,199.319,200.652,202.065,203.55,205.096,206.686,208.301,209.917,211.506,213.039,214.486,215.822,217.032,218.12,219.119,220.108,221.236,222.76,225.103
67920.0,94.995,112.19,128.112,142.749,156.065,168.012,178.538,187.59,195.117,201.074,205.431,208.184,209.368,209.073,207.461,204.784,201.392,197.726,194.281,191.52,189.768,189.113,189.382,190.223,191.262,192.251,193.132,193.97,194.856,195.834,196.907,198.07,199.319,200.652,202.065,203.55,205.096,206.686,208.301,209.917,211.506,213.039,214.486,215.822,217.032,218.12,219.119,220.108,221.236,222.76,225.103
67980.0,94.894,112.02,127.886,142.479,155.765,167.696,178.221,187.284,194.833,200.822,205.218,208.014,209.242,208.988,207.412,204.765,201.395,197.743,194.304,191.542,189.785,189.123,189.386,190.224,191.261,192.251,193.131,193.97,194.856,195.834,196.907,198.07,199.319,200.652,202.065,203.55,205.096,206.686,208.301,209.917,211.506,213.039,214.486,215.822,217.032,218.12,219.119,220.108,221.236,222.76,225.103
68040.0,94.793,111.853,127.663,142.213,155.469,167.384,177.906,186.98,194.551,200.572,205.006,207.844,209.115,208.902,207.363,204.746,201.398,197.76,194.327,191.565,189.802,189.134,189.391,190.225,191.26,192.25,193.131,193.97,194.856,195.834,196.907,198.07,199.319,200.652,202.065,203.55,205.096,206.686,208.301,209.917,211.506,213.039,214.486,215.821,217.032,218.12,219.119,220.108,221.236,222.76,225.103
68100.0,94.694,111.688,127.443,141.95,155.176,167.076,177.595,186.679,194.271,200.322,204.794,207.675,208.988,208.816,207.314,204.727,201.401,197.777,194.35,191.587,189.82,189.144,189.395,190.225,191.259,192.249,193.13,193.97,194.856,195.834,196.907,198.07,199.319,200.652,202.065,203.55,205.096,206.686,208.301,209.917,211.506,213.039,214.485,215.821,217.032,218.12,219.119,220.108,221.236,222.76,225.103
68160.0,94.596,111.525,127.225,141.69,154.887,166.77,177.287,186.38,193.993,200.074,204.583,207.505,208.861,208.73,207.264,204.707,201.403,197.794,194.373,191.609,189.837,189.155,189.4,190.226,191.258,192.248,193.13,193.97,194.856,195.834,196.907,198.07,199.319,200.652,202.065,203.55,205.096,206.686,208.301,209.917,211.506,213.039,214.485,215.821,217.032,218.12,219.119,220.108,221.236,222.76,225.103
68220.0,94.499,111.364,127.011,141.434,154.602,166.469,176.982,186.084,193.717,199.827,204.373,207.335,208.733,208.643,207.213,204.686,201.405,197.81,194.395,191.632,189.854,189.165,189.405,190.227,191.257,192.247,193.13,193.97,194.856,195.834,196.907,198.07,199.319,200.652,202.065,203.55,205.096,206.686,208.301,209.917,211.506,213.039,214.485,215.821,217.032,218.12,219.119,220.108,221.236,222.76,225.103
68280.0,94.403,111.205,126.799,141.181,154.319,166.17,176.679,185.79,193.442,199.581,204.162,207.165,208.606,208.556,207.162,204.665,201.407,197.826,194.418,191.654,189.872,189.176,189.409,190.227,191.257,192.246,193.129,193.97,194.856,195.834,196.907,198.07,199.319,200.652,202.065,203.55,205.096,206.686,208.301,209.917,211.506,213.039,214.485,215.821,217.032,218.12,219.119,220.108,221.236,222.76,225.103
68340.0,94.309,111.048,126.59,140.93,154.04,165.874,176.38,185.498,193.169,199.336,203.953,206.995,208.477,208.468,207.111,204.644,201.408,197.842,194.44,191.676,189.889,189.186,189.414,190.228,191.256,192.245,193.129,193.969,194.856,195.834,196.907,198.07,199.319,200.652,202.065,203.55,205.096,206.686,208.301,209.917,211.506,213.039,214.485,215.821,217.032,218.12,219.119,220.108,221.236,222.76,225.103
68400.0,94.215,110.893,126.383,140.683,153.764,165.582,176.083,185.209,192.898,199.092,203.744,206.826,208.349,208.379,207.059,204.622,201.409,197.858,194.462,191.698,189.906,189.197,189.418,190.229,191.255,192.244,193.128,193.969,194.856,195.834,196.907,198.069,199.318,200.652,202.065,203.55,205.096,206.686,208.301,209.917,211.506,213.039,214.485,215.821,217.032,218.12,219.119,220.108,221.236,222.76,225.103
68460.0,94.123,110.74,126.179,140.439,153.491,165.292,175.789,184.922,192.629,198.85,203.535,206.656,208.22,208.291,207.006,204.6,201.41,197.873,194.484,191.72,189.923,189.208,189.423,190.23,191.254,192.243,193.128,193.969,194.856,195.834,196.907,198.069,199.318,200.652,202.065,203.55,205.095,206.686,208.301,209.917,211.506,213.039,214.485,215.821,217.032,218.12,219.119,220.108,221.236,222.76,225.103
68520.0,94.031,110.589,125.978,140.198,153.221,165.006,175.498,184.637,192.361,198.608,203.328,206.487,208.091,208.201,206.953,204.577,201.41,197.888,194.506,191.742,189.94,189.218,189.428,190.23,191.253,192.242,193.127,193.969,194.856,195.834,196.907,198.069,199.318,200.652,202.065,203.55,205.095,206.686,208.301,209.917,211.506,213.039,214.485,215.821,217.032,218.12,219.119,220.108,221.236,222.76,225.103
68580.0,93.941,110.44,125.779,139.959,152.955,164.722,175.209,184.355,192.095,198.368,203.12,206.318,207.962,208.112,206.9,204.554,201.41,197.902,194.528,191.763,189.958,189.229,189.432,190.231,191.252,192.241,193.127,193.969,194.856,195.834,196.907,198.069,199.318,200.652,202.065,203.55,205.095,206.686,208.301,209.917,211.506,213.039,214.485,215.821,217.032,218.12,219.119,220.108,221.236,222.76,225.103
68640.0,93.851,110.292,125.582,139.723,152.691,164.442,174.923,184.074,191.831,198.129,202.914,206.148,207.833,208.022,206.846,204.53,201.409,197.917,194.549,191.785,189.975,189.24,189.437,190.232,191.252,192.241,193.126,193.969,194.856,195.834,196.907,198.069,199.318,200.652,202.065,203.55,205.095,206.686,208.301,209.917,211.506,213.039,214.485,215.821,217.032,218.12,219.119,220.108,221.236,222.76,225.103
68700.0,93.763,110.146,125.388,139.49,152.429,164.164,174.64,183.796,191.569,197.891,202.708,205.979,207.703,207.931,206.791,204.506,201.408,197.931,194.571,191.807,189.992,189.25,189.442,190.233,191.251,192.24,193.126,193.969,194.856,195.833,196.907,198.069,199.318,200.652,202.065,203.55,205.095,206.686,208.301,209.917,211.506,213.039,214.485,215.821,217.032,218.12,219.119,220.108,221.236,222.76,225.103
68760.0,93.675,110.002,125.195,139.26,152.171,163.889,174.359,183.52,191.308,197.655,202.502,205.81,207.574,207.841,206.736,204.482,201.407,197.945,194.592,191.828,190.009,189.261,189.447,190.234,191.25,192.239,193.125,193.968,194.856,195.833,196.907,198.069,199.318,200.652,202.065,203.55,205.095,206.686,208.301,209.917,211.506,213.039,214.485,215.821,217.032,218.12,219.119,220.108,221.236,222.76,225.103
68820.0,93.589,109.86,125.005,139.032,151.916,163.616,174.08,183.247,191.049,197.419,202.298,205.642,207.444,207.749,206.681,204.457,201.406,197.959,194.613,191.85,190.026,189.272,189.451,190.235,191.249,192.238,193.125,193.968,194.856,195.833,196.907,198.069,199.318,200.651,202.065,203.55,205.095,206.686,208.301,209.917,211.506,213.038,214.485,215.821,217.032,218.12,219.119,220.108,221.236,222.76,225.103
68880.0,93.503,109.719,124.817,138.806,151.663,163.346,173.804,182.975,190.791,197.185,202.093,205.473,207.314,207.658,206.625,204.431,201.404,197.972,194.634,191.871,190.043,189.282,189.456,190.236,191.249,192.237,193.124,193.968,194.856,195.833,196.907,198.069,199.318,200.651,202.065,203.55,205.095,206.686,208.301,209.917,211.506,213.038,214.485,215.821,217.032,218.12,219.119,220.108,221.236,222.76,225.103
68940.0,93.418,109.579,124.632,138.583,151.412,163.079,173.531,182.706,190.536,196.951,201.89,205.305,207.184,207.566,206.568,204.405,201.401,197.985,194.654,191.892,190.06,189.293,189.461,190.237,191.248,192.236,193.124,193.968,194.856,195.833,196.906,198.069,199.318,200.651,202.065,203.55,205.095,206.686,208.301,209.917,211.506,213.038,214.485,215.821,217.032,218.12,219.119,220.108,221.236,222.76,225.103
69000.0,93.334,109.441,124.448,138.362,151.164,162.815,173.26,182.438,190.281,196.719,201.687,205.137,207.053,207.474,206.512,204.379,201.398,197.998,194.675,191.913,190.077,189.304,189.466,190.237,191.247,192.235,193.123,193.968,194.856,195.833,196.906,198.069,199.318,200.651,202.064,203.55,205.095,206.685,208.301,209.917,211.506,213.038,214.485,215.821,217.032,218.12,219.119,220.108,221.236,222.76,225.103
69060.0,93.251,109.305,124.266,138.144,150.919,162.552,172.991,182.173,190.029,196.488,201.485,204.969,206.923,207.381,206.455,204.352,201.395,198.011,194.695,191.935,190.094,189.315,189.471,190.238,191.246,192.234,193.123,193.968,194.856,195.833,196.906,198.069,199.318,200.651,202.064,203.55,205.095,206.685,208.301,209.917,211.506,213.038,214.485,215.821,217.032,218.12,219.119,220.108,221.236,222.76,225.103
69120.0,93.169,109.17,124.086,137.928,150.676,162.293,172.724,181.909,189.778,196.259,201.284,204.802,206.792,207.288,206.397,204.325,201.392,198.023,194.715,191.956,190.111,189.325,189.476,190.239,191.246,192.233,193.122,193.968,194.856,195.833,196.906,198.069,199.318,200.651,202.064,203.55,205.095,206.685,208.301,209.917,211.506,213.038,214.485,215.821,217.032,218.12,219.119,220.108,221.236,222.76,225.103
69180.0,93.087,109.037,123.908,137.714,150.436,162.035,172.46,181.648,189.529,196.03,201.083,204.634,206.662,207.195,206.339,204.298,201.388,198.035,194.735,191.977,190.128,189.336,189.481,190.24,191.245,192.233,193.122,193.967,194.855,195.833,196.906,198.069,199.318,200.651,202.064,203.549,205.095,206.685,208.301,209.917,211.506,213.038,214.485,215.821,217.032,218.12,219.119,220.108,221.236,222.76,225.103
69240.0,93.007,108.904,123.732,137.503,150.198,161.78,172.198,181.388,189.281,195.802,200.883,204.467,206.531,207.101,206.28,204.27,201.384,198.047,194.755,191.997,190.145,189.347,189.486,190.241,191.244,192.232,193.121,193.967,194.855,195.833,196.906,198.069,199.318,200.651,202.064,203.549,205.095,206.685,208.301,209.917,211.506,213.038,214.485,215.821,217.032,218.12,219.119,220.108,221.236,222.76,225.103
69300.0,92.927,108.774,123.558,137.293,149.962,161.528,171.938,181.131,189.035,195.576,200.684,204.301,206.4,207.007,206.221,204.241,201.379,198.059,194.775,192.018,190.162,189.358,189.491,190.242,191.244,192.231,193.121,193.967,194.855,195.833,196.906,198.069,199.318,200.651,202.064,203.549,205.095,206.685,208.301,209.917,211.506,213.038,214.485,215.821,217.032,218.12,219.119,220.108,221.236,222.76,225.103
69360.0,92.847,108.644,123.386,137.086,149.729,161.278,171.681,180.875,188.79,195.351,200.485,204.134,206.27,206.913,206.162,204.212,201.374,198.07,194.794,192.039,190.179,189.369,189.496,190.243,191.243,192.23,193.12,193.967,194.855,195.833,196.906,198.069,199.318,200.651,202.064,203.549,205.095,206.685,208.301,209.917,211.506,213.038,214.485,215.821,217.032,218.12,219.119,220.108,221.236,222.76,225.104
69420.0,92.769,108.516,123.215,136.881,149.498,161.03,171.425,180.621,188.547,195.127,200.287,203.968,206.139,206.819,206.103,204.183,201.369,198.081,194.814,192.059,190.196,189.38,189.501,190.245,191.242,192.229,193.12,193.967,194.855,195.833,196.906,198.069,199.318,200.651,202.064,203.549,205.095,206.685,208.3,209.916,211.506,213.038,214.485,215.821,217.032,218.12,219.119,220.108,221.236,222.76,225.104
69480.0,92.691,108.389,123.046,136.677,149.269,160.784,171.172,180.369,188.306,194.904,200.09,203.802,206.008,206.724,206.042,204.153,201.363,198.092,194.833,192.08,190.213,189.39,189.506,190.246,191.242,192.228,193.119,193.967,194.855,195.833,196.906,198.069,199.318,200.651,202.064,203.549,205.095,206.685,208.3,209.916,211.506,213.038,214.485,215.821,217.032,218.12,219.119,220.108,221.236,222.76,225.104
69540.0,92.614,108.264,122.879,136.476,149.042,160.54,170.92,180.119,188.065,194.682,199.893,203.636,205.877,206.629,205.982,204.123,201.357,198.102,194.852,192.1,190.23,189.401,189.511,190.247,191.241,192.227,193.119,193.966,194.855,195.833,196.906,198.069,199.318,200.651,202.064,203.549,205.095,206.685,208.3,209.916,211.506,213.038,214.485,215.821,217.032,218.12,219.119,220.108,221.236,222.76,225.104
69600.0,92.538,108.14,122.713,136.277,148.817,160.299,170.671,179.871,187.827,194.461,199.697,203.471,205.746,206.534,205.921,204.093,201.351,198.112,194.871,192.121,190.247,189.412,189.516,190.248,191.24,192.226,193.119,193.966,194.855,195.833,196.906,198.068,199.317,200.651,202.064,203.549,205.095,206.685,208.3,209.916,211.506,213.038,214.485,215.821,217.032,218.12,219.119,220.108,221.236,222.76,225.104
69660.0,92.462,108.016,122.549,136.08,148.594,160.059,170.423,179.625,187.59,194.241,199.502,203.306,205.615,206.439,205.86,204.062,201.344,198.122,194.889,192.141,190.263,189.423,189.521,190.249,191.24,192.226,193.118,193.966,194.855,195.833,196.906,198.068,199.317,200.651,202.064,203.549,205.095,206.685,208.3,209.916,211.506,213.038,214.485,215.821,217.032,218.12,219.119,220.108,221.236,222.76,225.104
69720.0,92.387,107.895,122.387,135.884,148.374,159.822,170.178,179.38,187.354,194.023,199.308,203.142,205.484,206.343,205.798,204.031,201.337,198.132,194.908,192.161,190.28,189.434,189.526,190.25,191.239,192.225,193.118,193.966,194.855,195.833,196.906,198.068,199.317,200.651,202.064,203.549,205.095,206.685,208.3,209.916,211.506,213.038,214.485,215.821,217.032,218.12,219.119,220.108,221.236,222.76,225.104
69780.0,92.313,107.774,122.226,135.69,148.155,159.586,169.935,179.137,187.12,193.805,199.114,202.977,205.353,206.247,205.737,203.999,201.33,198.141,194.926,192.181,190.297,189.445,189.531,190.251,191.238,192.224,193.117,193.966,194.855,195.833,196.906,198.068,199.317,200.651,202.064,203.549,205.095,206.685,208.3,209.916,211.505,213.038,214.485,215.821,217.032,218.12,219.119,220.108,221.236,222.76,225.104
69840.0,92.239,107.654,122.067,135.499,147.938,159.353,169.693,178.895,186.887,193.589,198.921,202.813,205.223,206.151,205.674,203.967,201.322,198.15,194.944,192.201,190.314,189.456,189.536,190.252,191.238,192.223,193.117,193.966,194.855,195.833,196.906,198.068,199.317,200.651,202.064,203.549,205.095,206.685,208.3,209.916,211.505,213.038,214.485,215.821,217.032,218.12,219.119,220.108,221.236,222.76,225.104
69900.0,92.166,107.536,121.909,135.309,147.724,159.122,169.453,178.656,186.656,193.374,198.728,202.65,205.092,206.055,205.612,203.935,201.314,198.159,194.962,192.221,190.33,189.466,189.541,190.254,191.237,192.222,193.116,193.966,194.855,195.833,196.906,198.068,199.317,200.651,202.064,203.549,205.095,206.685,208.3,209.916,211.505,213.038,214.485,215.821,217.032,218.12,219.119,220.108,221.236,222.76,225.104
69960.0,92.094,107.418,121.753,135.12,147.511,158.892,169.216,178.418,186.426,193.159,198.537,202.487,204.961,205.958,205.549,203.902,201.306,198.168,194.98,192.241,190.347,189.477,189.547,190.255,191.237,192.221,193.116,193.965,194.855,195.833,196.906,198.068,199.317,200.651,202.064,203.549,205.094,206.685,208.3,209.916,211.505,213.038,214.485,215.821,217.032,218.12,219.119,220.108,221.236,222.76,225.104
70020.0,92.022,107.302,121.598,134.934,147.3,158.665,168.98,178.182,186.197,192.946,198.346,202.324,204.83,205.862,205.485,203.869,201.297,198.176,194.997,192.261,190.363,189.488,189.552,190.256,191.236,192.221,193.115,193.965,194.855,195.833,196.906,198.068,199.317,200.651,202.064,203.549,205.094,206.685,208.3,209.916,211.505,213.038,214.485,215.821,217.032,218.12,219.119,220.108,221.236,222.76,225.104
70080.0,91.951,107.187,121.445,134.749,147.091,158.439,168.745,177.947,185.97,192.734,198.156,202.161,204.7,205.765,205.422,203.835,201.288,198.184,195.015,192.28,190.38,189.499,189.557,190.257,191.235,192.22,193.115,193.965,194.855,195.833,196.906,198.068,199.317,200.65,202.064,203.549,205.094,206.685,208.3,209.916,211.505,213.038,214.485,215.821,217.032,218.12,219.119,220.108,221.236,222.76,225.104
70140.0,91.881,107.072,121.293,134.566,146.883,158.215,168.513,177.714,185.744,192.523,197.966,201.999,204.569,205.668,205.358,203.801,201.279,198.192,195.032,192.3,190.397,189.51,189.562,190.259,191.235,192.219,193.114,193.965,194.855,195.833,196.906,198.068,199.317,200.65,202.064,203.549,205.094,206.685,208.3,209.916,211.505,213.038,214.485,215.821,217.032,218.12,219.119,220.108,221.236,222.76,225.104
70200.0,91.811,106.959,121.142,134.384,146.678,157.993,168.282,177.482,185.52,192.313,197.778,201.837,204.438,205.57,205.294,203.767,201.269,198.2,195.049,192.319,190.413,189.521,189.567,190.26,191.234,192.218,193.114,193.965,194.855,195.833,196.905,198.068,199.317,200.65,202.064,203.549,205.094,206.685,208.3,209.916,211.505,213.038,214.485,215.821,217.032,218.12,219.119,220.108,221.236,222.76,225.104
70260.0,91.741,106.847,120.993,134.204,146.474,157.773,168.053,177.253,185.297,192.104,197.59,201.676,204.308,205.473,205.229,203.732,201.259,198.207,195.066,192.339,190.43,189.532,189.573,190.261,191.234,192.217,193.113,193.965,194.855,195.833,196.905,198.068,199.317,200.65,202.064,203.549,205.094,206.685,208.3,209.916,211.505,213.038,214.485,215.821,217.032,218.12,219.119,220.108,221.236,222.76,225.104
70320.0,91.672,106.736,120.845,134.025,146.272,157.555,167.826,177.024,185.075,191.896,197.402,201.515,204.177,205.375,205.164,203.697,201.248,198.214,195.083,192.358,190.446,189.543,189.578,190.263,191.233,192.216,193.113,193.964,194.855,195.833,196.905,198.068,199.317,200.65,202.064,203.549,205.094,206.685,208.3,209.916,211.505,213.038,214.485,215.821,217.031,218.12,219.119,220.108,221.236,222.76,225.104
70380.0,91.604,106.626,120.698,133.849,146.072,157.338,167.601,176.797,184.855,191.689,197.216,201.354,204.047,205.278,205.099,203.662,201.237,198.221,195.099,192.377,190.463,189.554,189.583,190.264,191.233,192.216,193.112,193.964,194.855,195.832,196.905,198.068,199.317,200.65,202.063,203.549,205.094,206.685,208.3,209.916,211.505,213.038,214.485,215.821,217.031,218.12,219.119,220.108,221.236,222.76,225.104
70440.0,91.536,106.516,120.553,133.673,145.873,157.123,167.377,176.572,184.635,191.483,197.03,201.194,203.917,205.18,205.034,203.626,201.226,198.227,195.116,192.396,190.479,189.565,189.589,190.265,191.232,192.215,193.112,193.964,194.855,195.832,196.905,198.068,199.317,200.65,202.063,203.549,205.094,206.685,208.3,209.916,211.505,213.038,214.485,215.821,217.031,218.12,219.119,220.108,221.236,222.76,225.104
70500.0,91.469,106.408,120.409,133.499,145.676,156.91,167.154,176.348,184.418,191.279,196.845,201.034,203.787,205.082,204.968,203.59,201.215,198.233,195.132,192.415,190.495,189.576,189.594,190.267,191.232,192.214,193.111,193.964,194.855,195.832,196.905,198.068,199.317,200.65,202.063,203.549,205.094,206.685,208.3,209.916,211.505,213.038,214.485,215.821,217.031,218.12,219.119,220.108,221.236,222.76,225.104
70560.0,91.402,106.301,120.266,133.327,145.48,156.698,166.934,176.126,184.201,191.075,196.66,200.875,203.657,204.984,204.902,203.554,201.203,198.239,195.148,192.434,190.512,189.587,189.6,190.268,191.231,192.213,193.111,193.964,194.855,195.832,196.905,198.068,199.317,200.65,202.063,203.548,205.094,206.685,208.3,209.916,211.505,213.038,214.485,215.821,217.031,218.12,219.119,220.108,221.236,222.76,225.104
70620.0,91.336,106.194,120.124,133.156,145.286,156.488,166.715,175.905,183.986,190.872,196.476,200.716,203.527,204.886,204.836,203.517,201.191,198.245,195.164,192.453,190.528,189.598,189.605,190.269,191.231,192.212,193.11,193.964,194.855,195.832,196.905,198.068,199.317,200.65,202.063,203.548,205.094,206.684,208.3,209.916,211.505,213.038,214.485,215.821,217.031,218.12,219.119,220.108,221.236,222.76,225.104
70680.0,91.27,106.088,119.984,132.987,145.094,156.28,166.497,175.686,183.771,190.67,196.293,200.557,203.397,204.788,204.769,203.48,201.178,198.25,195.179,192.472,190.544,189.609,189.61,190.271,191.23,192.211,193.11,193.963,194.854,195.832,196.905,198.068,199.317,200.65,202.063,203.548,205.094,206.684,208.3,209.916,211.505,213.038,214.485,215.821,217.031,218.12,219.119,220.108,221.236,222.76,225.104
70740.0,91.205,105.984,119.844,132.818,144.903,156.073,166.281,175.468,183.559,190.469,196.111,200.399,203.268,204.689,204.703,203.443,201.166,198.255,195.195,192.49,190.56,189.62,189.616,190.272,191.23,192.211,193.109,193.963,194.854,195.832,196.905,198.067,199.317,200.65,202.063,203.548,205.094,206.684,208.3,209.916,211.505,213.038,214.485,215.821,217.031,218.12,219.119,220.108,221.236,222.76,225.104
70800.0,91.141,105.88,119.706,132.652,144.714,155.867,166.067,175.251,183.347,190.269,195.929,200.241,203.138,204.591,204.636,203.405,201.153,198.26,195.21,192.509,190.577,189.631,189.621,190.274,191.229,192.21,193.109,193.963,194.854,195.832,196.905,198.067,199.316,200.65,202.063,203.548,205.094,206.684,208.3,209.916,211.505,213.038,214.485,215.821,217.031,218.12,219.119,220.108,221.236,222.76,225.104
70860.0,91.076,105.777,119.569,132.486,144.526,155.664,165.854,175.036,183.137,190.07,195.748,200.084,203.009,204.492,204.568,203.367,201.139,198.265,195.225,192.527,190.593,189.642,189.627,190.275,191.229,192.209,193.108,193.963,194.854,195.832,196.905,198.067,199.316,200.65,202.063,203.548,205.094,206.684,208.3,209.916,211.505,213.038,214.485,215.821,217.031,218.12,219.119,220.108,221.236,222.76,225.104
70920.0,91.013,105.674,119.434,132.322,144.34,155.462,165.643,174.823,182.927,189.873,195.568,199.927,202.88,204.394,204.501,203.329,201.125,198.269,195.24,192.545,190.609,189.653,189.632,190.277,191.228,192.208,193.108,193.963,194.854,195.832,196.905,198.067,199.316,200.65,202.063,203.548,205.094,206.684,208.3,209.916,211.505,213.038,214.485,215.821,217.031,218.12,219.119,220.108,221.236,222.76,225.104
70980.0,90.949,105.573,119.299,132.16,144.155,155.261,165.433,174.61,182.719,189.676,195.388,199.77,202.751,204.295,204.433,203.29,201.111,198.273,195.255,192.563,190.625,189.664,189.638,190.278,191.228,192.207,193.107,193.963,194.854,195.832,196.905,198.067,199.316,200.65,202.063,203.548,205.094,206.684,208.3,209.916,211.505,213.038,214.485,215.821,217.031,218.12,219.119,220.108,221.236,222.76,225.104
71040.0,90.887,105.472,119.165,131.998,143.972,155.062,165.224,174.399,182.513,189.48,195.21,199.614,202.622,204.196,204.365,203.251,201.097,198.277,195.269,192.582,190.641,189.675,189.643,190.28,191.228,192.207,193.107,193.962,194.854,195.832,196.905,198.067,199.316,200.65,202.063,203.548,205.094,206.684,208.3,209.916,211.505,213.038,214.485,215.821,217.031,218.12,219.119,220.108,221.236,222.76,225.104
71100.0,90.824,105.373,119.033,131.838,143.79,154.864,165.017,174.19,182.307,189.285,195.031,199.459,202.493,204.097,204.297,203.212,201.082,198.281,195.284,192.6,190.657,189.686,189.649,190.281,191.227,192.206,193.106,193.962,194.854,195.832,196.905,198.067,199.316,200.65,202.063,203.548,205.094,206.684,208.3,209.916,211.505,213.038,214.485,215.821,217.031,218.12,219.119,220.108,221.236,222.76,225.104
71160.0,90.762,105.274,118.901,131.679,143.609,154.668,164.812,173.981,182.102,189.09,194.854,199.303,202.364,203.998,204.228,203.172,201.067,198.284,195.298,192.617,190.673,189.697,189.654,190.283,191.227,192.205,193.106,193.962,194.854,195.832,196.905,198.067,199.316,200.65,202.063,203.548,205.094,206.684,208.299,209.916,211.505,213.038,214.485,215.821,217.031,218.12,219.119,220.108,221.236,222.76,225.104
71220.0,90.701,105.175,118.771,131.522,143.43,154.473,164.607,173.774,181.899,188.897,194.677,199.149,202.236,203.899,204.16,203.132,201.052,198.287,195.312,192.635,190.689,189.708,189.66,190.284,191.226,192.204,193.105,193.962,194.854,195.832,196.905,198.067,199.316,200.65,202.063,203.548,205.094,206.684,208.299,209.916,211.505,213.038,214.484,215.821,217.031,218.12,219.119,220.108,221.236,222.76,225.104
71280.0,90.64,105.078,118.641,131.365,143.252,154.279,164.405,173.568,181.697,188.705,194.501,198.994,202.108,203.8,204.091,203.092,201.037,198.29,195.326,192.653,190.705,189.719,189.666,190.286,191.226,192.204,193.105,193.962,194.854,195.832,196.905,198.067,199.316,200.65,202.063,203.548,205.094,206.684,208.299,209.916,211.505,213.038,214.484,215.821,217.031,218.12,219.119,220.108,221.236,222.76,225.104
71340.0,90.58,104.981,118.513,131.21,143.076,154.087,164.203,173.364,181.496,188.514,194.326,198.84,201.98,203.701,204.022,203.051,201.021,198.293,195.339,192.67,190.721,189.73,189.671,190.288,191.226,192.203,193.104,193.962,194.854,195.832,196.905,198.067,199.316,200.649,202.063,203.548,205.094,206.684,208.299,209.916,211.505,213.038,214.484,215.821,217.031,218.12,219.119,220.108,221.236,222.76,225.104
71400.0,90.519,104.885,118.385,131.056,142.9,153.897,164.003,173.161,181.296,188.323,194.151,198.687,201.852,203.602,203.953,203.011,201.005,198.295,195.353,192.688,190.737,189.741,189.677,190.289,191.225,192.202,193.104,193.961,194.854,195.832,196.905,198.067,199.316,200.649,202.063,203.548,205.094,206.684,208.299,209.915,211.505,213.037,214.484,215.821,217.031,218.12,219.119,220.108,221.236,222.76,225.104
71460.0,90.46,104.79,118.259,130.903,142.726,153.707,163.804,172.959,181.097,188.134,193.977,198.533,201.724,203.503,203.883,202.97,200.988,198.297,195.366,192.705,190.753,189.752,189.682,190.291,191.225,192.201,193.103,193.961,194.854,195.832,196.904,198.067,199.316,200.649,202.063,203.548,205.093,206.684,208.299,209.915,211.505,213.037,214.484,215.821,217.031,218.12,219.119,220.108,221.236,222.76,225.104
71520.0,90.4,104.695,118.133,130.751,142.554,153.519,163.607,172.758,180.899,187.945,193.804,198.381,201.597,203.404,203.814,202.928,200.971,198.299,195.379,192.723,190.768,189.763,189.688,190.292,191.224,192.2,193.103,193.961,194.854,195.832,196.904,198.067,199.316,200.649,202.063,203.548,205.093,206.684,208.299,209.915,211.505,213.037,214.484,215.821,217.031,218.12,219.119,220.108,221.236,222.76,225.104
71580.0,90.341,104.602,118.009,130.601,142.382,153.333,163.411,172.558,180.702,187.758,193.631,198.228,201.469,203.305,203.744,202.887,200.954,198.3,195.392,192.74,190.784,189.774,189.694,190.294,191.224,192.2,193.102,193.961,194.854,195.832,196.904,198.067,199.316,200.649,202.063,203.548,205.093,206.684,208.299,209.915,211.505,213.037,214.484,215.821,217.031,218.12,219.119,220.108,221.236,222.76,225.104
71640.0,90.283,104.508,117.885,130.452,142.212,153.147,163.216,172.36,180.507,187.571,193.459,198.077,201.342,203.205,203.674,202.845,200.937,198.302,195.405,192.757,190.8,189.785,189.699,190.296,191.224,192.199,193.102,193.961,194.854,195.832,196.904,198.067,199.316,200.649,202.063,203.548,205.093,206.684,208.299,209.915,211.505,213.037,214.484,215.821,217.031,218.12,219.119,220.108,221.236,222.76,225.104
71700.0,90.225,104.416,117.763,130.303,142.043,152.963,163.022,172.163,180.312,187.385,193.287,197.925,201.215,203.106,203.604,202.803,200.919,198.303,195.417,192.774,190.815,189.796,189.705,190.297,191.223,192.198,193.101,193.961,194.854,195.832,196.904,198.067,199.316,200.649,202.062,203.548,205.093,206.684,208.299,209.915,211.505,213.037,214.484,215.821,217.031,218.12,219.119,220.108,221.236,222.76,225.104
71760.0,90.167,104.324,117.641,130.156,141.876,152.78,162.83,171.967,180.119,187.2,193.117,197.774,201.089,203.007,203.533,202.76,200.901,198.303,195.43,192.791,190.831,189.807,189.711,190.299,191.223,192.197,193.101,193.96,194.854,195.832,196.904,198.067,199.316,200.649,202.062,203.548,205.093,206.684,208.299,209.915,211.505,213.037,214.484,215.821,217.031,218.12,219.119,220.108,221.236,222.76,225.104
71820.0,90.11,104.233,117.52,130.01,141.709,152.599,162.639,171.772,179.926,187.016,192.947,197.624,200.962,202.908,203.463,202.718,200.883,198.304,195.442,192.807,190.846,189.818,189.717,190.301,191.223,192.197,193.101,193.96,194.854,195.832,196.904,198.067,199.316,200.649,202.062,203.548,205.093,206.684,208.299,209.915,211.505,213.037,214.484,215.821,217.031,218.12,219.119,220.108,221.236,222.76,225.104
71880.0,90.053,104.143,117.4,129.865,141.544,152.418,162.449,171.579,179.735,186.833,192.777,197.473,200.836,202.809,203.392,202.675,200.864,198.304,195.454,192.824,190.862,189.829,189.722,190.303,191.223,192.196,193.1,193.96,194.854,195.832,196.904,198.067,199.316,200.649,202.062,203.548,205.093,206.684,208.299,209.915,211.505,213.037,214.484,215.821,217.031,218.12,219.119,220.108,221.236,222.76,225.104
71940.0,89.996,104.053,117.281,129.721,141.38,152.239,162.26,171.386,179.545,186.65,192.609,197.324,200.71,202.709,203.321,202.632,200.846,198.304,195.466,192.841,190.877,189.84,189.728,190.304,191.222,192.195,193.1,193.96,194.854,195.832,196.904,198.066,199.316,200.649,202.062,203.548,205.093,206.684,208.299,209.915,211.505,213.037,214.484,215.82,217.031,218.12,219.119,220.108,221.236,222.76,225.104
72000.0,89.94,103.964,117.163,129.578,141.217,152.061,162.073,171.195,179.355,186.469,192.441,197.174,200.584,202.61,203.25,202.588,200.827,198.304,195.477,192.857,190.893,189.851,189.734,190.306,191.222,192.194,193.099,193.96,194.853,195.831,196.904,198.066,199.315,200.649,202.062,203.547,205.093,206.684,208.299,209.915,211.504,213.037,214.484,215.82,217.031,218.12,219.119,220.108,221.236,222.76,225.104
72060.0,89.884,103.875,117.045,129.436,141.055,151.884,161.886,171.005,179.167,186.288,192.273,197.026,200.458,202.511,203.179,202.545,200.807,198.303,195.489,192.873,190.908,189.862,189.74,190.308,191.222,192.194,193.099,193.959,194.853,195.831,196.904,198.066,199.315,200.649,202.062,203.547,205.093,206.684,208.299,209.915,211.504,213.037,214.484,215.82,217.031,218.12,219.119,220.108,221.236,222.76,225.104
72120.0,89.829,103.787,116.929,129.295,140.894,151.709,161.701,170.815,178.979,186.108,192.106,196.877,200.333,202.412,203.108,202.501,200.788,198.303,195.5,192.89,190.924,189.873,189.746,190.31,191.221,192.193,193.098,193.959,194.853,195.831,196.904,198.066,199.315,200.649,202.062,203.547,205.093,206.684,208.299,209.915,211.504,213.037,214.484,215.82,217.031,218.12,219.119,220.108,221.236,222.76,225.104
72180.0,89.774,103.7,116.813,129.155,140.734,151.534,161.517,170.627,178.793,185.929,191.94,196.729,200.207,202.313,203.037,202.457,200.768,198.302,195.511,192.906,190.939,189.884,189.751,190.312,191.221,192.192,193.098,193.959,194.853,195.831,196.904,198.066,199.315,200.649,202.062,203.547,205.093,206.684,208.299,209.915,211.504,213.037,214.484,215.82,217.031,218.12,219.119,220.108,221.236,222.76,225.104
72240.0,89.719,103.613,116.698,129.016,140.576,151.361,161.335,170.441,178.608,185.751,191.775,196.582,200.082,202.213,202.965,202.412,200.748,198.301,195.522,192.922,190.954,189.895,189.757,190.313,191.221,192.191,193.097,193.959,194.853,195.831,196.904,198.066,199.315,200.649,202.062,203.547,205.093,206.683,208.299,209.915,211.504,213.037,214.484,215.82,217.031,218.12,219.119,220.108,221.236,222.76,225.104
72300.0,89.665,103.527,116.584,128.878,140.418,151.189,161.153,170.255,178.423,185.573,191.61,196.435,199.957,202.114,202.893,202.368,200.727,198.299,195.533,192.938,190.969,189.906,189.763,190.315,191.221,192.191,193.097,193.959,194.853,195.831,196.904,198.066,199.315,200.649,202.062,203.547,205.093,206.683,208.299,209.915,211.504,213.037,214.484,215.82,217.031,218.12,219.119,220.108,221.236,222.76,225.104
72360.0,89.611,103.442,116.471,128.741,140.262,151.018,160.972,170.07,178.24,185.397,191.446,196.288,199.833,202.015,202.822,202.323,200.706,198.297,195.543,192.953,190.985,189.917,189.769,190.317,191.22,192.19,193.096,193.959,194.853,195.831,196.904,198.066,199.315,200.649,202.062,203.547,205.093,206.683,208.299,209.915,211.504,213.037,214.484,215.82,217.031,218.12,219.119,220.108,221.236,222.76,225.104
72420.0,89.557,103.357,116.358,128.605,140.106,150.848,160.793,169.886,178.057,185.221,191.282,196.142,199.708,201.916,202.75,202.278,200.685,198.295,195.554,192.969,191.0,189.928,189.775,190.319,191.22,192.189,193.096,193.958,194.853,195.831,196.904,198.066,199.315,200.649,202.062,203.547,205.093,206.683,208.299,209.915,211.504,213.037,214.484,215.82,217.031,218.12,219.119,220.108,221.236,222.76,225.104
72480.0,89.504,103.272,116.246,128.469,139.952,150.679,160.614,169.704,177.876,185.046,191.119,195.996,199.584,201.817,202.678,202.232,200.664,198.293,195.564,192.985,191.015,189.939,189.781,190.321,191.22,192.188,193.095,193.958,194.853,195.831,196.904,198.066,199.315,200.649,202.062,203.547,205.093,206.683,208.299,209.915,211.504,213.037,214.484,215.82,217.031,218.12,219.119,220.108,221.236,222.76,225.104
72540.0,89.45,103.189,116.135,128.335,139.799,150.511,160.437,169.522,177.695,184.872,190.957,195.851,199.46,201.718,202.605,202.187,200.643,198.291,195.574,193.0,191.03,189.95,189.787,190.323,191.22,192.188,193.095,193.958,194.853,195.831,196.904,198.066,199.315,200.649,202.062,203.547,205.093,206.683,208.299,209.915,211.504,213.037,214.484,215.82,217.031,218.12,219.119,220.108,221.236,222.76,225.104
72600.0,89.398,103.105,116.025,128.202,139.646,150.345,160.261,169.341,177.516,184.699,190.795,195.706,199.337,201.619,202.533,202.141,200.621,198.288,195.584,193.015,191.045,189.961,189.793,190.325,191.22,192.187,193.094,193.958,194.853,195.831,196.904,198.066,199.315,200.648,202.062,203.547,205.093,206.683,208.299,209.915,211.504,213.037,214.484,215.82,217.031,218.12,219.119,220.108,221.236,222.76,225.104
72660.0,89.345,103.023,115.916,128.069,139.495,150.179,160.086,169.162,177.337,184.526,190.634,195.561,199.213,201.52,202.461,202.095,200.599,198.285,195.594,193.031,191.06,189.972,189.799,190.327,191.22,192.186,193.094,193.958,194.853,195.831,196.903,198.066,199.315,200.648,202.062,203.547,205.093,206.683,208.299,209.915,211.504,213.037,214.484,215.82,217.031,218.12,219.119,220.108,221.236,222.76,225.104
72720.0,89.293,102.941,115.807,127.938,139.345,150.014,159.912,168.983,177.159,184.354,190.474,195.417,199.09,201.421,202.388,202.049,200.577,198.282,195.603,193.046,191.074,189.983,189.805,190.329,191.219,192.186,193.093,193.957,194.853,195.831,196.903,198.066,199.315,200.648,202.062,203.547,205.093,206.683,208.299,209.915,211.504,213.037,214.484,215.82,217.031,218.12,219.119,220.108,221.236,222.76,225.104
72780.0,89.242,102.859,115.699,127.807,139.195,149.851,159.739,168.806,176.982,184.183,190.314,195.274,198.967,201.323,202.316,202.003,200.554,198.279,195.612,193.061,191.089,189.994,189.811,190.331,191.219,192.185,193.093,193.957,194.853,195.831,196.903,198.066,199.315,200.648,202.062,203.547,205.093,206.683,208.299,209.915,211.504,213.037,214.484,215.82,217.031,218.12,219.119,220.108,221.236,222.76,225.104
72840.0,89.19,102.778,115.592,127.677,139.047,149.688,159.567,168.629,176.806,184.013,190.155,195.13,198.844,201.224,202.243,201.956,200.532,198.275,195.621,193.076,191.104,190.004,189.817,190.333,191.219,192.184,193.092,193.957,194.853,195.831,196.903,198.066,199.315,200.648,202.062,203.547,205.093,206.683,208.299,209.915,211.504,213.037,214.484,215.82,217.031,218.12,219.119,220.108,221.236,222.76,225.104
72900.0,89.139,102.697,115.485,127.548,138.9,149.527,159.396,168.453,176.631,183.844,189.996,194.988,198.722,201.125,202.17,201.909,200.509,198.271,195.63,193.09,191.119,190.015,189.823,190.335,191.219,192.184,193.092,193.957,194.853,195.831,196.903,198.066,199.315,200.648,202.062,203.547,205.093,206.683,208.298,209.915,211.504,213.037,214.484,215.82,217.031,218.12,219.119,220.108,221.236,222.76,225.104
72960.0,89.088,102.617,115.379,127.42,138.753,149.366,159.226,168.279,176.457,183.675,189.838,194.845,198.6,201.027,202.097,201.862,200.485,198.267,195.639,193.105,191.134,190.026,189.829,190.337,191.219,192.183,193.091,193.957,194.853,195.831,196.903,198.066,199.315,200.648,202.062,203.547,205.093,206.683,208.298,209.915,211.504,213.037,214.484,215.82,217.031,218.12,219.119,220.108,221.236,222.76,225.104
73020.0,89.038,102.538,115.274,127.293,138.608,149.207,159.056,168.105,176.283,183.507,189.681,194.703,198.478,200.928,202.024,201.815,200.462,198.263,195.648,193.12,191.148,190.037,189.835,190.339,191.219,192.182,193.091,193.957,194.853,195.831,196.903,198.066,199.315,200.648,202.061,203.547,205.092,206.683,208.298,209.915,211.504,213.037,214.484,215.82,217.031,218.12,219.119,220.108,221.236,222.76,225.104
73080.0,88.987,102.459,115.17,127.166,138.463,149.048,158.888,167.932,176.111,183.34,189.524,194.562,198.356,200.829,201.951,201.768,200.438,198.258,195.656,193.134,191.163,190.048,189.841,190.341,191.219,192.181,193.09,193.956,194.853,195.831,196.903,198.066,199.315,200.648,202.061,203.547,205.092,206.683,208.298,209.915,211.504,213.037,214.484,215.82,217.031,218.12,219.119,220.108,221.236,222.76,225.104
73140.0,88.937,102.38,115.066,127.041,138.319,148.89,158.721,167.76,175.939,183.173,189.368,194.421,198.234,200.731,201.878,201.72,200.414,198.254,195.664,193.148,191.177,190.059,189.847,190.343,191.218,192.181,193.09,193.956,194.853,195.831,196.903,198.065,199.315,200.648,202.061,203.547,205.092,206.683,208.298,209.915,211.504,213.037,214.484,215.82,217.031,218.12,219.119,220.108,221.236,222.76,225.104
73200.0,88.888,102.303,114.963,126.916,138.177,148.734,158.555,167.59,175.768,183.008,189.212,194.28,198.113,200.633,201.805,201.673,200.39,198.249,195.672,193.163,191.192,190.07,189.853,190.345,191.218,192.18,193.089,193.956,194.852,195.831,196.903,198.065,199.315,200.648,202.061,203.547,205.092,206.683,208.298,209.915,211.504,213.037,214.484,215.82,217.031,218.12,219.119,220.108,221.236,222.76,225.104
73260.0,88.838,102.225,114.86,126.792,138.035,148.578,158.39,167.42,175.598,182.843,189.057,194.14,197.992,200.534,201.732,201.625,200.366,198.243,195.68,193.177,191.206,190.081,189.859,190.347,191.218,192.179,193.089,193.956,194.852,195.831,196.903,198.065,199.314,200.648,202.061,203.547,205.092,206.683,208.298,209.915,211.504,213.037,214.484,215.82,217.031,218.12,219.119,220.108,221.236,222.76,225.104
73320.0,88.789,102.148,114.758,126.669,137.894,148.423,158.226,167.25,175.429,182.678,188.903,194.0,197.871,200.436,201.658,201.577,200.341,198.238,195.688,193.191,191.221,190.092,189.865,190.349,191.218,192.179,193.088,193.956,194.852,195.831,196.903,198.065,199.314,200.648,202.061,203.547,205.092,206.683,208.298,209.914,211.504,213.037,214.484,215.82,217.031,218.12,219.119,220.108,221.236,222.76,225.104
73380.0,88.74,102.072,114.657,126.546,137.753,148.269,158.063,167.082,175.261,182.515,188.749,193.861,197.751,200.338,201.585,201.529,200.316,198.232,195.695,193.205,191.235,190.103,189.871,190.351,191.218,192.178,193.088,193.955,194.852,195.831,196.903,198.065,199.314,200.648,202.061,203.546,205.092,206.683,208.298,209.914,211.504,213.037,214.484,215.82,217.031,218.12,219.119,220.108,221.236,222.76,225.104
73440.0,88.692,101.995,114.557,126.424,137.614,148.116,157.9,166.915,175.093,182.352,188.596,193.722,197.631,200.24,201.512,201.48,200.291,198.226,195.703,193.219,191.249,190.113,189.877,190.353,191.218,192.177,193.087,193.955,194.852,195.831,196.903,198.065,199.314,200.648,202.061,203.546,205.092,206.683,208.298,209.914,211.504,213.037,214.484,215.82,217.031,218.12,219.119,220.108,221.236,222.76,225.104
73500.0,88.644,101.92,114.457,126.303,137.476,147.964,157.739,166.749,174.927,182.19,188.443,193.583,197.51,200.142,201.438,201.432,200.266,198.22,195.71,193.232,191.263,190.124,189.883,190.356,191.218,192.177,193.087,193.955,194.852,195.831,196.903,198.065,199.314,200.648,202.061,203.546,205.092,206.683,208.298,209.914,211.504,213.037,214.484,215.82,217.031,218.12,219.119,220.108,221.236,222.76,225.104
73560.0,88.596,101.845,114.358,126.183,137.338,147.813,157.578,166.583,174.761,182.029,188.291,193.445,197.391,200.044,201.364,201.383,200.24,198.214,195.717,193.246,191.278,190.135,189.889,190.358,191.218,192.176,193.086,193.955,194.852,195.831,196.903,198.065,199.314,200.648,202.061,203.546,205.092,206.683,208.298,209.914,211.504,213.037,214.484,215.82,217.031,218.12,219.119,220.108,221.236,222.76,225.104
73620.0,88.548,101.77,114.259,126.064,137.201,147.663,157.419,166.418,174.596,181.868,188.139,193.308,197.271,199.947,201.291,201.334,200.215,198.208,195.723,193.259,191.292,190.146,189.895,190.36,191.218,192.175,193.086,193.955,194.852,195.83,196.903,198.065,199.314,200.648,202.061,203.546,205.092,206.683,208.298,209.914,211.504,213.037,214.484,215.82,217.031,218.12,219.119,220.108,221.236,222.761,225.104
73680.0,88.5,101.696,114.161,125.945,137.065,147.514,157.26,166.255,174.431,181.708,187.988,193.17,197.152,199.849,201.217,201.285,200.189,198.201,195.73,193.272,191.306,190.157,189.902,190.362,191.218,192.175,193.085,193.954,194.852,195.83,196.903,198.065,199.314,200.648,202.061,203.546,205.092,206.683,208.298,209.914,211.504,213.037,214.484,215.82,217.031,218.12,219.119,220.108,221.236,222.761,225.104
73740.0,88.453,101.622,114.063,125.827,136.93,147.365,157.102,166.092,174.268,181.549,187.838,193.033,197.033,199.751,201.143,201.236,200.162,198.194,195.737,193.286,191.32,190.168,189.908,190.364,191.218,192.174,193.085,193.954,194.852,195.83,196.903,198.065,199.314,200.648,202.061,203.546,205.092,206.683,208.298,209.914,211.504,213.037,214.484,215.82,217.031,218.12,219.119,220.108,221.236,222.761,225.104
73800.0,88.406,101.549,113.966,125.71,136.796,147.217,156.945,165.93,174.105,181.39,187.688,192.897,196.914,199.654,201.07,201.186,200.136,198.187,195.743,193.299,191.334,190.178,189.914,190.367,191.218,192.173,193.084,193.954,194.852,195.83,196.903,198.065,199.314,200.648,202.061,203.546,205.092,206.683,208.298,209.914,211.504,213.037,214.484,215.82,217.031,218.12,219.119,220.108,221.236,222.761,225.104
73860.0,88.36,101.476,113.87,125.593,136.662,147.071,156.789,165.768,173.943,181.232,187.539,192.761,196.796,199.556,200.996,201.137,200.11,198.179,195.749,193.312,191.348,190.189,189.92,190.369,191.218,192.173,193.084,193.954,194.852,195.83,196.903,198.065,199.314,200.648,202.061,203.546,205.092,206.682,208.298,209.914,211.504,213.037,214.484,215.82,217.031,218.12,219.119,220.108,221.236,222.761,225.104
73920.0,88.313,101.403,113.774,125.477,136.53,146.925,156.634,165.608,173.782,181.075,187.39,192.625,196.677,199.459,200.922,201.087,200.083,198.172,195.755,193.325,191.361,190.2,189.926,190.371,191.218,192.172,193.084,193.954,194.852,195.83,196.902,198.065,199.314,200.647,202.061,203.546,205.092,206.682,208.298,209.914,211.504,213.037,214.484,215.82,217.031,218.119,219.119,220.108,221.236,222.761,225.104
73980.0,88.267,101.331,113.679,125.362,136.398,146.779,156.479,165.448,173.622,180.918,187.242,192.49,196.559,199.362,200.848,201.037,200.056,198.164,195.76,193.337,191.375,190.211,189.933,190.373,191.218,192.172,193.083,193.953,194.852,195.83,196.902,198.065,199.314,200.647,202.061,203.546,205.092,206.682,208.298,209.914,211.504,213.036,214.484,215.82,217.031,218.119,219.119,220.108,221.236,222.761,225.104
74040.0,88.221,101.26,113.585,125.247,136.266,146.635,156.325,165.29,173.462,180.762,187.094,192.355,196.442,199.265,200.774,200.987,200.029,198.156,195.766,193.35,191.389,190.221,189.939,190.376,191.218,192.171,193.083,193.953,194.852,195.83,196.902,198.065,199.314,200.647,202.061,203.546,205.092,206.682,208.298,209.914,211.504,213.036,214.484,215.82,217.031,218.119,219.119,220.108,221.236,222.761,225.104
74100.0,88.175,101.189,113.491,125.134,136.136,146.492,156.173,165.132,173.304,180.607,186.947,192.221,196.324,199.168,200.7,200.937,200.001,198.147,195.771,193.363,191.403,190.232,189.945,190.378,191.218,192.17,193.082,193.953,194.852,195.83,196.902,198.065,199.314,200.647,202.061,203.546,205.092,206.682,208.298,209.914,211.504,213.036,214.484,215.82,217.031,218.119,219.119,220.108,221.236,222.761,225.104
74160.0,88.13,101.118,113.397,125.02,136.006,146.349,156.021,164.975,173.145,180.452,186.801,192.087,196.207,199.071,200.626,200.887,199.974,198.139,195.777,193.375,191.416,190.243,189.951,190.38,191.218,192.17,193.082,193.953,194.852,195.83,196.902,198.065,199.314,200.647,202.061,203.546,205.092,206.682,208.298,209.914,211.504,213.036,214.484,215.82,217.031,218.119,219.119,220.108,221.236,222.761,225.104
74220.0,88.085,101.047,113.305,124.908,135.877,146.207,155.87,164.818,172.988,180.299,186.655,191.953,196.09,198.974,200.552,200.837,199.946,198.13,195.782,193.387,191.43,190.254,189.957,190.383,191.218,192.169,193.081,193.953,194.852,195.83,196.902,198.065,199.314,200.647,202.061,203.546,205.092,206.682,208.298,209.914,211.503,213.036,214.484,215.82,217.031,218.119,219.119,220.108,221.236,222.761,225.104
74280.0,88.04,100.977,113.212,124.796,135.749,146.066,155.719,164.663,172.831,180.145,186.509,191.82,195.973,198.877,200.478,200.786,199.918,198.121,195.787,193.399,191.443,190.264,189.964,190.385,191.218,192.168,193.081,193.952,194.851,195.83,196.902,198.064,199.314,200.647,202.061,203.546,205.092,206.682,208.298,209.914,211.503,213.036,214.483,215.82,217.031,218.119,219.119,220.108,221.236,222.761,225.104
74340.0,87.995,100.908,113.12,124.685,135.622,145.926,155.57,164.508,172.676,179.993,186.365,191.687,195.857,198.781,200.404,200.736,199.89,198.112,195.791,193.411,191.457,190.275,189.97,190.387,191.218,192.168,193.08,193.952,194.851,195.83,196.902,198.064,199.314,200.647,202.06,203.546,205.092,206.682,208.298,209.914,211.503,213.036,214.483,215.82,217.031,218.119,219.119,220.108,221.236,222.761,225.104
74400.0,87.951,100.839,113.029,124.574,135.495,145.786,155.421,164.354,172.52,179.841,186.22,191.555,195.74,198.684,200.329,200.685,199.861,198.103,195.796,193.423,191.47,190.286,189.976,190.39,191.219,192.167,193.08,193.952,194.851,195.83,196.902,198.064,199.314,200.647,202.06,203.546,205.092,206.682,208.298,209.914,211.503,213.036,214.483,215.82,217.031,218.119,219.119,220.108,221.236,222.761,225.104
74460.0,87.906,100.77,112.938,124.464,135.369,145.647,155.273,164.2,172.366,179.689,186.076,191.423,195.625,198.588,200.255,200.634,199.833,198.094,195.8,193.435,191.484,190.296,189.982,190.392,191.219,192.167,193.079,193.952,194.851,195.83,196.902,198.064,199.313,200.647,202.06,203.546,205.092,206.682,208.298,209.914,211.503,213.036,214.483,215.82,217.031,218.119,219.119,220.108,221.236,222.761,225.104
74520.0,87.862,100.702,112.848,124.355,135.244,145.509,155.126,164.048,172.212,179.539,185.933,191.292,195.509,198.492,200.181,200.583,199.804,198.084,195.804,193.447,191.497,190.307,189.989,190.394,191.219,192.166,193.079,193.952,194.851,195.83,196.902,198.064,199.313,200.647,202.06,203.546,205.091,206.682,208.298,209.914,211.503,213.036,214.483,215.82,217.031,218.119,219.119,220.108,221.236,222.761,225.104
74580.0,87.819,100.634,112.758,124.247,135.119,145.372,154.979,163.896,172.059,179.389,185.79,191.16,195.393,198.396,200.107,200.532,199.775,198.074,195.808,193.459,191.51,190.318,189.995,190.397,191.219,192.165,193.078,193.951,194.851,195.83,196.902,198.064,199.313,200.647,202.06,203.546,205.091,206.682,208.298,209.914,211.503,213.036,214.483,215.82,217.031,218.119,219.119,220.108,221.236,222.761,225.104
74640.0,87.775,100.566,112.669,124.138,134.995,145.235,154.834,163.745,171.907,179.239,185.648,191.03,195.278,198.3,200.033,200.48,199.746,198.064,195.812,193.47,191.523,190.328,190.001,190.399,191.219,192.165,193.078,193.951,194.851,195.83,196.902,198.064,199.313,200.647,202.06,203.546,205.091,206.682,208.298,209.914,211.503,213.036,214.483,215.82,217.031,218.119,219.119,220.108,221.236,222.761,225.104
74700.0,87.732,100.499,112.581,124.031,134.872,145.1,154.689,163.595,171.755,179.09,185.506,190.899,195.163,198.204,199.959,200.429,199.716,198.054,195.816,193.481,191.536,190.339,190.008,190.402,191.219,192.164,193.077,193.951,194.851,195.83,196.902,198.064,199.313,200.647,202.06,203.546,205.091,206.682,208.297,209.914,211.503,213.036,214.483,215.82,217.031,218.119,219.119,220.108,221.236,222.761,225.104
74760.0,87.688,100.432,112.492,123.924,134.749,144.964,154.545,163.445,171.604,178.942,185.365,190.769,195.049,198.108,199.884,200.378,199.687,198.043,195.819,193.493,191.549,190.349,190.014,190.404,191.219,192.164,193.077,193.951,194.851,195.83,196.902,198.064,199.313,200.647,202.06,203.546,205.091,206.682,208.297,209.914,211.503,213.036,214.483,215.82,217.031,218.119,219.119,220.108,221.236,222.761,225.104
74820.0,87.646,100.365,112.405,123.818,134.628,144.83,154.401,163.297,171.454,178.794,185.224,190.64,194.934,198.012,199.81,200.326,199.657,198.033,195.823,193.504,191.562,190.36,190.02,190.407,191.219,192.163,193.076,193.951,194.851,195.83,196.902,198.064,199.313,200.647,202.06,203.545,205.091,206.682,208.297,209.914,211.503,213.036,214.483,215.82,217.031,218.119,219.119,220.108,221.236,222.761,225.104
74880.0,87.603,100.299,112.318,123.712,134.506,144.697,154.259,163.149,171.304,178.647,185.084,190.511,194.82,197.917,199.736,200.274,199.628,198.022,195.826,193.515,191.575,190.371,190.027,190.409,191.22,192.162,193.076,193.95,194.851,195.83,196.902,198.064,199.313,200.647,202.06,203.545,205.091,206.682,208.297,209.914,211.503,213.036,214.483,215.82,217.031,218.119,219.119,220.108,221.236,222.761,225.104
74940.0,87.56,100.233,112.231,123.607,134.386,144.564,154.117,163.001,171.155,178.501,184.944,190.382,194.706,197.821,199.662,200.223,199.598,198.011,195.829,193.526,191.588,190.381,190.033,190.412,191.22,192.162,193.075,193.95,194.851,195.83,196.902,198.064,199.313,200.647,202.06,203.545,205.091,206.682,208.297,209.914,211.503,213.036,214.483,215.82,217.031,218.119,219.119,220.108,221.236,222.761,225.104
75000.0,87.518,100.168,112.145,123.503,134.266,144.431,153.975,162.854,171.007,178.355,184.805,190.253,194.593,197.726,199.587,200.171,199.567,197.999,195.832,193.536,191.601,190.392,190.039,190.414,191.22,192.161,193.075,193.95,194.851,195.83,196.902,198.064,199.313,200.647,202.06,203.545,205.091,206.682,208.297,209.914,211.503,213.036,214.483,215.82,217.031,218.119,219.119,220.108,221.236,222.761,225.104
75060.0,87.476,100.103,112.059,123.399,134.147,144.3,153.835,162.709,170.86,178.21,184.666,190.125,194.479,197.631,199.513,200.119,199.537,197.988,195.834,193.547,191.614,190.402,190.046,190.417,191.22,192.161,193.074,193.95,194.851,195.83,196.902,198.064,199.313,200.647,202.06,203.545,205.091,206.682,208.297,209.914,211.503,213.036,214.483,215.82,217.031,218.119,219.119,220.108,221.236,222.761,225.104
75120.0,87.434,100.038,111.974,123.296,134.028,144.169,153.695,162.563,170.713,178.065,184.528,189.998,194.366,197.536,199.439,200.066,199.506,197.976,195.837,193.558,191.626,190.413,190.052,190.419,191.22,192.16,193.074,193.95,194.851,195.829,196.902,198.064,199.313,200.647,202.06,203.545,205.091,206.682,208.297,209.914,211.503,213.036,214.483,215.82,217.031,218.119,219.119,220.108,221.236,222.761,225.104
75180.0,87.393,99.974,111.889,123.193,133.91,144.039,153.556,162.419,170.566,177.921,184.391,189.87,194.253,197.441,199.365,200.014,199.476,197.965,195.839,193.568,191.639,190.423,190.058,190.422,191.221,192.16,193.074,193.949,194.851,195.829,196.901,198.064,199.313,200.646,202.06,203.545,205.091,206.682,208.297,209.914,211.503,213.036,214.483,215.82,217.031,218.119,219.119,220.108,221.236,222.761,225.104
75240.0,87.351,99.91,111.805,123.091,133.793,143.909,153.417,162.275,170.421,177.778,184.253,189.744,194.141,197.346,199.29,199.962,199.445,197.953,195.841,193.578,191.652,190.433,190.065,190.424,191.221,192.159,193.073,193.949,194.85,195.829,196.901,198.064,199.313,200.646,202.06,203.545,205.091,206.682,208.297,209.914,211.503,213.036,214.483,215.82,217.031,218.119,219.119,220.108,221.236,222.761,225.104
75300.0,87.31,99.846,111.721,122.989,133.676,143.781,153.28,162.132,170.276,177.635,184.117,189.617,194.028,197.252,199.216,199.909,199.414,197.941,195.843,193.589,191.664,190.444,190.071,190.427,191.221,192.159,193.073,193.949,194.85,195.829,196.901,198.064,199.313,200.646,202.06,203.545,205.091,206.682,208.297,209.913,211.503,213.036,214.483,215.82,217.031,218.119,219.119,220.108,221.236,222.761,225.104
75360.0,87.269,99.783,111.637,122.888,133.56,143.652,153.143,161.989,170.131,177.493,183.98,189.491,193.916,197.157,199.142,199.857,199.383,197.928,195.845,193.599,191.676,190.454,190.077,190.429,191.221,192.158,193.072,193.949,194.85,195.829,196.901,198.064,199.313,200.646,202.06,203.545,205.091,206.682,208.297,209.913,211.503,213.036,214.483,215.82,217.031,218.119,219.119,220.108,221.236,222.761,225.104
75420.0,87.228,99.72,111.554,122.788,133.445,143.525,153.006,161.847,169.988,177.351,183.845,189.365,193.805,197.063,199.068,199.804,199.352,197.916,195.847,193.609,191.689,190.465,190.084,190.432,191.222,192.157,193.072,193.949,194.85,195.829,196.901,198.064,199.313,200.646,202.06,203.545,205.091,206.682,208.297,209.913,211.503,213.036,214.483,215.82,217.031,218.119,219.119,220.108,221.236,222.761,225.104
75480.0,87.187,99.657,111.472,122.688,133.33,143.398,152.871,161.706,169.845,177.21,183.709,189.24,193.693,196.968,198.993,199.752,199.32,197.903,195.848,193.619,191.701,190.475,190.09,190.435,191.222,192.157,193.071,193.948,194.85,195.829,196.901,198.063,199.313,200.646,202.06,203.545,205.091,206.681,208.297,209.913,211.503,213.036,214.483,215.82,217.031,218.119,219.119,220.108,221.236,222.761,225.104
75540.0,87.147,99.595,111.39,122.588,133.216,143.272,152.736,161.566,169.702,177.069,183.575,189.115,193.582,196.874,198.919,199.699,199.288,197.89,195.85,193.628,191.713,190.485,190.097,190.437,191.222,192.156,193.071,193.948,194.85,195.829,196.901,198.063,199.313,200.646,202.06,203.545,205.091,206.681,208.297,209.913,211.503,213.036,214.483,215.82,217.031,218.119,219.119,220.108,221.236,222.761,225.104
75600.0,87.107,99.533,111.308,122.489,133.102,143.146,152.601,161.426,169.56,176.929,183.44,188.99,193.471,196.78,198.845,199.646,199.257,197.877,195.851,193.638,191.726,190.496,190.103,190.44,191.222,192.156,193.07,193.948,194.85,195.829,196.901,198.063,199.313,200.646,202.06,203.545,205.091,206.681,208.297,209.913,211.503,213.036,214.483,215.82,217.03,218.119,219.119,220.108,221.236,222.761,225.104
75660.0,87.067,99.471,111.227,122.391,132.989,143.022,152.468,161.286,169.419,176.79,183.307,188.866,193.36,196.687,198.771,199.593,199.225,197.864,195.852,193.647,191.738,190.506,190.109,190.442,191.223,192.155,193.07,193.948,194.85,195.829,196.901,198.063,199.312,200.646,202.06,203.545,205.091,206.681,208.297,209.913,211.503,213.036,214.483,215.82,217.03,218.119,219.119,220.108,221.236,222.761,225.104
75720.0,87.027,99.409,111.146,122.293,132.877,142.897,152.335,161.148,169.279,176.651,183.173,188.742,193.249,196.593,198.697,199.54,199.193,197.85,195.853,193.657,191.75,190.516,190.116,190.445,191.223,192.155,193.069,193.948,194.85,195.829,196.901,198.063,199.312,200.646,202.059,203.545,205.091,206.681,208.297,209.913,211.503,213.036,214.483,215.82,217.03,218.119,219.119,220.108,221.236,222.761,225.104
75780.0,86.987,99.348,111.065,122.196,132.765,142.774,152.202,161.01,169.139,176.512,183.04,188.619,193.139,196.499,198.623,199.487,199.16,197.837,195.853,193.666,191.762,190.527,190.122,190.448,191.223,192.154,193.069,193.947,194.85,195.829,196.901,198.063,199.312,200.646,202.059,203.545,205.091,206.681,208.297,209.913,211.503,213.036,214.483,215.82,217.03,218.119,219.119,220.108,221.236,222.761,225.104
75840.0,86.948,99.288,110.986,122.099,132.653,142.651,152.07,160.873,168.999,176.375,182.908,188.496,193.029,196.406,198.548,199.434,199.128,197.823,195.854,193.675,191.774,190.537,190.129,190.45,191.224,192.154,193.068,193.947,194.85,195.829,196.901,198.063,199.312,200.646,202.059,203.545,205.091,206.681,208.297,209.913,211.503,213.036,214.483,215.819,217.03,218.119,219.119,220.108,221.236,222.761,225.104
75900.0,86.908,99.227,110.906,122.002,132.543,142.528,151.939,160.736,168.86,176.237,182.776,188.373,192.919,196.312,198.474,199.381,199.096,197.809,195.854,193.684,191.786,190.547,190.135,190.453,191.224,192.153,193.068,193.947,194.85,195.829,196.901,198.063,199.312,200.646,202.059,203.545,205.091,206.681,208.297,209.913,211.503,213.036,214.483,215.819,217.03,218.119,219.119,220.108,221.236,222.761,225.104
75960.0,86.869,99.167,110.827,121.907,132.432,142.406,151.809,160.6,168.722,176.101,182.644,188.251,192.81,196.219,198.4,199.327,199.063,197.795,195.855,193.693,191.797,190.557,190.142,190.456,191.224,192.153,193.067,193.947,194.85,195.829,196.901,198.063,199.312,200.646,202.059,203.545,205.091,206.681,208.297,209.913,211.503,213.036,214.483,215.819,217.03,218.119,219.119,220.108,221.236,222.761,225.104
76020.0,86.83,99.107,110.748,121.811,132.323,142.285,151.679,160.464,168.584,175.964,182.513,188.129,192.701,196.126,198.326,199.274,199.03,197.781,195.855,193.702,191.809,190.568,190.148,190.458,191.225,192.152,193.067,193.947,194.85,195.829,196.901,198.063,199.312,200.646,202.059,203.545,205.09,206.681,208.297,209.913,211.503,213.036,214.483,215.819,217.03,218.119,219.119,220.108,221.236,222.761,225.104
76080.0,86.791,99.047,110.67,121.716,132.214,142.165,151.55,160.33,168.447,175.829,182.383,188.007,192.592,196.033,198.252,199.22,198.997,197.766,195.855,193.711,191.821,190.578,190.154,190.461,191.225,192.152,193.067,193.946,194.85,195.829,196.901,198.063,199.312,200.646,202.059,203.545,205.09,206.681,208.297,209.913,211.503,213.036,214.483,215.819,217.03,218.119,219.119,220.108,221.236,222.761,225.104
76140.0,86.753,98.988,110.592,121.622,132.105,142.045,151.421,160.195,168.311,175.694,182.253,187.886,192.483,195.941,198.178,199.167,198.964,197.752,195.854,193.719,191.832,190.588,190.161,190.464,191.225,192.151,193.066,193.946,194.85,195.829,196.901,198.063,199.312,200.646,202.059,203.545,205.09,206.681,208.297,209.913,211.503,213.036,214.483,215.819,217.03,218.119,219.119,220.108,221.236,222.761,225.104
76200.0,86.714,98.929,110.514,121.528,131.997,141.925,151.293,160.062,168.175,175.559,182.123,187.765,192.374,195.848,198.104,199.113,198.931,197.737,195.854,193.728,191.844,190.598,190.167,190.467,191.226,192.151,193.066,193.946,194.849,195.829,196.901,198.063,199.312,200.646,202.059,203.544,205.09,206.681,208.297,209.913,211.503,213.036,214.483,215.819,217.03,218.119,219.119,220.108,221.236,222.761,225.104
76260.0,86.676,98.871,110.437,121.435,131.89,141.806,151.165,159.929,168.04,175.425,181.994,187.644,192.266,195.756,198.03,199.06,198.898,197.722,195.853,193.736,191.856,190.608,190.174,190.469,191.226,192.15,193.065,193.946,194.849,195.829,196.901,198.063,199.312,200.646,202.059,203.544,205.09,206.681,208.297,209.913,211.503,213.036,214.483,215.819,217.03,218.119,219.119,220.108,221.236,222.761,225.104
76320.0,86.638,98.812,110.36,121.342,131.783,141.688,151.038,159.796,167.905,175.291,181.865,187.524,192.158,195.663,197.957,199.006,198.864,197.707,195.853,193.744,191.867,190.618,190.18,190.472,191.227,192.15,193.065,193.946,194.849,195.829,196.901,198.063,199.312,200.646,202.059,203.544,205.09,206.681,208.297,209.913,211.503,213.036,214.483,215.819,217.03,218.119,219.119,220.108,221.236,222.761,225.104
76380.0,86.6,98.754,110.284,121.249,131.677,141.57,150.912,159.664,167.771,175.158,181.737,187.404,192.051,195.571,197.883,198.952,198.83,197.692,195.852,193.752,191.878,190.628,190.187,190.475,191.227,192.149,193.064,193.945,194.849,195.829,196.901,198.063,199.312,200.646,202.059,203.544,205.09,206.681,208.297,209.913,211.503,213.036,214.483,215.819,217.03,218.119,219.119,220.108,221.236,222.761,225.104
76440.0,86.563,98.696,110.208,121.157,131.571,141.453,150.787,159.533,167.637,175.026,181.609,187.284,191.943,195.479,197.809,198.898,198.797,197.676,195.851,193.76,191.89,190.638,190.193,190.478,191.227,192.149,193.064,193.945,194.849,195.829,196.9,198.063,199.312,200.645,202.059,203.544,205.09,206.681,208.296,209.913,211.502,213.036,214.483,215.819,217.03,218.119,219.119,220.108,221.236,222.761,225.104
76500.0,86.525,98.639,110.133,121.065,131.466,141.337,150.661,159.402,167.504,174.894,181.481,187.165,191.836,195.387,197.735,198.844,198.763,197.661,195.85,193.768,191.901,190.648,190.2,190.481,191.228,192.148,193.063,193.945,194.849,195.829,196.9,198.063,199.312,200.645,202.059,203.544,205.09,206.681,208.296,209.913,211.502,213.036,214.483,215.819,217.03,218.119,219.119,220.108,221.236,222.761,225.104
76560.0,86.488,98.581,110.057,120.974,131.361,141.221,150.537,159.272,167.372,174.762,181.354,187.047,191.729,195.295,197.661,198.79,198.729,197.645,195.848,193.776,191.912,190.658,190.206,190.483,191.228,192.148,193.063,193.945,194.849,195.829,196.9,198.063,199.312,200.645,202.059,203.544,205.09,206.681,208.296,209.913,211.502,213.035,214.483,215.819,217.03,218.119,219.119,220.108,221.236,222.761,225.105
76620.0,86.45,98.524,109.983,120.884,131.257,141.105,150.413,159.143,167.24,174.631,181.228,186.928,191.622,195.204,197.588,198.736,198.695,197.629,195.847,193.784,191.923,190.668,190.213,190.486,191.229,192.147,193.062,193.945,194.849,195.828,196.9,198.063,199.312,200.645,202.059,203.544,205.09,206.681,208.296,209.913,211.502,213.035,214.483,215.819,217.03,218.119,219.119,220.108,221.236,222.761,225.105
76680.0,86.413,98.468,109.908,120.793,131.153,140.99,150.29,159.014,167.108,174.5,181.102,186.81,191.516,195.112,197.514,198.682,198.661,197.613,195.845,193.791,191.934,190.678,190.219,190.489,191.229,192.147,193.062,193.944,194.849,195.828,196.9,198.062,199.312,200.645,202.059,203.544,205.09,206.681,208.296,209.913,211.502,213.035,214.483,215.819,217.03,218.119,219.119,220.108,221.236,222.761,225.105
76740.0,86.376,98.411,109.834,120.704,131.05,140.876,150.167,158.885,166.977,174.37,180.976,186.692,191.41,195.021,197.44,198.628,198.626,197.597,195.844,193.799,191.945,190.688,190.226,190.492,191.23,192.146,193.061,193.944,194.849,195.828,196.9,198.062,199.312,200.645,202.059,203.544,205.09,206.681,208.296,209.913,211.502,213.035,214.483,215.819,217.03,218.119,219.119,220.108,221.236,222.761,225.105
76800.0,86.34,98.355,109.76,120.614,130.947,140.762,150.045,158.758,166.847,174.241,180.851,186.575,191.304,194.93,197.367,198.574,198.592,197.58,195.842,193.806,191.956,190.698,190.232,190.495,191.23,192.146,193.061,193.944,194.849,195.828,196.9,198.062,199.312,200.645,202.059,203.544,205.09,206.681,208.296,209.913,211.502,213.035,214.483,215.819,217.03,218.119,219.119,220.108,221.236,222.761,225.105
76860.0,86.303,98.299,109.687,120.525,130.844,140.649,149.923,158.63,166.717,174.112,180.726,186.458,191.198,194.839,197.293,198.52,198.557,197.564,195.84,193.813,191.967,190.708,190.238,190.498,191.23,192.146,193.061,193.944,194.849,195.828,196.9,198.062,199.312,200.645,202.059,203.544,205.09,206.681,208.296,209.913,211.502,213.035,214.483,215.819,217.03,218.119,219.119,220.108,221.236,222.761,225.105
76920.0,86.267,98.244,109.614,120.437,130.743,140.536,149.802,158.504,166.588,173.983,180.601,186.341,191.092,194.748,197.22,198.465,198.523,197.547,195.838,193.82,191.978,190.718,190.245,190.5,191.231,192.145,193.06,193.943,194.849,195.828,196.9,198.062,199.311,200.645,202.059,203.544,205.09,206.681,208.296,209.913,211.502,213.035,214.483,215.819,217.03,218.119,219.119,220.108,221.236,222.761,225.105
76980.0,86.231,98.188,109.541,120.349,130.641,140.424,149.681,158.377,166.459,173.855,180.477,186.225,190.987,194.657,197.146,198.411,198.488,197.53,195.835,193.827,191.988,190.728,190.251,190.503,191.231,192.145,193.06,193.943,194.849,195.828,196.9,198.062,199.311,200.645,202.059,203.544,205.09,206.681,208.296,209.913,211.502,213.035,214.483,215.819,217.03,218.119,219.119,220.108,221.236,222.761,225.105
77040.0,86.194,98.133,109.469,120.261,130.541,140.312,149.561,158.252,166.331,173.727,180.354,186.109,190.882,194.567,197.073,198.357,198.453,197.513,195.833,193.834,191.999,190.738,190.258,190.506,191.232,192.144,193.059,193.943,194.848,195.828,196.9,198.062,199.311,200.645,202.058,203.544,205.09,206.681,208.296,209.913,211.502,213.035,214.483,215.819,217.03,218.119,219.119,220.108,221.236,222.761,225.105
77100.0,86.158,98.078,109.397,120.174,130.44,140.201,149.442,158.127,166.203,173.6,180.231,185.993,190.778,194.476,197.0,198.302,198.418,197.496,195.83,193.841,192.009,190.747,190.264,190.509,191.232,192.144,193.059,193.943,194.848,195.828,196.9,198.062,199.311,200.645,202.058,203.544,205.09,206.68,208.296,209.913,211.502,213.035,214.483,215.819,217.03,218.119,219.119,220.108,221.236,222.761,225.105
77160.0,86.123,98.024,109.325,120.087,130.34,140.091,149.323,158.002,166.076,173.474,180.108,185.878,190.673,194.386,196.926,198.248,198.383,197.479,195.827,193.848,192.02,190.757,190.271,190.512,191.233,192.143,193.058,193.943,194.848,195.828,196.9,198.062,199.311,200.645,202.058,203.544,205.09,206.68,208.296,209.913,211.502,213.035,214.483,215.819,217.03,218.119,219.119,220.108,221.236,222.761,225.105
77220.0,86.087,97.969,109.254,120.001,130.241,139.98,149.204,157.878,165.949,173.347,179.986,185.763,190.569,194.296,196.853,198.193,198.347,197.462,195.824,193.854,192.03,190.767,190.277,190.515,191.234,192.143,193.058,193.942,194.848,195.828,196.9,198.062,199.311,200.645,202.058,203.544,205.09,206.68,208.296,209.913,211.502,213.035,214.483,215.819,217.03,218.119,219.119,220.108,221.236,222.761,225.105
77280.0,86.052,97.915,109.183,119.915,130.142,139.871,149.086,157.754,165.823,173.222,179.864,185.648,190.465,194.206,196.78,198.139,198.312,197.444,195.821,193.86,192.041,190.777,190.284,190.518,191.234,192.143,193.057,193.942,194.848,195.828,196.9,198.062,199.311,200.645,202.058,203.544,205.09,206.68,208.296,209.912,211.502,213.035,214.483,215.819,217.03,218.119,219.119,220.108,221.237,222.761,225.105
77340.0,86.016,97.861,109.112,119.829,130.044,139.762,148.969,157.631,165.697,173.096,179.742,185.534,190.361,194.116,196.707,198.084,198.276,197.427,195.818,193.867,192.051,190.786,190.29,190.521,191.235,192.142,193.057,193.942,194.848,195.828,196.9,198.062,199.311,200.645,202.058,203.544,205.09,206.68,208.296,209.912,211.502,213.035,214.483,215.819,217.03,218.119,219.119,220.108,221.237,222.761,225.105
77400.0,85.981,97.808,109.042,119.744,129.946,139.653,148.852,157.509,165.572,172.972,179.621,185.419,190.258,194.026,196.633,198.029,198.241,197.409,195.815,193.873,192.061,190.796,190.297,190.524,191.235,192.142,193.057,193.942,194.848,195.828,196.9,198.062,199.311,200.645,202.058,203.544,205.09,206.68,208.296,209.912,211.502,213.035,214.482,215.819,217.03,218.119,219.119,220.108,221.237,222.761,225.105
77460.0,85.946,97.754,108.972,119.66,129.848,139.545,148.736,157.387,165.447,172.847,179.5,185.306,190.154,193.937,196.56,197.975,198.205,197.391,195.811,193.879,192.071,190.806,190.303,190.527,191.236,192.141,193.056,193.942,194.848,195.828,196.9,198.062,199.311,200.645,202.058,203.544,205.09,206.68,208.296,209.912,211.502,213.035,214.482,215.819,217.03,218.119,219.119,220.108,221.237,222.761,225.105
77520.0,85.911,97.701,108.902,119.575,129.751,139.437,148.62,157.266,165.323,172.723,179.38,185.192,190.051,193.847,196.487,197.92,198.169,197.373,195.808,193.885,192.082,190.815,190.31,190.53,191.236,192.141,193.056,193.941,194.848,195.828,196.9,198.062,199.311,200.645,202.058,203.544,205.089,206.68,208.296,209.912,211.502,213.035,214.482,215.819,217.03,218.119,219.119,220.108,221.237,222.761,225.105
77580.0,85.876,97.649,108.833,119.491,129.654,139.33,148.504,157.145,165.199,172.6,179.26,185.079,189.949,193.758,196.414,197.865,198.134,197.354,195.804,193.891,192.092,190.825,190.316,190.533,191.237,192.141,193.055,193.941,194.848,195.828,196.9,198.062,199.311,200.645,202.058,203.544,205.089,206.68,208.296,209.912,211.502,213.035,214.482,215.819,217.03,218.119,219.119,220.108,221.237,222.761,225.105
77640.0,85.842,97.596,108.764,119.408,129.558,139.223,148.389,157.024,165.076,172.477,179.14,184.967,189.846,193.669,196.342,197.811,198.098,197.336,195.8,193.897,192.102,190.834,190.323,190.536,191.237,192.14,193.055,193.941,194.848,195.828,196.9,198.062,199.311,200.645,202.058,203.543,205.089,206.68,208.296,209.912,211.502,213.035,214.482,215.819,217.03,218.119,219.119,220.108,221.237,222.761,225.105
77700.0,85.807,97.544,108.695,119.325,129.462,139.117,148.275,156.904,164.954,172.354,179.021,184.854,189.744,193.58,196.269,197.756,198.061,197.318,195.796,193.902,192.111,190.844,190.329,190.539,191.238,192.14,193.054,193.941,194.848,195.828,196.899,198.062,199.311,200.644,202.058,203.543,205.089,206.68,208.296,209.912,211.502,213.035,214.482,215.819,217.03,218.119,219.119,220.108,221.237,222.761,225.105
77760.0,85.773,97.491,108.627,119.242,129.367,139.011,148.161,156.785,164.831,172.232,178.903,184.742,189.642,193.491,196.196,197.701,198.025,197.299,195.792,193.908,192.121,190.853,190.336,190.542,191.239,192.139,193.054,193.94,194.848,195.828,196.899,198.062,199.311,200.644,202.058,203.543,205.089,206.68,208.296,209.912,211.502,213.035,214.482,215.819,217.03,218.119,219.119,220.108,221.237,222.761,225.105
77820.0,85.739,97.439,108.559,119.159,129.272,138.906,148.048,156.666,164.709,172.111,178.784,184.631,189.54,193.403,196.123,197.646,197.989,197.28,195.787,193.913,192.131,190.863,190.342,190.545,191.239,192.139,193.053,193.94,194.848,195.828,196.899,198.061,199.311,200.644,202.058,203.543,205.089,206.68,208.296,209.912,211.502,213.035,214.482,215.819,217.03,218.119,219.119,220.108,221.237,222.761,225.105
77880.0,85.705,97.388,108.491,119.077,129.178,138.801,147.935,156.547,164.588,171.989,178.666,184.519,189.438,193.314,196.05,197.591,197.953,197.261,195.783,193.918,192.141,190.872,190.349,190.548,191.24,192.139,193.053,193.94,194.847,195.828,196.899,198.061,199.311,200.644,202.058,203.543,205.089,206.68,208.296,209.912,211.502,213.035,214.482,215.819,217.03,218.119,219.119,220.108,221.237,222.761,225.105
77940.0,85.671,97.336,108.424,118.996,129.084,138.697,147.823,156.429,164.467,171.869,178.549,184.408,189.337,193.226,195.978,197.536,197.916,197.242,195.778,193.924,192.15,190.882,190.355,190.551,191.241,192.138,193.053,193.94,194.847,195.828,196.899,198.061,199.311,200.644,202.058,203.543,205.089,206.68,208.296,209.912,211.502,213.035,214.482,215.819,217.03,218.119,219.119,220.108,221.237,222.761,225.105
78000.0,85.637,97.285,108.357,118.914,128.99,138.593,147.711,156.312,164.347,171.748,178.432,184.297,189.236,193.138,195.905,197.481,197.88,197.223,195.774,193.929,192.16,190.891,190.362,190.554,191.241,192.138,193.052,193.94,194.847,195.828,196.899,198.061,199.311,200.644,202.058,203.543,205.089,206.68,208.296,209.912,211.502,213.035,214.482,215.819,217.03,218.119,219.119,220.108,221.237,222.761,225.105
78060.0,85.604,97.234,108.29,118.833,128.897,138.49,147.599,156.195,164.227,171.628,178.315,184.187,189.135,193.049,195.833,197.427,197.843,197.204,195.769,193.934,192.169,190.9,190.368,190.557,191.242,192.137,193.052,193.939,194.847,195.827,196.899,198.061,199.311,200.644,202.058,203.543,205.089,206.68,208.296,209.912,211.502,213.035,214.482,215.819,217.03,218.119,219.119,220.108,221.237,222.761,225.105
78120.0,85.57,97.183,108.224,118.753,128.804,138.387,147.488,156.078,164.108,171.509,178.198,184.077,189.035,192.962,195.76,197.372,197.806,197.184,195.764,193.939,192.179,190.91,190.375,190.56,191.242,192.137,193.051,193.939,194.847,195.827,196.899,198.061,199.31,200.644,202.058,203.543,205.089,206.68,208.296,209.912,211.502,213.035,214.482,215.819,217.03,218.119,219.119,220.108,221.237,222.761,225.105
78180.0,85.537,97.133,108.157,118.673,128.712,138.284,147.378,155.962,163.989,171.39,178.082,183.967,188.934,192.874,195.688,197.317,197.769,197.165,195.759,193.943,192.188,190.919,190.381,190.563,191.243,192.137,193.051,193.939,194.847,195.827,196.899,198.061,199.31,200.644,202.058,203.543,205.089,206.68,208.296,209.912,211.502,213.035,214.482,215.819,217.03,218.119,219.119,220.108,221.237,222.761,225.105
78240.0,85.504,97.082,108.091,118.593,128.62,138.182,147.268,155.847,163.87,171.271,177.967,183.857,188.834,192.786,195.616,197.262,197.733,197.145,195.753,193.948,192.197,190.928,190.388,190.566,191.244,192.136,193.05,193.939,194.847,195.827,196.899,198.061,199.31,200.644,202.058,203.543,205.089,206.68,208.295,209.912,211.502,213.035,214.482,215.819,217.03,218.119,219.119,220.108,221.237,222.761,225.105
78300.0,85.471,97.032,108.026,118.513,128.528,138.08,147.158,155.731,163.752,171.153,177.851,183.748,188.734,192.699,195.543,197.207,197.696,197.125,195.748,193.952,192.207,190.937,190.394,190.569,191.245,192.136,193.05,193.938,194.847,195.827,196.899,198.061,199.31,200.644,202.058,203.543,205.089,206.68,208.295,209.912,211.502,213.035,214.482,215.819,217.03,218.119,219.119,220.108,221.237,222.761,225.105
78360.0,85.438,96.982,107.961,118.434,128.437,137.979,147.049,155.617,163.634,171.035,177.736,183.639,188.635,192.612,195.471,197.152,197.659,197.105,195.742,193.957,192.216,190.947,190.401,190.573,191.245,192.136,193.049,193.938,194.847,195.827,196.899,198.061,199.31,200.644,202.057,203.543,205.089,206.68,208.295,209.912,211.502,213.035,214.482,215.819,217.03,218.119,219.119,220.108,221.237,222.761,225.105
78420.0,85.405,96.933,107.895,118.356,128.347,137.878,146.94,155.503,163.517,170.918,177.622,183.531,188.535,192.524,195.399,197.096,197.621,197.085,195.737,193.961,192.225,190.956,190.407,190.576,191.246,192.135,193.049,193.938,194.847,195.827,196.899,198.061,199.31,200.644,202.057,203.543,205.089,206.68,208.295,209.912,211.502,213.035,214.482,215.819,217.03,218.119,219.119,220.108,221.237,222.761,225.105
78480.0,85.372,96.883,107.831,118.277,128.256,137.778,146.832,155.389,163.4,170.801,177.508,183.422,188.436,192.437,195.327,197.041,197.584,197.065,195.731,193.965,192.234,190.965,190.413,190.579,191.247,192.135,193.049,193.938,194.847,195.827,196.899,198.061,199.31,200.644,202.057,203.543,205.089,206.68,208.295,209.912,211.502,213.035,214.482,215.819,217.03,218.119,219.119,220.108,221.237,222.761,225.105
78540.0,85.34,96.834,107.766,118.199,128.166,137.678,146.724,155.276,163.284,170.684,177.394,183.314,188.337,192.351,195.255,196.986,197.547,197.045,195.725,193.969,192.243,190.974,190.42,190.582,191.247,192.135,193.048,193.938,194.847,195.827,196.899,198.061,199.31,200.644,202.057,203.543,205.089,206.68,208.295,209.912,211.502,213.035,214.482,215.819,217.03,218.119,219.119,220.108,221.237,222.761,225.105
78600.0,85.307,96.785,107.702,118.121,128.077,137.579,146.617,155.163,163.168,170.568,177.28,183.207,188.238,192.264,195.183,196.931,197.509,197.024,195.719,193.973,192.251,190.983,190.426,190.585,191.248,192.134,193.048,193.937,194.847,195.827,196.899,198.061,199.31,200.644,202.057,203.543,205.089,206.68,208.295,209.912,211.502,213.035,214.482,215.819,217.03,218.119,219.119,220.108,221.237,222.761,225.105
78660.0,85.275,96.736,107.638,118.044,127.988,137.48,146.51,155.05,163.053,170.453,177.167,183.099,188.14,192.177,195.111,196.876,197.472,197.004,195.713,193.977,192.26,190.992,190.433,190.588,191.249,192.134,193.047,193.937,194.846,195.827,196.899,198.061,199.31,200.644,202.057,203.543,205.089,206.68,208.295,209.912,211.501,213.035,214.482,215.819,217.03,218.119,219.119,220.108,221.237,222.761,225.105
78720.0,85.243,96.688,107.575,117.967,127.899,137.381,146.404,154.938,162.938,170.337,177.055,182.992,188.042,192.091,195.04,196.821,197.434,196.983,195.706,193.981,192.269,191.001,190.439,190.591,191.25,192.134,193.047,193.937,194.846,195.827,196.899,198.061,199.31,200.644,202.057,203.543,205.089,206.679,208.295,209.912,211.501,213.035,214.482,215.819,217.03,218.119,219.119,220.108,221.237,222.761,225.105
78780.0,85.211,96.639,107.511,117.89,127.81,137.283,146.298,154.827,162.823,170.222,176.942,182.886,187.944,192.005,194.968,196.766,197.397,196.962,195.7,193.985,192.278,191.01,190.446,190.595,191.25,192.133,193.047,193.937,194.846,195.827,196.899,198.061,199.31,200.644,202.057,203.543,205.089,206.679,208.295,209.912,211.501,213.035,214.482,215.819,217.03,218.119,219.119,220.108,221.237,222.761,225.105
78840.0,85.179,96.591,107.448,117.814,127.722,137.185,146.192,154.716,162.709,170.108,176.83,182.779,187.846,191.919,194.896,196.711,197.359,196.942,195.693,193.988,192.286,191.019,190.452,190.598,191.251,192.133,193.046,193.936,194.846,195.827,196.899,198.061,199.31,200.644,202.057,203.543,205.089,206.679,208.295,209.912,211.501,213.035,214.482,215.819,217.03,218.119,219.119,220.108,221.237,222.761,225.105
78900.0,85.147,96.543,107.385,117.738,127.635,137.088,146.087,154.605,162.595,169.994,176.719,182.673,187.748,191.833,194.825,196.655,197.321,196.921,195.687,193.992,192.295,191.028,190.459,190.601,191.252,192.133,193.046,193.936,194.846,195.827,196.899,198.061,199.31,200.644,202.057,203.543,205.089,206.679,208.295,209.912,211.501,213.035,214.482,215.819,217.03,218.119,219.119,220.108,221.237,222.761,225.105
78960.0,85.116,96.495,107.323,117.662,127.548,136.991,145.982,154.495,162.482,169.88,176.607,182.567,187.651,191.747,194.753,196.6,197.283,196.899,195.68,193.995,192.303,191.037,190.465,190.604,191.253,192.133,193.045,193.936,194.846,195.827,196.898,198.061,199.31,200.643,202.057,203.543,205.089,206.679,208.295,209.912,211.501,213.035,214.482,215.819,217.03,218.119,219.119,220.108,221.237,222.761,225.105
79020.0,85.084,96.447,107.261,117.587,127.461,136.894,145.878,154.385,162.369,169.767,176.496,182.461,187.554,191.661,194.682,196.545,197.245,196.878,195.673,193.998,192.312,191.046,190.472,190.607,191.253,192.132,193.045,193.936,194.846,195.827,196.898,198.06,199.31,200.643,202.057,203.542,205.088,206.679,208.295,209.912,211.501,213.035,214.482,215.819,217.03,218.119,219.119,220.108,221.237,222.761,225.105
79080.0,85.053,96.4,107.199,117.512,127.374,136.798,145.774,154.276,162.257,169.654,176.386,182.356,187.457,191.576,194.61,196.49,197.207,196.857,195.666,194.001,192.32,191.055,190.478,190.611,191.254,192.132,193.044,193.936,194.846,195.827,196.898,198.06,199.31,200.643,202.057,203.542,205.088,206.679,208.295,209.912,211.501,213.035,214.482,215.819,217.03,218.119,219.119,220.108,221.237,222.761,225.105
79140.0,85.021,96.353,107.137,117.437,127.288,136.702,145.671,154.167,162.145,169.541,176.275,182.251,187.36,191.49,194.539,196.435,197.169,196.836,195.659,194.005,192.328,191.064,190.484,190.614,191.255,192.132,193.044,193.935,194.846,195.827,196.898,198.06,199.31,200.643,202.057,203.542,205.088,206.679,208.295,209.912,211.501,213.034,214.482,215.819,217.03,218.119,219.119,220.108,221.237,222.761,225.105
79200.0,84.99,96.306,107.075,117.363,127.202,136.607,145.568,154.058,162.033,169.429,176.166,182.147,187.264,191.405,194.468,196.379,197.131,196.814,195.652,194.007,192.336,191.072,190.491,190.617,191.256,192.131,193.044,193.935,194.846,195.827,196.898,198.06,199.31,200.643,202.057,203.542,205.088,206.679,208.295,209.911,211.501,213.034,214.482,215.819,217.03,218.119,219.119,220.108,221.237,222.761,225.105
79260.0,84.959,96.259,107.014,117.288,127.117,136.512,145.465,153.95,161.922,169.317,176.056,182.042,187.168,191.32,194.397,196.324,197.093,196.792,195.644,194.01,192.344,191.081,190.497,190.62,191.257,192.131,193.043,193.935,194.846,195.827,196.898,198.06,199.31,200.643,202.057,203.542,205.088,206.679,208.295,209.911,211.501,213.034,214.482,215.819,217.03,218.119,219.119,220.108,221.237,222.761,225.105
79320.0,84.928,96.212,106.953,117.215,127.032,136.417,145.363,153.843,161.811,169.206,175.947,181.938,187.072,191.235,194.325,196.269,197.055,196.771,195.637,194.013,192.352,191.09,190.504,190.623,191.257,192.131,193.043,193.935,194.846,195.827,196.898,198.06,199.309,200.643,202.057,203.542,205.088,206.679,208.295,209.911,211.501,213.034,214.482,215.819,217.03,218.119,219.119,220.108,221.237,222.761,225.105
79380.0,84.897,96.166,106.893,117.141,126.947,136.323,145.261,153.735,161.701,169.095,175.838,181.834,186.976,191.151,194.254,196.214,197.016,196.749,195.629,194.016,192.36,191.099,190.51,190.627,191.258,192.131,193.042,193.934,194.846,195.827,196.898,198.06,199.309,200.643,202.057,203.542,205.088,206.679,208.295,209.911,211.501,213.034,214.482,215.819,217.03,218.119,219.119,220.108,221.237,222.761,225.105
79440.0,84.867,96.12,106.832,117.068,126.863,136.229,145.16,153.628,161.591,168.984,175.729,181.731,186.88,191.066,194.184,196.159,196.978,196.727,195.621,194.018,192.368,191.107,190.516,190.63,191.259,192.13,193.042,193.934,194.845,195.826,196.898,198.06,199.309,200.643,202.057,203.542,205.088,206.679,208.295,209.911,211.501,213.034,214.482,215.819,217.03,218.119,219.119,220.108,221.237,222.761,225.105
79500.0,84.836,96.074,106.772,116.995,126.779,136.136,145.059,153.522,161.481,168.874,175.621,181.627,186.785,190.982,194.113,196.103,196.94,196.705,195.613,194.02,192.376,191.116,190.523,190.633,191.26,192.13,193.042,193.934,194.845,195.826,196.898,198.06,199.309,200.643,202.057,203.542,205.088,206.679,208.295,209.911,211.501,213.034,214.482,215.819,217.03,218.119,219.119,220.108,221.237,222.761,225.105
79560.0,84.805,96.028,106.712,116.923,126.695,136.043,144.958,153.416,161.372,168.764,175.513,181.525,186.69,190.897,194.042,196.048,196.901,196.682,195.605,194.023,192.384,191.124,190.529,190.636,191.261,192.13,193.041,193.934,194.845,195.826,196.898,198.06,199.309,200.643,202.057,203.542,205.088,206.679,208.295,209.911,211.501,213.034,214.482,215.819,217.03,218.119,219.119,220.108,221.237,222.761,225.105
79620.0,84.775,95.982,106.652,116.85,126.612,135.95,144.858,153.31,161.263,168.654,175.406,181.422,186.595,190.813,193.971,195.993,196.863,196.66,195.597,194.025,192.391,191.133,190.536,190.64,191.262,192.13,193.041,193.934,194.845,195.826,196.898,198.06,199.309,200.643,202.057,203.542,205.088,206.679,208.295,209.911,211.501,213.034,214.482,215.819,217.03,218.119,219.119,220.108,221.237,222.761,225.105
79680.0,84.745,95.936,106.593,116.778,126.529,135.858,144.758,153.205,161.155,168.545,175.299,181.319,186.501,190.729,193.9,195.938,196.824,196.638,195.589,194.027,192.399,191.141,190.542,190.643,191.263,192.129,193.04,193.933,194.845,195.826,196.898,198.06,199.309,200.643,202.056,203.542,205.088,206.679,208.295,209.911,211.501,213.034,214.482,215.819,217.03,218.119,219.119,220.108,221.237,222.761,225.105
79740.0,84.715,95.891,106.534,116.707,126.446,135.766,144.659,153.1,161.046,168.437,175.192,181.217,186.406,190.645,193.83,195.883,196.785,196.615,195.581,194.029,192.406,191.15,190.548,190.646,191.263,192.129,193.04,193.933,194.845,195.826,196.898,198.06,199.309,200.643,202.056,203.542,205.088,206.679,208.295,209.911,211.501,213.034,214.482,215.818,217.03,218.119,219.119,220.108,221.237,222.761,225.105
79800.0,84.685,95.846,106.475,116.635,126.364,135.674,144.56,152.996,160.939,168.328,175.085,181.116,186.312,190.562,193.759,195.827,196.746,196.593,195.572,194.031,192.414,191.158,190.555,190.65,191.264,192.129,193.039,193.933,194.845,195.826,196.898,198.06,199.309,200.643,202.056,203.542,205.088,206.679,208.295,209.911,211.501,213.034,214.482,215.818,217.03,218.119,219.119,220.108,221.237,222.761,225.105
79860.0,84.655,95.801,106.416,116.564,126.282,135.583,144.461,152.892,160.832,168.22,174.979,181.014,186.218,190.478,193.689,195.772,196.708,196.57,195.563,194.033,192.421,191.167,190.561,190.653,191.265,192.129,193.039,193.933,194.845,195.826,196.898,198.06,199.309,200.643,202.056,203.542,205.088,206.679,208.295,209.911,211.501,213.034,214.482,215.818,217.03,218.119,219.119,220.108,221.237,222.761,225.105
79920.0,84.625,95.756,106.358,116.494,126.2,135.492,144.363,152.788,160.725,168.112,174.873,180.913,186.124,190.395,193.619,195.717,196.669,196.547,195.555,194.034,192.429,191.175,190.567,190.656,191.266,192.128,193.039,193.932,194.845,195.826,196.898,198.06,199.309,200.643,202.056,203.542,205.088,206.679,208.295,209.911,211.501,213.034,214.482,215.818,217.03,218.119,219.119,220.108,221.237,222.761,225.105
79980.0,84.595,95.712,106.299,116.423,126.119,135.402,144.265,152.685,160.618,168.005,174.768,180.812,186.031,190.312,193.548,195.662,196.63,196.524,195.546,194.036,192.436,191.184,190.574,190.66,191.267,192.128,193.038,193.932,194.845,195.826,196.898,198.06,199.309,200.643,202.056,203.542,205.088,206.679,208.294,209.911,211.501,213.034,214.482,215.818,217.03,218.119,219.119,220.108,221.237,222.761,225.105
80040.0,84.566,95.667,106.241,116.353,126.038,135.312,144.168,152.582,160.512,167.898,174.662,180.711,185.937,190.229,193.478,195.607,196.591,196.501,195.537,194.037,192.443,191.192,190.58,190.663,191.268,192.128,193.038,193.932,194.845,195.826,196.898,198.06,199.309,200.643,202.056,203.542,205.088,206.679,208.294,209.911,211.501,213.034,214.482,215.818,217.03,218.119,219.119,220.108,221.237,222.761,225.105
80100.0,84.536,95.623,106.184,116.283,125.958,135.222,144.071,152.479,160.406,167.791,174.557,180.611,185.844,190.146,193.408,195.551,196.552,196.478,195.528,194.039,192.45,191.2,190.587,190.666,191.269,192.128,193.037,193.932,194.845,195.826,196.898,198.06,199.309,200.643,202.056,203.542,205.088,206.679,208.294,209.911,211.501,213.034,214.482,215.818,217.03,218.119,219.119,220.108,221.237,222.761,225.105
80160.0,84.507,95.579,106.126,116.213,125.877,135.133,143.974,152.377,160.301,167.685,174.453,180.51,185.751,190.063,193.338,195.496,196.513,196.455,195.519,194.04,192.457,191.208,190.593,190.67,191.27,192.127,193.037,193.932,194.844,195.826,196.898,198.06,199.309,200.643,202.056,203.542,205.088,206.679,208.294,209.911,211.501,213.034,214.482,215.818,217.03,218.119,219.119,220.108,221.237,222.761,225.105
80220.0,84.478,95.535,106.069,116.144,125.797,135.043,143.877,152.275,160.196,167.579,174.349,180.411,185.659,189.98,193.268,195.441,196.474,196.432,195.51,194.041,192.464,191.217,190.599,190.673,191.271,192.127,193.037,193.931,194.844,195.826,196.897,198.059,199.309,200.642,202.056,203.542,205.088,206.679,208.294,209.911,211.501,213.034,214.482,215.818,217.03,218.119,219.119,220.108,221.237,222.761,225.105
80280.0,84.448,95.491,106.012,116.075,125.718,134.955,143.781,152.174,160.091,167.474,174.245,180.311,185.566,189.898,193.198,195.386,196.434,196.408,195.5,194.042,192.471,191.225,190.605,190.676,191.272,192.127,193.036,193.931,194.844,195.826,196.897,198.059,199.309,200.642,202.056,203.542,205.088,206.679,208.294,209.911,211.501,213.034,214.482,215.818,217.03,218.119,219.119,220.108,221.237,222.761,225.105
80340.0,84.419,95.448,105.955,116.006,125.638,134.866,143.686,152.073,159.987,167.368,174.141,180.212,185.474,189.815,193.128,195.331,196.395,196.385,195.491,194.043,192.478,191.233,190.612,190.68,191.273,192.127,193.036,193.931,194.844,195.826,196.897,198.059,199.309,200.642,202.056,203.542,205.088,206.678,208.294,209.911,211.501,213.034,214.482,215.818,217.03,218.119,219.119,220.108,221.237,222.761,225.105
80400.0,84.39,95.404,105.898,115.938,125.559,134.778,143.591,151.972,159.883,167.264,174.038,180.112,185.382,189.733,193.059,195.276,196.356,196.361,195.481,194.044,192.485,191.241,190.618,190.683,191.274,192.127,193.035,193.931,194.844,195.826,196.897,198.059,199.309,200.642,202.056,203.542,205.088,206.678,208.294,209.911,211.501,213.034,214.482,215.818,217.03,218.119,219.119,220.108,221.237,222.761,225.105
80460.0,84.361,95.361,105.842,115.869,125.481,134.691,143.496,151.872,159.779,167.159,173.935,180.014,185.29,189.651,192.989,195.221,196.316,196.338,195.471,194.045,192.491,191.249,190.624,190.686,191.275,192.126,193.035,193.93,194.844,195.826,196.897,198.059,199.309,200.642,202.056,203.541,205.088,206.678,208.294,209.911,211.501,213.034,214.481,215.818,217.03,218.119,219.119,220.108,221.237,222.761,225.105
80520.0,84.333,95.318,105.786,115.801,125.402,134.603,143.401,151.772,159.676,167.055,173.832,179.915,185.199,189.569,192.92,195.166,196.277,196.314,195.462,194.046,192.498,191.257,190.631,190.69,191.276,192.126,193.035,193.93,194.844,195.826,196.897,198.059,199.308,200.642,202.056,203.541,205.087,206.678,208.294,209.911,211.501,213.034,214.481,215.818,217.03,218.119,219.119,220.108,221.237,222.761,225.105
80580.0,84.304,95.275,105.73,115.734,125.324,134.516,143.307,151.673,159.573,166.951,173.73,179.817,185.107,189.488,192.85,195.11,196.238,196.29,195.452,194.046,192.505,191.265,190.637,190.693,191.277,192.126,193.034,193.93,194.844,195.826,196.897,198.059,199.308,200.642,202.056,203.541,205.087,206.678,208.294,209.911,211.501,213.034,214.481,215.818,217.03,218.119,219.119,220.108,221.237,222.761,225.105
80640.0,84.276,95.232,105.674,115.666,125.246,134.43,143.213,151.573,159.471,166.847,173.627,179.719,185.016,189.406,192.781,195.055,196.198,196.266,195.442,194.047,192.511,191.273,190.643,190.696,191.278,192.126,193.034,193.93,194.844,195.826,196.897,198.059,199.308,200.642,202.056,203.541,205.087,206.678,208.294,209.911,211.501,213.034,214.481,215.818,217.03,218.119,219.119,220.108,221.237,222.761,225.105
80700.0,84.247,95.19,105.619,115.599,125.169,134.344,143.12,151.475,159.369,166.744,173.526,179.621,184.925,189.325,192.711,195.0,196.159,196.242,195.432,194.047,192.517,191.281,190.65,190.7,191.279,192.126,193.034,193.93,194.844,195.826,196.897,198.059,199.308,200.642,202.056,203.541,205.087,206.678,208.294,209.911,211.501,213.034,214.481,215.818,217.03,218.119,219.119,220.108,221.237,222.761,225.105
80760.0,84.219,95.147,105.563,115.532,125.092,134.258,143.026,151.376,159.267,166.641,173.424,179.524,184.834,189.243,192.642,194.945,196.119,196.218,195.421,194.048,192.524,191.289,190.656,190.703,191.28,192.126,193.033,193.929,194.844,195.826,196.897,198.059,199.308,200.642,202.056,203.541,205.087,206.678,208.294,209.911,211.501,213.034,214.481,215.818,217.03,218.119,219.119,220.108,221.237,222.762,225.105
80820.0,84.191,95.105,105.508,115.466,125.015,134.172,142.934,151.278,159.166,166.539,173.323,179.426,184.744,189.162,192.573,194.89,196.079,196.194,195.411,194.048,192.53,191.297,190.662,190.707,191.281,192.125,193.033,193.929,194.844,195.825,196.897,198.059,199.308,200.642,202.056,203.541,205.087,206.678,208.294,209.911,211.501,213.034,214.481,215.818,217.03,218.119,219.119,220.108,221.237,222.762,225.105
80880.0,84.162,95.063,105.454,115.399,124.938,134.087,142.841,151.18,159.064,166.437,173.222,179.329,184.653,189.081,192.504,194.835,196.04,196.17,195.401,194.048,192.536,191.305,190.668,190.71,191.282,192.125,193.032,193.929,194.843,195.825,196.897,198.059,199.308,200.642,202.056,203.541,205.087,206.678,208.294,209.911,211.5,213.034,214.481,215.818,217.029,218.119,219.119,220.108,221.237,222.762,225.105
80940.0,84.134,95.021,105.399,115.333,124.862,134.002,142.749,151.083,158.964,166.335,173.122,179.233,184.563,189.0,192.435,194.78,196.0,196.145,195.39,194.048,192.542,191.312,190.674,190.713,191.283,192.125,193.032,193.929,194.843,195.825,196.897,198.059,199.308,200.642,202.056,203.541,205.087,206.678,208.294,209.911,211.5,213.034,214.481,215.818,217.029,218.119,219.119,220.108,221.237,222.762,225.105
81000.0,84.106,94.979,105.344,115.267,124.786,133.917,142.657,150.986,158.863,166.233,173.021,179.136,184.473,188.92,192.366,194.725,195.96,196.121,195.379,194.048,192.548,191.32,190.681,190.717,191.284,192.125,193.032,193.928,194.843,195.825,196.897,198.059,199.308,200.642,202.055,203.541,205.087,206.678,208.294,209.911,211.5,213.034,214.481,215.818,217.029,218.119,219.119,220.108,221.237,222.762,225.105
81060.0,84.079,94.938,105.29,115.202,124.71,133.833,142.566,150.889,158.763,166.132,172.921,179.04,184.383,188.839,192.297,194.67,195.92,196.096,195.369,194.048,192.554,191.328,190.687,190.72,191.285,192.125,193.031,193.928,194.843,195.825,196.897,198.059,199.308,200.642,202.055,203.541,205.087,206.678,208.294,209.911,211.5,213.034,214.481,215.818,217.029,218.119,219.119,220.108,221.237,222.762,225.105
81120.0,84.051,94.896,105.236,115.136,124.635,133.748,142.475,150.793,158.664,166.031,172.822,178.944,184.294,188.759,192.228,194.615,195.881,196.072,195.358,194.047,192.56,191.336,190.693,190.724,191.286,192.125,193.031,193.928,194.843,195.825,196.897,198.059,199.308,200.642,202.055,203.541,205.087,206.678,208.294,209.911,211.5,213.034,214.481,215.818,217.029,218.119,219.119,220.108,221.237,222.762,225.105
81180.0,84.023,94.855,105.182,115.071,124.56,133.665,142.384,150.697,158.564,165.931,172.722,178.848,184.205,188.678,192.16,194.56,195.841,196.047,195.347,194.047,192.566,191.343,190.699,190.727,191.287,192.125,193.03,193.928,194.843,195.825,196.897,198.059,199.308,200.642,202.055,203.541,205.087,206.678,208.294,209.91,211.5,213.034,214.481,215.818,217.029,218.119,219.119,220.108,221.237,222.762,225.105
81240.0,83.996,94.814,105.129,115.006,124.485,133.581,142.294,150.601,158.465,165.83,172.623,178.753,184.115,188.598,192.091,194.505,195.801,196.022,195.336,194.046,192.572,191.351,190.705,190.731,191.288,192.124,193.03,193.927,194.843,195.825,196.897,198.059,199.308,200.642,202.055,203.541,205.087,206.678,208.294,209.91,211.5,213.034,214.481,215.818,217.029,218.119,219.119,220.108,221.237,222.762,225.105
81300.0,83.968,94.773,105.075,114.942,124.41,133.498,142.203,150.506,158.366,165.73,172.524,178.658,184.027,188.518,192.023,194.45,195.761,195.998,195.325,194.046,192.578,191.359,190.712,190.734,191.289,192.124,193.03,193.927,194.843,195.825,196.897,198.059,199.308,200.642,202.055,203.541,205.087,206.678,208.294,209.91,211.5,213.034,214.481,215.818,217.029,218.119,219.119,220.108,221.237,222.762,225.105
81360.0,83.941,94.732,105.022,114.877,124.336,133.415,142.114,150.411,158.268,165.631,172.426,178.563,183.938,188.438,191.954,194.396,195.721,195.973,195.313,194.045,192.583,191.366,190.718,190.737,191.29,192.124,193.029,193.927,194.843,195.825,196.897,198.059,199.308,200.642,202.055,203.541,205.087,206.678,208.294,209.91,211.5,213.034,214.481,215.818,217.029,218.119,219.119,220.108,221.237,222.762,225.105
81420.0,83.913,94.691,104.969,114.813,124.262,133.333,142.024,150.316,158.17,165.532,172.328,178.468,183.849,188.359,191.886,194.341,195.681,195.948,195.302,194.045,192.589,191.374,190.724,190.741,191.291,192.124,193.029,193.927,194.843,195.825,196.897,198.058,199.308,200.642,202.055,203.541,205.087,206.678,208.294,209.91,211.5,213.034,214.481,215.818,217.029,218.119,219.119,220.108,221.237,222.762,225.105
81480.0,83.886,94.651,104.917,114.749,124.188,133.251,141.935,150.221,158.072,165.433,172.23,178.374,183.761,188.279,191.818,194.286,195.641,195.923,195.291,194.044,192.595,191.381,190.73,190.744,191.292,192.124,193.029,193.927,194.843,195.825,196.896,198.058,199.308,200.642,202.055,203.541,205.087,206.678,208.294,209.91,211.5,213.034,214.481,215.818,217.029,218.119,219.119,220.108,221.237,222.762,225.105
81540.0,83.859,94.61,104.864,114.686,124.115,133.169,141.846,150.127,157.975,165.334,172.132,178.279,183.673,188.2,191.749,194.231,195.601,195.898,195.279,194.043,192.6,191.388,190.736,190.748,191.294,192.124,193.028,193.926,194.843,195.825,196.896,198.058,199.308,200.641,202.055,203.541,205.087,206.678,208.294,209.91,211.5,213.034,214.481,215.818,217.029,218.119,219.119,220.108,221.237,222.762,225.105
81600.0,83.832,94.57,104.812,114.622,124.042,133.087,141.758,150.034,157.878,165.236,172.035,178.186,183.585,188.121,191.681,194.176,195.561,195.872,195.268,194.042,192.605,191.396,190.742,190.751,191.295,192.124,193.028,193.926,194.842,195.825,196.896,198.058,199.308,200.641,202.055,203.541,205.087,206.678,208.294,209.91,211.5,213.034,214.481,215.818,217.029,218.119,219.119,220.108,221.237,222.762,225.105
81660.0,83.805,94.53,104.759,114.559,123.969,133.006,141.67,149.94,157.781,165.138,171.937,178.092,183.497,188.041,191.613,194.121,195.521,195.847,195.256,194.041,192.611,191.403,190.749,190.755,191.296,192.124,193.028,193.926,194.842,195.825,196.896,198.058,199.308,200.641,202.055,203.541,205.087,206.678,208.294,209.91,211.5,213.034,214.481,215.818,217.029,218.119,219.119,220.108,221.237,222.762,225.105
81720.0,83.778,94.49,104.707,114.496,123.896,132.925,141.582,149.847,157.685,165.04,171.841,177.998,183.41,187.962,191.545,194.067,195.48,195.822,195.244,194.039,192.616,191.411,190.755,190.758,191.297,192.124,193.027,193.926,194.842,195.825,196.896,198.058,199.308,200.641,202.055,203.541,205.087,206.678,208.294,209.91,211.5,213.033,214.481,215.818,217.029,218.119,219.119,220.108,221.237,222.762,225.105
81780.0,83.752,94.45,104.656,114.434,123.824,132.845,141.494,149.755,157.589,164.942,171.744,177.905,183.322,187.884,191.478,194.012,195.44,195.796,195.232,194.038,192.621,191.418,190.761,190.762,191.298,192.123,193.027,193.925,194.842,195.825,196.896,198.058,199.307,200.641,202.055,203.541,205.087,206.678,208.293,209.91,211.5,213.033,214.481,215.818,217.029,218.119,219.119,220.108,221.237,222.762,225.105
81840.0,83.725,94.411,104.604,114.371,123.752,132.764,141.407,149.662,157.493,164.845,171.648,177.812,183.235,187.805,191.41,193.957,195.4,195.771,195.22,194.037,192.626,191.425,190.767,190.765,191.299,192.123,193.026,193.925,194.842,195.825,196.896,198.058,199.307,200.641,202.055,203.54,205.087,206.678,208.293,209.91,211.5,213.033,214.481,215.818,217.029,218.119,219.119,220.108,221.237,222.762,225.105
81900.0,83.698,94.371,104.553,114.309,123.68,132.684,141.32,149.57,157.397,164.748,171.552,177.72,183.148,187.726,191.342,193.903,195.36,195.745,195.208,194.035,192.631,191.432,190.773,190.769,191.3,192.123,193.026,193.925,194.842,195.825,196.896,198.058,199.307,200.641,202.055,203.54,205.087,206.678,208.293,209.91,211.5,213.033,214.481,215.818,217.029,218.119,219.119,220.108,221.237,222.762,225.105
81960.0,83.672,94.332,104.501,114.247,123.609,132.604,141.234,149.478,157.302,164.652,171.456,177.627,183.062,187.648,191.275,193.848,195.319,195.719,195.196,194.034,192.636,191.439,190.779,190.772,191.302,192.123,193.026,193.925,194.842,195.825,196.896,198.058,199.307,200.641,202.055,203.54,205.087,206.677,208.293,209.91,211.5,213.033,214.481,215.818,217.029,218.119,219.119,220.108,221.237,222.762,225.105
82020.0,83.646,94.292,104.45,114.185,123.537,132.525,141.147,149.387,157.207,164.556,171.361,177.535,182.975,187.57,191.207,193.793,195.279,195.694,195.183,194.032,192.641,191.447,190.785,190.776,191.303,192.123,193.025,193.925,194.842,195.825,196.896,198.058,199.307,200.641,202.055,203.54,205.086,206.677,208.293,209.91,211.5,213.033,214.481,215.818,217.029,218.119,219.119,220.108,221.237,222.762,225.105
82080.0,83.619,94.253,104.399,114.124,123.466,132.446,141.061,149.296,157.113,164.46,171.266,177.443,182.889,187.492,191.14,193.739,195.239,195.668,195.171,194.03,192.646,191.454,190.791,190.779,191.304,192.123,193.025,193.924,194.842,195.824,196.896,198.058,199.307,200.641,202.055,203.54,205.086,206.677,208.293,209.91,211.5,213.033,214.481,215.818,217.029,218.118,219.119,220.108,221.237,222.762,225.105
82140.0,83.593,94.214,104.349,114.062,123.395,132.367,140.976,149.205,157.019,164.364,171.171,177.351,182.803,187.414,191.072,193.684,195.198,195.642,195.159,194.028,192.651,191.461,190.797,190.783,191.305,192.123,193.025,193.924,194.842,195.824,196.896,198.058,199.307,200.641,202.055,203.54,205.086,206.677,208.293,209.91,211.5,213.033,214.481,215.818,217.029,218.118,219.119,220.108,221.237,222.762,225.105
82200.0,83.567,94.176,104.298,114.001,123.325,132.288,140.89,149.114,156.925,164.269,171.076,177.26,182.717,187.336,191.005,193.63,195.158,195.616,195.146,194.026,192.655,191.468,190.803,190.786,191.306,192.123,193.024,193.924,194.842,195.824,196.896,198.058,199.307,200.641,202.055,203.54,205.086,206.677,208.293,209.91,211.5,213.033,214.481,215.818,217.029,218.118,219.119,220.108,221.237,222.762,225.105
82260.0,83.541,94.137,104.248,113.941,123.255,132.21,140.805,149.024,156.831,164.174,170.982,177.168,182.631,187.258,190.938,193.575,195.117,195.59,195.133,194.024,192.66,191.475,190.809,190.79,191.307,192.123,193.024,193.924,194.841,195.824,196.896,198.058,199.307,200.641,202.055,203.54,205.086,206.677,208.293,209.91,211.5,213.033,214.481,215.818,217.029,218.118,219.119,220.108,221.237,222.762,225.105
82320.0,83.515,94.098,104.198,113.88,123.185,132.132,140.72,148.934,156.738,164.079,170.888,177.077,182.546,187.181,190.871,193.521,195.077,195.564,195.121,194.022,192.665,191.482,190.815,190.793,191.309,192.123,193.024,193.923,194.841,195.824,196.896,198.058,199.307,200.641,202.055,203.54,205.086,206.677,208.293,209.91,211.5,213.033,214.481,215.818,217.029,218.118,219.119,220.108,221.237,222.762,225.105
82380.0,83.489,94.06,104.148,113.819,123.115,132.054,140.636,148.844,156.645,163.984,170.794,176.986,182.46,187.103,190.804,193.466,195.036,195.538,195.108,194.02,192.669,191.489,190.821,190.797,191.31,192.123,193.023,193.923,194.841,195.824,196.896,198.058,199.307,200.641,202.054,203.54,205.086,206.677,208.293,209.91,211.5,213.033,214.481,215.818,217.029,218.118,219.119,220.108,221.237,222.762,225.105
82440.0,83.463,94.022,104.098,113.759,123.046,131.976,140.552,148.755,156.552,163.89,170.7,176.896,182.375,187.026,190.737,193.412,194.996,195.512,195.095,194.018,192.673,191.495,190.827,190.8,191.311,192.123,193.023,193.923,194.841,195.824,196.896,198.058,199.307,200.641,202.054,203.54,205.086,206.677,208.293,209.91,211.5,213.033,214.481,215.818,217.029,218.118,219.119,220.108,221.237,222.762,225.105
82500.0,83.438,93.984,104.049,113.699,122.976,131.899,140.468,148.666,156.459,163.796,170.607,176.805,182.29,186.949,190.67,193.357,194.955,195.485,195.082,194.015,192.678,191.502,190.833,190.804,191.312,192.123,193.023,193.923,194.841,195.824,196.896,198.058,199.307,200.641,202.054,203.54,205.086,206.677,208.293,209.91,211.5,213.033,214.481,215.818,217.029,218.118,219.119,220.108,221.237,222.762,225.105
82560.0,83.412,93.945,103.999,113.64,122.907,131.822,140.384,148.577,156.367,163.703,170.514,176.715,182.205,186.872,190.603,193.303,194.915,195.459,195.069,194.013,192.682,191.509,190.839,190.807,191.314,192.123,193.022,193.922,194.841,195.824,196.896,198.058,199.307,200.641,202.054,203.54,205.086,206.677,208.293,209.91,211.5,213.033,214.481,215.818,217.029,218.118,219.119,220.108,221.237,222.762,225.105
82620.0,83.386,93.908,103.95,113.58,122.839,131.745,140.301,148.489,156.276,163.609,170.421,176.625,182.121,186.795,190.537,193.248,194.874,195.433,195.056,194.01,192.686,191.516,190.845,190.811,191.315,192.123,193.022,193.922,194.841,195.824,196.896,198.057,199.307,200.641,202.054,203.54,205.086,206.677,208.293,209.91,211.5,213.033,214.481,215.818,217.029,218.118,219.119,220.108,221.237,222.762,225.105
82680.0,83.361,93.87,103.901,113.521,122.77,131.669,140.218,148.401,156.184,163.516,170.329,176.536,182.036,186.719,190.47,193.194,194.833,195.406,195.042,194.008,192.69,191.523,190.851,190.814,191.316,192.123,193.022,193.922,194.841,195.824,196.896,198.057,199.307,200.641,202.054,203.54,205.086,206.677,208.293,209.91,211.5,213.033,214.481,215.818,217.029,218.118,219.119,220.108,221.237,222.762,225.105
82740.0,83.336,93.832,103.852,113.462,122.702,131.593,140.135,148.313,156.093,163.423,170.237,176.446,181.952,186.642,190.404,193.14,194.793,195.38,195.029,194.005,192.695,191.529,190.857,190.818,191.317,192.123,193.021,193.922,194.841,195.824,196.895,198.057,199.307,200.641,202.054,203.54,205.086,206.677,208.293,209.91,211.5,213.033,214.481,215.818,217.029,218.118,219.119,220.108,221.237,222.762,225.105
82800.0,83.31,93.795,103.803,113.403,122.634,131.517,140.053,148.225,156.002,163.331,170.145,176.357,181.868,186.566,190.337,193.086,194.752,195.353,195.016,194.002,192.699,191.536,190.863,190.821,191.319,192.123,193.021,193.922,194.841,195.824,196.895,198.057,199.307,200.64,202.054,203.54,205.086,206.677,208.293,209.91,211.5,213.033,214.481,215.818,217.029,218.118,219.119,220.108,221.237,222.762,225.105
82860.0,83.285,93.757,103.755,113.344,122.566,131.441,139.971,148.138,155.911,163.239,170.053,176.268,181.784,186.489,190.271,193.031,194.711,195.327,195.002,193.999,192.703,191.542,190.869,190.825,191.32,192.123,193.02,193.921,194.841,195.824,196.895,198.057,199.307,200.64,202.054,203.54,205.086,206.677,208.293,209.91,211.5,213.033,214.481,215.818,217.029,218.118,219.119,220.108,221.237,222.762,225.105
82920.0,83.26,93.72,103.707,113.286,122.499,131.366,139.889,148.051,155.821,163.147,169.961,176.179,181.7,186.413,190.205,192.977,194.671,195.3,194.988,193.996,192.706,191.549,190.874,190.828,191.321,192.123,193.02,193.921,194.84,195.824,196.895,198.057,199.307,200.64,202.054,203.54,205.086,206.677,208.293,209.91,211.5,213.033,214.481,215.818,217.029,218.118,219.118,220.108,221.237,222.762,225.105
82980.0,83.235,93.683,103.658,113.227,122.431,131.291,139.807,147.965,155.731,163.055,169.87,176.091,181.617,186.337,190.139,192.923,194.63,195.273,194.975,193.993,192.71,191.556,190.88,190.832,191.322,192.123,193.02,193.921,194.84,195.824,196.895,198.057,199.306,200.64,202.054,203.54,205.086,206.677,208.293,209.91,211.5,213.033,214.481,215.818,217.029,218.118,219.118,220.108,221.237,222.762,225.105
83040.0,83.21,93.646,103.61,113.169,122.364,131.216,139.726,147.878,155.641,162.964,169.779,176.003,181.534,186.261,190.073,192.869,194.589,195.246,194.961,193.99,192.714,191.562,190.886,190.835,191.324,192.123,193.019,193.921,194.84,195.824,196.895,198.057,199.306,200.64,202.054,203.54,205.086,206.677,208.293,209.91,211.5,213.033,214.481,215.818,217.029,218.118,219.118,220.108,221.237,222.762,225.105
83100.0,83.185,93.609,103.562,113.112,122.298,131.141,139.645,147.792,155.551,162.873,169.689,175.915,181.451,186.186,190.007,192.815,194.549,195.219,194.947,193.987,192.718,191.569,190.892,190.839,191.325,192.123,193.019,193.92,194.84,195.824,196.895,198.057,199.306,200.64,202.054,203.54,205.086,206.677,208.293,209.91,211.499,213.033,214.481,215.818,217.029,218.118,219.118,220.108,221.237,222.762,225.105
83160.0,83.16,93.573,103.515,113.054,122.231,131.067,139.564,147.706,155.462,162.782,169.598,175.827,181.368,186.11,189.941,192.761,194.508,195.192,194.933,193.984,192.721,191.575,190.898,190.842,191.326,192.123,193.019,193.92,194.84,195.824,196.895,198.057,199.306,200.64,202.054,203.54,205.086,206.677,208.293,209.909,211.499,213.033,214.481,215.818,217.029,218.118,219.118,220.108,221.237,222.762,225.105
83220.0,83.136,93.536,103.467,112.996,122.165,130.993,139.483,147.621,155.373,162.691,169.508,175.739,181.285,186.035,189.875,192.707,194.467,195.165,194.919,193.98,192.725,191.581,190.904,190.846,191.327,192.123,193.019,193.92,194.84,195.824,196.895,198.057,199.306,200.64,202.054,203.54,205.086,206.677,208.293,209.909,211.499,213.033,214.481,215.818,217.029,218.118,219.118,220.108,221.237,222.762,225.105
83280.0,83.111,93.5,103.42,112.939,122.099,130.919,139.403,147.535,155.284,162.601,169.418,175.652,181.202,185.959,189.809,192.653,194.426,195.138,194.905,193.977,192.728,191.588,190.909,190.85,191.329,192.123,193.018,193.92,194.84,195.824,196.895,198.057,199.306,200.64,202.054,203.539,205.086,206.677,208.293,209.909,211.499,213.033,214.481,215.818,217.029,218.118,219.118,220.108,221.237,222.762,225.105
83340.0,83.086,93.463,103.373,112.882,122.033,130.846,139.323,147.45,155.196,162.511,169.328,175.564,181.12,185.884,189.744,192.599,194.385,195.111,194.891,193.973,192.732,191.594,190.915,190.853,191.33,192.123,193.018,193.92,194.84,195.823,196.895,198.057,199.306,200.64,202.054,203.539,205.086,206.677,208.293,209.909,211.499,213.033,214.481,215.818,217.029,218.118,219.118,220.108,221.237,222.762,225.105
83400.0,83.062,93.427,103.326,112.825,121.967,130.772,139.243,147.366,155.108,162.421,169.239,175.478,181.038,185.809,189.678,192.545,194.344,195.084,194.877,193.97,192.735,191.6,190.921,190.857,191.331,192.123,193.018,193.919,194.84,195.823,196.895,198.057,199.306,200.64,202.054,203.539,205.086,206.677,208.293,209.909,211.499,213.033,214.481,215.818,217.029,218.118,219.118,220.108,221.237,222.762,225.105
83460.0,83.037,93.391,103.279,112.769,121.902,130.699,139.164,147.281,155.02,162.332,169.15,175.391,180.956,185.734,189.613,192.491,194.304,195.057,194.862,193.966,192.738,191.606,190.927,190.86,191.333,192.123,193.017,193.919,194.84,195.823,196.895,198.057,199.306,200.64,202.054,203.539,205.086,206.677,208.293,209.909,211.499,213.033,214.481,215.818,217.029,218.118,219.118,220.108,221.237,222.762,225.105
83520.0,83.013,93.355,103.232,112.712,121.837,130.626,139.085,147.197,154.932,162.242,169.061,175.304,180.874,185.659,189.547,192.437,194.263,195.03,194.848,193.962,192.742,191.613,190.932,190.864,191.334,192.123,193.017,193.919,194.839,195.823,196.895,198.057,199.306,200.64,202.054,203.539,205.085,206.677,208.292,209.909,211.499,213.033,214.481,215.818,217.029,218.118,219.118,220.108,221.237,222.762,225.105
83580.0,82.989,93.319,103.186,112.656,121.772,130.554,139.006,147.113,154.845,162.153,168.972,175.218,180.792,185.585,189.482,192.383,194.222,195.002,194.834,193.958,192.745,191.619,190.938,190.867,191.335,192.123,193.017,193.919,194.839,195.823,196.895,198.057,199.306,200.64,202.054,203.539,205.085,206.676,208.292,209.909,211.499,213.033,214.48,215.818,217.029,218.118,219.118,220.108,221.237,222.762,225.105
83640.0,82.965,93.283,103.139,112.6,121.707,130.481,138.927,147.029,154.758,162.065,168.883,175.132,180.711,185.51,189.417,192.329,194.181,194.975,194.819,193.954,192.748,191.625,190.944,190.871,191.337,192.123,193.016,193.918,194.839,195.823,196.895,198.057,199.306,200.64,202.054,203.539,205.085,206.676,208.292,209.909,211.499,213.033,214.48,215.817,217.029,218.118,219.118,220.108,221.237,222.762,225.105
83700.0,82.94,93.248,103.093,112.544,121.642,130.409,138.849,146.946,154.671,161.976,168.795,175.046,180.63,185.436,189.352,192.275,194.14,194.947,194.804,193.95,192.751,191.631,190.95,190.874,191.338,192.123,193.016,193.918,194.839,195.823,196.895,198.057,199.306,200.64,202.053,203.539,205.085,206.676,208.292,209.909,211.499,213.033,214.48,215.817,217.029,218.118,219.118,220.108,221.237,222.762,225.105
83760.0,82.916,93.212,103.047,112.488,121.578,130.338,138.77,146.863,154.585,161.888,168.707,174.96,180.548,185.362,189.287,192.222,194.099,194.92,194.79,193.946,192.754,191.637,190.955,190.878,191.339,192.123,193.016,193.918,194.839,195.823,196.895,198.057,199.306,200.64,202.053,203.539,205.085,206.676,208.292,209.909,211.499,213.033,214.48,215.817,217.029,218.118,219.118,220.108,221.237,222.762,225.105
83820.0,82.892,93.177,103.001,112.433,121.514,130.266,138.693,146.78,154.498,161.8,168.619,174.875,180.467,185.288,189.222,192.168,194.058,194.892,194.775,193.942,192.757,191.643,190.961,190.882,191.341,192.123,193.015,193.918,194.839,195.823,196.895,198.056,199.306,200.64,202.053,203.539,205.085,206.676,208.292,209.909,211.499,213.033,214.48,215.817,217.029,218.118,219.118,220.108,221.237,222.762,225.106
83880.0,82.868,93.141,102.955,112.378,121.45,130.195,138.615,146.698,154.413,161.712,168.532,174.789,180.387,185.214,189.157,192.114,194.017,194.865,194.76,193.938,192.76,191.649,190.967,190.885,191.342,192.123,193.015,193.917,194.839,195.823,196.895,198.056,199.306,200.64,202.053,203.539,205.085,206.676,208.292,209.909,211.499,213.033,214.48,215.817,217.029,218.118,219.118,220.108,221.237,222.762,225.106
83940.0,82.845,93.106,102.91,112.322,121.386,130.124,138.538,146.615,154.327,161.625,168.445,174.704,180.306,185.14,189.092,192.061,193.976,194.837,194.745,193.933,192.762,191.655,190.972,190.889,191.344,192.123,193.015,193.917,194.839,195.823,196.895,198.056,199.306,200.64,202.053,203.539,205.085,206.676,208.292,209.909,211.499,213.033,214.48,215.817,217.029,218.118,219.118,220.108,221.237,222.762,225.106
84000.0,82.821,93.071,102.864,112.268,121.323,130.053,138.46,146.533,154.241,161.538,168.358,174.62,180.226,185.066,189.028,192.007,193.935,194.809,194.73,193.929,192.765,191.661,190.978,190.892,191.345,192.123,193.014,193.917,194.839,195.823,196.894,198.056,199.306,200.64,202.053,203.539,205.085,206.676,208.292,209.909,211.499,213.033,214.48,215.817,217.029,218.118,219.118,220.108,221.237,222.762,225.106
84060.0,82.797,93.036,102.819,112.213,121.26,129.982,138.384,146.451,154.156,161.451,168.271,174.535,180.146,184.993,188.963,191.953,193.894,194.782,194.715,193.924,192.768,191.666,190.983,190.896,191.346,192.123,193.014,193.917,194.839,195.823,196.894,198.056,199.306,200.639,202.053,203.539,205.085,206.676,208.292,209.909,211.499,213.033,214.48,215.817,217.029,218.118,219.118,220.108,221.237,222.762,225.106
84120.0,82.774,93.002,102.774,112.158,121.197,129.912,138.307,146.37,154.071,161.364,168.184,174.451,180.065,184.919,188.899,191.9,193.853,194.754,194.7,193.92,192.77,191.672,190.989,190.899,191.348,192.123,193.014,193.917,194.839,195.823,196.894,198.056,199.306,200.639,202.053,203.539,205.085,206.676,208.292,209.909,211.499,213.033,214.48,215.817,217.029,218.118,219.118,220.108,221.237,222.762,225.106
84180.0,82.75,92.967,102.729,112.104,121.134,129.841,138.231,146.289,153.986,161.278,168.098,174.366,179.986,184.846,188.834,191.846,193.812,194.726,194.684,193.915,192.773,191.678,190.995,190.903,191.349,192.123,193.013,193.916,194.838,195.823,196.894,198.056,199.305,200.639,202.053,203.539,205.085,206.676,208.292,209.909,211.499,213.033,214.48,215.817,217.029,218.118,219.118,220.108,221.237,222.762,225.106
84240.0,82.727,92.932,102.684,112.05,121.071,129.772,138.154,146.208,153.902,161.191,168.012,174.282,179.906,184.773,188.77,191.793,193.771,194.698,194.669,193.91,192.775,191.684,191.0,190.906,191.351,192.124,193.013,193.916,194.838,195.823,196.894,198.056,199.305,200.639,202.053,203.539,205.085,206.676,208.292,209.909,211.499,213.033,214.48,215.817,217.029,218.118,219.118,220.108,221.237,222.762,225.106
84300.0,82.703,92.898,102.64,111.996,121.009,129.702,138.079,146.127,153.818,161.105,167.926,174.199,179.826,184.7,188.706,191.74,193.73,194.67,194.654,193.905,192.778,191.689,191.006,190.91,191.352,192.124,193.013,193.916,194.838,195.823,196.894,198.056,199.305,200.639,202.053,203.539,205.085,206.676,208.292,209.909,211.499,213.032,214.48,215.817,217.029,218.118,219.118,220.108,221.237,222.762,225.106
84360.0,82.68,92.863,102.595,111.942,120.947,129.632,138.003,146.046,153.734,161.02,167.84,174.115,179.747,184.627,188.642,191.686,193.689,194.642,194.638,193.901,192.78,191.695,191.011,190.914,191.353,192.124,193.013,193.916,194.838,195.823,196.894,198.056,199.305,200.639,202.053,203.539,205.085,206.676,208.292,209.909,211.499,213.032,214.48,215.817,217.029,218.118,219.118,220.108,221.237,222.762,225.106
84420.0,82.657,92.829,102.551,111.888,120.885,129.563,137.927,145.966,153.65,160.934,167.755,174.032,179.668,184.554,188.577,191.633,193.648,194.614,194.623,193.896,192.782,191.7,191.017,190.917,191.355,192.124,193.012,193.915,194.838,195.823,196.894,198.056,199.305,200.639,202.053,203.539,205.085,206.676,208.292,209.909,211.499,213.032,214.48,215.817,217.029,218.118,219.118,220.108,221.237,222.762,225.106
84480.0,82.633,92.795,102.506,111.835,120.823,129.494,137.852,145.886,153.567,160.849,167.67,173.948,179.589,184.482,188.514,191.58,193.607,194.586,194.607,193.891,192.784,191.706,191.022,190.921,191.356,192.124,193.012,193.915,194.838,195.823,196.894,198.056,199.305,200.639,202.053,203.539,205.085,206.676,208.292,209.909,211.499,213.032,214.48,215.817,217.029,218.118,219.118,220.108,221.237,222.762,225.106
84540.0,82.61,92.761,102.462,111.782,120.762,129.425,137.777,145.806,153.484,160.764,167.585,173.865,179.51,184.409,188.45,191.526,193.566,194.558,194.592,193.885,192.787,191.711,191.028,190.924,191.358,192.124,193.012,193.915,194.838,195.822,196.894,198.056,199.305,200.639,202.053,203.539,205.085,206.676,208.292,209.909,211.499,213.032,214.48,215.817,217.029,218.118,219.118,220.108,221.237,222.762,225.106
84600.0,82.587,92.727,102.418,111.728,120.7,129.357,137.703,145.727,153.401,160.679,167.5,173.783,179.431,184.337,188.386,191.473,193.525,194.53,194.576,193.88,192.789,191.717,191.033,190.928,191.359,192.124,193.011,193.915,194.838,195.822,196.894,198.056,199.305,200.639,202.053,203.539,205.085,206.676,208.292,209.909,211.499,213.032,214.48,215.817,217.029,218.118,219.118,220.108,221.237,222.762,225.106
84660.0,82.564,92.693,102.375,111.676,120.639,129.288,137.628,145.648,153.318,160.595,167.415,173.7,179.353,184.265,188.322,191.42,193.484,194.502,194.56,193.875,192.791,191.722,191.039,190.931,191.36,192.124,193.011,193.915,194.838,195.822,196.894,198.056,199.305,200.639,202.053,203.538,205.085,206.676,208.292,209.909,211.499,213.032,214.48,215.817,217.029,218.118,219.118,220.108,221.237,222.762,225.106
84720.0,82.541,92.66,102.331,111.623,120.578,129.22,137.554,145.569,153.236,160.511,167.331,173.618,179.274,184.193,188.258,191.367,193.443,194.473,194.544,193.87,192.793,191.728,191.044,190.935,191.362,192.124,193.011,193.914,194.838,195.822,196.894,198.056,199.305,200.639,202.053,203.538,205.085,206.676,208.292,209.909,211.499,213.032,214.48,215.817,217.029,218.118,219.118,220.108,221.237,222.762,225.106
84780.0,82.518,92.626,102.287,111.57,120.518,129.152,137.48,145.49,153.153,160.427,167.247,173.535,179.196,184.121,188.195,191.314,193.402,194.445,194.528,193.864,192.794,191.733,191.05,190.939,191.363,192.125,193.011,193.914,194.837,195.822,196.894,198.056,199.305,200.639,202.053,203.538,205.085,206.676,208.292,209.909,211.499,213.032,214.48,215.817,217.029,218.118,219.118,220.108,221.237,222.762,225.106
84840.0,82.496,92.593,102.244,111.518,120.457,129.085,137.406,145.411,153.071,160.343,167.163,173.454,179.118,184.049,188.132,191.261,193.361,194.417,194.512,193.859,192.796,191.738,191.055,190.942,191.365,192.125,193.01,193.914,194.837,195.822,196.894,198.056,199.305,200.639,202.053,203.538,205.085,206.676,208.292,209.909,211.499,213.032,214.48,215.817,217.029,218.118,219.118,220.108,221.237,222.762,225.106
84900.0,82.473,92.559,102.201,111.466,120.397,129.017,137.333,145.333,152.99,160.259,167.08,173.372,179.04,183.977,188.068,191.208,193.32,194.388,194.496,193.853,192.798,191.744,191.06,190.946,191.366,192.125,193.01,193.914,194.837,195.822,196.894,198.056,199.305,200.639,202.053,203.538,205.085,206.676,208.292,209.909,211.499,213.032,214.48,215.817,217.029,218.118,219.118,220.108,221.237,222.762,225.106
84960.0,82.45,92.526,102.158,111.414,120.337,128.95,137.26,145.255,152.908,160.176,166.996,173.29,178.963,183.906,188.005,191.155,193.278,194.36,194.48,193.847,192.8,191.749,191.066,190.949,191.368,192.125,193.01,193.913,194.837,195.822,196.894,198.056,199.305,200.639,202.053,203.538,205.085,206.676,208.292,209.909,211.499,213.032,214.48,215.817,217.029,218.118,219.118,220.108,221.237,222.762,225.106
85020.0,82.428,92.493,102.115,111.362,120.277,128.883,137.187,145.177,152.827,160.093,166.913,173.209,178.885,183.834,187.942,191.102,193.237,194.331,194.464,193.842,192.801,191.754,191.071,190.953,191.369,192.125,193.009,193.913,194.837,195.822,196.894,198.055,199.305,200.639,202.052,203.538,205.084,206.676,208.292,209.909,211.499,213.032,214.48,215.817,217.029,218.118,219.118,220.108,221.237,222.762,225.106
85080.0,82.405,92.46,102.072,111.31,120.217,128.816,137.114,145.099,152.746,160.01,166.83,173.128,178.808,183.763,187.879,191.049,193.196,194.303,194.447,193.836,192.803,191.759,191.076,190.956,191.371,192.125,193.009,193.913,194.837,195.822,196.894,198.055,199.305,200.639,202.052,203.538,205.084,206.676,208.292,209.908,211.499,213.032,214.48,215.817,217.029,218.118,219.118,220.108,221.237,222.762,225.106
85140.0,82.383,92.427,102.029,111.258,120.157,128.749,137.041,145.022,152.665,159.927,166.747,173.047,178.731,183.692,187.816,190.996,193.155,194.274,194.431,193.83,192.804,191.764,191.082,190.96,191.372,192.125,193.009,193.913,194.837,195.822,196.894,198.055,199.305,200.639,202.052,203.538,205.084,206.676,208.292,209.908,211.499,213.032,214.48,215.817,217.029,218.118,219.118,220.108,221.237,222.762,225.106
85200.0,82.36,92.394,101.987,111.207,120.098,128.683,136.969,144.945,152.585,159.845,166.665,172.966,178.654,183.621,187.753,190.943,193.114,194.246,194.415,193.824,192.806,191.769,191.087,190.964,191.374,192.126,193.009,193.913,194.837,195.822,196.894,198.055,199.305,200.639,202.052,203.538,205.084,206.675,208.292,209.908,211.499,213.032,214.48,215.817,217.029,218.118,219.118,220.108,221.237,222.762,225.106
85260.0,82.338,92.361,101.944,111.156,120.039,128.617,136.897,144.868,152.505,159.763,166.582,172.885,178.577,183.55,187.69,190.89,193.073,194.217,194.398,193.818,192.807,191.774,191.092,190.967,191.375,192.126,193.008,193.912,194.837,195.822,196.893,198.055,199.305,200.639,202.052,203.538,205.084,206.675,208.292,209.908,211.499,213.032,214.48,215.817,217.029,218.118,219.118,220.108,221.237,222.762,225.106
85320.0,82.316,92.328,101.902,111.105,119.98,128.551,136.825,144.791,152.425,159.681,166.5,172.805,178.5,183.479,187.627,190.838,193.032,194.188,194.382,193.812,192.808,191.779,191.098,190.971,191.377,192.126,193.008,193.912,194.837,195.822,196.893,198.055,199.305,200.638,202.052,203.538,205.084,206.675,208.291,209.908,211.498,213.032,214.48,215.817,217.029,218.118,219.118,220.108,221.237,222.762,225.106
85380.0,82.293,92.296,101.86,111.054,119.921,128.485,136.753,144.715,152.345,159.599,166.418,172.725,178.424,183.408,187.564,190.785,192.991,194.16,194.365,193.806,192.81,191.784,191.103,190.974,191.378,192.126,193.008,193.912,194.836,195.822,196.893,198.055,199.305,200.638,202.052,203.538,205.084,206.675,208.291,209.908,211.498,213.032,214.48,215.817,217.029,218.118,219.118,220.108,221.237,222.762,225.106
85440.0,82.271,92.263,101.818,111.003,119.862,128.42,136.682,144.639,152.265,159.518,166.337,172.644,178.347,183.338,187.502,190.732,192.95,194.131,194.348,193.799,192.811,191.789,191.108,190.978,191.38,192.126,193.008,193.912,194.836,195.822,196.893,198.055,199.304,200.638,202.052,203.538,205.084,206.675,208.291,209.908,211.498,213.032,214.48,215.817,217.029,218.118,219.118,220.108,221.237,222.762,225.106
85500.0,82.249,92.231,101.776,110.953,119.804,128.354,136.61,144.563,152.186,159.436,166.255,172.565,178.271,183.267,187.439,190.68,192.908,194.102,194.332,193.793,192.812,191.794,191.113,190.981,191.381,192.126,193.007,193.911,194.836,195.822,196.893,198.055,199.304,200.638,202.052,203.538,205.084,206.675,208.291,209.908,211.498,213.032,214.48,215.817,217.029,218.118,219.118,220.108,221.237,222.762,225.106
85560.0,82.227,92.199,101.734,110.902,119.746,128.289,136.539,144.487,152.107,159.355,166.174,172.485,178.195,183.197,187.377,190.627,192.867,194.073,194.315,193.787,192.813,191.799,191.119,190.985,191.383,192.127,193.007,193.911,194.836,195.822,196.893,198.055,199.304,200.638,202.052,203.538,205.084,206.675,208.291,209.908,211.498,213.032,214.48,215.817,217.029,218.118,219.118,220.108,221.237,222.762,225.106
85620.0,82.205,92.167,101.693,110.852,119.688,128.224,136.469,144.412,152.028,159.275,166.093,172.406,178.119,183.127,187.314,190.575,192.826,194.045,194.298,193.78,192.814,191.804,191.124,190.988,191.384,192.127,193.007,193.911,194.836,195.822,196.893,198.055,199.304,200.638,202.052,203.538,205.084,206.675,208.291,209.908,211.498,213.032,214.48,215.817,217.029,218.118,219.118,220.108,221.237,222.762,225.106
85680.0,82.183,92.134,101.651,110.802,119.63,128.159,136.398,144.336,151.949,159.194,166.012,172.326,178.043,183.057,187.252,190.522,192.785,194.016,194.281,193.774,192.815,191.808,191.129,190.992,191.386,192.127,193.006,193.911,194.836,195.822,196.893,198.055,199.304,200.638,202.052,203.538,205.084,206.675,208.291,209.908,211.498,213.032,214.48,215.817,217.029,218.118,219.118,220.108,221.237,222.762,225.106
85740.0,82.162,92.103,101.61,110.752,119.572,128.095,136.328,144.261,151.871,159.114,165.931,172.247,177.968,182.987,187.19,190.47,192.744,193.987,194.264,193.767,192.816,191.813,191.134,190.996,191.387,192.127,193.006,193.911,194.836,195.821,196.893,198.055,199.304,200.638,202.052,203.538,205.084,206.675,208.291,209.908,211.498,213.032,214.48,215.817,217.029,218.118,219.118,220.108,221.237,222.762,225.106
85800.0,82.14,92.071,101.569,110.702,119.515,128.031,136.258,144.187,151.792,159.034,165.851,172.168,177.892,182.917,187.128,190.417,192.703,193.958,194.247,193.761,192.817,191.818,191.139,190.999,191.389,192.127,193.006,193.91,194.836,195.821,196.893,198.055,199.304,200.638,202.052,203.538,205.084,206.675,208.291,209.908,211.498,213.032,214.48,215.817,217.029,218.118,219.118,220.108,221.237,222.762,225.106
85860.0,82.118,92.039,101.528,110.653,119.457,127.966,136.188,144.112,151.714,158.954,165.771,172.09,177.817,182.847,187.066,190.365,192.662,193.929,194.23,193.754,192.817,191.822,191.144,191.003,191.39,192.128,193.006,193.91,194.836,195.821,196.893,198.055,199.304,200.638,202.052,203.538,205.084,206.675,208.291,209.908,211.498,213.032,214.48,215.817,217.029,218.118,219.118,220.108,221.237,222.762,225.106
85920.0,82.097,92.007,101.487,110.603,119.4,127.903,136.118,144.038,151.637,158.874,165.691,172.011,177.742,182.778,187.004,190.313,192.621,193.9,194.213,193.747,192.818,191.827,191.149,191.006,191.392,192.128,193.005,193.91,194.835,195.821,196.893,198.055,199.304,200.638,202.052,203.538,205.084,206.675,208.291,209.908,211.498,213.032,214.48,215.817,217.029,218.118,219.118,220.108,221.237,222.762,225.106
85980.0,82.075,91.976,101.446,110.554,119.343,127.839,136.048,143.963,151.559,158.794,165.611,171.933,177.667,182.708,186.942,190.26,192.58,193.871,194.196,193.74,192.819,191.832,191.154,191.01,191.393,192.128,193.005,193.91,194.835,195.821,196.893,198.055,199.304,200.638,202.052,203.538,205.084,206.675,208.291,209.908,211.498,213.032,214.48,215.817,217.029,218.118,219.118,220.108,221.237,222.762,225.106
86040.0,82.053,91.944,101.405,110.505,119.286,127.775,135.979,143.889,151.482,158.715,165.531,171.854,177.592,182.639,186.881,190.208,192.538,193.842,194.179,193.733,192.819,191.836,191.16,191.013,191.395,192.128,193.005,193.909,194.835,195.821,196.893,198.055,199.304,200.638,202.052,203.538,205.084,206.675,208.291,209.908,211.498,213.032,214.48,215.817,217.029,218.118,219.118,220.108,221.237,222.762,225.106
86100.0,82.032,91.913,101.365,110.456,119.23,127.712,135.91,143.816,151.405,158.636,165.452,171.777,177.518,182.57,186.819,190.156,192.497,193.812,194.161,193.726,192.82,191.84,191.165,191.017,191.397,192.128,193.005,193.909,194.835,195.821,196.893,198.055,199.304,200.638,202.052,203.537,205.084,206.675,208.291,209.908,211.498,213.032,214.48,215.817,217.029,218.118,219.118,220.108,221.237,222.762,225.106
86160.0,82.011,91.881,101.324,110.407,119.173,127.649,135.841,143.742,151.328,158.557,165.373,171.699,177.443,182.501,186.757,190.104,192.456,193.783,194.144,193.719,192.82,191.845,191.17,191.02,191.398,192.129,193.004,193.909,194.835,195.821,196.893,198.054,199.304,200.638,202.052,203.537,205.084,206.675,208.291,209.908,211.498,213.032,214.48,215.817,217.028,218.118,219.118,220.108,221.237,222.762,225.106
86220.0,81.989,91.85,101.284,110.358,119.117,127.586,135.772,143.669,151.251,158.479,165.294,171.621,177.369,182.432,186.696,190.052,192.415,193.754,194.126,193.712,192.821,191.849,191.175,191.024,191.4,192.129,193.004,193.909,194.835,195.821,196.893,198.054,199.304,200.638,202.052,203.537,205.084,206.675,208.291,209.908,211.498,213.032,214.48,215.817,217.028,218.118,219.118,220.108,221.237,222.762,225.106
86280.0,81.968,91.819,101.244,110.31,119.061,127.523,135.704,143.596,151.175,158.4,165.215,171.544,177.295,182.363,186.634,190.0,192.374,193.725,194.109,193.705,192.821,191.854,191.18,191.027,191.401,192.129,193.004,193.909,194.835,195.821,196.893,198.054,199.304,200.638,202.052,203.537,205.084,206.675,208.291,209.908,211.498,213.032,214.48,215.817,217.028,218.118,219.118,220.108,221.237,222.762,225.106
86340.0,81.947,91.788,101.204,110.261,119.005,127.46,135.636,143.523,151.098,158.322,165.136,171.466,177.221,182.294,186.573,189.948,192.333,193.696,194.091,193.698,192.821,191.858,191.185,191.031,191.403,192.129,193.004,193.908,194.835,195.821,196.893,198.054,199.304,200.638,202.051,203.537,205.084,206.675,208.291,209.908,211.498,213.032,214.48,215.817,217.028,218.118,219.118,220.108,221.237,222.762,225.106
