local_time_s,0.00000,0.00317,0.00674,0.01077,0.01531,0.02043,0.02620,0.03271,0.04005,0.04832,0.05765,0.06817,0.08003,0.09340,0.10848,0.12548,0.14465,0.16626,0.19062,0.21809,0.24907,0.28399,0.32337,0.36776,0.41782,0.47426,0.53789,0.60964,0.69054,0.78175,0.88458,1.00053,1.13127,1.27867,1.44486,1.63225,1.84352,2.08173,2.35032,2.65314,2.99458,3.37954,3.81359,4.30298,4.85477,5.47690,6.17836,6.96925,7.86098,8.86639,10.00000
0.0,93.661,110.034,125.405,139.862,153.468,166.274,178.313,189.612,200.184,210.026,219.124,227.446,234.94,241.539,247.16,251.712,255.109,257.296,258.28,258.18,257.261,255.941,254.712,253.981,253.905,254.359,255.078,255.849,256.606,257.38,258.214,259.123,260.105,261.158,262.278,263.462,264.701,265.986,267.301,268.63,269.953,271.246,272.487,273.654,274.733,275.72,276.63,277.513,278.46,279.637,281.312
60.0,93.634,109.991,125.35,139.796,153.394,166.191,178.224,189.519,200.087,209.929,219.028,227.352,234.851,241.456,247.085,251.647,255.057,257.257,258.255,258.168,257.261,255.949,254.723,253.992,253.914,254.367,255.086,255.857,256.615,257.39,258.225,259.134,260.117,261.17,262.292,263.476,264.716,266.0,267.316,268.645,269.967,271.259,272.499,273.665,274.742,275.726,276.635,277.515,278.46,279.636,281.311
120.0,93.608,109.949,125.295,139.73,153.318,166.107,178.134,189.424,199.99,209.83,218.93,227.257,234.76,241.371,247.009,251.581,255.002,257.215,258.227,258.153,257.256,255.952,254.729,253.997,253.917,254.368,255.085,255.857,256.614,257.39,258.225,259.134,260.117,261.17,262.292,263.476,264.716,266.0,267.316,268.645,269.967,271.259,272.499,273.665,274.742,275.726,276.635,277.515,278.46,279.636,281.311
180.0,93.583,109.908,125.24,139.664,153.243,166.024,178.044,189.33,199.893,209.732,218.833,227.162,234.669,241.287,246.932,251.514,254.947,257.173,258.199,258.138,257.252,255.954,254.735,254.003,253.92,254.369,255.085,255.856,256.614,257.39,258.225,259.134,260.117,261.17,262.292,263.476,264.716,266.0,267.316,268.645,269.967,271.259,272.499,273.665,274.742,275.726,276.635,277.515,278.46,279.636,281.311
240.0,93.558,109.867,125.186,139.598,153.167,165.94,177.955,189.236,199.796,209.634,218.735,227.067,234.578,241.202,246.856,251.448,254.892,257.132,258.171,258.122,257.247,255.957,254.741,254.008,253.923,254.37,255.085,255.856,256.614,257.39,258.225,259.134,260.117,261.17,262.292,263.476,264.716,266.0,267.316,268.645,269.967,271.259,272.499,273.665,274.742,275.726,276.635,277.515,278.46,279.636,281.311
300.0,93.534,109.826,125.132,139.533,153.092,165.857,177.866,189.142,199.699,209.536,218.638,226.972,234.488,241.118,246.78,251.382,254.838,257.09,258.142,258.107,257.243,255.96,254.747,254.013,253.926,254.371,255.085,255.856,256.614,257.39,258.225,259.134,260.117,261.17,262.292,263.476,264.716,266.0,267.316,268.645,269.967,271.259,272.499,273.665,274.742,275.726,276.635,277.515,278.46,279.636,281.311
360.0,93.509,109.786,125.078,139.467,153.017,165.774,177.776,189.048,199.603,209.439,218.541,226.878,234.398,241.034,246.703,251.315,254.783,257.048,258.114,258.092,257.238,255.963,254.753,254.018,253.929,254.372,255.085,255.856,256.614,257.39,258.225,259.134,260.117,261.17,262.292,263.476,264.716,266.0,267.316,268.645,269.967,271.259,272.499,273.665,274.742,275.726,276.635,277.515,278.46,279.636,281.311
420.0,93.485,109.746,125.024,139.402,152.942,165.692,177.688,188.955,199.506,209.342,218.445,226.784,234.308,240.95,246.627,251.249,254.728,257.006,258.086,258.076,257.233,255.965,254.758,254.024,253.932,254.373,255.085,255.855,256.614,257.389,258.225,259.134,260.117,261.17,262.291,263.476,264.716,266.0,267.316,268.645,269.967,271.259,272.499,273.665,274.742,275.726,276.635,277.515,278.46,279.636,281.311
480.0,93.461,109.707,124.971,139.337,152.867,165.609,177.599,188.862,199.41,209.245,218.348,226.69,234.218,240.866,246.552,251.183,254.674,256.964,258.057,258.06,257.229,255.968,254.764,254.029,253.935,254.374,255.085,255.855,256.613,257.389,258.225,259.134,260.117,261.17,262.291,263.476,264.716,266.0,267.316,268.645,269.967,271.259,272.499,273.665,274.742,275.726,276.635,277.515,278.46,279.636,281.311
540.0,93.437,109.667,124.918,139.272,152.793,165.527,177.51,188.769,199.315,209.148,218.252,226.596,234.128,240.783,246.476,251.117,254.619,256.923,258.029,258.045,257.224,255.97,254.77,254.034,253.938,254.375,255.085,255.855,256.613,257.389,258.225,259.134,260.117,261.17,262.291,263.476,264.715,266.0,267.316,268.645,269.967,271.259,272.499,273.665,274.742,275.726,276.635,277.515,278.46,279.636,281.311
600.0,93.413,109.628,124.865,139.208,152.718,165.445,177.422,188.676,199.219,209.051,218.156,226.502,234.039,240.699,246.4,251.051,254.565,256.881,258.0,258.029,257.219,255.973,254.775,254.04,253.942,254.376,255.085,255.854,256.613,257.389,258.224,259.134,260.117,261.17,262.291,263.476,264.715,266.0,267.316,268.645,269.967,271.259,272.499,273.665,274.742,275.726,276.635,277.515,278.46,279.636,281.311
660.0,93.389,109.588,124.812,139.143,152.644,165.363,177.334,188.584,199.124,208.955,218.061,226.409,233.95,240.616,246.325,250.985,254.51,256.839,257.972,258.013,257.214,255.975,254.781,254.045,253.945,254.377,255.085,255.854,256.613,257.389,258.224,259.134,260.117,261.17,262.291,263.476,264.715,266.0,267.316,268.644,269.967,271.259,272.499,273.665,274.742,275.726,276.635,277.515,278.46,279.636,281.311
720.0,93.366,109.549,124.759,139.079,152.57,165.281,177.246,188.492,199.029,208.859,217.965,226.316,233.861,240.533,246.249,250.92,254.456,256.797,257.943,257.998,257.209,255.977,254.786,254.05,253.948,254.378,255.084,255.854,256.613,257.389,258.224,259.134,260.117,261.17,262.291,263.476,264.715,266.0,267.315,268.644,269.967,271.259,272.499,273.665,274.742,275.726,276.635,277.515,278.46,279.636,281.311
780.0,93.342,109.51,124.707,139.015,152.497,165.2,177.159,188.4,198.934,208.763,217.87,226.223,233.772,240.45,246.174,250.854,254.401,256.755,257.915,257.982,257.204,255.98,254.792,254.055,253.951,254.379,255.084,255.854,256.613,257.389,258.224,259.134,260.117,261.17,262.291,263.476,264.715,266.0,267.315,268.644,269.967,271.259,272.499,273.665,274.742,275.726,276.635,277.515,278.46,279.636,281.311
840.0,93.319,109.472,124.655,138.951,152.423,165.118,177.072,188.308,198.84,208.668,217.775,226.13,233.683,240.367,246.099,250.788,254.347,256.714,257.886,257.966,257.199,255.982,254.797,254.06,253.954,254.38,255.084,255.853,256.612,257.389,258.224,259.134,260.117,261.17,262.291,263.476,264.715,266.0,267.315,268.644,269.966,271.259,272.499,273.665,274.742,275.726,276.635,277.515,278.46,279.636,281.311
900.0,93.295,109.433,124.603,138.888,152.35,165.037,176.984,188.216,198.746,208.572,217.68,226.037,233.594,240.284,246.024,250.723,254.293,256.672,257.857,257.95,257.193,255.984,254.803,254.066,253.957,254.381,255.084,255.853,256.612,257.389,258.224,259.134,260.116,261.17,262.291,263.475,264.715,266.0,267.315,268.644,269.966,271.259,272.499,273.665,274.742,275.726,276.635,277.515,278.46,279.636,281.311
960.0,93.272,109.395,124.551,138.824,152.277,164.956,176.898,188.125,198.652,208.477,217.585,225.945,233.506,240.201,245.949,250.657,254.238,256.63,257.829,257.934,257.188,255.986,254.808,254.071,253.96,254.382,255.084,255.853,256.612,257.389,258.224,259.134,260.116,261.17,262.291,263.475,264.715,266.0,267.315,268.644,269.966,271.259,272.499,273.665,274.742,275.726,276.635,277.515,278.46,279.636,281.311
1020.0,93.248,109.356,124.499,138.761,152.204,164.876,176.811,188.034,198.558,208.382,217.491,225.853,233.418,240.119,245.874,250.592,254.184,256.588,257.8,257.917,257.183,255.988,254.814,254.076,253.963,254.383,255.084,255.852,256.612,257.389,258.224,259.134,260.116,261.17,262.291,263.475,264.715,266.0,267.315,268.644,269.966,271.259,272.499,273.665,274.742,275.726,276.635,277.515,278.46,279.636,281.311
1080.0,93.225,109.318,124.448,138.698,152.132,164.795,176.724,187.943,198.464,208.287,217.397,225.761,233.33,240.037,245.799,250.526,254.13,256.546,257.771,257.901,257.177,255.99,254.819,254.081,253.966,254.384,255.084,255.852,256.612,257.389,258.224,259.134,260.116,261.17,262.291,263.475,264.715,266.0,267.315,268.644,269.966,271.259,272.499,273.665,274.742,275.726,276.635,277.515,278.46,279.636,281.311
1140.0,93.202,109.28,124.396,138.635,152.06,164.715,176.638,187.853,198.371,208.193,217.303,225.669,233.242,239.954,245.725,250.461,254.076,256.504,257.742,257.885,257.172,255.992,254.824,254.086,253.969,254.385,255.084,255.852,256.612,257.389,258.224,259.134,260.116,261.17,262.291,263.475,264.715,266.0,267.315,268.644,269.966,271.259,272.499,273.665,274.742,275.726,276.635,277.515,278.46,279.636,281.311
1200.0,93.179,109.242,124.345,138.573,151.987,164.635,176.552,187.762,198.278,208.099,217.209,225.577,233.154,239.872,245.65,250.396,254.021,256.463,257.713,257.869,257.166,255.994,254.829,254.091,253.972,254.386,255.084,255.852,256.611,257.389,258.224,259.134,260.116,261.17,262.291,263.475,264.715,266.0,267.315,268.644,269.966,271.259,272.499,273.665,274.742,275.726,276.635,277.515,278.46,279.636,281.311
1260.0,93.156,109.204,124.294,138.51,151.915,164.556,176.467,187.672,198.185,208.005,217.116,225.486,233.067,239.791,245.576,250.331,253.967,256.421,257.684,257.852,257.16,255.996,254.835,254.096,253.975,254.387,255.084,255.851,256.611,257.389,258.224,259.133,260.116,261.17,262.291,263.475,264.715,266.0,267.315,268.644,269.966,271.259,272.499,273.665,274.742,275.726,276.635,277.515,278.46,279.636,281.311
1320.0,93.133,109.166,124.243,138.448,151.844,164.476,176.381,187.582,198.092,207.911,217.022,225.395,232.979,239.709,245.502,250.266,253.913,256.379,257.655,257.836,257.155,255.997,254.84,254.101,253.978,254.388,255.084,255.851,256.611,257.389,258.224,259.133,260.116,261.17,262.291,263.475,264.715,266.0,267.315,268.644,269.966,271.259,272.499,273.665,274.742,275.726,276.635,277.515,278.46,279.636,281.311
1380.0,93.11,109.128,124.192,138.386,151.772,164.397,176.296,187.493,198.0,207.817,216.929,225.304,232.892,239.627,245.427,250.201,253.859,256.337,257.626,257.819,257.149,255.999,254.845,254.106,253.982,254.389,255.084,255.851,256.611,257.388,258.224,259.133,260.116,261.17,262.291,263.475,264.715,266.0,267.315,268.644,269.966,271.259,272.499,273.665,274.742,275.726,276.635,277.515,278.46,279.636,281.311
1440.0,93.087,109.091,124.142,138.324,151.701,164.318,176.211,187.403,197.908,207.724,216.836,225.213,232.805,239.546,245.353,250.136,253.805,256.295,257.597,257.803,257.143,256.001,254.85,254.111,253.985,254.39,255.084,255.85,256.611,257.388,258.224,259.133,260.116,261.17,262.291,263.475,264.715,266.0,267.315,268.644,269.966,271.259,272.499,273.665,274.742,275.726,276.635,277.515,278.46,279.636,281.311
1500.0,93.064,109.053,124.091,138.263,151.63,164.239,176.126,187.314,197.816,207.631,216.744,225.122,232.718,239.465,245.279,250.071,253.751,256.253,257.568,257.786,257.137,256.002,254.855,254.117,253.988,254.391,255.084,255.85,256.611,257.388,258.224,259.133,260.116,261.17,262.291,263.475,264.715,266.0,267.315,268.644,269.966,271.259,272.499,273.665,274.742,275.726,276.635,277.515,278.46,279.636,281.311
1560.0,93.042,109.016,124.041,138.201,151.559,164.16,176.041,187.225,197.724,207.538,216.651,225.032,232.632,239.383,245.206,250.007,253.697,256.211,257.539,257.77,257.131,256.004,254.86,254.122,253.991,254.392,255.084,255.85,256.61,257.388,258.224,259.133,260.116,261.169,262.291,263.475,264.715,266.0,267.315,268.644,269.966,271.259,272.499,273.665,274.742,275.726,276.635,277.515,278.46,279.636,281.311
1620.0,93.019,108.978,123.991,138.14,151.488,164.082,175.957,187.136,197.633,207.445,216.559,224.942,232.545,239.302,245.132,249.942,253.643,256.169,257.51,257.753,257.125,256.005,254.865,254.127,253.994,254.393,255.084,255.85,256.61,257.388,258.224,259.133,260.116,261.169,262.291,263.475,264.715,266.0,267.315,268.644,269.966,271.259,272.499,273.665,274.742,275.726,276.635,277.515,278.46,279.636,281.311
1680.0,92.996,108.941,123.941,138.079,151.418,164.004,175.873,187.048,197.541,207.353,216.467,224.852,232.459,239.222,245.058,249.877,253.589,256.128,257.481,257.736,257.119,256.007,254.87,254.132,253.997,254.394,255.084,255.849,256.61,257.388,258.224,259.133,260.116,261.169,262.291,263.475,264.715,265.999,267.315,268.644,269.966,271.259,272.499,273.665,274.742,275.726,276.635,277.515,278.46,279.636,281.311
1740.0,92.974,108.904,123.891,138.018,151.347,163.926,175.789,186.959,197.45,207.261,216.375,224.762,232.373,239.141,244.985,249.813,253.535,256.086,257.452,257.719,257.113,256.008,254.875,254.137,254.0,254.395,255.084,255.849,256.61,257.388,258.224,259.133,260.116,261.169,262.291,263.475,264.715,265.999,267.315,268.644,269.966,271.259,272.499,273.665,274.742,275.726,276.635,277.515,278.46,279.636,281.311
1800.0,92.951,108.867,123.841,137.957,151.277,163.848,175.705,186.871,197.359,207.169,216.283,224.672,232.287,239.06,244.911,249.748,253.482,256.044,257.422,257.702,257.106,256.009,254.88,254.142,254.003,254.396,255.084,255.849,256.61,257.388,258.224,259.133,260.116,261.169,262.291,263.475,264.715,265.999,267.315,268.644,269.966,271.259,272.499,273.665,274.742,275.726,276.635,277.515,278.46,279.636,281.311
1860.0,92.929,108.83,123.791,137.896,151.207,163.771,175.621,186.783,197.269,207.077,216.192,224.583,232.201,238.98,244.838,249.684,253.428,256.002,257.393,257.685,257.1,256.01,254.885,254.147,254.006,254.398,255.084,255.849,256.61,257.388,258.224,259.133,260.116,261.169,262.291,263.475,264.715,265.999,267.315,268.644,269.966,271.259,272.499,273.665,274.742,275.726,276.635,277.515,278.46,279.636,281.311
1920.0,92.906,108.794,123.742,137.836,151.137,163.693,175.538,186.696,197.178,206.985,216.101,224.494,232.115,238.899,244.765,249.62,253.374,255.96,257.364,257.668,257.094,256.012,254.89,254.151,254.009,254.399,255.083,255.848,256.609,257.388,258.224,259.133,260.116,261.169,262.291,263.475,264.715,265.999,267.315,268.644,269.966,271.259,272.499,273.665,274.742,275.726,276.635,277.515,278.46,279.636,281.311
1980.0,92.884,108.757,123.693,137.776,151.068,163.616,175.455,186.608,197.088,206.894,216.01,224.404,232.03,238.819,244.692,249.556,253.32,255.918,257.335,257.651,257.087,256.013,254.894,254.156,254.013,254.4,255.083,255.848,256.609,257.388,258.224,259.133,260.116,261.169,262.29,263.475,264.715,265.999,267.315,268.644,269.966,271.259,272.499,273.665,274.742,275.726,276.635,277.515,278.46,279.636,281.311
2040.0,92.862,108.72,123.643,137.715,150.998,163.539,175.372,186.521,196.998,206.803,215.919,224.316,231.944,238.739,244.619,249.491,253.267,255.876,257.305,257.634,257.081,256.014,254.899,254.161,254.016,254.401,255.083,255.848,256.609,257.388,258.224,259.133,260.116,261.169,262.29,263.475,264.715,265.999,267.315,268.644,269.966,271.259,272.499,273.665,274.742,275.726,276.635,277.515,278.46,279.636,281.311
2100.0,92.84,108.684,123.594,137.655,150.929,163.462,175.29,186.434,196.909,206.712,215.828,224.227,231.859,238.659,244.546,249.427,253.213,255.834,257.276,257.617,257.074,256.015,254.904,254.166,254.019,254.402,255.083,255.847,256.609,257.388,258.224,259.133,260.116,261.169,262.29,263.475,264.715,265.999,267.315,268.644,269.966,271.259,272.499,273.665,274.742,275.726,276.635,277.515,278.46,279.636,281.311
2160.0,92.817,108.648,123.546,137.596,150.86,163.386,175.207,186.347,196.819,206.621,215.738,224.138,231.774,238.58,244.473,249.363,253.159,255.793,257.246,257.6,257.067,256.016,254.909,254.171,254.022,254.403,255.083,255.847,256.609,257.388,258.223,259.133,260.116,261.169,262.29,263.475,264.715,265.999,267.315,268.644,269.966,271.259,272.499,273.665,274.742,275.726,276.635,277.515,278.46,279.636,281.311
2220.0,92.795,108.611,123.497,137.536,150.791,163.31,175.125,186.261,196.73,206.53,215.647,224.05,231.689,238.5,244.401,249.299,253.106,255.751,257.217,257.582,257.061,256.017,254.913,254.176,254.025,254.404,255.083,255.847,256.609,257.388,258.223,259.133,260.116,261.169,262.29,263.475,264.715,265.999,267.315,268.644,269.966,271.259,272.499,273.665,274.742,275.726,276.635,277.515,278.46,279.636,281.311
2280.0,92.773,108.575,123.448,137.477,150.723,163.233,175.043,186.175,196.641,206.44,215.557,223.962,231.605,238.421,244.328,249.236,253.052,255.709,257.187,257.565,257.054,256.017,254.918,254.181,254.028,254.405,255.083,255.847,256.608,257.387,258.223,259.133,260.116,261.169,262.29,263.475,264.714,265.999,267.315,268.644,269.966,271.259,272.498,273.665,274.742,275.726,276.635,277.515,278.46,279.636,281.311
2340.0,92.751,108.539,123.4,137.417,150.654,163.158,174.961,186.089,196.552,206.35,215.468,223.874,231.52,238.341,244.256,249.172,252.999,255.667,257.158,257.548,257.047,256.018,254.922,254.186,254.031,254.406,255.083,255.846,256.608,257.387,258.223,259.133,260.116,261.169,262.29,263.475,264.714,265.999,267.315,268.644,269.966,271.259,272.498,273.665,274.742,275.726,276.635,277.515,278.46,279.636,281.311
2400.0,92.729,108.503,123.351,137.358,150.586,163.082,174.879,186.003,196.463,206.26,215.378,223.786,231.436,238.262,244.183,249.108,252.945,255.625,257.128,257.53,257.04,256.019,254.927,254.191,254.034,254.408,255.083,255.846,256.608,257.387,258.223,259.133,260.115,261.169,262.29,263.475,264.714,265.999,267.315,268.644,269.966,271.259,272.498,273.665,274.742,275.726,276.635,277.515,278.46,279.636,281.311
2460.0,92.708,108.467,123.303,137.299,150.518,163.006,174.798,185.917,196.375,206.17,215.288,223.698,231.352,238.183,244.111,249.045,252.892,255.583,257.099,257.513,257.033,256.02,254.931,254.195,254.037,254.409,255.084,255.846,256.608,257.387,258.223,259.133,260.115,261.169,262.29,263.475,264.714,265.999,267.315,268.644,269.966,271.258,272.498,273.665,274.742,275.726,276.635,277.515,278.46,279.636,281.311
2520.0,92.686,108.432,123.255,137.24,150.45,162.931,174.717,185.831,196.286,206.081,215.199,223.611,231.268,238.104,244.039,248.981,252.839,255.541,257.069,257.495,257.026,256.02,254.936,254.2,254.04,254.41,255.084,255.846,256.608,257.387,258.223,259.133,260.115,261.169,262.29,263.475,264.714,265.999,267.315,268.644,269.966,271.258,272.498,273.664,274.742,275.726,276.635,277.515,278.46,279.636,281.311
2580.0,92.664,108.396,123.207,137.182,150.383,162.856,174.636,185.746,196.198,205.991,215.11,223.524,231.184,238.025,243.967,248.917,252.785,255.499,257.04,257.477,257.019,256.021,254.94,254.205,254.043,254.411,255.084,255.845,256.608,257.387,258.223,259.133,260.115,261.169,262.29,263.474,264.714,265.999,267.315,268.644,269.966,271.258,272.498,273.664,274.742,275.726,276.635,277.515,278.46,279.636,281.311
2640.0,92.642,108.36,123.159,137.123,150.315,162.781,174.555,185.661,196.11,205.902,215.021,223.437,231.1,237.947,243.895,248.854,252.732,255.458,257.01,257.46,257.012,256.021,254.945,254.21,254.047,254.412,255.084,255.845,256.607,257.387,258.223,259.133,260.115,261.169,262.29,263.474,264.714,265.999,267.315,268.644,269.966,271.258,272.498,273.664,274.741,275.726,276.635,277.515,278.46,279.636,281.311
2700.0,92.621,108.325,123.111,137.065,150.248,162.706,174.475,185.576,196.023,205.813,214.933,223.35,231.017,237.868,243.823,248.791,252.679,255.416,256.98,257.442,257.005,256.022,254.949,254.214,254.05,254.413,255.084,255.845,256.607,257.387,258.223,259.133,260.115,261.169,262.29,263.474,264.714,265.999,267.315,268.644,269.966,271.258,272.498,273.664,274.741,275.726,276.635,277.515,278.46,279.636,281.311
2760.0,92.599,108.29,123.064,137.007,150.181,162.632,174.394,185.492,195.935,205.725,214.844,223.263,230.933,237.79,243.752,248.728,252.626,255.374,256.95,257.424,256.998,256.022,254.953,254.219,254.053,254.415,255.084,255.845,256.607,257.387,258.223,259.132,260.115,261.169,262.29,263.474,264.714,265.999,267.314,268.644,269.966,271.258,272.498,273.664,274.741,275.726,276.635,277.515,278.46,279.636,281.311
2820.0,92.577,108.254,123.016,136.949,150.114,162.557,174.314,185.407,195.848,205.636,214.756,223.176,230.85,237.712,243.68,248.664,252.572,255.332,256.921,257.407,256.99,256.022,254.958,254.224,254.056,254.416,255.084,255.844,256.607,257.387,258.223,259.132,260.115,261.169,262.29,263.474,264.714,265.999,267.314,268.644,269.966,271.258,272.498,273.664,274.741,275.726,276.635,277.515,278.46,279.636,281.311
2880.0,92.556,108.219,122.969,136.891,150.047,162.483,174.234,185.323,195.761,205.548,214.668,223.09,230.767,237.633,243.609,248.601,252.519,255.29,256.891,257.389,256.983,256.023,254.962,254.229,254.059,254.417,255.084,255.844,256.607,257.387,258.223,259.132,260.115,261.169,262.29,263.474,264.714,265.999,267.314,268.643,269.966,271.258,272.498,273.664,274.741,275.726,276.635,277.515,278.46,279.636,281.311
2940.0,92.534,108.184,122.922,136.833,149.98,162.409,174.155,185.239,195.674,205.46,214.58,223.004,230.684,237.556,243.537,248.538,252.466,255.248,256.861,257.371,256.975,256.023,254.966,254.233,254.062,254.418,255.084,255.844,256.607,257.387,258.223,259.132,260.115,261.169,262.29,263.474,264.714,265.999,267.314,268.643,269.966,271.258,272.498,273.664,274.741,275.726,276.635,277.515,278.46,279.636,281.311
3000.0,92.513,108.149,122.875,136.776,149.914,162.336,174.075,185.155,195.588,205.372,214.492,222.918,230.601,237.478,243.466,248.475,252.413,255.207,256.831,257.353,256.968,256.023,254.97,254.238,254.065,254.419,255.084,255.844,256.606,257.387,258.223,259.132,260.115,261.169,262.29,263.474,264.714,265.999,267.314,268.643,269.966,271.258,272.498,273.664,274.741,275.726,276.635,277.515,278.46,279.636,281.311
3060.0,92.492,108.114,122.828,136.718,149.848,162.262,173.996,185.072,195.502,205.284,214.405,222.832,230.519,237.4,243.395,248.412,252.36,255.165,256.801,257.335,256.96,256.023,254.974,254.243,254.068,254.42,255.084,255.843,256.606,257.387,258.223,259.132,260.115,261.168,262.29,263.474,264.714,265.999,267.314,268.643,269.966,271.258,272.498,273.664,274.741,275.726,276.635,277.515,278.46,279.636,281.311
3120.0,92.47,108.079,122.781,136.661,149.782,162.189,173.917,184.988,195.415,205.197,214.317,222.746,230.436,237.322,243.324,248.35,252.307,255.123,256.772,257.317,256.953,256.023,254.978,254.247,254.071,254.422,255.084,255.843,256.606,257.387,258.223,259.132,260.115,261.168,262.29,263.474,264.714,265.999,267.314,268.643,269.966,271.258,272.498,273.664,274.741,275.726,276.635,277.515,278.46,279.636,281.311
3180.0,92.449,108.045,122.735,136.604,149.716,162.115,173.838,184.905,195.329,205.109,214.23,222.661,230.354,237.245,243.253,248.287,252.254,255.081,256.742,257.299,256.945,256.023,254.982,254.252,254.074,254.423,255.084,255.843,256.606,257.386,258.223,259.132,260.115,261.168,262.29,263.474,264.714,265.999,267.314,268.643,269.966,271.258,272.498,273.664,274.741,275.726,276.635,277.515,278.46,279.636,281.311
3240.0,92.428,108.01,122.688,136.547,149.65,162.042,173.759,184.822,195.244,205.022,214.143,222.575,230.272,237.168,243.182,248.224,252.201,255.039,256.712,257.28,256.937,256.023,254.987,254.257,254.078,254.424,255.084,255.843,256.606,257.386,258.223,259.132,260.115,261.168,262.29,263.474,264.714,265.999,267.314,268.643,269.966,271.258,272.498,273.664,274.741,275.726,276.635,277.515,278.46,279.636,281.311
3300.0,92.407,107.976,122.642,136.49,149.584,161.97,173.68,184.739,195.158,204.935,214.056,222.49,230.19,237.09,243.111,248.162,252.148,254.997,256.682,257.262,256.929,256.023,254.99,254.261,254.081,254.425,255.084,255.842,256.606,257.386,258.223,259.132,260.115,261.168,262.29,263.474,264.714,265.999,267.314,268.643,269.966,271.258,272.498,273.664,274.741,275.726,276.635,277.515,278.46,279.636,281.311
3360.0,92.386,107.941,122.595,136.434,149.519,161.897,173.602,184.657,195.073,204.849,213.97,222.405,230.108,237.013,243.041,248.099,252.096,254.956,256.652,257.244,256.921,256.023,254.994,254.266,254.084,254.426,255.084,255.842,256.605,257.386,258.223,259.132,260.115,261.168,262.29,263.474,264.714,265.999,267.314,268.643,269.965,271.258,272.498,273.664,274.741,275.726,276.635,277.515,278.46,279.636,281.311
3420.0,92.365,107.907,122.549,136.377,149.454,161.825,173.524,184.574,194.987,204.762,213.883,222.321,230.026,236.936,242.97,248.037,252.043,254.914,256.622,257.226,256.914,256.023,254.998,254.27,254.087,254.428,255.084,255.842,256.605,257.386,258.223,259.132,260.115,261.168,262.29,263.474,264.714,265.999,267.314,268.643,269.965,271.258,272.498,273.664,274.741,275.726,276.635,277.515,278.46,279.636,281.311
3480.0,92.344,107.872,122.503,136.321,149.389,161.752,173.446,184.492,194.903,204.676,213.797,222.236,229.945,236.86,242.9,247.974,251.99,254.872,256.592,257.207,256.906,256.022,255.002,254.275,254.09,254.429,255.084,255.842,256.605,257.386,258.223,259.132,260.115,261.168,262.29,263.474,264.714,265.999,267.314,268.643,269.965,271.258,272.498,273.664,274.741,275.726,276.635,277.515,278.46,279.636,281.311
3540.0,92.323,107.838,122.457,136.265,149.324,161.68,173.368,184.41,194.818,204.59,213.711,222.151,229.864,236.783,242.83,247.912,251.937,254.83,256.562,257.189,256.898,256.022,255.006,254.279,254.093,254.43,255.084,255.841,256.605,257.386,258.223,259.132,260.115,261.168,262.29,263.474,264.714,265.999,267.314,268.643,269.965,271.258,272.498,273.664,274.741,275.726,276.635,277.515,278.46,279.636,281.311
3600.0,92.302,107.804,122.411,136.209,149.259,161.608,173.291,184.328,194.733,204.504,213.625,222.067,229.782,236.706,242.759,247.85,251.885,254.788,256.532,257.17,256.889,256.022,255.01,254.284,254.096,254.431,255.084,255.841,256.605,257.386,258.223,259.132,260.115,261.168,262.289,263.474,264.714,265.998,267.314,268.643,269.965,271.258,272.498,273.664,274.741,275.726,276.635,277.515,278.46,279.636,281.311
3660.0,92.281,107.77,122.366,136.153,149.195,161.537,173.213,184.247,194.649,204.418,213.54,221.983,229.701,236.63,242.689,247.788,251.832,254.747,256.501,257.152,256.881,256.021,255.014,254.288,254.099,254.433,255.085,255.841,256.605,257.386,258.223,259.132,260.115,261.168,262.289,263.474,264.714,265.998,267.314,268.643,269.965,271.258,272.498,273.664,274.741,275.726,276.635,277.515,278.46,279.636,281.311
3720.0,92.26,107.736,122.32,136.097,149.13,161.465,173.136,184.165,194.565,204.332,213.454,221.899,229.62,236.554,242.619,247.725,251.779,254.705,256.471,257.133,256.873,256.021,255.017,254.293,254.102,254.434,255.085,255.841,256.605,257.386,258.222,259.132,260.115,261.168,262.289,263.474,264.714,265.998,267.314,268.643,269.965,271.258,272.498,273.664,274.741,275.726,276.635,277.515,278.46,279.636,281.311
3780.0,92.239,107.702,122.275,136.042,149.066,161.394,173.059,184.084,194.481,204.247,213.369,221.815,229.54,236.478,242.549,247.663,251.727,254.663,256.441,257.115,256.865,256.02,255.021,254.297,254.105,254.435,255.085,255.841,256.604,257.386,258.222,259.132,260.115,261.168,262.289,263.474,264.714,265.998,267.314,268.643,269.965,271.258,272.498,273.664,274.741,275.726,276.634,277.515,278.46,279.636,281.311
3840.0,92.219,107.669,122.229,135.986,149.002,161.323,172.982,184.003,194.397,204.162,213.284,221.732,229.459,236.402,242.48,247.602,251.674,254.621,256.411,257.096,256.856,256.02,255.025,254.302,254.108,254.436,255.085,255.84,256.604,257.386,258.222,259.132,260.114,261.168,262.289,263.474,264.714,265.998,267.314,268.643,269.965,271.258,272.498,273.664,274.741,275.726,276.634,277.515,278.46,279.636,281.311
3900.0,92.198,107.635,122.184,135.931,148.938,161.252,172.906,183.922,194.313,204.077,213.199,221.648,229.379,236.326,242.41,247.54,251.622,254.58,256.381,257.077,256.848,256.019,255.028,254.306,254.111,254.438,255.085,255.84,256.604,257.386,258.222,259.132,260.114,261.168,262.289,263.474,264.714,265.998,267.314,268.643,269.965,271.258,272.498,273.664,274.741,275.726,276.634,277.515,278.46,279.636,281.311
3960.0,92.178,107.602,122.139,135.876,148.874,161.181,172.829,183.842,194.23,203.992,213.114,221.565,229.298,236.25,242.34,247.478,251.569,254.538,256.351,257.059,256.84,256.018,255.032,254.311,254.114,254.439,255.085,255.84,256.604,257.386,258.222,259.132,260.114,261.168,262.289,263.474,264.714,265.998,267.314,268.643,269.965,271.258,272.498,273.664,274.741,275.726,276.634,277.515,278.46,279.636,281.311
4020.0,92.157,107.568,122.094,135.821,148.811,161.11,172.753,183.761,194.147,203.908,213.029,221.482,229.218,236.174,242.271,247.416,251.517,254.496,256.32,257.04,256.831,256.018,255.035,254.315,254.118,254.44,255.085,255.84,256.604,257.386,258.222,259.132,260.114,261.168,262.289,263.474,264.714,265.998,267.314,268.643,269.965,271.258,272.498,273.664,274.741,275.726,276.634,277.515,278.46,279.636,281.311
4080.0,92.136,107.535,122.049,135.766,148.748,161.04,172.677,183.681,194.064,203.823,212.945,221.399,229.138,236.099,242.201,247.354,251.465,254.454,256.29,257.021,256.823,256.017,255.039,254.319,254.121,254.441,255.085,255.839,256.604,257.385,258.222,259.132,260.114,261.168,262.289,263.474,264.713,265.998,267.314,268.643,269.965,271.258,272.498,273.664,274.741,275.726,276.634,277.515,278.46,279.636,281.311
4140.0,92.116,107.501,122.004,135.711,148.684,160.97,172.601,183.601,193.981,203.739,212.861,221.316,229.058,236.023,242.132,247.293,251.412,254.413,256.26,257.002,256.814,256.016,255.042,254.324,254.124,254.443,255.085,255.839,256.603,257.385,258.222,259.132,260.114,261.168,262.289,263.474,264.713,265.998,267.314,268.643,269.965,271.258,272.498,273.664,274.741,275.726,276.634,277.515,278.46,279.636,281.311
4200.0,92.096,107.468,121.96,135.657,148.621,160.9,172.525,183.521,193.898,203.655,212.777,221.233,228.978,235.948,242.063,247.231,251.36,254.371,256.229,256.983,256.805,256.015,255.046,254.328,254.127,254.444,255.085,255.839,256.603,257.385,258.222,259.132,260.114,261.168,262.289,263.473,264.713,265.998,267.314,268.643,269.965,271.258,272.498,273.664,274.741,275.726,276.634,277.515,278.46,279.636,281.311
4260.0,92.075,107.435,121.915,135.602,148.558,160.83,172.45,183.442,193.816,203.571,212.693,221.151,228.899,235.873,241.994,247.17,251.308,254.329,256.199,256.964,256.797,256.014,255.049,254.333,254.13,254.445,255.086,255.839,256.603,257.385,258.222,259.131,260.114,261.168,262.289,263.473,264.713,265.998,267.314,268.643,269.965,271.258,272.498,273.664,274.741,275.726,276.634,277.515,278.46,279.637,281.311
4320.0,92.055,107.402,121.871,135.548,148.496,160.76,172.375,183.362,193.733,203.487,212.609,221.069,228.819,235.798,241.925,247.109,251.256,254.288,256.169,256.945,256.788,256.013,255.053,254.337,254.133,254.446,255.086,255.838,256.603,257.385,258.222,259.131,260.114,261.168,262.289,263.473,264.713,265.998,267.314,268.643,269.965,271.258,272.498,273.664,274.741,275.726,276.634,277.515,278.46,279.637,281.311
4380.0,92.035,107.369,121.827,135.494,148.433,160.69,172.3,183.283,193.651,203.404,212.525,220.986,228.74,235.723,241.856,247.047,251.204,254.246,256.138,256.926,256.779,256.012,255.056,254.341,254.136,254.448,255.086,255.838,256.603,257.385,258.222,259.131,260.114,261.168,262.289,263.473,264.713,265.998,267.314,268.643,269.965,271.258,272.498,273.664,274.741,275.726,276.634,277.515,278.46,279.637,281.311
4440.0,92.014,107.336,121.783,135.44,148.371,160.621,172.225,183.204,193.569,203.32,212.442,220.904,228.661,235.648,241.787,246.986,251.151,254.204,256.108,256.907,256.77,256.011,255.059,254.345,254.139,254.449,255.086,255.838,256.603,257.385,258.222,259.131,260.114,261.168,262.289,263.473,264.713,265.998,267.314,268.643,269.965,271.258,272.498,273.664,274.741,275.726,276.634,277.515,278.46,279.637,281.311
4500.0,91.994,107.303,121.739,135.386,148.308,160.552,172.15,183.125,193.488,203.237,212.359,220.823,228.582,235.574,241.718,246.925,251.099,254.163,256.078,256.888,256.761,256.01,255.063,254.35,254.142,254.45,255.086,255.838,256.602,257.385,258.222,259.131,260.114,261.168,262.289,263.473,264.713,265.998,267.314,268.643,269.965,271.258,272.498,273.664,274.741,275.726,276.634,277.515,278.46,279.637,281.311
4560.0,91.974,107.271,121.695,135.332,148.246,160.483,172.075,183.046,193.406,203.154,212.276,220.741,228.503,235.499,241.65,246.864,251.047,254.121,256.047,256.869,256.752,256.009,255.066,254.354,254.145,254.452,255.086,255.838,256.602,257.385,258.222,259.131,260.114,261.167,262.289,263.473,264.713,265.998,267.314,268.643,269.965,271.258,272.498,273.664,274.741,275.726,276.634,277.515,278.46,279.637,281.311
4620.0,91.954,107.238,121.651,135.279,148.184,160.414,172.001,182.967,193.325,203.072,212.193,220.659,228.424,235.425,241.581,246.803,250.995,254.079,256.017,256.85,256.743,256.007,255.069,254.358,254.148,254.453,255.086,255.837,256.602,257.385,258.222,259.131,260.114,261.167,262.289,263.473,264.713,265.998,267.314,268.643,269.965,271.258,272.498,273.664,274.741,275.726,276.634,277.515,278.46,279.637,281.311
4680.0,91.934,107.205,121.607,135.225,148.123,160.345,171.927,182.889,193.244,202.989,212.11,220.578,228.346,235.351,241.513,246.742,250.943,254.038,255.986,256.831,256.734,256.006,255.072,254.362,254.151,254.454,255.087,255.837,256.602,257.385,258.222,259.131,260.114,261.167,262.289,263.473,264.713,265.998,267.314,268.643,269.965,271.258,272.498,273.664,274.741,275.726,276.634,277.515,278.46,279.637,281.311
4740.0,91.914,107.173,121.563,135.172,148.061,160.277,171.853,182.811,193.163,202.907,212.028,220.497,228.267,235.276,241.445,246.681,250.891,253.996,255.956,256.811,256.725,256.005,255.075,254.367,254.154,254.455,255.087,255.837,256.602,257.385,258.222,259.131,260.114,261.167,262.289,263.473,264.713,265.998,267.314,268.643,269.965,271.258,272.498,273.664,274.741,275.726,276.634,277.515,278.46,279.637,281.311
4800.0,91.894,107.141,121.52,135.119,148.0,160.208,171.779,182.733,193.082,202.824,211.946,220.416,228.189,235.202,241.376,246.62,250.84,253.954,255.925,256.792,256.716,256.003,255.078,254.371,254.157,254.457,255.087,255.837,256.602,257.385,258.222,259.131,260.114,261.167,262.289,263.473,264.713,265.998,267.313,268.643,269.965,271.258,272.498,273.664,274.741,275.726,276.634,277.515,278.46,279.637,281.311
4860.0,91.874,107.108,121.477,135.066,147.938,160.14,171.705,182.655,193.001,202.742,211.863,220.335,228.111,235.128,241.308,246.559,250.788,253.913,255.895,256.773,256.707,256.002,255.081,254.375,254.16,254.458,255.087,255.837,256.601,257.385,258.222,259.131,260.114,261.167,262.289,263.473,264.713,265.998,267.313,268.643,269.965,271.258,272.498,273.664,274.741,275.726,276.634,277.515,278.46,279.637,281.311
4920.0,91.854,107.076,121.433,135.013,147.877,160.072,171.632,182.577,192.921,202.66,211.781,220.254,228.033,235.055,241.24,246.499,250.736,253.871,255.864,256.753,256.697,256.0,255.084,254.379,254.163,254.459,255.087,255.836,256.601,257.384,258.222,259.131,260.114,261.167,262.289,263.473,264.713,265.998,267.313,268.643,269.965,271.258,272.498,273.664,274.741,275.726,276.634,277.515,278.46,279.637,281.311
4980.0,91.835,107.044,121.39,134.96,147.816,160.004,171.558,182.5,192.841,202.579,211.7,220.174,227.955,234.981,241.172,246.438,250.684,253.83,255.834,256.734,256.688,255.999,255.087,254.383,254.166,254.461,255.087,255.836,256.601,257.384,258.222,259.131,260.114,261.167,262.289,263.473,264.713,265.998,267.313,268.643,269.965,271.258,272.498,273.664,274.741,275.726,276.634,277.515,278.461,279.637,281.311
5040.0,91.815,107.012,121.347,134.908,147.755,159.937,171.485,182.423,192.76,202.497,211.618,220.093,227.877,234.907,241.105,246.378,250.633,253.788,255.803,256.714,256.679,255.997,255.09,254.387,254.169,254.462,255.087,255.836,256.601,257.384,258.222,259.131,260.114,261.167,262.289,263.473,264.713,265.998,267.313,268.643,269.965,271.258,272.498,273.664,274.741,275.726,276.634,277.515,278.461,279.637,281.311
5100.0,91.795,106.98,121.304,134.855,147.695,159.869,171.412,182.346,192.681,202.416,211.536,220.013,227.8,234.834,241.037,246.317,250.581,253.746,255.772,256.695,256.669,255.996,255.093,254.392,254.172,254.463,255.088,255.836,256.601,257.384,258.222,259.131,260.114,261.167,262.289,263.473,264.713,265.998,267.313,268.643,269.965,271.258,272.498,273.664,274.741,275.726,276.634,277.515,278.461,279.637,281.311
5160.0,91.776,106.948,121.261,134.803,147.634,159.802,171.339,182.269,192.601,202.334,211.455,219.933,227.722,234.761,240.969,246.257,250.529,253.705,255.742,256.675,256.66,255.994,255.096,254.396,254.176,254.465,255.088,255.835,256.601,257.384,258.222,259.131,260.114,261.167,262.288,263.473,264.713,265.998,267.313,268.642,269.965,271.258,272.498,273.664,274.741,275.726,276.634,277.515,278.461,279.637,281.311
5220.0,91.756,106.916,121.219,134.75,147.574,159.735,171.267,182.192,192.521,202.253,211.374,219.853,227.645,234.688,240.902,246.197,250.478,253.663,255.711,256.656,256.65,255.992,255.099,254.4,254.179,254.466,255.088,255.835,256.6,257.384,258.221,259.131,260.114,261.167,262.288,263.473,264.713,265.998,267.313,268.642,269.965,271.258,272.498,273.664,274.741,275.726,276.634,277.515,278.461,279.637,281.311
5280.0,91.736,106.884,121.176,134.698,147.513,159.668,171.194,182.115,192.442,202.173,211.293,219.773,227.568,234.614,240.834,246.136,250.426,253.622,255.68,256.636,256.64,255.99,255.102,254.404,254.182,254.467,255.088,255.835,256.6,257.384,258.221,259.131,260.114,261.167,262.288,263.473,264.713,265.998,267.313,268.642,269.965,271.258,272.498,273.664,274.741,275.726,276.634,277.515,278.461,279.637,281.311
5340.0,91.717,106.853,121.134,134.646,147.453,159.601,171.122,182.039,192.363,202.092,211.212,219.694,227.491,234.542,240.767,246.076,250.375,253.58,255.65,256.616,256.631,255.989,255.104,254.408,254.185,254.469,255.088,255.835,256.6,257.384,258.221,259.131,260.113,261.167,262.288,263.473,264.713,265.998,267.313,268.642,269.965,271.258,272.498,273.664,274.741,275.726,276.634,277.515,278.461,279.637,281.311
5400.0,91.697,106.821,121.091,134.594,147.393,159.534,171.05,181.963,192.284,202.011,211.131,219.614,227.414,234.469,240.7,246.016,250.323,253.539,255.619,256.597,256.621,255.987,255.107,254.412,254.188,254.47,255.088,255.835,256.6,257.384,258.221,259.131,260.113,261.167,262.288,263.473,264.713,265.998,267.313,268.642,269.965,271.257,272.498,273.664,274.741,275.726,276.634,277.515,278.461,279.637,281.311
5460.0,91.678,106.789,121.049,134.543,147.334,159.468,170.978,181.887,192.205,201.931,211.051,219.535,227.337,234.396,240.632,245.956,250.272,253.497,255.588,256.577,256.611,255.985,255.11,254.416,254.191,254.471,255.089,255.834,256.6,257.384,258.221,259.131,260.113,261.167,262.288,263.473,264.713,265.998,267.313,268.642,269.965,271.257,272.498,273.664,274.741,275.726,276.634,277.515,278.461,279.637,281.311
5520.0,91.658,106.758,121.007,134.491,147.274,159.401,170.906,181.811,192.126,201.851,210.971,219.456,227.261,234.323,240.565,245.896,250.22,253.456,255.558,256.557,256.602,255.983,255.112,254.42,254.194,254.473,255.089,255.834,256.6,257.384,258.221,259.131,260.113,261.167,262.288,263.473,264.713,265.997,267.313,268.642,269.965,271.257,272.498,273.664,274.741,275.726,276.634,277.515,278.461,279.637,281.311
5580.0,91.639,106.727,120.965,134.44,147.214,159.335,170.835,181.735,192.048,201.771,210.89,219.377,227.184,234.251,240.498,245.836,250.169,253.414,255.527,256.537,256.592,255.981,255.115,254.424,254.197,254.474,255.089,255.834,256.599,257.384,258.221,259.131,260.113,261.167,262.288,263.473,264.713,265.997,267.313,268.642,269.965,271.257,272.498,273.664,274.741,275.726,276.634,277.515,278.461,279.637,281.311
5640.0,91.62,106.695,120.923,134.388,147.155,159.269,170.763,181.66,191.969,201.691,210.81,219.298,227.108,234.179,240.432,245.776,250.118,253.373,255.496,256.517,256.582,255.979,255.118,254.428,254.2,254.475,255.089,255.834,256.599,257.384,258.221,259.131,260.113,261.167,262.288,263.473,264.713,265.997,267.313,268.642,269.965,271.257,272.498,273.664,274.741,275.726,276.634,277.514,278.461,279.637,281.311
5700.0,91.6,106.664,120.881,134.337,147.096,159.203,170.692,181.584,191.891,201.611,210.73,219.219,227.032,234.106,240.365,245.717,250.066,253.331,255.465,256.497,256.572,255.976,255.12,254.432,254.203,254.477,255.089,255.834,256.599,257.384,258.221,259.131,260.113,261.167,262.288,263.473,264.713,265.997,267.313,268.642,269.965,271.257,272.498,273.664,274.741,275.726,276.634,277.514,278.461,279.637,281.311
5760.0,91.581,106.633,120.839,134.286,147.037,159.137,170.621,181.509,191.813,201.532,210.651,219.14,226.956,234.034,240.298,245.657,250.015,253.29,255.435,256.477,256.562,255.974,255.123,254.436,254.206,254.478,255.09,255.833,256.599,257.383,258.221,259.131,260.113,261.167,262.288,263.473,264.713,265.997,267.313,268.642,269.965,271.257,272.497,273.664,274.741,275.726,276.634,277.514,278.461,279.637,281.311
5820.0,91.562,106.602,120.797,134.235,146.978,159.072,170.55,181.434,191.735,201.453,210.571,219.062,226.88,233.962,240.232,245.597,249.964,253.248,255.404,256.457,256.552,255.972,255.125,254.439,254.209,254.479,255.09,255.833,256.599,257.383,258.221,259.13,260.113,261.167,262.288,263.473,264.712,265.997,267.313,268.642,269.965,271.257,272.497,273.664,274.741,275.726,276.634,277.514,278.461,279.637,281.311
5880.0,91.543,106.571,120.756,134.184,146.919,159.006,170.479,181.359,191.658,201.374,210.492,218.984,226.804,233.89,240.165,245.538,249.913,253.207,255.373,256.437,256.542,255.97,255.128,254.443,254.212,254.481,255.09,255.833,256.599,257.383,258.221,259.13,260.113,261.167,262.288,263.472,264.712,265.997,267.313,268.642,269.964,271.257,272.497,273.664,274.741,275.726,276.634,277.514,278.461,279.637,281.311
5940.0,91.524,106.54,120.714,134.134,146.86,158.941,170.408,181.285,191.58,201.295,210.413,218.906,226.728,233.819,240.099,245.478,249.862,253.166,255.342,256.417,256.532,255.967,255.13,254.447,254.215,254.482,255.09,255.833,256.598,257.383,258.221,259.13,260.113,261.167,262.288,263.472,264.712,265.997,267.313,268.642,269.964,271.257,272.497,273.664,274.741,275.726,276.634,277.514,278.461,279.637,281.311
6000.0,91.505,106.509,120.673,134.083,146.802,158.876,170.338,181.21,191.503,201.216,210.334,218.828,226.653,233.747,240.032,245.419,249.811,253.124,255.311,256.397,256.521,255.965,255.132,254.451,254.218,254.483,255.09,255.833,256.598,257.383,258.221,259.13,260.113,261.167,262.288,263.472,264.712,265.997,267.313,268.642,269.964,271.257,272.497,273.664,274.741,275.726,276.634,277.514,278.461,279.637,281.311
6060.0,91.486,106.478,120.632,134.033,146.744,158.811,170.268,181.136,191.426,201.137,210.255,218.75,226.577,233.675,239.966,245.359,249.76,253.083,255.281,256.377,256.511,255.963,255.135,254.455,254.221,254.485,255.091,255.833,256.598,257.383,258.221,259.13,260.113,261.167,262.288,263.472,264.712,265.997,267.313,268.642,269.964,271.257,272.497,273.664,274.741,275.726,276.634,277.514,278.461,279.637,281.311
6120.0,91.467,106.448,120.591,133.982,146.685,158.746,170.197,181.062,191.349,201.059,210.176,218.672,226.502,233.604,239.9,245.3,249.709,253.041,255.25,256.357,256.501,255.96,255.137,254.459,254.224,254.486,255.091,255.832,256.598,257.383,258.221,259.13,260.113,261.166,262.288,263.472,264.712,265.997,267.313,268.642,269.964,271.257,272.497,273.664,274.741,275.726,276.634,277.514,278.461,279.637,281.311
6180.0,91.448,106.417,120.55,133.932,146.627,158.681,170.128,180.988,191.272,200.98,210.097,218.594,226.427,233.533,239.834,245.241,249.658,253.0,255.219,256.337,256.491,255.958,255.139,254.462,254.227,254.488,255.091,255.832,256.598,257.383,258.221,259.13,260.113,261.166,262.288,263.472,264.712,265.997,267.313,268.642,269.964,271.257,272.497,273.664,274.741,275.726,276.634,277.514,278.461,279.637,281.311
6240.0,91.429,106.387,120.509,133.882,146.569,158.617,170.058,180.914,191.196,200.902,210.019,218.517,226.352,233.461,239.768,245.182,249.607,252.959,255.188,256.317,256.48,255.955,255.141,254.466,254.229,254.489,255.091,255.832,256.598,257.383,258.221,259.13,260.113,261.166,262.288,263.472,264.712,265.997,267.313,268.642,269.964,271.257,272.497,273.664,274.741,275.726,276.634,277.514,278.461,279.637,281.311
6300.0,91.41,106.356,120.468,133.832,146.512,158.553,169.988,180.84,191.119,200.824,209.941,218.44,226.277,233.39,239.702,245.123,249.556,252.917,255.157,256.296,256.47,255.953,255.144,254.47,254.232,254.49,255.092,255.832,256.597,257.383,258.221,259.13,260.113,261.166,262.288,263.472,264.712,265.997,267.313,268.642,269.964,271.257,272.497,273.664,274.741,275.726,276.634,277.514,278.461,279.637,281.311
6360.0,91.391,106.326,120.427,133.782,146.454,158.488,169.919,180.767,191.043,200.746,209.862,218.363,226.202,233.319,239.637,245.064,249.505,252.876,255.126,256.276,256.459,255.95,255.146,254.474,254.235,254.492,255.092,255.832,256.597,257.383,258.221,259.13,260.113,261.166,262.288,263.472,264.712,265.997,267.313,268.642,269.964,271.257,272.497,273.664,274.741,275.726,276.634,277.514,278.461,279.637,281.311
6420.0,91.373,106.295,120.386,133.733,146.396,158.424,169.849,180.693,190.967,200.669,209.784,218.286,226.127,233.248,239.571,245.005,249.455,252.835,255.095,256.256,256.449,255.947,255.148,254.477,254.238,254.493,255.092,255.831,256.597,257.383,258.221,259.13,260.113,261.166,262.288,263.472,264.712,265.997,267.313,268.642,269.964,271.257,272.497,273.664,274.741,275.726,276.634,277.514,278.461,279.637,281.311
6480.0,91.354,106.265,120.346,133.683,146.339,158.36,169.78,180.62,190.891,200.591,209.707,218.209,226.053,233.178,239.505,244.946,249.404,252.794,255.064,256.235,256.438,255.944,255.15,254.481,254.241,254.495,255.092,255.831,256.597,257.383,258.221,259.13,260.113,261.166,262.288,263.472,264.712,265.997,267.313,268.642,269.964,271.257,272.497,273.664,274.741,275.726,276.634,277.514,278.461,279.637,281.311
6540.0,91.335,106.235,120.305,133.633,146.282,158.297,169.711,180.547,190.815,200.514,209.629,218.132,225.979,233.107,239.44,244.887,249.353,252.752,255.033,256.215,256.428,255.942,255.152,254.485,254.244,254.496,255.093,255.831,256.597,257.382,258.221,259.13,260.113,261.166,262.288,263.472,264.712,265.997,267.313,268.642,269.964,271.257,272.497,273.664,274.741,275.726,276.634,277.514,278.461,279.637,281.311
6600.0,91.316,106.205,120.265,133.584,146.225,158.233,169.642,180.474,190.739,200.436,209.551,218.056,225.904,233.036,239.375,244.828,249.303,252.711,255.002,256.195,256.417,255.939,255.154,254.488,254.247,254.497,255.093,255.831,256.597,257.382,258.221,259.13,260.113,261.166,262.288,263.472,264.712,265.997,267.313,268.642,269.964,271.257,272.497,273.664,274.741,275.726,276.634,277.514,278.461,279.637,281.311
6660.0,91.298,106.175,120.225,133.535,146.168,158.17,169.574,180.401,190.664,200.359,209.474,217.979,225.83,232.966,239.309,244.77,249.252,252.67,254.971,256.174,256.406,255.936,255.156,254.492,254.25,254.499,255.093,255.831,256.597,257.382,258.22,259.13,260.113,261.166,262.288,263.472,264.712,265.997,267.313,268.642,269.964,271.257,272.497,273.664,274.741,275.726,276.634,277.514,278.461,279.637,281.311
6720.0,91.279,106.145,120.185,133.486,146.111,158.106,169.505,180.329,190.588,200.283,209.397,217.903,225.756,232.896,239.244,244.711,249.201,252.629,254.94,256.154,256.395,255.933,255.158,254.496,254.253,254.5,255.093,255.831,256.596,257.382,258.22,259.13,260.113,261.166,262.288,263.472,264.712,265.997,267.313,268.642,269.964,271.257,272.497,273.664,274.741,275.726,276.634,277.514,278.461,279.637,281.311
6780.0,91.261,106.115,120.145,133.437,146.054,158.043,169.437,180.257,190.513,200.206,209.32,217.827,225.682,232.826,239.179,244.653,249.151,252.587,254.909,256.133,256.385,255.93,255.16,254.499,254.256,254.502,255.093,255.83,256.596,257.382,258.22,259.13,260.112,261.166,262.287,263.472,264.712,265.997,267.313,268.642,269.964,271.257,272.497,273.663,274.741,275.726,276.634,277.514,278.461,279.637,281.311
6840.0,91.242,106.085,120.105,133.388,145.998,157.98,169.369,180.184,190.438,200.129,209.243,217.751,225.609,232.755,239.114,244.594,249.1,252.546,254.878,256.113,256.374,255.927,255.162,254.503,254.259,254.503,255.094,255.83,256.596,257.382,258.22,259.13,260.112,261.166,262.287,263.472,264.712,265.997,267.313,268.642,269.964,271.257,272.497,273.663,274.741,275.726,276.634,277.514,278.461,279.637,281.311
6900.0,91.224,106.055,120.065,133.339,145.941,157.917,169.3,180.112,190.363,200.053,209.166,217.675,225.535,232.686,239.049,244.536,249.05,252.505,254.847,256.092,256.363,255.924,255.164,254.506,254.262,254.504,255.094,255.83,256.596,257.382,258.22,259.13,260.112,261.166,262.287,263.472,264.712,265.997,267.312,268.642,269.964,271.257,272.497,273.663,274.741,275.726,276.634,277.514,278.461,279.637,281.311
6960.0,91.205,106.026,120.025,133.29,145.885,157.855,169.233,180.04,190.289,199.977,209.09,217.599,225.462,232.616,238.984,244.477,249.0,252.464,254.816,256.071,256.352,255.921,255.165,254.51,254.265,254.506,255.094,255.83,256.596,257.382,258.22,259.13,260.112,261.166,262.287,263.472,264.712,265.997,267.312,268.642,269.964,271.257,272.497,273.663,274.741,275.726,276.634,277.514,278.461,279.637,281.311
7020.0,91.187,105.996,119.985,133.242,145.829,157.792,169.165,179.969,190.214,199.9,209.013,217.524,225.388,232.546,238.92,244.419,248.949,252.423,254.785,256.051,256.341,255.918,255.167,254.513,254.268,254.507,255.095,255.83,256.596,257.382,258.22,259.13,260.112,261.166,262.287,263.472,264.712,265.997,267.312,268.642,269.964,271.257,272.497,273.663,274.741,275.726,276.634,277.514,278.461,279.637,281.311
7080.0,91.169,105.967,119.946,133.194,145.773,157.73,169.097,179.897,190.14,199.824,208.937,217.448,225.315,232.476,238.855,244.361,248.899,252.382,254.754,256.03,256.33,255.914,255.169,254.517,254.271,254.509,255.095,255.83,256.595,257.382,258.22,259.13,260.112,261.166,262.287,263.472,264.712,265.997,267.312,268.642,269.964,271.257,272.497,273.663,274.741,275.726,276.634,277.514,278.461,279.637,281.311
7140.0,91.15,105.937,119.906,133.145,145.717,157.667,169.03,179.826,190.066,199.749,208.861,217.373,225.242,232.407,238.79,244.303,248.849,252.34,254.723,256.009,256.319,255.911,255.171,254.52,254.273,254.51,255.095,255.829,256.595,257.382,258.22,259.13,260.112,261.166,262.287,263.472,264.712,265.997,267.312,268.642,269.964,271.257,272.497,273.663,274.741,275.725,276.634,277.514,278.461,279.637,281.311
7200.0,91.132,105.908,119.867,133.097,145.661,157.605,168.962,179.754,189.992,199.673,208.785,217.298,225.169,232.337,238.726,244.245,248.798,252.299,254.692,255.988,256.308,255.908,255.172,254.524,254.276,254.511,255.095,255.829,256.595,257.382,258.22,259.13,260.112,261.166,262.287,263.472,264.712,265.997,267.312,268.642,269.964,271.257,272.497,273.663,274.741,275.725,276.634,277.514,278.461,279.637,281.311
7260.0,91.114,105.878,119.828,133.049,145.605,157.543,168.895,179.683,189.918,199.598,208.709,217.223,225.096,232.268,238.661,244.187,248.748,252.258,254.661,255.968,256.297,255.905,255.174,254.527,254.279,254.513,255.096,255.829,256.595,257.382,258.22,259.13,260.112,261.166,262.287,263.472,264.712,265.997,267.312,268.642,269.964,271.257,272.497,273.663,274.741,275.725,276.634,277.514,278.461,279.637,281.311
7320.0,91.096,105.849,119.788,133.001,145.55,157.481,168.828,179.612,189.844,199.522,208.633,217.148,225.024,232.199,238.597,244.129,248.698,252.217,254.63,255.947,256.286,255.901,255.175,254.531,254.282,254.514,255.096,255.829,256.595,257.381,258.22,259.129,260.112,261.166,262.287,263.472,264.712,265.997,267.312,268.642,269.964,271.257,272.497,273.663,274.741,275.725,276.634,277.514,278.461,279.637,281.311
7380.0,91.078,105.82,119.749,132.953,145.495,157.42,168.761,179.541,189.77,199.447,208.557,217.073,224.951,232.13,238.533,244.071,248.648,252.176,254.599,255.926,256.274,255.898,255.177,254.534,254.285,254.516,255.096,255.829,256.595,257.381,258.22,259.129,260.112,261.166,262.287,263.472,264.712,265.996,267.312,268.642,269.964,271.257,272.497,273.663,274.741,275.725,276.634,277.514,278.461,279.637,281.311
7440.0,91.06,105.791,119.71,132.905,145.439,157.358,168.695,179.471,189.697,199.372,208.482,216.999,224.878,232.061,238.469,244.013,248.598,252.135,254.568,255.905,256.263,255.894,255.179,254.538,254.288,254.517,255.096,255.829,256.594,257.381,258.22,259.129,260.112,261.166,262.287,263.472,264.712,265.996,267.312,268.641,269.964,271.257,272.497,273.663,274.741,275.725,276.634,277.514,278.461,279.637,281.311
7500.0,91.042,105.762,119.671,132.858,145.384,157.297,168.628,179.4,189.624,199.297,208.407,216.924,224.806,231.992,238.405,243.956,248.548,252.094,254.537,255.884,256.252,255.891,255.18,254.541,254.291,254.519,255.097,255.828,256.594,257.381,258.22,259.129,260.112,261.166,262.287,263.472,264.712,265.996,267.312,268.641,269.964,271.257,272.497,273.663,274.741,275.725,276.634,277.514,278.461,279.637,281.311
7560.0,91.024,105.733,119.632,132.81,145.329,157.235,168.562,179.33,189.551,199.222,208.332,216.85,224.734,231.923,238.341,243.898,248.498,252.053,254.505,255.863,256.24,255.887,255.182,254.544,254.294,254.52,255.097,255.828,256.594,257.381,258.22,259.129,260.112,261.166,262.287,263.471,264.712,265.996,267.312,268.641,269.964,271.257,272.497,273.663,274.741,275.725,276.634,277.514,278.461,279.637,281.311
7620.0,91.006,105.704,119.594,132.763,145.274,157.174,168.496,179.26,189.478,199.148,208.257,216.776,224.662,231.854,238.277,243.84,248.448,252.012,254.474,255.842,256.229,255.884,255.183,254.548,254.297,254.521,255.097,255.828,256.594,257.381,258.22,259.129,260.112,261.165,262.287,263.471,264.711,265.996,267.312,268.641,269.964,271.257,272.497,273.663,274.741,275.725,276.634,277.514,278.461,279.637,281.311
7680.0,90.988,105.675,119.555,132.716,145.22,157.113,168.429,179.19,189.405,199.073,208.182,216.702,224.59,231.786,238.213,243.783,248.398,251.971,254.443,255.821,256.218,255.88,255.184,254.551,254.299,254.523,255.098,255.828,256.594,257.381,258.22,259.129,260.112,261.165,262.287,263.471,264.711,265.996,267.312,268.641,269.964,271.257,272.497,273.663,274.741,275.725,276.634,277.514,278.461,279.637,281.311
7740.0,90.97,105.646,119.516,132.668,145.165,157.052,168.363,179.12,189.332,198.999,208.107,216.628,224.518,231.717,238.15,243.725,248.348,251.93,254.412,255.8,256.206,255.876,255.186,254.554,254.302,254.524,255.098,255.828,256.594,257.381,258.22,259.129,260.112,261.165,262.287,263.471,264.711,265.996,267.312,268.641,269.964,271.257,272.497,273.663,274.741,275.725,276.634,277.514,278.461,279.637,281.311
7800.0,90.952,105.617,119.478,132.621,145.111,156.992,168.298,179.05,189.26,198.925,208.033,216.554,224.446,231.649,238.086,243.668,248.299,251.889,254.381,255.779,256.195,255.873,255.187,254.558,254.305,254.526,255.098,255.828,256.593,257.381,258.22,259.129,260.112,261.165,262.287,263.471,264.711,265.996,267.312,268.641,269.964,271.257,272.497,273.663,274.741,275.725,276.634,277.514,278.461,279.637,281.311
7860.0,90.934,105.589,119.44,132.574,145.056,156.931,168.232,178.981,189.187,198.851,207.958,216.48,224.375,231.581,238.023,243.611,248.249,251.848,254.35,255.758,256.183,255.869,255.188,254.561,254.308,254.527,255.099,255.828,256.593,257.381,258.22,259.129,260.112,261.165,262.287,263.471,264.711,265.996,267.312,268.641,269.964,271.257,272.497,273.663,274.741,275.725,276.634,277.514,278.461,279.637,281.311
7920.0,90.916,105.56,119.401,132.528,145.002,156.871,168.166,178.911,189.115,198.777,207.884,216.407,224.303,231.513,237.959,243.553,248.199,251.807,254.318,255.737,256.171,255.865,255.19,254.564,254.311,254.529,255.099,255.827,256.593,257.381,258.22,259.129,260.112,261.165,262.287,263.471,264.711,265.996,267.312,268.641,269.964,271.257,272.497,273.663,274.741,275.725,276.634,277.514,278.461,279.637,281.311
7980.0,90.898,105.531,119.363,132.481,144.948,156.81,168.101,178.842,189.043,198.703,207.81,216.334,224.232,231.445,237.896,243.496,248.149,251.766,254.287,255.716,256.16,255.861,255.191,254.567,254.314,254.53,255.099,255.827,256.593,257.381,258.22,259.129,260.112,261.165,262.287,263.471,264.711,265.996,267.312,268.641,269.964,271.257,272.497,273.663,274.741,275.725,276.634,277.514,278.461,279.637,281.311
8040.0,90.881,105.503,119.325,132.434,144.894,156.75,168.036,178.773,188.971,198.63,207.736,216.26,224.161,231.377,237.833,243.439,248.1,251.725,254.256,255.695,256.148,255.857,255.192,254.571,254.316,254.532,255.099,255.827,256.593,257.381,258.22,259.129,260.112,261.165,262.287,263.471,264.711,265.996,267.312,268.641,269.964,271.257,272.497,273.663,274.741,275.725,276.634,277.514,278.461,279.637,281.311
8100.0,90.863,105.475,119.287,132.388,144.84,156.69,167.971,178.704,188.899,198.557,207.662,216.187,224.089,231.309,237.769,243.382,248.05,251.685,254.225,255.674,256.136,255.853,255.193,254.574,254.319,254.533,255.1,255.827,256.593,257.38,258.219,259.129,260.112,261.165,262.287,263.471,264.711,265.996,267.312,268.641,269.964,271.257,272.497,273.663,274.741,275.725,276.634,277.514,278.461,279.637,281.311
8160.0,90.845,105.446,119.249,132.341,144.786,156.63,167.906,178.635,188.828,198.483,207.588,216.114,224.018,231.241,237.706,243.325,248.001,251.644,254.194,255.652,256.125,255.849,255.194,254.577,254.322,254.534,255.1,255.827,256.593,257.38,258.219,259.129,260.112,261.165,262.287,263.471,264.711,265.996,267.312,268.641,269.964,271.257,272.497,273.663,274.74,275.725,276.634,277.514,278.461,279.637,281.311
8220.0,90.828,105.418,119.211,132.295,144.733,156.57,167.841,178.566,188.756,198.41,207.515,216.041,223.948,231.173,237.643,243.268,247.951,251.603,254.162,255.631,256.113,255.845,255.195,254.58,254.325,254.536,255.1,255.827,256.592,257.38,258.219,259.129,260.112,261.165,262.287,263.471,264.711,265.996,267.312,268.641,269.964,271.257,272.497,273.663,274.74,275.725,276.634,277.514,278.461,279.637,281.311
8280.0,90.81,105.39,119.173,132.249,144.679,156.511,167.776,178.498,188.685,198.337,207.441,215.969,223.877,231.106,237.58,243.211,247.902,251.562,254.131,255.61,256.101,255.841,255.196,254.583,254.328,254.537,255.101,255.827,256.592,257.38,258.219,259.129,260.111,261.165,262.287,263.471,264.711,265.996,267.312,268.641,269.964,271.256,272.497,273.663,274.74,275.725,276.634,277.514,278.461,279.637,281.311
8340.0,90.793,105.362,119.136,132.203,144.626,156.451,167.712,178.429,188.614,198.264,207.368,215.896,223.806,231.039,237.518,243.154,247.852,251.521,254.1,255.589,256.089,255.837,255.197,254.586,254.331,254.539,255.101,255.826,256.592,257.38,258.219,259.129,260.111,261.165,262.286,263.471,264.711,265.996,267.312,268.641,269.964,271.256,272.497,273.663,274.74,275.725,276.634,277.514,278.461,279.637,281.311
8400.0,90.775,105.333,119.098,132.157,144.573,156.392,167.647,178.361,188.543,198.192,207.295,215.824,223.736,230.971,237.455,243.097,247.803,251.48,254.069,255.567,256.077,255.833,255.198,254.589,254.333,254.54,255.101,255.826,256.592,257.38,258.219,259.129,260.111,261.165,262.286,263.471,264.711,265.996,267.312,268.641,269.963,271.256,272.497,273.663,274.74,275.725,276.634,277.514,278.461,279.637,281.311
8460.0,90.758,105.305,119.061,132.111,144.52,156.333,167.583,178.293,188.472,198.119,207.222,215.751,223.665,230.904,237.392,243.041,247.753,251.44,254.038,255.546,256.065,255.829,255.199,254.592,254.336,254.542,255.102,255.826,256.592,257.38,258.219,259.129,260.111,261.165,262.286,263.471,264.711,265.996,267.312,268.641,269.963,271.256,272.497,273.663,274.74,275.725,276.634,277.514,278.461,279.637,281.311
8520.0,90.74,105.277,119.023,132.065,144.467,156.274,167.519,178.225,188.401,198.047,207.149,215.679,223.595,230.837,237.33,242.984,247.704,251.399,254.006,255.525,256.053,255.825,255.2,254.596,254.339,254.543,255.102,255.826,256.592,257.38,258.219,259.129,260.111,261.165,262.286,263.471,264.711,265.996,267.312,268.641,269.963,271.256,272.497,273.663,274.74,275.725,276.634,277.514,278.461,279.637,281.311
8580.0,90.723,105.25,118.986,132.019,144.414,156.215,167.455,178.157,188.33,197.975,207.076,215.607,223.525,230.77,237.267,242.928,247.655,251.358,253.975,255.503,256.041,255.82,255.201,254.599,254.342,254.545,255.102,255.826,256.591,257.38,258.219,259.129,260.111,261.165,262.286,263.471,264.711,265.996,267.312,268.641,269.963,271.256,272.497,273.663,274.74,275.725,276.634,277.514,278.461,279.637,281.311
8640.0,90.706,105.222,118.949,131.974,144.361,156.156,167.391,178.089,188.26,197.902,207.003,215.535,223.455,230.703,237.205,242.871,247.606,251.317,253.944,255.482,256.029,255.816,255.202,254.602,254.344,254.546,255.103,255.826,256.591,257.38,258.219,259.129,260.111,261.165,262.286,263.471,264.711,265.996,267.312,268.641,269.963,271.256,272.497,273.663,274.74,275.725,276.634,277.514,278.461,279.637,281.311
8700.0,90.688,105.194,118.911,131.928,144.308,156.097,167.328,178.022,188.19,197.83,206.931,215.463,223.385,230.636,237.143,242.815,247.556,251.277,253.912,255.46,256.017,255.812,255.203,254.605,254.347,254.548,255.103,255.826,256.591,257.38,258.219,259.129,260.111,261.165,262.286,263.471,264.711,265.996,267.312,268.641,269.963,271.256,272.497,273.663,274.74,275.725,276.634,277.514,278.461,279.637,281.311
8760.0,90.671,105.166,118.874,131.883,144.256,156.038,167.264,177.954,188.119,197.759,206.859,215.391,223.315,230.57,237.08,242.758,247.507,251.236,253.881,255.439,256.005,255.807,255.204,254.608,254.35,254.549,255.103,255.826,256.591,257.38,258.219,259.129,260.111,261.165,262.286,263.471,264.711,265.996,267.312,268.641,269.963,271.256,272.497,273.663,274.74,275.725,276.634,277.514,278.461,279.637,281.311
8820.0,90.654,105.139,118.837,131.838,144.203,155.98,167.201,177.887,188.049,197.687,206.786,215.32,223.245,230.503,237.018,242.702,247.458,251.195,253.85,255.417,255.993,255.803,255.204,254.611,254.353,254.551,255.104,255.825,256.591,257.38,258.219,259.128,260.111,261.165,262.286,263.471,264.711,265.996,267.312,268.641,269.963,271.256,272.497,273.663,274.74,275.725,276.634,277.514,278.461,279.637,281.311
8880.0,90.636,105.111,118.8,131.793,144.151,155.922,167.137,177.82,187.979,197.615,206.714,215.248,223.176,230.436,236.956,242.646,247.409,251.155,253.819,255.396,255.98,255.798,255.205,254.613,254.355,254.552,255.104,255.825,256.591,257.379,258.219,259.128,260.111,261.165,262.286,263.471,264.711,265.996,267.312,268.641,269.963,271.256,272.497,273.663,274.74,275.725,276.634,277.514,278.461,279.637,281.311
8940.0,90.619,105.083,118.764,131.748,144.099,155.863,167.074,177.753,187.91,197.544,206.642,215.177,223.106,230.37,236.894,242.59,247.36,251.114,253.787,255.374,255.968,255.794,255.206,254.616,254.358,254.553,255.105,255.825,256.591,257.379,258.219,259.128,260.111,261.165,262.286,263.471,264.711,265.996,267.311,268.641,269.963,271.256,272.497,273.663,274.74,275.725,276.634,277.514,278.461,279.637,281.311
9000.0,90.602,105.056,118.727,131.703,144.047,155.805,167.011,177.686,187.84,197.473,206.57,215.106,223.037,230.304,236.832,242.534,247.311,251.073,253.756,255.353,255.956,255.789,255.206,254.619,254.361,254.555,255.105,255.825,256.59,257.379,258.219,259.128,260.111,261.165,262.286,263.471,264.711,265.996,267.311,268.641,269.963,271.256,272.497,273.663,274.74,275.725,276.634,277.514,278.461,279.637,281.311
9060.0,90.585,105.029,118.69,131.658,143.995,155.747,166.948,177.619,187.771,197.402,206.499,215.035,222.967,230.238,236.771,242.478,247.262,251.033,253.725,255.331,255.944,255.785,255.207,254.622,254.364,254.556,255.105,255.825,256.59,257.379,258.219,259.128,260.111,261.165,262.286,263.471,264.711,265.996,267.311,268.641,269.963,271.256,272.497,273.663,274.74,275.725,276.634,277.514,278.461,279.637,281.311
9120.0,90.568,105.001,118.654,131.613,143.943,155.69,166.886,177.553,187.701,197.331,206.427,214.964,222.898,230.171,236.709,242.422,247.213,250.992,253.693,255.31,255.931,255.78,255.208,254.625,254.366,254.558,255.106,255.825,256.59,257.379,258.219,259.128,260.111,261.164,262.286,263.471,264.711,265.996,267.311,268.641,269.963,271.256,272.497,273.663,274.74,275.725,276.634,277.514,278.461,279.637,281.311
9180.0,90.551,104.974,118.617,131.568,143.891,155.632,166.823,177.486,187.632,197.26,206.356,214.893,222.829,230.105,236.647,242.366,247.164,250.952,253.662,255.288,255.919,255.775,255.208,254.628,254.369,254.559,255.106,255.825,256.59,257.379,258.219,259.128,260.111,261.164,262.286,263.471,264.711,265.996,267.311,268.641,269.963,271.256,272.496,273.663,274.74,275.725,276.634,277.514,278.461,279.637,281.311
9240.0,90.534,104.947,118.581,131.524,143.84,155.574,166.761,177.42,187.563,197.189,206.285,214.822,222.76,230.04,236.586,242.31,247.116,250.911,253.631,255.266,255.906,255.771,255.209,254.631,254.372,254.561,255.106,255.825,256.59,257.379,258.219,259.128,260.111,261.164,262.286,263.47,264.711,265.996,267.311,268.641,269.963,271.256,272.496,273.663,274.74,275.725,276.634,277.514,278.461,279.637,281.311
9300.0,90.517,104.919,118.544,131.479,143.788,155.517,166.698,177.354,187.494,197.119,206.213,214.752,222.691,229.974,236.524,242.254,247.067,250.871,253.6,255.245,255.894,255.766,255.209,254.633,254.375,254.562,255.107,255.825,256.59,257.379,258.219,259.128,260.111,261.164,262.286,263.47,264.711,265.995,267.311,268.641,269.963,271.256,272.496,273.663,274.74,275.725,276.634,277.514,278.461,279.637,281.311
9360.0,90.5,104.892,118.508,131.435,143.737,155.46,166.636,177.288,187.425,197.048,206.142,214.681,222.623,229.908,236.463,242.198,247.018,250.83,253.568,255.223,255.881,255.761,255.21,254.636,254.377,254.564,255.107,255.824,256.589,257.379,258.219,259.128,260.111,261.164,262.286,263.47,264.71,265.995,267.311,268.641,269.963,271.256,272.496,273.663,274.74,275.725,276.634,277.514,278.461,279.637,281.311
9420.0,90.483,104.865,118.472,131.391,143.686,155.402,166.574,177.222,187.357,196.978,206.072,214.611,222.554,229.843,236.401,242.143,246.969,250.79,253.537,255.201,255.869,255.756,255.21,254.639,254.38,254.565,255.107,255.824,256.589,257.379,258.219,259.128,260.111,261.164,262.286,263.47,264.71,265.995,267.311,268.641,269.963,271.256,272.496,273.663,274.74,275.725,276.634,277.514,278.461,279.637,281.311
9480.0,90.466,104.838,118.436,131.347,143.634,155.345,166.512,177.156,187.288,196.908,206.001,214.541,222.486,229.777,236.34,242.087,246.921,250.749,253.506,255.179,255.856,255.751,255.21,254.642,254.383,254.567,255.108,255.824,256.589,257.379,258.218,259.128,260.111,261.164,262.286,263.47,264.71,265.995,267.311,268.641,269.963,271.256,272.496,273.663,274.74,275.725,276.634,277.514,278.461,279.637,281.311
9540.0,90.449,104.811,118.4,131.303,143.583,155.288,166.45,177.091,187.22,196.838,205.93,214.471,222.417,229.712,236.279,242.031,246.872,250.709,253.474,255.157,255.844,255.747,255.211,254.645,254.385,254.568,255.108,255.824,256.589,257.379,258.218,259.128,260.111,261.164,262.286,263.47,264.71,265.995,267.311,268.641,269.963,271.256,272.496,273.663,274.74,275.725,276.634,277.514,278.461,279.637,281.311
9600.0,90.433,104.784,118.364,131.259,143.533,155.232,166.389,177.025,187.152,196.768,205.86,214.401,222.349,229.646,236.218,241.976,246.824,250.668,253.443,255.136,255.831,255.742,255.211,254.647,254.388,254.57,255.109,255.824,256.589,257.379,258.218,259.128,260.111,261.164,262.286,263.47,264.71,265.995,267.311,268.641,269.963,271.256,272.496,273.663,274.74,275.725,276.634,277.514,278.461,279.637,281.311
9660.0,90.416,104.758,118.328,131.215,143.482,155.175,166.327,176.96,187.084,196.698,205.789,214.331,222.281,229.581,236.157,241.921,246.775,250.628,253.412,255.114,255.818,255.737,255.211,254.65,254.391,254.571,255.109,255.824,256.589,257.378,258.218,259.128,260.111,261.164,262.286,263.47,264.71,265.995,267.311,268.641,269.963,271.256,272.496,273.663,274.74,275.725,276.634,277.514,278.461,279.637,281.311
9720.0,90.399,104.731,118.292,131.171,143.431,155.118,166.266,176.895,187.016,196.628,205.719,214.261,222.213,229.516,236.096,241.865,246.727,250.588,253.38,255.092,255.805,255.732,255.212,254.653,254.393,254.573,255.109,255.824,256.589,257.378,258.218,259.128,260.111,261.164,262.286,263.47,264.71,265.995,267.311,268.64,269.963,271.256,272.496,273.663,274.74,275.725,276.634,277.514,278.461,279.637,281.311
9780.0,90.382,104.704,118.257,131.127,143.38,155.062,166.204,176.829,186.948,196.559,205.649,214.192,222.145,229.451,236.035,241.81,246.678,250.547,253.349,255.07,255.793,255.726,255.212,254.655,254.396,254.574,255.11,255.824,256.588,257.378,258.218,259.128,260.11,261.164,262.286,263.47,264.71,265.995,267.311,268.64,269.963,271.256,272.496,273.663,274.74,275.725,276.634,277.514,278.461,279.637,281.311
9840.0,90.366,104.678,118.221,131.084,143.33,155.005,166.143,176.764,186.88,196.489,205.579,214.122,222.077,229.386,235.975,241.755,246.63,250.507,253.317,255.048,255.78,255.721,255.212,254.658,254.399,254.576,255.11,255.824,256.588,257.378,258.218,259.128,260.11,261.164,262.286,263.47,264.71,265.995,267.311,268.64,269.963,271.256,272.496,273.663,274.74,275.725,276.634,277.514,278.461,279.637,281.311
9900.0,90.349,104.651,118.185,131.04,143.28,154.949,166.082,176.7,186.813,196.42,205.509,214.053,222.01,229.321,235.914,241.7,246.581,250.467,253.286,255.026,255.767,255.716,255.212,254.66,254.401,254.577,255.111,255.823,256.588,257.378,258.218,259.128,260.11,261.164,262.286,263.47,264.71,265.995,267.311,268.64,269.963,271.256,272.496,273.663,274.74,275.725,276.634,277.514,278.461,279.637,281.311
9960.0,90.333,104.624,118.15,130.997,143.229,154.893,166.021,176.635,186.745,196.351,205.439,213.984,221.942,229.257,235.853,241.644,246.533,250.426,253.255,255.004,255.754,255.711,255.212,254.663,254.404,254.579,255.111,255.823,256.588,257.378,258.218,259.128,260.11,261.164,262.285,263.47,264.71,265.995,267.311,268.64,269.963,271.256,272.496,273.663,274.74,275.725,276.634,277.514,278.461,279.637,281.311
10020.0,90.316,104.598,118.115,130.954,143.179,154.837,165.96,176.57,186.678,196.282,205.37,213.914,221.875,229.192,235.793,241.589,246.485,250.386,253.223,254.982,255.741,255.706,255.212,254.666,254.407,254.58,255.111,255.823,256.588,257.378,258.218,259.128,260.11,261.164,262.285,263.47,264.71,265.995,267.311,268.64,269.963,271.256,272.496,273.663,274.74,275.725,276.634,277.514,278.461,279.637,281.311
10080.0,90.299,104.572,118.079,130.911,143.129,154.781,165.9,176.506,186.611,196.213,205.3,213.845,221.807,229.127,235.733,241.534,246.437,250.346,253.192,254.96,255.728,255.701,255.213,254.668,254.409,254.582,255.112,255.823,256.588,257.378,258.218,259.128,260.11,261.164,262.285,263.47,264.71,265.995,267.311,268.64,269.963,271.256,272.496,273.663,274.74,275.725,276.634,277.514,278.461,279.637,281.311
10140.0,90.283,104.545,118.044,130.868,143.079,154.726,165.839,176.442,186.544,196.144,205.231,213.777,221.74,229.063,235.672,241.479,246.388,250.305,253.161,254.938,255.715,255.695,255.213,254.671,254.412,254.583,255.112,255.823,256.588,257.378,258.218,259.128,260.11,261.164,262.285,263.47,264.71,265.995,267.311,268.64,269.963,271.256,272.496,273.663,274.74,275.725,276.634,277.514,278.461,279.637,281.311
10200.0,90.266,104.519,118.009,130.825,143.029,154.67,165.779,176.378,186.477,196.076,205.162,213.708,221.673,228.999,235.612,241.425,246.34,250.265,253.129,254.916,255.702,255.69,255.213,254.673,254.414,254.585,255.113,255.823,256.587,257.378,258.218,259.128,260.11,261.164,262.285,263.47,264.71,265.995,267.311,268.64,269.963,271.256,272.496,273.663,274.74,275.725,276.634,277.514,278.461,279.637,281.311
10260.0,90.25,104.493,117.974,130.782,142.98,154.614,165.719,176.314,186.41,196.007,205.093,213.639,221.606,228.934,235.552,241.37,246.292,250.225,253.098,254.894,255.689,255.684,255.213,254.676,254.417,254.586,255.113,255.823,256.587,257.378,258.218,259.128,260.11,261.164,262.285,263.47,264.71,265.995,267.311,268.64,269.963,271.256,272.496,273.663,274.74,275.725,276.634,277.514,278.461,279.637,281.311
10320.0,90.234,104.466,117.939,130.739,142.93,154.559,165.658,176.25,186.343,195.939,205.024,213.571,221.539,228.87,235.492,241.315,246.244,250.185,253.067,254.872,255.676,255.679,255.212,254.678,254.42,254.588,255.113,255.823,256.587,257.378,258.218,259.127,260.11,261.164,262.285,263.47,264.71,265.995,267.311,268.64,269.963,271.256,272.496,273.663,274.74,275.725,276.634,277.514,278.461,279.637,281.311
10380.0,90.217,104.44,117.904,130.696,142.881,154.504,165.598,176.186,186.277,195.871,204.955,213.502,221.472,228.806,235.432,241.26,246.196,250.145,253.035,254.85,255.663,255.674,255.212,254.681,254.422,254.589,255.114,255.823,256.587,257.377,258.218,259.127,260.11,261.164,262.285,263.47,264.71,265.995,267.311,268.64,269.963,271.256,272.496,273.663,274.74,275.725,276.634,277.514,278.461,279.637,281.311
10440.0,90.201,104.414,117.869,130.654,142.831,154.449,165.538,176.122,186.211,195.803,204.886,213.434,221.405,228.742,235.372,241.206,246.148,250.104,253.004,254.828,255.65,255.668,255.212,254.683,254.425,254.591,255.114,255.823,256.587,257.377,258.218,259.127,260.11,261.164,262.285,263.47,264.71,265.995,267.311,268.64,269.963,271.256,272.496,273.663,274.74,275.725,276.634,277.514,278.461,279.637,281.311
10500.0,90.185,104.388,117.834,130.611,142.782,154.394,165.479,176.059,186.144,195.735,204.817,213.366,221.339,228.678,235.312,241.151,246.1,250.064,252.972,254.806,255.637,255.663,255.212,254.685,254.427,254.592,255.115,255.823,256.587,257.377,258.218,259.127,260.11,261.164,262.285,263.47,264.71,265.995,267.311,268.64,269.963,271.256,272.496,273.663,274.74,275.725,276.634,277.514,278.461,279.637,281.312
10560.0,90.168,104.362,117.8,130.569,142.733,154.339,165.419,175.995,186.078,195.667,204.749,213.298,221.272,228.615,235.252,241.097,246.052,250.024,252.941,254.784,255.623,255.657,255.212,254.688,254.43,254.594,255.115,255.822,256.587,257.377,258.218,259.127,260.11,261.164,262.285,263.47,264.71,265.995,267.311,268.64,269.963,271.256,272.496,273.663,274.74,275.725,276.634,277.514,278.461,279.637,281.312
10620.0,90.152,104.336,117.765,130.526,142.684,154.284,165.359,175.932,186.012,195.599,204.681,213.23,221.206,228.551,235.192,241.042,246.004,249.984,252.91,254.762,255.61,255.651,255.212,254.69,254.432,254.595,255.116,255.822,256.586,257.377,258.218,259.127,260.11,261.164,262.285,263.47,264.71,265.995,267.311,268.64,269.963,271.256,272.496,273.663,274.74,275.725,276.634,277.514,278.461,279.637,281.312
10680.0,90.136,104.31,117.73,130.484,142.635,154.229,165.3,175.869,185.946,195.532,204.612,213.162,221.139,228.487,235.133,240.988,245.956,249.944,252.878,254.739,255.597,255.646,255.211,254.693,254.435,254.597,255.116,255.822,256.586,257.377,258.218,259.127,260.11,261.163,262.285,263.47,264.71,265.995,267.311,268.64,269.963,271.256,272.496,273.663,274.74,275.725,276.634,277.514,278.461,279.637,281.312
10740.0,90.12,104.285,117.696,130.442,142.586,154.175,165.241,175.806,185.881,195.464,204.544,213.094,221.073,228.424,235.073,240.934,245.909,249.904,252.847,254.717,255.584,255.64,255.211,254.695,254.438,254.598,255.116,255.822,256.586,257.377,258.218,259.127,260.11,261.163,262.285,263.47,264.71,265.995,267.311,268.64,269.963,271.256,272.496,273.663,274.74,275.725,276.634,277.514,278.461,279.637,281.312
10800.0,90.103,104.259,117.662,130.4,142.537,154.12,165.182,175.743,185.815,195.397,204.476,213.027,221.007,228.361,235.014,240.879,245.861,249.864,252.816,254.695,255.57,255.634,255.211,254.697,254.44,254.6,255.117,255.822,256.586,257.377,258.217,259.127,260.11,261.163,262.285,263.47,264.71,265.995,267.311,268.64,269.963,271.256,272.496,273.663,274.74,275.725,276.634,277.514,278.461,279.637,281.312
10860.0,90.087,104.233,117.627,130.358,142.489,154.066,165.123,175.68,185.75,195.33,204.408,212.959,220.941,228.297,234.954,240.825,245.813,249.824,252.784,254.673,255.557,255.629,255.21,254.7,254.443,254.601,255.117,255.822,256.586,257.377,258.217,259.127,260.11,261.163,262.285,263.47,264.71,265.995,267.311,268.64,269.963,271.256,272.496,273.663,274.74,275.725,276.634,277.514,278.461,279.637,281.312
10920.0,90.071,104.208,117.593,130.316,142.44,154.012,165.064,175.618,185.684,195.263,204.341,212.892,220.875,228.234,234.895,240.771,245.766,249.784,252.753,254.65,255.543,255.623,255.21,254.702,254.445,254.603,255.118,255.822,256.586,257.377,258.217,259.127,260.11,261.163,262.285,263.469,264.71,265.995,267.311,268.64,269.963,271.256,272.496,273.663,274.74,275.725,276.634,277.514,278.461,279.637,281.312
10980.0,90.055,104.182,117.559,130.274,142.392,153.958,165.005,175.555,185.619,195.196,204.273,212.825,220.809,228.171,234.836,240.717,245.718,249.744,252.721,254.628,255.53,255.617,255.21,254.704,254.448,254.604,255.118,255.822,256.586,257.377,258.217,259.127,260.11,261.163,262.285,263.469,264.71,265.995,267.31,268.64,269.962,271.256,272.496,273.662,274.74,275.725,276.634,277.514,278.461,279.637,281.312
11040.0,90.039,104.156,117.525,130.232,142.343,153.904,164.946,175.493,185.554,195.129,204.205,212.757,220.744,228.108,234.777,240.663,245.67,249.704,252.69,254.606,255.517,255.611,255.209,254.706,254.45,254.606,255.119,255.822,256.585,257.377,258.217,259.127,260.11,261.163,262.285,263.469,264.71,265.995,267.31,268.64,269.962,271.256,272.496,273.662,274.74,275.725,276.634,277.514,278.461,279.637,281.312
11100.0,90.023,104.131,117.491,130.191,142.295,153.85,164.888,175.43,185.489,195.062,204.138,212.69,220.678,228.045,234.718,240.609,245.623,249.664,252.659,254.583,255.503,255.605,255.209,254.709,254.453,254.607,255.119,255.822,256.585,257.377,258.217,259.127,260.11,261.163,262.285,263.469,264.71,265.995,267.31,268.64,269.962,271.256,272.496,273.662,274.74,275.725,276.634,277.514,278.461,279.637,281.312
11160.0,90.007,104.105,117.457,130.149,142.247,153.796,164.829,175.368,185.424,194.996,204.071,212.623,220.613,227.982,234.659,240.555,245.575,249.624,252.627,254.561,255.489,255.599,255.208,254.711,254.455,254.609,255.12,255.822,256.585,257.376,258.217,259.127,260.11,261.163,262.285,263.469,264.709,265.994,267.31,268.64,269.962,271.255,272.496,273.662,274.74,275.725,276.634,277.514,278.461,279.637,281.312
11220.0,89.991,104.08,117.423,130.108,142.199,153.742,164.771,175.306,185.359,194.929,204.004,212.557,220.547,227.919,234.6,240.501,245.528,249.584,252.596,254.539,255.476,255.593,255.208,254.713,254.458,254.61,255.12,255.822,256.585,257.376,258.217,259.127,260.109,261.163,262.285,263.469,264.709,265.994,267.31,268.64,269.962,271.255,272.496,273.662,274.74,275.725,276.634,277.514,278.461,279.637,281.312
11280.0,89.975,104.055,117.389,130.066,142.151,153.689,164.713,175.244,185.295,194.863,203.937,212.49,220.482,227.857,234.541,240.448,245.48,249.544,252.564,254.516,255.462,255.587,255.207,254.715,254.46,254.612,255.12,255.822,256.585,257.376,258.217,259.127,260.109,261.163,262.285,263.469,264.709,265.994,267.31,268.64,269.962,271.255,272.496,273.662,274.74,275.725,276.634,277.514,278.461,279.637,281.312
11340.0,89.959,104.029,117.355,130.025,142.103,153.635,164.655,175.183,185.23,194.797,203.87,212.423,220.417,227.794,234.482,240.394,245.433,249.504,252.533,254.494,255.449,255.581,255.207,254.717,254.463,254.613,255.121,255.822,256.585,257.376,258.217,259.127,260.109,261.163,262.285,263.469,264.709,265.994,267.31,268.64,269.962,271.255,272.496,273.662,274.74,275.725,276.634,277.514,278.461,279.637,281.312
11400.0,89.944,104.004,117.322,129.984,142.055,153.582,164.597,175.121,185.166,194.731,203.803,212.357,220.352,227.732,234.423,240.34,245.386,249.465,252.502,254.471,255.435,255.575,255.206,254.719,254.465,254.615,255.121,255.821,256.585,257.376,258.217,259.127,260.109,261.163,262.285,263.469,264.709,265.994,267.31,268.64,269.962,271.255,272.496,273.662,274.74,275.725,276.634,277.514,278.461,279.637,281.312
11460.0,89.928,103.979,117.288,129.943,142.008,153.529,164.539,175.059,185.102,194.665,203.736,212.291,220.287,227.669,234.365,240.287,245.338,249.425,252.47,254.449,255.421,255.569,255.205,254.721,254.467,254.616,255.122,255.821,256.584,257.376,258.217,259.127,260.109,261.163,262.285,263.469,264.709,265.994,267.31,268.64,269.962,271.255,272.496,273.662,274.74,275.725,276.634,277.514,278.461,279.637,281.312
11520.0,89.912,103.954,117.254,129.902,141.96,153.476,164.481,174.998,185.037,194.599,203.67,212.224,220.222,227.607,234.306,240.233,245.291,249.385,252.439,254.427,255.408,255.563,255.205,254.723,254.47,254.618,255.122,255.821,256.584,257.376,258.217,259.127,260.109,261.163,262.284,263.469,264.709,265.994,267.31,268.64,269.962,271.255,272.496,273.662,274.74,275.725,276.634,277.514,278.461,279.637,281.312
11580.0,89.896,103.929,117.221,129.861,141.913,153.423,164.423,174.937,184.973,194.533,203.603,212.158,220.157,227.545,234.248,240.18,245.244,249.345,252.408,254.404,255.394,255.557,255.204,254.726,254.472,254.619,255.123,255.821,256.584,257.376,258.217,259.127,260.109,261.163,262.284,263.469,264.709,265.994,267.31,268.64,269.962,271.255,272.496,273.662,274.74,275.725,276.634,277.514,278.461,279.637,281.312
11640.0,89.881,103.904,117.188,129.82,141.865,153.37,164.366,174.876,184.91,194.467,203.537,212.092,220.093,227.483,234.189,240.126,245.197,249.305,252.376,254.382,255.38,255.551,255.203,254.728,254.475,254.621,255.123,255.821,256.584,257.376,258.217,259.127,260.109,261.163,262.284,263.469,264.709,265.994,267.31,268.64,269.962,271.255,272.496,273.662,274.74,275.725,276.634,277.514,278.461,279.637,281.312
11700.0,89.865,103.879,117.154,129.779,141.818,153.317,164.308,174.815,184.846,194.402,203.471,212.026,220.028,227.421,234.131,240.073,245.15,249.266,252.345,254.359,255.366,255.544,255.202,254.73,254.477,254.622,255.124,255.821,256.584,257.376,258.217,259.127,260.109,261.163,262.284,263.469,264.709,265.994,267.31,268.64,269.962,271.255,272.496,273.662,274.74,275.725,276.634,277.514,278.461,279.637,281.312
11760.0,89.849,103.854,117.121,129.739,141.771,153.264,164.251,174.754,184.782,194.337,203.405,211.96,219.964,227.359,234.073,240.02,245.103,249.226,252.313,254.337,255.352,255.538,255.201,254.732,254.48,254.624,255.124,255.821,256.584,257.376,258.217,259.127,260.109,261.163,262.284,263.469,264.709,265.994,267.31,268.64,269.962,271.255,272.496,273.662,274.74,275.725,276.634,277.514,278.461,279.637,281.312
11820.0,89.834,103.829,117.088,129.698,141.724,153.212,164.194,174.693,184.719,194.271,203.339,211.895,219.899,227.297,234.015,239.966,245.055,249.186,252.282,254.314,255.339,255.532,255.201,254.734,254.482,254.625,255.125,255.821,256.584,257.376,258.217,259.126,260.109,261.163,262.284,263.469,264.709,265.994,267.31,268.64,269.962,271.255,272.496,273.662,274.74,275.725,276.634,277.514,278.461,279.637,281.312
11880.0,89.818,103.804,117.055,129.658,141.677,153.159,164.137,174.632,184.655,194.206,203.273,211.829,219.835,227.235,233.957,239.913,245.008,249.147,252.251,254.291,255.325,255.525,255.2,254.736,254.484,254.627,255.125,255.821,256.583,257.375,258.217,259.126,260.109,261.163,262.284,263.469,264.709,265.994,267.31,268.64,269.962,271.255,272.496,273.662,274.74,275.725,276.634,277.514,278.461,279.637,281.312
11940.0,89.802,103.78,117.022,129.617,141.63,153.107,164.08,174.572,184.592,194.141,203.207,211.764,219.771,227.173,233.899,239.86,244.962,249.107,252.219,254.269,255.311,255.519,255.199,254.737,254.487,254.628,255.126,255.821,256.583,257.375,258.217,259.126,260.109,261.163,262.284,263.469,264.709,265.994,267.31,268.639,269.962,271.255,272.496,273.662,274.74,275.725,276.634,277.514,278.461,279.637,281.312
12000.0,89.787,103.755,116.989,129.577,141.583,153.055,164.023,174.511,184.529,194.076,203.141,211.698,219.707,227.112,233.841,239.807,244.915,249.067,252.188,254.246,255.297,255.513,255.198,254.739,254.489,254.63,255.126,255.821,256.583,257.375,258.217,259.126,260.109,261.163,262.284,263.469,264.709,265.994,267.31,268.639,269.962,271.255,272.496,273.662,274.74,275.725,276.634,277.514,278.461,279.637,281.312
12060.0,89.771,103.73,116.956,129.537,141.537,153.002,163.966,174.451,184.466,194.012,203.076,211.633,219.643,227.05,233.783,239.754,244.868,249.028,252.156,254.224,255.283,255.506,255.197,254.741,254.492,254.631,255.127,255.821,256.583,257.375,258.217,259.126,260.109,261.163,262.284,263.469,264.709,265.994,267.31,268.639,269.962,271.255,272.496,273.662,274.74,275.725,276.634,277.514,278.461,279.637,281.312
12120.0,89.756,103.706,116.923,129.497,141.49,152.95,163.91,174.391,184.403,193.947,203.01,211.568,219.579,226.989,233.725,239.701,244.821,248.988,252.125,254.201,255.269,255.5,255.196,254.743,254.494,254.633,255.127,255.821,256.583,257.375,258.216,259.126,260.109,261.163,262.284,263.469,264.709,265.994,267.31,268.639,269.962,271.255,272.496,273.662,274.74,275.725,276.634,277.514,278.461,279.637,281.312
12180.0,89.74,103.681,116.89,129.457,141.444,152.898,163.853,174.33,184.34,193.882,202.945,211.503,219.515,226.928,233.667,239.648,244.774,248.948,252.094,254.178,255.255,255.493,255.195,254.745,254.496,254.634,255.127,255.821,256.583,257.375,258.216,259.126,260.109,261.162,262.284,263.469,264.709,265.994,267.31,268.639,269.962,271.255,272.496,273.662,274.74,275.725,276.634,277.514,278.461,279.637,281.312
12240.0,89.725,103.657,116.858,129.417,141.397,152.847,163.797,174.27,184.277,193.818,202.88,211.438,219.452,226.866,233.61,239.595,244.727,248.909,252.062,254.156,255.241,255.487,255.194,254.747,254.499,254.636,255.128,255.821,256.583,257.375,258.216,259.126,260.109,261.162,262.284,263.469,264.709,265.994,267.31,268.639,269.962,271.255,272.496,273.662,274.74,275.725,276.634,277.514,278.461,279.637,281.312
12300.0,89.709,103.632,116.825,129.377,141.351,152.795,163.741,174.211,184.215,193.754,202.815,211.373,219.388,226.805,233.552,239.543,244.681,248.869,252.031,254.133,255.226,255.48,255.193,254.749,254.501,254.637,255.128,255.821,256.582,257.375,258.216,259.126,260.109,261.162,262.284,263.469,264.709,265.994,267.31,268.639,269.962,271.255,272.496,273.662,274.74,275.725,276.634,277.514,278.461,279.637,281.312
12360.0,89.694,103.608,116.792,129.337,141.305,152.743,163.685,174.151,184.152,193.689,202.75,211.308,219.325,226.744,233.495,239.49,244.634,248.83,252.0,254.11,255.212,255.473,255.192,254.75,254.503,254.639,255.129,255.821,256.582,257.375,258.216,259.126,260.109,261.162,262.284,263.469,264.709,265.994,267.31,268.639,269.962,271.255,272.496,273.662,274.74,275.725,276.634,277.514,278.461,279.637,281.312
12420.0,89.679,103.583,116.76,129.297,141.259,152.692,163.629,174.091,184.09,193.625,202.685,211.244,219.261,226.683,233.437,239.437,244.587,248.79,251.968,254.088,255.198,255.467,255.191,254.752,254.506,254.64,255.129,255.821,256.582,257.375,258.216,259.126,260.109,261.162,262.284,263.469,264.709,265.994,267.31,268.639,269.962,271.255,272.496,273.662,274.74,275.725,276.634,277.514,278.461,279.637,281.312
12480.0,89.663,103.559,116.728,129.257,141.213,152.64,163.573,174.032,184.028,193.561,202.62,211.179,219.198,226.622,233.38,239.385,244.541,248.751,251.937,254.065,255.184,255.46,255.189,254.754,254.508,254.642,255.13,255.821,256.582,257.375,258.216,259.126,260.109,261.162,262.284,263.469,264.709,265.994,267.31,268.639,269.962,271.255,272.496,273.662,274.74,275.725,276.634,277.514,278.461,279.637,281.312
12540.0,89.648,103.535,116.695,129.218,141.167,152.589,163.517,173.972,183.966,193.498,202.556,211.115,219.135,226.562,233.323,239.332,244.494,248.711,251.905,254.042,255.17,255.453,255.188,254.756,254.51,254.643,255.13,255.821,256.582,257.375,258.216,259.126,260.109,261.162,262.284,263.469,264.709,265.994,267.31,268.639,269.962,271.255,272.496,273.662,274.74,275.725,276.634,277.514,278.461,279.637,281.312
12600.0,89.633,103.511,116.663,129.178,141.121,152.538,163.461,173.913,183.904,193.434,202.491,211.05,219.072,226.501,233.265,239.28,244.447,248.672,251.874,254.02,255.156,255.447,255.187,254.758,254.513,254.645,255.131,255.82,256.582,257.374,258.216,259.126,260.109,261.162,262.284,263.468,264.709,265.994,267.31,268.639,269.962,271.255,272.495,273.662,274.74,275.725,276.634,277.514,278.461,279.637,281.312
12660.0,89.618,103.486,116.631,129.139,141.076,152.487,163.406,173.854,183.842,193.37,202.427,210.986,219.009,226.44,233.208,239.227,244.401,248.633,251.843,253.997,255.141,255.44,255.186,254.759,254.515,254.646,255.131,255.82,256.582,257.374,258.216,259.126,260.109,261.162,262.284,263.468,264.709,265.994,267.31,268.639,269.962,271.255,272.495,273.662,274.74,275.725,276.634,277.514,278.461,279.637,281.312
12720.0,89.602,103.462,116.598,129.1,141.03,152.436,163.35,173.795,183.78,193.307,202.362,210.922,218.946,226.38,233.151,239.175,244.355,248.593,251.811,253.974,255.127,255.433,255.184,254.761,254.517,254.648,255.132,255.82,256.581,257.374,258.216,259.126,260.108,261.162,262.284,263.468,264.709,265.994,267.31,268.639,269.962,271.255,272.495,273.662,274.74,275.725,276.634,277.514,278.461,279.637,281.312
12780.0,89.587,103.438,116.566,129.06,140.984,152.385,163.295,173.736,183.719,193.243,202.298,210.858,218.883,226.319,233.094,239.123,244.308,248.554,251.78,253.951,255.113,255.426,255.183,254.763,254.52,254.649,255.132,255.82,256.581,257.374,258.216,259.126,260.108,261.162,262.284,263.468,264.709,265.994,267.31,268.639,269.962,271.255,272.495,273.662,274.74,275.725,276.634,277.514,278.461,279.637,281.312
12840.0,89.572,103.414,116.534,129.021,140.939,152.334,163.239,173.677,183.657,193.18,202.234,210.794,218.821,226.259,233.037,239.07,244.262,248.515,251.749,253.928,255.098,255.419,255.182,254.764,254.522,254.651,255.133,255.82,256.581,257.374,258.216,259.126,260.108,261.162,262.284,263.468,264.709,265.994,267.31,268.639,269.962,271.255,272.495,273.662,274.74,275.725,276.634,277.514,278.461,279.637,281.312
12900.0,89.557,103.39,116.502,128.982,140.894,152.283,163.184,173.618,183.596,193.117,202.17,210.73,218.758,226.199,232.981,239.018,244.215,248.475,251.717,253.906,255.084,255.412,255.18,254.766,254.524,254.652,255.133,255.82,256.581,257.374,258.216,259.126,260.108,261.162,262.284,263.468,264.709,265.994,267.31,268.639,269.962,271.255,272.495,273.662,274.74,275.725,276.634,277.514,278.461,279.637,281.312
12960.0,89.542,103.366,116.47,128.943,140.848,152.233,163.129,173.559,183.534,193.054,202.106,210.667,218.696,226.138,232.924,238.966,244.169,248.436,251.686,253.883,255.069,255.405,255.179,254.767,254.526,254.654,255.134,255.82,256.581,257.374,258.216,259.126,260.108,261.162,262.284,263.468,264.708,265.994,267.31,268.639,269.962,271.255,272.495,273.662,274.74,275.725,276.634,277.514,278.461,279.637,281.312
13020.0,89.527,103.342,116.439,128.904,140.803,152.182,163.074,173.501,183.473,192.991,202.042,210.603,218.633,226.078,232.867,238.914,244.123,248.397,251.655,253.86,255.055,255.398,255.177,254.769,254.529,254.655,255.135,255.82,256.581,257.374,258.216,259.126,260.108,261.162,262.284,263.468,264.708,265.994,267.309,268.639,269.962,271.255,272.495,273.662,274.74,275.725,276.634,277.514,278.461,279.637,281.312
13080.0,89.512,103.319,116.407,128.865,140.758,152.132,163.019,173.442,183.412,192.928,201.979,210.54,218.571,226.018,232.81,238.862,244.077,248.357,251.623,253.837,255.041,255.391,255.176,254.771,254.531,254.657,255.135,255.82,256.581,257.374,258.216,259.126,260.108,261.162,262.284,263.468,264.708,265.993,267.309,268.639,269.962,271.255,272.495,273.662,274.74,275.725,276.634,277.514,278.461,279.637,281.312
13140.0,89.497,103.295,116.375,128.827,140.713,152.082,162.965,173.384,183.351,192.865,201.915,210.476,218.509,225.958,232.754,238.81,244.031,248.318,251.592,253.814,255.026,255.384,255.175,254.772,254.533,254.658,255.136,255.82,256.581,257.374,258.216,259.126,260.108,261.162,262.283,263.468,264.708,265.993,267.309,268.639,269.962,271.255,272.495,273.662,274.74,275.725,276.634,277.514,278.461,279.637,281.312
13200.0,89.482,103.271,116.344,128.788,140.668,152.031,162.91,173.326,183.29,192.803,201.852,210.413,218.447,225.898,232.697,238.758,243.984,248.279,251.561,253.791,255.012,255.377,255.173,254.774,254.535,254.66,255.136,255.82,256.58,257.374,258.216,259.126,260.108,261.162,262.283,263.468,264.708,265.993,267.309,268.639,269.962,271.255,272.495,273.662,274.74,275.725,276.634,277.514,278.461,279.637,281.312
13260.0,89.467,103.247,116.312,128.749,140.624,151.981,162.855,173.268,183.229,192.74,201.789,210.35,218.385,225.839,232.641,238.706,243.938,248.24,251.529,253.768,254.997,255.37,255.171,254.775,254.537,254.661,255.137,255.82,256.58,257.374,258.216,259.125,260.108,261.162,262.283,263.468,264.708,265.993,267.309,268.639,269.962,271.255,272.495,273.662,274.74,275.725,276.634,277.514,278.461,279.637,281.312
13320.0,89.452,103.224,116.28,128.711,140.579,151.931,162.801,173.21,183.169,192.678,201.725,210.287,218.323,225.779,232.585,238.655,243.892,248.201,251.498,253.745,254.982,255.363,255.17,254.777,254.54,254.663,255.137,255.82,256.58,257.373,258.216,259.125,260.108,261.162,262.283,263.468,264.708,265.993,267.309,268.639,269.962,271.255,272.495,273.662,274.74,275.725,276.634,277.514,278.461,279.637,281.312
13380.0,89.437,103.2,116.249,128.672,140.534,151.881,162.747,173.152,183.108,192.616,201.662,210.224,218.261,225.719,232.528,238.603,243.846,248.161,251.467,253.722,254.968,255.356,255.168,254.778,254.542,254.664,255.138,255.82,256.58,257.373,258.215,259.125,260.108,261.162,262.283,263.468,264.708,265.993,267.309,268.639,269.962,271.255,272.495,273.662,274.74,275.725,276.634,277.514,278.461,279.637,281.312
13440.0,89.422,103.177,116.218,128.634,140.49,151.832,162.692,173.094,183.048,192.553,201.599,210.161,218.199,225.66,232.472,238.551,243.8,248.122,251.435,253.7,254.953,255.349,255.167,254.78,254.544,254.666,255.138,255.82,256.58,257.373,258.215,259.125,260.108,261.162,262.283,263.468,264.708,265.993,267.309,268.639,269.962,271.255,272.495,273.662,274.74,275.725,276.634,277.514,278.461,279.637,281.312
13500.0,89.407,103.153,116.186,128.596,140.445,151.782,162.638,173.037,182.988,192.491,201.536,210.098,218.137,225.6,232.416,238.5,243.754,248.083,251.404,253.677,254.939,255.341,255.165,254.781,254.546,254.667,255.139,255.82,256.58,257.373,258.215,259.125,260.108,261.162,262.283,263.468,264.708,265.993,267.309,268.639,269.961,271.255,272.495,273.662,274.74,275.725,276.634,277.514,278.461,279.637,281.312
13560.0,89.392,103.13,116.155,128.557,140.401,151.732,162.584,172.979,182.927,192.429,201.473,210.035,218.076,225.541,232.36,238.448,243.708,248.044,251.373,253.654,254.924,255.334,255.163,254.782,254.548,254.669,255.139,255.82,256.58,257.373,258.215,259.125,260.108,261.162,262.283,263.468,264.708,265.993,267.309,268.639,269.961,271.255,272.495,273.662,274.74,275.725,276.634,277.514,278.461,279.637,281.312
13620.0,89.378,103.106,116.124,128.519,140.357,151.683,162.53,172.922,182.867,192.367,201.411,209.973,218.014,225.482,232.304,238.396,243.663,248.005,251.341,253.631,254.909,255.327,255.161,254.784,254.551,254.67,255.14,255.82,256.58,257.373,258.215,259.125,260.108,261.162,262.283,263.468,264.708,265.993,267.309,268.639,269.961,271.255,272.495,273.662,274.74,275.725,276.634,277.514,278.461,279.637,281.312
13680.0,89.363,103.083,116.093,128.481,140.313,151.633,162.477,172.864,182.807,192.306,201.348,209.91,217.953,225.422,232.248,238.345,243.617,247.966,251.31,253.608,254.895,255.319,255.16,254.785,254.553,254.672,255.14,255.82,256.579,257.373,258.215,259.125,260.108,261.162,262.283,263.468,264.708,265.993,267.309,268.639,269.961,271.255,272.495,273.662,274.739,275.725,276.634,277.514,278.461,279.637,281.312
13740.0,89.348,103.059,116.062,128.443,140.268,151.584,162.423,172.807,182.747,192.244,201.286,209.848,217.892,225.363,232.192,238.294,243.571,247.927,251.279,253.585,254.88,255.312,255.158,254.786,254.555,254.673,255.141,255.82,256.579,257.373,258.215,259.125,260.108,261.161,262.283,263.468,264.708,265.993,267.309,268.639,269.961,271.255,272.495,273.662,274.739,275.725,276.634,277.514,278.461,279.637,281.312
13800.0,89.333,103.036,116.031,128.405,140.224,151.535,162.369,172.75,182.688,192.183,201.223,209.786,217.831,225.304,232.137,238.242,243.525,247.888,251.247,253.562,254.865,255.305,255.156,254.788,254.557,254.675,255.141,255.82,256.579,257.373,258.215,259.125,260.108,261.161,262.283,263.468,264.708,265.993,267.309,268.639,269.961,271.255,272.495,273.662,274.739,275.725,276.634,277.514,278.461,279.637,281.312
13860.0,89.319,103.013,116.0,128.367,140.181,151.486,162.316,172.693,182.628,192.121,201.161,209.723,217.77,225.245,232.081,238.191,243.48,247.849,251.216,253.538,254.85,255.297,255.154,254.789,254.559,254.676,255.142,255.82,256.579,257.373,258.215,259.125,260.108,261.161,262.283,263.468,264.708,265.993,267.309,268.639,269.961,271.255,272.495,273.662,274.739,275.725,276.634,277.514,278.461,279.637,281.312
13920.0,89.304,102.99,115.969,128.33,140.137,151.437,162.262,172.636,182.568,192.06,201.099,209.661,217.709,225.187,232.025,238.14,243.434,247.81,251.185,253.515,254.835,255.29,255.152,254.79,254.561,254.678,255.142,255.82,256.579,257.373,258.215,259.125,260.108,261.161,262.283,263.468,264.708,265.993,267.309,268.639,269.961,271.255,272.495,273.662,274.739,275.725,276.634,277.514,278.461,279.637,281.312
13980.0,89.289,102.967,115.938,128.292,140.093,151.388,162.209,172.579,182.509,191.999,201.037,209.599,217.648,225.128,231.97,238.089,243.388,247.771,251.153,253.492,254.821,255.282,255.15,254.792,254.563,254.679,255.143,255.82,256.579,257.373,258.215,259.125,260.108,261.161,262.283,263.468,264.708,265.993,267.309,268.639,269.961,271.255,272.495,273.662,274.739,275.725,276.634,277.514,278.461,279.637,281.312
14040.0,89.275,102.944,115.907,128.254,140.049,151.339,162.156,172.523,182.45,191.938,200.975,209.537,217.587,225.069,231.914,238.037,243.343,247.732,251.122,253.469,254.806,255.275,255.149,254.793,254.565,254.681,255.144,255.82,256.579,257.372,258.215,259.125,260.108,261.161,262.283,263.468,264.708,265.993,267.309,268.639,269.961,271.255,272.495,273.662,274.739,275.725,276.634,277.514,278.461,279.637,281.312
14100.0,89.26,102.92,115.876,128.217,140.006,151.29,162.103,172.466,182.39,191.877,200.913,209.476,217.526,225.01,231.859,237.986,243.297,247.693,251.091,253.446,254.791,255.267,255.147,254.794,254.568,254.682,255.144,255.82,256.579,257.372,258.215,259.125,260.108,261.161,262.283,263.468,264.708,265.993,267.309,268.639,269.961,271.254,272.495,273.662,274.739,275.725,276.634,277.514,278.461,279.637,281.312
14160.0,89.246,102.897,115.846,128.179,139.962,151.241,162.05,172.41,182.331,191.816,200.851,209.414,217.465,224.952,231.803,237.935,243.252,247.654,251.06,253.423,254.776,255.26,255.145,254.795,254.57,254.684,255.145,255.82,256.578,257.372,258.215,259.125,260.108,261.161,262.283,263.468,264.708,265.993,267.309,268.639,269.961,271.254,272.495,273.662,274.739,275.725,276.634,277.514,278.461,279.637,281.312
14220.0,89.231,102.874,115.815,128.142,139.919,151.193,161.997,172.353,182.272,191.755,200.79,209.352,217.405,224.893,231.748,237.884,243.206,247.616,251.028,253.4,254.761,255.252,255.143,254.797,254.572,254.685,255.145,255.82,256.578,257.372,258.215,259.125,260.107,261.161,262.283,263.468,264.708,265.993,267.309,268.638,269.961,271.254,272.495,273.662,274.739,275.725,276.634,277.514,278.461,279.637,281.312
14280.0,89.217,102.852,115.785,128.105,139.876,151.144,161.944,172.297,182.213,191.694,200.728,209.291,217.344,224.835,231.693,237.834,243.161,247.577,250.997,253.377,254.746,255.244,255.141,254.798,254.574,254.686,255.146,255.82,256.578,257.372,258.215,259.125,260.107,261.161,262.283,263.467,264.708,265.993,267.309,268.638,269.961,271.254,272.495,273.662,274.739,275.725,276.634,277.514,278.461,279.637,281.312
14340.0,89.202,102.829,115.754,128.067,139.832,151.096,161.892,172.241,182.155,191.634,200.667,209.229,217.284,224.777,231.638,237.783,243.115,247.538,250.966,253.354,254.731,255.237,255.138,254.799,254.576,254.688,255.146,255.82,256.578,257.372,258.215,259.125,260.107,261.161,262.283,263.467,264.708,265.993,267.309,268.638,269.961,271.254,272.495,273.662,274.739,275.725,276.634,277.514,278.461,279.637,281.312
14400.0,89.188,102.806,115.724,128.03,139.789,151.048,161.839,172.185,182.096,191.573,200.605,209.168,217.224,224.718,231.583,237.732,243.07,247.499,250.935,253.331,254.716,255.229,255.136,254.8,254.578,254.689,255.147,255.82,256.578,257.372,258.215,259.125,260.107,261.161,262.283,263.467,264.708,265.993,267.309,268.638,269.961,271.254,272.495,273.662,274.739,275.725,276.634,277.514,278.461,279.637,281.312
14460.0,89.173,102.783,115.693,127.993,139.746,151.0,161.786,172.129,182.037,191.513,200.544,209.107,217.164,224.66,231.528,237.681,243.025,247.46,250.903,253.307,254.701,255.221,255.134,254.801,254.58,254.691,255.147,255.82,256.578,257.372,258.215,259.125,260.107,261.161,262.283,263.467,264.708,265.993,267.309,268.638,269.961,271.254,272.495,273.662,274.739,275.725,276.634,277.514,278.461,279.637,281.312
14520.0,89.159,102.76,115.663,127.956,139.703,150.952,161.734,172.073,181.979,191.453,200.483,209.046,217.103,224.602,231.473,237.63,242.98,247.422,250.872,253.284,254.686,255.214,255.132,254.802,254.582,254.692,255.148,255.82,256.578,257.372,258.215,259.125,260.107,261.161,262.283,263.467,264.708,265.993,267.309,268.638,269.961,271.254,272.495,273.662,274.739,275.725,276.634,277.514,278.461,279.637,281.312
14580.0,89.144,102.738,115.633,127.919,139.66,150.904,161.682,172.017,181.92,191.392,200.422,208.985,217.043,224.544,231.418,237.58,242.934,247.383,250.841,253.261,254.671,255.206,255.13,254.803,254.584,254.694,255.149,255.82,256.578,257.372,258.215,259.125,260.107,261.161,262.283,263.467,264.708,265.993,267.309,268.638,269.961,271.254,272.495,273.662,274.739,275.725,276.634,277.514,278.461,279.637,281.312
14640.0,89.13,102.715,115.603,127.882,139.618,150.856,161.63,171.961,181.862,191.332,200.361,208.924,216.984,224.486,231.363,237.529,242.889,247.344,250.81,253.238,254.656,255.198,255.128,254.804,254.586,254.695,255.149,255.82,256.577,257.372,258.214,259.125,260.107,261.161,262.283,263.467,264.708,265.993,267.309,268.638,269.961,271.254,272.495,273.662,274.739,275.725,276.634,277.514,278.461,279.637,281.312
14700.0,89.116,102.692,115.573,127.845,139.575,150.808,161.577,171.906,181.804,191.272,200.3,208.863,216.924,224.429,231.308,237.479,242.844,247.306,250.778,253.215,254.641,255.19,255.125,254.805,254.588,254.697,255.15,255.82,256.577,257.372,258.214,259.125,260.107,261.161,262.282,263.467,264.707,265.993,267.309,268.638,269.961,271.254,272.495,273.662,274.739,275.725,276.634,277.514,278.461,279.637,281.312
14760.0,89.101,102.67,115.543,127.809,139.532,150.76,161.525,171.85,181.746,191.213,200.239,208.802,216.864,224.371,231.254,237.428,242.799,247.267,250.747,253.192,254.625,255.182,255.123,254.806,254.59,254.698,255.15,255.82,256.577,257.371,258.214,259.124,260.107,261.161,262.282,263.467,264.707,265.993,267.309,268.638,269.961,271.254,272.495,273.662,274.739,275.725,276.634,277.514,278.461,279.637,281.312
14820.0,89.087,102.647,115.513,127.772,139.49,150.712,161.474,171.795,181.688,191.153,200.179,208.742,216.804,224.313,231.199,237.378,242.754,247.228,250.716,253.168,254.61,255.174,255.121,254.807,254.592,254.7,255.151,255.82,256.577,257.371,258.214,259.124,260.107,261.161,262.282,263.467,264.707,265.993,267.309,268.638,269.961,271.254,272.495,273.662,274.739,275.725,276.634,277.514,278.461,279.637,281.312
14880.0,89.073,102.625,115.483,127.735,139.447,150.665,161.422,171.74,181.63,191.093,200.118,208.681,216.745,224.256,231.145,237.328,242.709,247.19,250.685,253.145,254.595,255.166,255.119,254.808,254.594,254.701,255.151,255.82,256.577,257.371,258.214,259.124,260.107,261.161,262.282,263.467,264.707,265.993,267.309,268.638,269.961,271.254,272.495,273.662,274.739,275.725,276.634,277.514,278.461,279.637,281.312
14940.0,89.059,102.602,115.453,127.699,139.405,150.617,161.37,171.685,181.572,191.034,200.058,208.621,216.685,224.198,231.09,237.277,242.664,247.151,250.653,253.122,254.58,255.159,255.116,254.809,254.596,254.703,255.152,255.82,256.577,257.371,258.214,259.124,260.107,261.161,262.282,263.467,264.707,265.993,267.309,268.638,269.961,271.254,272.495,273.662,274.739,275.725,276.634,277.514,278.461,279.637,281.312
15000.0,89.044,102.58,115.423,127.662,139.362,150.57,161.318,171.63,181.515,190.974,199.997,208.56,216.626,224.141,231.036,237.227,242.619,247.113,250.622,253.099,254.565,255.151,255.114,254.81,254.598,254.704,255.153,255.82,256.577,257.371,258.214,259.124,260.107,261.161,262.282,263.467,264.707,265.992,267.309,268.638,269.961,271.254,272.495,273.662,274.739,275.725,276.634,277.514,278.461,279.637,281.312
15060.0,89.03,102.558,115.393,127.626,139.32,150.523,161.267,171.575,181.457,190.915,199.937,208.5,216.567,224.083,230.981,237.177,242.574,247.074,250.591,253.075,254.549,255.143,255.111,254.811,254.6,254.706,255.153,255.82,256.577,257.371,258.214,259.124,260.107,261.161,262.282,263.467,264.707,265.992,267.309,268.638,269.961,271.254,272.495,273.662,274.739,275.724,276.634,277.514,278.461,279.637,281.312
15120.0,89.016,102.535,115.364,127.59,139.278,150.476,161.215,171.52,181.399,190.856,199.877,208.44,216.507,224.026,230.927,237.127,242.529,247.036,250.56,253.052,254.534,255.134,255.109,254.812,254.602,254.707,255.154,255.82,256.576,257.371,258.214,259.124,260.107,261.161,262.282,263.467,264.707,265.992,267.308,268.638,269.961,271.254,272.495,273.662,274.739,275.724,276.634,277.514,278.461,279.637,281.312
15180.0,89.002,102.513,115.334,127.553,139.236,150.428,161.164,171.465,181.342,190.796,199.817,208.38,216.448,223.969,230.873,237.077,242.484,246.997,250.529,253.029,254.519,255.126,255.107,254.813,254.604,254.709,255.154,255.82,256.576,257.371,258.214,259.124,260.107,261.161,262.282,263.467,264.707,265.992,267.308,268.638,269.961,271.254,272.495,273.661,274.739,275.724,276.634,277.514,278.461,279.638,281.312
15240.0,88.988,102.491,115.304,127.517,139.194,150.381,161.113,171.41,181.285,190.737,199.757,208.32,216.389,223.912,230.819,237.027,242.439,246.959,250.497,253.005,254.503,255.118,255.104,254.814,254.606,254.71,255.155,255.82,256.576,257.371,258.214,259.124,260.107,261.16,262.282,263.467,264.707,265.992,267.308,268.638,269.961,271.254,272.495,273.661,274.739,275.724,276.634,277.514,278.461,279.638,281.312
15300.0,88.974,102.469,115.275,127.481,139.152,150.335,161.062,171.356,181.228,190.678,199.697,208.26,216.33,223.855,230.765,236.977,242.395,246.92,250.466,252.982,254.488,255.11,255.102,254.815,254.607,254.711,255.155,255.82,256.576,257.371,258.214,259.124,260.107,261.16,262.282,263.467,264.707,265.992,267.308,268.638,269.961,271.254,272.495,273.661,274.739,275.724,276.634,277.514,278.461,279.638,281.312
15360.0,88.96,102.446,115.245,127.445,139.11,150.288,161.011,171.301,181.171,190.62,199.637,208.2,216.271,223.798,230.711,236.927,242.35,246.882,250.435,252.959,254.473,255.102,255.099,254.816,254.609,254.713,255.156,255.82,256.576,257.371,258.214,259.124,260.107,261.16,262.282,263.467,264.707,265.992,267.308,268.638,269.961,271.254,272.495,273.661,274.739,275.724,276.634,277.514,278.461,279.638,281.312
15420.0,88.946,102.424,115.216,127.409,139.069,150.241,160.96,171.247,181.114,190.561,199.578,208.141,216.212,223.741,230.657,236.877,242.305,246.843,250.404,252.935,254.457,255.094,255.096,254.816,254.611,254.714,255.157,255.82,256.576,257.371,258.214,259.124,260.107,261.16,262.282,263.467,264.707,265.992,267.308,268.638,269.961,271.254,272.495,273.661,274.739,275.724,276.634,277.514,278.461,279.638,281.312
15480.0,88.932,102.402,115.186,127.373,139.027,150.194,160.909,171.193,181.057,190.502,199.518,208.081,216.154,223.684,230.603,236.827,242.261,246.805,250.373,252.912,254.442,255.086,255.094,254.817,254.613,254.716,255.157,255.82,256.576,257.37,258.214,259.124,260.107,261.16,262.282,263.467,264.707,265.992,267.308,268.638,269.961,271.254,272.495,273.661,274.739,275.724,276.634,277.514,278.461,279.638,281.312
15540.0,88.918,102.38,115.157,127.337,138.985,150.148,160.858,171.138,181.0,190.444,199.458,208.021,216.095,223.627,230.549,236.777,242.216,246.767,250.341,252.889,254.426,255.077,255.091,254.818,254.615,254.717,255.158,255.82,256.576,257.37,258.214,259.124,260.107,261.16,262.282,263.467,264.707,265.992,267.308,268.638,269.961,271.254,272.495,273.661,274.739,275.724,276.634,277.514,278.461,279.638,281.312
15600.0,88.904,102.358,115.128,127.302,138.944,150.101,160.807,171.084,180.943,190.385,199.399,207.962,216.037,223.571,230.495,236.727,242.171,246.728,250.31,252.865,254.411,255.069,255.089,254.819,254.617,254.719,255.158,255.82,256.576,257.37,258.214,259.124,260.107,261.16,262.282,263.467,264.707,265.992,267.308,268.638,269.961,271.254,272.495,273.661,274.739,275.724,276.634,277.514,278.461,279.638,281.312
15660.0,88.89,102.336,115.099,127.266,138.902,150.055,160.757,171.03,180.887,190.327,199.34,207.903,215.978,223.514,230.442,236.678,242.127,246.69,250.279,252.842,254.395,255.061,255.086,254.819,254.619,254.72,255.159,255.82,256.575,257.37,258.214,259.124,260.107,261.16,262.282,263.467,264.707,265.992,267.308,268.638,269.961,271.254,272.495,273.661,274.739,275.724,276.634,277.514,278.461,279.638,281.312
15720.0,88.876,102.314,115.07,127.23,138.861,150.009,160.706,170.976,180.83,190.268,199.281,207.843,215.92,223.457,230.388,236.628,242.082,246.652,250.248,252.819,254.38,255.053,255.083,254.82,254.621,254.722,255.16,255.821,256.575,257.37,258.214,259.124,260.106,261.16,262.282,263.467,264.707,265.992,267.308,268.638,269.961,271.254,272.495,273.661,274.739,275.724,276.634,277.514,278.461,279.638,281.312
15780.0,88.862,102.293,115.041,127.195,138.82,149.962,160.656,170.923,180.774,190.21,199.221,207.784,215.861,223.401,230.335,236.579,242.038,246.613,250.217,252.795,254.364,255.044,255.081,254.821,254.622,254.723,255.16,255.821,256.575,257.37,258.214,259.124,260.106,261.16,262.282,263.467,264.707,265.992,267.308,268.638,269.961,271.254,272.495,273.661,274.739,275.724,276.634,277.514,278.461,279.638,281.312
15840.0,88.848,102.271,115.011,127.159,138.779,149.916,160.606,170.869,180.718,190.152,199.162,207.725,215.803,223.345,230.281,236.529,241.994,246.575,250.186,252.772,254.349,255.036,255.078,254.821,254.624,254.724,255.161,255.821,256.575,257.37,258.214,259.124,260.106,261.16,262.282,263.467,264.707,265.992,267.308,268.638,269.961,271.254,272.495,273.661,274.739,275.724,276.634,277.514,278.461,279.638,281.312
15900.0,88.834,102.249,114.983,127.124,138.737,149.87,160.555,170.815,180.661,190.094,199.104,207.666,215.745,223.288,230.228,236.48,241.949,246.537,250.155,252.749,254.333,255.027,255.075,254.822,254.626,254.726,255.161,255.821,256.575,257.37,258.213,259.124,260.106,261.16,262.282,263.467,264.707,265.992,267.308,268.638,269.961,271.254,272.495,273.661,274.739,275.724,276.634,277.514,278.461,279.638,281.312
15960.0,88.82,102.227,114.954,127.088,138.696,149.824,160.505,170.762,180.605,190.036,199.045,207.607,215.687,223.232,230.174,236.43,241.905,246.499,250.124,252.725,254.318,255.019,255.072,254.823,254.628,254.727,255.162,255.821,256.575,257.37,258.213,259.124,260.106,261.16,262.282,263.466,264.707,265.992,267.308,268.638,269.961,271.254,272.495,273.661,274.739,275.724,276.634,277.514,278.461,279.638,281.312
16020.0,88.807,102.205,114.925,127.053,138.655,149.778,160.455,170.708,180.549,189.979,198.986,207.548,215.629,223.176,230.121,236.381,241.861,246.461,250.092,252.702,254.302,255.01,255.069,254.823,254.63,254.729,255.163,255.821,256.575,257.37,258.213,259.124,260.106,261.16,262.282,263.466,264.707,265.992,267.308,268.638,269.96,271.254,272.494,273.661,274.739,275.724,276.634,277.514,278.461,279.638,281.312
16080.0,88.793,102.184,114.896,127.018,138.615,149.733,160.405,170.655,180.493,189.921,198.927,207.49,215.571,223.12,230.068,236.332,241.816,246.422,250.061,252.678,254.286,255.002,255.067,254.824,254.631,254.73,255.163,255.821,256.575,257.37,258.213,259.124,260.106,261.16,262.282,263.466,264.707,265.992,267.308,268.638,269.96,271.254,272.494,273.661,274.739,275.724,276.634,277.514,278.461,279.638,281.312
16140.0,88.779,102.162,114.867,126.983,138.574,149.687,160.356,170.602,180.438,189.863,198.869,207.431,215.514,223.064,230.015,236.282,241.772,246.384,250.03,252.655,254.271,254.994,255.064,254.824,254.633,254.732,255.164,255.821,256.575,257.37,258.213,259.124,260.106,261.16,262.282,263.466,264.707,265.992,267.308,268.638,269.96,271.254,272.494,273.661,274.739,275.724,276.634,277.514,278.461,279.638,281.312
16200.0,88.765,102.141,114.838,126.948,138.533,149.641,160.306,170.549,180.382,189.806,198.81,207.373,215.456,223.008,229.962,236.233,241.728,246.346,249.999,252.631,254.255,254.985,255.061,254.825,254.635,254.733,255.164,255.821,256.574,257.369,258.213,259.123,260.106,261.16,262.282,263.466,264.707,265.992,267.308,268.638,269.96,271.254,272.494,273.661,274.739,275.724,276.634,277.514,278.461,279.638,281.312
16260.0,88.752,102.119,114.81,126.913,138.492,149.596,160.256,170.496,180.326,189.748,198.752,207.314,215.398,222.952,229.909,236.184,241.684,246.308,249.968,252.608,254.239,254.976,255.058,254.826,254.637,254.734,255.165,255.821,256.574,257.369,258.213,259.123,260.106,261.16,262.282,263.466,264.707,265.992,267.308,268.638,269.96,271.254,272.494,273.661,274.739,275.724,276.634,277.514,278.461,279.638,281.312
16320.0,88.738,102.098,114.781,126.878,138.452,149.55,160.207,170.443,180.271,189.691,198.694,207.256,215.341,222.896,229.856,236.135,241.64,246.27,249.937,252.585,254.224,254.968,255.055,254.826,254.638,254.736,255.166,255.821,256.574,257.369,258.213,259.123,260.106,261.16,262.281,263.466,264.707,265.992,267.308,268.638,269.96,271.254,272.494,273.661,274.739,275.724,276.634,277.514,278.461,279.638,281.312
16380.0,88.724,102.076,114.753,126.843,138.411,149.505,160.157,170.39,180.215,189.634,198.636,207.198,215.283,222.841,229.803,236.086,241.596,246.232,249.906,252.561,254.208,254.959,255.052,254.827,254.64,254.737,255.166,255.821,256.574,257.369,258.213,259.123,260.106,261.16,262.281,263.466,264.707,265.992,267.308,268.638,269.96,271.254,272.494,273.661,274.739,275.724,276.634,277.514,278.461,279.638,281.312
16440.0,88.711,102.055,114.724,126.808,138.371,149.46,160.108,170.337,180.16,189.577,198.578,207.139,215.226,222.785,229.75,236.037,241.552,246.194,249.875,252.538,254.192,254.951,255.049,254.827,254.642,254.739,255.167,255.821,256.574,257.369,258.213,259.123,260.106,261.16,262.281,263.466,264.707,265.992,267.308,268.638,269.96,271.254,272.494,273.661,274.739,275.724,276.634,277.514,278.461,279.638,281.312
16500.0,88.697,102.033,114.696,126.773,138.33,149.414,160.058,170.285,180.105,189.52,198.52,207.081,215.169,222.73,229.697,235.988,241.508,246.156,249.844,252.514,254.176,254.942,255.046,254.827,254.644,254.74,255.167,255.821,256.574,257.369,258.213,259.123,260.106,261.16,262.281,263.466,264.706,265.992,267.308,268.637,269.96,271.254,272.494,273.661,274.739,275.724,276.634,277.514,278.461,279.638,281.312
16560.0,88.683,102.012,114.667,126.739,138.29,149.369,160.009,170.232,180.05,189.463,198.462,207.023,215.111,222.674,229.644,235.939,241.464,246.118,249.813,252.491,254.161,254.933,255.043,254.828,254.645,254.742,255.168,255.821,256.574,257.369,258.213,259.123,260.106,261.16,262.281,263.466,264.706,265.992,267.308,268.637,269.96,271.254,272.494,273.661,274.739,275.724,276.634,277.514,278.461,279.638,281.312
16620.0,88.67,101.991,114.639,126.704,138.25,149.324,159.96,170.18,179.995,189.406,198.404,206.965,215.054,222.619,229.592,235.89,241.42,246.08,249.782,252.467,254.145,254.924,255.04,254.828,254.647,254.743,255.169,255.821,256.574,257.369,258.213,259.123,260.106,261.16,262.281,263.466,264.706,265.992,267.308,268.637,269.96,271.254,272.494,273.661,274.739,275.724,276.634,277.514,278.461,279.638,281.312
16680.0,88.656,101.969,114.611,126.669,138.21,149.279,159.911,170.127,179.94,189.349,198.346,206.908,214.997,222.563,229.539,235.842,241.376,246.042,249.751,252.444,254.129,254.916,255.037,254.829,254.649,254.744,255.169,255.821,256.574,257.369,258.213,259.123,260.106,261.16,262.281,263.466,264.706,265.992,267.308,268.637,269.96,271.254,272.494,273.661,274.739,275.724,276.634,277.514,278.461,279.638,281.312
16740.0,88.643,101.948,114.583,126.635,138.17,149.234,159.862,170.075,179.885,189.293,198.289,206.85,214.94,222.508,229.487,235.793,241.332,246.004,249.72,252.42,254.113,254.907,255.033,254.829,254.65,254.746,255.17,255.821,256.573,257.369,258.213,259.123,260.106,261.159,262.281,263.466,264.706,265.992,267.308,268.637,269.96,271.254,272.494,273.661,274.739,275.724,276.634,277.514,278.461,279.638,281.312
16800.0,88.629,101.927,114.554,126.6,138.13,149.19,159.813,170.023,179.83,189.236,198.231,206.792,214.883,222.453,229.434,235.744,241.288,245.966,249.689,252.397,254.097,254.898,255.03,254.829,254.652,254.747,255.17,255.821,256.573,257.369,258.213,259.123,260.106,261.159,262.281,263.466,264.706,265.992,267.308,268.637,269.96,271.254,272.494,273.661,274.739,275.724,276.634,277.514,278.461,279.638,281.312
16860.0,88.616,101.906,114.526,126.566,138.09,149.145,159.764,169.971,179.775,189.18,198.174,206.735,214.826,222.398,229.382,235.696,241.244,245.929,249.658,252.373,254.081,254.889,255.027,254.83,254.654,254.749,255.171,255.821,256.573,257.369,258.213,259.123,260.106,261.159,262.281,263.466,264.706,265.991,267.308,268.637,269.96,271.254,272.494,273.661,274.739,275.724,276.634,277.514,278.461,279.638,281.312
16920.0,88.602,101.885,114.498,126.532,138.05,149.1,159.716,169.919,179.721,189.123,198.116,206.677,214.77,222.343,229.329,235.647,241.201,245.891,249.627,252.35,254.066,254.88,255.024,254.83,254.655,254.75,255.172,255.821,256.573,257.368,258.213,259.123,260.106,261.159,262.281,263.466,264.706,265.991,267.308,268.637,269.96,271.254,272.494,273.661,274.739,275.724,276.634,277.514,278.461,279.638,281.312
16980.0,88.589,101.864,114.47,126.498,138.01,149.056,159.667,169.867,179.666,189.067,198.059,206.62,214.713,222.288,229.277,235.598,241.157,245.853,249.596,252.326,254.05,254.872,255.021,254.83,254.657,254.751,255.172,255.822,256.573,257.368,258.213,259.123,260.106,261.159,262.281,263.466,264.706,265.991,267.308,268.637,269.96,271.253,272.494,273.661,274.739,275.724,276.634,277.514,278.461,279.638,281.312
17040.0,88.575,101.843,114.442,126.463,137.971,149.011,159.618,169.815,179.612,189.011,198.002,206.562,214.657,222.233,229.225,235.55,241.113,245.815,249.565,252.302,254.034,254.863,255.017,254.831,254.659,254.753,255.173,255.822,256.573,257.368,258.213,259.123,260.106,261.159,262.281,263.466,264.706,265.991,267.308,268.637,269.96,271.253,272.494,273.661,274.739,275.724,276.634,277.514,278.461,279.638,281.312
17100.0,88.562,101.822,114.414,126.429,137.931,148.967,159.57,169.763,179.558,188.955,197.945,206.505,214.6,222.178,229.173,235.502,241.07,245.777,249.534,252.279,254.018,254.854,255.014,254.831,254.66,254.754,255.174,255.822,256.573,257.368,258.212,259.123,260.106,261.159,262.281,263.466,264.706,265.991,267.308,268.637,269.96,271.253,272.494,273.661,274.739,275.724,276.634,277.514,278.461,279.638,281.312
17160.0,88.549,101.801,114.386,126.395,137.891,148.922,159.522,169.711,179.503,188.899,197.888,206.448,214.544,222.123,229.121,235.453,241.026,245.74,249.503,252.255,254.002,254.845,255.011,254.831,254.662,254.756,255.174,255.822,256.573,257.368,258.212,259.123,260.105,261.159,262.281,263.466,264.706,265.991,267.307,268.637,269.96,271.253,272.494,273.661,274.739,275.724,276.634,277.514,278.461,279.638,281.312
17220.0,88.535,101.78,114.359,126.361,137.852,148.878,159.473,169.66,179.449,188.843,197.831,206.391,214.487,222.069,229.069,235.405,240.983,245.702,249.472,252.232,253.986,254.836,255.007,254.831,254.663,254.757,255.175,255.822,256.573,257.368,258.212,259.123,260.105,261.159,262.281,263.466,264.706,265.991,267.307,268.637,269.96,271.253,272.494,273.661,274.739,275.724,276.634,277.514,278.461,279.638,281.312
17280.0,88.522,101.759,114.331,126.327,137.813,148.834,159.425,169.608,179.395,188.787,197.774,206.334,214.431,222.014,229.017,235.357,240.939,245.664,249.441,252.208,253.97,254.827,255.004,254.832,254.665,254.758,255.175,255.822,256.572,257.368,258.212,259.123,260.105,261.159,262.281,263.466,264.706,265.991,267.307,268.637,269.96,271.253,272.494,273.661,274.739,275.724,276.634,277.514,278.461,279.638,281.312
17340.0,88.509,101.738,114.303,126.293,137.773,148.79,159.377,169.557,179.341,188.731,197.717,206.277,214.375,221.96,228.965,235.308,240.896,245.627,249.41,252.185,253.954,254.818,255.001,254.832,254.667,254.76,255.176,255.822,256.572,257.368,258.212,259.123,260.105,261.159,262.281,263.466,264.706,265.991,267.307,268.637,269.96,271.253,272.494,273.661,274.739,275.724,276.634,277.514,278.461,279.638,281.312
17400.0,88.495,101.717,114.275,126.26,137.734,148.746,159.329,169.506,179.287,188.676,197.661,206.22,214.319,221.905,228.913,235.26,240.852,245.589,249.379,252.161,253.938,254.809,254.997,254.832,254.668,254.761,255.177,255.822,256.572,257.368,258.212,259.123,260.105,261.159,262.281,263.466,264.706,265.991,267.307,268.637,269.96,271.253,272.494,273.661,274.739,275.724,276.634,277.514,278.461,279.638,281.312
17460.0,88.482,101.696,114.248,126.226,137.695,148.702,159.281,169.454,179.234,188.62,197.604,206.164,214.263,221.851,228.861,235.212,240.809,245.551,249.348,252.137,253.922,254.8,254.994,254.832,254.67,254.763,255.177,255.822,256.572,257.368,258.212,259.123,260.105,261.159,262.281,263.466,264.706,265.991,267.307,268.637,269.96,271.253,272.494,273.661,274.739,275.724,276.634,277.514,278.461,279.638,281.312
17520.0,88.469,101.676,114.22,126.192,137.656,148.658,159.233,169.403,179.18,188.565,197.548,206.107,214.207,221.797,228.81,235.164,240.765,245.514,249.317,252.114,253.905,254.791,254.99,254.832,254.671,254.764,255.178,255.822,256.572,257.368,258.212,259.123,260.105,261.159,262.281,263.466,264.706,265.991,267.307,268.637,269.96,271.253,272.494,273.661,274.739,275.724,276.634,277.514,278.461,279.638,281.312
17580.0,88.456,101.655,114.193,126.158,137.617,148.614,159.186,169.352,179.126,188.509,197.491,206.05,214.151,221.742,228.758,235.116,240.722,245.476,249.286,252.09,253.889,254.781,254.987,254.832,254.673,254.765,255.179,255.822,256.572,257.368,258.212,259.123,260.105,261.159,262.281,263.465,264.706,265.991,267.307,268.637,269.96,271.253,272.494,273.661,274.739,275.724,276.634,277.514,278.461,279.638,281.312
17640.0,88.442,101.634,114.165,126.125,137.578,148.571,159.138,169.301,179.073,188.454,197.435,205.994,214.095,221.688,228.706,235.068,240.679,245.438,249.255,252.067,253.873,254.772,254.983,254.832,254.674,254.767,255.179,255.822,256.572,257.367,258.212,259.123,260.105,261.159,262.281,263.465,264.706,265.991,267.307,268.637,269.96,271.253,272.494,273.661,274.739,275.724,276.634,277.514,278.461,279.638,281.312
17700.0,88.429,101.614,114.138,126.091,137.539,148.527,159.09,169.25,179.019,188.399,197.379,205.938,214.039,221.634,228.655,235.02,240.636,245.401,249.224,252.043,253.857,254.763,254.98,254.833,254.676,254.768,255.18,255.822,256.572,257.367,258.212,259.122,260.105,261.159,262.281,263.465,264.706,265.991,267.307,268.637,269.96,271.253,272.494,273.661,274.739,275.724,276.634,277.514,278.461,279.638,281.312
17760.0,88.416,101.593,114.111,126.058,137.5,148.484,159.043,169.2,178.966,188.344,197.323,205.881,213.984,221.58,228.603,234.972,240.592,245.363,249.193,252.019,253.841,254.754,254.976,254.833,254.677,254.769,255.18,255.822,256.572,257.367,258.212,259.122,260.105,261.159,262.281,263.465,264.706,265.991,267.307,268.637,269.96,271.253,272.494,273.661,274.739,275.724,276.634,277.514,278.461,279.638,281.312
17820.0,88.403,101.572,114.083,126.025,137.461,148.44,158.995,169.149,178.913,188.289,197.267,205.825,213.928,221.526,228.552,234.924,240.549,245.326,249.162,251.996,253.825,254.745,254.973,254.833,254.679,254.771,255.181,255.823,256.572,257.367,258.212,259.122,260.105,261.159,262.281,263.465,264.706,265.991,267.307,268.637,269.96,271.253,272.494,273.661,274.739,275.724,276.634,277.514,278.461,279.638,281.312
17880.0,88.39,101.552,114.056,125.991,137.422,148.397,158.948,169.098,178.86,188.234,197.211,205.769,213.873,221.472,228.501,234.877,240.506,245.288,249.131,251.972,253.809,254.735,254.969,254.833,254.68,254.772,255.182,255.823,256.571,257.367,258.212,259.122,260.105,261.159,262.28,263.465,264.706,265.991,267.307,268.637,269.96,271.253,272.494,273.661,274.739,275.724,276.634,277.514,278.461,279.638,281.312
17940.0,88.377,101.531,114.029,125.958,137.384,148.354,158.901,169.048,178.807,188.179,197.155,205.713,213.817,221.418,228.449,234.829,240.463,245.251,249.101,251.948,253.792,254.726,254.965,254.833,254.682,254.773,255.182,255.823,256.571,257.367,258.212,259.122,260.105,261.159,262.28,263.465,264.706,265.991,267.307,268.637,269.96,271.253,272.494,273.661,274.739,275.724,276.634,277.514,278.461,279.638,281.312
18000.0,88.364,101.511,114.002,125.925,137.345,148.31,158.853,168.997,178.754,188.124,197.099,205.657,213.762,221.365,228.398,234.781,240.42,245.214,249.07,251.925,253.776,254.717,254.962,254.833,254.683,254.775,255.183,255.823,256.571,257.367,258.212,259.122,260.105,261.159,262.28,263.465,264.706,265.991,267.307,268.637,269.96,271.253,272.494,273.661,274.739,275.724,276.633,277.514,278.461,279.638,281.312
18060.0,88.351,101.491,113.974,125.892,137.307,148.267,158.806,168.947,178.701,188.069,197.043,205.601,213.707,221.311,228.347,234.734,240.377,245.176,249.039,251.901,253.76,254.708,254.958,254.833,254.685,254.776,255.184,255.823,256.571,257.367,258.212,259.122,260.105,261.159,262.28,263.465,264.706,265.991,267.307,268.637,269.96,271.253,272.494,273.661,274.739,275.724,276.633,277.514,278.461,279.638,281.312
18120.0,88.338,101.47,113.947,125.859,137.268,148.224,158.759,168.897,178.648,188.015,196.988,205.545,213.652,221.257,228.296,234.686,240.334,245.139,249.008,251.878,253.744,254.698,254.954,254.833,254.686,254.778,255.184,255.823,256.571,257.367,258.212,259.122,260.105,261.159,262.28,263.465,264.706,265.991,267.307,268.637,269.96,271.253,272.494,273.661,274.739,275.724,276.633,277.514,278.461,279.638,281.312
18180.0,88.325,101.45,113.92,125.826,137.23,148.181,158.712,168.846,178.595,187.96,196.932,205.489,213.597,221.204,228.245,234.639,240.291,245.101,248.977,251.854,253.727,254.689,254.951,254.832,254.688,254.779,255.185,255.823,256.571,257.367,258.212,259.122,260.105,261.159,262.28,263.465,264.706,265.991,267.307,268.637,269.96,271.253,272.494,273.661,274.739,275.724,276.633,277.514,278.461,279.638,281.312
18240.0,88.312,101.429,113.893,125.793,137.192,148.138,158.666,168.796,178.543,187.906,196.877,205.434,213.542,221.15,228.194,234.591,240.248,245.064,248.946,251.83,253.711,254.679,254.947,254.832,254.689,254.78,255.185,255.823,256.571,257.367,258.212,259.122,260.105,261.159,262.28,263.465,264.705,265.991,267.307,268.637,269.96,271.253,272.494,273.661,274.739,275.724,276.633,277.514,278.461,279.638,281.312
18300.0,88.299,101.409,113.867,125.76,137.154,148.095,158.619,168.746,178.49,187.852,196.821,205.378,213.487,221.097,228.143,234.544,240.205,245.027,248.916,251.807,253.695,254.67,254.943,254.832,254.691,254.782,255.186,255.823,256.571,257.367,258.211,259.122,260.105,261.158,262.28,263.465,264.705,265.991,267.307,268.637,269.96,271.253,272.494,273.661,274.739,275.724,276.633,277.514,278.461,279.638,281.312
18360.0,88.286,101.389,113.84,125.727,137.115,148.053,158.572,168.696,178.438,187.797,196.766,205.323,213.432,221.043,228.092,234.496,240.162,244.99,248.885,251.783,253.678,254.661,254.939,254.832,254.692,254.783,255.187,255.823,256.571,257.366,258.211,259.122,260.105,261.158,262.28,263.465,264.705,265.991,267.307,268.637,269.96,271.253,272.494,273.661,274.739,275.724,276.633,277.514,278.461,279.638,281.312
18420.0,88.273,101.369,113.813,125.694,137.077,148.01,158.525,168.647,178.385,187.743,196.711,205.267,213.377,220.99,228.041,234.449,240.119,244.952,248.854,251.759,253.662,254.651,254.935,254.832,254.693,254.784,255.187,255.823,256.571,257.366,258.211,259.122,260.105,261.158,262.28,263.465,264.705,265.991,267.307,268.637,269.96,271.253,272.494,273.661,274.739,275.724,276.633,277.514,278.461,279.638,281.312
18480.0,88.26,101.349,113.786,125.661,137.039,147.967,158.479,168.597,178.333,187.689,196.656,205.212,213.322,220.937,227.991,234.402,240.077,244.915,248.823,251.735,253.646,254.642,254.931,254.832,254.695,254.786,255.188,255.823,256.571,257.366,258.211,259.122,260.105,261.158,262.28,263.465,264.705,265.991,267.307,268.637,269.96,271.253,272.494,273.661,274.739,275.724,276.633,277.514,278.461,279.638,281.312
18540.0,88.247,101.328,113.759,125.629,137.001,147.925,158.432,168.547,178.281,187.635,196.601,205.157,213.268,220.884,227.94,234.355,240.034,244.878,248.792,251.712,253.629,254.632,254.928,254.832,254.696,254.787,255.189,255.824,256.57,257.366,258.211,259.122,260.105,261.158,262.28,263.465,264.705,265.991,267.307,268.637,269.959,271.253,272.494,273.661,274.739,275.724,276.633,277.514,278.461,279.638,281.312
18600.0,88.234,101.308,113.733,125.596,136.964,147.882,158.386,168.498,178.229,187.581,196.546,205.102,213.213,220.831,227.889,234.307,239.991,244.841,248.762,251.688,253.613,254.623,254.924,254.831,254.697,254.788,255.189,255.824,256.57,257.366,258.211,259.122,260.105,261.158,262.28,263.465,264.705,265.991,267.307,268.637,269.959,271.253,272.494,273.661,274.739,275.724,276.633,277.514,278.461,279.638,281.312
18660.0,88.221,101.288,113.706,125.564,136.926,147.84,158.34,168.448,178.177,187.527,196.491,205.046,213.159,220.778,227.839,234.26,239.949,244.803,248.731,251.664,253.596,254.613,254.92,254.831,254.699,254.79,255.19,255.824,256.57,257.366,258.211,259.122,260.104,261.158,262.28,263.465,264.705,265.991,267.307,268.637,269.959,271.253,272.494,273.661,274.739,275.724,276.633,277.514,278.461,279.638,281.312
18720.0,88.209,101.268,113.679,125.531,136.888,147.798,158.294,168.399,178.125,187.474,196.436,204.991,213.104,220.725,227.788,234.213,239.906,244.766,248.7,251.641,253.58,254.604,254.916,254.831,254.7,254.791,255.191,255.824,256.57,257.366,258.211,259.122,260.104,261.158,262.28,263.465,264.705,265.991,267.307,268.636,269.959,271.253,272.494,273.661,274.739,275.724,276.633,277.514,278.461,279.638,281.312
18780.0,88.196,101.248,113.653,125.499,136.85,147.755,158.247,168.349,178.073,187.42,196.382,204.937,213.05,220.672,227.738,234.166,239.863,244.729,248.669,251.617,253.564,254.594,254.912,254.831,254.702,254.792,255.191,255.824,256.57,257.366,258.211,259.122,260.104,261.158,262.28,263.465,264.705,265.99,267.307,268.636,269.959,271.253,272.494,273.661,274.739,275.724,276.633,277.514,278.461,279.638,281.312
18840.0,88.183,101.228,113.626,125.466,136.813,147.713,158.201,168.3,178.021,187.366,196.327,204.882,212.996,220.619,227.687,234.119,239.821,244.692,248.638,251.593,253.547,254.584,254.908,254.83,254.703,254.794,255.192,255.824,256.57,257.366,258.211,259.122,260.104,261.158,262.28,263.465,264.705,265.99,267.307,268.636,269.959,271.253,272.494,273.661,274.739,275.724,276.633,277.514,278.461,279.638,281.312
18900.0,88.17,101.208,113.6,125.434,136.775,147.671,158.155,168.251,177.969,187.313,196.273,204.827,212.941,220.566,227.637,234.072,239.778,244.655,248.608,251.57,253.531,254.575,254.904,254.83,254.704,254.795,255.193,255.824,256.57,257.366,258.211,259.122,260.104,261.158,262.28,263.465,264.705,265.99,267.307,268.636,269.959,271.253,272.494,273.661,274.739,275.724,276.633,277.514,278.461,279.638,281.312
18960.0,88.158,101.189,113.574,125.402,136.738,147.629,158.109,168.202,177.918,187.26,196.218,204.772,212.887,220.514,227.587,234.025,239.736,244.618,248.577,251.546,253.514,254.565,254.9,254.83,254.705,254.796,255.193,255.824,256.57,257.366,258.211,259.122,260.104,261.158,262.28,263.465,264.705,265.99,267.307,268.636,269.959,271.253,272.494,273.661,274.739,275.724,276.633,277.514,278.461,279.638,281.312
19020.0,88.145,101.169,113.547,125.369,136.7,147.587,158.064,168.153,177.866,187.206,196.164,204.718,212.833,220.461,227.536,233.978,239.693,244.581,248.546,251.522,253.498,254.555,254.896,254.829,254.707,254.797,255.194,255.824,256.57,257.366,258.211,259.122,260.104,261.158,262.28,263.465,264.705,265.99,267.307,268.636,269.959,271.253,272.494,273.661,274.739,275.724,276.633,277.514,278.461,279.638,281.312
19080.0,88.132,101.149,113.521,125.337,136.663,147.545,158.018,168.104,177.815,187.153,196.11,204.663,212.779,220.409,227.486,233.932,239.651,244.544,248.516,251.498,253.481,254.546,254.892,254.829,254.708,254.799,255.195,255.824,256.57,257.366,258.211,259.122,260.104,261.158,262.28,263.465,264.705,265.99,267.307,268.636,269.959,271.253,272.494,273.661,274.739,275.724,276.633,277.514,278.461,279.638,281.312
19140.0,88.119,101.129,113.495,125.305,136.626,147.503,157.972,168.055,177.763,187.1,196.055,204.609,212.725,220.356,227.436,233.885,239.609,244.507,248.485,251.475,253.465,254.536,254.888,254.829,254.709,254.8,255.195,255.825,256.57,257.365,258.211,259.121,260.104,261.158,262.28,263.465,264.705,265.99,267.307,268.636,269.959,271.253,272.494,273.661,274.738,275.724,276.633,277.514,278.461,279.638,281.312
19200.0,88.107,101.109,113.468,125.273,136.588,147.462,157.927,168.006,177.712,187.047,196.001,204.554,212.672,220.304,227.386,233.838,239.566,244.47,248.454,251.451,253.448,254.526,254.883,254.828,254.711,254.801,255.196,255.825,256.569,257.365,258.211,259.121,260.104,261.158,262.28,263.465,264.705,265.99,267.306,268.636,269.959,271.253,272.494,273.661,274.738,275.724,276.633,277.514,278.461,279.638,281.312
19260.0,88.094,101.09,113.442,125.241,136.551,147.42,157.881,167.957,177.661,186.994,195.947,204.5,212.618,220.251,227.336,233.792,239.524,244.433,248.423,251.427,253.432,254.516,254.879,254.828,254.712,254.803,255.196,255.825,256.569,257.365,258.211,259.121,260.104,261.158,262.28,263.464,264.705,265.99,267.306,268.636,269.959,271.253,272.494,273.661,274.738,275.724,276.633,277.514,278.461,279.638,281.312
19320.0,88.082,101.07,113.416,125.209,136.514,147.378,157.836,167.909,177.61,186.941,195.893,204.446,212.564,220.199,227.286,233.745,239.482,244.396,248.393,251.403,253.415,254.507,254.875,254.828,254.713,254.804,255.197,255.825,256.569,257.365,258.211,259.121,260.104,261.158,262.28,263.464,264.705,265.99,267.306,268.636,269.959,271.253,272.494,273.661,274.738,275.724,276.633,277.514,278.461,279.638,281.312
19380.0,88.069,101.05,113.39,125.177,136.477,147.337,157.79,167.86,177.559,186.888,195.839,204.392,212.51,220.147,227.236,233.698,239.439,244.359,248.362,251.38,253.398,254.497,254.871,254.827,254.714,254.805,255.198,255.825,256.569,257.365,258.211,259.121,260.104,261.158,262.28,263.464,264.705,265.99,267.306,268.636,269.959,271.253,272.494,273.66,274.738,275.724,276.633,277.514,278.461,279.638,281.312
19440.0,88.056,101.031,113.364,125.146,136.44,147.295,157.745,167.812,177.508,186.835,195.786,204.338,212.457,220.095,227.187,233.652,239.397,244.322,248.331,251.356,253.382,254.487,254.867,254.827,254.716,254.807,255.198,255.825,256.569,257.365,258.211,259.121,260.104,261.158,262.279,263.464,264.705,265.99,267.306,268.636,269.959,271.253,272.493,273.66,274.738,275.724,276.633,277.514,278.461,279.638,281.312
19500.0,88.044,101.011,113.338,125.114,136.403,147.254,157.7,167.763,177.457,186.783,195.732,204.284,212.403,220.043,227.137,233.605,239.355,244.285,248.301,251.332,253.365,254.477,254.862,254.826,254.717,254.808,255.199,255.825,256.569,257.365,258.21,259.121,260.104,261.158,262.279,263.464,264.705,265.99,267.306,268.636,269.959,271.253,272.493,273.66,274.738,275.724,276.633,277.514,278.461,279.638,281.312
19560.0,88.031,100.992,113.312,125.082,136.367,147.213,157.655,167.715,177.406,186.73,195.678,204.23,212.35,219.991,227.087,233.559,239.313,244.249,248.27,251.308,253.348,254.467,254.858,254.826,254.718,254.809,255.2,255.825,256.569,257.365,258.21,259.121,260.104,261.158,262.279,263.464,264.705,265.99,267.306,268.636,269.959,271.253,272.493,273.66,274.738,275.724,276.633,277.514,278.461,279.638,281.312
19620.0,88.019,100.972,113.286,125.051,136.33,147.172,157.61,167.667,177.356,186.678,195.625,204.176,212.297,219.939,227.038,233.513,239.271,244.212,248.24,251.284,253.332,254.457,254.854,254.825,254.719,254.81,255.2,255.825,256.569,257.365,258.21,259.121,260.104,261.158,262.279,263.464,264.705,265.99,267.306,268.636,269.959,271.253,272.493,273.66,274.738,275.724,276.633,277.514,278.461,279.638,281.312
19680.0,88.006,100.953,113.26,125.019,136.293,147.13,157.565,167.619,177.305,186.625,195.571,204.122,212.244,219.887,226.988,233.466,239.229,244.175,248.209,251.261,253.315,254.447,254.849,254.825,254.72,254.812,255.201,255.826,256.569,257.365,258.21,259.121,260.104,261.158,262.279,263.464,264.705,265.99,267.306,268.636,269.959,271.253,272.493,273.66,274.738,275.724,276.633,277.514,278.461,279.638,281.312
19740.0,87.994,100.933,113.235,124.987,136.256,147.089,157.52,167.571,177.254,186.573,195.518,204.068,212.19,219.835,226.938,233.42,239.187,244.138,248.178,251.237,253.298,254.437,254.845,254.824,254.722,254.813,255.202,255.826,256.569,257.365,258.21,259.121,260.104,261.158,262.279,263.464,264.705,265.99,267.306,268.636,269.959,271.253,272.493,273.66,274.738,275.724,276.633,277.514,278.461,279.638,281.312
19800.0,87.981,100.914,113.209,124.956,136.22,147.048,157.475,167.523,177.204,186.521,195.465,204.015,212.137,219.783,226.889,233.374,239.145,244.101,248.148,251.213,253.282,254.427,254.841,254.823,254.723,254.814,255.202,255.826,256.569,257.365,258.21,259.121,260.104,261.157,262.279,263.464,264.705,265.99,267.306,268.636,269.959,271.253,272.493,273.66,274.738,275.724,276.633,277.514,278.461,279.638,281.312
19860.0,87.969,100.894,113.183,124.925,136.183,147.007,157.43,167.475,177.153,186.469,195.411,203.961,212.084,219.732,226.84,233.328,239.103,244.065,248.117,251.189,253.265,254.417,254.836,254.823,254.724,254.815,255.203,255.826,256.569,257.364,258.21,259.121,260.104,261.157,262.279,263.464,264.705,265.99,267.306,268.636,269.959,271.253,272.493,273.66,274.738,275.724,276.633,277.514,278.461,279.638,281.312
19920.0,87.957,100.875,113.157,124.893,136.147,146.966,157.385,167.427,177.103,186.417,195.358,203.908,212.031,219.68,226.79,233.282,239.061,244.028,248.087,251.166,253.248,254.407,254.832,254.822,254.725,254.817,255.204,255.826,256.568,257.364,258.21,259.121,260.104,261.157,262.279,263.464,264.705,265.99,267.306,268.636,269.959,271.252,272.493,273.66,274.738,275.724,276.633,277.514,278.461,279.638,281.312
19980.0,87.944,100.856,113.132,124.862,136.111,146.926,157.341,167.379,177.053,186.365,195.305,203.854,211.978,219.629,226.741,233.235,239.019,243.991,248.056,251.142,253.232,254.397,254.828,254.822,254.726,254.818,255.204,255.826,256.568,257.364,258.21,259.121,260.104,261.157,262.279,263.464,264.705,265.99,267.306,268.636,269.959,271.252,272.493,273.66,274.738,275.724,276.633,277.514,278.461,279.638,281.312
20040.0,87.932,100.836,113.106,124.831,136.074,146.885,157.296,167.331,177.003,186.313,195.252,203.801,211.926,219.577,226.692,233.189,238.977,243.955,248.025,251.118,253.215,254.387,254.823,254.821,254.727,254.819,255.205,255.826,256.568,257.364,258.21,259.121,260.104,261.157,262.279,263.464,264.704,265.99,267.306,268.636,269.959,271.252,272.493,273.66,274.738,275.724,276.633,277.514,278.461,279.638,281.312
20100.0,87.919,100.817,113.081,124.799,136.038,146.844,157.252,167.284,176.953,186.261,195.199,203.748,211.873,219.526,226.642,233.143,238.936,243.918,247.995,251.094,253.198,254.377,254.819,254.82,254.728,254.821,255.206,255.826,256.568,257.364,258.21,259.121,260.104,261.157,262.279,263.464,264.704,265.99,267.306,268.636,269.959,271.252,272.493,273.66,274.738,275.724,276.633,277.514,278.461,279.638,281.312
20160.0,87.907,100.798,113.055,124.768,136.002,146.804,157.207,167.236,176.903,186.209,195.146,203.695,211.82,219.474,226.593,233.098,238.894,243.881,247.964,251.07,253.181,254.367,254.814,254.82,254.729,254.822,255.206,255.827,256.568,257.364,258.21,259.121,260.103,261.157,262.279,263.464,264.704,265.99,267.306,268.636,269.959,271.252,272.493,273.66,274.738,275.724,276.633,277.514,278.461,279.638,281.312
20220.0,87.895,100.779,113.03,124.737,135.966,146.763,157.163,167.189,176.853,186.157,195.094,203.642,211.768,219.423,226.544,233.052,238.852,243.845,247.934,251.047,253.164,254.357,254.81,254.819,254.731,254.823,255.207,255.827,256.568,257.364,258.21,259.121,260.103,261.157,262.279,263.464,264.704,265.99,267.306,268.636,269.959,271.252,272.493,273.66,274.738,275.724,276.633,277.514,278.461,279.638,281.312
20280.0,87.882,100.759,113.004,124.706,135.93,146.723,157.119,167.142,176.803,186.106,195.041,203.589,211.715,219.372,226.495,233.006,238.81,243.808,247.903,251.023,253.148,254.347,254.805,254.818,254.732,254.824,255.208,255.827,256.568,257.364,258.21,259.121,260.103,261.157,262.279,263.464,264.704,265.99,267.306,268.636,269.959,271.252,272.493,273.66,274.738,275.724,276.633,277.514,278.461,279.638,281.312
20340.0,87.87,100.74,112.979,124.675,135.894,146.682,157.075,167.094,176.753,186.054,194.988,203.536,211.663,219.321,226.446,232.96,238.769,243.772,247.873,250.999,253.131,254.337,254.8,254.817,254.733,254.826,255.208,255.827,256.568,257.364,258.21,259.121,260.103,261.157,262.279,263.464,264.704,265.99,267.306,268.636,269.959,271.252,272.493,273.66,274.738,275.724,276.633,277.514,278.461,279.638,281.312
20400.0,87.858,100.721,112.954,124.644,135.858,146.642,157.031,167.047,176.704,186.003,194.936,203.483,211.61,219.27,226.397,232.914,238.727,243.735,247.842,250.975,253.114,254.327,254.796,254.817,254.734,254.827,255.209,255.827,256.568,257.364,258.21,259.121,260.103,261.157,262.279,263.464,264.704,265.99,267.306,268.636,269.959,271.252,272.493,273.66,274.738,275.724,276.633,277.514,278.461,279.638,281.312
20460.0,87.846,100.702,112.928,124.613,135.822,146.602,156.987,167.0,176.654,185.951,194.883,203.43,211.558,219.219,226.349,232.868,238.685,243.699,247.812,250.951,253.097,254.316,254.791,254.816,254.735,254.828,255.21,255.827,256.568,257.364,258.21,259.121,260.103,261.157,262.279,263.464,264.704,265.99,267.306,268.636,269.959,271.252,272.493,273.66,274.738,275.724,276.633,277.514,278.461,279.638,281.312
20520.0,87.833,100.683,112.903,124.582,135.786,146.561,156.943,166.953,176.605,185.9,194.831,203.377,211.506,219.168,226.3,232.823,238.644,243.662,247.781,250.928,253.08,254.306,254.787,254.815,254.736,254.829,255.21,255.827,256.568,257.364,258.21,259.121,260.103,261.157,262.279,263.464,264.704,265.99,267.306,268.636,269.959,271.252,272.493,273.66,274.738,275.724,276.633,277.514,278.461,279.638,281.312
20580.0,87.821,100.664,112.878,124.552,135.75,146.521,156.899,166.906,176.555,185.849,194.779,203.325,211.453,219.117,226.251,232.777,238.602,243.626,247.751,250.904,253.063,254.296,254.782,254.814,254.737,254.83,255.211,255.827,256.568,257.363,258.21,259.12,260.103,261.157,262.279,263.464,264.704,265.99,267.306,268.636,269.959,271.252,272.493,273.66,274.738,275.724,276.633,277.514,278.461,279.638,281.312
20640.0,87.809,100.645,112.853,124.521,135.714,146.481,156.855,166.859,176.506,185.798,194.727,203.272,211.401,219.066,226.202,232.732,238.561,243.589,247.72,250.88,253.047,254.286,254.777,254.814,254.738,254.832,255.212,255.828,256.568,257.363,258.209,259.12,260.103,261.157,262.279,263.464,264.704,265.99,267.306,268.636,269.959,271.252,272.493,273.66,274.738,275.724,276.633,277.514,278.461,279.638,281.312
20700.0,87.797,100.626,112.828,124.49,135.679,146.441,156.811,166.812,176.456,185.747,194.674,203.22,211.349,219.015,226.154,232.686,238.519,243.553,247.69,250.856,253.03,254.275,254.773,254.813,254.739,254.833,255.212,255.828,256.567,257.363,258.209,259.12,260.103,261.157,262.279,263.464,264.704,265.989,267.306,268.636,269.959,271.252,272.493,273.66,274.738,275.724,276.633,277.514,278.461,279.638,281.312
20760.0,87.785,100.607,112.803,124.46,135.643,146.401,156.768,166.765,176.407,185.696,194.622,203.167,211.297,218.964,226.105,232.641,238.478,243.517,247.659,250.832,253.013,254.265,254.768,254.812,254.74,254.834,255.213,255.828,256.567,257.363,258.209,259.12,260.103,261.157,262.279,263.464,264.704,265.989,267.306,268.636,269.959,271.252,272.493,273.66,274.738,275.724,276.633,277.514,278.461,279.638,281.312
20820.0,87.773,100.588,112.778,124.429,135.608,146.361,156.724,166.719,176.358,185.645,194.57,203.115,211.245,218.914,226.057,232.595,238.437,243.48,247.629,250.808,252.996,254.255,254.763,254.811,254.741,254.835,255.214,255.828,256.567,257.363,258.209,259.12,260.103,261.157,262.279,263.464,264.704,265.989,267.306,268.636,269.959,271.252,272.493,273.66,274.738,275.724,276.633,277.514,278.461,279.638,281.312
20880.0,87.76,100.57,112.753,124.399,135.572,146.322,156.681,166.672,176.309,185.594,194.518,203.063,211.193,218.863,226.008,232.55,238.395,243.444,247.599,250.785,252.979,254.244,254.758,254.81,254.742,254.836,255.214,255.828,256.567,257.363,258.209,259.12,260.103,261.157,262.279,263.464,264.704,265.989,267.306,268.636,269.959,271.252,272.493,273.66,274.738,275.724,276.633,277.514,278.461,279.638,281.312
20940.0,87.748,100.551,112.728,124.368,135.537,146.282,156.637,166.626,176.26,185.543,194.467,203.01,211.142,218.812,225.96,232.504,238.354,243.408,247.568,250.761,252.962,254.234,254.754,254.809,254.743,254.838,255.215,255.828,256.567,257.363,258.209,259.12,260.103,261.157,262.279,263.463,264.704,265.989,267.306,268.636,269.959,271.252,272.493,273.66,274.738,275.724,276.633,277.514,278.461,279.638,281.312
21000.0,87.736,100.532,112.703,124.338,135.502,146.242,156.594,166.579,176.211,185.492,194.415,202.958,211.09,218.762,225.911,232.459,238.313,243.371,247.538,250.737,252.945,254.224,254.749,254.808,254.744,254.839,255.216,255.828,256.567,257.363,258.209,259.12,260.103,261.157,262.279,263.463,264.704,265.989,267.306,268.635,269.959,271.252,272.493,273.66,274.738,275.724,276.633,277.514,278.461,279.638,281.312
21060.0,87.724,100.513,112.678,124.307,135.466,146.203,156.55,166.533,176.162,185.442,194.363,202.906,211.038,218.712,225.863,232.414,238.271,243.335,247.507,250.713,252.928,254.213,254.744,254.807,254.745,254.84,255.216,255.829,256.567,257.363,258.209,259.12,260.103,261.157,262.278,263.463,264.704,265.989,267.306,268.635,269.958,271.252,272.493,273.66,274.738,275.724,276.633,277.514,278.461,279.638,281.312
21120.0,87.712,100.495,112.653,124.277,135.431,146.163,156.507,166.486,176.114,185.391,194.311,202.854,210.987,218.661,225.815,232.369,238.23,243.299,247.477,250.689,252.911,254.203,254.739,254.806,254.746,254.841,255.217,255.829,256.567,257.363,258.209,259.12,260.103,261.157,262.278,263.463,264.704,265.989,267.306,268.635,269.958,271.252,272.493,273.66,274.738,275.724,276.633,277.514,278.461,279.638,281.312
21180.0,87.7,100.476,112.628,124.247,135.396,146.124,156.464,166.44,176.065,185.341,194.26,202.802,210.935,218.611,225.767,232.324,238.189,243.263,247.447,250.665,252.894,254.192,254.734,254.805,254.747,254.842,255.218,255.829,256.567,257.363,258.209,259.12,260.103,261.157,262.278,263.463,264.704,265.989,267.306,268.635,269.958,271.252,272.493,273.66,274.738,275.724,276.633,277.514,278.461,279.638,281.312
21240.0,87.688,100.457,112.604,124.216,135.361,146.084,156.421,166.394,176.016,185.29,194.208,202.75,210.884,218.561,225.719,232.278,238.148,243.227,247.416,250.641,252.877,254.182,254.729,254.804,254.747,254.844,255.218,255.829,256.567,257.363,258.209,259.12,260.103,261.157,262.278,263.463,264.704,265.989,267.306,268.635,269.958,271.252,272.493,273.66,274.738,275.724,276.633,277.514,278.461,279.638,281.312
21300.0,87.676,100.439,112.579,124.186,135.326,146.045,156.378,166.348,175.968,185.24,194.157,202.699,210.832,218.511,225.67,232.233,238.107,243.19,247.386,250.618,252.86,254.171,254.724,254.803,254.748,254.845,255.219,255.829,256.567,257.363,258.209,259.12,260.103,261.156,262.278,263.463,264.704,265.989,267.305,268.635,269.958,271.252,272.493,273.66,274.738,275.724,276.633,277.514,278.461,279.638,281.312
21360.0,87.664,100.42,112.554,124.156,135.291,146.006,156.335,166.302,175.919,185.19,194.106,202.647,210.781,218.46,225.622,232.188,238.066,243.154,247.356,250.594,252.843,254.161,254.719,254.802,254.749,254.846,255.22,255.829,256.567,257.362,258.209,259.12,260.103,261.156,262.278,263.463,264.704,265.989,267.305,268.635,269.958,271.252,272.493,273.66,274.738,275.724,276.633,277.514,278.461,279.638,281.312
21420.0,87.652,100.401,112.53,124.126,135.256,145.966,156.292,166.256,175.871,185.14,194.054,202.595,210.73,218.41,225.574,232.143,238.025,243.118,247.325,250.57,252.826,254.15,254.715,254.801,254.75,254.847,255.22,255.829,256.567,257.362,258.209,259.12,260.103,261.156,262.278,263.463,264.704,265.989,267.305,268.635,269.958,271.252,272.493,273.66,274.738,275.724,276.633,277.514,278.461,279.638,281.312
21480.0,87.64,100.383,112.505,124.096,135.221,145.927,156.249,166.21,175.823,185.09,194.003,202.544,210.679,218.36,225.527,232.098,237.984,243.082,247.295,250.546,252.809,254.14,254.71,254.8,254.751,254.848,255.221,255.83,256.566,257.362,258.209,259.12,260.103,261.156,262.278,263.463,264.704,265.989,267.305,268.635,269.958,271.252,272.493,273.66,274.738,275.724,276.633,277.514,278.461,279.638,281.312
21540.0,87.644,100.37,112.482,124.066,135.186,145.888,156.206,166.164,175.774,185.04,193.952,202.492,210.628,218.311,225.479,232.053,237.943,243.046,247.265,250.522,252.792,254.129,254.705,254.799,254.752,254.85,255.222,255.83,256.566,257.362,258.209,259.12,260.103,261.156,262.278,263.463,264.704,265.989,267.305,268.635,269.958,271.252,272.493,273.66,274.738,275.724,276.633,277.514,278.461,279.638,281.312
21600.0,88.391,100.621,112.518,124.045,135.152,145.849,156.164,166.119,175.726,184.99,193.901,202.441,210.576,218.261,225.431,232.009,237.902,243.01,247.234,250.498,252.775,254.119,254.7,254.798,254.753,254.851,255.222,255.83,256.566,257.362,258.209,259.12,260.102,261.156,262.278,263.463,264.704,265.989,267.305,268.635,269.958,271.252,272.493,273.66,274.738,275.724,276.633,277.514,278.461,279.638,281.313
21660.0,90.026,101.296,112.706,124.063,135.125,145.811,156.121,166.073,175.678,184.94,193.85,202.39,210.525,218.211,225.383,231.964,237.861,242.974,247.204,250.475,252.757,254.108,254.695,254.797,254.754,254.852,255.223,255.83,256.566,257.362,258.209,259.12,260.102,261.156,262.278,263.463,264.704,265.989,267.305,268.635,269.958,271.252,272.493,273.66,274.738,275.724,276.633,277.514,278.461,279.638,281.313
21720.0,92.667,102.514,113.131,124.16,135.119,145.777,156.079,166.027,175.63,184.89,193.799,202.338,210.475,218.161,225.335,231.919,237.82,242.938,247.174,250.451,252.74,254.098,254.689,254.796,254.754,254.853,255.224,255.83,256.566,257.362,258.209,259.12,260.102,261.156,262.278,263.463,264.704,265.989,267.305,268.635,269.958,271.252,272.493,273.66,274.738,275.724,276.633,277.514,278.461,279.638,281.313
21780.0,95.677,104.113,113.814,124.376,135.15,145.752,156.039,165.982,175.582,184.84,193.749,202.287,210.424,218.111,225.288,231.874,237.779,242.902,247.143,250.427,252.723,254.087,254.684,254.794,254.755,254.854,255.224,255.83,256.566,257.362,258.208,259.12,260.102,261.156,262.278,263.463,264.703,265.989,267.305,268.635,269.958,271.252,272.493,273.66,274.738,275.724,276.633,277.514,278.461,279.638,281.313
21840.0,98.924,105.992,114.727,124.726,135.238,145.744,156.003,165.938,175.535,184.791,193.698,202.236,210.373,218.062,225.24,231.83,237.739,242.866,247.113,250.403,252.706,254.076,254.679,254.793,254.756,254.855,255.225,255.83,256.566,257.362,258.208,259.12,260.102,261.156,262.278,263.463,264.703,265.989,267.305,268.635,269.958,271.252,272.493,273.66,274.738,275.724,276.633,277.514,278.461,279.638,281.313
21900.0,102.324,108.081,115.835,125.209,135.393,145.76,155.973,165.894,175.487,184.741,193.647,202.185,210.322,218.012,225.193,231.785,237.698,242.83,247.083,250.379,252.689,254.066,254.674,254.792,254.757,254.856,255.226,255.831,256.566,257.362,258.208,259.12,260.102,261.156,262.278,263.463,264.703,265.989,267.305,268.635,269.958,271.252,272.493,273.66,274.738,275.724,276.633,277.514,278.461,279.638,281.313
21960.0,105.812,110.325,117.108,125.819,135.621,145.809,155.953,165.854,175.44,184.692,193.597,202.134,210.272,217.963,225.145,231.74,237.657,242.794,247.053,250.355,252.672,254.055,254.669,254.791,254.758,254.858,255.226,255.831,256.566,257.362,258.208,259.12,260.102,261.156,262.278,263.463,264.703,265.989,267.305,268.635,269.958,271.252,272.493,273.66,274.738,275.724,276.633,277.514,278.461,279.638,281.313
22020.0,109.342,112.681,118.516,126.545,135.924,145.893,155.947,165.817,175.394,184.643,193.546,202.083,210.221,217.913,225.098,231.696,237.616,242.758,247.022,250.331,252.655,254.044,254.664,254.79,254.758,254.859,255.227,255.831,256.566,257.362,258.208,259.119,260.102,261.156,262.278,263.463,264.703,265.989,267.305,268.635,269.958,271.252,272.493,273.66,274.738,275.724,276.633,277.514,278.461,279.638,281.313
22080.0,112.878,115.116,120.033,127.375,136.3,146.019,155.958,165.785,175.349,184.594,193.496,202.032,210.171,217.864,225.05,231.651,237.576,242.722,246.992,250.307,252.637,254.034,254.659,254.788,254.759,254.86,255.228,255.831,256.566,257.361,258.208,259.119,260.102,261.156,262.278,263.463,264.703,265.989,267.305,268.635,269.958,271.252,272.493,273.66,274.738,275.724,276.633,277.514,278.461,279.638,281.313
22140.0,116.395,117.603,121.64,128.295,136.748,146.187,155.988,165.761,175.306,184.545,193.445,201.981,210.12,217.815,225.003,231.607,237.535,242.686,246.962,250.284,252.62,254.023,254.653,254.787,254.76,254.861,255.228,255.831,256.566,257.361,258.208,259.119,260.102,261.156,262.278,263.463,264.703,265.989,267.305,268.635,269.958,271.252,272.493,273.66,274.738,275.724,276.633,277.514,278.461,279.638,281.313
22200.0,119.873,120.121,123.315,129.296,137.262,146.398,156.041,165.744,175.266,184.497,193.395,201.931,210.07,217.765,224.956,231.563,237.494,242.651,246.932,250.26,252.603,254.012,254.648,254.786,254.761,254.862,255.229,255.831,256.566,257.361,258.208,259.119,260.102,261.156,262.278,263.463,264.703,265.989,267.305,268.635,269.958,271.252,272.493,273.66,274.738,275.724,276.633,277.514,278.461,279.638,281.313
22260.0,123.3,122.653,125.046,130.365,137.838,146.652,156.117,165.738,175.229,184.45,193.345,201.88,210.019,217.716,224.908,231.518,237.454,242.615,246.902,250.236,252.586,254.001,254.643,254.785,254.761,254.863,255.23,255.832,256.566,257.361,258.208,259.119,260.102,261.156,262.278,263.463,264.703,265.989,267.305,268.635,269.958,271.252,272.493,273.66,274.738,275.724,276.633,277.514,278.461,279.638,281.313
22320.0,126.667,125.187,126.818,131.493,138.471,146.949,156.217,165.743,175.195,184.405,193.296,201.83,209.969,217.667,224.861,231.474,237.413,242.579,246.872,250.212,252.569,253.99,254.638,254.783,254.762,254.864,255.23,255.832,256.566,257.361,258.208,259.119,260.102,261.156,262.278,263.463,264.703,265.989,267.305,268.635,269.958,271.252,272.493,273.66,274.738,275.724,276.633,277.514,278.461,279.638,281.313
22380.0,129.97,127.713,128.621,132.671,139.156,147.286,156.343,165.761,175.167,184.36,193.247,201.779,209.919,217.618,224.814,231.43,237.373,242.543,246.841,250.188,252.551,253.98,254.632,254.782,254.763,254.865,255.231,255.832,256.566,257.361,258.208,259.119,260.102,261.156,262.278,263.463,264.703,265.989,267.305,268.635,269.958,271.252,272.493,273.66,274.738,275.724,276.633,277.514,278.461,279.638,281.313
22440.0,133.206,130.225,130.446,133.891,139.887,147.663,156.495,165.792,175.144,184.318,193.198,201.729,209.869,217.569,224.767,231.385,237.332,242.507,246.811,250.164,252.534,253.969,254.627,254.781,254.763,254.867,255.232,255.832,256.565,257.361,258.208,259.119,260.102,261.156,262.278,263.463,264.703,265.989,267.305,268.635,269.958,271.252,272.493,273.66,274.738,275.724,276.633,277.514,278.461,279.638,281.313
22500.0,136.374,132.716,132.286,135.147,140.66,148.076,156.673,165.838,175.128,184.277,193.15,201.679,209.819,217.52,224.72,231.341,237.292,242.472,246.781,250.14,252.517,253.958,254.622,254.779,254.764,254.868,255.232,255.832,256.565,257.361,258.208,259.119,260.102,261.156,262.278,263.463,264.703,265.989,267.305,268.635,269.958,271.252,272.493,273.66,274.738,275.724,276.633,277.514,278.461,279.638,281.313
22560.0,139.473,135.183,134.135,136.433,141.471,148.524,156.876,165.898,175.118,184.239,193.102,201.629,209.769,217.471,224.673,231.297,237.252,242.436,246.751,250.116,252.499,253.947,254.616,254.778,254.765,254.869,255.233,255.832,256.565,257.361,258.208,259.119,260.102,261.156,262.278,263.463,264.703,265.988,267.305,268.635,269.958,271.252,272.493,273.66,274.738,275.724,276.633,277.514,278.461,279.638,281.313
22620.0,142.506,137.624,135.989,137.744,142.316,149.005,157.104,165.974,175.116,184.204,193.056,201.579,209.719,217.422,224.626,231.253,237.211,242.4,246.721,250.093,252.482,253.936,254.611,254.776,254.765,254.87,255.234,255.833,256.565,257.361,258.208,259.119,260.102,261.156,262.277,263.462,264.703,265.988,267.305,268.635,269.958,271.252,272.493,273.66,274.738,275.724,276.633,277.514,278.461,279.638,281.313
22680.0,145.472,140.037,137.844,139.075,143.19,149.516,157.356,166.065,175.122,184.172,193.01,201.53,209.669,217.373,224.579,231.209,237.171,242.365,246.691,250.069,252.465,253.925,254.606,254.775,254.766,254.871,255.234,255.833,256.565,257.361,258.208,259.119,260.102,261.156,262.277,263.462,264.703,265.988,267.305,268.635,269.958,271.252,272.493,273.66,274.738,275.724,276.633,277.514,278.461,279.638,281.313
22740.0,148.375,142.419,139.696,140.423,144.092,150.056,157.632,166.172,175.137,184.144,192.966,201.481,209.62,217.325,224.532,231.165,237.131,242.329,246.661,250.045,252.448,253.914,254.6,254.774,254.767,254.872,255.235,255.833,256.565,257.361,258.208,259.119,260.102,261.156,262.277,263.462,264.703,265.988,267.305,268.635,269.958,271.252,272.493,273.66,274.738,275.724,276.633,277.514,278.461,279.638,281.313
22800.0,151.216,144.772,141.544,141.784,145.017,150.622,157.93,166.294,175.16,184.12,192.924,201.433,209.57,217.276,224.486,231.121,237.09,242.294,246.631,250.021,252.43,253.903,254.595,254.772,254.767,254.873,255.236,255.833,256.565,257.361,258.208,259.119,260.102,261.156,262.277,263.462,264.703,265.988,267.305,268.635,269.958,271.251,272.493,273.66,274.738,275.724,276.633,277.514,278.461,279.638,281.313
22860.0,153.998,147.094,143.385,143.156,145.964,151.212,158.25,166.432,175.192,184.1,192.882,201.385,209.521,217.228,224.439,231.077,237.05,242.258,246.6,249.997,252.413,253.893,254.589,254.771,254.768,254.874,255.236,255.833,256.565,257.36,258.208,259.119,260.102,261.155,262.277,263.462,264.703,265.988,267.305,268.635,269.958,271.251,272.492,273.66,274.738,275.724,276.633,277.514,278.461,279.638,281.313
22920.0,156.722,149.386,145.218,144.537,146.93,151.825,158.591,166.586,175.234,184.085,192.843,201.337,209.472,217.179,224.392,231.033,237.01,242.222,246.57,249.973,252.396,253.882,254.584,254.769,254.769,254.875,255.237,255.833,256.565,257.36,258.207,259.119,260.102,261.155,262.277,263.462,264.703,265.988,267.305,268.635,269.958,271.251,272.492,273.66,274.738,275.724,276.633,277.514,278.461,279.638,281.313
22980.0,159.392,151.647,147.041,145.924,147.912,152.459,158.952,166.755,175.285,184.075,192.806,201.291,209.423,217.131,224.346,230.989,236.97,242.187,246.54,249.949,252.378,253.871,254.579,254.768,254.769,254.876,255.238,255.834,256.565,257.36,258.207,259.119,260.102,261.155,262.277,263.462,264.703,265.988,267.305,268.635,269.958,271.251,272.492,273.66,274.738,275.724,276.633,277.514,278.461,279.638,281.313
23040.0,162.008,153.878,148.854,147.315,148.909,153.112,159.331,166.939,175.346,184.069,192.771,201.245,209.374,217.082,224.299,230.945,236.93,242.151,246.51,249.925,252.361,253.86,254.573,254.766,254.77,254.877,255.238,255.834,256.565,257.36,258.207,259.119,260.102,261.155,262.277,263.462,264.703,265.988,267.305,268.635,269.958,271.251,272.492,273.66,274.738,275.723,276.633,277.514,278.461,279.638,281.313
23100.0,164.573,156.079,150.656,148.71,149.919,153.784,159.729,167.137,175.416,184.069,192.738,201.2,209.326,217.034,224.253,230.902,236.89,242.116,246.48,249.902,252.344,253.849,254.567,254.765,254.77,254.879,255.239,255.834,256.565,257.36,258.207,259.119,260.101,261.155,262.277,263.462,264.703,265.988,267.305,268.635,269.958,271.251,272.492,273.66,274.738,275.723,276.633,277.514,278.461,279.638,281.313
23160.0,167.09,158.251,152.446,150.108,150.94,154.472,160.144,167.35,175.496,184.075,192.708,201.155,209.278,216.986,224.206,230.858,236.85,242.08,246.45,249.878,252.326,253.838,254.562,254.763,254.771,254.88,255.24,255.834,256.565,257.36,258.207,259.119,260.101,261.155,262.277,263.462,264.703,265.988,267.305,268.635,269.958,271.251,272.492,273.66,274.738,275.723,276.633,277.514,278.461,279.638,281.313
23220.0,169.559,160.395,154.224,151.505,151.972,155.175,160.575,167.576,175.587,184.086,192.68,201.112,209.23,216.938,224.16,230.814,236.81,242.045,246.42,249.854,252.309,253.826,254.556,254.761,254.771,254.881,255.24,255.834,256.565,257.36,258.207,259.119,260.101,261.155,262.277,263.462,264.703,265.988,267.305,268.635,269.958,271.251,272.492,273.66,274.738,275.723,276.633,277.514,278.461,279.638,281.313
23280.0,171.984,162.511,155.989,152.903,153.013,155.893,161.021,167.817,175.687,184.103,192.655,201.07,209.183,216.89,224.114,230.771,236.77,242.01,246.39,249.83,252.291,253.815,254.551,254.76,254.772,254.882,255.241,255.834,256.565,257.36,258.207,259.119,260.101,261.155,262.277,263.462,264.703,265.988,267.305,268.634,269.958,271.251,272.492,273.66,274.738,275.723,276.633,277.514,278.461,279.638,281.313
23340.0,174.365,164.599,157.741,154.301,154.062,156.623,161.483,168.07,175.796,184.126,192.634,201.03,209.136,216.843,224.067,230.727,236.73,241.974,246.36,249.806,252.274,253.804,254.545,254.758,254.773,254.883,255.242,255.835,256.565,257.36,258.207,259.119,260.101,261.155,262.277,263.462,264.703,265.988,267.304,268.634,269.958,271.251,272.492,273.66,274.738,275.723,276.633,277.514,278.461,279.638,281.313
23400.0,176.704,166.661,159.481,155.696,155.118,157.366,161.958,168.336,175.915,184.155,192.615,200.99,209.089,216.795,224.021,230.684,236.69,241.939,246.33,249.782,252.257,253.793,254.54,254.757,254.773,254.884,255.242,255.835,256.565,257.36,258.207,259.119,260.101,261.155,262.277,263.462,264.703,265.988,267.304,268.634,269.958,271.251,272.492,273.66,274.738,275.723,276.633,277.514,278.461,279.638,281.313
23460.0,179.003,168.696,161.207,157.09,156.18,158.12,162.446,168.614,176.044,184.19,192.6,200.952,209.043,216.748,223.975,230.64,236.65,241.903,246.3,249.758,252.239,253.782,254.534,254.755,254.774,254.885,255.243,255.835,256.565,257.36,258.207,259.118,260.101,261.155,262.277,263.462,264.703,265.988,267.304,268.634,269.958,271.251,272.492,273.66,274.738,275.723,276.633,277.514,278.461,279.638,281.313
23520.0,181.263,170.707,162.921,158.481,157.247,158.884,162.947,168.905,176.182,184.231,192.588,200.915,208.998,216.7,223.929,230.597,236.61,241.868,246.27,249.734,252.222,253.771,254.528,254.753,254.774,254.886,255.244,255.835,256.564,257.36,258.207,259.118,260.101,261.155,262.277,263.462,264.703,265.988,267.304,268.634,269.958,271.251,272.492,273.66,274.738,275.723,276.633,277.514,278.461,279.638,281.313
23580.0,183.486,172.692,164.621,159.869,158.319,159.659,163.46,169.206,176.33,184.278,192.579,200.88,208.953,216.653,223.883,230.553,236.57,241.833,246.24,249.711,252.204,253.76,254.523,254.752,254.775,254.887,255.244,255.835,256.564,257.36,258.207,259.118,260.101,261.155,262.277,263.462,264.702,265.988,267.304,268.634,269.958,271.251,272.492,273.66,274.738,275.723,276.633,277.514,278.461,279.638,281.313
23640.0,185.673,174.653,166.309,161.253,159.395,160.442,163.985,169.519,176.487,184.332,192.574,200.847,208.909,216.607,223.837,230.51,236.53,241.797,246.21,249.687,252.187,253.749,254.517,254.75,254.775,254.888,255.245,255.835,256.564,257.359,258.207,259.118,260.101,261.155,262.277,263.462,264.702,265.988,267.304,268.634,269.957,271.251,272.492,273.659,274.738,275.723,276.633,277.514,278.461,279.638,281.313
23700.0,187.825,176.591,167.983,162.634,160.474,161.233,164.52,169.843,176.652,184.392,192.573,200.816,208.865,216.56,223.792,230.467,236.491,241.762,246.181,249.663,252.169,253.737,254.511,254.748,254.776,254.889,255.246,255.836,256.564,257.359,258.207,259.118,260.101,261.155,262.277,263.462,264.702,265.988,267.304,268.634,269.957,271.251,272.492,273.659,274.738,275.723,276.633,277.514,278.461,279.638,281.313
23760.0,189.944,178.506,169.644,164.01,161.556,162.033,165.065,170.177,176.827,184.458,192.575,200.786,208.823,216.514,223.746,230.423,236.451,241.727,246.151,249.639,252.152,253.726,254.505,254.747,254.776,254.89,255.246,255.836,256.564,257.359,258.207,259.118,260.101,261.155,262.277,263.462,264.702,265.988,267.304,268.634,269.957,271.251,272.492,273.659,274.738,275.723,276.633,277.514,278.461,279.638,281.313
23820.0,192.03,180.398,171.293,165.382,162.641,162.839,165.62,170.522,177.01,184.531,192.581,200.758,208.781,216.468,223.7,230.38,236.411,241.692,246.121,249.615,252.134,253.715,254.5,254.745,254.776,254.891,255.247,255.836,256.564,257.359,258.207,259.118,260.101,261.155,262.277,263.462,264.702,265.988,267.304,268.634,269.957,271.251,272.492,273.659,274.738,275.723,276.633,277.514,278.461,279.638,281.313
23880.0,194.085,182.268,172.929,166.75,163.728,163.652,166.184,170.876,177.201,184.61,192.591,200.732,208.74,216.422,223.655,230.337,236.372,241.657,246.091,249.591,252.117,253.704,254.494,254.743,254.777,254.892,255.248,255.836,256.564,257.359,258.207,259.118,260.101,261.155,262.277,263.462,264.702,265.988,267.304,268.634,269.957,271.251,272.492,273.659,274.738,275.723,276.633,277.514,278.461,279.638,281.313
23940.0,196.11,184.117,174.552,168.113,164.816,164.472,166.757,171.239,177.401,184.695,192.605,200.709,208.7,216.377,223.61,230.294,236.332,241.621,246.061,249.567,252.099,253.692,254.488,254.741,254.777,254.893,255.248,255.836,256.564,257.359,258.207,259.118,260.101,261.155,262.277,263.462,264.702,265.988,267.304,268.634,269.957,271.251,272.492,273.659,274.738,275.723,276.633,277.514,278.461,279.638,281.313
24000.0,198.105,185.945,176.163,169.471,165.906,165.297,167.339,171.612,177.609,184.786,192.623,200.687,208.66,216.332,223.564,230.251,236.292,241.586,246.031,249.543,252.082,253.681,254.482,254.74,254.778,254.894,255.249,255.837,256.564,257.359,258.207,259.118,260.101,261.155,262.277,263.462,264.702,265.988,267.304,268.634,269.957,271.251,272.492,273.659,274.738,275.723,276.633,277.514,278.461,279.638,281.313
24060.0,200.071,187.752,177.762,170.824,166.997,166.127,167.928,171.993,177.825,184.883,192.645,200.668,208.622,216.288,223.519,230.208,236.253,241.551,246.001,249.52,252.064,253.67,254.476,254.738,254.778,254.895,255.249,255.837,256.564,257.359,258.206,259.118,260.101,261.155,262.277,263.462,264.702,265.988,267.304,268.634,269.957,271.251,272.492,273.659,274.738,275.723,276.633,277.514,278.461,279.638,281.313
24120.0,202.01,189.539,179.348,172.172,168.088,166.963,168.525,172.383,178.049,184.987,192.671,200.651,208.585,216.244,223.475,230.165,236.213,241.516,245.971,249.496,252.047,253.659,254.471,254.736,254.779,254.896,255.25,255.837,256.564,257.359,258.206,259.118,260.101,261.155,262.277,263.462,264.702,265.988,267.304,268.634,269.957,271.251,272.492,273.659,274.738,275.723,276.633,277.514,278.461,279.638,281.313
24180.0,203.922,191.307,180.922,173.515,169.18,167.803,169.129,172.781,178.28,185.096,192.701,200.636,208.549,216.2,223.43,230.122,236.174,241.481,245.942,249.472,252.029,253.647,254.465,254.734,254.779,254.897,255.251,255.837,256.564,257.359,258.206,259.118,260.101,261.155,262.277,263.462,264.702,265.988,267.304,268.634,269.957,271.251,272.492,273.659,274.738,275.723,276.633,277.514,278.461,279.638,281.313
24240.0,205.808,193.056,182.485,174.852,170.272,168.648,169.74,173.186,178.519,185.212,192.735,200.623,208.514,216.157,223.385,230.08,236.135,241.446,245.912,249.448,252.012,253.636,254.459,254.732,254.779,254.898,255.251,255.837,256.564,257.359,258.206,259.118,260.101,261.155,262.276,263.462,264.702,265.988,267.304,268.634,269.957,271.251,272.492,273.659,274.738,275.723,276.633,277.514,278.461,279.638,281.313
24300.0,207.669,194.785,184.035,176.184,171.364,169.496,170.358,173.6,178.766,185.333,192.774,200.613,208.48,216.114,223.341,230.037,236.095,241.411,245.882,249.424,251.994,253.625,254.453,254.73,254.78,254.899,255.252,255.838,256.564,257.359,258.206,259.118,260.101,261.155,262.276,263.461,264.702,265.988,267.304,268.634,269.957,271.251,272.492,273.659,274.738,275.723,276.633,277.514,278.461,279.638,281.313
24360.0,209.505,196.497,185.574,177.51,172.456,170.348,170.982,174.021,179.019,185.461,192.816,200.606,208.448,216.072,223.297,229.994,236.056,241.376,245.852,249.4,251.977,253.613,254.447,254.728,254.78,254.9,255.253,255.838,256.564,257.359,258.206,259.118,260.101,261.154,262.276,263.461,264.702,265.988,267.304,268.634,269.957,271.251,272.492,273.659,274.738,275.723,276.633,277.514,278.461,279.638,281.313
24420.0,211.317,198.191,187.101,178.831,173.547,171.204,171.612,174.449,179.279,185.594,192.863,200.601,208.417,216.03,223.253,229.952,236.016,241.341,245.822,249.376,251.959,253.602,254.441,254.727,254.78,254.901,255.253,255.838,256.564,257.358,258.206,259.118,260.101,261.154,262.276,263.461,264.702,265.988,267.304,268.634,269.957,271.251,272.492,273.659,274.738,275.723,276.633,277.514,278.461,279.638,281.313
24480.0,213.106,199.867,188.616,180.146,174.638,172.063,172.248,174.884,179.547,185.733,192.913,200.598,208.387,215.989,223.209,229.909,235.977,241.306,245.793,249.352,251.941,253.59,254.435,254.725,254.781,254.902,255.254,255.838,256.564,257.358,258.206,259.118,260.101,261.154,262.276,263.461,264.702,265.987,267.304,268.634,269.957,271.251,272.492,273.659,274.738,275.723,276.633,277.514,278.461,279.638,281.313
24540.0,214.872,201.525,190.121,181.456,175.727,172.925,172.889,175.325,179.82,185.877,192.968,200.598,208.358,215.948,223.165,229.867,235.938,241.271,245.763,249.329,251.924,253.579,254.429,254.723,254.781,254.903,255.255,255.838,256.564,257.358,258.206,259.118,260.101,261.154,262.276,263.461,264.702,265.987,267.304,268.634,269.957,271.251,272.492,273.659,274.738,275.723,276.633,277.514,278.461,279.638,281.313
24600.0,216.616,203.167,191.614,182.76,176.816,173.789,173.536,175.773,180.101,186.028,193.027,200.601,208.331,215.909,223.122,229.825,235.899,241.236,245.733,249.305,251.906,253.568,254.423,254.721,254.781,254.904,255.255,255.838,256.564,257.358,258.206,259.118,260.1,261.154,262.276,263.461,264.702,265.987,267.304,268.634,269.957,271.251,272.492,273.659,274.738,275.723,276.633,277.514,278.461,279.638,281.313
24660.0,218.339,204.793,193.096,184.058,177.904,174.657,174.187,176.228,180.388,186.183,193.09,200.606,208.305,215.869,223.079,229.782,235.86,241.201,245.703,249.281,251.889,253.556,254.417,254.719,254.782,254.905,255.256,255.839,256.564,257.358,258.206,259.118,260.1,261.154,262.276,263.461,264.702,265.987,267.304,268.634,269.957,271.251,272.492,273.659,274.737,275.723,276.633,277.514,278.461,279.638,281.313
24720.0,220.04,206.402,194.567,185.35,178.991,175.526,174.844,176.688,180.681,186.345,193.158,200.614,208.281,215.831,223.036,229.74,235.821,241.166,245.674,249.257,251.871,253.545,254.411,254.717,254.782,254.906,255.257,255.839,256.564,257.358,258.206,259.118,260.1,261.154,262.276,263.461,264.702,265.987,267.304,268.634,269.957,271.251,272.492,273.659,274.737,275.723,276.633,277.514,278.461,279.638,281.313
24780.0,221.722,207.995,196.028,186.637,180.076,176.398,175.504,177.155,180.98,186.511,193.229,200.624,208.258,215.793,222.994,229.698,235.781,241.131,245.644,249.233,251.853,253.533,254.405,254.715,254.782,254.907,255.257,255.839,256.564,257.358,258.206,259.118,260.1,261.154,262.276,263.461,264.702,265.987,267.304,268.634,269.957,271.251,272.492,273.659,274.737,275.723,276.633,277.514,278.461,279.638,281.313
24840.0,223.383,209.573,197.477,187.917,181.159,177.271,176.17,177.627,181.285,186.683,193.304,200.638,208.236,215.756,222.952,229.657,235.742,241.097,245.614,249.209,251.836,253.522,254.399,254.713,254.782,254.907,255.258,255.839,256.563,257.358,258.206,259.117,260.1,261.154,262.276,263.461,264.702,265.987,267.304,268.634,269.957,271.251,272.492,273.659,274.737,275.723,276.633,277.514,278.461,279.638,281.313
24900.0,225.024,211.135,198.916,189.192,182.242,178.147,176.839,178.105,181.596,186.86,193.384,200.654,208.217,215.719,222.91,229.615,235.704,241.062,245.585,249.185,251.818,253.51,254.393,254.711,254.783,254.908,255.259,255.839,256.563,257.358,258.206,259.117,260.1,261.154,262.276,263.461,264.702,265.987,267.304,268.634,269.957,271.251,272.492,273.659,274.737,275.723,276.633,277.514,278.461,279.638,281.313
24960.0,226.646,212.682,200.345,190.461,183.322,179.024,177.513,178.588,181.912,187.042,193.467,200.672,208.198,215.684,222.868,229.573,235.665,241.027,245.555,249.161,251.8,253.499,254.387,254.709,254.783,254.909,255.259,255.84,256.563,257.358,258.206,259.117,260.1,261.154,262.276,263.461,264.702,265.987,267.304,268.634,269.957,271.251,272.492,273.659,274.737,275.723,276.633,277.514,278.461,279.638,281.313
25020.0,228.25,214.214,201.763,191.724,184.401,179.903,178.19,179.076,182.235,187.23,193.555,200.694,208.182,215.649,222.827,229.532,235.626,240.992,245.525,249.138,251.783,253.487,254.381,254.707,254.783,254.91,255.26,255.84,256.563,257.358,258.206,259.117,260.1,261.154,262.276,263.461,264.702,265.987,267.304,268.634,269.957,271.251,272.492,273.659,274.737,275.723,276.633,277.514,278.461,279.638,281.313
25080.0,229.836,215.732,203.171,192.982,185.477,180.783,178.872,179.569,182.562,187.422,193.646,200.718,208.167,215.615,222.786,229.49,235.587,240.958,245.496,249.114,251.765,253.476,254.375,254.705,254.783,254.911,255.261,255.84,256.563,257.358,258.206,259.117,260.1,261.154,262.276,263.461,264.702,265.987,267.304,268.634,269.957,271.251,272.492,273.659,274.737,275.723,276.633,277.514,278.461,279.638,281.313
25140.0,231.403,217.235,204.569,194.233,186.552,181.664,179.556,180.068,182.895,187.619,193.742,200.745,208.154,215.581,222.746,229.449,235.548,240.923,245.466,249.09,251.747,253.464,254.368,254.702,254.784,254.912,255.261,255.84,256.563,257.358,258.206,259.117,260.1,261.154,262.276,263.461,264.702,265.987,267.304,268.634,269.957,271.251,272.492,273.659,274.737,275.723,276.633,277.514,278.461,279.638,281.313
25200.0,232.954,218.725,205.957,195.479,187.625,182.546,180.244,180.571,183.234,187.822,193.842,200.775,208.142,215.549,222.705,229.408,235.51,240.888,245.436,249.066,251.73,253.452,254.362,254.7,254.784,254.913,255.262,255.84,256.563,257.357,258.205,259.117,260.1,261.154,262.276,263.461,264.702,265.987,267.304,268.634,269.957,271.251,272.492,273.659,274.737,275.723,276.633,277.514,278.461,279.638,281.313
25260.0,234.487,220.2,207.334,196.718,188.696,183.43,180.936,181.078,183.577,188.029,193.945,200.808,208.132,215.518,222.666,229.367,235.471,240.854,245.407,249.042,251.712,253.441,254.356,254.698,254.784,254.914,255.263,255.841,256.563,257.357,258.205,259.117,260.1,261.154,262.276,263.461,264.702,265.987,267.304,268.634,269.957,271.251,272.492,273.659,274.737,275.723,276.633,277.514,278.461,279.638,281.313
25320.0,236.003,221.662,208.702,197.952,189.764,184.314,181.63,181.59,183.925,188.241,194.052,200.843,208.124,215.487,222.626,229.327,235.432,240.819,245.377,249.018,251.694,253.429,254.35,254.696,254.784,254.915,255.263,255.841,256.563,257.357,258.205,259.117,260.1,261.154,262.276,263.461,264.701,265.987,267.304,268.634,269.957,271.251,272.492,273.659,274.737,275.723,276.633,277.514,278.461,279.638,281.313
25380.0,237.503,223.111,210.06,199.18,190.83,185.199,182.328,182.107,184.279,188.457,194.164,200.881,208.118,215.457,222.588,229.286,235.394,240.784,245.348,248.994,251.677,253.418,254.344,254.694,254.784,254.916,255.264,255.841,256.563,257.357,258.205,259.117,260.1,261.154,262.276,263.461,264.701,265.987,267.303,268.634,269.957,271.251,272.492,273.659,274.737,275.723,276.633,277.514,278.461,279.638,281.313
25440.0,238.987,224.546,211.409,200.402,191.894,186.084,183.028,182.628,184.637,188.678,194.279,200.922,208.113,215.429,222.549,229.246,235.355,240.75,245.318,248.971,251.659,253.406,254.337,254.692,254.785,254.917,255.265,255.841,256.563,257.357,258.205,259.117,260.1,261.154,262.276,263.461,264.701,265.987,267.303,268.634,269.957,271.251,272.492,273.659,274.737,275.723,276.633,277.514,278.461,279.638,281.313
25500.0,240.455,225.968,212.748,201.618,192.955,186.97,183.731,183.152,184.999,188.904,194.398,200.966,208.11,215.401,222.511,229.205,235.317,240.715,245.288,248.947,251.641,253.394,254.331,254.689,254.785,254.917,255.265,255.841,256.563,257.357,258.205,259.117,260.1,261.154,262.276,263.461,264.701,265.987,267.303,268.633,269.957,271.251,272.492,273.659,274.737,275.723,276.633,277.514,278.461,279.638,281.313
25560.0,241.908,227.378,214.077,202.828,194.014,187.856,184.437,183.681,185.367,189.134,194.521,201.013,208.109,215.374,222.473,229.165,235.279,240.681,245.259,248.923,251.623,253.383,254.325,254.687,254.785,254.918,255.266,255.842,256.563,257.357,258.205,259.117,260.1,261.154,262.276,263.461,264.701,265.987,267.303,268.633,269.957,271.251,272.492,273.659,274.737,275.723,276.633,277.514,278.461,279.638,281.313
25620.0,243.346,228.775,215.397,204.032,195.07,188.743,185.145,184.214,185.739,189.368,194.647,201.062,208.11,215.349,222.436,229.126,235.241,240.646,245.229,248.899,251.606,253.371,254.319,254.685,254.785,254.919,255.267,255.842,256.563,257.357,258.205,259.117,260.1,261.154,262.276,263.461,264.701,265.987,267.303,268.633,269.957,271.251,272.492,273.659,274.737,275.723,276.633,277.514,278.461,279.638,281.313
25680.0,244.768,230.159,216.708,205.231,196.124,189.63,185.855,184.75,186.115,189.607,194.777,201.115,208.112,215.324,222.4,229.086,235.203,240.612,245.2,248.875,251.588,253.359,254.312,254.683,254.785,254.92,255.267,255.842,256.563,257.357,258.205,259.117,260.1,261.154,262.276,263.461,264.701,265.987,267.303,268.633,269.957,271.25,272.492,273.659,274.737,275.723,276.633,277.514,278.461,279.638,281.313
25740.0,246.177,231.531,218.009,206.423,197.175,190.517,186.568,185.291,186.496,189.851,194.911,201.17,208.117,215.301,222.364,229.047,235.165,240.578,245.17,248.851,251.57,253.347,254.306,254.681,254.785,254.921,255.268,255.842,256.563,257.357,258.205,259.117,260.1,261.154,262.276,263.461,264.701,265.987,267.303,268.633,269.957,271.25,272.492,273.659,274.737,275.723,276.633,277.514,278.461,279.638,281.313
25800.0,247.571,232.892,219.302,207.61,198.223,191.404,187.283,185.834,186.88,190.098,195.049,201.228,208.123,215.278,222.328,229.007,235.127,240.543,245.141,248.827,251.552,253.336,254.3,254.678,254.785,254.922,255.268,255.843,256.563,257.357,258.205,259.117,260.1,261.154,262.275,263.461,264.701,265.987,267.303,268.633,269.957,271.25,272.492,273.659,274.737,275.723,276.633,277.514,278.461,279.638,281.313
25860.0,248.95,234.24,220.585,208.79,199.268,192.291,188.0,186.382,187.269,190.349,195.19,201.288,208.131,215.257,222.293,228.968,235.089,240.509,245.111,248.804,251.535,253.324,254.293,254.676,254.785,254.923,255.269,255.843,256.563,257.357,258.205,259.117,260.1,261.154,262.275,263.461,264.701,265.987,267.303,268.633,269.957,271.25,272.492,273.659,274.737,275.723,276.633,277.514,278.461,279.638,281.313
25920.0,250.316,235.577,221.859,209.965,200.311,193.178,188.719,186.932,187.662,190.605,195.335,201.352,208.141,215.236,222.259,228.93,235.051,240.475,245.082,248.78,251.517,253.312,254.287,254.674,254.785,254.924,255.27,255.843,256.563,257.357,258.205,259.117,260.1,261.153,262.275,263.461,264.701,265.987,267.303,268.633,269.957,271.25,272.492,273.659,274.737,275.723,276.633,277.514,278.461,279.638,281.313
25980.0,251.669,236.902,223.125,211.134,201.351,194.065,189.439,187.486,188.059,190.865,195.484,201.418,208.153,215.217,222.225,228.891,235.013,240.44,245.053,248.756,251.499,253.3,254.28,254.671,254.786,254.924,255.27,255.843,256.563,257.357,258.205,259.117,260.1,261.153,262.275,263.46,264.701,265.987,267.303,268.633,269.957,271.25,272.492,273.659,274.737,275.723,276.633,277.514,278.461,279.638,281.313
26040.0,253.008,238.215,224.381,212.297,202.388,194.951,190.162,188.043,188.46,191.129,195.636,201.487,208.167,215.199,222.191,228.853,234.976,240.406,245.023,248.732,251.481,253.289,254.274,254.669,254.786,254.925,255.271,255.843,256.563,257.356,258.205,259.117,260.1,261.153,262.275,263.46,264.701,265.987,267.303,268.633,269.957,271.25,272.492,273.659,274.737,275.723,276.633,277.514,278.461,279.638,281.313
26100.0,254.334,239.518,225.629,213.454,203.421,195.837,190.886,188.603,188.865,191.396,195.791,201.559,208.183,215.182,222.159,228.815,234.938,240.372,244.994,248.708,251.463,253.277,254.267,254.667,254.786,254.926,255.272,255.844,256.563,257.356,258.205,259.117,260.099,261.153,262.275,263.46,264.701,265.987,267.303,268.633,269.957,271.25,272.492,273.659,274.737,275.723,276.633,277.514,278.461,279.638,281.313
26160.0,255.647,240.809,226.868,214.605,204.452,196.723,191.612,189.166,189.274,191.668,195.95,201.634,208.201,215.166,222.126,228.777,234.901,240.338,244.964,248.684,251.446,253.265,254.261,254.664,254.786,254.927,255.272,255.844,256.563,257.356,258.205,259.117,260.099,261.153,262.275,263.46,264.701,265.987,267.303,268.633,269.956,271.25,272.492,273.659,274.737,275.723,276.633,277.514,278.461,279.639,281.313
26220.0,256.948,242.09,228.099,215.751,205.48,197.608,192.339,189.732,189.686,191.943,196.113,201.711,208.22,215.151,222.095,228.74,234.864,240.304,244.935,248.661,251.428,253.253,254.255,254.662,254.786,254.928,255.273,255.844,256.563,257.356,258.205,259.117,260.099,261.153,262.275,263.46,264.701,265.987,267.303,268.633,269.956,271.25,272.492,273.659,274.737,275.723,276.633,277.514,278.461,279.639,281.313
26280.0,258.236,243.359,229.32,216.89,206.505,198.492,193.068,190.301,190.102,192.222,196.279,201.792,208.242,215.138,222.064,228.703,234.827,240.27,244.906,248.637,251.41,253.241,254.248,254.66,254.786,254.929,255.274,255.844,256.563,257.356,258.204,259.116,260.099,261.153,262.275,263.46,264.701,265.987,267.303,268.633,269.956,271.25,272.491,273.659,274.737,275.723,276.633,277.514,278.461,279.639,281.313
26340.0,259.512,244.618,230.534,218.024,207.526,199.376,193.798,190.873,190.521,192.505,196.448,201.874,208.266,215.126,222.034,228.666,234.789,240.236,244.876,248.613,251.392,253.23,254.242,254.657,254.786,254.929,255.274,255.844,256.563,257.356,258.204,259.116,260.099,261.153,262.275,263.46,264.701,265.987,267.303,268.633,269.956,271.25,272.491,273.659,274.737,275.723,276.633,277.514,278.461,279.639,281.313
26400.0,260.775,245.867,231.739,219.152,208.544,200.259,194.529,191.447,190.944,192.792,196.621,201.96,208.291,215.115,222.004,228.629,234.753,240.202,244.847,248.589,251.374,253.218,254.235,254.655,254.786,254.93,255.275,255.845,256.563,257.356,258.204,259.116,260.099,261.153,262.275,263.46,264.701,265.986,267.303,268.633,269.956,271.25,272.491,273.659,274.737,275.723,276.633,277.514,278.461,279.639,281.313
26460.0,262.027,247.105,232.936,220.274,209.56,201.141,195.262,192.024,191.37,193.082,196.797,202.049,208.318,215.105,221.975,228.593,234.716,240.168,244.818,248.565,251.356,253.206,254.229,254.652,254.786,254.931,255.276,255.845,256.563,257.356,258.204,259.116,260.099,261.153,262.275,263.46,264.701,265.986,267.303,268.633,269.956,271.25,272.491,273.659,274.737,275.723,276.633,277.514,278.461,279.639,281.313
26520.0,263.267,248.333,234.124,221.39,210.571,202.022,195.995,192.603,191.8,193.375,196.977,202.14,208.348,215.096,221.947,228.557,234.679,240.134,244.788,248.542,251.339,253.194,254.222,254.65,254.786,254.932,255.276,255.845,256.563,257.356,258.204,259.116,260.099,261.153,262.275,263.46,264.701,265.986,267.303,268.633,269.956,271.25,272.491,273.659,274.737,275.723,276.633,277.514,278.461,279.639,281.313
26580.0,264.496,249.55,235.305,222.5,211.58,202.903,196.73,193.185,192.232,193.673,197.159,202.233,208.379,215.089,221.919,228.522,234.643,240.1,244.759,248.518,251.321,253.182,254.215,254.647,254.786,254.933,255.277,255.845,256.563,257.356,258.204,259.116,260.099,261.153,262.275,263.46,264.701,265.986,267.303,268.633,269.956,271.25,272.491,273.659,274.737,275.723,276.633,277.514,278.461,279.639,281.313
26640.0,265.713,250.758,236.477,223.605,212.585,203.782,197.465,193.769,192.668,193.973,197.345,202.33,208.413,215.083,221.892,228.486,234.606,240.067,244.73,248.494,251.303,253.17,254.209,254.645,254.786,254.933,255.277,255.846,256.562,257.356,258.204,259.116,260.099,261.153,262.275,263.46,264.701,265.986,267.303,268.633,269.956,271.25,272.491,273.659,274.737,275.723,276.633,277.514,278.461,279.639,281.313
26700.0,266.919,251.956,237.641,224.703,213.587,204.66,198.202,194.356,193.107,194.277,197.534,202.429,208.448,215.078,221.866,228.451,234.57,240.033,244.7,248.47,251.285,253.158,254.202,254.642,254.785,254.934,255.278,255.846,256.562,257.356,258.204,259.116,260.099,261.153,262.275,263.46,264.701,265.986,267.303,268.633,269.956,271.25,272.491,273.659,274.737,275.723,276.633,277.514,278.461,279.639,281.313
26760.0,268.114,253.143,238.797,225.796,214.585,205.538,198.939,194.944,193.549,194.585,197.727,202.531,208.485,215.075,221.84,228.417,234.534,239.999,244.671,248.446,251.267,253.146,254.196,254.64,254.785,254.935,255.279,255.846,256.562,257.356,258.204,259.116,260.099,261.153,262.275,263.46,264.701,265.986,267.303,268.633,269.956,271.25,272.491,273.659,274.737,275.723,276.633,277.514,278.461,279.639,281.313
26820.0,269.298,254.322,239.945,226.884,215.581,206.414,199.677,195.535,193.995,194.895,197.922,202.635,208.525,215.072,221.816,228.382,234.498,239.966,244.642,248.423,251.249,253.134,254.189,254.637,254.785,254.936,255.279,255.846,256.562,257.356,258.204,259.116,260.099,261.153,262.275,263.46,264.701,265.986,267.303,268.633,269.956,271.25,272.491,273.659,274.737,275.723,276.633,277.514,278.461,279.639,281.313
26880.0,270.472,255.49,241.086,227.965,216.572,207.288,200.415,196.128,194.443,195.21,198.121,202.743,208.566,215.071,221.792,228.349,234.462,239.932,244.613,248.399,251.231,253.122,254.182,254.635,254.785,254.936,255.28,255.846,256.562,257.355,258.204,259.116,260.099,261.153,262.275,263.46,264.701,265.986,267.303,268.633,269.956,271.25,272.491,273.659,274.737,275.723,276.633,277.514,278.461,279.639,281.313
26940.0,271.635,256.65,242.218,229.041,217.56,208.162,201.155,196.723,194.894,195.527,198.323,202.852,208.609,215.072,221.768,228.315,234.427,239.899,244.584,248.375,251.213,253.11,254.176,254.632,254.785,254.937,255.281,255.847,256.562,257.355,258.204,259.116,260.099,261.153,262.275,263.46,264.701,265.986,267.303,268.633,269.956,271.25,272.491,273.659,274.737,275.723,276.633,277.514,278.461,279.639,281.313
27000.0,272.787,257.8,243.343,230.11,218.545,209.034,201.894,197.32,195.347,195.847,198.527,202.965,208.654,215.074,221.746,228.282,234.391,239.865,244.555,248.351,251.196,253.098,254.169,254.63,254.785,254.938,255.281,255.847,256.562,257.355,258.204,259.116,260.099,261.153,262.275,263.46,264.701,265.986,267.303,268.633,269.956,271.25,272.491,273.659,274.737,275.723,276.633,277.514,278.461,279.639,281.313
27060.0,273.93,258.94,244.46,231.175,219.526,209.905,202.635,197.918,195.804,196.171,198.735,203.08,208.702,215.077,221.724,228.249,234.356,239.832,244.525,248.327,251.178,253.086,254.162,254.627,254.785,254.939,255.282,255.847,256.562,257.355,258.204,259.116,260.099,261.153,262.275,263.46,264.701,265.986,267.303,268.633,269.956,271.25,272.491,273.659,274.737,275.723,276.633,277.514,278.461,279.639,281.313
27120.0,275.062,260.072,245.569,232.233,220.503,210.774,203.375,198.519,196.263,196.497,198.946,203.198,208.751,215.081,221.703,228.217,234.321,239.799,244.496,248.304,251.16,253.074,254.155,254.624,254.785,254.94,255.282,255.847,256.562,257.355,258.204,259.116,260.099,261.153,262.275,263.46,264.7,265.986,267.303,268.633,269.956,271.25,272.491,273.659,274.737,275.723,276.633,277.514,278.461,279.639,281.313
27180.0,276.184,261.194,246.671,233.286,221.477,211.642,204.116,199.121,196.725,196.827,199.16,203.318,208.802,215.087,221.683,228.185,234.286,239.766,244.467,248.28,251.142,253.062,254.149,254.622,254.785,254.94,255.283,255.848,256.562,257.355,258.204,259.116,260.099,261.153,262.275,263.46,264.7,265.986,267.303,268.633,269.956,271.25,272.491,273.659,274.737,275.723,276.633,277.514,278.461,279.639,281.313
27240.0,277.296,262.308,247.765,234.333,222.447,212.508,204.857,199.725,197.19,197.16,199.377,203.441,208.855,215.094,221.663,228.153,234.251,239.733,244.438,248.256,251.124,253.05,254.142,254.619,254.784,254.941,255.284,255.848,256.562,257.355,258.204,259.116,260.099,261.153,262.275,263.46,264.7,265.986,267.303,268.633,269.956,271.25,272.491,273.659,274.737,275.723,276.633,277.514,278.461,279.639,281.313
27300.0,278.399,263.413,248.852,235.374,223.414,213.373,205.599,200.331,197.657,197.495,199.597,203.566,208.91,215.102,221.645,228.122,234.216,239.699,244.409,248.232,251.106,253.038,254.135,254.616,254.784,254.942,255.284,255.848,256.562,257.355,258.204,259.116,260.099,261.153,262.275,263.46,264.7,265.986,267.303,268.633,269.956,271.25,272.491,273.659,274.737,275.723,276.633,277.514,278.461,279.639,281.313
27360.0,279.492,264.509,249.932,236.41,224.377,214.236,206.34,200.938,198.126,197.834,199.819,203.694,208.967,215.112,221.627,228.091,234.182,239.667,244.38,248.209,251.088,253.026,254.128,254.614,254.784,254.942,255.285,255.848,256.562,257.355,258.204,259.116,260.099,261.153,262.275,263.46,264.7,265.986,267.303,268.633,269.956,271.25,272.491,273.659,274.737,275.723,276.633,277.514,278.461,279.639,281.313
27420.0,280.575,265.596,251.004,237.439,225.336,215.097,207.082,201.546,198.598,198.175,200.045,203.824,209.027,215.123,221.61,228.061,234.148,239.634,244.351,248.185,251.07,253.014,254.122,254.611,254.784,254.943,255.286,255.848,256.562,257.355,258.203,259.116,260.099,261.152,262.274,263.46,264.7,265.986,267.302,268.633,269.956,271.25,272.491,273.659,274.737,275.723,276.633,277.514,278.461,279.639,281.313
27480.0,281.649,266.675,252.068,238.464,226.291,215.957,207.824,202.157,199.073,198.52,200.273,203.957,209.088,215.135,221.594,228.031,234.114,239.601,244.322,248.161,251.052,253.002,254.115,254.608,254.784,254.944,255.286,255.849,256.562,257.355,258.203,259.116,260.099,261.152,262.274,263.46,264.7,265.986,267.302,268.633,269.956,271.25,272.491,273.659,274.737,275.723,276.633,277.514,278.461,279.639,281.313
27540.0,282.714,267.745,253.126,239.482,227.243,216.814,208.565,202.768,199.549,198.867,200.505,204.093,209.151,215.149,221.579,228.002,234.08,239.568,244.293,248.137,251.034,252.99,254.108,254.606,254.783,254.945,255.287,255.849,256.562,257.355,258.203,259.116,260.098,261.152,262.274,263.46,264.7,265.986,267.302,268.633,269.956,271.25,272.491,273.659,274.737,275.723,276.633,277.514,278.461,279.639,281.313
27600.0,283.77,268.807,254.176,240.495,228.191,217.67,209.307,203.381,200.028,199.217,200.739,204.231,209.216,215.165,221.564,227.973,234.046,239.535,244.265,248.114,251.016,252.977,254.101,254.603,254.783,254.945,255.287,255.849,256.562,257.355,258.203,259.116,260.098,261.152,262.274,263.46,264.7,265.986,267.302,268.633,269.956,271.25,272.491,273.659,274.737,275.723,276.633,277.514,278.461,279.639,281.313
27660.0,284.816,269.861,255.219,241.503,229.135,218.524,210.049,203.995,200.509,199.569,200.975,204.371,209.283,215.181,221.551,227.944,234.013,239.503,244.236,248.09,250.998,252.965,254.094,254.6,254.783,254.946,255.288,255.849,256.562,257.355,258.203,259.115,260.098,261.152,262.274,263.459,264.7,265.986,267.302,268.633,269.956,271.25,272.491,273.659,274.737,275.723,276.633,277.514,278.461,279.639,281.313
27720.0,285.854,270.906,256.255,242.505,230.075,219.376,210.79,204.61,200.993,199.924,201.215,204.514,209.352,215.199,221.538,227.916,233.98,239.47,244.207,248.066,250.98,252.953,254.087,254.597,254.783,254.947,255.289,255.85,256.562,257.354,258.203,259.115,260.098,261.152,262.274,263.459,264.7,265.986,267.302,268.633,269.956,271.25,272.491,273.659,274.737,275.723,276.633,277.514,278.461,279.639,281.313
27780.0,286.883,271.944,257.283,243.501,231.012,220.227,211.531,205.227,201.478,200.282,201.457,204.659,209.423,215.219,221.526,227.889,233.947,239.438,244.178,248.043,250.962,252.941,254.08,254.595,254.782,254.947,255.289,255.85,256.562,257.354,258.203,259.115,260.098,261.152,262.274,263.459,264.7,265.986,267.302,268.632,269.956,271.25,272.491,273.659,274.737,275.723,276.633,277.514,278.461,279.639,281.313
27840.0,287.904,272.973,258.305,244.491,231.945,221.075,212.272,205.844,201.966,200.643,201.702,204.807,209.496,215.24,221.515,227.862,233.914,239.406,244.149,248.019,250.944,252.929,254.074,254.592,254.782,254.948,255.29,255.85,256.562,257.354,258.203,259.115,260.098,261.152,262.274,263.459,264.7,265.986,267.302,268.632,269.956,271.25,272.491,273.658,274.737,275.723,276.633,277.514,278.461,279.639,281.313
27900.0,288.915,273.994,259.32,245.477,232.873,221.921,213.012,206.463,202.455,201.006,201.95,204.957,209.57,215.262,221.505,227.835,233.882,239.373,244.121,247.995,250.926,252.917,254.067,254.589,254.782,254.949,255.291,255.85,256.562,257.354,258.203,259.115,260.098,261.152,262.274,263.459,264.7,265.986,267.302,268.632,269.956,271.25,272.491,273.658,274.737,275.723,276.633,277.514,278.461,279.639,281.313
27960.0,289.918,275.008,260.328,246.456,233.798,222.765,213.752,207.082,202.947,201.371,202.2,205.11,209.647,215.286,221.496,227.809,233.849,239.341,244.092,247.971,250.908,252.904,254.06,254.586,254.782,254.95,255.291,255.85,256.562,257.354,258.203,259.115,260.098,261.152,262.274,263.459,264.7,265.986,267.302,268.632,269.956,271.25,272.491,273.658,274.737,275.723,276.633,277.514,278.461,279.639,281.313
28020.0,290.913,276.013,261.329,247.43,234.72,223.607,214.492,207.703,203.44,201.739,202.453,205.265,209.726,215.311,221.488,227.783,233.817,239.309,244.063,247.948,250.89,252.892,254.053,254.583,254.781,254.95,255.292,255.851,256.562,257.354,258.203,259.115,260.098,261.152,262.274,263.459,264.7,265.986,267.302,268.632,269.956,271.25,272.491,273.658,274.737,275.723,276.633,277.514,278.461,279.639,281.313
28080.0,291.9,277.011,262.323,248.399,235.637,224.447,215.231,208.324,203.936,202.11,202.708,205.422,209.807,215.337,221.48,227.758,233.785,239.277,244.035,247.924,250.872,252.88,254.046,254.58,254.781,254.951,255.292,255.851,256.562,257.354,258.203,259.115,260.098,261.152,262.274,263.459,264.7,265.986,267.302,268.632,269.956,271.25,272.491,273.658,274.737,275.723,276.633,277.514,278.461,279.639,281.313
28140.0,292.878,278.001,263.311,249.362,236.55,225.284,215.969,208.946,204.433,202.482,202.966,205.582,209.889,215.365,221.474,227.734,233.754,239.246,244.006,247.9,250.854,252.868,254.039,254.578,254.781,254.952,255.293,255.851,256.562,257.354,258.203,259.115,260.098,261.152,262.274,263.459,264.7,265.986,267.302,268.632,269.956,271.25,272.491,273.658,274.737,275.723,276.633,277.514,278.461,279.639,281.313
28200.0,293.848,278.984,264.292,250.319,237.459,226.119,216.707,209.569,204.932,202.857,203.226,205.744,209.974,215.394,221.468,227.71,233.723,239.214,243.978,247.877,250.836,252.855,254.032,254.575,254.78,254.952,255.294,255.851,256.562,257.354,258.203,259.115,260.098,261.152,262.274,263.459,264.7,265.986,267.302,268.632,269.956,271.25,272.491,273.658,274.737,275.723,276.633,277.514,278.461,279.639,281.313
28260.0,294.81,279.959,265.266,251.271,238.365,226.953,217.444,210.193,205.433,203.235,203.489,205.909,210.061,215.425,221.464,227.686,233.692,239.182,243.949,247.853,250.818,252.843,254.025,254.572,254.78,254.953,255.294,255.852,256.562,257.354,258.203,259.115,260.098,261.152,262.274,263.459,264.7,265.985,267.302,268.632,269.956,271.25,272.491,273.658,274.737,275.723,276.633,277.514,278.461,279.639,281.313
28320.0,295.764,280.926,266.233,252.218,239.266,227.783,218.181,210.818,205.935,203.615,203.755,206.075,210.149,215.457,221.46,227.663,233.661,239.151,243.921,247.829,250.8,252.831,254.018,254.569,254.78,254.954,255.295,255.852,256.562,257.354,258.203,259.115,260.098,261.152,262.274,263.459,264.7,265.985,267.302,268.632,269.956,271.25,272.491,273.658,274.737,275.723,276.633,277.514,278.461,279.639,281.313
28380.0,296.71,281.886,267.194,253.159,240.164,228.612,218.917,211.443,206.439,203.997,204.023,206.244,210.239,215.491,221.458,227.641,233.63,239.119,243.892,247.806,250.782,252.819,254.011,254.566,254.779,254.954,255.295,255.852,256.562,257.354,258.203,259.115,260.098,261.152,262.274,263.459,264.7,265.985,267.302,268.632,269.956,271.25,272.491,273.658,274.737,275.723,276.633,277.514,278.461,279.639,281.313
28440.0,297.649,282.839,268.148,254.095,241.057,229.438,219.652,212.068,206.945,204.381,204.293,206.416,210.332,215.526,221.456,227.619,233.6,239.088,243.864,247.782,250.764,252.806,254.004,254.563,254.779,254.955,255.296,255.852,256.562,257.354,258.203,259.115,260.098,261.152,262.274,263.459,264.7,265.985,267.302,268.632,269.956,271.25,272.491,273.658,274.737,275.723,276.633,277.514,278.461,279.639,281.313
28500.0,298.579,283.785,269.096,255.025,241.947,230.261,220.386,212.695,207.452,204.767,204.566,206.589,210.426,215.563,221.455,227.597,233.57,239.057,243.835,247.759,250.746,252.794,253.997,254.56,254.779,254.955,255.297,255.853,256.562,257.354,258.202,259.115,260.098,261.152,262.274,263.459,264.7,265.985,267.302,268.632,269.956,271.25,272.491,273.658,274.737,275.723,276.633,277.514,278.461,279.639,281.313
28560.0,299.502,284.723,270.037,255.95,242.832,231.083,221.119,213.321,207.961,205.156,204.841,206.765,210.522,215.6,221.455,227.577,233.541,239.026,243.807,247.735,250.728,252.782,253.989,254.557,254.778,254.956,255.297,255.853,256.562,257.353,258.202,259.115,260.098,261.152,262.274,263.459,264.7,265.985,267.302,268.632,269.956,271.25,272.491,273.658,274.737,275.723,276.633,277.514,278.461,279.639,281.313
28620.0,300.418,285.654,270.972,256.87,243.714,231.901,221.852,213.948,208.471,205.547,205.118,206.943,210.62,215.64,221.456,227.556,233.511,238.995,243.779,247.711,250.71,252.769,253.982,254.554,254.778,254.957,255.298,255.853,256.562,257.353,258.202,259.115,260.098,261.152,262.274,263.459,264.7,265.985,267.302,268.632,269.956,271.249,272.491,273.658,274.737,275.723,276.633,277.514,278.461,279.639,281.313
28680.0,301.326,286.578,271.9,257.784,244.591,232.718,222.583,214.576,208.983,205.939,205.398,207.124,210.72,215.681,221.458,227.537,233.482,238.964,243.751,247.688,250.692,252.757,253.975,254.551,254.777,254.957,255.298,255.853,256.562,257.353,258.202,259.115,260.098,261.152,262.274,263.459,264.7,265.985,267.302,268.632,269.955,271.249,272.491,273.658,274.737,275.723,276.633,277.514,278.461,279.639,281.313
28740.0,302.227,287.495,272.823,258.693,245.465,233.531,223.314,215.204,209.496,206.334,205.68,207.306,210.822,215.723,221.461,227.518,233.453,238.934,243.723,247.664,250.674,252.745,253.968,254.548,254.777,254.958,255.299,255.853,256.562,257.353,258.202,259.115,260.098,261.152,262.274,263.459,264.7,265.985,267.302,268.632,269.955,271.249,272.491,273.658,274.737,275.723,276.633,277.514,278.461,279.639,281.313
28800.0,303.12,288.405,273.738,259.597,246.334,234.342,224.043,215.832,210.01,206.731,205.964,207.491,210.926,215.767,221.465,227.499,233.425,238.903,243.694,247.641,250.656,252.732,253.961,254.545,254.777,254.959,255.3,255.854,256.562,257.353,258.202,259.115,260.098,261.152,262.274,263.459,264.7,265.985,267.302,268.632,269.955,271.249,272.491,273.658,274.737,275.723,276.633,277.514,278.461,279.639,281.313
28860.0,304.006,289.309,274.648,260.495,247.2,235.151,224.771,216.46,210.526,207.13,206.251,207.678,211.031,215.812,221.47,227.481,233.397,238.873,243.666,247.617,250.638,252.72,253.954,254.542,254.776,254.959,255.3,255.854,256.562,257.353,258.202,259.115,260.098,261.152,262.274,263.459,264.699,265.985,267.302,268.632,269.955,271.249,272.491,273.658,274.737,275.723,276.633,277.514,278.461,279.639,281.313
28920.0,304.885,290.205,275.551,261.388,248.061,235.957,225.499,217.089,211.043,207.53,206.54,207.867,211.139,215.858,221.476,227.464,233.369,238.843,243.638,247.594,250.62,252.707,253.946,254.539,254.776,254.96,255.301,255.854,256.562,257.353,258.202,259.115,260.098,261.151,262.274,263.459,264.699,265.985,267.302,268.632,269.955,271.249,272.491,273.658,274.737,275.723,276.633,277.514,278.461,279.639,281.313
28980.0,305.757,291.095,276.448,262.276,248.919,236.76,226.225,217.717,211.561,207.933,206.831,208.059,211.248,215.906,221.483,227.447,233.341,238.812,243.61,247.57,250.602,252.695,253.939,254.536,254.775,254.96,255.301,255.854,256.562,257.353,258.202,259.115,260.098,261.151,262.273,263.459,264.699,265.985,267.302,268.632,269.955,271.249,272.491,273.658,274.737,275.723,276.633,277.514,278.461,279.639,281.313
29040.0,306.621,291.977,277.339,263.158,249.772,237.561,226.949,218.346,212.08,208.337,207.124,208.252,211.36,215.956,221.491,227.431,233.314,238.783,243.583,247.547,250.584,252.683,253.932,254.533,254.775,254.961,255.302,255.855,256.562,257.353,258.202,259.115,260.097,261.151,262.273,263.459,264.699,265.985,267.302,268.632,269.955,271.249,272.491,273.658,274.737,275.723,276.633,277.514,278.461,279.639,281.313
29100.0,307.479,292.854,278.224,264.036,250.621,238.359,227.673,218.975,212.6,208.743,207.419,208.448,211.473,216.007,221.5,227.415,233.287,238.753,243.555,247.523,250.566,252.67,253.925,254.53,254.774,254.961,255.303,255.855,256.562,257.353,258.202,259.114,260.097,261.151,262.273,263.459,264.699,265.985,267.302,268.632,269.955,271.249,272.491,273.658,274.737,275.723,276.633,277.514,278.461,279.639,281.313
29160.0,308.33,293.723,279.103,264.908,251.466,239.154,228.395,219.604,213.122,209.151,207.716,208.645,211.588,216.059,221.51,227.4,233.26,238.723,243.527,247.5,250.548,252.658,253.918,254.527,254.774,254.962,255.303,255.855,256.562,257.353,258.202,259.114,260.097,261.151,262.273,263.459,264.699,265.985,267.302,268.632,269.955,271.249,272.491,273.658,274.737,275.723,276.633,277.514,278.461,279.639,281.313
29220.0,309.174,294.586,279.976,265.775,252.307,239.947,229.116,220.233,213.644,209.561,208.016,208.845,211.704,216.113,221.521,227.386,233.234,238.694,243.499,247.476,250.53,252.645,253.91,254.523,254.773,254.963,255.304,255.855,256.562,257.353,258.202,259.114,260.097,261.151,262.273,263.459,264.699,265.985,267.302,268.632,269.955,271.249,272.491,273.658,274.737,275.723,276.633,277.514,278.461,279.639,281.313
29280.0,310.011,295.443,280.843,266.636,253.144,240.737,229.836,220.862,214.168,209.973,208.317,209.047,211.823,216.168,221.533,227.372,233.208,238.664,243.472,247.453,250.511,252.633,253.903,254.52,254.773,254.963,255.304,255.856,256.562,257.353,258.202,259.114,260.097,261.151,262.273,263.458,264.699,265.985,267.302,268.632,269.955,271.249,272.491,273.658,274.737,275.723,276.633,277.514,278.461,279.639,281.313
29340.0,310.841,296.293,281.704,267.493,253.977,241.524,230.554,221.491,214.692,210.386,208.621,209.251,211.944,216.225,221.546,227.359,233.182,238.635,243.444,247.43,250.493,252.62,253.896,254.517,254.772,254.964,255.305,255.856,256.562,257.353,258.202,259.114,260.097,261.151,262.273,263.458,264.699,265.985,267.302,268.632,269.955,271.249,272.491,273.658,274.737,275.723,276.633,277.514,278.461,279.639,281.313
29400.0,311.665,297.137,282.559,268.344,254.806,242.308,231.271,222.119,215.218,210.8,208.926,209.457,212.066,216.283,221.56,227.347,233.157,238.606,243.416,247.406,250.475,252.608,253.888,254.514,254.772,254.964,255.306,255.856,256.562,257.353,258.202,259.114,260.097,261.151,262.273,263.458,264.699,265.985,267.302,268.632,269.955,271.249,272.491,273.658,274.737,275.723,276.633,277.514,278.461,279.639,281.313
29460.0,312.482,297.974,283.408,269.191,255.631,243.089,231.986,222.748,215.744,211.217,209.234,209.665,212.19,216.343,221.575,227.335,233.132,238.577,243.389,247.383,250.457,252.595,253.881,254.511,254.771,254.965,255.306,255.856,256.562,257.352,258.202,259.114,260.097,261.151,262.273,263.458,264.699,265.985,267.302,268.632,269.955,271.249,272.491,273.658,274.737,275.723,276.633,277.514,278.461,279.639,281.313
29520.0,313.293,298.805,284.251,270.032,256.451,243.868,232.7,223.376,216.271,211.635,209.544,209.875,212.316,216.404,221.591,227.324,233.107,238.548,243.361,247.359,250.439,252.583,253.874,254.508,254.77,254.965,255.307,255.857,256.562,257.352,258.202,259.114,260.097,261.151,262.273,263.458,264.699,265.985,267.301,268.632,269.955,271.249,272.491,273.658,274.737,275.723,276.633,277.514,278.461,279.639,281.313
29580.0,314.097,299.63,285.088,270.868,257.268,244.644,233.412,224.004,216.799,212.054,209.855,210.087,212.444,216.466,221.608,227.313,233.083,238.52,243.334,247.336,250.421,252.57,253.866,254.504,254.77,254.966,255.307,255.857,256.562,257.352,258.202,259.114,260.097,261.151,262.273,263.458,264.699,265.985,267.301,268.632,269.955,271.249,272.491,273.658,274.737,275.723,276.633,277.514,278.461,279.639,281.313
29640.0,314.894,300.448,285.92,271.699,258.081,245.416,234.122,224.632,217.328,212.475,210.168,210.301,212.573,216.53,221.626,227.303,233.059,238.491,243.307,247.313,250.403,252.558,253.859,254.501,254.769,254.966,255.308,255.857,256.562,257.352,258.201,259.114,260.097,261.151,262.273,263.458,264.699,265.985,267.301,268.632,269.955,271.249,272.491,273.658,274.737,275.723,276.633,277.514,278.461,279.639,281.313
29700.0,315.686,301.26,286.746,272.525,258.889,246.186,234.831,225.259,217.857,212.898,210.484,210.517,212.704,216.596,221.646,227.294,233.036,238.463,243.28,247.29,250.385,252.545,253.852,254.498,254.769,254.967,255.308,255.857,256.562,257.352,258.201,259.114,260.097,261.151,262.273,263.458,264.699,265.985,267.301,268.632,269.955,271.249,272.49,273.658,274.737,275.723,276.633,277.514,278.461,279.639,281.313
29760.0,316.47,302.067,287.566,273.346,259.693,246.953,235.539,225.886,218.387,213.322,210.801,210.735,212.838,216.662,221.666,227.286,233.013,238.435,243.252,247.266,250.367,252.533,253.844,254.495,254.768,254.968,255.309,255.858,256.562,257.352,258.201,259.114,260.097,261.151,262.273,263.458,264.699,265.985,267.301,268.632,269.955,271.249,272.49,273.658,274.737,275.723,276.633,277.514,278.461,279.639,281.313
29820.0,317.249,302.867,288.381,274.162,260.493,247.717,236.244,226.512,218.918,213.747,211.12,210.955,212.972,216.731,221.687,227.278,232.99,238.407,243.225,247.243,250.349,252.52,253.837,254.491,254.767,254.968,255.31,255.858,256.562,257.352,258.201,259.114,260.097,261.151,262.273,263.458,264.699,265.985,267.301,268.632,269.955,271.249,272.49,273.658,274.737,275.723,276.633,277.514,278.461,279.639,281.313
29880.0,318.021,303.661,289.19,274.973,261.29,248.478,236.948,227.138,219.449,214.174,211.441,211.176,213.109,216.8,221.709,227.271,232.967,238.379,243.198,247.22,250.331,252.508,253.829,254.488,254.767,254.969,255.31,255.858,256.562,257.352,258.201,259.114,260.097,261.151,262.273,263.458,264.699,265.985,267.301,268.632,269.955,271.249,272.49,273.658,274.737,275.723,276.633,277.514,278.461,279.639,281.313
29940.0,318.788,304.449,289.993,275.779,262.082,249.236,237.651,227.764,219.981,214.602,211.763,211.4,213.248,216.871,221.733,227.264,232.945,238.352,243.171,247.197,250.313,252.495,253.822,254.485,254.766,254.969,255.311,255.858,256.562,257.352,258.201,259.114,260.097,261.151,262.273,263.458,264.699,265.985,267.301,268.632,269.955,271.249,272.49,273.658,274.737,275.723,276.633,277.514,278.461,279.639,281.313
30000.0,319.548,305.231,290.791,276.58,262.87,249.991,238.351,228.389,220.513,215.031,212.087,211.626,213.388,216.944,221.757,227.258,232.924,238.325,243.145,247.173,250.295,252.482,253.815,254.481,254.766,254.97,255.311,255.859,256.562,257.352,258.201,259.114,260.097,261.151,262.273,263.458,264.699,265.985,267.301,268.632,269.955,271.249,272.49,273.658,274.737,275.723,276.633,277.514,278.461,279.639,281.313
30060.0,320.302,306.008,291.583,277.376,263.653,250.743,239.05,229.013,221.046,215.462,212.414,211.853,213.53,217.018,221.782,227.253,232.902,238.297,243.118,247.15,250.276,252.47,253.807,254.478,254.765,254.97,255.312,255.859,256.562,257.352,258.201,259.114,260.097,261.151,262.273,263.458,264.699,265.985,267.301,268.631,269.955,271.249,272.49,273.658,274.737,275.723,276.633,277.514,278.461,279.639,281.313
30120.0,321.05,306.778,292.37,278.167,264.433,251.492,239.747,229.637,221.579,215.894,212.741,212.082,213.673,217.094,221.809,227.248,232.882,238.271,243.091,247.127,250.258,252.457,253.8,254.475,254.764,254.971,255.313,255.859,256.562,257.352,258.201,259.114,260.097,261.151,262.273,263.458,264.699,265.985,267.301,268.631,269.955,271.249,272.49,273.658,274.737,275.723,276.633,277.514,278.461,279.639,281.313
30180.0,321.792,307.543,293.151,278.953,265.209,252.239,240.442,230.26,222.113,216.327,213.071,212.314,213.819,217.17,221.836,227.245,232.861,238.244,243.064,247.104,250.24,252.445,253.792,254.471,254.764,254.971,255.313,255.859,256.562,257.352,258.201,259.114,260.097,261.151,262.273,263.458,264.699,265.984,267.301,268.631,269.955,271.249,272.49,273.658,274.736,275.723,276.633,277.514,278.461,279.639,281.313
30240.0,322.528,308.302,293.927,279.735,265.981,252.981,241.135,230.883,222.647,216.761,213.402,212.547,213.966,217.249,221.865,227.241,232.841,238.217,243.038,247.081,250.222,252.432,253.785,254.468,254.763,254.972,255.314,255.86,256.562,257.352,258.201,259.114,260.097,261.151,262.273,263.458,264.699,265.984,267.301,268.631,269.955,271.249,272.49,273.658,274.736,275.723,276.633,277.514,278.461,279.639,281.313
30300.0,323.258,309.055,294.697,280.511,266.748,253.721,241.826,231.504,223.182,217.197,213.735,212.781,214.114,217.328,221.895,227.239,232.821,238.191,243.011,247.058,250.204,252.419,253.777,254.465,254.762,254.972,255.314,255.86,256.562,257.352,258.201,259.114,260.097,261.151,262.273,263.458,264.699,265.984,267.301,268.631,269.955,271.249,272.49,273.658,274.736,275.723,276.633,277.514,278.461,279.639,281.313
30360.0,323.982,309.803,295.462,281.283,267.512,254.458,242.516,232.125,223.716,217.633,214.069,213.018,214.265,217.41,221.925,227.237,232.802,238.165,242.985,247.035,250.186,252.407,253.77,254.461,254.761,254.972,255.315,255.86,256.562,257.352,258.201,259.114,260.097,261.151,262.273,263.458,264.699,265.984,267.301,268.631,269.955,271.249,272.49,273.658,274.736,275.723,276.633,277.514,278.461,279.639,281.313
30420.0,324.701,310.544,296.222,282.05,268.271,255.192,243.203,232.745,224.251,218.071,214.405,213.256,214.417,217.492,221.957,227.236,232.783,238.139,242.959,247.012,250.168,252.394,253.762,254.458,254.761,254.973,255.315,255.86,256.562,257.351,258.201,259.114,260.097,261.151,262.273,263.458,264.699,265.984,267.301,268.631,269.955,271.249,272.49,273.658,274.736,275.723,276.633,277.514,278.461,279.639,281.313
30480.0,325.414,311.281,296.976,282.812,269.026,255.923,243.888,233.365,224.786,218.51,214.742,213.496,214.571,217.576,221.99,227.236,232.765,238.113,242.932,246.989,250.15,252.381,253.754,254.454,254.76,254.973,255.316,255.861,256.562,257.351,258.201,259.113,260.097,261.15,262.273,263.458,264.699,265.984,267.301,268.631,269.955,271.249,272.49,273.658,274.736,275.723,276.633,277.514,278.461,279.639,281.313
30540.0,326.121,312.011,297.725,283.569,269.778,256.65,244.572,233.983,225.322,218.949,215.082,213.738,214.726,217.662,222.024,227.236,232.747,238.087,242.906,246.966,250.132,252.369,253.747,254.451,254.759,254.974,255.316,255.861,256.562,257.351,258.201,259.113,260.096,261.15,262.273,263.458,264.699,265.984,267.301,268.631,269.955,271.249,272.49,273.658,274.736,275.723,276.633,277.514,278.461,279.639,281.313
30600.0,326.822,312.737,298.469,284.321,270.525,257.374,245.253,234.601,225.857,219.39,215.422,213.982,214.884,217.748,222.059,227.237,232.729,238.062,242.88,246.943,250.114,252.356,253.739,254.447,254.759,254.974,255.317,255.861,256.562,257.351,258.201,259.113,260.096,261.15,262.272,263.458,264.699,265.984,267.301,268.631,269.955,271.249,272.49,273.658,274.736,275.723,276.633,277.514,278.461,279.639,281.313
30660.0,327.518,313.456,299.208,285.069,271.268,258.096,245.932,235.218,226.393,219.832,215.764,214.227,215.042,217.837,222.095,227.239,232.712,238.037,242.854,246.92,250.096,252.343,253.732,254.444,254.758,254.975,255.318,255.861,256.562,257.351,258.201,259.113,260.096,261.15,262.272,263.458,264.698,265.984,267.301,268.631,269.955,271.249,272.49,273.658,274.736,275.723,276.633,277.514,278.461,279.639,281.313
30720.0,328.208,314.17,299.941,285.812,272.007,258.814,246.61,235.833,226.929,220.274,216.108,214.474,215.203,217.926,222.132,227.242,232.695,238.012,242.829,246.897,250.078,252.331,253.724,254.441,254.757,254.975,255.318,255.862,256.562,257.351,258.2,259.113,260.096,261.15,262.272,263.458,264.698,265.984,267.301,268.631,269.955,271.249,272.49,273.658,274.736,275.723,276.633,277.514,278.461,279.639,281.313
30780.0,328.893,314.879,300.669,286.55,272.742,259.529,247.285,236.448,227.465,220.718,216.453,214.723,215.365,218.017,222.17,227.245,232.678,237.987,242.803,246.874,250.06,252.318,253.716,254.437,254.756,254.976,255.319,255.862,256.562,257.351,258.2,259.113,260.096,261.15,262.272,263.458,264.698,265.984,267.301,268.631,269.955,271.249,272.49,273.658,274.736,275.723,276.633,277.514,278.461,279.639,281.313
30840.0,329.572,315.583,301.392,287.284,273.473,260.24,247.958,237.062,228.001,221.162,216.799,214.973,215.529,218.11,222.209,227.249,232.663,237.963,242.777,246.852,250.042,252.305,253.709,254.434,254.755,254.976,255.319,255.862,256.562,257.351,258.2,259.113,260.096,261.15,262.272,263.458,264.698,265.984,267.301,268.631,269.955,271.249,272.49,273.658,274.736,275.723,276.633,277.514,278.461,279.639,281.313
30900.0,330.246,316.281,302.11,288.013,274.2,260.949,248.629,237.674,228.536,221.607,217.147,215.225,215.694,218.204,222.25,227.254,232.647,237.939,242.752,246.829,250.024,252.293,253.701,254.43,254.755,254.976,255.32,255.862,256.562,257.351,258.2,259.113,260.096,261.15,262.272,263.458,264.698,265.984,267.301,268.631,269.955,271.249,272.49,273.658,274.736,275.723,276.633,277.514,278.461,279.639,281.313
30960.0,330.914,316.973,302.823,288.737,274.923,261.654,249.297,238.286,229.072,222.053,217.496,215.478,215.861,218.299,222.291,227.259,232.632,237.915,242.726,246.806,250.006,252.28,253.694,254.426,254.754,254.977,255.32,255.863,256.562,257.351,258.2,259.113,260.096,261.15,262.272,263.457,264.698,265.984,267.301,268.631,269.955,271.249,272.49,273.658,274.736,275.723,276.633,277.514,278.461,279.639,281.313
31020.0,331.577,317.661,303.531,289.457,275.642,262.357,249.964,238.897,229.608,222.5,217.846,215.734,216.03,218.395,222.333,227.265,232.617,237.891,242.701,246.783,249.987,252.267,253.686,254.423,254.753,254.977,255.321,255.863,256.562,257.351,258.2,259.113,260.096,261.15,262.272,263.457,264.698,265.984,267.301,268.631,269.955,271.249,272.49,273.658,274.736,275.722,276.633,277.514,278.461,279.639,281.313
31080.0,332.235,318.343,304.234,290.172,276.357,263.055,250.628,239.506,230.143,222.947,218.198,215.99,216.2,218.493,222.377,227.272,232.603,237.867,242.676,246.761,249.969,252.254,253.678,254.419,254.752,254.978,255.321,255.863,256.562,257.351,258.2,259.113,260.096,261.15,262.272,263.457,264.698,265.984,267.301,268.631,269.955,271.249,272.49,273.658,274.736,275.722,276.633,277.514,278.461,279.639,281.313
31140.0,332.887,319.02,304.932,290.882,277.068,263.751,251.29,240.114,230.679,223.395,218.551,216.249,216.372,218.593,222.421,227.28,232.589,237.844,242.65,246.738,249.951,252.242,253.67,254.416,254.751,254.978,255.322,255.863,256.562,257.351,258.2,259.113,260.096,261.15,262.272,263.457,264.698,265.984,267.301,268.631,269.955,271.249,272.49,273.658,274.736,275.722,276.633,277.514,278.461,279.639,281.313
31200.0,333.534,319.692,305.625,291.588,277.774,264.444,251.95,240.721,231.214,223.844,218.905,216.508,216.545,218.694,222.467,227.288,232.576,237.821,242.625,246.716,249.933,252.229,253.663,254.412,254.75,254.978,255.322,255.864,256.562,257.351,258.2,259.113,260.096,261.15,262.272,263.457,264.698,265.984,267.301,268.631,269.954,271.249,272.49,273.658,274.736,275.722,276.633,277.514,278.461,279.639,281.313
31260.0,334.176,320.359,306.313,292.289,278.477,265.133,252.607,241.327,231.749,224.293,219.261,216.77,216.72,218.796,222.514,227.297,232.563,237.798,242.6,246.693,249.915,252.216,253.655,254.409,254.75,254.979,255.323,255.864,256.562,257.351,258.2,259.113,260.096,261.15,262.272,263.457,264.698,265.984,267.301,268.631,269.954,271.249,272.49,273.658,274.736,275.722,276.633,277.514,278.461,279.639,281.313
31320.0,334.813,321.02,306.996,292.986,279.176,265.819,253.262,241.931,232.284,224.743,219.618,217.033,216.896,218.899,222.562,227.307,232.551,237.776,242.576,246.67,249.897,252.203,253.647,254.405,254.749,254.979,255.324,255.864,256.562,257.351,258.2,259.113,260.096,261.15,262.272,263.457,264.698,265.984,267.301,268.631,269.954,271.249,272.49,273.658,274.736,275.722,276.633,277.514,278.461,279.639,281.313
31380.0,335.444,321.677,307.674,293.678,279.871,266.502,253.915,242.534,232.819,225.194,219.975,217.297,217.074,219.004,222.611,227.318,232.539,237.753,242.551,246.648,249.879,252.19,253.639,254.401,254.748,254.98,255.324,255.864,256.562,257.35,258.2,259.113,260.096,261.15,262.272,263.457,264.698,265.984,267.301,268.631,269.954,271.249,272.49,273.658,274.736,275.722,276.633,277.514,278.461,279.639,281.313
31440.0,336.07,322.328,308.347,294.365,280.562,267.182,254.566,243.136,233.353,225.645,220.335,217.563,217.254,219.111,222.661,227.329,232.528,237.731,242.526,246.626,249.861,252.178,253.632,254.398,254.747,254.98,255.325,255.865,256.562,257.35,258.2,259.113,260.096,261.15,262.272,263.457,264.698,265.984,267.301,268.631,269.954,271.249,272.49,273.658,274.736,275.722,276.633,277.514,278.461,279.639,281.313
31500.0,336.692,322.975,309.016,295.048,281.249,267.858,255.214,243.737,233.887,226.097,220.695,217.83,217.435,219.218,222.712,227.341,232.517,237.709,242.502,246.603,249.843,252.165,253.624,254.394,254.746,254.98,255.325,255.865,256.562,257.35,258.2,259.113,260.096,261.15,262.272,263.457,264.698,265.984,267.301,268.631,269.954,271.248,272.49,273.658,274.736,275.722,276.633,277.514,278.462,279.639,281.313
31560.0,337.308,323.616,309.679,295.727,281.932,268.531,255.86,244.336,234.42,226.549,221.056,218.099,217.617,219.327,222.764,227.354,232.506,237.688,242.477,246.581,249.825,252.152,253.616,254.39,254.745,254.981,255.326,255.865,256.562,257.35,258.2,259.113,260.096,261.15,262.272,263.457,264.698,265.984,267.3,268.631,269.954,271.248,272.49,273.658,274.736,275.722,276.633,277.514,278.462,279.639,281.313
31620.0,337.919,324.253,310.338,296.401,282.611,269.201,256.504,244.934,234.953,227.002,221.418,218.369,217.801,219.437,222.817,227.368,232.496,237.666,242.453,246.558,249.807,252.139,253.608,254.387,254.744,254.981,255.326,255.865,256.562,257.35,258.2,259.113,260.096,261.15,262.272,263.457,264.698,265.984,267.3,268.631,269.954,271.248,272.49,273.658,274.736,275.722,276.633,277.514,278.462,279.639,281.313
31680.0,338.525,324.884,310.992,297.071,283.286,269.868,257.145,245.53,235.486,227.455,221.782,218.641,217.987,219.549,222.871,227.382,232.487,237.645,242.429,246.536,249.789,252.126,253.6,254.383,254.743,254.981,255.327,255.866,256.562,257.35,258.2,259.113,260.096,261.15,262.272,263.457,264.698,265.984,267.3,268.631,269.954,271.248,272.49,273.658,274.736,275.722,276.633,277.514,278.462,279.639,281.313
31740.0,339.126,325.511,311.642,297.736,283.957,270.531,257.783,246.125,236.018,227.908,222.146,218.914,218.174,219.662,222.927,227.398,232.478,237.624,242.405,246.514,249.772,252.114,253.593,254.379,254.742,254.982,255.327,255.866,256.562,257.35,258.2,259.113,260.096,261.15,262.272,263.457,264.698,265.984,267.3,268.631,269.954,271.248,272.49,273.658,274.736,275.722,276.633,277.514,278.462,279.639,281.313
31800.0,339.723,326.133,312.286,298.397,284.624,271.191,258.42,246.719,236.55,228.362,222.512,219.188,218.362,219.777,222.983,227.414,232.469,237.604,242.381,246.492,249.754,252.101,253.585,254.376,254.741,254.982,255.328,255.866,256.562,257.35,258.2,259.113,260.096,261.15,262.272,263.457,264.698,265.984,267.3,268.631,269.954,271.248,272.49,273.658,274.736,275.722,276.633,277.514,278.462,279.639,281.313
31860.0,340.314,326.75,312.926,299.053,285.287,271.848,259.053,247.311,237.081,228.816,222.878,219.464,218.552,219.892,223.041,227.43,232.461,237.584,242.357,246.47,249.736,252.088,253.577,254.372,254.74,254.982,255.328,255.866,256.562,257.35,258.199,259.112,260.096,261.15,262.272,263.457,264.698,265.984,267.3,268.631,269.954,271.248,272.49,273.658,274.736,275.722,276.633,277.514,278.462,279.639,281.313
31920.0,340.9,327.362,313.562,299.706,285.946,272.501,259.685,247.901,237.612,229.271,223.246,219.741,218.743,220.009,223.099,227.448,232.453,237.564,242.334,246.448,249.718,252.075,253.569,254.368,254.739,254.983,255.329,255.867,256.562,257.35,258.199,259.112,260.096,261.15,262.272,263.457,264.698,265.984,267.3,268.631,269.954,271.248,272.49,273.658,274.736,275.722,276.633,277.514,278.462,279.639,281.313
31980.0,341.482,327.969,314.193,300.353,286.602,273.152,260.314,248.49,238.142,229.725,223.614,220.019,218.936,220.128,223.159,227.466,232.446,237.544,242.31,246.426,249.7,252.062,253.561,254.364,254.738,254.983,255.329,255.867,256.562,257.35,258.199,259.112,260.095,261.149,262.272,263.457,264.698,265.984,267.3,268.631,269.954,271.248,272.49,273.658,274.736,275.722,276.633,277.514,278.462,279.639,281.313
32040.0,342.059,328.572,314.819,300.997,287.253,273.799,260.94,249.078,238.672,230.181,223.983,220.299,219.13,220.247,223.22,227.485,232.439,237.524,242.287,246.404,249.682,252.049,253.553,254.361,254.737,254.983,255.33,255.867,256.562,257.35,258.199,259.112,260.095,261.149,262.272,263.457,264.698,265.983,267.3,268.631,269.954,271.248,272.49,273.657,274.736,275.722,276.633,277.514,278.462,279.639,281.313
32100.0,342.631,329.17,315.44,301.636,287.901,274.442,261.564,249.664,239.2,230.636,224.354,220.58,219.326,220.368,223.282,227.505,232.433,237.505,242.263,246.382,249.664,252.036,253.545,254.357,254.736,254.984,255.33,255.867,256.562,257.35,258.199,259.112,260.095,261.149,262.272,263.457,264.698,265.983,267.3,268.631,269.954,271.248,272.49,273.657,274.736,275.722,276.633,277.514,278.462,279.639,281.313
32160.0,343.198,329.763,316.057,302.271,288.545,275.083,262.185,250.248,239.729,231.091,224.725,220.862,219.523,220.491,223.345,227.526,232.428,237.486,242.24,246.36,249.646,252.024,253.537,254.353,254.735,254.984,255.331,255.868,256.562,257.35,258.199,259.112,260.095,261.149,262.271,263.457,264.698,265.983,267.3,268.631,269.954,271.248,272.49,273.657,274.736,275.722,276.633,277.514,278.462,279.639,281.313
32220.0,343.761,330.352,316.67,302.901,289.185,275.72,262.804,250.831,240.256,231.547,225.097,221.146,219.721,220.614,223.409,227.547,232.423,237.468,242.217,246.338,249.628,252.011,253.529,254.349,254.734,254.984,255.331,255.868,256.562,257.35,258.199,259.112,260.095,261.149,262.271,263.457,264.698,265.983,267.3,268.631,269.954,271.248,272.49,273.657,274.736,275.722,276.633,277.514,278.462,279.639,281.313
32280.0,344.319,330.936,317.277,303.527,289.821,276.354,263.421,251.411,240.783,232.003,225.469,221.431,219.921,220.739,223.474,227.569,232.418,237.449,242.194,246.316,249.61,251.998,253.522,254.345,254.733,254.985,255.332,255.868,256.562,257.35,258.199,259.112,260.095,261.149,262.271,263.457,264.698,265.983,267.3,268.631,269.954,271.248,272.49,273.657,274.736,275.722,276.632,277.514,278.462,279.639,281.313
32340.0,344.872,331.515,317.881,304.149,290.453,276.984,264.035,251.991,241.309,232.458,225.843,221.716,220.122,220.865,223.54,227.592,232.414,237.431,242.172,246.294,249.592,251.985,253.514,254.341,254.732,254.985,255.332,255.868,256.562,257.35,258.199,259.112,260.095,261.149,262.271,263.457,264.698,265.983,267.3,268.63,269.954,271.248,272.49,273.657,274.736,275.722,276.632,277.514,278.462,279.639,281.313
32400.0,345.421,332.09,318.48,304.767,291.081,277.611,264.646,252.568,241.834,232.914,226.217,222.003,220.324,220.993,223.607,227.616,232.41,237.413,242.149,246.273,249.575,251.972,253.506,254.338,254.731,254.985,255.333,255.869,256.562,257.349,258.199,259.112,260.095,261.149,262.271,263.457,264.697,265.983,267.3,268.63,269.954,271.248,272.49,273.657,274.736,275.722,276.632,277.514,278.462,279.639,281.313
32460.0,345.965,332.66,319.074,305.381,291.705,278.235,265.255,253.144,242.359,233.37,226.592,222.292,220.528,221.121,223.675,227.64,232.407,237.396,242.127,246.251,249.557,251.959,253.498,254.334,254.73,254.985,255.333,255.869,256.562,257.349,258.199,259.112,260.095,261.149,262.271,263.457,264.697,265.983,267.3,268.63,269.954,271.248,272.49,273.657,274.736,275.722,276.632,277.514,278.462,279.639,281.313
32520.0,346.504,333.226,319.664,305.99,292.326,278.856,265.861,253.719,242.883,233.827,226.968,222.581,220.733,221.251,223.744,227.666,232.405,237.379,242.104,246.23,249.539,251.946,253.49,254.33,254.729,254.986,255.334,255.869,256.562,257.349,258.199,259.112,260.095,261.149,262.271,263.457,264.697,265.983,267.3,268.63,269.954,271.248,272.49,273.657,274.736,275.722,276.632,277.514,278.462,279.639,281.313
32580.0,347.039,333.787,320.25,306.595,292.943,279.473,266.464,254.291,243.405,234.283,227.344,222.872,220.94,221.383,223.815,227.692,232.402,237.362,242.082,246.208,249.521,251.933,253.482,254.326,254.728,254.986,255.334,255.869,256.562,257.349,258.199,259.112,260.095,261.149,262.271,263.457,264.697,265.983,267.3,268.63,269.954,271.248,272.49,273.657,274.736,275.722,276.632,277.514,278.462,279.639,281.313
32640.0,347.57,334.344,320.831,307.196,293.556,280.087,267.065,254.862,243.927,234.739,227.721,223.163,221.147,221.515,223.886,227.719,232.401,237.345,242.06,246.187,249.503,251.92,253.474,254.322,254.727,254.986,255.335,255.87,256.562,257.349,258.199,259.112,260.095,261.149,262.271,263.456,264.697,265.983,267.3,268.63,269.954,271.248,272.49,273.657,274.736,275.722,276.632,277.514,278.462,279.639,281.313
32700.0,348.096,334.896,321.408,307.793,294.165,280.698,267.663,255.431,244.449,235.195,228.099,223.456,221.356,221.649,223.959,227.746,232.4,237.329,242.038,246.165,249.486,251.907,253.466,254.318,254.726,254.986,255.335,255.87,256.562,257.349,258.199,259.112,260.095,261.149,262.271,263.456,264.697,265.983,267.3,268.63,269.954,271.248,272.49,273.657,274.736,275.722,276.632,277.514,278.462,279.639,281.314
32760.0,348.617,335.444,321.981,308.386,294.77,281.306,268.259,255.998,244.969,235.651,228.477,223.75,221.567,221.784,224.032,227.775,232.399,237.313,242.017,246.144,249.468,251.895,253.457,254.314,254.725,254.987,255.336,255.87,256.562,257.349,258.199,259.112,260.095,261.149,262.271,263.456,264.697,265.983,267.3,268.63,269.954,271.248,272.49,273.657,274.736,275.722,276.632,277.514,278.462,279.639,281.314
32820.0,349.134,335.987,322.549,308.974,295.372,281.91,268.852,256.563,245.488,236.106,228.856,224.045,221.778,221.92,224.107,227.804,232.399,237.297,241.995,246.123,249.45,251.882,253.449,254.31,254.724,254.987,255.336,255.87,256.562,257.349,258.199,259.112,260.095,261.149,262.271,263.456,264.697,265.983,267.3,268.63,269.954,271.248,272.49,273.657,274.736,275.722,276.632,277.514,278.462,279.639,281.314
32880.0,349.647,336.526,323.113,309.559,295.97,282.511,269.443,257.127,246.006,236.562,229.235,224.341,221.991,222.058,224.183,227.834,232.4,237.282,241.974,246.101,249.432,251.869,253.441,254.306,254.722,254.987,255.337,255.871,256.562,257.349,258.199,259.112,260.095,261.149,262.271,263.456,264.697,265.983,267.3,268.63,269.954,271.248,272.49,273.657,274.736,275.722,276.632,277.514,278.462,279.639,281.314
32940.0,350.155,337.061,323.673,310.139,296.564,283.109,270.031,257.688,246.524,237.018,229.615,224.638,222.205,222.197,224.259,227.865,232.401,237.267,241.952,246.08,249.415,251.856,253.433,254.302,254.721,254.987,255.337,255.871,256.562,257.349,258.198,259.112,260.095,261.149,262.271,263.456,264.697,265.983,267.3,268.63,269.954,271.248,272.49,273.657,274.736,275.722,276.632,277.514,278.462,279.639,281.314
33000.0,350.659,337.591,324.229,310.716,297.154,283.703,270.616,258.248,247.04,237.473,229.996,224.936,222.42,222.337,224.337,227.897,232.403,237.252,241.931,246.059,249.397,251.843,253.425,254.298,254.72,254.988,255.338,255.871,256.562,257.349,258.198,259.112,260.095,261.149,262.271,263.456,264.697,265.983,267.3,268.63,269.954,271.248,272.49,273.657,274.736,275.722,276.632,277.514,278.462,279.639,281.314
33060.0,351.158,338.117,324.78,311.288,297.741,284.294,271.198,258.806,247.555,237.928,230.377,225.235,222.637,222.478,224.416,227.929,232.405,237.238,241.91,246.038,249.379,251.83,253.417,254.294,254.719,254.988,255.338,255.871,256.562,257.349,258.198,259.112,260.095,261.149,262.271,263.456,264.697,265.983,267.3,268.63,269.954,271.248,272.49,273.657,274.736,275.722,276.632,277.514,278.462,279.639,281.314
33120.0,351.654,338.639,325.327,311.856,298.324,284.882,271.778,259.362,248.069,238.383,230.758,225.534,222.854,222.62,224.496,227.963,232.407,237.223,241.89,246.017,249.362,251.817,253.409,254.29,254.718,254.988,255.339,255.872,256.562,257.349,258.198,259.112,260.095,261.149,262.271,263.456,264.697,265.983,267.3,268.63,269.954,271.248,272.489,273.657,274.736,275.722,276.632,277.514,278.462,279.639,281.314
33180.0,352.144,339.156,325.87,312.421,298.903,285.466,272.355,259.916,248.582,238.838,231.14,225.835,223.073,222.764,224.577,227.997,232.411,237.21,241.869,245.996,249.344,251.804,253.401,254.286,254.717,254.988,255.339,255.872,256.563,257.349,258.198,259.111,260.095,261.149,262.271,263.456,264.697,265.983,267.3,268.63,269.954,271.248,272.489,273.657,274.736,275.722,276.632,277.514,278.462,279.639,281.314
33240.0,352.631,339.67,326.409,312.981,299.478,286.048,272.93,260.468,249.094,239.292,231.523,226.137,223.293,222.909,224.659,228.032,232.414,237.196,241.848,245.975,249.326,251.791,253.393,254.282,254.715,254.988,255.34,255.872,256.563,257.349,258.198,259.111,260.095,261.149,262.271,263.456,264.697,265.983,267.3,268.63,269.954,271.248,272.489,273.657,274.736,275.722,276.632,277.514,278.462,279.639,281.314
33300.0,353.114,340.179,326.943,313.537,300.05,286.626,273.502,261.018,249.605,239.746,231.906,226.44,223.515,223.055,224.742,228.067,232.419,237.183,241.828,245.955,249.309,251.778,253.385,254.278,254.714,254.989,255.34,255.872,256.563,257.349,258.198,259.111,260.095,261.149,262.271,263.456,264.697,265.983,267.3,268.63,269.954,271.248,272.489,273.657,274.736,275.722,276.632,277.514,278.462,279.639,281.314
33360.0,353.592,340.683,327.474,314.089,300.618,287.2,274.071,261.566,250.115,240.2,232.289,226.743,223.737,223.202,224.826,228.104,232.424,237.17,241.808,245.934,249.291,251.765,253.376,254.274,254.713,254.989,255.341,255.873,256.563,257.349,258.198,259.111,260.095,261.149,262.271,263.456,264.697,265.983,267.3,268.63,269.954,271.248,272.489,273.657,274.736,275.722,276.632,277.514,278.462,279.639,281.314
33420.0,354.066,341.184,328.0,314.638,301.182,287.772,274.637,262.112,250.624,240.654,232.672,227.048,223.96,223.35,224.911,228.141,232.429,237.157,241.788,245.913,249.274,251.752,253.368,254.27,254.712,254.989,255.341,255.873,256.563,257.348,258.198,259.111,260.095,261.149,262.271,263.456,264.697,265.983,267.3,268.63,269.954,271.248,272.489,273.657,274.736,275.722,276.632,277.514,278.462,279.639,281.314
33480.0,354.536,341.68,328.522,315.182,301.743,288.34,275.201,262.657,251.131,241.107,233.056,227.353,224.185,223.5,224.997,228.179,232.435,237.145,241.768,245.893,249.256,251.739,253.36,254.266,254.71,254.989,255.342,255.873,256.563,257.348,258.198,259.111,260.094,261.149,262.271,263.456,264.697,265.983,267.3,268.63,269.954,271.248,272.489,273.657,274.736,275.722,276.632,277.514,278.462,279.639,281.314
33540.0,355.001,342.173,329.041,315.723,302.3,288.905,275.762,263.199,251.637,241.559,233.44,227.659,224.411,223.65,225.084,228.218,232.441,237.133,241.749,245.872,249.239,251.726,253.352,254.262,254.709,254.989,255.342,255.873,256.563,257.348,258.198,259.111,260.094,261.148,262.271,263.456,264.697,265.983,267.3,268.63,269.954,271.248,272.489,273.657,274.736,275.722,276.632,277.514,278.462,279.639,281.314
33600.0,355.463,342.661,329.555,316.26,302.853,289.467,276.321,263.739,252.142,242.012,233.825,227.966,224.638,223.802,225.173,228.258,232.448,237.122,241.729,245.852,249.221,251.713,253.344,254.258,254.708,254.99,255.343,255.874,256.563,257.348,258.198,259.111,260.094,261.148,262.271,263.456,264.697,265.983,267.299,268.63,269.954,271.248,272.489,273.657,274.736,275.722,276.632,277.514,278.462,279.639,281.314
33660.0,355.92,343.145,330.065,316.792,303.403,290.025,276.876,264.277,252.646,242.463,234.21,228.274,224.865,223.955,225.262,228.298,232.456,237.111,241.71,245.832,249.204,251.7,253.335,254.254,254.707,254.99,255.343,255.874,256.563,257.348,258.198,259.111,260.094,261.148,262.271,263.456,264.697,265.983,267.299,268.63,269.954,271.248,272.489,273.657,274.736,275.722,276.632,277.514,278.462,279.639,281.314
33720.0,356.374,343.625,330.571,317.321,303.949,290.58,277.429,264.813,253.148,242.915,234.595,228.582,225.094,224.109,225.352,228.339,232.464,237.1,241.691,245.811,249.186,251.687,253.327,254.25,254.705,254.99,255.344,255.874,256.563,257.348,258.198,259.111,260.094,261.148,262.271,263.456,264.697,265.983,267.299,268.63,269.953,271.248,272.489,273.657,274.736,275.722,276.632,277.514,278.462,279.639,281.314
33780.0,356.823,344.101,331.073,317.846,304.492,291.132,277.979,265.348,253.649,243.365,234.98,228.891,225.324,224.264,225.443,228.381,232.473,237.089,241.672,245.791,249.169,251.674,253.319,254.245,254.704,254.99,255.344,255.874,256.563,257.348,258.198,259.111,260.094,261.148,262.27,263.456,264.697,265.983,267.299,268.63,269.953,271.248,272.489,273.657,274.736,275.722,276.632,277.514,278.462,279.639,281.314
33840.0,357.268,344.573,331.571,318.367,305.031,291.681,278.527,265.88,254.149,243.816,235.365,229.201,225.556,224.421,225.536,228.424,232.482,237.079,241.653,245.771,249.151,251.661,253.311,254.241,254.703,254.99,255.345,255.875,256.563,257.348,258.198,259.111,260.094,261.148,262.27,263.456,264.697,265.983,267.299,268.63,269.953,271.248,272.489,273.657,274.736,275.722,276.632,277.514,278.462,279.639,281.314
33900.0,357.709,345.041,332.066,318.885,305.566,292.226,279.072,266.409,254.648,244.266,235.751,229.512,225.788,224.578,225.629,228.468,232.492,237.069,241.634,245.751,249.134,251.648,253.303,254.237,254.701,254.99,255.345,255.875,256.563,257.348,258.198,259.111,260.094,261.148,262.27,263.456,264.697,265.983,267.299,268.63,269.953,271.248,272.489,273.657,274.736,275.722,276.632,277.514,278.462,279.639,281.314
33960.0,358.147,345.505,332.556,319.398,306.098,292.769,279.614,266.937,255.145,244.715,236.136,229.823,226.021,224.737,225.723,228.513,232.502,237.06,241.616,245.731,249.117,251.635,253.294,254.233,254.7,254.99,255.346,255.875,256.563,257.348,258.198,259.111,260.094,261.148,262.27,263.456,264.697,265.982,267.299,268.63,269.953,271.248,272.489,273.657,274.736,275.722,276.632,277.514,278.462,279.639,281.314
34020.0,358.58,345.966,333.042,319.908,306.626,293.308,280.153,267.463,255.641,245.163,236.522,230.136,226.255,224.896,225.818,228.558,232.513,237.05,241.598,245.711,249.099,251.622,253.286,254.229,254.699,254.991,255.346,255.875,256.563,257.348,258.198,259.111,260.094,261.148,262.27,263.456,264.697,265.982,267.299,268.63,269.953,271.248,272.489,273.657,274.736,275.722,276.632,277.514,278.462,279.639,281.314
34080.0,359.009,346.422,333.525,320.414,307.151,293.844,280.689,267.987,256.135,245.612,236.908,230.448,226.49,225.057,225.915,228.604,232.525,237.042,241.58,245.691,249.082,251.61,253.278,254.225,254.698,254.991,255.346,255.876,256.563,257.348,258.197,259.111,260.094,261.148,262.27,263.456,264.697,265.982,267.299,268.63,269.953,271.248,272.489,273.657,274.736,275.722,276.632,277.514,278.462,279.639,281.314
34140.0,359.435,346.874,334.004,320.917,307.672,294.376,281.223,268.508,256.628,246.059,237.294,230.762,226.726,225.219,226.012,228.651,232.537,237.033,241.562,245.672,249.065,251.597,253.269,254.22,254.696,254.991,255.347,255.876,256.563,257.348,258.197,259.111,260.094,261.148,262.27,263.456,264.697,265.982,267.299,268.63,269.953,271.248,272.489,273.657,274.736,275.722,276.632,277.514,278.462,279.639,281.314
34200.0,359.856,347.322,334.478,321.415,308.189,294.906,281.754,269.028,257.12,246.506,237.68,231.076,226.963,225.382,226.11,228.699,232.55,237.025,241.544,245.652,249.047,251.584,253.261,254.216,254.695,254.991,255.347,255.876,256.563,257.348,258.197,259.111,260.094,261.148,262.27,263.456,264.696,265.982,267.299,268.63,269.953,271.248,272.489,273.657,274.736,275.722,276.632,277.514,278.462,279.639,281.314
34260.0,360.274,347.767,334.949,321.91,308.703,295.432,282.283,269.545,257.61,246.952,238.067,231.39,227.201,225.546,226.21,228.747,232.563,237.017,241.527,245.633,249.03,251.571,253.253,254.212,254.693,254.991,255.348,255.876,256.563,257.348,258.197,259.111,260.094,261.148,262.27,263.456,264.696,265.982,267.299,268.63,269.953,271.248,272.489,273.657,274.736,275.722,276.632,277.514,278.462,279.639,281.314
34320.0,360.688,348.207,335.416,322.401,309.214,295.955,282.808,270.06,258.099,247.397,238.453,231.705,227.44,225.711,226.31,228.797,232.577,237.01,241.509,245.613,249.013,251.558,253.245,254.208,254.692,254.991,255.348,255.877,256.563,257.348,258.197,259.111,260.094,261.148,262.27,263.455,264.696,265.982,267.299,268.63,269.953,271.248,272.489,273.657,274.736,275.722,276.632,277.514,278.462,279.639,281.314
34380.0,361.097,348.644,335.88,322.888,309.721,296.474,283.331,270.573,258.587,247.842,238.839,232.021,227.68,225.877,226.411,228.847,232.591,237.003,241.492,245.594,248.996,251.545,253.236,254.203,254.691,254.991,255.349,255.877,256.563,257.348,258.197,259.111,260.094,261.148,262.27,263.455,264.696,265.982,267.299,268.63,269.953,271.247,272.489,273.657,274.736,275.722,276.632,277.514,278.462,279.639,281.314
34440.0,361.503,349.077,336.339,323.372,310.224,296.991,283.851,271.084,259.072,248.286,239.225,232.337,227.921,226.044,226.514,228.898,232.606,236.996,241.475,245.574,248.978,251.532,253.228,254.199,254.689,254.991,255.349,255.877,256.563,257.348,258.197,259.111,260.094,261.148,262.27,263.455,264.696,265.982,267.299,268.63,269.953,271.247,272.489,273.657,274.736,275.722,276.632,277.514,278.462,279.639,281.314
34500.0,361.906,349.506,336.795,323.852,310.724,297.504,284.368,271.592,259.557,248.729,239.611,232.654,228.162,226.212,226.617,228.949,232.621,236.99,241.459,245.555,248.961,251.519,253.22,254.195,254.688,254.991,255.35,255.878,256.563,257.348,258.197,259.111,260.094,261.148,262.27,263.455,264.696,265.982,267.299,268.63,269.953,271.247,272.489,273.657,274.736,275.722,276.632,277.514,278.462,279.639,281.314
34560.0,362.304,349.931,337.247,324.328,311.221,298.015,284.883,272.099,260.04,249.172,239.997,232.972,228.405,226.381,226.721,229.002,232.638,236.984,241.442,245.536,248.944,251.506,253.211,254.191,254.686,254.991,255.35,255.878,256.563,257.347,258.197,259.11,260.094,261.148,262.27,263.455,264.696,265.982,267.299,268.629,269.953,271.247,272.489,273.657,274.736,275.722,276.632,277.514,278.462,279.639,281.314
34620.0,362.699,350.353,337.695,324.801,311.714,298.522,285.395,272.603,260.521,249.614,240.383,233.289,228.648,226.552,226.826,229.055,232.654,236.978,241.426,245.517,248.927,251.493,253.203,254.186,254.685,254.991,255.35,255.878,256.563,257.347,258.197,259.11,260.094,261.148,262.27,263.455,264.696,265.982,267.299,268.629,269.953,271.247,272.489,273.657,274.736,275.722,276.632,277.514,278.462,279.639,281.314
34680.0,363.09,350.771,338.14,325.27,312.204,299.026,285.904,273.105,261.001,250.055,240.769,233.608,228.893,226.723,226.932,229.109,232.672,236.973,241.41,245.498,248.91,251.48,253.194,254.182,254.684,254.992,255.351,255.878,256.563,257.347,258.197,259.11,260.094,261.148,262.27,263.455,264.696,265.982,267.299,268.629,269.953,271.247,272.489,273.657,274.736,275.722,276.632,277.514,278.462,279.639,281.314
34740.0,363.477,351.185,338.581,325.736,312.69,299.526,286.41,273.605,261.479,250.495,241.155,233.927,229.138,226.895,227.039,229.164,232.689,236.968,241.394,245.479,248.893,251.467,253.186,254.178,254.682,254.992,255.351,255.879,256.563,257.347,258.197,259.11,260.094,261.148,262.27,263.455,264.696,265.982,267.299,268.629,269.953,271.247,272.489,273.657,274.736,275.722,276.632,277.514,278.462,279.639,281.314
34800.0,363.86,351.595,339.018,326.198,313.173,300.024,286.914,274.102,261.956,250.934,241.541,234.246,229.384,227.068,227.148,229.22,232.708,236.963,241.378,245.461,248.876,251.454,253.178,254.173,254.681,254.992,255.352,255.879,256.563,257.347,258.197,259.11,260.094,261.148,262.27,263.455,264.696,265.982,267.299,268.629,269.953,271.247,272.489,273.657,274.736,275.722,276.632,277.514,278.462,279.639,281.314
34860.0,364.24,352.002,339.452,326.656,313.652,300.518,287.415,274.597,262.431,251.372,241.926,234.565,229.63,227.242,227.257,229.277,232.727,236.959,241.363,245.442,248.859,251.441,253.169,254.169,254.679,254.992,255.352,255.879,256.563,257.347,258.197,259.11,260.094,261.148,262.27,263.455,264.696,265.982,267.299,268.629,269.953,271.247,272.489,273.657,274.736,275.722,276.632,277.514,278.462,279.639,281.314
34920.0,364.616,352.405,339.882,327.111,314.128,301.01,287.913,275.091,262.905,251.81,242.312,234.885,229.878,227.418,227.367,229.334,232.746,236.956,241.347,245.423,248.842,251.428,253.161,254.164,254.678,254.992,255.353,255.879,256.563,257.347,258.197,259.11,260.093,261.148,262.27,263.455,264.696,265.982,267.299,268.629,269.953,271.247,272.489,273.657,274.736,275.722,276.632,277.514,278.462,279.639,281.314
34980.0,364.989,352.804,340.308,327.562,314.601,301.498,288.408,275.581,263.376,252.246,242.697,235.206,230.126,227.594,227.477,229.392,232.766,236.952,241.332,245.405,248.825,251.415,253.152,254.16,254.676,254.992,255.353,255.88,256.563,257.347,258.197,259.11,260.093,261.148,262.27,263.455,264.696,265.982,267.299,268.629,269.953,271.247,272.489,273.657,274.736,275.722,276.632,277.514,278.462,279.639,281.314
35040.0,365.358,353.2,340.731,328.01,315.07,301.983,288.9,276.07,263.847,252.682,243.082,235.527,230.375,227.771,227.589,229.451,232.787,236.949,241.317,245.387,248.809,251.402,253.144,254.156,254.675,254.992,255.353,255.88,256.563,257.347,258.197,259.11,260.093,261.147,262.27,263.455,264.696,265.982,267.299,268.629,269.953,271.247,272.489,273.657,274.736,275.722,276.632,277.514,278.462,279.639,281.314
35100.0,365.723,353.592,341.15,328.454,315.536,302.465,289.39,276.556,264.316,253.117,243.466,235.848,230.625,227.949,227.702,229.511,232.809,236.946,241.303,245.368,248.792,251.389,253.136,254.151,254.673,254.992,255.354,255.88,256.563,257.347,258.197,259.11,260.093,261.147,262.27,263.455,264.696,265.982,267.299,268.629,269.953,271.247,272.489,273.657,274.736,275.722,276.632,277.514,278.462,279.639,281.314
35160.0,366.084,353.98,341.565,328.895,315.998,302.944,289.877,277.041,264.783,253.551,243.851,236.169,230.876,228.128,227.816,229.571,232.83,236.944,241.288,245.35,248.775,251.376,253.127,254.147,254.672,254.992,255.354,255.88,256.564,257.347,258.196,259.11,260.093,261.147,262.27,263.455,264.696,265.982,267.299,268.629,269.953,271.247,272.489,273.657,274.736,275.722,276.632,277.514,278.462,279.639,281.314
35220.0,366.442,354.365,341.977,329.332,316.457,303.419,290.361,277.522,265.248,253.984,244.235,236.491,231.127,228.307,227.93,229.632,232.853,236.942,241.274,245.332,248.758,251.363,253.119,254.142,254.67,254.992,255.355,255.881,256.564,257.347,258.196,259.11,260.093,261.147,262.27,263.455,264.696,265.982,267.299,268.629,269.953,271.247,272.489,273.657,274.736,275.722,276.632,277.514,278.462,279.639,281.314
35280.0,366.797,354.747,342.386,329.766,316.913,303.892,290.843,278.002,265.712,254.415,244.618,236.813,231.379,228.488,228.046,229.694,232.876,236.941,241.26,245.314,248.742,251.35,253.11,254.138,254.669,254.992,255.355,255.881,256.564,257.347,258.196,259.11,260.093,261.147,262.27,263.455,264.696,265.982,267.299,268.629,269.953,271.247,272.489,273.657,274.736,275.722,276.632,277.514,278.462,279.639,281.314
35340.0,367.148,355.124,342.79,330.196,317.366,304.361,291.322,278.479,266.174,254.846,245.002,237.135,231.632,228.67,228.163,229.757,232.9,236.94,241.246,245.296,248.725,251.337,253.102,254.134,254.667,254.992,255.355,255.881,256.564,257.347,258.196,259.11,260.093,261.147,262.269,263.455,264.696,265.982,267.299,268.629,269.953,271.247,272.489,273.657,274.736,275.722,276.632,277.514,278.462,279.639,281.314
35400.0,367.495,355.499,343.192,330.623,317.815,304.828,291.798,278.954,266.634,255.276,245.385,237.458,231.885,228.852,228.28,229.821,232.924,236.939,241.232,245.278,248.708,251.324,253.093,254.129,254.666,254.992,255.356,255.881,256.564,257.347,258.196,259.11,260.093,261.147,262.269,263.455,264.696,265.982,267.299,268.629,269.953,271.247,272.489,273.657,274.736,275.722,276.632,277.514,278.462,279.639,281.314
35460.0,367.839,355.869,343.59,331.047,318.261,305.291,292.271,279.427,267.093,255.705,245.768,237.781,232.139,229.036,228.398,229.885,232.949,236.939,241.219,245.261,248.692,251.312,253.085,254.125,254.664,254.992,255.356,255.882,256.564,257.347,258.196,259.11,260.093,261.147,262.269,263.455,264.696,265.982,267.299,268.629,269.953,271.247,272.489,273.657,274.736,275.722,276.632,277.514,278.462,279.639,281.314
35520.0,368.179,356.236,343.984,331.467,318.703,305.751,292.742,279.897,267.55,256.133,246.15,238.104,232.394,229.22,228.517,229.951,232.974,236.939,241.206,245.243,248.675,251.299,253.076,254.12,254.662,254.992,255.357,255.882,256.564,257.347,258.196,259.11,260.093,261.147,262.269,263.455,264.696,265.982,267.299,268.629,269.953,271.247,272.489,273.657,274.736,275.722,276.632,277.514,278.462,279.639,281.314
35580.0,368.516,356.6,344.375,331.883,319.143,306.209,293.209,280.366,268.005,256.56,246.532,238.427,232.649,229.405,228.638,230.017,233.0,236.939,241.193,245.226,248.659,251.286,253.068,254.116,254.661,254.992,255.357,255.882,256.564,257.347,258.196,259.11,260.093,261.147,262.269,263.455,264.696,265.982,267.299,268.629,269.953,271.247,272.489,273.657,274.736,275.722,276.632,277.514,278.462,279.639,281.314
35640.0,368.849,356.96,344.762,332.296,319.579,306.663,293.674,280.831,268.459,256.985,246.914,238.75,232.905,229.591,228.759,230.083,233.027,236.94,241.18,245.208,248.642,251.273,253.059,254.111,254.659,254.992,255.357,255.882,256.564,257.347,258.196,259.11,260.093,261.147,262.269,263.455,264.696,265.982,267.299,268.629,269.953,271.247,272.489,273.657,274.736,275.722,276.632,277.514,278.462,279.639,281.314
35700.0,369.179,357.317,345.147,332.706,320.011,307.114,294.137,281.295,268.91,257.41,247.295,239.074,233.161,229.778,228.88,230.151,233.054,236.941,241.168,245.191,248.626,251.26,253.051,254.107,254.658,254.992,255.358,255.883,256.564,257.346,258.196,259.11,260.093,261.147,262.269,263.455,264.696,265.982,267.298,268.629,269.953,271.247,272.489,273.657,274.735,275.722,276.632,277.514,278.462,279.639,281.314
35760.0,369.506,357.671,345.527,333.113,320.441,307.562,294.596,281.756,269.36,257.833,247.676,239.398,233.418,229.966,229.003,230.219,233.082,236.943,241.156,245.174,248.609,251.247,253.042,254.102,254.656,254.992,255.358,255.883,256.564,257.346,258.196,259.11,260.093,261.147,262.269,263.455,264.696,265.982,267.298,268.629,269.953,271.247,272.489,273.657,274.735,275.722,276.632,277.514,278.462,279.639,281.314
35820.0,369.829,358.021,345.904,333.516,320.867,308.007,295.053,282.215,269.809,258.256,248.056,239.722,233.676,230.154,229.127,230.288,233.11,236.945,241.143,245.157,248.593,251.234,253.034,254.098,254.654,254.992,255.359,255.883,256.564,257.346,258.196,259.11,260.093,261.147,262.269,263.455,264.696,265.982,267.298,268.629,269.953,271.247,272.489,273.657,274.735,275.722,276.632,277.514,278.462,279.639,281.314
35880.0,370.148,358.367,346.278,333.916,321.29,308.449,295.507,282.672,270.255,258.677,248.436,240.045,233.934,230.344,229.251,230.358,233.139,236.947,241.132,245.14,248.577,251.221,253.025,254.093,254.653,254.992,255.359,255.883,256.564,257.346,258.196,259.11,260.093,261.147,262.269,263.455,264.696,265.981,267.298,268.629,269.953,271.247,272.489,273.657,274.735,275.722,276.632,277.514,278.462,279.639,281.314
35940.0,370.465,358.71,346.649,334.312,321.71,308.888,295.959,283.126,270.7,259.097,248.815,240.37,234.193,230.534,229.377,230.429,233.169,236.95,241.12,245.123,248.56,251.208,253.017,254.088,254.651,254.991,255.359,255.884,256.564,257.346,258.196,259.109,260.093,261.147,262.269,263.455,264.696,265.981,267.298,268.629,269.953,271.247,272.489,273.657,274.735,275.722,276.632,277.514,278.462,279.639,281.314
36000.0,370.778,359.05,347.016,334.705,322.127,309.324,296.407,283.578,271.143,259.516,249.194,240.694,234.453,230.725,229.503,230.5,233.199,236.953,241.109,245.107,248.544,251.196,253.008,254.084,254.649,254.991,255.36,255.884,256.564,257.346,258.196,259.109,260.093,261.147,262.269,263.454,264.695,265.981,267.298,268.629,269.953,271.247,272.489,273.657,274.735,275.722,276.632,277.514,278.462,279.639,281.314
36060.0,371.087,359.387,347.38,335.095,322.541,309.757,296.853,284.028,271.584,259.933,249.572,241.018,234.713,230.916,229.63,230.573,233.23,236.957,241.098,245.09,248.528,251.183,252.999,254.079,254.648,254.991,255.36,255.884,256.564,257.346,258.196,259.109,260.093,261.147,262.269,263.454,264.695,265.981,267.298,268.629,269.953,271.247,272.489,273.657,274.735,275.722,276.632,277.514,278.462,279.639,281.314
36120.0,371.393,359.72,347.74,335.482,322.951,310.187,297.297,284.475,272.023,260.35,249.95,241.342,234.973,231.109,229.758,230.646,233.261,236.961,241.087,245.074,248.512,251.17,252.991,254.075,254.646,254.991,255.361,255.884,256.564,257.346,258.196,259.109,260.093,261.147,262.269,263.454,264.695,265.981,267.298,268.629,269.953,271.247,272.489,273.657,274.735,275.722,276.632,277.514,278.462,279.639,281.314
36180.0,371.696,360.049,348.097,335.865,323.358,310.614,297.737,284.92,272.461,260.765,250.327,241.667,235.234,231.302,229.887,230.719,233.293,236.965,241.076,245.057,248.496,251.157,252.982,254.07,254.644,254.991,255.361,255.885,256.564,257.346,258.196,259.109,260.093,261.147,262.269,263.454,264.695,265.981,267.298,268.629,269.953,271.247,272.489,273.657,274.735,275.722,276.632,277.514,278.462,279.639,281.314
36240.0,371.996,360.376,348.451,336.245,323.762,311.038,298.175,285.363,272.896,261.179,250.704,241.991,235.495,231.496,230.016,230.794,233.326,236.97,241.066,245.041,248.48,251.144,252.974,254.066,254.643,254.991,255.361,255.885,256.564,257.346,258.196,259.109,260.093,261.147,262.269,263.454,264.695,265.981,267.298,268.629,269.953,271.247,272.489,273.656,274.735,275.722,276.632,277.514,278.462,279.639,281.314
36300.0,372.292,360.699,348.802,336.622,324.163,311.459,298.61,285.803,273.33,261.592,251.08,242.315,235.757,231.691,230.147,230.869,233.359,236.975,241.056,245.025,248.464,251.131,252.965,254.061,254.641,254.991,255.362,255.885,256.564,257.346,258.195,259.109,260.093,261.147,262.269,263.454,264.695,265.981,267.298,268.629,269.952,271.247,272.489,273.656,274.735,275.722,276.632,277.514,278.462,279.639,281.314
36360.0,372.585,361.019,349.149,336.996,324.561,311.877,299.043,286.242,273.762,262.003,251.455,242.64,236.019,231.887,230.278,230.945,233.393,236.981,241.046,245.009,248.448,251.119,252.957,254.056,254.639,254.991,255.362,255.885,256.564,257.346,258.195,259.109,260.093,261.147,262.269,263.454,264.695,265.981,267.298,268.629,269.952,271.247,272.489,273.656,274.735,275.722,276.632,277.514,278.462,279.639,281.314
36420.0,372.875,361.336,349.493,337.366,324.955,312.292,299.472,286.677,274.192,262.414,251.83,242.964,236.282,232.083,230.41,231.022,233.427,236.987,241.036,244.993,248.432,251.106,252.948,254.052,254.638,254.991,255.362,255.886,256.564,257.346,258.195,259.109,260.092,261.147,262.269,263.454,264.695,265.981,267.298,268.629,269.952,271.247,272.489,273.656,274.735,275.722,276.632,277.514,278.462,279.639,281.314
36480.0,373.162,361.649,349.834,337.734,325.347,312.704,299.899,287.111,274.621,262.823,252.204,243.288,236.545,232.28,230.543,231.099,233.462,236.993,241.026,244.977,248.416,251.093,252.939,254.047,254.636,254.991,255.363,255.886,256.564,257.346,258.195,259.109,260.092,261.147,262.269,263.454,264.695,265.981,267.298,268.629,269.952,271.247,272.489,273.656,274.735,275.722,276.632,277.514,278.462,279.639,281.314
36540.0,373.445,361.959,350.171,338.098,325.735,313.114,300.324,287.542,275.047,263.231,252.577,243.612,236.809,232.477,230.677,231.178,233.498,237.0,241.017,244.962,248.4,251.08,252.931,254.042,254.634,254.991,255.363,255.886,256.564,257.346,258.195,259.109,260.092,261.146,262.269,263.454,264.695,265.981,267.298,268.629,269.952,271.247,272.489,273.656,274.735,275.722,276.632,277.514,278.462,279.639,281.314
36600.0,373.725,362.266,350.506,338.459,326.121,313.52,300.745,287.97,275.472,263.637,252.95,243.936,237.073,232.676,230.811,231.256,233.534,237.007,241.008,244.946,248.384,251.067,252.922,254.038,254.632,254.99,255.364,255.886,256.564,257.346,258.195,259.109,260.092,261.146,262.269,263.454,264.695,265.981,267.298,268.629,269.952,271.247,272.488,273.656,274.735,275.722,276.632,277.514,278.462,279.639,281.314
36660.0,374.002,362.57,350.837,338.816,326.503,313.923,301.164,288.397,275.894,264.042,253.322,244.26,237.337,232.875,230.947,231.336,233.57,237.015,241.0,244.931,248.369,251.055,252.914,254.033,254.631,254.99,255.364,255.887,256.565,257.346,258.195,259.109,260.092,261.146,262.269,263.454,264.695,265.981,267.298,268.629,269.952,271.247,272.488,273.656,274.735,275.722,276.632,277.514,278.462,279.639,281.314
36720.0,374.276,362.871,351.165,339.171,326.882,314.324,301.58,288.821,276.315,264.446,253.693,244.584,237.602,233.074,231.083,231.417,233.608,237.023,240.991,244.916,248.353,251.042,252.905,254.028,254.629,254.99,255.364,255.887,256.565,257.346,258.195,259.109,260.092,261.146,262.269,263.454,264.695,265.981,267.298,268.629,269.952,271.247,272.488,273.656,274.735,275.722,276.632,277.514,278.462,279.639,281.314
36780.0,374.546,363.168,351.49,339.522,327.259,314.721,301.994,289.243,276.734,264.848,254.064,244.908,237.867,233.275,231.22,231.498,233.646,237.032,240.983,244.901,248.337,251.029,252.896,254.024,254.627,254.99,255.365,255.887,256.565,257.346,258.195,259.109,260.092,261.146,262.269,263.454,264.695,265.981,267.298,268.629,269.952,271.247,272.488,273.656,274.735,275.722,276.632,277.514,278.462,279.639,281.314
36840.0,374.814,363.462,351.811,339.871,327.632,315.116,302.405,289.662,277.151,265.25,254.434,245.231,238.132,233.476,231.357,231.58,233.684,237.041,240.975,244.886,248.322,251.017,252.888,254.019,254.625,254.99,255.365,255.887,256.565,257.346,258.195,259.109,260.092,261.146,262.269,263.454,264.695,265.981,267.298,268.628,269.952,271.247,272.488,273.656,274.735,275.722,276.632,277.514,278.462,279.639,281.314
36900.0,375.078,363.753,352.13,340.216,328.002,315.508,302.813,290.079,277.566,265.649,254.803,245.555,238.398,233.677,231.496,231.663,233.723,237.05,240.967,244.871,248.306,251.004,252.879,254.014,254.624,254.99,255.365,255.888,256.565,257.346,258.195,259.109,260.092,261.146,262.269,263.454,264.695,265.981,267.298,268.628,269.952,271.247,272.488,273.656,274.735,275.722,276.632,277.514,278.462,279.639,281.314
36960.0,375.339,364.041,352.445,340.558,328.369,315.897,303.219,290.494,277.98,266.048,255.171,245.878,238.664,233.88,231.635,231.746,233.763,237.06,240.96,244.856,248.291,250.991,252.87,254.009,254.622,254.99,255.366,255.888,256.565,257.345,258.195,259.109,260.092,261.146,262.268,263.454,264.695,265.981,267.298,268.628,269.952,271.247,272.488,273.656,274.735,275.722,276.632,277.514,278.462,279.639,281.314
37020.0,375.597,364.326,352.758,340.897,328.733,316.283,303.622,290.906,278.391,266.445,255.539,246.201,238.93,234.082,231.775,231.83,233.803,237.07,240.952,244.841,248.275,250.978,252.862,254.005,254.62,254.989,255.366,255.888,256.565,257.345,258.195,259.109,260.092,261.146,262.268,263.454,264.695,265.981,267.298,268.628,269.952,271.247,272.488,273.656,274.735,275.722,276.632,277.514,278.462,279.639,281.314
37080.0,375.852,364.608,353.067,341.233,329.094,316.666,304.022,291.316,278.8,266.841,255.906,246.524,239.196,234.286,231.915,231.915,233.844,237.08,240.946,244.827,248.26,250.966,252.853,254.0,254.618,254.989,255.366,255.888,256.565,257.345,258.195,259.109,260.092,261.146,262.268,263.454,264.695,265.981,267.298,268.628,269.952,271.247,272.488,273.656,274.735,275.722,276.632,277.514,278.462,279.639,281.314
37140.0,376.104,364.887,353.373,341.566,329.452,317.046,304.42,291.724,279.208,267.235,256.272,246.847,239.463,234.49,232.057,232.001,233.886,237.091,240.939,244.813,248.245,250.953,252.844,253.995,254.616,254.989,255.367,255.889,256.565,257.345,258.195,259.109,260.092,261.146,262.268,263.454,264.695,265.981,267.298,268.628,269.952,271.247,272.488,273.656,274.735,275.722,276.632,277.514,278.462,279.639,281.314
37200.0,376.353,365.162,353.676,341.896,329.808,317.424,304.815,292.129,279.614,267.628,256.637,247.169,239.73,234.695,232.199,232.087,233.928,237.103,240.932,244.798,248.229,250.94,252.836,253.99,254.615,254.989,255.367,255.889,256.565,257.345,258.195,259.109,260.092,261.146,262.268,263.454,264.695,265.981,267.298,268.628,269.952,271.247,272.488,273.656,274.735,275.722,276.632,277.514,278.462,279.64,281.314
37260.0,376.599,365.435,353.976,342.223,330.16,317.798,305.207,292.532,280.017,268.019,257.001,247.491,239.998,234.9,232.342,232.174,233.97,237.114,240.926,244.784,248.214,250.928,252.827,253.986,254.613,254.989,255.367,255.889,256.565,257.345,258.195,259.108,260.092,261.146,262.268,263.454,264.695,265.981,267.298,268.628,269.952,271.247,272.488,273.656,274.735,275.722,276.632,277.514,278.462,279.64,281.314
37320.0,376.842,365.704,354.273,342.547,330.509,318.17,305.597,292.933,280.419,268.409,257.365,247.813,240.265,235.106,232.485,232.262,234.013,237.127,240.92,244.77,248.199,250.915,252.818,253.981,254.611,254.988,255.368,255.889,256.565,257.345,258.195,259.108,260.092,261.146,262.268,263.454,264.695,265.981,267.298,268.628,269.952,271.246,272.488,273.656,274.735,275.722,276.632,277.514,278.462,279.64,281.314
37380.0,377.082,365.971,354.567,342.868,330.855,318.539,305.984,293.331,280.819,268.798,257.727,248.135,240.533,235.312,232.63,232.35,234.057,237.139,240.915,244.756,248.184,250.903,252.81,253.976,254.609,254.988,255.368,255.89,256.565,257.345,258.195,259.108,260.092,261.146,262.268,263.454,264.695,265.981,267.298,268.628,269.952,271.246,272.488,273.656,274.735,275.722,276.632,277.514,278.462,279.64,281.314
37440.0,377.318,366.234,354.858,343.186,331.199,318.905,306.369,293.727,281.217,269.185,258.089,248.456,240.801,235.519,232.775,232.439,234.102,237.152,240.909,244.743,248.169,250.89,252.801,253.971,254.607,254.988,255.368,255.89,256.565,257.345,258.194,259.108,260.092,261.146,262.268,263.454,264.695,265.981,267.298,268.628,269.952,271.246,272.488,273.656,274.735,275.722,276.632,277.514,278.462,279.64,281.314
37500.0,377.552,366.495,355.146,343.501,331.539,319.269,306.751,294.121,281.613,269.571,258.45,248.777,241.069,235.727,232.92,232.529,234.147,237.166,240.904,244.729,248.154,250.877,252.792,253.966,254.605,254.988,255.369,255.89,256.565,257.345,258.194,259.108,260.092,261.146,262.268,263.454,264.695,265.981,267.298,268.628,269.952,271.246,272.488,273.656,274.735,275.722,276.632,277.514,278.462,279.64,281.314
37560.0,377.783,366.752,355.431,343.813,331.877,319.629,307.13,294.512,282.007,269.955,258.81,249.097,241.337,235.935,233.067,232.62,234.192,237.18,240.899,244.716,248.139,250.865,252.784,253.961,254.603,254.988,255.369,255.89,256.565,257.345,258.194,259.108,260.092,261.146,262.268,263.454,264.695,265.981,267.298,268.628,269.952,271.246,272.488,273.656,274.735,275.722,276.632,277.514,278.462,279.64,281.314
37620.0,378.011,367.007,355.713,344.122,332.212,319.987,307.507,294.901,282.399,270.338,259.169,249.418,241.606,236.143,233.214,232.711,234.238,237.194,240.894,244.703,248.124,250.852,252.775,253.957,254.601,254.987,255.369,255.891,256.565,257.345,258.194,259.108,260.092,261.146,262.268,263.454,264.695,265.981,267.298,268.628,269.952,271.246,272.488,273.656,274.735,275.722,276.632,277.514,278.462,279.64,281.314
37680.0,378.236,367.259,355.992,344.428,332.543,320.342,307.881,295.288,282.789,270.719,259.527,249.738,241.875,236.352,233.362,232.803,234.285,237.209,240.89,244.69,248.109,250.84,252.766,253.952,254.599,254.987,255.37,255.891,256.565,257.345,258.194,259.108,260.092,261.146,262.268,263.453,264.695,265.981,267.298,268.628,269.952,271.246,272.488,273.656,274.735,275.722,276.632,277.514,278.462,279.64,281.314
37740.0,378.458,367.507,356.268,344.731,332.872,320.695,308.252,295.672,283.177,271.099,259.885,250.057,242.143,236.562,233.51,232.895,234.333,237.224,240.886,244.677,248.095,250.827,252.758,253.947,254.598,254.987,255.37,255.891,256.565,257.345,258.194,259.108,260.092,261.146,262.268,263.453,264.694,265.98,267.297,268.628,269.952,271.246,272.488,273.656,274.735,275.722,276.632,277.514,278.462,279.64,281.314
37800.0,378.677,367.753,356.541,345.031,333.198,321.044,308.621,296.055,283.563,271.478,260.241,250.376,242.412,236.772,233.659,232.989,234.38,237.24,240.882,244.664,248.08,250.815,252.749,253.942,254.596,254.987,255.37,255.891,256.565,257.345,258.194,259.108,260.092,261.146,262.268,263.453,264.694,265.98,267.297,268.628,269.952,271.246,272.488,273.656,274.735,275.722,276.632,277.514,278.462,279.64,281.314
37860.0,378.893,367.996,356.812,345.329,333.522,321.391,308.987,296.434,283.947,271.854,260.596,250.695,242.681,236.982,233.809,233.083,234.429,237.256,240.879,244.651,248.065,250.802,252.74,253.937,254.594,254.986,255.371,255.892,256.565,257.345,258.194,259.108,260.091,261.146,262.268,263.453,264.694,265.98,267.297,268.628,269.952,271.246,272.488,273.656,274.735,275.722,276.632,277.514,278.462,279.64,281.314
37920.0,379.106,368.236,357.079,345.623,333.842,321.735,309.351,296.812,284.33,272.23,260.951,251.014,242.95,237.193,233.96,233.177,234.478,237.272,240.875,244.639,248.051,250.79,252.731,253.932,254.592,254.986,255.371,255.892,256.565,257.345,258.194,259.108,260.091,261.146,262.268,263.453,264.694,265.98,267.297,268.628,269.952,271.246,272.488,273.656,274.735,275.722,276.632,277.514,278.462,279.64,281.314
37980.0,379.316,368.473,357.344,345.915,334.16,322.076,309.712,297.187,284.71,272.604,261.304,251.332,243.219,237.404,234.111,233.273,234.528,237.289,240.872,244.626,248.036,250.777,252.723,253.927,254.59,254.986,255.371,255.892,256.566,257.345,258.194,259.108,260.091,261.146,262.268,263.453,264.694,265.98,267.297,268.628,269.952,271.246,272.488,273.656,274.735,275.722,276.632,277.514,278.462,279.64,281.314
38040.0,379.524,368.707,357.605,346.204,334.474,322.415,310.071,297.56,285.088,272.976,261.656,251.649,243.489,237.616,234.262,233.369,234.578,237.307,240.87,244.614,248.022,250.765,252.714,253.922,254.588,254.986,255.372,255.892,256.566,257.345,258.194,259.108,260.091,261.146,262.268,263.453,264.694,265.98,267.297,268.628,269.952,271.246,272.488,273.656,274.735,275.722,276.632,277.514,278.462,279.64,281.314
38100.0,379.728,368.938,357.864,346.49,334.786,322.751,310.427,297.93,285.465,273.347,262.008,251.966,243.758,237.828,234.415,233.465,234.629,237.324,240.867,244.602,248.008,250.753,252.705,253.918,254.586,254.985,255.372,255.893,256.566,257.345,258.194,259.108,260.091,261.145,262.268,263.453,264.694,265.98,267.297,268.628,269.952,271.246,272.488,273.656,274.735,275.722,276.632,277.514,278.462,279.64,281.314
38160.0,379.93,369.166,358.12,346.773,335.096,323.084,310.781,298.298,285.839,273.716,262.358,252.283,244.027,238.041,234.568,233.563,234.68,237.343,240.865,244.59,247.993,250.74,252.697,253.913,254.584,254.985,255.372,255.893,256.566,257.345,258.194,259.108,260.091,261.145,262.268,263.453,264.694,265.98,267.297,268.628,269.952,271.246,272.488,273.656,274.735,275.722,276.632,277.514,278.462,279.64,281.314
38220.0,380.129,369.392,358.373,347.053,335.402,323.414,311.132,298.664,286.211,274.084,262.708,252.599,244.296,238.254,234.721,233.661,234.732,237.361,240.863,244.578,247.979,250.728,252.688,253.908,254.582,254.985,255.372,255.893,256.566,257.345,258.194,259.108,260.091,261.145,262.268,263.453,264.694,265.98,267.297,268.628,269.952,271.246,272.488,273.656,274.735,275.722,276.632,277.514,278.462,279.64,281.314
38280.0,380.325,369.615,358.623,347.33,335.706,323.742,311.48,299.028,286.582,274.45,263.056,252.915,244.566,238.467,234.875,233.759,234.785,237.38,240.861,244.566,247.965,250.715,252.679,253.903,254.58,254.984,255.373,255.893,256.566,257.345,258.194,259.108,260.091,261.145,262.268,263.453,264.694,265.98,267.297,268.628,269.952,271.246,272.488,273.656,274.735,275.722,276.632,277.514,278.462,279.64,281.314
38340.0,380.519,369.835,358.87,347.605,336.007,324.067,311.826,299.389,286.95,274.815,263.403,253.23,244.835,238.681,235.03,233.859,234.838,237.4,240.86,244.555,247.951,250.703,252.67,253.898,254.578,254.984,255.373,255.894,256.566,257.344,258.194,259.108,260.091,261.145,262.268,263.453,264.694,265.98,267.297,268.628,269.952,271.246,272.488,273.656,274.735,275.722,276.632,277.514,278.462,279.64,281.314
38400.0,380.709,370.052,359.115,347.877,336.305,324.39,312.17,299.748,287.317,275.178,263.749,253.544,245.104,238.895,235.186,233.958,234.891,237.42,240.859,244.544,247.937,250.691,252.662,253.893,254.576,254.984,255.373,255.894,256.566,257.344,258.194,259.108,260.091,261.145,262.268,263.453,264.694,265.98,267.297,268.628,269.952,271.246,272.488,273.656,274.735,275.722,276.632,277.514,278.462,279.64,281.314
38460.0,380.897,370.266,359.357,348.146,336.6,324.71,312.511,300.104,287.681,275.539,264.095,253.858,245.374,239.11,235.341,234.059,234.946,237.44,240.858,244.532,247.923,250.679,252.653,253.888,254.574,254.984,255.374,255.894,256.566,257.344,258.194,259.108,260.091,261.145,262.268,263.453,264.694,265.98,267.297,268.628,269.952,271.246,272.488,273.656,274.735,275.722,276.632,277.514,278.462,279.64,281.314
38520.0,381.082,370.478,359.596,348.412,336.893,325.027,312.849,300.459,288.044,275.899,264.439,254.172,245.643,239.325,235.498,234.16,235.001,237.461,240.858,244.521,247.909,250.666,252.644,253.883,254.572,254.983,255.374,255.894,256.566,257.344,258.194,259.108,260.091,261.145,262.267,263.453,264.694,265.98,267.297,268.628,269.952,271.246,272.488,273.656,274.735,275.722,276.632,277.514,278.462,279.64,281.314
38580.0,381.264,370.687,359.832,348.676,337.183,325.341,313.185,300.811,288.404,276.258,264.782,254.485,245.912,239.54,235.655,234.262,235.056,237.482,240.857,244.51,247.895,250.654,252.636,253.878,254.57,254.983,255.374,255.895,256.566,257.344,258.193,259.108,260.091,261.145,262.267,263.453,264.694,265.98,267.297,268.628,269.952,271.246,272.488,273.656,274.735,275.722,276.632,277.514,278.462,279.64,281.314
38640.0,381.444,370.893,360.066,348.936,337.47,325.653,313.518,301.161,288.763,276.614,265.124,254.798,246.181,239.755,235.813,234.365,235.112,237.504,240.857,244.5,247.881,250.642,252.627,253.873,254.568,254.983,255.374,255.895,256.566,257.344,258.193,259.107,260.091,261.145,262.267,263.453,264.694,265.98,267.297,268.628,269.952,271.246,272.488,273.656,274.735,275.722,276.632,277.514,278.462,279.64,281.314
38700.0,381.62,371.096,360.296,349.195,337.754,325.963,313.849,301.508,289.119,276.97,265.464,255.109,246.45,239.971,235.971,234.468,235.168,237.526,240.858,244.489,247.868,250.63,252.618,253.868,254.566,254.982,255.375,255.895,256.566,257.344,258.193,259.107,260.091,261.145,262.267,263.453,264.694,265.98,267.297,268.628,269.952,271.246,272.488,273.656,274.735,275.722,276.632,277.514,278.462,279.64,281.314
38760.0,381.795,371.297,360.524,349.45,338.036,326.269,314.178,301.853,289.474,277.323,265.804,255.421,246.719,240.187,236.13,234.571,235.226,237.548,240.858,244.479,247.854,250.617,252.609,253.863,254.564,254.982,255.375,255.895,256.566,257.344,258.193,259.107,260.091,261.145,262.267,263.453,264.694,265.98,267.297,268.628,269.952,271.246,272.488,273.656,274.735,275.722,276.632,277.514,278.462,279.64,281.314
38820.0,381.966,371.495,360.75,349.703,338.316,326.573,314.504,302.196,289.826,277.675,266.143,255.731,246.988,240.404,236.289,234.676,235.283,237.571,240.859,244.468,247.841,250.605,252.601,253.858,254.561,254.982,255.375,255.895,256.566,257.344,258.193,259.107,260.091,261.145,262.267,263.453,264.694,265.98,267.297,268.628,269.951,271.246,272.488,273.656,274.735,275.722,276.632,277.514,278.462,279.64,281.314
38880.0,382.135,371.69,360.972,349.953,338.592,326.875,314.827,302.537,290.177,278.026,266.48,256.042,247.257,240.621,236.449,234.781,235.341,237.595,240.86,244.458,247.827,250.593,252.592,253.853,254.559,254.981,255.376,255.896,256.566,257.344,258.193,259.107,260.091,261.145,262.267,263.453,264.694,265.98,267.297,268.628,269.951,271.246,272.488,273.656,274.735,275.722,276.632,277.514,278.462,279.64,281.314
38940.0,382.301,371.882,361.192,350.2,338.866,327.174,315.148,302.875,290.526,278.374,266.817,256.351,247.526,240.838,236.609,234.886,235.4,237.618,240.862,244.448,247.814,250.581,252.583,253.848,254.557,254.981,255.376,255.896,256.566,257.344,258.193,259.107,260.091,261.145,262.267,263.453,264.694,265.98,267.297,268.628,269.951,271.246,272.488,273.656,274.735,275.721,276.632,277.514,278.462,279.64,281.314
39000.0,382.464,372.072,361.41,350.444,339.137,327.47,315.467,303.212,290.872,278.722,267.152,256.66,247.794,241.055,236.77,234.992,235.46,237.643,240.863,244.439,247.8,250.569,252.574,253.843,254.555,254.98,255.376,255.896,256.566,257.344,258.193,259.107,260.091,261.145,262.267,263.453,264.694,265.98,267.297,268.628,269.951,271.246,272.488,273.656,274.735,275.721,276.632,277.514,278.462,279.64,281.314
39060.0,382.625,372.26,361.624,350.686,339.406,327.764,315.783,303.546,291.217,279.067,267.486,256.968,248.063,241.272,236.932,235.099,235.519,237.667,240.865,244.429,247.787,250.557,252.566,253.838,254.553,254.98,255.376,255.896,256.566,257.344,258.193,259.107,260.091,261.145,262.267,263.453,264.694,265.98,267.297,268.628,269.951,271.246,272.488,273.656,274.735,275.721,276.632,277.514,278.462,279.64,281.314
39120.0,382.783,372.444,361.836,350.926,339.672,328.055,316.097,303.877,291.56,279.411,267.819,257.276,248.331,241.49,237.094,235.207,235.58,237.692,240.868,244.42,247.774,250.545,252.557,253.833,254.551,254.98,255.377,255.897,256.567,257.344,258.193,259.107,260.091,261.145,262.267,263.453,264.694,265.98,267.297,268.627,269.951,271.246,272.488,273.656,274.735,275.721,276.632,277.514,278.462,279.64,281.314
39180.0,382.938,372.626,362.046,351.162,339.935,328.344,316.408,304.207,291.9,279.754,268.15,257.583,248.599,241.708,237.256,235.315,235.641,237.718,240.87,244.41,247.761,250.533,252.548,253.827,254.549,254.979,255.377,255.897,256.567,257.344,258.193,259.107,260.091,261.145,262.267,263.453,264.694,265.98,267.297,268.627,269.951,271.246,272.488,273.656,274.735,275.721,276.632,277.514,278.462,279.64,281.314
39240.0,383.091,372.805,362.252,351.396,340.196,328.63,316.717,304.534,292.239,280.094,268.481,257.889,248.867,241.927,237.419,235.423,235.702,237.744,240.873,244.401,247.748,250.521,252.54,253.822,254.547,254.979,255.377,255.897,256.567,257.344,258.193,259.107,260.091,261.145,262.267,263.453,264.694,265.98,267.297,268.627,269.951,271.246,272.488,273.656,274.735,275.721,276.632,277.514,278.462,279.64,281.314
39300.0,383.242,372.982,362.456,351.628,340.454,328.914,317.023,304.859,292.576,280.434,268.81,258.194,249.134,242.145,237.582,235.532,235.764,237.77,240.876,244.392,247.735,250.509,252.531,253.817,254.544,254.979,255.377,255.897,256.567,257.344,258.193,259.107,260.091,261.145,262.267,263.453,264.694,265.98,267.297,268.627,269.951,271.246,272.488,273.656,274.735,275.721,276.632,277.514,278.462,279.64,281.314
39360.0,383.389,373.156,362.658,351.857,340.71,329.195,317.327,305.181,292.91,280.771,269.139,258.499,249.402,242.364,237.746,235.642,235.827,237.797,240.88,244.383,247.722,250.497,252.522,253.812,254.542,254.978,255.378,255.898,256.567,257.344,258.193,259.107,260.09,261.145,262.267,263.452,264.694,265.98,267.297,268.627,269.951,271.246,272.488,273.656,274.735,275.721,276.632,277.514,278.462,279.64,281.314
39420.0,383.534,373.328,362.857,352.083,340.963,329.473,317.629,305.502,293.243,281.107,269.465,258.803,249.669,242.583,237.91,235.752,235.89,237.824,240.884,244.375,247.709,250.485,252.513,253.807,254.54,254.978,255.378,255.898,256.567,257.344,258.193,259.107,260.09,261.145,262.267,263.452,264.694,265.98,267.297,268.627,269.951,271.246,272.488,273.656,274.735,275.721,276.632,277.514,278.462,279.64,281.314
39480.0,383.677,373.497,363.053,352.307,341.214,329.749,317.928,305.82,293.574,281.441,269.791,259.107,249.936,242.802,238.075,235.863,235.954,237.852,240.888,244.366,247.697,250.473,252.505,253.802,254.538,254.977,255.378,255.898,256.567,257.344,258.193,259.107,260.09,261.145,262.267,263.452,264.694,265.98,267.297,268.627,269.951,271.246,272.488,273.656,274.735,275.721,276.632,277.514,278.462,279.64,281.314
39540.0,383.817,373.663,363.247,352.528,341.462,330.023,318.225,306.136,293.903,281.774,270.116,259.409,250.203,243.021,238.24,235.974,236.018,237.88,240.892,244.358,247.684,250.461,252.496,253.797,254.536,254.977,255.378,255.898,256.567,257.344,258.193,259.107,260.09,261.145,262.267,263.452,264.693,265.98,267.297,268.627,269.951,271.246,272.488,273.656,274.735,275.721,276.632,277.514,278.462,279.64,281.314
39600.0,383.954,373.827,363.438,352.746,341.707,330.294,318.519,306.45,294.229,282.105,270.439,259.711,250.469,243.24,238.406,236.086,236.083,237.908,240.897,244.35,247.671,250.449,252.487,253.792,254.534,254.977,255.379,255.899,256.567,257.344,258.193,259.107,260.09,261.144,262.267,263.452,264.693,265.98,267.297,268.627,269.951,271.246,272.488,273.656,274.735,275.721,276.632,277.514,278.462,279.64,281.314
39660.0,384.089,373.988,363.627,352.962,341.95,330.563,318.811,306.761,294.554,282.434,270.761,260.012,250.736,243.46,238.572,236.199,236.148,237.937,240.902,244.342,247.659,250.438,252.478,253.787,254.531,254.976,255.379,255.899,256.567,257.344,258.193,259.107,260.09,261.144,262.267,263.452,264.693,265.979,267.297,268.627,269.951,271.246,272.488,273.656,274.735,275.721,276.632,277.514,278.462,279.64,281.314
39720.0,384.222,374.147,363.813,353.176,342.19,330.829,319.101,307.07,294.877,282.761,271.082,260.313,251.002,243.679,238.738,236.312,236.214,237.967,240.907,244.334,247.647,250.426,252.47,253.781,254.529,254.976,255.379,255.899,256.567,257.344,258.192,259.107,260.09,261.144,262.267,263.452,264.693,265.979,267.297,268.627,269.951,271.246,272.488,273.656,274.735,275.721,276.632,277.514,278.462,279.64,281.314
39780.0,384.352,374.303,363.996,353.387,342.428,331.093,319.388,307.378,295.198,283.087,271.402,260.613,251.267,243.899,238.905,236.425,236.281,237.997,240.912,244.326,247.634,250.414,252.461,253.776,254.527,254.975,255.379,255.899,256.567,257.344,258.192,259.107,260.09,261.144,262.267,263.452,264.693,265.979,267.296,268.627,269.951,271.246,272.488,273.656,274.735,275.721,276.632,277.514,278.462,279.64,281.314
39840.0,384.479,374.457,364.177,353.595,342.664,331.354,319.673,307.683,295.517,283.412,271.72,260.912,251.533,244.119,239.073,236.54,236.347,238.027,240.918,244.319,247.622,250.402,252.452,253.771,254.525,254.975,255.38,255.899,256.567,257.343,258.192,259.107,260.09,261.144,262.267,263.452,264.693,265.979,267.296,268.627,269.951,271.246,272.488,273.656,274.735,275.721,276.632,277.514,278.462,279.64,281.314
39900.0,384.604,374.609,364.356,353.801,342.897,331.613,319.956,307.985,295.834,283.734,272.037,261.21,251.798,244.339,239.24,236.654,236.415,238.058,240.924,244.312,247.61,250.391,252.444,253.766,254.523,254.974,255.38,255.9,256.567,257.343,258.192,259.107,260.09,261.144,262.267,263.452,264.693,265.979,267.296,268.627,269.951,271.246,272.488,273.656,274.735,275.721,276.632,277.514,278.462,279.64,281.314
39960.0,384.727,374.757,364.532,354.005,343.127,331.869,320.236,308.286,296.149,284.055,272.353,261.507,252.062,244.559,239.408,236.769,236.483,238.089,240.931,244.305,247.598,250.379,252.435,253.761,254.52,254.974,255.38,255.9,256.567,257.343,258.192,259.106,260.09,261.144,262.267,263.452,264.693,265.979,267.296,268.627,269.951,271.246,272.488,273.656,274.735,275.721,276.632,277.514,278.462,279.64,281.314
40020.0,384.847,374.904,364.706,354.206,343.355,332.123,320.514,308.584,296.462,284.375,272.668,261.804,252.327,244.78,239.577,236.885,236.551,238.12,240.937,244.298,247.586,250.367,252.426,253.756,254.518,254.973,255.38,255.9,256.567,257.343,258.192,259.106,260.09,261.144,262.267,263.452,264.693,265.979,267.296,268.627,269.951,271.246,272.487,273.656,274.735,275.721,276.632,277.514,278.462,279.64,281.314
40080.0,384.964,375.048,364.877,354.404,343.581,332.375,320.79,308.88,296.773,284.693,272.981,262.099,252.591,245.0,239.746,237.001,236.62,238.152,240.944,244.291,247.574,250.356,252.417,253.75,254.516,254.973,255.38,255.9,256.567,257.343,258.192,259.106,260.09,261.144,262.267,263.452,264.693,265.979,267.296,268.627,269.951,271.246,272.487,273.656,274.735,275.721,276.632,277.514,278.462,279.64,281.314
40140.0,385.079,375.189,365.045,354.6,343.804,332.624,321.063,309.174,297.082,285.009,273.293,262.394,252.855,245.22,239.915,237.118,236.69,238.185,240.952,244.284,247.562,250.344,252.409,253.745,254.513,254.972,255.381,255.901,256.568,257.343,258.192,259.106,260.09,261.144,262.266,263.452,264.693,265.979,267.296,268.627,269.951,271.246,272.487,273.656,274.735,275.721,276.632,277.514,278.462,279.64,281.314
40200.0,385.192,375.328,365.212,354.794,344.025,332.871,321.335,309.466,297.389,285.323,273.604,262.688,253.118,245.441,240.084,237.235,236.76,238.217,240.959,244.278,247.55,250.333,252.4,253.74,254.511,254.972,255.381,255.901,256.568,257.343,258.192,259.106,260.09,261.144,262.266,263.452,264.693,265.979,267.296,268.627,269.951,271.245,272.487,273.656,274.735,275.721,276.632,277.514,278.462,279.64,281.314
40260.0,385.302,375.465,365.375,354.985,344.243,333.116,321.603,309.756,297.694,285.636,273.913,262.982,253.381,245.661,240.254,237.353,236.831,238.251,240.967,244.272,247.539,250.321,252.391,253.735,254.509,254.971,255.381,255.901,256.568,257.343,258.192,259.106,260.09,261.144,262.266,263.452,264.693,265.979,267.296,268.627,269.951,271.245,272.487,273.656,274.735,275.721,276.632,277.514,278.462,279.64,281.314
40320.0,385.41,375.599,365.537,355.174,344.459,333.358,321.87,310.043,297.997,285.947,274.222,263.274,253.644,245.882,240.425,237.471,236.902,238.284,240.975,244.266,247.527,250.31,252.383,253.73,254.507,254.971,255.381,255.901,256.568,257.343,258.192,259.106,260.09,261.144,262.266,263.452,264.693,265.979,267.296,268.627,269.951,271.245,272.487,273.656,274.735,275.721,276.632,277.514,278.462,279.64,281.314
40380.0,385.516,375.731,365.696,355.36,344.672,333.598,322.134,310.329,298.299,286.256,274.529,263.565,253.906,246.102,240.595,237.59,236.973,238.318,240.984,244.26,247.516,250.298,252.374,253.724,254.504,254.97,255.382,255.902,256.568,257.343,258.192,259.106,260.09,261.144,262.266,263.452,264.693,265.979,267.296,268.627,269.951,271.245,272.487,273.656,274.735,275.721,276.632,277.514,278.462,279.64,281.314
40440.0,385.619,375.86,365.852,355.544,344.884,333.835,322.396,310.612,298.598,286.564,274.834,263.856,254.168,246.323,240.766,237.709,237.045,238.353,240.992,244.254,247.504,250.287,252.365,253.719,254.502,254.97,255.382,255.902,256.568,257.343,258.192,259.106,260.09,261.144,262.266,263.452,264.693,265.979,267.296,268.627,269.951,271.245,272.487,273.656,274.735,275.721,276.632,277.514,278.462,279.64,281.314
40500.0,385.72,375.987,366.007,355.726,345.092,334.07,322.655,310.893,298.895,286.87,275.139,264.146,254.43,246.543,240.937,237.829,237.118,238.388,241.002,244.249,247.493,250.275,252.357,253.714,254.5,254.969,255.382,255.902,256.568,257.343,258.192,259.106,260.09,261.144,262.266,263.452,264.693,265.979,267.296,268.627,269.951,271.245,272.487,273.655,274.735,275.721,276.632,277.514,278.462,279.64,281.314
40560.0,385.818,376.112,366.158,355.905,345.299,334.303,322.913,311.172,299.191,287.174,275.442,264.435,254.691,246.764,241.109,237.949,237.191,238.423,241.011,244.243,247.482,250.264,252.348,253.709,254.497,254.969,255.382,255.902,256.568,257.343,258.192,259.106,260.09,261.144,262.266,263.452,264.693,265.979,267.296,268.627,269.951,271.245,272.487,273.655,274.735,275.721,276.632,277.514,278.462,279.64,281.314
40620.0,385.914,376.234,366.308,356.082,345.503,334.533,323.168,311.449,299.484,287.477,275.743,264.723,254.951,246.984,241.281,238.07,237.265,238.459,241.021,244.238,247.471,250.253,252.339,253.703,254.495,254.968,255.382,255.902,256.568,257.343,258.192,259.106,260.09,261.144,262.266,263.452,264.693,265.979,267.296,268.627,269.951,271.245,272.487,273.655,274.735,275.721,276.632,277.514,278.462,279.64,281.314
40680.0,386.008,376.354,366.455,356.257,345.704,334.761,323.421,311.723,299.776,287.778,276.044,265.01,255.211,247.205,241.453,238.191,237.339,238.495,241.031,244.233,247.46,250.241,252.331,253.698,254.493,254.968,255.382,255.903,256.568,257.343,258.192,259.106,260.09,261.144,262.266,263.452,264.693,265.979,267.296,268.627,269.951,271.245,272.487,273.655,274.735,275.721,276.632,277.514,278.462,279.64,281.314
40740.0,386.099,376.472,366.6,356.429,345.904,334.987,323.671,311.996,300.065,288.077,276.343,265.296,255.471,247.426,241.626,238.313,237.413,238.532,241.041,244.229,247.449,250.23,252.322,253.693,254.49,254.967,255.383,255.903,256.568,257.343,258.192,259.106,260.09,261.144,262.266,263.452,264.693,265.979,267.296,268.627,269.951,271.245,272.487,273.655,274.735,275.721,276.632,277.514,278.462,279.64,281.314
40800.0,386.188,376.587,366.742,356.598,346.101,335.211,323.92,312.266,300.353,288.375,276.64,265.582,255.73,247.646,241.798,238.435,237.488,238.569,241.051,244.224,247.438,250.219,252.313,253.688,254.488,254.967,255.383,255.903,256.568,257.343,258.192,259.106,260.089,261.144,262.266,263.452,264.693,265.979,267.296,268.627,269.951,271.245,272.487,273.655,274.735,275.721,276.632,277.514,278.462,279.64,281.314
40860.0,386.275,376.7,366.882,356.766,346.295,335.432,324.166,312.534,300.639,288.671,276.937,265.866,255.989,247.867,241.971,238.557,237.564,238.606,241.062,244.22,247.428,250.208,252.305,253.682,254.486,254.966,255.383,255.903,256.568,257.343,258.192,259.106,260.089,261.144,262.266,263.452,264.693,265.979,267.296,268.627,269.951,271.245,272.487,273.655,274.735,275.721,276.632,277.514,278.462,279.64,281.314
40920.0,386.36,376.811,367.02,356.931,346.488,335.651,324.41,312.801,300.922,288.965,277.232,266.15,256.248,248.087,242.145,238.68,237.64,238.644,241.074,244.215,247.417,250.197,252.296,253.677,254.483,254.966,255.383,255.904,256.568,257.343,258.191,259.106,260.089,261.144,262.266,263.452,264.693,265.979,267.296,268.627,269.951,271.245,272.487,273.655,274.735,275.721,276.632,277.514,278.462,279.64,281.314
40980.0,386.442,376.919,367.156,357.094,346.678,335.867,324.652,313.065,301.204,289.258,277.526,266.432,256.506,248.307,242.318,238.804,237.716,238.682,241.085,244.211,247.406,250.186,252.287,253.672,254.481,254.965,255.383,255.904,256.568,257.343,258.191,259.106,260.089,261.144,262.266,263.451,264.693,265.979,267.296,268.627,269.951,271.245,272.487,273.655,274.735,275.721,276.632,277.514,278.462,279.64,281.314
41040.0,386.522,377.025,367.289,357.255,346.866,336.082,324.891,313.327,301.484,289.549,277.818,266.714,256.763,248.527,242.492,238.927,237.793,238.721,241.097,244.207,247.396,250.175,252.279,253.667,254.478,254.965,255.384,255.904,256.568,257.343,258.191,259.106,260.089,261.144,262.266,263.451,264.693,265.979,267.296,268.627,269.951,271.245,272.487,273.655,274.735,275.721,276.632,277.514,278.462,279.64,281.314
41100.0,386.6,377.129,367.42,357.413,347.051,336.294,325.129,313.587,301.762,289.838,278.109,266.995,257.02,248.748,242.666,239.052,237.871,238.76,241.109,244.204,247.386,250.164,252.27,253.661,254.476,254.964,255.384,255.904,256.568,257.343,258.191,259.106,260.089,261.144,262.266,263.451,264.693,265.979,267.296,268.627,269.951,271.245,272.487,273.655,274.735,275.721,276.632,277.514,278.462,279.64,281.314
41160.0,386.675,377.231,367.548,357.569,347.234,336.504,325.364,313.845,302.038,290.126,278.399,267.275,257.276,248.968,242.84,239.176,237.949,238.8,241.121,244.2,247.375,250.153,252.262,253.656,254.474,254.963,255.384,255.904,256.569,257.343,258.191,259.106,260.089,261.143,262.266,263.451,264.693,265.979,267.296,268.627,269.951,271.245,272.487,273.655,274.735,275.721,276.632,277.514,278.462,279.64,281.314
41220.0,386.748,377.33,367.675,357.723,347.415,336.712,325.597,314.1,302.312,290.412,278.687,267.553,257.532,249.188,243.015,239.301,238.027,238.84,241.134,244.197,247.365,250.142,252.253,253.651,254.471,254.963,255.384,255.905,256.569,257.343,258.191,259.106,260.089,261.143,262.266,263.451,264.693,265.979,267.296,268.627,269.951,271.245,272.487,273.655,274.734,275.721,276.632,277.514,278.462,279.64,281.314
41280.0,386.819,377.427,367.799,357.874,347.594,336.917,325.828,314.354,302.585,290.696,278.974,267.831,257.787,249.408,243.189,239.427,238.106,238.88,241.147,244.194,247.355,250.131,252.244,253.645,254.469,254.962,255.384,255.905,256.569,257.343,258.191,259.106,260.089,261.143,262.266,263.451,264.692,265.979,267.296,268.627,269.951,271.245,272.487,273.655,274.734,275.721,276.632,277.514,278.462,279.64,281.314
41340.0,386.888,377.522,367.921,358.023,347.771,337.12,326.057,314.606,302.855,290.978,279.26,268.108,258.042,249.627,243.364,239.553,238.185,238.921,241.16,244.191,247.345,250.12,252.236,253.64,254.466,254.962,255.384,255.905,256.569,257.343,258.191,259.105,260.089,261.143,262.266,263.451,264.692,265.979,267.296,268.626,269.95,271.245,272.487,273.655,274.734,275.721,276.632,277.514,278.462,279.64,281.314
41400.0,386.954,377.614,368.04,358.17,347.945,337.321,326.283,314.855,303.124,291.259,279.544,268.384,258.296,249.847,243.539,239.679,238.265,238.962,241.174,244.188,247.335,250.109,252.227,253.635,254.464,254.961,255.385,255.905,256.569,257.343,258.191,259.105,260.089,261.143,262.266,263.451,264.692,265.979,267.296,268.626,269.95,271.245,272.487,273.655,274.734,275.721,276.632,277.514,278.462,279.64,281.314
41460.0,387.019,377.705,368.158,358.315,348.117,337.52,326.508,315.103,303.39,291.539,279.827,268.659,258.55,250.066,243.715,239.806,238.345,239.004,241.188,244.186,247.326,250.098,252.219,253.629,254.461,254.961,255.385,255.906,256.569,257.343,258.191,259.105,260.089,261.143,262.266,263.451,264.692,265.979,267.296,268.626,269.95,271.245,272.487,273.655,274.734,275.721,276.632,277.514,278.462,279.64,281.314
41520.0,387.081,377.793,368.273,358.458,348.287,337.717,326.73,315.348,303.655,291.816,280.108,268.933,258.803,250.286,243.89,239.933,238.426,239.046,241.202,244.184,247.316,250.087,252.21,253.624,254.459,254.96,255.385,255.906,256.569,257.342,258.191,259.105,260.089,261.143,262.266,263.451,264.692,265.979,267.296,268.626,269.95,271.245,272.487,273.655,274.734,275.721,276.632,277.514,278.462,279.64,281.314
41580.0,387.141,377.879,368.386,358.598,348.455,337.911,326.95,315.592,303.918,292.092,280.389,269.206,259.056,250.505,244.066,240.06,238.507,239.088,241.217,244.181,247.306,250.077,252.201,253.619,254.457,254.959,255.385,255.906,256.569,257.342,258.191,259.105,260.089,261.143,262.266,263.451,264.692,265.978,267.296,268.626,269.95,271.245,272.487,273.655,274.734,275.721,276.632,277.514,278.462,279.64,281.314
41640.0,387.198,377.963,368.497,358.736,348.62,338.104,327.168,315.833,304.179,292.366,280.667,269.478,259.308,250.724,244.242,240.188,238.589,239.131,241.232,244.179,247.297,250.066,252.193,253.613,254.454,254.959,255.385,255.906,256.569,257.342,258.191,259.105,260.089,261.143,262.266,263.451,264.692,265.978,267.296,268.626,269.95,271.245,272.487,273.655,274.734,275.721,276.632,277.514,278.462,279.64,281.314
41700.0,387.254,378.045,368.606,358.872,348.783,338.294,327.384,316.073,304.438,292.639,280.945,269.749,259.559,250.943,244.418,240.317,238.671,239.174,241.247,244.178,247.287,250.055,252.184,253.608,254.452,254.958,255.385,255.906,256.569,257.342,258.191,259.105,260.089,261.143,262.265,263.451,264.692,265.978,267.296,268.626,269.95,271.245,272.487,273.655,274.734,275.721,276.632,277.514,278.462,279.64,281.314
41760.0,387.307,378.124,368.712,359.006,348.944,338.482,327.598,316.31,304.695,292.91,281.221,270.019,259.81,251.161,244.594,240.445,238.753,239.218,241.262,244.176,247.278,250.045,252.176,253.603,254.449,254.957,255.385,255.907,256.569,257.342,258.191,259.105,260.089,261.143,262.265,263.451,264.692,265.978,267.296,268.626,269.95,271.245,272.487,273.655,274.734,275.721,276.632,277.514,278.462,279.64,281.314
41820.0,387.359,378.201,368.816,359.137,349.103,338.668,327.809,316.545,304.95,293.179,281.496,270.288,260.061,251.38,244.77,240.574,238.836,239.262,241.278,244.175,247.269,250.034,252.167,253.597,254.447,254.957,255.386,255.907,256.569,257.342,258.191,259.105,260.089,261.143,262.265,263.451,264.692,265.978,267.295,268.626,269.95,271.245,272.487,273.655,274.734,275.721,276.632,277.514,278.462,279.64,281.314
41880.0,387.408,378.277,368.919,359.267,349.26,338.851,328.019,316.779,305.203,293.447,281.769,270.556,260.31,251.598,244.947,240.703,238.92,239.306,241.294,244.174,247.26,250.024,252.159,253.592,254.444,254.956,255.386,255.907,256.569,257.342,258.191,259.105,260.089,261.143,262.265,263.451,264.692,265.978,267.295,268.626,269.95,271.245,272.487,273.655,274.734,275.721,276.632,277.514,278.462,279.64,281.314
41940.0,387.455,378.35,369.019,359.394,349.415,339.033,328.227,317.01,305.455,293.712,282.041,270.823,260.559,251.816,245.123,240.833,239.004,239.351,241.311,244.173,247.251,250.013,252.15,253.587,254.442,254.955,255.386,255.907,256.569,257.342,258.191,259.105,260.089,261.143,262.265,263.451,264.692,265.978,267.295,268.626,269.95,271.245,272.487,273.655,274.734,275.721,276.632,277.514,278.462,279.64,281.314
42000.0,387.499,378.42,369.116,359.519,349.567,339.213,328.432,317.239,305.705,293.977,282.311,271.089,260.808,252.034,245.3,240.963,239.088,239.397,241.327,244.172,247.242,250.003,252.142,253.581,254.439,254.955,255.386,255.907,256.569,257.342,258.191,259.105,260.089,261.143,262.265,263.451,264.692,265.978,267.295,268.626,269.95,271.245,272.487,273.655,274.734,275.721,276.632,277.514,278.462,279.64,281.314
42060.0,387.542,378.489,369.212,359.642,349.718,339.39,328.635,317.467,305.952,294.239,282.581,271.354,261.055,252.252,245.477,241.093,239.172,239.442,241.344,244.171,247.233,249.992,252.133,253.576,254.437,254.954,255.386,255.908,256.569,257.342,258.19,259.105,260.089,261.143,262.265,263.451,264.692,265.978,267.295,268.626,269.95,271.245,272.487,273.655,274.734,275.721,276.632,277.514,278.462,279.64,281.314
42120.0,387.583,378.556,369.306,359.763,349.866,339.565,328.837,317.692,306.198,294.5,282.848,271.618,261.303,252.469,245.654,241.224,239.258,239.488,241.362,244.171,247.225,249.982,252.125,253.571,254.434,254.953,255.386,255.908,256.57,257.342,258.19,259.105,260.089,261.143,262.265,263.451,264.692,265.978,267.295,268.626,269.95,271.245,272.487,273.655,274.734,275.721,276.632,277.514,278.462,279.64,281.314
42180.0,387.621,378.62,369.397,359.882,350.012,339.738,329.036,317.916,306.442,294.759,283.115,271.88,261.549,252.686,245.831,241.355,239.343,239.535,241.379,244.171,247.216,249.972,252.116,253.565,254.432,254.953,255.386,255.908,256.57,257.342,258.19,259.105,260.089,261.143,262.265,263.451,264.692,265.978,267.295,268.626,269.95,271.245,272.487,273.655,274.734,275.721,276.632,277.514,278.462,279.64,281.314
42240.0,387.657,378.683,369.487,359.999,350.156,339.909,329.233,318.137,306.685,295.017,283.38,272.142,261.795,252.903,246.008,241.487,239.429,239.582,241.397,244.171,247.208,249.961,252.108,253.56,254.429,254.952,255.386,255.908,256.57,257.342,258.19,259.105,260.089,261.143,262.265,263.451,264.692,265.978,267.295,268.626,269.95,271.245,272.487,273.655,274.734,275.721,276.632,277.514,278.462,279.64,281.314
42300.0,387.692,378.743,369.574,360.113,350.298,340.078,329.428,318.357,306.925,295.273,283.643,272.403,262.04,253.12,246.185,241.618,239.515,239.629,241.415,244.171,247.199,249.951,252.099,253.554,254.426,254.951,255.387,255.908,256.57,257.342,258.19,259.105,260.088,261.143,262.265,263.451,264.692,265.978,267.295,268.626,269.95,271.245,272.487,273.655,274.734,275.721,276.632,277.514,278.462,279.64,281.314
42360.0,387.724,378.801,369.659,360.226,350.438,340.245,329.622,318.574,307.164,295.527,283.906,272.663,262.285,253.336,246.362,241.75,239.602,239.676,241.434,244.171,247.191,249.941,252.091,253.549,254.424,254.951,255.387,255.909,256.57,257.342,258.19,259.105,260.088,261.143,262.265,263.451,264.692,265.978,267.295,268.626,269.95,271.245,272.487,273.655,274.734,275.721,276.632,277.514,278.462,279.64,281.314
42420.0,387.754,378.858,369.742,360.336,350.576,340.41,329.813,318.79,307.4,295.78,284.166,272.921,262.529,253.553,246.54,241.882,239.689,239.724,241.453,244.172,247.183,249.931,252.083,253.544,254.421,254.95,255.387,255.909,256.57,257.342,258.19,259.105,260.088,261.143,262.265,263.451,264.692,265.978,267.295,268.626,269.95,271.245,272.487,273.655,274.734,275.721,276.632,277.514,278.462,279.64,281.314
42480.0,387.782,378.912,369.823,360.445,350.711,340.573,330.002,319.003,307.635,296.031,284.426,273.179,262.772,253.768,246.717,242.015,239.777,239.773,241.472,244.173,247.175,249.921,252.074,253.538,254.419,254.949,255.387,255.909,256.57,257.342,258.19,259.105,260.088,261.143,262.265,263.451,264.692,265.978,267.295,268.626,269.95,271.245,272.487,273.655,274.734,275.721,276.632,277.514,278.462,279.64,281.314
42540.0,387.808,378.964,369.902,360.551,350.845,340.734,330.189,319.215,307.868,296.28,284.684,273.435,263.014,253.984,246.895,242.148,239.865,239.822,241.491,244.174,247.167,249.911,252.066,253.533,254.416,254.949,255.387,255.909,256.57,257.342,258.19,259.105,260.088,261.143,262.265,263.451,264.692,265.978,267.295,268.626,269.95,271.245,272.487,273.655,274.734,275.721,276.632,277.514,278.462,279.64,281.314
42600.0,387.832,379.014,369.979,360.655,350.976,340.893,330.374,319.425,308.1,296.528,284.941,273.691,263.256,254.199,247.072,242.281,239.953,239.871,241.511,244.175,247.159,249.901,252.057,253.527,254.414,254.948,255.387,255.909,256.57,257.342,258.19,259.105,260.088,261.143,262.265,263.451,264.692,265.978,267.295,268.626,269.95,271.245,272.487,273.655,274.734,275.721,276.632,277.514,278.462,279.64,281.314
42660.0,387.853,379.061,370.054,360.757,351.106,341.049,330.557,319.632,308.329,296.774,285.196,273.945,263.497,254.414,247.25,242.414,240.042,239.92,241.531,244.176,247.152,249.891,252.049,253.522,254.411,254.947,255.387,255.91,256.57,257.342,258.19,259.104,260.088,261.142,262.265,263.45,264.692,265.978,267.295,268.626,269.95,271.245,272.487,273.655,274.734,275.721,276.632,277.514,278.462,279.64,281.314
42720.0,387.873,379.107,370.127,360.857,351.233,341.204,330.738,319.838,308.557,297.019,285.45,274.198,263.738,254.629,247.428,242.548,240.131,239.97,241.551,244.178,247.144,249.881,252.041,253.517,254.408,254.946,255.387,255.91,256.57,257.342,258.19,259.104,260.088,261.142,262.265,263.45,264.692,265.978,267.295,268.626,269.95,271.245,272.487,273.655,274.734,275.721,276.632,277.514,278.462,279.64,281.314
42780.0,387.891,379.151,370.197,360.955,351.359,341.357,330.917,320.042,308.783,297.261,285.702,274.451,263.978,254.843,247.605,242.682,240.22,240.021,241.572,244.18,247.137,249.871,252.032,253.511,254.406,254.946,255.387,255.91,256.57,257.342,258.19,259.104,260.088,261.142,262.265,263.45,264.692,265.978,267.295,268.626,269.95,271.245,272.487,273.655,274.734,275.721,276.632,277.514,278.462,279.64,281.314
42840.0,387.906,379.193,370.266,361.051,351.482,341.507,331.094,320.244,309.007,297.503,285.953,274.702,264.217,255.057,247.783,242.816,240.31,240.071,241.593,244.182,247.129,249.861,252.024,253.506,254.403,254.945,255.388,255.91,256.57,257.342,258.19,259.104,260.088,261.142,262.265,263.45,264.692,265.978,267.295,268.626,269.95,271.245,272.487,273.655,274.734,275.721,276.632,277.514,278.462,279.64,281.314
42900.0,387.92,379.232,370.333,361.145,351.604,341.656,331.27,320.445,309.229,297.742,286.203,274.952,264.455,255.271,247.961,242.951,240.401,240.122,241.614,244.184,247.122,249.851,252.015,253.5,254.401,254.944,255.388,255.911,256.57,257.342,258.19,259.104,260.088,261.142,262.265,263.45,264.692,265.978,267.295,268.626,269.95,271.245,272.487,273.655,274.734,275.721,276.632,277.514,278.462,279.64,281.314
42960.0,387.931,379.27,370.397,361.237,351.723,341.803,331.443,320.643,309.449,297.98,286.451,275.201,264.693,255.484,248.138,243.086,240.491,240.174,241.636,244.186,247.115,249.842,252.007,253.495,254.398,254.944,255.388,255.911,256.57,257.342,258.19,259.104,260.088,261.142,262.265,263.45,264.692,265.978,267.295,268.626,269.95,271.245,272.487,273.655,274.734,275.721,276.632,277.514,278.462,279.64,281.314
43020.0,387.941,379.306,370.46,361.327,351.84,341.947,331.614,320.839,309.668,298.216,286.698,275.448,264.929,255.697,248.316,243.221,240.582,240.226,241.658,244.189,247.108,249.832,251.999,253.489,254.395,254.943,255.388,255.911,256.571,257.342,258.19,259.104,260.088,261.142,262.265,263.45,264.692,265.978,267.295,268.626,269.95,271.245,272.487,273.655,274.734,275.721,276.632,277.514,278.462,279.64,281.314
43080.0,387.948,379.339,370.521,361.415,351.956,342.09,331.783,321.034,309.885,298.451,286.944,275.695,265.166,255.91,248.494,243.356,240.674,240.278,241.68,244.192,247.101,249.823,251.991,253.484,254.393,254.942,255.388,255.911,256.571,257.342,258.19,259.104,260.088,261.142,262.265,263.45,264.691,265.978,267.295,268.626,269.95,271.244,272.487,273.655,274.734,275.721,276.632,277.514,278.462,279.64,281.314
43140.0,387.953,379.371,370.579,361.501,352.069,342.231,331.951,321.226,310.1,298.684,287.188,275.941,265.401,256.122,248.671,243.492,240.765,240.331,241.702,244.195,247.094,249.813,251.982,253.479,254.39,254.941,255.388,255.911,256.571,257.342,258.19,259.104,260.088,261.142,262.265,263.45,264.691,265.978,267.295,268.626,269.95,271.244,272.487,273.655,274.734,275.721,276.632,277.514,278.462,279.64,281.314
43200.0,387.957,379.4,370.636,361.585,352.181,342.369,332.116,321.417,310.313,298.915,287.43,276.185,265.636,256.334,248.849,243.627,240.857,240.383,241.725,244.198,247.088,249.803,251.974,253.473,254.387,254.94,255.388,255.911,256.571,257.342,258.19,259.104,260.088,261.142,262.265,263.45,264.691,265.978,267.295,268.626,269.95,271.244,272.487,273.655,274.734,275.721,276.632,277.514,278.462,279.64,281.314
43260.0,387.958,379.428,370.69,361.667,352.29,342.506,332.28,321.606,310.525,299.145,287.672,276.429,265.869,256.546,249.027,243.763,240.95,240.437,241.748,244.202,247.081,249.794,251.966,253.468,254.385,254.94,255.388,255.912,256.571,257.342,258.189,259.104,260.088,261.142,262.265,263.45,264.691,265.978,267.295,268.626,269.95,271.244,272.487,273.655,274.734,275.721,276.632,277.514,278.462,279.64,281.314
43320.0,387.957,379.453,370.743,361.747,352.397,342.641,332.441,321.793,310.734,299.373,287.911,276.671,266.103,256.757,249.204,243.899,241.043,240.491,241.771,244.205,247.075,249.785,251.957,253.462,254.382,254.939,255.388,255.912,256.571,257.342,258.189,259.104,260.088,261.142,262.264,263.45,264.691,265.978,267.295,268.626,269.95,271.244,272.487,273.655,274.734,275.721,276.632,277.514,278.462,279.64,281.314
43380.0,387.954,379.476,370.793,361.824,352.503,342.774,332.601,321.978,310.942,299.6,288.15,276.912,266.335,256.968,249.382,244.036,241.136,240.545,241.795,244.209,247.068,249.775,251.949,253.457,254.379,254.938,255.388,255.912,256.571,257.341,258.189,259.104,260.088,261.142,262.264,263.45,264.691,265.978,267.295,268.626,269.95,271.244,272.487,273.655,274.734,275.721,276.632,277.514,278.462,279.64,281.314
43440.0,387.949,379.498,370.842,361.9,352.606,342.905,332.759,322.161,311.149,299.825,288.387,277.152,266.567,257.178,249.559,244.172,241.229,240.599,241.819,244.213,247.062,249.766,251.941,253.451,254.377,254.937,255.388,255.912,256.571,257.341,258.189,259.104,260.088,261.142,262.264,263.45,264.691,265.977,267.295,268.626,269.95,271.244,272.486,273.655,274.734,275.721,276.632,277.514,278.462,279.64,281.314
43500.0,387.942,379.517,370.888,361.974,352.708,343.034,332.915,322.343,311.353,300.048,288.623,277.391,266.797,257.388,249.737,244.309,241.323,240.654,241.843,244.217,247.056,249.757,251.933,253.446,254.374,254.937,255.388,255.912,256.571,257.341,258.189,259.104,260.088,261.142,262.264,263.45,264.691,265.977,267.295,268.626,269.95,271.244,272.486,273.655,274.734,275.721,276.632,277.514,278.462,279.64,281.314
43560.0,387.933,379.535,370.933,362.046,352.807,343.161,333.069,322.522,311.556,300.27,288.857,277.629,267.028,257.598,249.914,244.446,241.417,240.709,241.868,244.222,247.05,249.747,251.925,253.44,254.371,254.936,255.388,255.913,256.571,257.341,258.189,259.104,260.088,261.142,262.264,263.45,264.691,265.977,267.295,268.626,269.95,271.244,272.486,273.655,274.734,275.721,276.632,277.514,278.462,279.64,281.314
43620.0,387.922,379.55,370.975,362.116,352.905,343.286,333.221,322.7,311.757,300.49,289.09,277.866,267.257,257.807,250.092,244.583,241.512,240.764,241.893,244.227,247.044,249.738,251.916,253.435,254.369,254.935,255.388,255.913,256.571,257.341,258.189,259.104,260.088,261.142,262.264,263.45,264.691,265.977,267.295,268.625,269.95,271.244,272.486,273.655,274.734,275.721,276.632,277.514,278.462,279.64,281.314
43680.0,387.909,379.563,371.016,362.184,353.001,343.409,333.371,322.876,311.956,300.708,289.321,278.102,267.485,258.016,250.269,244.721,241.607,240.82,241.918,244.231,247.039,249.729,251.908,253.43,254.366,254.934,255.388,255.913,256.571,257.341,258.189,259.104,260.088,261.142,262.264,263.45,264.691,265.977,267.295,268.625,269.95,271.244,272.486,273.655,274.734,275.721,276.632,277.514,278.462,279.64,281.314
43740.0,387.894,379.575,371.054,362.25,353.094,343.53,333.519,323.05,312.154,300.925,289.551,278.336,267.713,258.224,250.446,244.858,241.702,240.876,241.944,244.236,247.033,249.72,251.9,253.424,254.363,254.933,255.389,255.913,256.571,257.341,258.189,259.104,260.087,261.142,262.264,263.45,264.691,265.977,267.295,268.625,269.95,271.244,272.486,273.655,274.734,275.721,276.632,277.514,278.462,279.64,281.314
43800.0,387.876,379.584,371.091,362.314,353.186,343.649,333.666,323.222,312.349,301.14,289.78,278.569,267.94,258.432,250.623,244.996,241.797,240.933,241.969,244.242,247.028,249.711,251.892,253.419,254.36,254.932,255.389,255.913,256.571,257.341,258.189,259.104,260.087,261.142,262.264,263.45,264.691,265.977,267.295,268.625,269.95,271.244,272.486,273.655,274.734,275.721,276.632,277.514,278.462,279.64,281.315
43860.0,387.857,379.591,371.125,362.377,353.276,343.767,333.81,323.393,312.543,301.354,290.007,278.802,268.166,258.64,250.8,245.134,241.893,240.99,241.995,244.247,247.022,249.702,251.884,253.413,254.358,254.932,255.389,255.914,256.571,257.341,258.189,259.104,260.087,261.142,262.264,263.45,264.691,265.977,267.295,268.625,269.949,271.244,272.486,273.655,274.734,275.721,276.632,277.514,278.462,279.64,281.315
43920.0,387.836,379.596,371.158,362.437,353.364,343.882,333.953,323.561,312.736,301.566,290.233,279.033,268.391,258.847,250.977,245.272,241.989,241.047,242.022,244.253,247.017,249.693,251.876,253.408,254.355,254.931,255.389,255.914,256.572,257.341,258.189,259.104,260.087,261.142,262.264,263.45,264.691,265.977,267.294,268.625,269.949,271.244,272.486,273.655,274.734,275.721,276.632,277.514,278.462,279.64,281.315
43980.0,387.812,379.599,371.188,362.495,353.45,343.996,334.094,323.728,312.926,301.777,290.458,279.263,268.616,259.054,251.154,245.41,242.086,241.105,242.048,244.259,247.012,249.685,251.868,253.402,254.352,254.93,255.389,255.914,256.572,257.341,258.189,259.103,260.087,261.142,262.264,263.45,264.691,265.977,267.294,268.625,269.949,271.244,272.486,273.655,274.734,275.721,276.632,277.514,278.462,279.64,281.315
44040.0,387.787,379.601,371.217,362.551,353.534,344.108,334.232,323.893,313.115,301.986,290.681,279.492,268.84,259.26,251.33,245.549,242.182,241.163,242.075,244.265,247.007,249.676,251.86,253.397,254.349,254.929,255.389,255.914,256.572,257.341,258.189,259.103,260.087,261.142,262.264,263.45,264.691,265.977,267.294,268.625,269.949,271.244,272.486,273.655,274.734,275.721,276.632,277.514,278.462,279.64,281.315
44100.0,387.759,379.6,371.243,362.605,353.616,344.217,334.37,324.056,313.302,302.193,290.903,279.719,269.062,259.465,251.507,245.687,242.28,241.221,242.103,244.271,247.002,249.667,251.852,253.391,254.347,254.928,255.389,255.914,256.572,257.341,258.189,259.103,260.087,261.142,262.264,263.45,264.691,265.977,267.294,268.625,269.949,271.244,272.486,273.655,274.734,275.721,276.632,277.514,278.462,279.64,281.315
44160.0,387.729,379.597,371.268,362.658,353.696,344.325,334.505,324.218,313.488,302.399,291.123,279.946,269.285,259.671,251.683,245.826,242.377,241.28,242.13,244.278,246.997,249.658,251.844,253.386,254.344,254.927,255.389,255.915,256.572,257.341,258.189,259.103,260.087,261.141,262.264,263.45,264.691,265.977,267.294,268.625,269.949,271.244,272.486,273.655,274.734,275.721,276.632,277.514,278.462,279.64,281.315
44220.0,387.697,379.592,371.291,362.708,353.774,344.431,334.638,324.377,313.671,302.603,291.342,280.171,269.506,259.875,251.86,245.965,242.475,241.339,242.158,244.285,246.992,249.65,251.836,253.38,254.341,254.927,255.389,255.915,256.572,257.341,258.189,259.103,260.087,261.141,262.264,263.45,264.691,265.977,267.294,268.625,269.949,271.244,272.486,273.655,274.734,275.721,276.632,277.514,278.462,279.64,281.315
44280.0,387.664,379.585,371.311,362.756,353.85,344.535,334.77,324.535,313.853,302.806,291.559,280.395,269.726,260.08,252.036,246.104,242.572,241.398,242.186,244.292,246.988,249.641,251.828,253.375,254.338,254.926,255.389,255.915,256.572,257.341,258.189,259.103,260.087,261.141,262.264,263.45,264.691,265.977,267.294,268.625,269.949,271.244,272.486,273.655,274.734,275.721,276.632,277.514,278.462,279.64,281.315
44340.0,387.628,379.576,371.33,362.803,353.925,344.638,334.899,324.691,314.034,303.007,291.775,280.619,269.946,260.283,252.212,246.243,242.671,241.458,242.215,244.299,246.984,249.633,251.82,253.369,254.336,254.925,255.389,255.915,256.572,257.341,258.189,259.103,260.087,261.141,262.264,263.449,264.691,265.977,267.294,268.625,269.949,271.244,272.486,273.655,274.734,275.721,276.632,277.514,278.462,279.64,281.315
44400.0,387.589,379.564,371.346,362.847,353.997,344.738,335.027,324.845,314.212,303.206,291.99,280.841,270.164,260.487,252.388,246.382,242.769,241.518,242.243,244.306,246.979,249.624,251.812,253.364,254.333,254.924,255.389,255.915,256.572,257.341,258.189,259.103,260.087,261.141,262.264,263.449,264.691,265.977,267.294,268.625,269.949,271.244,272.486,273.655,274.734,275.721,276.632,277.514,278.462,279.64,281.315
44460.0,387.549,379.551,371.361,362.89,354.068,344.837,335.153,324.998,314.389,303.404,292.203,281.061,270.382,260.69,252.563,246.521,242.868,241.578,242.272,244.314,246.975,249.616,251.804,253.358,254.33,254.923,255.389,255.915,256.572,257.341,258.188,259.103,260.087,261.141,262.264,263.449,264.691,265.977,267.294,268.625,269.949,271.244,272.486,273.655,274.734,275.721,276.632,277.514,278.462,279.64,281.315
44520.0,387.507,379.536,371.373,362.93,354.136,344.933,335.277,325.149,314.565,303.6,292.415,281.281,270.599,260.892,252.739,246.661,242.967,241.638,242.302,244.322,246.971,249.608,251.796,253.353,254.327,254.922,255.389,255.916,256.572,257.341,258.188,259.103,260.087,261.141,262.264,263.449,264.691,265.977,267.294,268.625,269.949,271.244,272.486,273.655,274.734,275.721,276.632,277.514,278.462,279.64,281.315
44580.0,387.462,379.519,371.384,362.969,354.203,345.028,335.4,325.298,314.738,303.795,292.626,281.5,270.816,261.094,252.914,246.8,243.066,241.699,242.331,244.33,246.967,249.599,251.788,253.348,254.324,254.921,255.389,255.916,256.572,257.341,258.188,259.103,260.087,261.141,262.264,263.449,264.691,265.977,267.294,268.625,269.949,271.244,272.486,273.655,274.734,275.721,276.632,277.514,278.462,279.64,281.315
44640.0,387.416,379.499,371.392,363.006,354.268,345.121,335.52,325.445,314.91,303.988,292.835,281.717,271.031,261.295,253.089,246.94,243.166,241.761,242.361,244.338,246.963,249.591,251.78,253.342,254.322,254.92,255.389,255.916,256.572,257.341,258.188,259.103,260.087,261.141,262.264,263.449,264.691,265.977,267.294,268.625,269.949,271.244,272.486,273.655,274.734,275.721,276.632,277.514,278.462,279.64,281.315
44700.0,387.367,379.478,371.399,363.04,354.331,345.212,335.639,325.59,315.08,304.18,293.043,281.933,271.245,261.496,253.264,247.079,243.266,241.822,242.391,244.346,246.96,249.583,251.772,253.337,254.319,254.919,255.389,255.916,256.572,257.341,258.188,259.103,260.087,261.141,262.264,263.449,264.691,265.977,267.294,268.625,269.949,271.244,272.486,273.654,274.734,275.721,276.632,277.514,278.462,279.64,281.315
44760.0,387.316,379.454,371.403,363.073,354.392,345.301,335.756,325.734,315.249,304.37,293.249,282.148,271.459,261.696,253.439,247.219,243.366,241.884,242.422,244.355,246.956,249.575,251.764,253.331,254.316,254.918,255.389,255.916,256.573,257.341,258.188,259.103,260.087,261.141,262.264,263.449,264.691,265.977,267.294,268.625,269.949,271.244,272.486,273.654,274.734,275.721,276.632,277.514,278.462,279.64,281.315
44820.0,387.263,379.429,371.406,363.104,354.451,345.388,335.871,325.876,315.416,304.559,293.454,282.362,271.672,261.896,253.614,247.359,243.466,241.946,242.453,244.364,246.953,249.567,251.757,253.326,254.313,254.918,255.389,255.917,256.573,257.341,258.188,259.103,260.087,261.141,262.264,263.449,264.69,265.977,267.294,268.625,269.949,271.244,272.486,273.654,274.734,275.721,276.632,277.514,278.462,279.64,281.315
44880.0,387.207,379.401,371.406,363.132,354.508,345.473,335.984,326.016,315.581,304.746,293.658,282.575,271.884,262.095,253.788,247.499,243.567,242.009,242.484,244.373,246.949,249.559,251.749,253.32,254.31,254.917,255.389,255.917,256.573,257.341,258.188,259.103,260.087,261.141,262.263,263.449,264.69,265.977,267.294,268.625,269.949,271.244,272.486,273.654,274.734,275.721,276.632,277.514,278.462,279.64,281.315
44940.0,387.15,379.371,371.405,363.159,354.563,345.557,336.095,326.154,315.744,304.931,293.86,282.787,272.095,262.293,253.962,247.639,243.668,242.072,242.515,244.382,246.946,249.551,251.741,253.315,254.307,254.916,255.389,255.917,256.573,257.341,258.188,259.103,260.087,261.141,262.263,263.449,264.69,265.977,267.294,268.625,269.949,271.244,272.486,273.654,274.734,275.721,276.632,277.514,278.462,279.64,281.315
45000.0,387.09,379.339,371.401,363.184,354.616,345.638,336.205,326.291,315.906,305.115,294.061,282.997,272.305,262.492,254.136,247.779,243.769,242.135,242.547,244.391,246.943,249.543,251.733,253.309,254.305,254.915,255.389,255.917,256.573,257.341,258.188,259.103,260.087,261.141,262.263,263.449,264.69,265.977,267.294,268.625,269.949,271.244,272.486,273.654,274.734,275.721,276.632,277.514,278.462,279.64,281.315
45060.0,387.028,379.305,371.395,363.207,354.668,345.718,336.313,326.426,316.066,305.297,294.26,283.206,272.514,262.689,254.31,247.919,243.87,242.199,242.578,244.401,246.94,249.536,251.725,253.304,254.302,254.914,255.389,255.917,256.573,257.341,258.188,259.103,260.087,261.141,262.263,263.449,264.69,265.977,267.294,268.625,269.949,271.244,272.486,273.654,274.734,275.721,276.632,277.514,278.462,279.64,281.315
45120.0,386.964,379.269,371.388,363.228,354.717,345.796,336.419,326.559,316.225,305.478,294.459,283.414,272.723,262.886,254.484,248.06,243.972,242.262,242.611,244.411,246.938,249.528,251.718,253.298,254.299,254.913,255.389,255.917,256.573,257.341,258.188,259.103,260.087,261.141,262.263,263.449,264.69,265.977,267.294,268.625,269.949,271.244,272.486,273.654,274.734,275.721,276.632,277.514,278.462,279.64,281.315
45180.0,386.898,379.231,371.378,363.247,354.765,345.872,336.523,326.69,316.382,305.657,294.655,283.621,272.93,263.083,254.657,248.2,244.074,242.326,242.643,244.421,246.935,249.52,251.71,253.293,254.296,254.912,255.389,255.918,256.573,257.341,258.188,259.103,260.086,261.141,262.263,263.449,264.69,265.977,267.294,268.625,269.949,271.244,272.486,273.654,274.734,275.721,276.632,277.514,278.462,279.64,281.315
45240.0,386.829,379.19,371.366,363.263,354.81,345.946,336.625,326.82,316.537,305.835,294.851,283.827,273.137,263.278,254.83,248.34,244.176,242.391,242.676,244.431,246.932,249.513,251.702,253.287,254.293,254.911,255.389,255.918,256.573,257.341,258.188,259.103,260.086,261.141,262.263,263.449,264.69,265.977,267.294,268.625,269.949,271.244,272.486,273.654,274.734,275.721,276.632,277.514,278.462,279.64,281.315
45300.0,386.759,379.148,371.352,363.278,354.854,346.019,336.726,326.948,316.69,306.011,295.045,284.032,273.343,263.474,255.003,248.48,244.278,242.456,242.709,244.442,246.93,249.505,251.695,253.282,254.29,254.91,255.389,255.918,256.573,257.341,258.188,259.103,260.086,261.141,262.263,263.449,264.69,265.977,267.294,268.625,269.949,271.244,272.486,273.654,274.734,275.721,276.632,277.514,278.462,279.64,281.315
45360.0,386.686,379.103,371.336,363.291,354.896,346.089,336.824,327.074,316.842,306.185,295.237,284.235,273.547,263.668,255.176,248.621,244.381,242.521,242.742,244.453,246.928,249.498,251.687,253.276,254.287,254.909,255.389,255.918,256.573,257.341,258.188,259.102,260.086,261.141,262.263,263.449,264.69,265.976,267.294,268.625,269.949,271.244,272.486,273.654,274.734,275.721,276.632,277.514,278.462,279.64,281.315
45420.0,386.61,379.056,371.318,363.302,354.935,346.158,336.921,327.198,316.992,306.359,295.428,284.438,273.751,263.863,255.348,248.761,244.483,242.586,242.776,244.464,246.926,249.49,251.679,253.271,254.284,254.908,255.389,255.918,256.573,257.341,258.188,259.102,260.086,261.141,262.263,263.449,264.69,265.976,267.294,268.625,269.949,271.244,272.486,273.654,274.734,275.721,276.632,277.514,278.462,279.64,281.315
45480.0,386.533,379.007,371.298,363.311,354.973,346.224,337.016,327.321,317.141,306.53,295.618,284.639,273.954,264.056,255.52,248.902,244.586,242.651,242.81,244.475,246.924,249.483,251.672,253.266,254.282,254.907,255.389,255.918,256.573,257.341,258.188,259.102,260.086,261.141,262.263,263.449,264.69,265.976,267.294,268.625,269.949,271.244,272.486,273.654,274.734,275.721,276.632,277.514,278.462,279.64,281.315
45540.0,386.453,378.956,371.276,363.318,355.009,346.289,337.11,327.442,317.288,306.7,295.806,284.839,274.157,264.249,255.692,249.042,244.69,242.717,242.844,244.486,246.922,249.476,251.664,253.26,254.279,254.906,255.389,255.919,256.573,257.341,258.188,259.102,260.086,261.141,262.263,263.449,264.69,265.976,267.294,268.625,269.949,271.244,272.486,273.654,274.734,275.721,276.632,277.514,278.462,279.64,281.315
45600.0,386.371,378.902,371.252,363.323,355.043,346.352,337.201,327.561,317.433,306.869,295.993,285.038,274.358,264.442,255.864,249.183,244.793,242.783,242.878,244.498,246.92,249.468,251.657,253.255,254.276,254.905,255.389,255.919,256.573,257.341,258.188,259.102,260.086,261.141,262.263,263.449,264.69,265.976,267.294,268.625,269.949,271.244,272.486,273.654,274.734,275.721,276.632,277.514,278.462,279.64,281.315
45660.0,386.287,378.847,371.225,363.326,355.075,346.413,337.291,327.679,317.577,307.035,296.179,285.235,274.558,264.633,256.035,249.323,244.896,242.85,242.913,244.51,246.918,249.461,251.649,253.249,254.273,254.904,255.388,255.919,256.574,257.341,258.188,259.102,260.086,261.141,262.263,263.449,264.69,265.976,267.294,268.625,269.949,271.244,272.486,273.654,274.734,275.721,276.632,277.514,278.462,279.64,281.315
45720.0,386.2,378.789,371.197,363.327,355.105,346.472,337.379,327.794,317.719,307.201,296.363,285.432,274.758,264.825,256.206,249.463,245.0,242.917,242.948,244.522,246.917,249.454,251.642,253.244,254.27,254.903,255.388,255.919,256.574,257.34,258.187,259.102,260.086,261.14,262.263,263.449,264.69,265.976,267.294,268.625,269.949,271.244,272.486,273.654,274.734,275.721,276.632,277.514,278.462,279.64,281.315
45780.0,386.111,378.729,371.166,363.326,355.134,346.53,337.465,327.908,317.859,307.365,296.546,285.627,274.956,265.015,256.377,249.604,245.104,242.984,242.983,244.534,246.916,249.447,251.634,253.238,254.267,254.902,255.388,255.919,256.574,257.34,258.187,259.102,260.086,261.14,262.263,263.449,264.69,265.976,267.294,268.625,269.949,271.244,272.486,273.654,274.734,275.721,276.632,277.514,278.462,279.64,281.315
45840.0,386.02,378.667,371.134,363.323,355.16,346.585,337.549,328.021,317.998,307.527,296.728,285.821,275.154,265.205,256.547,249.744,245.208,243.051,243.019,244.546,246.914,249.44,251.627,253.233,254.264,254.901,255.388,255.919,256.574,257.34,258.187,259.102,260.086,261.14,262.263,263.449,264.69,265.976,267.294,268.625,269.949,271.244,272.486,273.654,274.734,275.721,276.632,277.514,278.462,279.64,281.315
45900.0,385.926,378.602,371.099,363.317,355.184,346.639,337.632,328.131,318.135,307.688,296.908,286.014,275.351,265.395,256.717,249.885,245.313,243.119,243.054,244.559,246.913,249.433,251.619,253.227,254.261,254.9,255.388,255.92,256.574,257.34,258.187,259.102,260.086,261.14,262.263,263.449,264.69,265.976,267.294,268.624,269.949,271.244,272.486,273.654,274.734,275.721,276.632,277.514,278.462,279.64,281.315
45960.0,385.83,378.536,371.062,363.31,355.207,346.691,337.713,328.24,318.27,307.847,297.087,286.206,275.546,265.584,256.887,250.025,245.417,243.186,243.091,244.572,246.912,249.427,251.612,253.222,254.258,254.899,255.388,255.92,256.574,257.34,258.187,259.102,260.086,261.14,262.263,263.449,264.69,265.976,267.293,268.624,269.949,271.244,272.486,273.654,274.734,275.721,276.632,277.514,278.462,279.64,281.315
46020.0,385.732,378.467,371.023,363.301,355.227,346.74,337.791,328.347,318.404,308.005,297.264,286.396,275.741,265.772,257.057,250.166,245.522,243.254,243.127,244.585,246.912,249.42,251.605,253.217,254.255,254.898,255.388,255.92,256.574,257.34,258.187,259.102,260.086,261.14,262.263,263.448,264.69,265.976,267.293,268.624,269.949,271.243,272.486,273.654,274.734,275.721,276.632,277.514,278.462,279.64,281.315
46080.0,385.631,378.396,370.982,363.29,355.245,346.788,337.869,328.453,318.536,308.161,297.44,286.586,275.935,265.959,257.226,250.306,245.627,243.323,243.163,244.598,246.911,249.413,251.597,253.211,254.252,254.897,255.388,255.92,256.574,257.34,258.187,259.102,260.086,261.14,262.263,263.448,264.69,265.976,267.293,268.624,269.949,271.243,272.486,273.654,274.734,275.721,276.632,277.514,278.462,279.64,281.315
46140.0,385.528,378.322,370.939,363.276,355.262,346.835,337.944,328.556,318.667,308.316,297.615,286.774,276.128,266.146,257.395,250.446,245.732,243.391,243.2,244.611,246.91,249.407,251.59,253.206,254.249,254.896,255.388,255.92,256.574,257.34,258.187,259.102,260.086,261.14,262.263,263.448,264.69,265.976,267.293,268.624,269.949,271.243,272.486,273.654,274.734,275.721,276.632,277.514,278.462,279.64,281.315
46200.0,385.423,378.247,370.893,363.261,355.276,346.879,338.017,328.658,318.795,308.469,297.788,286.961,276.32,266.332,257.563,250.587,245.837,243.46,243.237,244.625,246.91,249.4,251.583,253.2,254.246,254.895,255.388,255.92,256.574,257.34,258.187,259.102,260.086,261.14,262.263,263.448,264.69,265.976,267.293,268.624,269.949,271.243,272.486,273.654,274.734,275.721,276.632,277.514,278.462,279.64,281.315
46260.0,385.315,378.169,370.845,363.243,355.289,346.921,338.089,328.758,318.923,308.621,297.96,287.147,276.512,266.518,257.732,250.727,245.942,243.53,243.275,244.639,246.91,249.394,251.575,253.195,254.243,254.894,255.388,255.92,256.574,257.34,258.187,259.102,260.086,261.14,262.263,263.448,264.69,265.976,267.293,268.624,269.949,271.243,272.486,273.654,274.734,275.721,276.632,277.514,278.462,279.64,281.315
46320.0,385.204,378.089,370.796,363.224,355.3,346.962,338.159,328.857,319.048,308.771,298.131,287.332,276.702,266.703,257.9,250.867,246.048,243.599,243.312,244.653,246.909,249.387,251.568,253.189,254.241,254.893,255.388,255.921,256.574,257.34,258.187,259.102,260.086,261.14,262.263,263.448,264.69,265.976,267.293,268.624,269.949,271.243,272.486,273.654,274.734,275.721,276.632,277.514,278.462,279.64,281.315
46380.0,385.092,378.006,370.744,363.202,355.308,347.0,338.227,328.954,319.172,308.919,298.3,287.515,276.891,266.887,258.067,251.007,246.153,243.669,243.35,244.667,246.909,249.381,251.561,253.184,254.238,254.892,255.388,255.921,256.574,257.34,258.187,259.102,260.086,261.14,262.263,263.448,264.69,265.976,267.293,268.624,269.948,271.243,272.486,273.654,274.734,275.721,276.632,277.514,278.462,279.64,281.315
46440.0,384.977,377.921,370.69,363.179,355.315,347.037,338.293,329.049,319.295,309.067,298.468,287.697,277.08,267.071,258.235,251.148,246.259,243.739,243.389,244.682,246.91,249.375,251.554,253.179,254.235,254.891,255.388,255.921,256.574,257.34,258.187,259.102,260.086,261.14,262.263,263.448,264.69,265.976,267.293,268.624,269.948,271.243,272.486,273.654,274.734,275.721,276.632,277.514,278.462,279.64,281.315
46500.0,384.859,377.834,370.633,363.153,355.319,347.072,338.358,329.142,319.415,309.212,298.634,287.879,277.267,267.254,258.402,251.288,246.365,243.809,243.427,244.697,246.91,249.368,251.546,253.173,254.232,254.89,255.388,255.921,256.575,257.34,258.187,259.102,260.086,261.14,262.262,263.448,264.69,265.976,267.293,268.624,269.948,271.243,272.486,273.654,274.734,275.721,276.631,277.514,278.462,279.64,281.315
46560.0,384.739,377.745,370.575,363.125,355.322,347.104,338.42,329.234,319.534,309.356,298.799,288.059,277.453,267.437,258.568,251.428,246.471,243.879,243.466,244.712,246.91,249.362,251.539,253.168,254.229,254.889,255.387,255.921,256.575,257.34,258.187,259.102,260.086,261.14,262.262,263.448,264.69,265.976,267.293,268.624,269.948,271.243,272.486,273.654,274.734,275.721,276.631,277.514,278.462,279.64,281.315
46620.0,384.617,377.653,370.514,363.095,355.323,347.135,338.481,329.323,319.652,309.499,298.963,288.237,277.639,267.618,258.734,251.567,246.578,243.95,243.505,244.727,246.911,249.356,251.532,253.162,254.226,254.887,255.387,255.921,256.575,257.34,258.187,259.102,260.086,261.14,262.262,263.448,264.689,265.976,267.293,268.624,269.948,271.243,272.486,273.654,274.734,275.721,276.631,277.514,278.462,279.64,281.315
46680.0,384.492,377.559,370.451,363.063,355.322,347.165,338.54,329.412,319.768,309.64,299.125,288.415,277.824,267.8,258.9,251.707,246.684,244.021,243.544,244.742,246.911,249.35,251.525,253.157,254.223,254.886,255.387,255.922,256.575,257.34,258.187,259.101,260.085,261.14,262.262,263.448,264.689,265.976,267.293,268.624,269.948,271.243,272.486,273.654,274.733,275.721,276.631,277.514,278.462,279.64,281.315
46740.0,384.364,377.463,370.386,363.029,355.318,347.192,338.597,329.498,319.882,309.779,299.286,288.591,278.007,267.98,259.066,251.847,246.79,244.092,243.583,244.758,246.912,249.344,251.518,253.151,254.22,254.885,255.387,255.922,256.575,257.34,258.187,259.101,260.085,261.14,262.262,263.448,264.689,265.976,267.293,268.624,269.948,271.243,272.486,273.654,274.733,275.721,276.631,277.514,278.462,279.64,281.315
46800.0,384.234,377.364,370.319,362.993,355.313,347.217,338.653,329.583,319.994,309.917,299.445,288.767,278.19,268.16,259.231,251.987,246.897,244.163,243.623,244.773,246.913,249.338,251.511,253.146,254.217,254.884,255.387,255.922,256.575,257.34,258.187,259.101,260.085,261.14,262.262,263.448,264.689,265.976,267.293,268.624,269.948,271.243,272.486,273.654,274.733,275.721,276.631,277.514,278.462,279.64,281.315
46860.0,384.102,377.263,370.249,362.955,355.306,347.24,338.706,329.666,320.105,310.054,299.604,288.941,278.372,268.339,259.396,252.126,247.004,244.235,243.663,244.789,246.914,249.333,251.504,253.141,254.214,254.883,255.387,255.922,256.575,257.34,258.187,259.101,260.085,261.14,262.262,263.448,264.689,265.976,267.293,268.624,269.948,271.243,272.485,273.654,274.733,275.721,276.631,277.514,278.462,279.64,281.315
46920.0,383.967,377.159,370.177,362.914,355.296,347.262,338.758,329.747,320.215,310.189,299.76,289.113,278.552,268.517,259.56,252.266,247.111,244.307,243.703,244.806,246.915,249.327,251.497,253.135,254.211,254.882,255.387,255.922,256.575,257.34,258.187,259.101,260.085,261.14,262.262,263.448,264.689,265.976,267.293,268.624,269.948,271.243,272.485,273.654,274.733,275.72,276.631,277.514,278.462,279.64,281.315
46980.0,383.83,377.053,370.103,362.872,355.285,347.281,338.808,329.826,320.322,310.322,299.916,289.285,278.732,268.695,259.724,252.405,247.218,244.379,243.744,244.822,246.917,249.321,251.49,253.13,254.208,254.881,255.387,255.922,256.575,257.34,258.186,259.101,260.085,261.14,262.262,263.448,264.689,265.976,267.293,268.624,269.948,271.243,272.485,273.654,274.733,275.72,276.631,277.514,278.462,279.64,281.315
47040.0,383.69,376.945,370.027,362.827,355.272,347.299,338.856,329.904,320.428,310.454,300.07,289.456,278.911,268.872,259.888,252.545,247.325,244.451,243.785,244.839,246.918,249.316,251.483,253.125,254.205,254.88,255.387,255.922,256.575,257.34,258.186,259.101,260.085,261.14,262.262,263.448,264.689,265.976,267.293,268.624,269.948,271.243,272.485,273.654,274.733,275.72,276.631,277.514,278.462,279.64,281.315
47100.0,383.547,376.835,369.948,362.78,355.256,347.315,338.902,329.98,320.533,310.585,300.223,289.625,279.089,269.048,260.051,252.684,247.432,244.524,243.826,244.855,246.92,249.31,251.476,253.119,254.202,254.879,255.386,255.923,256.575,257.34,258.186,259.101,260.085,261.14,262.262,263.448,264.689,265.976,267.293,268.624,269.948,271.243,272.485,273.654,274.733,275.72,276.631,277.514,278.462,279.64,281.315
47160.0,383.402,376.721,369.867,362.731,355.239,347.328,338.947,330.055,320.636,310.713,300.374,289.793,279.266,269.224,260.214,252.823,247.539,244.597,243.867,244.872,246.922,249.305,251.469,253.114,254.199,254.878,255.386,255.923,256.575,257.34,258.186,259.101,260.085,261.14,262.262,263.448,264.689,265.976,267.293,268.624,269.948,271.243,272.485,273.654,274.733,275.72,276.631,277.514,278.462,279.64,281.315
47220.0,383.254,376.606,369.784,362.68,355.219,347.34,338.99,330.127,320.737,310.841,300.524,289.96,279.442,269.399,260.377,252.962,247.647,244.67,243.908,244.89,246.923,249.3,251.462,253.108,254.196,254.876,255.386,255.923,256.575,257.34,258.186,259.101,260.085,261.139,262.262,263.448,264.689,265.976,267.293,268.624,269.948,271.243,272.485,273.654,274.733,275.72,276.631,277.514,278.462,279.64,281.315
47280.0,383.104,376.488,369.699,362.627,355.198,347.35,339.03,330.198,320.836,310.967,300.672,290.126,279.617,269.573,260.539,253.101,247.754,244.743,243.95,244.907,246.925,249.294,251.455,253.103,254.193,254.875,255.386,255.923,256.575,257.34,258.186,259.101,260.085,261.139,262.262,263.448,264.689,265.975,267.293,268.624,269.948,271.243,272.485,273.654,274.733,275.72,276.631,277.514,278.462,279.64,281.315
47340.0,382.951,376.368,369.611,362.572,355.174,347.358,339.069,330.267,320.934,311.091,300.82,290.29,279.791,269.747,260.7,253.239,247.862,244.816,243.992,244.925,246.928,249.289,251.449,253.098,254.19,254.874,255.386,255.923,256.575,257.34,258.186,259.101,260.085,261.139,262.262,263.448,264.689,265.975,267.293,268.624,269.948,271.243,272.485,273.654,274.733,275.72,276.631,277.514,278.462,279.64,281.315
47400.0,382.795,376.245,369.521,362.514,355.149,347.364,339.106,330.335,321.03,311.214,300.965,290.453,279.964,269.92,260.862,253.378,247.969,244.89,244.034,244.942,246.93,249.284,251.442,253.092,254.186,254.873,255.386,255.923,256.576,257.34,258.186,259.101,260.085,261.139,262.262,263.448,264.689,265.975,267.293,268.624,269.948,271.243,272.485,273.654,274.733,275.72,276.631,277.514,278.462,279.64,281.315
47460.0,382.637,376.12,369.429,362.454,355.121,347.368,339.142,330.4,321.125,311.335,301.11,290.615,280.136,270.092,261.022,253.516,248.077,244.964,244.077,244.96,246.932,249.279,251.435,253.087,254.183,254.872,255.386,255.923,256.576,257.34,258.186,259.101,260.085,261.139,262.262,263.448,264.689,265.975,267.293,268.624,269.948,271.243,272.485,273.654,274.733,275.72,276.631,277.514,278.462,279.64,281.315
47520.0,382.476,375.992,369.334,362.392,355.092,347.371,339.175,330.464,321.218,311.455,301.253,290.776,280.307,270.263,261.183,253.654,248.185,245.038,244.119,244.979,246.935,249.274,251.428,253.082,254.18,254.871,255.386,255.923,256.576,257.34,258.186,259.101,260.085,261.139,262.262,263.448,264.689,265.975,267.293,268.624,269.948,271.243,272.485,273.654,274.733,275.72,276.631,277.514,278.462,279.64,281.315
47580.0,382.313,375.862,369.237,362.328,355.06,347.371,339.207,330.526,321.309,311.573,301.395,290.936,280.478,270.434,261.343,253.793,248.293,245.112,244.162,244.997,246.938,249.269,251.422,253.076,254.177,254.87,255.385,255.924,256.576,257.34,258.186,259.101,260.085,261.139,262.262,263.448,264.689,265.975,267.293,268.624,269.948,271.243,272.485,273.654,274.733,275.72,276.631,277.514,278.462,279.64,281.315
47640.0,382.147,375.729,369.138,362.262,355.026,347.369,339.237,330.587,321.399,311.69,301.535,291.095,280.647,270.604,261.502,253.931,248.401,245.186,244.205,245.016,246.94,249.264,251.415,253.071,254.174,254.868,255.385,255.924,256.576,257.34,258.186,259.101,260.085,261.139,262.262,263.448,264.689,265.975,267.293,268.624,269.948,271.243,272.485,273.654,274.733,275.72,276.631,277.514,278.462,279.64,281.315
47700.0,381.978,375.594,369.036,362.193,354.99,347.365,339.265,330.645,321.487,311.805,301.674,291.252,280.815,270.774,261.662,254.068,248.509,245.261,244.249,245.035,246.943,249.26,251.409,253.066,254.171,254.867,255.385,255.924,256.576,257.34,258.186,259.101,260.085,261.139,262.262,263.447,264.689,265.975,267.293,268.624,269.948,271.243,272.485,273.654,274.733,275.72,276.631,277.514,278.462,279.64,281.315
47760.0,381.807,375.456,368.932,362.123,354.952,347.36,339.291,330.702,321.574,311.919,301.811,291.408,280.982,270.942,261.82,254.206,248.617,245.336,244.292,245.054,246.947,249.255,251.402,253.06,254.168,254.866,255.385,255.924,256.576,257.34,258.186,259.101,260.085,261.139,262.262,263.447,264.689,265.975,267.293,268.624,269.948,271.243,272.485,273.654,274.733,275.72,276.631,277.514,278.462,279.64,281.315
47820.0,381.633,375.316,368.826,362.05,354.912,347.352,339.315,330.758,321.658,312.031,301.948,291.563,281.148,271.11,261.979,254.344,248.725,245.411,244.336,245.073,246.95,249.25,251.395,253.055,254.165,254.865,255.385,255.924,256.576,257.34,258.186,259.101,260.085,261.139,262.262,263.447,264.689,265.975,267.293,268.624,269.948,271.243,272.485,273.654,274.733,275.72,276.631,277.514,278.462,279.64,281.315
47880.0,381.456,375.173,368.717,361.975,354.87,347.343,339.337,330.811,321.742,312.142,302.082,291.717,281.314,271.277,262.136,254.481,248.833,245.486,244.38,245.092,246.953,249.246,251.389,253.05,254.162,254.864,255.385,255.924,256.576,257.34,258.186,259.101,260.085,261.139,262.262,263.447,264.689,265.975,267.293,268.624,269.948,271.243,272.485,273.654,274.733,275.72,276.631,277.514,278.462,279.64,281.315
47940.0,381.276,375.028,368.606,361.897,354.826,347.331,339.358,330.863,321.823,312.251,302.216,291.869,281.478,271.444,262.294,254.618,248.942,245.562,244.425,245.112,246.957,249.241,251.382,253.044,254.159,254.862,255.384,255.924,256.576,257.34,258.186,259.101,260.085,261.139,262.262,263.447,264.689,265.975,267.293,268.624,269.948,271.243,272.485,273.654,274.733,275.72,276.631,277.514,278.462,279.64,281.315
48000.0,381.094,374.88,368.493,361.818,354.78,347.318,339.376,330.913,321.903,312.359,302.348,292.02,281.641,271.609,262.451,254.755,249.05,245.637,244.469,245.132,246.961,249.237,251.376,253.039,254.156,254.861,255.384,255.924,256.576,257.34,258.186,259.1,260.085,261.139,262.262,263.447,264.689,265.975,267.292,268.624,269.948,271.243,272.485,273.654,274.733,275.72,276.631,277.514,278.462,279.64,281.315
48060.0,380.909,374.729,368.377,361.736,354.731,347.302,339.393,330.961,321.981,312.465,302.479,292.171,281.803,271.774,262.607,254.892,249.158,245.713,244.514,245.152,246.964,249.233,251.369,253.034,254.153,254.86,255.384,255.925,256.576,257.34,258.186,259.1,260.085,261.139,262.261,263.447,264.689,265.975,267.292,268.624,269.948,271.243,272.485,273.654,274.733,275.72,276.631,277.514,278.462,279.64,281.315
48120.0,380.721,374.576,368.259,361.652,354.681,347.285,339.408,331.007,322.058,312.57,302.608,292.319,281.965,271.938,262.763,255.029,249.267,245.789,244.559,245.172,246.968,249.229,251.363,253.029,254.15,254.859,255.384,255.925,256.576,257.34,258.186,259.1,260.084,261.139,262.261,263.447,264.689,265.975,267.292,268.623,269.948,271.243,272.485,273.654,274.733,275.72,276.631,277.514,278.462,279.64,281.315
48180.0,380.53,374.421,368.138,361.566,354.628,347.265,339.421,331.052,322.133,312.673,302.736,292.467,282.125,272.102,262.919,255.165,249.375,245.865,244.604,245.192,246.972,249.224,251.357,253.023,254.147,254.858,255.384,255.925,256.576,257.34,258.186,259.1,260.084,261.139,262.261,263.447,264.689,265.975,267.292,268.623,269.948,271.243,272.485,273.654,274.733,275.72,276.631,277.514,278.462,279.641,281.315
48240.0,380.337,374.262,368.015,361.477,354.574,347.244,339.432,331.095,322.206,312.775,302.862,292.614,282.284,272.265,263.074,255.301,249.484,245.942,244.65,245.213,246.977,249.22,251.35,253.018,254.144,254.856,255.384,255.925,256.577,257.34,258.185,259.1,260.084,261.139,262.261,263.447,264.689,265.975,267.292,268.623,269.948,271.243,272.485,273.654,274.733,275.72,276.631,277.514,278.462,279.641,281.315
48300.0,380.14,374.102,367.889,361.386,354.517,347.22,339.442,331.136,322.278,312.875,302.987,292.759,282.443,272.427,263.228,255.437,249.592,246.018,244.695,245.234,246.981,249.216,251.344,253.013,254.14,254.855,255.383,255.925,256.577,257.34,258.185,259.1,260.084,261.139,262.261,263.447,264.689,265.975,267.292,268.623,269.948,271.243,272.485,273.654,274.733,275.72,276.631,277.514,278.462,279.641,281.315
48360.0,379.941,373.938,367.762,361.293,354.458,347.195,339.449,331.176,322.348,312.973,303.111,292.903,282.6,272.588,263.383,255.573,249.701,246.095,244.741,245.255,246.986,249.212,251.338,253.008,254.137,254.854,255.383,255.925,256.577,257.34,258.185,259.1,260.084,261.139,262.261,263.447,264.688,265.975,267.292,268.623,269.948,271.243,272.485,273.654,274.733,275.72,276.631,277.514,278.462,279.641,281.315
48420.0,379.74,373.772,367.631,361.198,354.397,347.168,339.455,331.213,322.416,313.07,303.234,293.046,282.756,272.748,263.536,255.709,249.809,246.172,244.787,245.276,246.99,249.209,251.332,253.002,254.134,254.853,255.383,255.925,256.577,257.34,258.185,259.1,260.084,261.139,262.261,263.447,264.688,265.975,267.292,268.623,269.948,271.243,272.485,273.654,274.733,275.72,276.631,277.514,278.462,279.641,281.315
48480.0,379.535,373.604,367.498,361.1,354.334,347.138,339.458,331.249,322.483,313.166,303.355,293.187,282.911,272.908,263.689,255.844,249.918,246.249,244.834,245.298,246.995,249.205,251.325,252.997,254.131,254.852,255.383,255.925,256.577,257.34,258.185,259.1,260.084,261.139,262.261,263.447,264.688,265.975,267.292,268.623,269.948,271.243,272.485,273.654,274.733,275.72,276.631,277.514,278.462,279.641,281.315
48540.0,379.327,373.432,367.363,361.0,354.268,347.107,339.46,331.283,322.548,313.26,303.474,293.328,283.066,273.067,263.842,255.98,250.026,246.326,244.88,245.319,247.0,249.201,251.319,252.992,254.128,254.85,255.383,255.926,256.577,257.34,258.185,259.1,260.084,261.139,262.261,263.447,264.688,265.975,267.292,268.623,269.948,271.243,272.485,273.654,274.733,275.72,276.631,277.514,278.462,279.641,281.315
48600.0,379.117,373.258,367.225,360.898,354.201,347.073,339.46,331.316,322.612,313.352,303.593,293.467,283.219,273.225,263.994,256.115,250.135,246.403,244.927,245.341,247.005,249.198,251.313,252.987,254.125,254.849,255.382,255.926,256.577,257.34,258.185,259.1,260.084,261.139,262.261,263.447,264.688,265.975,267.292,268.623,269.948,271.243,272.485,273.654,274.733,275.72,276.631,277.514,278.462,279.641,281.315
48660.0,378.904,373.082,367.085,360.793,354.131,347.038,339.458,331.346,322.674,313.443,303.709,293.605,283.371,273.382,264.146,256.249,250.244,246.481,244.974,245.363,247.01,249.194,251.307,252.982,254.122,254.848,255.382,255.926,256.577,257.339,258.185,259.1,260.084,261.139,262.261,263.447,264.688,265.975,267.292,268.623,269.948,271.243,272.485,273.654,274.733,275.72,276.631,277.514,278.462,279.641,281.315
48720.0,378.687,372.902,366.942,360.686,354.059,347.0,339.454,331.375,322.734,313.533,303.825,293.742,283.522,273.539,264.297,256.384,250.352,246.558,245.021,245.385,247.016,249.191,251.301,252.976,254.119,254.847,255.382,255.926,256.577,257.339,258.185,259.1,260.084,261.139,262.261,263.447,264.688,265.975,267.292,268.623,269.948,271.243,272.485,273.654,274.733,275.72,276.631,277.514,278.462,279.641,281.315
48780.0,378.468,372.72,366.797,360.577,353.985,346.961,339.449,331.402,322.792,313.62,303.939,293.877,283.672,273.695,264.448,256.518,250.461,246.636,245.069,245.408,247.021,249.187,251.295,252.971,254.116,254.845,255.382,255.926,256.577,257.339,258.185,259.1,260.084,261.138,262.261,263.447,264.688,265.975,267.292,268.623,269.948,271.243,272.485,273.654,274.733,275.72,276.631,277.514,278.462,279.641,281.315
48840.0,378.246,372.536,366.65,360.466,353.909,346.919,339.441,331.427,322.849,313.707,304.052,294.011,283.822,273.85,264.598,256.653,250.569,246.714,245.116,245.43,247.027,249.184,251.289,252.966,254.113,254.844,255.382,255.926,256.577,257.339,258.185,259.1,260.084,261.138,262.261,263.447,264.688,265.975,267.292,268.623,269.948,271.243,272.485,273.654,274.733,275.72,276.631,277.514,278.462,279.641,281.315
48900.0,378.021,372.348,366.499,360.352,353.831,346.876,339.432,331.451,322.904,313.792,304.163,294.145,283.97,274.004,264.748,256.786,250.678,246.792,245.164,245.453,247.032,249.181,251.283,252.961,254.109,254.843,255.381,255.926,256.577,257.339,258.185,259.1,260.084,261.138,262.261,263.447,264.688,265.975,267.292,268.623,269.948,271.242,272.485,273.653,274.733,275.72,276.631,277.514,278.462,279.641,281.315
48960.0,377.793,372.158,366.347,360.236,353.75,346.83,339.42,331.473,322.958,313.875,304.273,294.276,284.117,274.158,264.897,256.92,250.787,246.87,245.212,245.476,247.038,249.178,251.277,252.956,254.106,254.842,255.381,255.926,256.577,257.339,258.185,259.1,260.084,261.138,262.261,263.447,264.688,265.975,267.292,268.623,269.947,271.242,272.485,273.653,274.733,275.72,276.631,277.514,278.462,279.641,281.315
49020.0,377.563,371.965,366.191,360.117,353.668,346.783,339.407,331.493,323.01,313.957,304.381,294.407,284.263,274.311,265.046,257.053,250.895,246.948,245.26,245.499,247.044,249.175,251.271,252.95,254.103,254.84,255.381,255.926,256.577,257.339,258.185,259.1,260.084,261.138,262.261,263.447,264.688,265.975,267.292,268.623,269.947,271.242,272.485,273.653,274.733,275.72,276.631,277.514,278.462,279.641,281.315
49080.0,377.329,371.77,366.033,359.996,353.583,346.733,339.391,331.511,323.06,314.037,304.488,294.536,284.408,274.462,265.194,257.187,251.004,247.027,245.309,245.523,247.051,249.172,251.265,252.945,254.1,254.839,255.381,255.927,256.577,257.339,258.185,259.1,260.084,261.138,262.261,263.447,264.688,265.975,267.292,268.623,269.947,271.242,272.485,273.653,274.733,275.72,276.631,277.514,278.462,279.641,281.315
49140.0,377.092,371.571,365.873,359.873,353.496,346.681,339.374,331.527,323.108,314.116,304.594,294.665,284.552,274.614,265.341,257.319,251.112,247.106,245.357,245.546,247.057,249.169,251.26,252.94,254.097,254.838,255.381,255.927,256.578,257.339,258.185,259.1,260.084,261.138,262.261,263.447,264.688,265.974,267.292,268.623,269.947,271.242,272.485,273.653,274.733,275.72,276.631,277.514,278.462,279.641,281.315
49200.0,376.852,371.37,365.71,359.747,353.406,346.627,339.355,331.542,323.155,314.193,304.699,294.792,284.695,274.764,265.489,257.452,251.221,247.184,245.406,245.57,247.063,249.166,251.254,252.935,254.094,254.836,255.38,255.927,256.578,257.339,258.185,259.1,260.084,261.138,262.261,263.447,264.688,265.974,267.292,268.623,269.947,271.242,272.485,273.653,274.733,275.72,276.631,277.514,278.462,279.641,281.315
49260.0,376.609,371.166,365.545,359.619,353.315,346.572,339.334,331.555,323.201,314.268,304.802,294.917,284.837,274.914,265.635,257.584,251.329,247.263,245.455,245.594,247.07,249.164,251.248,252.93,254.091,254.835,255.38,255.927,256.578,257.339,258.185,259.1,260.084,261.138,262.261,263.447,264.688,265.974,267.292,268.623,269.947,271.242,272.485,273.653,274.733,275.72,276.631,277.514,278.462,279.641,281.315
49320.0,376.363,370.959,365.377,359.489,353.221,346.514,339.311,331.566,323.244,314.342,304.903,295.042,284.978,275.062,265.781,257.716,251.438,247.342,245.504,245.618,247.077,249.161,251.242,252.925,254.088,254.834,255.38,255.927,256.578,257.339,258.185,259.1,260.084,261.138,262.261,263.447,264.688,265.974,267.292,268.623,269.947,271.242,272.485,273.653,274.733,275.72,276.631,277.514,278.462,279.641,281.315
49380.0,376.114,370.75,365.206,359.356,353.125,346.454,339.286,331.575,323.286,314.415,305.003,295.165,285.118,275.21,265.927,257.848,251.546,247.421,245.554,245.642,247.084,249.159,251.237,252.92,254.084,254.833,255.38,255.927,256.578,257.339,258.185,259.099,260.084,261.138,262.261,263.446,264.688,265.974,267.292,268.623,269.947,271.242,272.485,273.653,274.733,275.72,276.631,277.514,278.462,279.641,281.315
49440.0,375.863,370.538,365.033,359.221,353.027,346.392,339.26,331.582,323.326,314.486,305.102,295.287,285.257,275.358,266.072,257.98,251.655,247.501,245.603,245.667,247.091,249.156,251.231,252.915,254.081,254.831,255.379,255.927,256.578,257.339,258.185,259.099,260.084,261.138,262.261,263.446,264.688,265.974,267.292,268.623,269.947,271.242,272.485,273.653,274.733,275.72,276.631,277.514,278.462,279.641,281.315
49500.0,375.607,370.322,364.857,359.083,352.927,346.328,339.231,331.588,323.365,314.555,305.199,295.408,285.395,275.504,266.216,258.111,251.763,247.58,245.653,245.692,247.098,249.154,251.225,252.91,254.078,254.83,255.379,255.927,256.578,257.339,258.185,259.099,260.084,261.138,262.261,263.446,264.688,265.974,267.292,268.623,269.947,271.242,272.485,273.653,274.733,275.72,276.631,277.514,278.462,279.641,281.315
49560.0,375.349,370.104,364.679,358.943,352.824,346.262,339.2,331.592,323.402,314.623,305.295,295.528,285.532,275.649,266.36,258.242,251.871,247.659,245.703,245.716,247.105,249.151,251.22,252.904,254.075,254.829,255.379,255.927,256.578,257.339,258.184,259.099,260.083,261.138,262.261,263.446,264.688,265.974,267.292,268.623,269.947,271.242,272.485,273.653,274.733,275.72,276.631,277.514,278.462,279.641,281.315
49620.0,375.088,369.884,364.498,358.801,352.719,346.193,339.168,331.594,323.437,314.69,305.39,295.646,285.668,275.794,266.503,258.373,251.979,247.739,245.753,245.741,247.113,249.149,251.214,252.899,254.072,254.827,255.379,255.927,256.578,257.339,258.184,259.099,260.083,261.138,262.261,263.446,264.688,265.974,267.292,268.623,269.947,271.242,272.485,273.653,274.733,275.72,276.631,277.514,278.462,279.641,281.315
49680.0,374.824,369.66,364.314,358.656,352.612,346.123,339.133,331.594,323.47,314.755,305.483,295.763,285.802,275.938,266.646,258.503,252.088,247.819,245.804,245.767,247.12,249.147,251.209,252.894,254.069,254.826,255.378,255.928,256.578,257.339,258.184,259.099,260.083,261.138,262.26,263.446,264.688,265.974,267.292,268.623,269.947,271.242,272.485,273.653,274.733,275.72,276.631,277.514,278.462,279.641,281.315
49740.0,374.556,369.433,364.128,358.509,352.503,346.05,339.097,331.592,323.502,314.818,305.575,295.879,285.936,276.081,266.788,258.633,252.196,247.899,245.854,245.792,247.128,249.145,251.203,252.889,254.066,254.825,255.378,255.928,256.578,257.339,258.184,259.099,260.083,261.138,262.26,263.446,264.688,265.974,267.292,268.623,269.947,271.242,272.485,273.653,274.733,275.72,276.631,277.514,278.462,279.641,281.315
49800.0,374.286,369.204,363.939,358.359,352.391,345.976,339.058,331.589,323.532,314.88,305.665,295.993,286.069,276.224,266.93,258.763,252.304,247.978,245.905,245.818,247.136,249.143,251.198,252.884,254.062,254.823,255.378,255.928,256.578,257.339,258.184,259.099,260.083,261.138,262.26,263.446,264.688,265.974,267.292,268.623,269.947,271.242,272.485,273.653,274.733,275.72,276.631,277.514,278.462,279.641,281.315
49860.0,374.012,368.972,363.747,358.207,352.277,345.899,339.018,331.584,323.561,314.94,305.754,296.107,286.2,276.365,267.071,258.893,252.412,248.058,245.956,245.844,247.144,249.141,251.193,252.879,254.059,254.822,255.378,255.928,256.578,257.339,258.184,259.099,260.083,261.138,262.26,263.446,264.688,265.974,267.292,268.623,269.947,271.242,272.485,273.653,274.733,275.72,276.631,277.514,278.462,279.641,281.315
49920.0,373.735,368.736,363.553,358.052,352.161,345.821,338.976,331.577,323.588,314.998,305.842,296.219,286.331,276.506,267.212,259.022,252.52,248.139,246.007,245.87,247.152,249.14,251.187,252.874,254.056,254.821,255.377,255.928,256.578,257.339,258.184,259.099,260.083,261.138,262.26,263.446,264.688,265.974,267.292,268.623,269.947,271.242,272.485,273.653,274.733,275.72,276.631,277.514,278.462,279.641,281.315
49980.0,373.455,368.498,363.356,357.895,352.043,345.74,338.931,331.568,323.613,315.056,305.928,296.33,286.46,276.646,267.352,259.151,252.627,248.219,246.058,245.896,247.16,249.138,251.182,252.869,254.053,254.819,255.377,255.928,256.578,257.339,258.184,259.099,260.083,261.138,262.26,263.446,264.688,265.974,267.292,268.623,269.947,271.242,272.485,273.653,274.733,275.72,276.631,277.514,278.462,279.641,281.315
50040.0,373.172,368.257,363.156,357.735,351.922,345.657,338.885,331.557,323.636,315.111,306.013,296.44,286.589,276.785,267.491,259.28,252.735,248.299,246.109,245.922,247.169,249.136,251.177,252.864,254.05,254.818,255.377,255.928,256.579,257.339,258.184,259.099,260.083,261.138,262.26,263.446,264.688,265.974,267.291,268.623,269.947,271.242,272.485,273.653,274.733,275.72,276.631,277.514,278.462,279.641,281.315
50100.0,372.885,368.013,362.954,357.573,351.799,345.572,338.837,331.545,323.658,315.165,306.096,296.548,286.716,276.923,267.63,259.408,252.843,248.379,246.161,245.949,247.177,249.135,251.172,252.859,254.047,254.817,255.377,255.928,256.579,257.339,258.184,259.099,260.083,261.138,262.26,263.446,264.688,265.974,267.291,268.623,269.947,271.242,272.485,273.653,274.733,275.72,276.631,277.514,278.462,279.641,281.315
50160.0,372.595,367.766,362.749,357.409,351.673,345.485,338.787,331.53,323.678,315.218,306.178,296.655,286.842,277.06,267.768,259.536,252.95,248.46,246.213,245.975,247.186,249.133,251.166,252.854,254.043,254.815,255.376,255.928,256.579,257.339,258.184,259.099,260.083,261.138,262.26,263.446,264.687,265.974,267.291,268.623,269.947,271.242,272.485,273.653,274.733,275.72,276.631,277.514,278.462,279.641,281.315
50220.0,372.302,367.516,362.541,357.242,351.546,345.395,338.735,331.514,323.696,315.268,306.258,296.761,286.968,277.197,267.906,259.664,253.058,248.54,246.265,246.002,247.195,249.132,251.161,252.849,254.04,254.814,255.376,255.928,256.579,257.339,258.184,259.099,260.083,261.138,262.26,263.446,264.687,265.974,267.291,268.623,269.947,271.242,272.485,273.653,274.733,275.72,276.631,277.514,278.462,279.641,281.315
50280.0,372.006,367.263,362.33,357.072,351.416,345.304,338.68,331.496,323.713,315.318,306.338,296.866,287.092,277.332,268.043,259.791,253.165,248.621,246.317,246.029,247.204,249.131,251.156,252.844,254.037,254.813,255.376,255.928,256.579,257.339,258.184,259.099,260.083,261.137,262.26,263.446,264.687,265.974,267.291,268.623,269.947,271.242,272.484,273.653,274.733,275.72,276.631,277.514,278.462,279.641,281.315
50340.0,371.706,367.007,362.117,356.9,351.284,345.21,338.624,331.476,323.728,315.366,306.415,296.969,287.215,277.467,268.179,259.918,253.273,248.702,246.369,246.056,247.213,249.13,251.151,252.84,254.034,254.811,255.376,255.928,256.579,257.339,258.184,259.099,260.083,261.137,262.26,263.446,264.687,265.974,267.291,268.623,269.947,271.242,272.484,273.653,274.733,275.72,276.631,277.514,278.462,279.641,281.315
50400.0,371.403,366.748,361.901,356.726,351.149,345.114,338.566,331.455,323.741,315.412,306.492,297.071,287.337,277.601,268.315,260.045,253.38,248.783,246.421,246.084,247.222,249.128,251.146,252.835,254.031,254.81,255.375,255.929,256.579,257.339,258.184,259.099,260.083,261.137,262.26,263.446,264.687,265.974,267.291,268.622,269.947,271.242,272.484,273.653,274.733,275.72,276.631,277.514,278.462,279.641,281.315
50460.0,371.097,366.486,361.682,356.549,351.012,345.017,338.506,331.431,323.753,315.456,306.566,297.172,287.458,277.734,268.45,260.171,253.487,248.863,246.474,246.111,247.232,249.127,251.141,252.83,254.028,254.808,255.375,255.929,256.579,257.339,258.184,259.099,260.083,261.137,262.26,263.446,264.687,265.974,267.291,268.622,269.947,271.242,272.484,273.653,274.733,275.72,276.631,277.514,278.462,279.641,281.315
50520.0,370.788,366.221,361.461,356.369,350.873,344.917,338.444,331.406,323.763,315.5,306.64,297.272,287.578,277.867,268.585,260.297,253.594,248.944,246.527,246.139,247.241,249.126,251.136,252.825,254.025,254.807,255.375,255.929,256.579,257.339,258.184,259.099,260.083,261.137,262.26,263.446,264.687,265.974,267.291,268.622,269.947,271.242,272.484,273.653,274.733,275.72,276.631,277.514,278.462,279.641,281.315
50580.0,370.475,365.953,361.237,356.187,350.732,344.814,338.38,331.379,323.771,315.541,306.712,297.37,287.697,277.998,268.719,260.423,253.701,249.025,246.58,246.167,247.251,249.126,251.131,252.82,254.021,254.806,255.374,255.929,256.579,257.339,258.184,259.099,260.083,261.137,262.26,263.446,264.687,265.974,267.291,268.622,269.947,271.242,272.484,273.653,274.733,275.72,276.631,277.514,278.462,279.641,281.315
50640.0,370.159,365.682,361.01,356.002,350.588,344.71,338.314,331.35,323.778,315.581,306.783,297.467,287.815,278.129,268.853,260.548,253.808,249.106,246.633,246.195,247.261,249.125,251.126,252.815,254.018,254.804,255.374,255.929,256.579,257.339,258.184,259.099,260.083,261.137,262.26,263.446,264.687,265.974,267.291,268.622,269.947,271.242,272.484,273.653,274.733,275.72,276.631,277.514,278.462,279.641,281.315
50700.0,369.839,365.408,360.78,355.815,350.442,344.604,338.246,331.319,323.782,315.62,306.852,297.563,287.932,278.259,268.985,260.673,253.915,249.187,246.686,246.223,247.271,249.124,251.122,252.81,254.015,254.803,255.374,255.929,256.579,257.339,258.184,259.098,260.083,261.137,262.26,263.446,264.687,265.974,267.291,268.622,269.947,271.242,272.484,273.653,274.733,275.72,276.631,277.514,278.462,279.641,281.315
50760.0,369.516,365.131,360.547,355.625,350.293,344.495,338.176,331.286,323.786,315.656,306.92,297.658,288.047,278.387,269.118,260.798,254.021,249.269,246.739,246.252,247.281,249.124,251.117,252.805,254.012,254.802,255.373,255.929,256.579,257.339,258.184,259.098,260.083,261.137,262.26,263.446,264.687,265.974,267.291,268.622,269.947,271.242,272.484,273.653,274.733,275.72,276.631,277.514,278.462,279.641,281.315
50820.0,369.19,364.851,360.312,355.433,350.142,344.384,338.104,331.252,323.787,315.692,306.986,297.751,288.162,278.515,269.249,260.922,254.128,249.35,246.793,246.281,247.291,249.123,251.112,252.801,254.009,254.8,255.373,255.929,256.579,257.339,258.184,259.098,260.083,261.137,262.26,263.446,264.687,265.974,267.291,268.622,269.947,271.242,272.484,273.653,274.733,275.72,276.631,277.514,278.462,279.641,281.315
50880.0,368.86,364.567,360.073,355.238,349.989,344.271,338.03,331.215,323.787,315.725,307.051,297.843,288.276,278.643,269.38,261.046,254.234,249.431,246.847,246.309,247.301,249.123,251.107,252.796,254.006,254.799,255.373,255.929,256.579,257.339,258.184,259.098,260.083,261.137,262.26,263.446,264.687,265.974,267.291,268.622,269.947,271.242,272.484,273.653,274.733,275.72,276.631,277.514,278.462,279.641,281.315
50940.0,368.527,364.281,359.832,355.04,349.833,344.156,337.954,331.177,323.785,315.758,307.114,297.934,288.388,278.769,269.511,261.169,254.34,249.513,246.9,246.338,247.312,249.122,251.103,252.791,254.002,254.797,255.373,255.929,256.58,257.339,258.183,259.098,260.083,261.137,262.26,263.446,264.687,265.974,267.291,268.622,269.947,271.242,272.484,273.653,274.733,275.72,276.631,277.514,278.462,279.641,281.315
51000.0,368.19,363.991,359.588,354.84,349.675,344.039,337.876,331.137,323.781,315.788,307.176,298.024,288.499,278.894,269.641,261.292,254.446,249.594,246.954,246.367,247.323,249.122,251.098,252.786,253.999,254.796,255.372,255.929,256.58,257.339,258.183,259.098,260.082,261.137,262.26,263.446,264.687,265.974,267.291,268.622,269.947,271.242,272.484,273.653,274.733,275.72,276.631,277.514,278.462,279.641,281.315
51060.0,367.85,363.699,359.341,354.637,349.515,343.919,337.796,331.095,323.775,315.817,307.237,298.112,288.61,279.019,269.77,261.415,254.552,249.675,247.009,246.397,247.333,249.122,251.094,252.781,253.996,254.794,255.372,255.929,256.58,257.339,258.183,259.098,260.082,261.137,262.26,263.445,264.687,265.973,267.291,268.622,269.947,271.242,272.484,273.653,274.733,275.72,276.631,277.514,278.462,279.641,281.315
51120.0,367.506,363.403,359.092,354.432,349.352,343.797,337.714,331.051,323.768,315.845,307.296,298.199,288.719,279.143,269.898,261.538,254.658,249.757,247.063,246.426,247.344,249.122,251.089,252.777,253.993,254.793,255.372,255.929,256.58,257.339,258.183,259.098,260.082,261.137,262.26,263.445,264.687,265.973,267.291,268.622,269.947,271.242,272.484,273.653,274.733,275.72,276.631,277.514,278.462,279.641,281.315
51180.0,367.159,363.104,358.839,354.224,349.187,343.673,337.63,331.005,323.759,315.871,307.354,298.285,288.827,279.266,270.026,261.66,254.764,249.838,247.117,246.456,247.355,249.122,251.085,252.772,253.99,254.792,255.371,255.929,256.58,257.339,258.183,259.098,260.082,261.137,262.26,263.445,264.687,265.973,267.291,268.622,269.947,271.242,272.484,273.653,274.733,275.72,276.631,277.514,278.462,279.641,281.315
51240.0,366.809,362.801,358.584,354.013,349.019,343.547,337.544,330.958,323.749,315.895,307.411,298.37,288.934,279.388,270.154,261.781,254.869,249.92,247.172,246.486,247.366,249.122,251.08,252.767,253.987,254.79,255.371,255.93,256.58,257.339,258.183,259.098,260.082,261.137,262.259,263.445,264.687,265.973,267.291,268.622,269.947,271.242,272.484,273.653,274.733,275.72,276.631,277.514,278.462,279.641,281.315
51300.0,366.455,362.496,358.326,353.8,348.849,343.419,337.456,330.909,323.737,315.918,307.466,298.453,289.04,279.509,270.28,261.903,254.974,250.001,247.226,246.516,247.378,249.122,251.076,252.762,253.983,254.789,255.371,255.93,256.58,257.339,258.183,259.098,260.082,261.137,262.259,263.445,264.687,265.973,267.291,268.622,269.947,271.242,272.484,273.653,274.733,275.72,276.631,277.514,278.462,279.641,281.315
51360.0,366.097,362.187,358.064,353.584,348.677,343.288,337.365,330.857,323.722,315.939,307.519,298.535,289.145,279.629,270.406,262.024,255.08,250.083,247.281,246.546,247.389,249.123,251.071,252.758,253.98,254.787,255.37,255.93,256.58,257.339,258.183,259.098,260.082,261.137,262.259,263.445,264.687,265.973,267.291,268.622,269.947,271.242,272.484,273.653,274.733,275.72,276.631,277.514,278.462,279.641,281.315
51420.0,365.736,361.875,357.8,353.366,348.502,343.156,337.273,330.804,323.707,315.958,307.571,298.615,289.249,279.748,270.532,262.144,255.185,250.165,247.336,246.576,247.401,249.123,251.067,252.753,253.977,254.786,255.37,255.93,256.58,257.339,258.183,259.098,260.082,261.137,262.259,263.445,264.687,265.973,267.291,268.622,269.947,271.242,272.484,273.653,274.733,275.72,276.631,277.514,278.462,279.641,281.315
51480.0,365.371,361.56,357.533,353.145,348.325,343.021,337.179,330.749,323.689,315.976,307.622,298.695,289.351,279.867,270.656,262.264,255.29,250.246,247.391,246.606,247.413,249.123,251.063,252.748,253.974,254.784,255.37,255.93,256.58,257.339,258.183,259.098,260.082,261.137,262.259,263.445,264.687,265.973,267.291,268.622,269.946,271.242,272.484,273.653,274.733,275.72,276.631,277.514,278.462,279.641,281.315
51540.0,365.002,361.242,357.263,352.921,348.145,342.884,337.083,330.692,323.67,315.993,307.671,298.773,289.453,279.984,270.78,262.384,255.394,250.328,247.447,246.637,247.424,249.124,251.059,252.744,253.971,254.783,255.369,255.93,256.58,257.339,258.183,259.098,260.082,261.137,262.259,263.445,264.687,265.973,267.291,268.622,269.946,271.242,272.484,273.653,274.733,275.72,276.631,277.514,278.462,279.641,281.315
51600.0,364.63,360.92,356.99,352.694,347.963,342.744,336.984,330.633,323.649,316.008,307.719,298.85,289.554,280.101,270.904,262.503,255.499,250.41,247.502,246.668,247.436,249.125,251.054,252.739,253.968,254.782,255.369,255.93,256.58,257.339,258.183,259.098,260.082,261.137,262.259,263.445,264.687,265.973,267.291,268.622,269.946,271.242,272.484,273.653,274.733,275.72,276.631,277.514,278.462,279.641,281.315
51660.0,364.254,360.595,356.715,352.465,347.779,342.602,336.884,330.573,323.626,316.021,307.765,298.926,289.653,280.217,271.027,262.622,255.603,250.492,247.557,246.699,247.449,249.125,251.05,252.734,253.964,254.78,255.369,255.93,256.58,257.339,258.183,259.098,260.082,261.137,262.259,263.445,264.687,265.973,267.291,268.622,269.946,271.242,272.484,273.653,274.733,275.72,276.631,277.514,278.462,279.641,281.315
51720.0,363.875,360.267,356.436,352.233,347.592,342.459,336.782,330.51,323.602,316.032,307.81,299.0,289.751,280.332,271.149,262.741,255.708,250.573,247.613,246.73,247.461,249.126,251.046,252.73,253.961,254.779,255.368,255.93,256.58,257.339,258.183,259.098,260.082,261.137,262.259,263.445,264.687,265.973,267.291,268.622,269.946,271.242,272.484,273.653,274.733,275.72,276.631,277.514,278.462,279.641,281.315
51780.0,363.492,359.936,356.154,351.999,347.402,342.312,336.677,330.446,323.576,316.043,307.854,299.073,289.849,280.446,271.27,262.859,255.812,250.655,247.669,246.761,247.473,249.127,251.042,252.725,253.958,254.777,255.368,255.93,256.58,257.339,258.183,259.098,260.082,261.136,262.259,263.445,264.687,265.973,267.291,268.622,269.946,271.242,272.484,273.653,274.733,275.72,276.631,277.514,278.462,279.641,281.315
51840.0,363.105,359.601,355.869,351.762,347.211,342.164,336.571,330.38,323.548,316.051,307.896,299.145,289.945,280.559,271.391,262.976,255.916,250.737,247.725,246.792,247.486,249.128,251.038,252.721,253.955,254.776,255.367,255.93,256.58,257.339,258.183,259.098,260.082,261.136,262.259,263.445,264.687,265.973,267.291,268.622,269.946,271.241,272.484,273.653,274.733,275.72,276.631,277.514,278.462,279.641,281.315
51900.0,362.715,359.263,355.581,351.522,347.016,342.014,336.462,330.311,323.519,316.058,307.936,299.215,290.04,280.671,271.511,263.094,256.019,250.819,247.78,246.824,247.498,249.129,251.034,252.716,253.952,254.774,255.367,255.93,256.581,257.339,258.183,259.098,260.082,261.136,262.259,263.445,264.686,265.973,267.291,268.622,269.946,271.241,272.484,273.653,274.733,275.72,276.631,277.514,278.462,279.641,281.315
51960.0,362.32,358.921,355.291,351.279,346.819,341.861,336.351,330.241,323.487,316.063,307.976,299.285,290.134,280.782,271.631,263.211,256.123,250.9,247.837,246.856,247.511,249.13,251.03,252.711,253.949,254.773,255.367,255.93,256.581,257.339,258.183,259.098,260.082,261.136,262.259,263.445,264.686,265.973,267.291,268.622,269.946,271.241,272.484,273.653,274.733,275.72,276.631,277.514,278.462,279.641,281.315
52020.0,361.922,358.577,354.997,351.034,346.62,341.706,336.239,330.169,323.454,316.067,308.013,299.352,290.226,280.893,271.749,263.327,256.226,250.982,247.893,246.887,247.524,249.132,251.026,252.707,253.945,254.771,255.366,255.93,256.581,257.339,258.183,259.097,260.082,261.136,262.259,263.445,264.686,265.973,267.291,268.622,269.946,271.241,272.484,273.653,274.733,275.72,276.631,277.514,278.462,279.641,281.315
52080.0,361.521,358.228,354.7,350.786,346.418,341.548,336.124,330.095,323.419,316.069,308.05,299.419,290.318,281.002,271.868,263.443,256.329,251.064,247.949,246.919,247.537,249.133,251.023,252.702,253.942,254.77,255.366,255.93,256.581,257.339,258.183,259.097,260.082,261.136,262.259,263.445,264.686,265.973,267.291,268.622,269.946,271.241,272.484,273.653,274.733,275.72,276.631,277.514,278.462,279.641,281.315
52140.0,361.115,357.877,354.4,350.535,346.214,341.389,336.007,330.02,323.383,316.07,308.085,299.485,290.409,281.111,271.985,263.559,256.432,251.146,248.005,246.952,247.551,249.134,251.019,252.698,253.939,254.768,255.366,255.93,256.581,257.339,258.183,259.097,260.082,261.136,262.259,263.445,264.686,265.973,267.29,268.622,269.946,271.241,272.484,273.653,274.733,275.72,276.631,277.514,278.462,279.641,281.315
52200.0,360.706,357.522,354.097,350.281,346.007,341.227,335.888,329.942,323.345,316.069,308.118,299.549,290.498,281.219,272.102,263.674,256.535,251.227,248.062,246.984,247.564,249.136,251.015,252.693,253.936,254.767,255.365,255.93,256.581,257.339,258.183,259.097,260.082,261.136,262.259,263.445,264.686,265.973,267.29,268.622,269.946,271.241,272.484,273.653,274.732,275.72,276.631,277.514,278.462,279.641,281.315
52260.0,360.293,357.163,353.791,350.025,345.798,341.063,335.767,329.862,323.305,316.066,308.15,299.611,290.587,281.326,272.218,263.788,256.637,251.309,248.119,247.016,247.577,249.137,251.011,252.689,253.933,254.765,255.365,255.93,256.581,257.339,258.182,259.097,260.082,261.136,262.259,263.445,264.686,265.973,267.29,268.622,269.946,271.241,272.484,273.653,274.732,275.72,276.631,277.514,278.462,279.641,281.315
52320.0,359.876,356.802,353.482,349.766,345.587,340.896,335.644,329.781,323.263,316.062,308.181,299.673,290.674,281.432,272.333,263.903,256.74,251.391,248.175,247.049,247.591,249.139,251.008,252.684,253.93,254.764,255.365,255.93,256.581,257.339,258.182,259.097,260.082,261.136,262.259,263.445,264.686,265.973,267.29,268.622,269.946,271.241,272.484,273.653,274.732,275.72,276.631,277.514,278.462,279.641,281.315
52380.0,359.455,356.436,353.17,349.504,345.372,340.727,335.519,329.698,323.219,316.056,308.21,299.733,290.76,281.537,272.448,264.017,256.842,251.473,248.232,247.082,247.605,249.141,251.004,252.68,253.927,254.762,255.364,255.931,256.581,257.339,258.182,259.097,260.082,261.136,262.259,263.445,264.686,265.973,267.29,268.622,269.946,271.241,272.484,273.653,274.732,275.72,276.631,277.514,278.462,279.641,281.315
52440.0,359.03,356.068,352.855,349.239,345.156,340.556,335.392,329.612,323.174,316.049,308.237,299.792,290.845,281.641,272.562,264.13,256.944,251.554,248.289,247.115,247.619,249.143,251.001,252.675,253.923,254.761,255.364,255.931,256.581,257.339,258.182,259.097,260.082,261.136,262.259,263.445,264.686,265.973,267.29,268.622,269.946,271.241,272.484,273.653,274.732,275.72,276.631,277.514,278.462,279.641,281.315
52500.0,358.601,355.695,352.537,348.972,344.936,340.383,335.262,329.525,323.127,316.04,308.264,299.85,290.929,281.744,272.675,264.243,257.046,251.636,248.346,247.148,247.633,249.145,250.997,252.671,253.92,254.759,255.363,255.931,256.581,257.339,258.182,259.097,260.081,261.136,262.259,263.445,264.686,265.973,267.29,268.622,269.946,271.241,272.484,273.653,274.732,275.72,276.631,277.514,278.462,279.641,281.315
52560.0,358.169,355.32,352.215,348.701,344.715,340.207,335.131,329.436,323.078,316.029,308.288,299.906,291.012,281.846,272.788,264.355,257.147,251.718,248.403,247.181,247.647,249.147,250.994,252.667,253.917,254.758,255.363,255.931,256.581,257.339,258.182,259.097,260.081,261.136,262.259,263.445,264.686,265.973,267.29,268.622,269.946,271.241,272.484,273.653,274.732,275.72,276.631,277.514,278.462,279.641,281.315
52620.0,357.732,354.941,351.891,348.428,344.49,340.03,334.998,329.345,323.028,316.017,308.312,299.961,291.094,281.947,272.9,264.467,257.248,251.799,248.461,247.214,247.661,249.149,250.99,252.662,253.914,254.756,255.363,255.931,256.581,257.339,258.182,259.097,260.081,261.136,262.259,263.445,264.686,265.973,267.29,268.622,269.946,271.241,272.484,273.653,274.732,275.72,276.631,277.514,278.462,279.641,281.315
52680.0,357.292,354.558,351.563,348.152,344.263,339.849,334.862,329.252,322.976,316.003,308.334,300.015,291.174,282.048,273.011,264.579,257.35,251.881,248.518,247.248,247.675,249.151,250.987,252.658,253.911,254.755,255.362,255.931,256.581,257.339,258.182,259.097,260.081,261.136,262.259,263.444,264.686,265.973,267.29,268.621,269.946,271.241,272.484,273.653,274.732,275.72,276.631,277.514,278.462,279.641,281.315
52740.0,356.847,354.172,351.232,347.874,344.034,339.667,334.724,329.157,322.922,315.988,308.354,300.068,291.254,282.147,273.122,264.69,257.45,251.963,248.575,247.281,247.69,249.154,250.984,252.653,253.908,254.753,255.362,255.931,256.581,257.339,258.182,259.097,260.081,261.136,262.259,263.444,264.686,265.973,267.29,268.621,269.946,271.241,272.484,273.653,274.732,275.72,276.631,277.514,278.462,279.641,281.315
52800.0,356.399,353.782,350.898,347.592,343.802,339.482,334.584,329.06,322.866,315.971,308.373,300.119,291.332,282.246,273.232,264.801,257.551,252.044,248.633,247.315,247.704,249.156,250.98,252.649,253.904,254.752,255.361,255.931,256.581,257.339,258.182,259.097,260.081,261.136,262.259,263.444,264.686,265.973,267.29,268.621,269.946,271.241,272.484,273.653,274.732,275.72,276.631,277.514,278.462,279.641,281.315
52860.0,355.946,353.389,350.561,347.308,343.568,339.295,334.443,328.962,322.808,315.952,308.39,300.169,291.409,282.344,273.341,264.911,257.651,252.126,248.691,247.349,247.719,249.158,250.977,252.645,253.901,254.75,255.361,255.931,256.581,257.339,258.182,259.097,260.081,261.136,262.258,263.444,264.686,265.973,267.29,268.621,269.946,271.241,272.484,273.653,274.732,275.72,276.631,277.514,278.462,279.641,281.315
52920.0,355.49,352.992,350.221,347.021,343.33,339.106,334.299,328.861,322.749,315.932,308.407,300.217,291.485,282.44,273.45,265.021,257.752,252.207,248.748,247.383,247.734,249.161,250.974,252.641,253.898,254.749,255.361,255.931,256.582,257.339,258.182,259.097,260.081,261.136,262.258,263.444,264.686,265.972,267.29,268.621,269.946,271.241,272.484,273.653,274.732,275.72,276.631,277.514,278.462,279.641,281.315
52980.0,355.029,352.591,349.877,346.731,343.091,338.914,334.152,328.759,322.688,315.91,308.421,300.265,291.56,282.536,273.557,265.13,257.851,252.289,248.806,247.417,247.749,249.164,250.971,252.636,253.895,254.747,255.36,255.931,256.582,257.339,258.182,259.097,260.081,261.136,262.258,263.444,264.686,265.972,267.29,268.621,269.946,271.241,272.484,273.653,274.732,275.72,276.631,277.514,278.462,279.641,281.315
53040.0,354.564,352.187,349.53,346.438,342.849,338.72,334.004,328.654,322.625,315.887,308.434,300.311,291.634,282.631,273.664,265.239,257.951,252.37,248.864,247.451,247.764,249.167,250.968,252.632,253.892,254.746,255.36,255.931,256.582,257.338,258.182,259.097,260.081,261.136,262.258,263.444,264.686,265.972,267.29,268.621,269.946,271.241,272.484,273.653,274.732,275.72,276.631,277.514,278.462,279.641,281.315
53100.0,354.095,351.779,349.181,346.142,342.604,338.523,333.854,328.548,322.561,315.862,308.446,300.355,291.707,282.725,273.771,265.347,258.051,252.451,248.922,247.486,247.78,249.169,250.965,252.628,253.889,254.744,255.359,255.931,256.582,257.338,258.182,259.097,260.081,261.136,262.258,263.444,264.686,265.972,267.29,268.621,269.946,271.241,272.484,273.652,274.732,275.72,276.631,277.514,278.462,279.641,281.315
53160.0,353.622,351.368,348.827,345.843,342.356,338.325,333.701,328.439,322.495,315.835,308.456,300.399,291.778,282.818,273.876,265.455,258.15,252.533,248.98,247.52,247.795,249.172,250.962,252.624,253.886,254.743,255.359,255.931,256.582,257.338,258.182,259.097,260.081,261.136,262.258,263.444,264.686,265.972,267.29,268.621,269.946,271.241,272.484,273.652,274.732,275.72,276.631,277.514,278.462,279.641,281.315
53220.0,353.145,350.953,348.471,345.542,342.107,338.123,333.547,328.329,322.426,315.807,308.465,300.441,291.849,282.91,273.981,265.562,258.249,252.614,249.038,247.555,247.811,249.175,250.959,252.619,253.883,254.741,255.359,255.931,256.582,257.338,258.182,259.097,260.081,261.136,262.258,263.444,264.686,265.972,267.29,268.621,269.946,271.241,272.484,273.652,274.732,275.72,276.631,277.514,278.462,279.641,281.315
53280.0,352.664,350.534,348.111,345.237,341.854,337.92,333.39,328.217,322.357,315.777,308.473,300.482,291.918,283.001,274.085,265.669,258.347,252.695,249.096,247.59,247.826,249.178,250.956,252.615,253.879,254.74,255.358,255.931,256.582,257.338,258.182,259.097,260.081,261.136,262.258,263.444,264.686,265.972,267.29,268.621,269.946,271.241,272.484,273.652,274.732,275.72,276.631,277.514,278.462,279.641,281.315
53340.0,352.178,350.112,347.748,344.93,341.599,337.714,333.231,328.103,322.285,315.746,308.478,300.521,291.986,283.091,274.189,265.776,258.446,252.776,249.154,247.625,247.842,249.182,250.953,252.611,253.876,254.738,255.358,255.931,256.582,257.338,258.182,259.097,260.081,261.135,262.258,263.444,264.686,265.972,267.29,268.621,269.946,271.241,272.484,273.652,274.732,275.72,276.631,277.514,278.462,279.641,281.315
53400.0,351.689,349.686,347.382,344.62,341.341,337.506,333.07,327.987,322.212,315.713,308.483,300.56,292.054,283.18,274.292,265.882,258.544,252.857,249.213,247.66,247.858,249.185,250.95,252.607,253.873,254.737,255.357,255.931,256.582,257.338,258.182,259.096,260.081,261.135,262.258,263.444,264.686,265.972,267.29,268.621,269.946,271.241,272.484,273.652,274.732,275.72,276.631,277.514,278.462,279.641,281.315
53460.0,351.195,349.256,347.013,344.306,341.081,337.296,332.907,327.869,322.137,315.678,308.486,300.597,292.119,283.269,274.394,265.987,258.642,252.938,249.271,247.695,247.874,249.188,250.948,252.603,253.87,254.735,255.357,255.931,256.582,257.338,258.182,259.096,260.081,261.135,262.258,263.444,264.686,265.972,267.29,268.621,269.946,271.241,272.484,273.652,274.732,275.72,276.631,277.514,278.462,279.641,281.315
53520.0,350.696,348.822,346.64,343.99,340.818,337.083,332.742,327.749,322.06,315.642,308.487,300.632,292.184,283.356,274.495,266.092,258.74,253.019,249.33,247.73,247.89,249.192,250.945,252.599,253.867,254.733,255.356,255.931,256.582,257.338,258.182,259.096,260.081,261.135,262.258,263.444,264.686,265.972,267.29,268.621,269.946,271.241,272.484,273.652,274.732,275.72,276.631,277.514,278.462,279.641,281.315
53580.0,350.194,348.385,346.264,343.671,340.552,336.868,332.575,327.627,321.981,315.604,308.487,300.667,292.248,283.442,274.596,266.196,258.837,253.1,249.388,247.766,247.906,249.195,250.942,252.594,253.864,254.732,255.356,255.931,256.582,257.338,258.182,259.096,260.081,261.135,262.258,263.444,264.686,265.972,267.29,268.621,269.946,271.241,272.484,273.652,274.732,275.72,276.631,277.514,278.462,279.641,281.315
53640.0,349.687,347.944,345.884,343.349,340.284,336.65,332.405,327.503,321.901,315.565,308.486,300.7,292.311,283.528,274.695,266.3,258.934,253.181,249.447,247.801,247.923,249.199,250.94,252.59,253.861,254.73,255.355,255.931,256.582,257.338,258.182,259.096,260.081,261.135,262.258,263.444,264.686,265.972,267.29,268.621,269.946,271.241,272.484,273.652,274.732,275.72,276.631,277.514,278.462,279.641,281.315
53700.0,349.176,347.499,345.502,343.024,340.013,336.43,332.234,327.378,321.819,315.524,308.483,300.731,292.372,283.612,274.794,266.404,259.031,253.262,249.505,247.837,247.939,249.203,250.937,252.586,253.858,254.729,255.355,255.931,256.582,257.338,258.181,259.096,260.081,261.135,262.258,263.444,264.685,265.972,267.29,268.621,269.946,271.241,272.483,273.652,274.732,275.72,276.631,277.514,278.462,279.641,281.315
53760.0,348.66,347.05,345.116,342.696,339.739,336.208,332.06,327.25,321.735,315.481,308.479,300.762,292.432,283.696,274.893,266.507,259.128,253.342,249.564,247.873,247.956,249.207,250.935,252.582,253.854,254.727,255.355,255.931,256.582,257.338,258.181,259.096,260.081,261.135,262.258,263.444,264.685,265.972,267.29,268.621,269.946,271.241,272.483,273.652,274.732,275.72,276.631,277.514,278.462,279.641,281.315
53820.0,348.14,346.598,344.726,342.365,339.463,335.983,331.884,327.12,321.649,315.437,308.473,300.791,292.491,283.779,274.99,266.609,259.224,253.423,249.623,247.909,247.973,249.211,250.932,252.578,253.851,254.726,255.354,255.931,256.582,257.338,258.181,259.096,260.081,261.135,262.258,263.444,264.685,265.972,267.29,268.621,269.946,271.241,272.483,273.652,274.732,275.72,276.631,277.514,278.462,279.641,281.315
53880.0,347.616,346.141,344.333,342.032,339.184,335.756,331.706,326.989,321.561,315.391,308.466,300.819,292.549,283.86,275.087,266.711,259.32,253.503,249.682,247.945,247.99,249.215,250.93,252.574,253.848,254.724,255.354,255.931,256.582,257.338,258.181,259.096,260.081,261.135,262.258,263.444,264.685,265.972,267.29,268.621,269.946,271.241,272.483,273.652,274.732,275.72,276.631,277.514,278.462,279.641,281.315
53940.0,347.087,345.681,343.937,341.695,338.903,335.527,331.526,326.855,321.472,315.343,308.457,300.845,292.606,283.941,275.184,266.812,259.416,253.584,249.741,247.981,248.007,249.219,250.927,252.57,253.845,254.723,255.353,255.931,256.582,257.338,258.181,259.096,260.08,261.135,262.258,263.444,264.685,265.972,267.29,268.621,269.946,271.241,272.483,273.652,274.732,275.72,276.631,277.514,278.462,279.641,281.315
54000.0,346.554,345.217,343.537,341.355,338.619,335.295,331.343,326.72,321.381,315.294,308.447,300.871,292.662,284.021,275.279,266.913,259.511,253.664,249.8,248.017,248.024,249.223,250.925,252.566,253.842,254.721,255.353,255.931,256.583,257.338,258.181,259.096,260.08,261.135,262.258,263.444,264.685,265.972,267.29,268.621,269.945,271.241,272.483,273.652,274.732,275.72,276.631,277.514,278.462,279.641,281.315
54060.0,346.016,344.749,343.134,341.012,338.332,335.061,331.159,326.582,321.288,315.243,308.436,300.894,292.717,284.1,275.374,267.014,259.606,253.744,249.859,248.054,248.041,249.227,250.923,252.562,253.839,254.719,255.352,255.931,256.583,257.338,258.181,259.096,260.08,261.135,262.258,263.444,264.685,265.972,267.29,268.621,269.945,271.241,272.483,273.652,274.732,275.72,276.631,277.514,278.462,279.641,281.315
54120.0,345.473,344.277,342.728,340.666,338.042,334.824,330.972,326.443,321.194,315.191,308.423,300.917,292.77,284.177,275.467,267.113,259.701,253.824,249.918,248.09,248.058,249.232,250.921,252.558,253.836,254.718,255.352,255.931,256.583,257.338,258.181,259.096,260.08,261.135,262.258,263.444,264.685,265.972,267.29,268.621,269.945,271.241,272.483,273.652,274.732,275.72,276.631,277.514,278.462,279.641,281.315
54180.0,344.927,343.801,342.318,340.317,337.75,334.585,330.783,326.301,321.097,315.137,308.408,300.938,292.822,284.254,275.561,267.213,259.796,253.904,249.977,248.127,248.076,249.236,250.919,252.554,253.833,254.716,255.351,255.931,256.583,257.338,258.181,259.096,260.08,261.135,262.258,263.444,264.685,265.972,267.289,268.621,269.945,271.241,272.483,273.652,274.732,275.72,276.631,277.514,278.462,279.641,281.315
54240.0,344.375,343.321,341.905,339.965,337.455,334.343,330.592,326.158,320.999,315.081,308.392,300.958,292.873,284.33,275.653,267.312,259.89,253.984,250.036,248.164,248.094,249.241,250.916,252.551,253.83,254.715,255.351,255.931,256.583,257.338,258.181,259.096,260.08,261.135,262.258,263.444,264.685,265.972,267.289,268.621,269.945,271.241,272.483,273.652,274.732,275.72,276.631,277.514,278.462,279.641,281.315
54300.0,343.819,342.837,341.488,339.61,337.158,334.1,330.399,326.013,320.899,315.024,308.375,300.977,292.924,284.405,275.745,267.41,259.984,254.064,250.095,248.201,248.111,249.245,250.914,252.547,253.827,254.713,255.35,255.931,256.583,257.338,258.181,259.096,260.08,261.135,262.258,263.444,264.685,265.972,267.289,268.621,269.945,271.241,272.483,273.652,274.732,275.72,276.631,277.514,278.462,279.641,281.315
54360.0,343.258,342.349,341.068,339.252,336.857,333.853,330.203,325.866,320.798,314.965,308.356,300.994,292.972,284.479,275.836,267.508,260.078,254.144,250.154,248.238,248.129,249.25,250.912,252.543,253.824,254.711,255.35,255.931,256.583,257.338,258.181,259.096,260.08,261.135,262.258,263.443,264.685,265.972,267.289,268.621,269.945,271.241,272.483,273.652,274.732,275.72,276.631,277.514,278.462,279.641,281.315
54420.0,342.693,341.857,340.644,338.891,336.554,333.605,330.006,325.716,320.694,314.905,308.336,301.011,293.02,284.552,275.926,267.605,260.171,254.224,250.214,248.275,248.147,249.255,250.911,252.539,253.82,254.71,255.349,255.931,256.583,257.338,258.181,259.096,260.08,261.135,262.257,263.443,264.685,265.972,267.289,268.621,269.945,271.241,272.483,273.652,274.732,275.72,276.631,277.514,278.462,279.641,281.315
54480.0,342.123,341.361,340.217,338.527,336.249,333.354,329.806,325.565,320.589,314.843,308.314,301.025,293.067,284.624,276.015,267.701,260.264,254.303,250.273,248.312,248.165,249.26,250.909,252.535,253.817,254.708,255.349,255.931,256.583,257.338,258.181,259.096,260.08,261.135,262.257,263.443,264.685,265.972,267.289,268.621,269.945,271.241,272.483,273.652,274.732,275.72,276.631,277.514,278.462,279.641,281.315
54540.0,341.548,340.862,339.786,338.16,335.94,333.1,329.604,325.412,320.482,314.779,308.29,301.039,293.112,284.696,276.104,267.798,260.357,254.382,250.332,248.349,248.183,249.265,250.907,252.531,253.814,254.707,255.349,255.931,256.583,257.338,258.181,259.096,260.08,261.135,262.257,263.443,264.685,265.972,267.289,268.621,269.945,271.241,272.483,273.652,274.732,275.72,276.631,277.514,278.462,279.641,281.315
54600.0,340.969,340.358,339.352,337.789,335.629,332.844,329.4,325.257,320.373,314.714,308.266,301.051,293.156,284.766,276.192,267.893,260.449,254.462,250.391,248.387,248.202,249.27,250.905,252.528,253.811,254.705,255.348,255.931,256.583,257.338,258.181,259.096,260.08,261.135,262.257,263.443,264.685,265.972,267.289,268.621,269.945,271.241,272.483,273.652,274.732,275.72,276.631,277.514,278.462,279.641,281.315
54660.0,340.385,339.849,338.914,337.416,335.315,332.586,329.194,325.1,320.262,314.647,308.24,301.062,293.2,284.835,276.279,267.988,260.541,254.541,250.451,248.424,248.22,249.275,250.903,252.524,253.808,254.704,255.348,255.931,256.583,257.338,258.181,259.096,260.08,261.135,262.257,263.443,264.685,265.972,267.289,268.621,269.945,271.241,272.483,273.652,274.732,275.72,276.631,277.514,278.462,279.641,281.315
54720.0,339.796,339.337,338.472,337.039,334.998,332.325,328.986,324.941,320.15,314.579,308.212,301.071,293.242,284.903,276.365,268.083,260.633,254.62,250.51,248.462,248.239,249.28,250.902,252.52,253.805,254.702,255.347,255.931,256.583,257.338,258.181,259.095,260.08,261.135,262.257,263.443,264.685,265.972,267.289,268.621,269.945,271.24,272.483,273.652,274.732,275.72,276.631,277.514,278.462,279.641,281.315
54780.0,339.202,338.821,338.027,336.66,334.679,332.062,328.775,324.78,320.036,314.509,308.183,301.08,293.282,284.97,276.45,268.177,260.725,254.699,250.57,248.5,248.257,249.286,250.9,252.516,253.802,254.7,255.347,255.931,256.583,257.338,258.181,259.095,260.08,261.135,262.257,263.443,264.685,265.972,267.289,268.621,269.945,271.24,272.483,273.652,274.732,275.72,276.631,277.514,278.462,279.641,281.315
54840.0,338.603,338.3,337.579,336.277,334.357,331.796,328.562,324.617,319.92,314.437,308.152,301.086,293.322,285.037,276.535,268.27,260.816,254.778,250.629,248.538,248.276,249.291,250.898,252.513,253.799,254.699,255.346,255.931,256.583,257.338,258.181,259.095,260.08,261.134,262.257,263.443,264.685,265.971,267.289,268.621,269.945,271.24,272.483,273.652,274.732,275.719,276.631,277.514,278.462,279.641,281.315
54900.0,337.999,337.776,337.127,335.891,334.032,331.528,328.347,324.452,319.802,314.364,308.12,301.092,293.361,285.102,276.619,268.363,260.907,254.857,250.689,248.575,248.295,249.297,250.897,252.509,253.796,254.697,255.346,255.931,256.583,257.338,258.181,259.095,260.08,261.134,262.257,263.443,264.685,265.971,267.289,268.62,269.945,271.24,272.483,273.652,274.732,275.719,276.631,277.514,278.462,279.641,281.315
54960.0,337.391,337.247,336.671,335.502,333.704,331.257,328.13,324.285,319.683,314.289,308.087,301.096,293.398,285.166,276.703,268.455,260.997,254.935,250.748,248.614,248.314,249.302,250.895,252.505,253.793,254.695,255.345,255.931,256.583,257.338,258.181,259.095,260.08,261.134,262.257,263.443,264.685,265.971,267.289,268.62,269.945,271.24,272.483,273.652,274.732,275.719,276.631,277.514,278.462,279.641,281.316
55020.0,336.777,336.714,336.211,335.11,333.374,330.984,327.911,324.116,319.561,314.212,308.052,301.099,293.434,285.23,276.785,268.547,261.087,255.014,250.808,248.652,248.333,249.308,250.894,252.502,253.79,254.694,255.345,255.931,256.583,257.338,258.181,259.095,260.08,261.134,262.257,263.443,264.685,265.971,267.289,268.62,269.945,271.24,272.483,273.652,274.732,275.719,276.631,277.514,278.462,279.641,281.316
55080.0,336.159,336.176,335.748,334.714,333.041,330.709,327.689,323.946,319.438,314.134,308.015,301.101,293.47,285.292,276.867,268.638,261.177,255.092,250.867,248.69,248.353,249.314,250.892,252.498,253.787,254.692,255.344,255.931,256.583,257.338,258.181,259.095,260.08,261.134,262.257,263.443,264.685,265.971,267.289,268.62,269.945,271.24,272.483,273.652,274.732,275.719,276.631,277.514,278.462,279.641,281.316
55140.0,335.536,335.635,335.282,334.316,332.705,330.431,327.466,323.773,319.314,314.054,307.978,301.101,293.504,285.353,276.948,268.729,261.267,255.17,250.927,248.728,248.372,249.32,250.891,252.495,253.784,254.691,255.344,255.931,256.583,257.338,258.18,259.095,260.08,261.134,262.257,263.443,264.685,265.971,267.289,268.62,269.945,271.24,272.483,273.652,274.732,275.719,276.631,277.514,278.462,279.641,281.316
55200.0,334.907,335.089,334.811,333.914,332.366,330.15,327.24,323.598,319.187,313.973,307.938,301.101,293.536,285.414,277.028,268.819,261.356,255.248,250.986,248.767,248.391,249.326,250.89,252.491,253.781,254.689,255.343,255.931,256.584,257.338,258.18,259.095,260.08,261.134,262.257,263.443,264.685,265.971,267.289,268.62,269.945,271.24,272.483,273.652,274.732,275.719,276.631,277.514,278.462,279.641,281.316
55260.0,334.273,334.539,334.337,333.509,332.024,329.867,327.011,323.421,319.059,313.89,307.897,301.098,293.568,285.473,277.107,268.908,261.445,255.326,251.046,248.805,248.411,249.332,250.889,252.488,253.778,254.687,255.343,255.931,256.584,257.338,258.18,259.095,260.08,261.134,262.257,263.443,264.685,265.971,267.289,268.62,269.945,271.24,272.483,273.652,274.732,275.719,276.631,277.514,278.462,279.641,281.316
55320.0,333.635,333.984,333.859,333.101,331.68,329.582,326.781,323.243,318.928,313.805,307.855,301.095,293.599,285.532,277.186,268.997,261.533,255.404,251.106,248.844,248.431,249.338,250.887,252.484,253.775,254.686,255.342,255.931,256.584,257.338,258.18,259.095,260.08,261.134,262.257,263.443,264.685,265.971,267.289,268.62,269.945,271.24,272.483,273.652,274.732,275.719,276.631,277.514,278.462,279.641,281.316
55380.0,332.991,333.425,333.378,332.689,331.333,329.294,326.549,323.062,318.796,313.719,307.811,301.09,293.628,285.589,277.263,269.086,261.621,255.481,251.165,248.882,248.45,249.344,250.886,252.481,253.772,254.684,255.341,255.931,256.584,257.338,258.18,259.095,260.079,261.134,262.257,263.443,264.685,265.971,267.289,268.62,269.945,271.24,272.483,273.652,274.732,275.719,276.631,277.514,278.462,279.641,281.316
55440.0,332.342,332.862,332.893,332.275,330.983,329.004,326.314,322.879,318.663,313.631,307.766,301.084,293.656,285.646,277.34,269.173,261.709,255.559,251.225,248.921,248.47,249.35,250.885,252.477,253.769,254.683,255.341,255.931,256.584,257.338,258.18,259.095,260.079,261.134,262.257,263.443,264.685,265.971,267.289,268.62,269.945,271.24,272.483,273.652,274.732,275.719,276.631,277.514,278.462,279.641,281.316
55500.0,331.688,332.294,332.404,331.857,330.63,328.711,326.077,322.694,318.527,313.541,307.72,301.076,293.683,285.701,277.417,269.261,261.796,255.636,251.284,248.96,248.49,249.357,250.884,252.474,253.766,254.681,255.34,255.931,256.584,257.338,258.18,259.095,260.079,261.134,262.257,263.443,264.684,265.971,267.289,268.62,269.945,271.24,272.483,273.652,274.732,275.719,276.631,277.514,278.462,279.641,281.316
55560.0,331.028,331.722,331.911,331.436,330.274,328.416,325.838,322.508,318.39,313.45,307.672,301.068,293.709,285.756,277.492,269.347,261.884,255.713,251.344,248.999,248.51,249.363,250.883,252.47,253.763,254.679,255.34,255.931,256.584,257.338,258.18,259.095,260.079,261.134,262.257,263.443,264.684,265.971,267.289,268.62,269.945,271.24,272.483,273.652,274.732,275.719,276.631,277.514,278.462,279.641,281.316
55620.0,330.363,331.146,331.415,331.011,329.916,328.118,325.596,322.319,318.251,313.358,307.622,301.057,293.734,285.81,277.567,269.433,261.97,255.79,251.404,249.038,248.531,249.37,250.882,252.467,253.76,254.678,255.339,255.931,256.584,257.338,258.18,259.095,260.079,261.134,262.257,263.443,264.684,265.971,267.289,268.62,269.945,271.24,272.483,273.652,274.732,275.719,276.631,277.514,278.462,279.641,281.316
55680.0,329.693,330.565,330.914,330.584,329.554,327.818,325.353,322.129,318.11,313.263,307.571,301.046,293.757,285.862,277.64,269.519,262.057,255.867,251.463,249.077,248.551,249.377,250.882,252.464,253.757,254.676,255.339,255.931,256.584,257.338,258.18,259.095,260.079,261.134,262.257,263.443,264.684,265.971,267.289,268.62,269.945,271.24,272.483,273.652,274.732,275.719,276.631,277.514,278.462,279.641,281.316
55740.0,329.018,329.979,330.41,330.153,329.19,327.515,325.107,321.936,317.967,313.167,307.519,301.033,293.78,285.914,277.714,269.604,262.143,255.944,251.523,249.116,248.572,249.383,250.881,252.46,253.754,254.674,255.338,255.931,256.584,257.338,258.18,259.095,260.079,261.134,262.257,263.443,264.684,265.971,267.289,268.62,269.945,271.24,272.483,273.652,274.732,275.719,276.631,277.514,278.462,279.641,281.316
55800.0,328.337,329.389,329.902,329.719,328.823,327.209,324.859,321.741,317.822,313.07,307.465,301.019,293.801,285.964,277.786,269.688,262.228,256.02,251.582,249.156,248.592,249.39,250.88,252.457,253.751,254.673,255.338,255.931,256.584,257.338,258.18,259.095,260.079,261.134,262.257,263.443,264.684,265.971,267.289,268.62,269.945,271.24,272.483,273.652,274.732,275.719,276.631,277.514,278.462,279.641,281.316
55860.0,327.651,328.795,329.39,329.281,328.453,326.902,324.608,321.545,317.676,312.971,307.409,301.004,293.821,286.014,277.857,269.772,262.314,256.097,251.642,249.195,248.613,249.397,250.879,252.454,253.748,254.671,255.337,255.931,256.584,257.338,258.18,259.095,260.079,261.134,262.257,263.443,264.684,265.971,267.289,268.62,269.945,271.24,272.483,273.652,274.732,275.719,276.631,277.514,278.462,279.641,281.316
55920.0,326.959,328.196,328.875,328.841,328.08,326.591,324.356,321.346,317.528,312.87,307.353,300.987,293.84,286.063,277.928,269.855,262.398,256.173,251.702,249.235,248.633,249.404,250.879,252.45,253.745,254.669,255.337,255.931,256.584,257.338,258.18,259.095,260.079,261.134,262.257,263.443,264.684,265.971,267.289,268.62,269.945,271.24,272.483,273.652,274.732,275.719,276.631,277.514,278.462,279.641,281.316
55980.0,326.262,327.592,328.355,328.397,327.705,326.278,324.101,321.146,317.378,312.767,307.294,300.97,293.858,286.11,277.998,269.937,262.483,256.249,251.761,249.274,248.654,249.411,250.878,252.447,253.742,254.668,255.336,255.931,256.584,257.338,258.18,259.095,260.079,261.134,262.257,263.443,264.684,265.971,267.289,268.62,269.945,271.24,272.483,273.652,274.732,275.719,276.631,277.514,278.462,279.641,281.316
56040.0,325.559,326.984,327.832,327.949,327.326,325.963,323.844,320.943,317.227,312.663,307.235,300.95,293.875,286.157,278.067,270.019,262.567,256.325,251.821,249.314,248.675,249.418,250.877,252.444,253.739,254.666,255.336,255.931,256.584,257.338,258.18,259.095,260.079,261.134,262.256,263.442,264.684,265.971,267.289,268.62,269.945,271.24,272.483,273.652,274.732,275.719,276.631,277.514,278.462,279.641,281.316
56100.0,324.85,326.371,327.304,327.498,326.945,325.645,323.585,320.739,317.073,312.558,307.173,300.93,293.89,286.203,278.135,270.101,262.651,256.401,251.88,249.353,248.696,249.426,250.877,252.441,253.736,254.665,255.335,255.93,256.584,257.338,258.18,259.094,260.079,261.134,262.256,263.442,264.684,265.971,267.289,268.62,269.945,271.24,272.483,273.652,274.732,275.719,276.631,277.514,278.462,279.641,281.316
56160.0,324.136,325.753,326.773,327.044,326.561,325.325,323.324,320.532,316.918,312.451,307.111,300.908,293.905,286.248,278.203,270.182,262.734,256.476,251.94,249.393,248.718,249.433,250.877,252.437,253.733,254.663,255.334,255.93,256.584,257.338,258.18,259.094,260.079,261.134,262.256,263.442,264.684,265.971,267.289,268.62,269.945,271.24,272.483,273.652,274.732,275.719,276.631,277.514,278.462,279.641,281.316
56220.0,323.417,325.131,326.238,326.587,326.173,325.002,323.06,320.324,316.761,312.342,307.047,300.885,293.918,286.291,278.269,270.262,262.817,256.551,251.999,249.433,248.739,249.44,250.876,252.434,253.73,254.661,255.334,255.93,256.584,257.338,258.18,259.094,260.079,261.134,262.256,263.442,264.684,265.971,267.288,268.62,269.945,271.24,272.483,273.652,274.732,275.719,276.631,277.514,278.462,279.641,281.316
56280.0,322.691,324.504,325.699,326.126,325.783,324.676,322.794,320.113,316.602,312.231,306.981,300.86,293.93,286.334,278.335,270.341,262.9,256.627,252.059,249.473,248.76,249.448,250.876,252.431,253.727,254.66,255.333,255.93,256.584,257.338,258.18,259.094,260.079,261.134,262.256,263.442,264.684,265.971,267.288,268.62,269.945,271.24,272.483,273.652,274.732,275.719,276.631,277.514,278.462,279.641,281.316
56340.0,321.96,323.872,325.155,325.662,325.39,324.348,322.526,319.901,316.442,312.119,306.914,300.835,293.941,286.376,278.4,270.42,262.982,256.702,252.118,249.513,248.782,249.456,250.876,252.428,253.725,254.658,255.333,255.93,256.584,257.338,258.18,259.094,260.079,261.134,262.256,263.442,264.684,265.971,267.288,268.62,269.945,271.24,272.483,273.652,274.732,275.719,276.631,277.514,278.462,279.641,281.316
56400.0,321.223,323.235,324.608,325.194,324.994,324.018,322.256,319.686,316.28,312.006,306.846,300.808,293.951,286.417,278.464,270.499,263.064,256.776,252.178,249.553,248.803,249.463,250.875,252.425,253.722,254.656,255.332,255.93,256.584,257.338,258.18,259.094,260.079,261.133,262.256,263.442,264.684,265.971,267.288,268.62,269.945,271.24,272.483,273.652,274.732,275.719,276.631,277.514,278.462,279.641,281.316
56460.0,320.48,322.594,324.057,324.723,324.595,323.685,321.983,319.47,316.115,311.89,306.776,300.779,293.959,286.456,278.528,270.576,263.146,256.851,252.237,249.593,248.825,249.471,250.875,252.422,253.719,254.655,255.332,255.93,256.584,257.338,258.18,259.094,260.079,261.133,262.256,263.442,264.684,265.971,267.288,268.62,269.945,271.24,272.483,273.652,274.732,275.719,276.631,277.514,278.462,279.641,281.316
56520.0,319.732,321.947,323.502,324.249,324.194,323.349,321.708,319.251,315.95,311.774,306.704,300.75,293.967,286.495,278.59,270.654,263.227,256.925,252.296,249.633,248.847,249.479,250.875,252.419,253.716,254.653,255.331,255.93,256.584,257.338,258.18,259.094,260.079,261.133,262.256,263.442,264.684,265.971,267.288,268.62,269.944,271.24,272.483,273.652,274.732,275.719,276.631,277.514,278.462,279.641,281.316
56580.0,318.977,321.296,322.942,323.771,323.789,323.011,321.431,319.031,315.782,311.655,306.632,300.719,293.973,286.533,278.652,270.73,263.307,257.0,252.356,249.673,248.868,249.487,250.875,252.416,253.713,254.651,255.331,255.93,256.585,257.338,258.18,259.094,260.079,261.133,262.256,263.442,264.684,265.971,267.288,268.62,269.944,271.24,272.483,273.652,274.732,275.719,276.631,277.514,278.462,279.641,281.316
56640.0,318.216,320.64,322.379,323.289,323.381,322.67,321.152,318.809,315.612,311.535,306.557,300.686,293.978,286.57,278.713,270.806,263.388,257.074,252.415,249.714,248.89,249.495,250.875,252.413,253.71,254.65,255.33,255.93,256.585,257.338,258.179,259.094,260.079,261.133,262.256,263.442,264.684,265.971,267.288,268.62,269.944,271.24,272.483,273.652,274.732,275.719,276.631,277.514,278.462,279.641,281.316
56700.0,317.45,319.979,321.812,322.805,322.971,322.327,320.87,318.584,315.441,311.413,306.482,300.653,293.982,286.606,278.773,270.881,263.467,257.147,252.474,249.754,248.912,249.503,250.875,252.41,253.707,254.648,255.329,255.93,256.585,257.338,258.179,259.094,260.079,261.133,262.256,263.442,264.684,265.971,267.288,268.62,269.944,271.24,272.483,273.652,274.732,275.719,276.631,277.514,278.462,279.641,281.316
56760.0,316.677,319.313,321.24,322.316,322.557,321.981,320.587,318.358,315.268,311.29,306.405,300.618,293.985,286.64,278.833,270.956,263.547,257.221,252.533,249.795,248.935,249.511,250.875,252.407,253.704,254.646,255.329,255.93,256.585,257.338,258.179,259.094,260.079,261.133,262.256,263.442,264.684,265.97,267.288,268.62,269.944,271.24,272.483,273.652,274.732,275.719,276.631,277.514,278.462,279.641,281.316
56820.0,315.898,318.642,320.664,321.825,322.14,321.632,320.3,318.129,315.093,311.165,306.326,300.582,293.987,286.674,278.891,271.03,263.626,257.294,252.593,249.835,248.957,249.52,250.875,252.404,253.701,254.645,255.328,255.93,256.585,257.338,258.179,259.094,260.078,261.133,262.256,263.442,264.684,265.97,267.288,268.62,269.944,271.24,272.483,273.652,274.732,275.719,276.631,277.514,278.462,279.641,281.316
56880.0,315.113,317.966,320.084,321.329,321.721,321.281,320.012,317.899,314.917,311.039,306.246,300.545,293.988,286.707,278.949,271.104,263.705,257.368,252.652,249.876,248.979,249.528,250.876,252.401,253.699,254.643,255.328,255.93,256.585,257.338,258.179,259.094,260.078,261.133,262.256,263.442,264.684,265.97,267.288,268.62,269.944,271.24,272.483,273.652,274.732,275.719,276.631,277.514,278.462,279.641,281.316
56940.0,314.322,317.285,319.5,320.831,321.298,320.928,319.722,317.667,314.738,310.911,306.165,300.506,293.987,286.739,279.006,271.177,263.783,257.441,252.711,249.916,249.002,249.536,250.876,252.398,253.696,254.641,255.327,255.93,256.585,257.338,258.179,259.094,260.078,261.133,262.256,263.442,264.684,265.97,267.288,268.62,269.944,271.24,272.483,273.652,274.732,275.719,276.631,277.514,278.462,279.641,281.316
57000.0,313.525,316.599,318.912,320.328,320.873,320.571,319.429,317.432,314.558,310.781,306.082,300.466,293.985,286.77,279.062,271.249,263.861,257.513,252.77,249.957,249.024,249.545,250.876,252.395,253.693,254.64,255.326,255.93,256.585,257.338,258.179,259.094,260.078,261.133,262.256,263.442,264.684,265.97,267.288,268.62,269.944,271.24,272.483,273.652,274.732,275.719,276.631,277.514,278.462,279.641,281.316
57060.0,312.721,315.908,318.32,319.823,320.444,320.213,319.134,317.196,314.376,310.65,305.997,300.424,293.982,286.8,279.118,271.321,263.938,257.586,252.829,249.998,249.047,249.554,250.876,252.392,253.69,254.638,255.326,255.93,256.585,257.338,258.179,259.094,260.078,261.133,262.256,263.442,264.684,265.97,267.288,268.62,269.944,271.24,272.483,273.652,274.732,275.719,276.631,277.514,278.462,279.641,281.316
57120.0,311.911,315.212,317.723,319.313,320.013,319.851,318.836,316.957,314.193,310.517,305.911,300.382,293.978,286.829,279.172,271.392,264.015,257.658,252.888,250.038,249.07,249.562,250.877,252.39,253.687,254.636,255.325,255.93,256.585,257.338,258.179,259.094,260.078,261.133,262.256,263.442,264.684,265.97,267.288,268.62,269.944,271.24,272.482,273.652,274.732,275.719,276.631,277.514,278.462,279.641,281.316
57180.0,311.094,314.51,317.122,318.801,319.578,319.487,318.537,316.717,314.007,310.382,305.824,300.338,293.973,286.856,279.226,271.462,264.092,257.731,252.947,250.079,249.092,249.571,250.877,252.387,253.684,254.635,255.325,255.93,256.585,257.338,258.179,259.094,260.078,261.133,262.256,263.442,264.684,265.97,267.288,268.619,269.944,271.24,272.482,273.652,274.732,275.719,276.631,277.514,278.462,279.641,281.316
57240.0,310.271,313.803,316.517,318.284,319.14,319.121,318.235,316.475,313.82,310.246,305.736,300.293,293.967,286.883,279.279,271.532,264.168,257.803,253.006,250.12,249.115,249.58,250.878,252.384,253.682,254.633,255.324,255.929,256.585,257.338,258.179,259.094,260.078,261.133,262.256,263.442,264.683,265.97,267.288,268.619,269.944,271.24,272.482,273.652,274.732,275.719,276.631,277.514,278.462,279.641,281.316
57300.0,309.442,313.091,315.907,317.764,318.7,318.751,317.931,316.23,313.631,310.108,305.646,300.246,293.96,286.909,279.331,271.601,264.244,257.874,253.064,250.161,249.138,249.589,250.878,252.381,253.679,254.631,255.324,255.929,256.585,257.338,258.179,259.094,260.078,261.133,262.256,263.442,264.683,265.97,267.288,268.619,269.944,271.24,272.482,273.651,274.732,275.719,276.631,277.514,278.462,279.641,281.316
57360.0,308.605,312.374,315.293,317.24,318.256,318.38,317.624,315.984,313.44,309.969,305.554,300.198,293.951,286.934,279.382,271.67,264.319,257.946,253.123,250.202,249.161,249.598,250.879,252.379,253.676,254.63,255.323,255.929,256.585,257.338,258.179,259.094,260.078,261.133,262.256,263.442,264.683,265.97,267.288,268.619,269.944,271.24,272.482,273.651,274.732,275.719,276.631,277.514,278.462,279.641,281.316
57420.0,307.763,311.651,314.675,316.713,317.809,318.005,317.315,315.736,313.247,309.828,305.461,300.149,293.941,286.958,279.432,271.737,264.394,258.017,253.182,250.243,249.184,249.607,250.88,252.376,253.673,254.628,255.322,255.929,256.585,257.338,258.179,259.094,260.078,261.133,262.256,263.442,264.683,265.97,267.288,268.619,269.944,271.24,272.482,273.651,274.732,275.719,276.631,277.514,278.462,279.641,281.316
57480.0,306.913,310.923,314.052,316.182,317.36,317.628,317.005,315.485,313.053,309.686,305.367,300.099,293.93,286.981,279.482,271.805,264.469,258.088,253.24,250.284,249.208,249.616,250.881,252.373,253.67,254.626,255.322,255.929,256.585,257.338,258.179,259.093,260.078,261.133,262.256,263.442,264.683,265.97,267.288,268.619,269.944,271.24,272.482,273.651,274.732,275.719,276.631,277.514,278.462,279.641,281.316
57540.0,306.057,310.189,313.425,315.648,316.907,317.248,316.691,315.233,312.857,309.542,305.271,300.047,293.918,287.003,279.531,271.871,264.543,258.159,253.299,250.325,249.231,249.626,250.881,252.371,253.668,254.625,255.321,255.929,256.585,257.338,258.179,259.093,260.078,261.133,262.256,263.442,264.683,265.97,267.288,268.619,269.944,271.24,272.482,273.651,274.732,275.719,276.631,277.514,278.462,279.641,281.316
57600.0,305.194,309.451,312.794,315.11,316.451,316.866,316.376,314.978,312.659,309.396,305.173,299.994,293.905,287.024,279.579,271.937,264.617,258.23,253.357,250.366,249.254,249.635,250.882,252.368,253.665,254.623,255.32,255.929,256.585,257.338,258.179,259.093,260.078,261.133,262.255,263.442,264.683,265.97,267.288,268.619,269.944,271.239,272.482,273.651,274.732,275.719,276.631,277.514,278.462,279.641,281.316
57660.0,304.324,308.706,312.158,314.568,315.992,316.481,316.058,314.722,312.459,309.249,305.075,299.94,293.891,287.044,279.626,272.003,264.69,258.3,253.416,250.407,249.278,249.644,250.883,252.366,253.662,254.621,255.32,255.929,256.585,257.338,258.179,259.093,260.078,261.133,262.255,263.442,264.683,265.97,267.288,268.619,269.944,271.239,272.482,273.651,274.732,275.719,276.631,277.514,278.462,279.641,281.316
57720.0,303.447,307.956,311.518,314.022,315.53,316.094,315.738,314.464,312.258,309.1,304.975,299.885,293.875,287.063,279.672,272.068,264.763,258.37,253.474,250.449,249.302,249.654,250.884,252.363,253.659,254.62,255.319,255.929,256.585,257.338,258.179,259.093,260.078,261.133,262.255,263.441,264.683,265.97,267.288,268.619,269.944,271.239,272.482,273.651,274.731,275.719,276.631,277.514,278.462,279.641,281.316
57780.0,302.563,307.201,310.873,313.473,315.065,315.704,315.416,314.203,312.055,308.95,304.873,299.828,293.859,287.081,279.717,272.132,264.835,258.44,253.532,250.49,249.325,249.664,250.885,252.361,253.656,254.618,255.319,255.929,256.585,257.338,258.179,259.093,260.078,261.133,262.255,263.441,264.683,265.97,267.288,268.619,269.944,271.239,272.482,273.651,274.731,275.719,276.631,277.514,278.462,279.641,281.316
57840.0,301.672,306.44,310.223,312.92,314.596,315.311,315.091,313.941,311.85,308.798,304.77,299.77,293.841,287.098,279.762,272.195,264.907,258.51,253.591,250.531,249.349,249.673,250.886,252.358,253.654,254.616,255.318,255.929,256.585,257.338,258.179,259.093,260.078,261.133,262.255,263.441,264.683,265.97,267.288,268.619,269.944,271.239,272.482,273.651,274.731,275.719,276.631,277.514,278.462,279.641,281.316
57900.0,300.774,305.673,309.57,312.364,314.125,314.915,314.764,313.677,311.643,308.644,304.666,299.711,293.822,287.114,279.806,272.258,264.979,258.579,253.649,250.572,249.373,249.683,250.887,252.356,253.651,254.615,255.317,255.929,256.585,257.338,258.179,259.093,260.078,261.132,262.255,263.441,264.683,265.97,267.288,268.619,269.944,271.239,272.482,273.651,274.731,275.719,276.631,277.514,278.462,279.641,281.316
57960.0,299.869,304.901,308.911,311.803,313.65,314.517,314.435,313.41,311.434,308.489,304.56,299.65,293.802,287.129,279.849,272.32,265.05,258.648,253.707,250.614,249.397,249.693,250.888,252.353,253.648,254.613,255.317,255.929,256.585,257.338,258.179,259.093,260.078,261.132,262.255,263.441,264.683,265.97,267.288,268.619,269.944,271.239,272.482,273.651,274.731,275.719,276.631,277.514,278.462,279.641,281.316
58020.0,298.956,304.123,308.248,311.239,313.173,314.116,314.103,313.142,311.224,308.332,304.453,299.588,293.781,287.143,279.891,272.382,265.12,258.717,253.765,250.655,249.421,249.703,250.89,252.351,253.646,254.611,255.316,255.928,256.585,257.338,258.179,259.093,260.078,261.132,262.255,263.441,264.683,265.97,267.288,268.619,269.944,271.239,272.482,273.651,274.731,275.719,276.631,277.514,278.462,279.641,281.316
58080.0,298.036,303.339,307.58,310.671,312.692,313.713,313.769,312.872,311.012,308.174,304.344,299.525,293.759,287.156,279.932,272.443,265.19,258.786,253.823,250.697,249.445,249.713,250.891,252.348,253.643,254.61,255.316,255.928,256.585,257.338,258.179,259.093,260.078,261.132,262.255,263.441,264.683,265.97,267.288,268.619,269.944,271.239,272.482,273.651,274.731,275.719,276.631,277.514,278.463,279.641,281.316
58140.0,297.109,302.549,306.908,310.099,312.208,313.307,313.433,312.599,310.798,308.014,304.234,299.46,293.735,287.168,279.973,272.503,265.26,258.854,253.881,250.738,249.469,249.723,250.892,252.346,253.64,254.608,255.315,255.928,256.585,257.338,258.178,259.093,260.078,261.132,262.255,263.441,264.683,265.97,267.288,268.619,269.944,271.239,272.482,273.651,274.731,275.719,276.631,277.514,278.463,279.641,281.316
58200.0,296.174,301.753,306.231,309.524,311.721,312.898,313.095,312.325,310.582,307.853,304.122,299.395,293.711,287.179,280.012,272.562,265.329,258.923,253.938,250.78,249.493,249.733,250.894,252.344,253.637,254.606,255.314,255.928,256.586,257.338,258.178,259.093,260.078,261.132,262.255,263.441,264.683,265.97,267.288,268.619,269.944,271.239,272.482,273.651,274.731,275.719,276.631,277.514,278.463,279.641,281.316
58260.0,295.232,300.952,305.549,308.944,311.231,312.487,312.754,312.048,310.365,307.689,304.009,299.328,293.685,287.189,280.051,272.621,265.398,258.99,253.996,250.821,249.518,249.743,250.895,252.341,253.635,254.604,255.314,255.928,256.586,257.338,258.178,259.093,260.077,261.132,262.255,263.441,264.683,265.97,267.288,268.619,269.944,271.239,272.482,273.651,274.731,275.719,276.631,277.514,278.463,279.641,281.316
58320.0,294.282,300.145,304.863,308.361,310.737,312.072,312.411,311.77,310.146,307.525,303.895,299.259,293.658,287.198,280.089,272.68,265.467,259.058,254.054,250.863,249.542,249.754,250.897,252.339,253.632,254.603,255.313,255.928,256.586,257.338,258.178,259.093,260.077,261.132,262.255,263.441,264.683,265.97,267.287,268.619,269.944,271.239,272.482,273.651,274.731,275.719,276.631,277.514,278.463,279.641,281.316
58380.0,293.324,299.331,304.172,307.774,310.24,311.656,312.066,311.49,309.925,307.359,303.779,299.19,293.63,287.206,280.127,272.737,265.535,259.126,254.111,250.904,249.566,249.764,250.898,252.337,253.629,254.601,255.312,255.928,256.586,257.338,258.178,259.093,260.077,261.132,262.255,263.441,264.683,265.97,267.287,268.619,269.944,271.239,272.482,273.651,274.731,275.719,276.631,277.514,278.463,279.641,281.316
58440.0,292.359,298.512,303.476,307.183,309.741,311.236,311.718,311.207,309.702,307.191,303.662,299.119,293.601,287.213,280.163,272.794,265.602,259.193,254.168,250.946,249.591,249.775,250.9,252.335,253.627,254.599,255.312,255.928,256.586,257.338,258.178,259.093,260.077,261.132,262.255,263.441,264.683,265.97,267.287,268.619,269.944,271.239,272.482,273.651,274.731,275.719,276.631,277.514,278.463,279.641,281.316
58500.0,291.385,297.686,302.775,306.588,309.237,310.814,311.369,310.923,309.477,307.021,303.544,299.047,293.571,287.219,280.198,272.851,265.669,259.26,254.226,250.987,249.616,249.785,250.902,252.333,253.624,254.598,255.311,255.928,256.586,257.338,258.178,259.093,260.077,261.132,262.255,263.441,264.683,265.97,267.287,268.619,269.944,271.239,272.482,273.651,274.731,275.719,276.631,277.514,278.463,279.641,281.316
58560.0,290.404,296.855,302.069,305.99,308.731,310.389,311.016,310.637,309.251,306.85,303.424,298.974,293.539,287.224,280.233,272.906,265.736,259.326,254.283,251.029,249.64,249.796,250.903,252.33,253.621,254.596,255.31,255.928,256.586,257.338,258.178,259.093,260.077,261.132,262.255,263.441,264.683,265.97,267.287,268.619,269.944,271.239,272.482,273.651,274.731,275.719,276.631,277.514,278.463,279.641,281.316
58620.0,289.415,296.017,301.359,305.387,308.222,309.961,310.662,310.348,309.023,306.678,303.302,298.899,293.507,287.228,280.267,272.961,265.802,259.393,254.34,251.071,249.665,249.807,250.905,252.328,253.619,254.594,255.31,255.928,256.586,257.338,258.178,259.093,260.077,261.132,262.255,263.441,264.683,265.969,267.287,268.619,269.944,271.239,272.482,273.651,274.731,275.719,276.631,277.514,278.463,279.641,281.316
58680.0,288.417,295.173,300.643,304.78,307.709,309.531,310.305,310.058,308.793,306.504,303.179,298.823,293.473,287.232,280.3,273.016,265.867,259.459,254.397,251.112,249.69,249.817,250.907,252.326,253.616,254.593,255.309,255.927,256.586,257.338,258.178,259.093,260.077,261.132,262.255,263.441,264.683,265.969,267.287,268.619,269.944,271.239,272.482,273.651,274.731,275.719,276.631,277.514,278.463,279.641,281.316
58740.0,287.412,294.322,299.923,304.17,307.193,309.098,309.946,309.765,308.562,306.328,303.055,298.746,293.438,287.234,280.332,273.07,265.933,259.525,254.454,251.154,249.715,249.828,250.909,252.324,253.614,254.591,255.308,255.927,256.586,257.338,258.178,259.093,260.077,261.132,262.255,263.441,264.683,265.969,267.287,268.619,269.944,271.239,272.482,273.651,274.731,275.719,276.631,277.514,278.463,279.641,281.316
58800.0,286.398,293.466,299.198,303.555,306.673,308.662,309.584,309.471,308.329,306.151,302.929,298.668,293.403,287.235,280.364,273.123,265.997,259.59,254.511,251.196,249.74,249.839,250.911,252.322,253.611,254.589,255.308,255.927,256.586,257.338,258.178,259.092,260.077,261.132,262.255,263.441,264.683,265.969,267.287,268.619,269.944,271.239,272.482,273.651,274.731,275.719,276.631,277.514,278.463,279.641,281.316
58860.0,285.376,292.602,298.467,302.936,306.151,308.223,309.221,309.174,308.094,305.972,302.802,298.588,293.366,287.235,280.394,273.175,266.062,259.656,254.567,251.238,249.765,249.85,250.913,252.32,253.608,254.588,255.307,255.927,256.586,257.338,258.178,259.092,260.077,261.132,262.255,263.441,264.683,265.969,267.287,268.619,269.944,271.239,272.482,273.651,274.731,275.719,276.631,277.514,278.463,279.641,281.316
58920.0,284.345,291.733,297.732,302.314,305.625,307.782,308.855,308.876,307.857,305.792,302.674,298.507,293.327,287.234,280.424,273.227,266.125,259.721,254.624,251.279,249.79,249.861,250.915,252.318,253.606,254.586,255.306,255.927,256.586,257.338,258.178,259.092,260.077,261.132,262.255,263.441,264.683,265.969,267.287,268.619,269.944,271.239,272.482,273.651,274.731,275.719,276.631,277.514,278.463,279.641,281.316
58980.0,283.306,290.857,296.991,301.687,305.096,307.338,308.486,308.576,307.618,305.61,302.544,298.425,293.288,287.232,280.453,273.278,266.189,259.785,254.681,251.321,249.815,249.872,250.917,252.316,253.603,254.584,255.306,255.927,256.586,257.338,258.178,259.092,260.077,261.132,262.255,263.441,264.683,265.969,267.287,268.619,269.944,271.239,272.482,273.651,274.731,275.719,276.631,277.514,278.463,279.641,281.316
59040.0,282.258,289.974,296.246,301.056,304.563,306.891,308.115,308.273,307.378,305.427,302.413,298.341,293.248,287.23,280.481,273.329,266.252,259.85,254.737,251.363,249.84,249.884,250.919,252.314,253.601,254.583,255.305,255.927,256.586,257.338,258.178,259.092,260.077,261.132,262.255,263.441,264.682,265.969,267.287,268.619,269.943,271.239,272.482,273.651,274.731,275.719,276.631,277.514,278.463,279.641,281.316
59100.0,281.202,289.085,295.495,300.421,304.027,306.442,307.742,307.969,307.136,305.242,302.28,298.257,293.206,287.226,280.508,273.378,266.314,259.914,254.793,251.405,249.866,249.895,250.921,252.312,253.598,254.581,255.304,255.927,256.586,257.338,258.178,259.092,260.077,261.132,262.255,263.441,264.682,265.969,267.287,268.619,269.943,271.239,272.482,273.651,274.731,275.719,276.631,277.514,278.463,279.641,281.316
59160.0,280.136,288.189,294.739,299.782,303.488,305.989,307.367,307.662,306.892,305.055,302.146,298.171,293.164,287.221,280.534,273.427,266.376,259.978,254.849,251.446,249.891,249.906,250.923,252.31,253.595,254.579,255.304,255.927,256.586,257.338,258.178,259.092,260.077,261.132,262.255,263.441,264.682,265.969,267.287,268.619,269.943,271.239,272.482,273.651,274.731,275.719,276.631,277.514,278.463,279.641,281.316
59220.0,279.062,287.286,293.978,299.139,302.946,305.534,306.989,307.354,306.646,304.867,302.011,298.083,293.12,287.215,280.56,273.476,266.437,260.042,254.905,251.488,249.917,249.918,250.926,252.308,253.593,254.578,255.303,255.926,256.586,257.338,258.178,259.092,260.077,261.132,262.254,263.441,264.682,265.969,267.287,268.619,269.943,271.239,272.482,273.651,274.731,275.719,276.631,277.514,278.463,279.642,281.316
59280.0,277.979,286.376,293.212,298.492,302.4,305.077,306.609,307.043,306.399,304.677,301.874,297.995,293.075,287.209,280.585,273.524,266.498,260.105,254.961,251.53,249.942,249.929,250.928,252.307,253.59,254.576,255.302,255.926,256.586,257.338,258.178,259.092,260.077,261.132,262.254,263.441,264.682,265.969,267.287,268.619,269.943,271.239,272.482,273.651,274.731,275.719,276.631,277.514,278.463,279.642,281.316
59340.0,276.886,285.46,292.44,297.841,301.851,304.616,306.226,306.731,306.15,304.486,301.736,297.905,293.029,287.201,280.609,273.571,266.559,260.168,255.017,251.572,249.968,249.941,250.931,252.305,253.588,254.574,255.302,255.926,256.586,257.338,258.178,259.092,260.077,261.132,262.254,263.441,264.682,265.969,267.287,268.619,269.943,271.239,272.482,273.651,274.731,275.719,276.631,277.514,278.463,279.642,281.316
59400.0,275.784,284.536,291.663,297.185,301.298,304.152,305.842,306.416,305.899,304.293,301.596,297.814,292.982,287.192,280.632,273.617,266.619,260.231,255.073,251.613,249.993,249.953,250.933,252.303,253.585,254.573,255.301,255.926,256.586,257.338,258.178,259.092,260.077,261.131,262.254,263.44,264.682,265.969,267.287,268.619,269.943,271.239,272.482,273.651,274.731,275.719,276.631,277.514,278.463,279.642,281.316
59460.0,274.673,283.606,290.88,296.525,300.742,303.686,305.454,306.1,305.646,304.099,301.455,297.722,292.934,287.183,280.654,273.663,266.678,260.293,255.128,251.655,250.019,249.965,250.936,252.301,253.583,254.571,255.3,255.926,256.586,257.338,258.178,259.092,260.077,261.131,262.254,263.44,264.682,265.969,267.287,268.618,269.943,271.239,272.482,273.651,274.731,275.719,276.631,277.514,278.463,279.642,281.316
59520.0,273.553,282.668,290.092,295.861,300.182,303.217,305.065,305.781,305.392,303.903,301.313,297.629,292.885,287.172,280.675,273.708,266.737,260.356,255.184,251.697,250.045,249.976,250.938,252.3,253.58,254.569,255.3,255.926,256.586,257.338,258.178,259.092,260.077,261.131,262.254,263.44,264.682,265.969,267.287,268.618,269.943,271.239,272.482,273.651,274.731,275.719,276.631,277.514,278.463,279.642,281.316
59580.0,272.423,281.724,289.299,295.192,299.619,302.745,304.673,305.461,305.136,303.706,301.169,297.534,292.834,287.161,280.696,273.753,266.796,260.417,255.239,251.739,250.071,249.988,250.941,252.298,253.578,254.567,255.299,255.926,256.586,257.338,258.178,259.092,260.077,261.131,262.254,263.44,264.682,265.969,267.287,268.618,269.943,271.239,272.482,273.651,274.731,275.719,276.631,277.514,278.463,279.642,281.316
59640.0,271.283,280.772,288.5,294.52,299.053,302.271,304.279,305.138,304.878,303.507,301.024,297.438,292.783,287.148,280.716,273.797,266.854,260.479,255.294,251.781,250.097,250.0,250.943,252.296,253.575,254.566,255.298,255.926,256.586,257.338,258.178,259.092,260.077,261.131,262.254,263.44,264.682,265.969,267.287,268.618,269.943,271.239,272.482,273.651,274.731,275.719,276.631,277.514,278.463,279.642,281.316
59700.0,270.133,279.813,287.696,293.842,298.483,301.793,303.882,304.814,304.618,303.306,300.878,297.341,292.73,287.134,280.734,273.84,266.912,260.54,255.349,251.822,250.123,250.012,250.946,252.295,253.573,254.564,255.298,255.926,256.586,257.338,258.177,259.092,260.076,261.131,262.254,263.44,264.682,265.969,267.287,268.618,269.943,271.239,272.482,273.651,274.731,275.719,276.631,277.514,278.463,279.642,281.316
59760.0,268.974,278.846,286.886,293.161,297.91,301.313,303.483,304.487,304.357,303.104,300.73,297.243,292.676,287.12,280.753,273.882,266.969,260.601,255.404,251.864,250.149,250.024,250.949,252.293,253.57,254.562,255.297,255.925,256.586,257.338,258.177,259.092,260.076,261.131,262.254,263.44,264.682,265.969,267.287,268.618,269.943,271.239,272.482,273.651,274.731,275.719,276.631,277.514,278.463,279.642,281.316
59820.0,267.804,277.872,286.07,292.475,297.333,300.829,303.082,304.158,304.094,302.9,300.581,297.143,292.622,287.104,280.77,273.924,267.025,260.662,255.459,251.906,250.175,250.037,250.952,252.291,253.568,254.561,255.296,255.925,256.586,257.338,258.177,259.092,260.076,261.131,262.254,263.44,264.682,265.969,267.287,268.618,269.943,271.239,272.482,273.651,274.731,275.719,276.631,277.514,278.463,279.642,281.316
59880.0,266.624,276.891,285.249,291.785,296.753,300.343,302.678,303.828,303.829,302.695,300.43,297.042,292.566,287.088,280.786,273.965,267.082,260.723,255.514,251.948,250.201,250.049,250.955,252.29,253.565,254.559,255.296,255.925,256.586,257.338,258.177,259.092,260.076,261.131,262.254,263.44,264.682,265.969,267.287,268.618,269.943,271.239,272.482,273.651,274.731,275.719,276.631,277.514,278.463,279.642,281.316
59940.0,265.434,275.902,284.422,291.09,296.169,299.854,302.272,303.495,303.562,302.488,300.278,296.94,292.509,287.07,280.802,274.006,267.137,260.783,255.568,251.989,250.227,250.061,250.958,252.288,253.563,254.557,255.295,255.925,256.586,257.338,258.177,259.092,260.076,261.131,262.254,263.44,264.682,265.969,267.287,268.618,269.943,271.239,272.482,273.651,274.731,275.719,276.631,277.514,278.463,279.642,281.316
60000.0,264.233,274.905,283.589,290.391,295.581,299.362,301.863,303.16,303.294,302.28,300.125,296.837,292.451,287.052,280.817,274.046,267.192,260.843,255.623,252.031,250.253,250.074,250.961,252.287,253.561,254.556,255.294,255.925,256.586,257.338,258.177,259.092,260.076,261.131,262.254,263.44,264.682,265.969,267.287,268.618,269.943,271.239,272.482,273.651,274.731,275.719,276.631,277.514,278.463,279.642,281.316
60060.0,263.022,273.9,282.75,289.687,294.99,298.868,301.452,302.824,303.024,302.07,299.97,296.732,292.391,287.033,280.831,274.085,267.247,260.902,255.677,252.073,250.279,250.086,250.964,252.285,253.558,254.554,255.294,255.925,256.586,257.338,258.177,259.092,260.076,261.131,262.254,263.44,264.682,265.969,267.287,268.618,269.943,271.239,272.482,273.651,274.731,275.719,276.631,277.514,278.463,279.642,281.316
60120.0,261.8,272.888,281.905,288.979,294.396,298.37,301.039,302.485,302.752,301.859,299.814,296.627,292.331,287.012,280.844,274.123,267.301,260.961,255.731,252.115,250.306,250.099,250.967,252.284,253.556,254.552,255.293,255.925,256.586,257.338,258.177,259.092,260.076,261.131,262.254,263.44,264.682,265.969,267.287,268.618,269.943,271.239,272.482,273.651,274.731,275.719,276.631,277.514,278.463,279.642,281.316
60180.0,260.568,271.867,281.055,288.266,293.797,297.87,300.623,302.144,302.478,301.646,299.657,296.52,292.27,286.991,280.856,274.161,267.355,261.02,255.785,252.156,250.332,250.111,250.97,252.283,253.553,254.551,255.292,255.925,256.586,257.338,258.177,259.091,260.076,261.131,262.254,263.44,264.682,265.969,267.287,268.618,269.943,271.239,272.482,273.651,274.731,275.719,276.631,277.514,278.463,279.642,281.316
60240.0,259.324,270.839,280.198,287.549,293.196,297.366,300.205,301.801,302.203,301.432,299.498,296.412,292.207,286.969,280.867,274.198,267.408,261.079,255.839,252.198,250.359,250.124,250.973,252.281,253.551,254.549,255.291,255.924,256.586,257.338,258.177,259.091,260.076,261.131,262.254,263.44,264.682,265.969,267.287,268.618,269.943,271.239,272.482,273.651,274.731,275.719,276.631,277.514,278.463,279.642,281.316
60300.0,258.069,269.802,279.335,286.826,292.59,296.86,299.785,301.456,301.926,301.216,299.338,296.302,292.143,286.946,280.878,274.235,267.461,261.137,255.893,252.24,250.385,250.137,250.977,252.28,253.549,254.547,255.291,255.924,256.586,257.338,258.177,259.091,260.076,261.131,262.254,263.44,264.682,265.969,267.287,268.618,269.943,271.239,272.482,273.651,274.731,275.719,276.631,277.514,278.463,279.642,281.316
60360.0,256.803,268.757,278.467,286.1,291.981,296.35,299.362,301.11,301.647,300.999,299.176,296.191,292.079,286.921,280.888,274.271,267.513,261.195,255.946,252.281,250.412,250.15,250.98,252.279,253.546,254.546,255.29,255.924,256.586,257.338,258.177,259.091,260.076,261.131,262.254,263.44,264.682,265.969,267.286,268.618,269.943,271.239,272.482,273.651,274.731,275.719,276.631,277.514,278.463,279.642,281.316
60420.0,255.525,267.704,277.592,285.368,291.368,295.838,298.936,300.761,301.366,300.78,299.013,296.08,292.013,286.896,280.897,274.306,267.565,261.253,256.0,252.323,250.438,250.162,250.983,252.277,253.544,254.544,255.289,255.924,256.586,257.338,258.177,259.091,260.076,261.131,262.254,263.44,264.682,265.969,267.286,268.618,269.943,271.239,272.482,273.651,274.731,275.719,276.631,277.514,278.463,279.642,281.316
60480.0,254.236,266.643,276.711,284.632,290.752,295.323,298.508,300.41,301.084,300.559,298.849,295.967,291.946,286.87,280.905,274.34,267.616,261.31,256.053,252.364,250.465,250.175,250.987,252.276,253.542,254.542,255.289,255.924,256.586,257.338,258.177,259.091,260.076,261.131,262.254,263.44,264.682,265.969,267.286,268.618,269.943,271.239,272.482,273.651,274.731,275.719,276.631,277.514,278.463,279.642,281.316
60540.0,252.934,265.573,275.823,283.891,290.132,294.805,298.078,300.057,300.8,300.337,298.683,295.852,291.878,286.843,280.912,274.374,267.667,261.367,256.106,252.406,250.492,250.188,250.99,252.275,253.539,254.541,255.288,255.924,256.586,257.338,258.177,259.091,260.076,261.131,262.254,263.44,264.682,265.968,267.286,268.618,269.943,271.238,272.481,273.651,274.731,275.719,276.631,277.514,278.463,279.642,281.316
60600.0,251.621,264.494,274.929,283.145,289.508,294.283,297.646,299.702,300.514,300.113,298.516,295.737,291.809,286.815,280.919,274.407,267.717,261.423,256.159,252.448,250.518,250.201,250.994,252.274,253.537,254.539,255.287,255.924,256.586,257.338,258.177,259.091,260.076,261.131,262.254,263.44,264.682,265.968,267.286,268.618,269.943,271.238,272.481,273.651,274.731,275.719,276.631,277.514,278.463,279.642,281.316
60660.0,250.296,263.407,274.029,282.395,288.88,293.759,297.21,299.344,300.226,299.888,298.348,295.62,291.739,286.786,280.924,274.439,267.766,261.48,256.212,252.489,250.545,250.215,250.998,252.272,253.535,254.537,255.287,255.923,256.586,257.338,258.177,259.091,260.076,261.131,262.254,263.44,264.682,265.968,267.286,268.618,269.943,271.238,272.481,273.651,274.731,275.719,276.631,277.514,278.463,279.642,281.316
60720.0,248.959,262.311,273.122,281.639,288.248,293.232,296.773,298.985,299.937,299.662,298.178,295.502,291.668,286.756,280.929,274.471,267.816,261.536,256.264,252.531,250.572,250.228,251.001,252.271,253.532,254.536,255.286,255.923,256.586,257.338,258.177,259.091,260.076,261.131,262.254,263.44,264.682,265.968,267.286,268.618,269.943,271.238,272.481,273.651,274.731,275.719,276.63,277.514,278.463,279.642,281.316
60780.0,247.609,261.205,272.209,280.878,287.613,292.702,296.333,298.624,299.645,299.434,298.007,295.383,291.595,286.725,280.933,274.502,267.864,261.592,256.317,252.572,250.599,250.241,251.005,252.27,253.53,254.534,255.285,255.923,256.586,257.338,258.177,259.091,260.076,261.131,262.253,263.44,264.681,265.968,267.286,268.618,269.943,271.238,272.481,273.651,274.731,275.719,276.63,277.514,278.463,279.642,281.316
60840.0,246.246,260.091,271.289,280.113,286.974,292.168,295.89,298.261,299.353,299.204,297.835,295.263,291.522,286.693,280.936,274.533,267.912,261.647,256.369,252.613,250.626,250.254,251.009,252.269,253.528,254.532,255.284,255.923,256.586,257.338,258.177,259.091,260.076,261.131,262.253,263.44,264.681,265.968,267.286,268.618,269.943,271.238,272.481,273.651,274.731,275.719,276.63,277.514,278.463,279.642,281.316
60900.0,244.87,258.968,270.362,279.342,286.331,291.632,295.445,297.896,299.058,298.973,297.661,295.141,291.448,286.66,280.939,274.562,267.96,261.702,256.421,252.655,250.653,250.268,251.012,252.268,253.525,254.531,255.284,255.923,256.586,257.338,258.177,259.091,260.076,261.131,262.253,263.44,264.681,265.968,267.286,268.618,269.943,271.238,272.481,273.651,274.731,275.719,276.63,277.514,278.463,279.642,281.316
60960.0,243.482,257.835,269.429,278.567,285.684,291.092,294.998,297.528,298.762,298.74,297.486,295.019,291.372,286.626,280.94,274.591,268.007,261.757,256.473,252.696,250.68,250.281,251.016,252.267,253.523,254.529,255.283,255.923,256.587,257.338,258.177,259.091,260.076,261.13,262.253,263.44,264.681,265.968,267.286,268.618,269.943,271.238,272.481,273.651,274.731,275.719,276.63,277.514,278.463,279.642,281.316
61020.0,242.08,256.693,268.489,277.786,285.033,290.55,294.548,297.159,298.463,298.506,297.31,294.895,291.296,286.592,280.941,274.62,268.054,261.811,256.525,252.738,250.707,250.295,251.02,252.266,253.521,254.527,255.282,255.923,256.587,257.338,258.177,259.091,260.076,261.13,262.253,263.44,264.681,265.968,267.286,268.618,269.943,271.238,272.481,273.651,274.731,275.719,276.63,277.514,278.463,279.642,281.316
61080.0,240.665,255.541,267.541,277.0,284.378,290.004,294.095,296.787,298.164,298.27,297.132,294.77,291.218,286.556,280.941,274.648,268.1,261.865,256.577,252.779,250.734,250.308,251.024,252.265,253.519,254.526,255.281,255.922,256.587,257.338,258.177,259.091,260.076,261.13,262.253,263.439,264.681,265.968,267.286,268.618,269.943,271.238,272.481,273.651,274.731,275.719,276.63,277.514,278.463,279.642,281.316
61140.0,239.236,254.38,266.587,276.209,283.719,289.456,293.64,296.414,297.862,298.033,296.953,294.643,291.139,286.519,280.94,274.675,268.146,261.919,256.628,252.82,250.761,250.322,251.028,252.264,253.516,254.524,255.281,255.922,256.587,257.338,258.177,259.091,260.076,261.13,262.253,263.439,264.681,265.968,267.286,268.618,269.943,271.238,272.481,273.651,274.731,275.719,276.63,277.514,278.463,279.642,281.316
61200.0,237.793,253.209,265.626,275.413,283.056,288.904,293.183,296.038,297.558,297.794,296.773,294.516,291.059,286.482,280.938,274.701,268.191,261.972,256.68,252.861,250.788,250.336,251.032,252.263,253.514,254.522,255.28,255.922,256.587,257.337,258.177,259.091,260.075,261.13,262.253,263.439,264.681,265.968,267.286,268.618,269.943,271.238,272.481,273.651,274.731,275.719,276.63,277.514,278.463,279.642,281.316
61260.0,236.336,252.028,264.657,274.611,282.389,288.349,292.723,295.66,297.253,297.554,296.591,294.387,290.979,286.443,280.936,274.727,268.235,262.025,256.731,252.902,250.815,250.35,251.036,252.262,253.512,254.521,255.279,255.922,256.587,257.337,258.177,259.091,260.075,261.13,262.253,263.439,264.681,265.968,267.286,268.618,269.943,271.238,272.481,273.651,274.731,275.719,276.63,277.514,278.463,279.642,281.316
61320.0,234.865,250.836,263.681,273.804,281.718,287.79,292.26,295.28,296.946,297.312,296.408,294.257,290.897,286.404,280.932,274.752,268.28,262.078,256.782,252.944,250.843,250.364,251.041,252.262,253.51,254.519,255.279,255.922,256.587,257.337,258.176,259.091,260.075,261.13,262.253,263.439,264.681,265.968,267.286,268.618,269.943,271.238,272.481,273.651,274.731,275.719,276.63,277.514,278.463,279.642,281.316
61380.0,233.379,249.635,262.698,272.991,281.043,287.229,291.795,294.898,296.638,297.069,296.223,294.126,290.814,286.363,280.928,274.776,268.323,262.13,256.833,252.985,250.87,250.377,251.045,252.261,253.508,254.517,255.278,255.922,256.587,257.337,258.176,259.091,260.075,261.13,262.253,263.439,264.681,265.968,267.286,268.618,269.943,271.238,272.481,273.651,274.731,275.719,276.63,277.514,278.463,279.642,281.316
61440.0,231.879,248.423,261.708,272.173,280.364,286.664,291.327,294.514,296.327,296.824,296.038,293.994,290.73,286.322,280.923,274.8,268.366,262.182,256.883,253.026,250.897,250.391,251.049,252.26,253.506,254.516,255.277,255.921,256.587,257.337,258.176,259.091,260.075,261.13,262.253,263.439,264.681,265.968,267.286,268.618,269.943,271.238,272.481,273.651,274.731,275.719,276.63,277.514,278.463,279.642,281.316
61500.0,230.363,247.201,260.71,271.35,279.681,286.096,290.857,294.128,296.015,296.577,295.851,293.86,290.644,286.28,280.917,274.823,268.409,262.234,256.934,253.067,250.925,250.405,251.054,252.259,253.503,254.514,255.276,255.921,256.587,257.337,258.176,259.091,260.075,261.13,262.253,263.439,264.681,265.968,267.286,268.618,269.943,271.238,272.481,273.651,274.731,275.719,276.63,277.514,278.463,279.642,281.316
61560.0,228.833,245.968,259.704,270.521,278.993,285.525,290.384,293.74,295.701,296.33,295.662,293.726,290.558,286.236,280.91,274.845,268.451,262.285,256.984,253.108,250.952,250.42,251.058,252.259,253.501,254.513,255.276,255.921,256.587,257.337,258.176,259.09,260.075,261.13,262.253,263.439,264.681,265.968,267.286,268.618,269.943,271.238,272.481,273.65,274.731,275.719,276.63,277.514,278.463,279.642,281.316
61620.0,227.287,244.724,258.69,269.686,278.301,284.951,289.908,293.35,295.385,296.08,295.473,293.59,290.471,286.192,280.903,274.867,268.492,262.336,257.034,253.149,250.979,250.434,251.062,252.258,253.499,254.511,255.275,255.921,256.587,257.337,258.176,259.09,260.075,261.13,262.253,263.439,264.681,265.968,267.286,268.618,269.942,271.238,272.481,273.65,274.731,275.719,276.63,277.514,278.463,279.642,281.316
61680.0,225.725,243.469,257.669,268.846,277.605,284.373,289.43,292.957,295.068,295.829,295.282,293.453,290.383,286.147,280.895,274.887,268.533,262.387,257.084,253.19,251.007,250.448,251.067,252.257,253.497,254.509,255.274,255.921,256.587,257.337,258.176,259.09,260.075,261.13,262.253,263.439,264.681,265.968,267.286,268.618,269.942,271.238,272.481,273.65,274.731,275.719,276.63,277.514,278.463,279.642,281.316
61740.0,224.147,242.202,256.639,267.999,276.904,283.792,288.95,292.563,294.748,295.577,295.089,293.315,290.293,286.101,280.886,274.908,268.574,262.437,257.134,253.23,251.034,250.462,251.071,252.257,253.495,254.508,255.273,255.921,256.587,257.337,258.176,259.09,260.075,261.13,262.253,263.439,264.681,265.968,267.286,268.617,269.942,271.238,272.481,273.65,274.731,275.719,276.63,277.514,278.463,279.642,281.316
61800.0,222.552,240.925,255.602,267.147,276.2,283.208,288.466,292.166,294.427,295.323,294.895,293.176,290.203,286.054,280.876,274.927,268.614,262.487,257.183,253.271,251.062,250.476,251.076,252.256,253.493,254.506,255.273,255.92,256.587,257.337,258.176,259.09,260.075,261.13,262.253,263.439,264.681,265.968,267.286,268.617,269.942,271.238,272.481,273.65,274.731,275.719,276.63,277.514,278.463,279.642,281.316
61860.0,220.942,239.636,254.556,266.289,275.49,282.62,287.98,291.767,294.104,295.067,294.7,293.035,290.112,286.006,280.865,274.946,268.653,262.537,257.233,253.312,251.089,250.491,251.081,252.255,253.491,254.504,255.272,255.92,256.587,257.337,258.176,259.09,260.075,261.13,262.253,263.439,264.681,265.968,267.286,268.617,269.942,271.238,272.481,273.65,274.731,275.719,276.63,277.514,278.463,279.642,281.316
61920.0,219.314,238.335,253.502,265.425,274.777,282.029,287.492,291.366,293.78,294.81,294.504,292.893,290.019,285.957,280.853,274.965,268.692,262.586,257.282,253.352,251.117,250.505,251.085,252.255,253.489,254.503,255.271,255.92,256.587,257.337,258.176,259.09,260.075,261.13,262.253,263.439,264.681,265.968,267.286,268.617,269.942,271.238,272.481,273.65,274.731,275.719,276.63,277.514,278.463,279.642,281.316
61980.0,217.669,237.022,252.44,264.555,274.058,281.434,287.0,290.963,293.453,294.552,294.306,292.751,289.926,285.907,280.841,274.982,268.731,262.635,257.331,253.393,251.145,250.52,251.09,252.254,253.487,254.501,255.27,255.92,256.587,257.337,258.176,259.09,260.075,261.13,262.253,263.439,264.681,265.968,267.286,268.617,269.942,271.238,272.481,273.65,274.731,275.719,276.63,277.514,278.463,279.642,281.316
62040.0,216.007,235.697,251.369,263.678,273.336,280.836,286.506,290.558,293.125,294.292,294.107,292.607,289.831,285.857,280.828,274.999,268.769,262.684,257.38,253.434,251.172,250.534,251.095,252.254,253.485,254.499,255.27,255.92,256.587,257.337,258.176,259.09,260.075,261.13,262.253,263.439,264.681,265.968,267.286,268.617,269.942,271.238,272.481,273.65,274.731,275.719,276.63,277.514,278.463,279.642,281.316
62100.0,214.328,234.36,250.29,262.796,272.608,280.235,286.01,290.15,292.795,294.03,293.907,292.461,289.735,285.805,280.814,275.015,268.806,262.732,257.428,253.474,251.2,250.549,251.1,252.254,253.483,254.498,255.269,255.92,256.587,257.337,258.176,259.09,260.075,261.13,262.253,263.439,264.681,265.968,267.286,268.617,269.942,271.238,272.481,273.65,274.731,275.719,276.63,277.514,278.463,279.642,281.316
62160.0,212.63,233.01,249.201,261.907,271.876,279.63,285.51,289.74,292.463,293.767,293.705,292.315,289.639,285.752,280.799,275.031,268.843,262.78,257.477,253.515,251.227,250.564,251.105,252.253,253.481,254.496,255.268,255.919,256.587,257.337,258.176,259.09,260.075,261.13,262.253,263.439,264.681,265.968,267.286,268.617,269.942,271.238,272.481,273.65,274.731,275.719,276.63,277.514,278.463,279.642,281.316
62220.0,210.914,231.647,248.104,261.012,271.14,279.021,285.008,289.328,292.13,293.503,293.502,292.167,289.541,285.699,280.784,275.046,268.879,262.827,257.525,253.555,251.255,250.578,251.11,252.253,253.479,254.495,255.267,255.919,256.587,257.337,258.176,259.09,260.075,261.13,262.253,263.439,264.681,265.968,267.286,268.617,269.942,271.238,272.481,273.65,274.731,275.719,276.63,277.514,278.463,279.642,281.316
62280.0,209.18,230.272,246.998,260.11,270.398,278.409,284.503,288.914,291.794,293.237,293.298,292.019,289.442,285.645,280.767,275.06,268.915,262.874,257.573,253.595,251.283,250.593,251.115,252.252,253.477,254.493,255.267,255.919,256.587,257.337,258.176,259.09,260.075,261.13,262.253,263.439,264.681,265.968,267.286,268.617,269.942,271.238,272.481,273.65,274.731,275.719,276.63,277.514,278.463,279.642,281.316
62340.0,207.427,228.883,245.882,259.202,269.652,277.794,283.995,288.498,291.457,292.969,293.093,291.869,289.343,285.589,280.75,275.073,268.95,262.921,257.621,253.635,251.311,250.608,251.12,252.252,253.475,254.491,255.266,255.919,256.587,257.337,258.176,259.09,260.075,261.13,262.253,263.439,264.681,265.968,267.286,268.617,269.942,271.238,272.481,273.65,274.731,275.719,276.63,277.514,278.463,279.642,281.316
62400.0,205.654,227.481,244.757,258.287,268.901,277.174,283.485,288.08,291.118,292.7,292.886,291.718,289.242,285.533,280.732,275.086,268.985,262.968,257.669,253.676,251.338,250.623,251.125,252.252,253.473,254.49,255.265,255.919,256.587,257.337,258.176,259.09,260.075,261.13,262.252,263.439,264.681,265.968,267.285,268.617,269.942,271.238,272.481,273.65,274.731,275.719,276.63,277.514,278.463,279.642,281.316
62460.0,203.862,226.066,243.623,257.365,268.145,276.551,282.971,287.659,290.777,292.429,292.677,291.566,289.14,285.476,280.713,275.098,269.019,263.014,257.716,253.716,251.366,250.638,251.13,252.252,253.471,254.488,255.264,255.918,256.587,257.337,258.176,259.09,260.075,261.129,262.252,263.439,264.681,265.967,267.285,268.617,269.942,271.238,272.481,273.65,274.731,275.719,276.63,277.514,278.463,279.642,281.316
62520.0,202.051,224.636,242.479,256.437,267.384,275.925,282.455,287.236,290.435,292.157,292.468,291.412,289.037,285.418,280.694,275.11,269.053,263.059,257.763,253.756,251.394,250.653,251.135,252.251,253.469,254.486,255.264,255.918,256.587,257.337,258.176,259.09,260.075,261.129,262.252,263.439,264.681,265.967,267.285,268.617,269.942,271.238,272.481,273.65,274.731,275.719,276.63,277.514,278.463,279.642,281.316
62580.0,200.219,223.193,241.325,255.501,266.618,275.294,281.936,286.811,290.09,291.883,292.257,291.258,288.933,285.359,280.673,275.121,269.086,263.105,257.81,253.796,251.422,250.668,251.14,252.251,253.467,254.485,255.263,255.918,256.587,257.337,258.176,259.09,260.075,261.129,262.252,263.439,264.68,265.967,267.285,268.617,269.942,271.238,272.481,273.65,274.731,275.719,276.63,277.514,278.463,279.642,281.316
62640.0,198.367,221.735,240.161,254.559,265.847,274.66,281.414,286.383,289.744,291.608,292.045,291.102,288.828,285.299,280.652,275.131,269.119,263.15,257.857,253.836,251.45,250.683,251.146,252.251,253.465,254.483,255.262,255.918,256.587,257.337,258.176,259.09,260.074,261.129,262.252,263.439,264.68,265.967,267.285,268.617,269.942,271.238,272.481,273.65,274.731,275.719,276.63,277.514,278.463,279.642,281.316
62700.0,196.494,220.263,238.987,253.609,265.071,274.022,280.889,285.953,289.396,291.331,291.831,290.945,288.722,285.238,280.63,275.14,269.151,263.194,257.904,253.876,251.477,250.698,251.151,252.251,253.463,254.482,255.261,255.918,256.587,257.337,258.176,259.09,260.074,261.129,262.252,263.439,264.68,265.967,267.285,268.617,269.942,271.238,272.481,273.65,274.731,275.719,276.63,277.514,278.463,279.642,281.316
62760.0,194.6,218.776,237.803,252.652,264.289,273.38,280.362,285.521,289.046,291.053,291.617,290.788,288.615,285.176,280.607,275.149,269.183,263.239,257.95,253.915,251.505,250.713,251.156,252.251,253.461,254.48,255.261,255.918,256.587,257.337,258.176,259.09,260.074,261.129,262.252,263.438,264.68,265.967,267.285,268.617,269.942,271.238,272.481,273.65,274.731,275.719,276.63,277.514,278.463,279.642,281.316
62820.0,192.685,217.273,236.608,251.688,263.503,272.734,279.831,285.087,288.694,290.773,291.4,290.628,288.507,285.113,280.584,275.157,269.214,263.283,257.996,253.955,251.533,250.729,251.162,252.251,253.459,254.478,255.26,255.917,256.587,257.337,258.176,259.09,260.074,261.129,262.252,263.438,264.68,265.967,267.285,268.617,269.942,271.238,272.481,273.65,274.731,275.718,276.63,277.514,278.463,279.642,281.316
62880.0,190.749,215.756,235.403,250.716,262.711,272.085,279.297,284.65,288.34,290.491,291.183,290.468,288.398,285.05,280.559,275.165,269.244,263.326,258.042,253.995,251.561,250.744,251.167,252.251,253.457,254.477,255.259,255.917,256.587,257.337,258.176,259.09,260.074,261.129,262.252,263.438,264.68,265.967,267.285,268.617,269.942,271.238,272.481,273.65,274.731,275.718,276.63,277.514,278.463,279.642,281.316
62940.0,188.79,214.223,234.187,249.737,261.913,271.431,278.761,284.211,287.984,290.208,290.964,290.307,288.288,284.985,280.534,275.172,269.274,263.369,258.088,254.034,251.589,250.759,251.173,252.251,253.455,254.475,255.258,255.917,256.587,257.337,258.176,259.09,260.074,261.129,262.252,263.438,264.68,265.967,267.285,268.617,269.942,271.238,272.481,273.65,274.731,275.718,276.63,277.514,278.463,279.642,281.316
63000.0,186.81,212.675,232.96,248.75,261.11,270.773,278.221,283.77,287.627,289.924,290.744,290.144,288.177,284.92,280.508,275.178,269.304,263.412,258.134,254.074,251.617,250.775,251.178,252.251,253.454,254.474,255.257,255.917,256.587,257.337,258.175,259.089,260.074,261.129,262.252,263.438,264.68,265.967,267.285,268.617,269.942,271.238,272.481,273.65,274.731,275.718,276.63,277.514,278.463,279.642,281.316
63060.0,184.808,211.111,231.722,247.755,260.302,270.112,277.678,283.326,287.268,289.638,290.523,289.98,288.065,284.854,280.481,275.183,269.333,263.454,258.179,254.113,251.645,250.79,251.184,252.251,253.452,254.472,255.257,255.917,256.587,257.337,258.175,259.089,260.074,261.129,262.252,263.438,264.68,265.967,267.285,268.617,269.942,271.238,272.481,273.65,274.731,275.718,276.63,277.514,278.463,279.642,281.316
63120.0,182.783,209.53,230.473,246.753,259.488,269.446,277.133,282.88,286.906,289.35,290.3,289.816,287.952,284.786,280.454,275.188,269.361,263.496,258.224,254.152,251.673,250.806,251.19,252.251,253.45,254.47,255.256,255.916,256.587,257.337,258.175,259.089,260.074,261.129,262.252,263.438,264.68,265.967,267.285,268.617,269.942,271.238,272.481,273.65,274.731,275.718,276.63,277.514,278.463,279.642,281.316
63180.0,180.736,207.933,229.212,245.742,258.668,268.776,276.584,282.432,286.543,289.061,290.076,289.65,287.838,284.718,280.425,275.192,269.389,263.538,258.269,254.192,251.701,250.821,251.195,252.251,253.448,254.469,255.255,255.916,256.587,257.337,258.175,259.089,260.074,261.129,262.252,263.438,264.68,265.967,267.285,268.617,269.942,271.238,272.481,273.65,274.73,275.718,276.63,277.514,278.463,279.642,281.316
63240.0,178.666,206.32,227.94,244.723,257.842,268.102,276.032,281.981,286.178,288.77,289.85,289.482,287.723,284.649,280.396,275.196,269.416,263.579,258.314,254.231,251.729,250.837,251.201,252.251,253.446,254.467,255.254,255.916,256.587,257.337,258.175,259.089,260.074,261.129,262.252,263.438,264.68,265.967,267.285,268.617,269.942,271.238,272.481,273.65,274.73,275.718,276.63,277.514,278.463,279.642,281.316
63300.0,176.573,204.69,226.656,243.696,257.011,267.423,275.476,281.528,285.811,288.478,289.624,289.314,287.607,284.579,280.366,275.199,269.443,263.62,258.359,254.27,251.757,250.852,251.207,252.251,253.445,254.466,255.254,255.916,256.587,257.337,258.175,259.089,260.074,261.129,262.252,263.438,264.68,265.967,267.285,268.617,269.942,271.238,272.481,273.65,274.73,275.718,276.63,277.514,278.463,279.642,281.316
63360.0,174.458,203.044,225.36,242.661,256.174,266.741,274.918,281.072,285.442,288.184,289.396,289.145,287.489,284.509,280.336,275.201,269.47,263.661,258.403,254.309,251.785,250.868,251.213,252.251,253.443,254.464,255.253,255.916,256.587,257.337,258.175,259.089,260.074,261.129,262.252,263.438,264.68,265.967,267.285,268.617,269.942,271.238,272.481,273.65,274.73,275.718,276.63,277.514,278.463,279.642,281.316
63420.0,172.32,201.38,224.052,241.617,255.33,266.054,274.356,280.614,285.072,287.888,289.166,288.974,287.371,284.437,280.304,275.202,269.495,263.701,258.447,254.348,251.812,250.884,251.219,252.252,253.441,254.462,255.252,255.915,256.587,257.337,258.175,259.089,260.074,261.129,262.252,263.438,264.68,265.967,267.285,268.617,269.942,271.237,272.481,273.65,274.73,275.718,276.63,277.514,278.463,279.642,281.316
63480.0,170.16,199.7,222.732,240.565,254.481,265.362,273.792,280.153,284.699,287.591,288.936,288.802,287.252,284.364,280.272,275.203,269.521,263.741,258.491,254.386,251.84,250.9,251.225,252.252,253.439,254.461,255.251,255.915,256.587,257.337,258.175,259.089,260.074,261.129,262.252,263.438,264.68,265.967,267.285,268.617,269.942,271.237,272.481,273.65,274.73,275.718,276.63,277.514,278.463,279.642,281.316
63540.0,167.977,198.002,221.4,239.504,253.625,264.666,273.224,279.69,284.324,287.293,288.704,288.629,287.132,284.291,280.239,275.203,269.545,263.78,258.535,254.425,251.868,250.915,251.231,252.252,253.438,254.459,255.25,255.915,256.587,257.337,258.175,259.089,260.074,261.129,262.252,263.438,264.68,265.967,267.285,268.617,269.942,271.237,272.481,273.65,274.73,275.718,276.63,277.514,278.463,279.642,281.316
63600.0,165.773,196.288,220.056,238.435,252.764,263.966,272.652,279.224,283.947,286.992,288.47,288.455,287.011,284.216,280.205,275.202,269.57,263.819,258.578,254.464,251.896,250.931,251.237,252.253,253.436,254.458,255.25,255.915,256.587,257.337,258.175,259.089,260.074,261.129,262.252,263.438,264.68,265.967,267.285,268.617,269.942,271.237,272.481,273.65,274.73,275.718,276.63,277.514,278.463,279.642,281.316
63660.0,163.548,194.556,218.699,237.357,251.896,263.261,272.077,278.756,283.569,286.691,288.236,288.28,286.888,284.141,280.17,275.201,269.593,263.858,258.621,254.502,251.924,250.947,251.243,252.253,253.434,254.456,255.249,255.915,256.587,257.337,258.175,259.089,260.074,261.129,262.252,263.438,264.68,265.967,267.285,268.617,269.942,271.237,272.481,273.65,274.73,275.718,276.63,277.514,278.463,279.642,281.316
63720.0,161.303,192.809,217.33,236.27,251.021,262.552,271.499,278.285,283.188,286.387,288.0,288.104,286.765,284.065,280.135,275.199,269.616,263.896,258.664,254.541,251.952,250.963,251.249,252.253,253.433,254.455,255.248,255.914,256.587,257.337,258.175,259.089,260.074,261.129,262.252,263.438,264.68,265.967,267.285,268.617,269.942,271.237,272.481,273.65,274.73,275.718,276.63,277.514,278.463,279.642,281.316
63780.0,159.038,191.044,215.949,235.174,250.141,261.838,270.918,277.812,282.805,286.082,287.762,287.926,286.641,283.988,280.099,275.197,269.639,263.934,258.707,254.579,251.98,250.979,251.255,252.254,253.431,254.453,255.247,255.914,256.587,257.337,258.175,259.089,260.074,261.129,262.252,263.438,264.68,265.967,267.285,268.617,269.942,271.237,272.481,273.65,274.73,275.718,276.63,277.514,278.463,279.642,281.316
63840.0,156.754,189.264,214.555,234.069,249.254,261.119,270.333,277.336,282.421,285.775,287.524,287.748,286.516,283.91,280.062,275.194,269.661,263.972,258.749,254.618,252.008,250.995,251.262,252.254,253.429,254.451,255.247,255.914,256.587,257.337,258.175,259.089,260.074,261.129,262.252,263.438,264.68,265.967,267.285,268.617,269.942,271.237,272.481,273.65,274.73,275.718,276.63,277.514,278.463,279.642,281.316
63900.0,154.454,187.468,213.15,232.956,248.361,260.396,269.744,276.858,282.034,285.467,287.284,287.568,286.389,283.831,280.024,275.19,269.683,264.009,258.792,254.656,252.036,251.011,251.268,252.255,253.428,254.45,255.246,255.914,256.587,257.337,258.175,259.089,260.074,261.129,262.252,263.438,264.68,265.967,267.285,268.617,269.942,271.237,272.481,273.65,274.73,275.718,276.63,277.514,278.463,279.642,281.316
63960.0,152.138,185.658,211.732,231.833,247.461,259.668,269.153,276.377,281.645,285.157,287.042,287.387,286.262,283.751,279.985,275.185,269.704,264.045,258.834,254.694,252.064,251.027,251.274,252.255,253.426,254.448,255.245,255.914,256.587,257.337,258.175,259.089,260.074,261.128,262.251,263.438,264.68,265.967,267.285,268.616,269.942,271.237,272.48,273.65,274.73,275.718,276.63,277.514,278.463,279.642,281.316
64020.0,149.81,183.834,210.304,230.702,246.555,258.935,268.557,275.893,281.254,284.846,286.799,287.205,286.134,283.671,279.946,275.18,269.724,264.082,258.876,254.732,252.092,251.044,251.281,252.256,253.424,254.447,255.244,255.913,256.587,257.337,258.175,259.089,260.074,261.128,262.251,263.438,264.68,265.967,267.285,268.616,269.942,271.237,272.48,273.65,274.73,275.718,276.63,277.514,278.463,279.642,281.316
64080.0,147.471,181.997,208.864,229.563,245.642,258.198,267.958,275.407,280.862,284.533,286.555,287.022,286.005,283.589,279.906,275.174,269.744,264.118,258.917,254.77,252.12,251.06,251.287,252.256,253.423,254.445,255.243,255.913,256.587,257.337,258.175,259.089,260.073,261.128,262.251,263.438,264.68,265.967,267.285,268.616,269.942,271.237,272.48,273.65,274.73,275.718,276.63,277.514,278.463,279.642,281.316
64140.0,145.124,180.148,207.413,228.415,244.724,257.456,267.356,274.917,280.467,284.218,286.31,286.837,285.874,283.507,279.865,275.168,269.764,264.153,258.959,254.807,252.148,251.076,251.294,252.257,253.421,254.444,255.243,255.913,256.587,257.337,258.175,259.089,260.073,261.128,262.251,263.438,264.68,265.967,267.285,268.616,269.941,271.237,272.48,273.65,274.73,275.718,276.63,277.514,278.463,279.642,281.316
64200.0,142.774,178.29,205.953,227.259,243.799,256.709,266.75,274.426,280.07,283.901,286.063,286.652,285.743,283.423,279.823,275.16,269.782,264.189,259.0,254.845,252.176,251.092,251.3,252.258,253.42,254.442,255.242,255.913,256.587,257.337,258.175,259.089,260.073,261.128,262.251,263.438,264.68,265.967,267.285,268.616,269.941,271.237,272.48,273.65,274.73,275.718,276.63,277.514,278.463,279.642,281.316
64260.0,140.423,176.424,204.484,226.095,242.867,255.958,266.141,273.931,279.671,283.583,285.815,286.465,285.611,283.339,279.781,275.153,269.801,264.223,259.041,254.883,252.204,251.109,251.307,252.258,253.418,254.441,255.241,255.912,256.586,257.337,258.175,259.089,260.073,261.128,262.251,263.438,264.68,265.967,267.285,268.616,269.941,271.237,272.48,273.65,274.73,275.718,276.63,277.514,278.463,279.642,281.316
64320.0,138.078,174.553,203.007,224.924,241.93,255.202,265.528,273.434,279.27,283.263,285.566,286.277,285.478,283.254,279.737,275.144,269.819,264.258,259.081,254.92,252.232,251.125,251.313,252.259,253.416,254.439,255.24,255.912,256.586,257.337,258.175,259.089,260.073,261.128,262.251,263.438,264.679,265.966,267.285,268.616,269.941,271.237,272.48,273.65,274.73,275.718,276.63,277.514,278.463,279.642,281.316
64380.0,135.744,172.679,201.523,223.746,240.987,254.441,264.911,272.934,278.866,282.942,285.315,286.088,285.343,283.168,279.694,275.135,269.836,264.292,259.122,254.958,252.26,251.141,251.32,252.26,253.415,254.438,255.239,255.912,256.586,257.337,258.175,259.088,260.073,261.128,262.251,263.437,264.679,265.966,267.285,268.616,269.941,271.237,272.48,273.65,274.73,275.718,276.63,277.514,278.463,279.642,281.316
64440.0,133.427,170.806,200.034,222.561,240.039,253.676,264.292,272.432,278.461,282.619,285.062,285.898,285.208,283.081,279.649,275.125,269.853,264.326,259.162,254.995,252.288,251.158,251.327,252.26,253.413,254.436,255.239,255.912,256.586,257.337,258.175,259.088,260.073,261.128,262.251,263.437,264.679,265.966,267.284,268.616,269.941,271.237,272.48,273.65,274.73,275.718,276.63,277.514,278.463,279.642,281.316
64500.0,131.136,168.938,198.541,221.372,239.086,252.907,263.668,271.927,278.054,282.294,284.809,285.707,285.072,282.994,279.603,275.115,269.869,264.359,259.202,255.032,252.316,251.174,251.334,252.261,253.412,254.435,255.238,255.912,256.586,257.337,258.175,259.088,260.073,261.128,262.251,263.437,264.679,265.966,267.284,268.616,269.941,271.237,272.48,273.65,274.73,275.718,276.63,277.514,278.463,279.642,281.316
64560.0,128.879,167.079,197.047,220.178,238.127,252.133,263.042,271.419,277.644,281.967,284.554,285.514,284.935,282.905,279.557,275.103,269.885,264.392,259.241,255.069,252.344,251.191,251.34,252.262,253.41,254.433,255.237,255.911,256.586,257.337,258.175,259.088,260.073,261.128,262.251,263.437,264.679,265.966,267.284,268.616,269.941,271.237,272.48,273.65,274.73,275.718,276.63,277.514,278.463,279.642,281.316
64620.0,126.666,165.236,195.555,218.98,237.165,251.356,262.412,270.909,277.232,281.639,284.297,285.321,284.796,282.816,279.51,275.092,269.9,264.424,259.281,255.106,252.372,251.207,251.347,252.263,253.409,254.431,255.236,255.911,256.586,257.337,258.175,259.088,260.073,261.128,262.251,263.437,264.679,265.966,267.284,268.616,269.941,271.237,272.48,273.65,274.73,275.718,276.63,277.514,278.463,279.642,281.316
64680.0,124.508,163.413,194.067,217.781,236.198,250.575,261.778,270.395,276.819,281.309,284.04,285.126,284.657,282.726,279.462,275.079,269.915,264.456,259.32,255.143,252.4,251.224,251.354,252.264,253.408,254.43,255.235,255.911,256.586,257.337,258.174,259.088,260.073,261.128,262.251,263.437,264.679,265.966,267.284,268.616,269.941,271.237,272.48,273.65,274.73,275.718,276.63,277.514,278.463,279.642,281.316
64740.0,122.427,161.621,192.587,216.582,235.229,249.79,261.142,269.88,276.403,280.978,283.781,284.93,284.517,282.634,279.413,275.066,269.929,264.488,259.359,255.18,252.428,251.241,251.361,252.265,253.406,254.428,255.235,255.911,256.586,257.337,258.174,259.088,260.073,261.128,262.251,263.437,264.679,265.966,267.284,268.616,269.941,271.237,272.48,273.65,274.73,275.718,276.63,277.514,278.463,279.642,281.316
64800.0,120.816,159.976,191.138,215.386,234.258,249.003,260.503,269.362,275.985,280.645,283.52,284.733,284.376,282.542,279.364,275.052,269.942,264.519,259.398,255.216,252.455,251.257,251.368,252.266,253.405,254.427,255.234,255.91,256.586,257.337,258.174,259.088,260.073,261.128,262.251,263.437,264.679,265.966,267.284,268.616,269.941,271.237,272.48,273.65,274.73,275.718,276.63,277.514,278.463,279.642,281.316
64860.0,119.692,158.541,189.755,214.204,233.288,248.213,259.861,268.841,275.565,280.31,283.258,284.535,284.233,282.449,279.314,275.038,269.955,264.55,259.436,255.253,252.483,251.274,251.375,252.267,253.403,254.425,255.233,255.91,256.586,257.337,258.174,259.088,260.073,261.128,262.251,263.437,264.679,265.966,267.284,268.616,269.941,271.237,272.48,273.65,274.73,275.718,276.63,277.514,278.463,279.642,281.316
64920.0,119.067,157.352,188.467,213.051,232.322,247.422,259.217,268.318,275.143,279.973,282.995,284.335,284.09,282.356,279.263,275.023,269.968,264.581,259.475,255.289,252.511,251.291,251.382,252.268,253.402,254.424,255.232,255.91,256.586,257.337,258.174,259.088,260.073,261.128,262.251,263.437,264.679,265.966,267.284,268.616,269.941,271.237,272.48,273.65,274.73,275.718,276.63,277.514,278.463,279.642,281.316
64980.0,118.541,156.321,187.279,211.938,231.367,246.631,258.57,267.793,274.719,279.635,282.73,284.135,283.946,282.261,279.211,275.007,269.98,264.611,259.513,255.326,252.539,251.307,251.389,252.269,253.4,254.422,255.231,255.91,256.586,257.337,258.174,259.088,260.073,261.128,262.251,263.437,264.679,265.966,267.284,268.616,269.941,271.237,272.48,273.65,274.73,275.718,276.63,277.514,278.463,279.642,281.316
65040.0,118.075,155.398,186.18,210.87,230.429,245.844,257.923,267.266,274.294,279.295,282.464,283.933,283.801,282.165,279.159,274.991,269.991,264.641,259.55,255.362,252.567,251.324,251.396,252.27,253.399,254.421,255.231,255.909,256.586,257.337,258.174,259.088,260.073,261.128,262.251,263.437,264.679,265.966,267.284,268.616,269.941,271.237,272.48,273.65,274.73,275.718,276.63,277.514,278.463,279.642,281.316
65100.0,117.653,154.558,185.155,209.847,229.51,245.062,257.275,266.737,273.866,278.954,282.197,283.73,283.654,282.069,279.106,274.974,270.002,264.67,259.588,255.398,252.594,251.341,251.404,252.271,253.398,254.419,255.23,255.909,256.586,257.337,258.174,259.088,260.073,261.128,262.251,263.437,264.679,265.966,267.284,268.616,269.941,271.237,272.48,273.65,274.73,275.718,276.63,277.514,278.463,279.642,281.316
65160.0,117.264,153.782,184.195,208.868,228.613,244.288,256.629,266.207,273.437,278.611,281.928,283.526,283.507,281.972,279.052,274.956,270.013,264.699,259.625,255.434,252.622,251.358,251.411,252.272,253.396,254.418,255.229,255.909,256.586,257.337,258.174,259.088,260.073,261.128,262.251,263.437,264.679,265.966,267.284,268.616,269.941,271.237,272.48,273.65,274.73,275.718,276.63,277.514,278.463,279.642,281.316
65220.0,116.903,153.059,183.288,207.93,227.738,243.523,255.985,265.676,273.006,278.266,281.658,283.321,283.359,281.874,278.997,274.938,270.022,264.728,259.662,255.47,252.65,251.375,251.418,252.273,253.395,254.417,255.228,255.909,256.586,257.337,258.174,259.088,260.073,261.128,262.251,263.437,264.679,265.966,267.284,268.616,269.941,271.237,272.48,273.65,274.73,275.718,276.63,277.514,278.463,279.642,281.316
65280.0,116.564,152.38,182.43,207.029,226.887,242.769,255.344,265.145,272.573,277.92,281.387,283.114,283.21,281.775,278.942,274.919,270.032,264.756,259.699,255.505,252.678,251.392,251.425,252.274,253.394,254.415,255.227,255.908,256.586,257.337,258.174,259.088,260.073,261.128,262.251,263.437,264.679,265.966,267.284,268.616,269.941,271.237,272.48,273.65,274.73,275.718,276.63,277.514,278.463,279.642,281.316
65340.0,116.244,151.739,181.613,206.162,226.058,242.026,254.707,264.614,272.14,277.572,281.114,282.907,283.06,281.675,278.886,274.899,270.041,264.783,259.735,255.541,252.705,251.409,251.433,252.276,253.393,254.414,255.227,255.908,256.586,257.337,258.174,259.088,260.073,261.128,262.251,263.437,264.679,265.966,267.284,268.616,269.941,271.237,272.48,273.65,274.73,275.718,276.63,277.514,278.463,279.642,281.316
65400.0,115.941,151.131,180.833,205.327,225.25,241.295,254.074,264.084,271.706,277.224,280.84,282.698,282.908,281.574,278.829,274.879,270.049,264.811,259.772,255.576,252.733,251.426,251.44,252.277,253.391,254.412,255.226,255.908,256.586,257.337,258.174,259.088,260.073,261.128,262.251,263.437,264.679,265.966,267.284,268.616,269.941,271.237,272.48,273.65,274.73,275.718,276.63,277.514,278.463,279.642,281.316
65460.0,115.651,150.551,180.087,204.522,224.464,240.577,253.448,263.556,271.271,276.874,280.564,282.488,282.756,281.472,278.771,274.858,270.057,264.838,259.808,255.612,252.761,251.443,251.448,252.278,253.39,254.411,255.225,255.908,256.586,257.337,258.174,259.088,260.073,261.128,262.251,263.437,264.679,265.966,267.284,268.616,269.941,271.237,272.48,273.65,274.73,275.718,276.63,277.514,278.463,279.642,281.316
65520.0,115.375,149.998,179.37,203.743,223.698,239.871,252.827,263.029,270.836,276.523,280.288,282.278,282.603,281.37,278.712,274.836,270.064,264.864,259.843,255.647,252.788,251.46,251.455,252.28,253.389,254.409,255.224,255.908,256.586,257.337,258.174,259.088,260.072,261.127,262.251,263.437,264.679,265.966,267.284,268.616,269.941,271.237,272.48,273.65,274.73,275.718,276.63,277.514,278.463,279.642,281.316
65580.0,115.11,149.467,178.68,202.989,222.951,239.177,252.213,262.505,270.401,276.171,280.01,282.066,282.449,281.266,278.653,274.814,270.07,264.891,259.879,255.682,252.816,251.477,251.463,252.281,253.387,254.408,255.223,255.907,256.586,257.337,258.174,259.088,260.072,261.127,262.25,263.437,264.679,265.966,267.284,268.616,269.941,271.237,272.48,273.65,274.73,275.718,276.63,277.514,278.463,279.642,281.316
65640.0,114.855,148.957,178.016,202.258,222.222,238.496,251.606,261.983,269.967,275.818,279.732,281.852,282.294,281.162,278.593,274.791,270.077,264.916,259.914,255.717,252.843,251.494,251.47,252.282,253.386,254.406,255.223,255.907,256.586,257.337,258.174,259.088,260.072,261.127,262.25,263.437,264.679,265.966,267.284,268.616,269.941,271.237,272.48,273.65,274.73,275.718,276.63,277.514,278.463,279.642,281.316
65700.0,114.609,148.467,177.374,201.549,221.51,237.826,251.005,261.464,269.533,275.464,279.452,281.638,282.138,281.057,278.532,274.768,270.082,264.942,259.949,255.752,252.871,251.511,251.478,252.284,253.385,254.405,255.222,255.907,256.586,257.337,258.174,259.088,260.072,261.127,262.25,263.437,264.679,265.966,267.284,268.616,269.941,271.237,272.48,273.65,274.73,275.718,276.63,277.514,278.463,279.642,281.316
65760.0,114.371,147.993,176.752,200.861,220.816,237.169,250.412,260.949,269.099,275.111,279.171,281.423,281.98,280.951,278.471,274.744,270.087,264.967,259.984,255.786,252.898,251.528,251.485,252.285,253.384,254.403,255.221,255.907,256.586,257.337,258.174,259.087,260.072,261.127,262.25,263.437,264.679,265.966,267.284,268.616,269.941,271.237,272.48,273.649,274.73,275.718,276.63,277.514,278.463,279.642,281.316
65820.0,114.142,147.535,176.151,200.191,220.137,236.523,249.825,260.437,268.667,274.756,278.889,281.207,281.822,280.844,278.409,274.719,270.092,264.991,260.018,255.821,252.926,251.545,251.493,252.287,253.383,254.402,255.22,255.906,256.586,257.337,258.174,259.087,260.072,261.127,262.25,263.437,264.679,265.966,267.284,268.616,269.941,271.237,272.48,273.649,274.73,275.718,276.63,277.514,278.463,279.642,281.316
65880.0,113.919,147.092,175.567,199.539,219.473,235.888,249.246,259.929,268.236,274.402,278.607,280.99,281.663,280.737,278.346,274.693,270.096,265.016,260.052,255.855,252.953,251.562,251.501,252.288,253.382,254.4,255.219,255.906,256.586,257.337,258.174,259.087,260.072,261.127,262.25,263.437,264.679,265.966,267.284,268.616,269.941,271.237,272.48,273.649,274.73,275.718,276.63,277.514,278.463,279.642,281.316
65940.0,113.703,146.663,175.0,198.903,218.823,235.263,248.674,259.424,267.806,274.047,278.324,280.772,281.503,280.628,278.282,274.667,270.099,265.039,260.086,255.89,252.981,251.58,251.509,252.29,253.38,254.399,255.218,255.906,256.586,257.337,258.174,259.087,260.072,261.127,262.25,263.437,264.679,265.966,267.284,268.616,269.941,271.237,272.48,273.649,274.73,275.718,276.63,277.514,278.463,279.642,281.316
66000.0,113.493,146.246,174.449,198.284,218.188,234.65,248.109,258.924,267.378,273.693,278.04,280.552,281.343,280.519,278.217,274.64,270.102,265.063,260.12,255.924,253.008,251.597,251.516,252.291,253.379,254.398,255.218,255.906,256.586,257.337,258.174,259.087,260.072,261.127,262.25,263.437,264.679,265.966,267.284,268.616,269.941,271.237,272.48,273.649,274.73,275.718,276.63,277.514,278.463,279.642,281.316
66060.0,113.289,145.841,173.912,197.679,217.565,234.047,247.551,258.427,266.952,273.339,277.755,280.333,281.181,280.409,278.152,274.613,270.105,265.086,260.153,255.958,253.036,251.614,251.524,252.293,253.378,254.396,255.217,255.905,256.586,257.337,258.174,259.087,260.072,261.127,262.25,263.436,264.679,265.966,267.284,268.616,269.941,271.237,272.48,273.649,274.73,275.718,276.63,277.514,278.463,279.642,281.316
66120.0,113.09,145.447,173.39,197.088,216.955,233.453,247.0,257.935,266.528,272.985,277.47,280.112,281.018,280.298,278.086,274.585,270.107,265.108,260.186,255.992,253.063,251.632,251.532,252.295,253.377,254.395,255.216,255.905,256.586,257.337,258.174,259.087,260.072,261.127,262.25,263.436,264.678,265.966,267.284,268.616,269.941,271.237,272.48,273.649,274.73,275.718,276.63,277.514,278.463,279.642,281.317
66180.0,112.896,145.063,172.88,196.511,216.357,232.869,246.456,257.447,266.105,272.632,277.185,279.89,280.855,280.186,278.02,274.556,270.108,265.131,260.219,256.026,253.09,251.649,251.54,252.296,253.376,254.393,255.215,255.905,256.586,257.337,258.174,259.087,260.072,261.127,262.25,263.436,264.678,265.966,267.284,268.616,269.941,271.237,272.48,273.649,274.73,275.718,276.63,277.514,278.463,279.642,281.317
66240.0,112.707,144.69,172.383,195.946,215.77,232.295,245.918,256.963,265.685,272.279,276.899,279.668,280.69,280.073,277.952,274.527,270.109,265.152,260.252,256.059,253.117,251.666,251.548,252.298,253.375,254.392,255.214,255.905,256.586,257.337,258.174,259.087,260.072,261.127,262.25,263.436,264.678,265.965,267.284,268.615,269.941,271.237,272.48,273.649,274.73,275.718,276.63,277.514,278.463,279.642,281.317
66300.0,112.522,144.325,171.897,195.394,215.195,231.73,245.387,256.484,265.267,271.927,276.614,279.445,280.525,279.96,277.884,274.497,270.109,265.174,260.284,256.093,253.145,251.684,251.556,252.3,253.374,254.391,255.214,255.904,256.586,257.337,258.174,259.087,260.072,261.127,262.25,263.436,264.678,265.965,267.284,268.615,269.941,271.236,272.48,273.649,274.73,275.718,276.63,277.514,278.463,279.642,281.317
66360.0,112.341,143.969,171.423,194.853,214.63,231.173,244.863,256.009,264.851,271.576,276.328,279.221,280.359,279.846,277.815,274.467,270.109,265.195,260.316,256.126,253.172,251.701,251.564,252.301,253.373,254.389,255.213,255.904,256.586,257.337,258.174,259.087,260.072,261.127,262.25,263.436,264.678,265.965,267.284,268.615,269.941,271.236,272.48,273.649,274.73,275.718,276.63,277.514,278.463,279.642,281.317
66420.0,112.165,143.621,170.959,194.323,214.075,230.625,244.345,255.538,264.438,271.226,276.041,278.997,280.192,279.731,277.745,274.435,270.108,265.215,260.348,256.16,253.199,251.718,251.572,252.303,253.372,254.388,255.212,255.904,256.586,257.337,258.173,259.087,260.072,261.127,262.25,263.436,264.678,265.965,267.284,268.615,269.941,271.236,272.48,273.649,274.73,275.718,276.63,277.514,278.463,279.642,281.317
66480.0,111.992,143.282,170.504,193.803,213.53,230.085,243.834,255.071,264.027,270.876,275.755,278.772,280.025,279.615,277.675,274.403,270.107,265.235,260.379,256.193,253.226,251.736,251.58,252.305,253.371,254.386,255.211,255.903,256.586,257.337,258.173,259.087,260.072,261.127,262.25,263.436,264.678,265.965,267.284,268.615,269.941,271.236,272.48,273.649,274.73,275.718,276.63,277.514,278.463,279.642,281.317
66540.0,111.823,142.949,170.06,193.294,212.994,229.554,243.329,254.609,263.618,270.528,275.469,278.547,279.856,279.498,277.604,274.371,270.105,265.255,260.411,256.226,253.253,251.753,251.588,252.307,253.37,254.385,255.21,255.903,256.586,257.337,258.173,259.087,260.072,261.127,262.25,263.436,264.678,265.965,267.283,268.615,269.941,271.236,272.48,273.649,274.73,275.718,276.63,277.514,278.463,279.642,281.317
66600.0,111.657,142.624,169.624,192.794,212.467,229.03,242.829,254.151,263.213,270.181,275.183,278.321,279.687,279.381,277.532,274.338,270.103,265.275,260.442,256.258,253.28,251.771,251.597,252.309,253.369,254.384,255.209,255.903,256.586,257.337,258.173,259.087,260.072,261.127,262.25,263.436,264.678,265.965,267.283,268.615,269.941,271.236,272.48,273.649,274.73,275.718,276.63,277.514,278.463,279.642,281.317
66660.0,111.494,142.305,169.197,192.303,211.949,228.513,242.336,253.697,262.809,269.835,274.897,278.095,279.518,279.263,277.46,274.304,270.1,265.294,260.472,256.291,253.307,251.788,251.605,252.311,253.368,254.382,255.209,255.903,256.586,257.337,258.173,259.087,260.072,261.127,262.25,263.436,264.678,265.965,267.283,268.615,269.94,271.236,272.48,273.649,274.73,275.718,276.63,277.514,278.463,279.642,281.317
66720.0,111.335,141.993,168.779,191.821,211.44,228.004,241.849,253.247,262.408,269.49,274.612,277.869,279.347,279.144,277.386,274.27,270.097,265.312,260.503,256.324,253.334,251.806,251.613,252.312,253.367,254.381,255.208,255.902,256.586,257.337,258.173,259.087,260.072,261.127,262.25,263.436,264.678,265.965,267.283,268.615,269.94,271.236,272.48,273.649,274.73,275.718,276.63,277.514,278.463,279.642,281.317
66780.0,111.178,141.687,168.368,191.348,210.939,227.502,241.367,252.801,262.01,269.147,274.327,277.642,279.176,279.024,277.312,274.235,270.093,265.33,260.533,256.356,253.361,251.823,251.621,252.314,253.366,254.379,255.207,255.902,256.585,257.337,258.173,259.087,260.072,261.127,262.25,263.436,264.678,265.965,267.283,268.615,269.94,271.236,272.48,273.649,274.73,275.718,276.63,277.514,278.463,279.642,281.317
66840.0,111.024,141.387,167.965,190.883,210.445,227.007,240.891,252.36,261.615,268.805,274.042,277.415,279.005,278.904,277.238,274.199,270.088,265.348,260.563,256.388,253.388,251.841,251.63,252.316,253.365,254.378,255.206,255.902,256.585,257.337,258.173,259.087,260.072,261.127,262.25,263.436,264.678,265.965,267.283,268.615,269.94,271.236,272.48,273.649,274.73,275.718,276.63,277.514,278.463,279.642,281.317
66900.0,110.873,141.092,167.57,190.426,209.959,226.518,240.42,251.922,261.222,268.464,273.757,277.187,278.833,278.783,277.162,274.163,270.083,265.365,260.593,256.42,253.415,251.858,251.638,252.318,253.364,254.377,255.205,255.902,256.585,257.337,258.173,259.087,260.072,261.127,262.25,263.436,264.678,265.965,267.283,268.615,269.94,271.236,272.48,273.649,274.73,275.718,276.63,277.514,278.463,279.642,281.317
66960.0,110.725,140.803,167.181,189.976,209.481,226.036,239.955,251.489,260.831,268.125,273.473,276.96,278.66,278.661,277.086,274.126,270.078,265.382,260.622,256.452,253.442,251.876,251.646,252.32,253.363,254.375,255.205,255.901,256.585,257.337,258.173,259.087,260.071,261.127,262.25,263.436,264.678,265.965,267.283,268.615,269.94,271.236,272.48,273.649,274.73,275.718,276.63,277.514,278.463,279.642,281.317
67020.0,110.579,140.519,166.799,189.534,209.009,225.561,239.494,251.059,260.444,267.787,273.19,276.732,278.487,278.539,277.01,274.088,270.072,265.399,260.651,256.484,253.468,251.893,251.655,252.323,253.362,254.374,255.204,255.901,256.585,257.337,258.173,259.087,260.071,261.126,262.25,263.436,264.678,265.965,267.283,268.615,269.94,271.236,272.48,273.649,274.73,275.718,276.63,277.514,278.463,279.642,281.317
67080.0,110.436,140.241,166.424,189.098,208.545,225.091,239.039,250.633,260.059,267.45,272.907,276.504,278.313,278.416,276.932,274.05,270.065,265.415,260.68,256.516,253.495,251.911,251.663,252.325,253.362,254.373,255.203,255.901,256.585,257.337,258.173,259.087,260.071,261.126,262.25,263.436,264.678,265.965,267.283,268.615,269.94,271.236,272.48,273.649,274.73,275.718,276.63,277.514,278.463,279.642,281.317
67140.0,110.294,139.966,166.055,188.67,208.087,224.628,238.589,250.212,259.676,267.116,272.625,276.276,278.139,278.292,276.854,274.012,270.058,265.431,260.708,256.547,253.522,251.929,251.672,252.327,253.361,254.371,255.202,255.901,256.585,257.337,258.173,259.087,260.071,261.126,262.249,263.436,264.678,265.965,267.283,268.615,269.94,271.236,272.48,273.649,274.73,275.718,276.63,277.514,278.463,279.642,281.317
67200.0,110.156,139.697,165.692,188.248,207.636,224.171,238.144,249.794,259.297,266.782,272.343,276.048,277.964,278.168,276.775,273.972,270.051,265.446,260.737,256.579,253.548,251.946,251.68,252.329,253.36,254.37,255.201,255.9,256.585,257.337,258.173,259.086,260.071,261.126,262.249,263.436,264.678,265.965,267.283,268.615,269.94,271.236,272.48,273.649,274.73,275.718,276.63,277.514,278.463,279.642,281.317
67260.0,110.019,139.432,165.335,187.833,207.191,223.719,237.704,249.379,258.92,266.451,272.062,275.821,277.789,278.043,276.696,273.932,270.043,265.461,260.765,256.61,253.575,251.964,251.689,252.331,253.359,254.369,255.2,255.9,256.585,257.337,258.173,259.086,260.071,261.126,262.249,263.436,264.678,265.965,267.283,268.615,269.94,271.236,272.48,273.649,274.73,275.718,276.63,277.514,278.463,279.642,281.317
67320.0,109.884,139.171,164.983,187.424,206.751,223.273,237.269,248.969,258.545,266.121,271.782,275.593,277.613,277.917,276.616,273.892,270.034,265.475,260.792,256.641,253.601,251.981,251.698,252.333,253.358,254.367,255.2,255.9,256.585,257.337,258.173,259.086,260.071,261.126,262.249,263.436,264.678,265.965,267.283,268.615,269.94,271.236,272.48,273.649,274.73,275.718,276.63,277.514,278.463,279.642,281.317
67380.0,109.751,138.915,164.637,187.02,206.318,222.832,236.838,248.562,258.173,265.792,271.502,275.365,277.437,277.791,276.535,273.85,270.025,265.49,260.82,256.672,253.628,251.999,251.706,252.336,253.358,254.366,255.199,255.899,256.585,257.337,258.173,259.086,260.071,261.126,262.249,263.436,264.678,265.965,267.283,268.615,269.94,271.236,272.479,273.649,274.73,275.718,276.63,277.514,278.463,279.642,281.317
67440.0,109.621,138.663,164.296,186.623,205.891,222.396,236.411,248.159,257.804,265.465,271.223,275.137,277.261,277.664,276.454,273.809,270.015,265.503,260.847,256.703,253.654,252.017,251.715,252.338,253.357,254.365,255.198,255.899,256.585,257.337,258.173,259.086,260.071,261.126,262.249,263.436,264.678,265.965,267.283,268.615,269.94,271.236,272.479,273.649,274.73,275.718,276.63,277.514,278.463,279.642,281.317
67500.0,109.492,138.414,163.961,186.231,205.469,221.966,235.989,247.759,257.437,265.14,270.945,274.91,277.085,277.537,276.372,273.766,270.005,265.517,260.874,256.733,253.68,252.034,251.724,252.34,253.356,254.363,255.197,255.899,256.585,257.337,258.173,259.086,260.071,261.126,262.249,263.436,264.678,265.965,267.283,268.615,269.94,271.236,272.479,273.649,274.73,275.718,276.63,277.514,278.463,279.642,281.317
67560.0,109.365,138.169,163.63,185.845,205.053,221.541,235.572,247.362,257.073,264.816,270.668,274.682,276.908,277.409,276.289,273.723,269.995,265.529,260.9,256.764,253.707,252.052,251.732,252.343,253.355,254.362,255.196,255.899,256.585,257.337,258.173,259.086,260.071,261.126,262.249,263.436,264.678,265.965,267.283,268.615,269.94,271.236,272.479,273.649,274.73,275.718,276.63,277.514,278.463,279.642,281.317
67620.0,109.239,137.928,163.304,185.464,204.642,221.12,235.159,246.97,256.711,264.494,270.391,274.455,276.731,277.281,276.206,273.68,269.983,265.542,260.927,256.794,253.733,252.07,251.741,252.345,253.355,254.361,255.196,255.898,256.585,257.337,258.173,259.086,260.071,261.126,262.249,263.436,264.678,265.965,267.283,268.615,269.94,271.236,272.479,273.649,274.73,275.718,276.63,277.514,278.463,279.642,281.317
67680.0,109.116,137.69,162.983,185.088,204.236,220.704,234.749,246.58,256.352,264.174,270.116,274.228,276.554,277.152,276.123,273.636,269.972,265.554,260.953,256.824,253.759,252.087,251.75,252.347,253.354,254.359,255.195,255.898,256.585,257.337,258.173,259.086,260.071,261.126,262.249,263.436,264.678,265.965,267.283,268.615,269.94,271.236,272.479,273.649,274.73,275.718,276.63,277.514,278.463,279.642,281.317
67740.0,108.994,137.456,162.666,184.717,203.835,220.293,234.344,246.194,255.996,263.855,269.841,274.001,276.376,277.023,276.038,273.591,269.96,265.566,260.978,256.854,253.785,252.105,251.759,252.35,253.353,254.358,255.194,255.898,256.585,257.337,258.173,259.086,260.071,261.126,262.249,263.435,264.678,265.965,267.283,268.615,269.94,271.236,272.479,273.649,274.73,275.718,276.63,277.514,278.463,279.642,281.317
67800.0,108.874,137.225,162.354,184.351,203.439,219.887,233.943,245.811,255.642,263.538,269.567,273.775,276.199,276.893,275.953,273.546,269.947,265.577,261.004,256.884,253.811,252.123,251.768,252.352,253.353,254.357,255.193,255.897,256.585,257.337,258.173,259.086,260.071,261.126,262.249,263.435,264.678,265.965,267.283,268.615,269.94,271.236,272.479,273.649,274.73,275.718,276.63,277.514,278.463,279.642,281.317
67860.0,108.755,136.998,162.046,183.989,203.048,219.485,233.546,245.432,255.29,263.223,269.295,273.548,276.021,276.763,275.868,273.5,269.934,265.588,261.029,256.913,253.837,252.141,251.777,252.355,253.352,254.356,255.192,255.897,256.585,257.336,258.173,259.086,260.071,261.126,262.249,263.435,264.677,265.965,267.283,268.615,269.94,271.236,272.479,273.649,274.73,275.718,276.63,277.514,278.463,279.642,281.317
67920.0,108.637,136.773,161.742,183.633,202.662,219.088,233.153,245.055,254.941,262.909,269.023,273.323,275.843,276.633,275.782,273.453,269.92,265.598,261.054,256.943,253.863,252.158,251.786,252.357,253.351,254.354,255.191,255.897,256.585,257.336,258.173,259.086,260.071,261.126,262.249,263.435,264.677,265.965,267.283,268.615,269.94,271.236,272.479,273.649,274.73,275.718,276.63,277.514,278.463,279.642,281.317
67980.0,108.522,136.551,161.442,183.28,202.28,218.694,232.763,244.682,254.594,262.597,268.752,273.097,275.665,276.502,275.695,273.406,269.906,265.608,261.079,256.972,253.889,252.176,251.795,252.36,253.351,254.353,255.191,255.897,256.585,257.336,258.173,259.086,260.071,261.126,262.249,263.435,264.677,265.965,267.283,268.615,269.94,271.236,272.479,273.649,274.73,275.718,276.63,277.514,278.463,279.642,281.317
68040.0,108.407,136.333,161.146,182.933,201.902,218.305,232.378,244.312,254.249,262.286,268.482,272.872,275.486,276.37,275.608,273.359,269.891,265.618,261.103,257.001,253.915,252.194,251.804,252.362,253.35,254.352,255.19,255.896,256.585,257.336,258.173,259.086,260.071,261.126,262.249,263.435,264.677,265.965,267.283,268.615,269.94,271.236,272.479,273.649,274.73,275.718,276.63,277.514,278.463,279.642,281.317
68100.0,108.294,136.117,160.854,182.589,201.529,217.92,231.996,243.945,253.907,261.978,268.213,272.647,275.308,276.238,275.521,273.311,269.876,265.627,261.127,257.03,253.941,252.212,251.813,252.365,253.35,254.351,255.189,255.896,256.585,257.336,258.173,259.086,260.071,261.126,262.249,263.435,264.677,265.964,267.283,268.615,269.94,271.236,272.479,273.649,274.73,275.718,276.63,277.514,278.463,279.642,281.317
68160.0,108.183,135.904,160.565,182.25,201.16,217.539,231.617,243.581,253.568,261.67,267.945,272.423,275.13,276.106,275.432,273.262,269.86,265.636,261.151,257.059,253.966,252.229,251.822,252.368,253.349,254.349,255.188,255.896,256.585,257.336,258.172,259.086,260.071,261.126,262.249,263.435,264.677,265.964,267.283,268.615,269.94,271.236,272.479,273.649,274.73,275.718,276.63,277.514,278.463,279.642,281.317
68220.0,108.072,135.694,160.28,181.914,200.795,217.162,231.242,243.22,253.23,261.365,267.678,272.199,274.951,275.974,275.344,273.213,269.844,265.644,261.174,257.088,253.992,252.247,251.831,252.37,253.349,254.348,255.187,255.895,256.584,257.336,258.172,259.086,260.071,261.126,262.249,263.435,264.677,265.964,267.283,268.615,269.94,271.236,272.479,273.649,274.73,275.718,276.63,277.514,278.463,279.642,281.317
68280.0,107.963,135.487,159.999,181.583,200.434,216.789,230.871,242.861,252.895,261.061,267.411,271.975,274.773,275.841,275.255,273.163,269.827,265.652,261.197,257.117,254.018,252.265,251.84,252.373,253.348,254.347,255.187,255.895,256.584,257.336,258.172,259.086,260.071,261.126,262.249,263.435,264.677,265.964,267.283,268.615,269.94,271.236,272.479,273.649,274.73,275.718,276.63,277.514,278.463,279.642,281.317
68340.0,107.856,135.282,159.721,181.255,200.077,216.419,230.502,242.506,252.562,260.759,267.146,271.752,274.595,275.708,275.165,273.113,269.81,265.66,261.22,257.145,254.043,252.283,251.849,252.376,253.347,254.346,255.186,255.895,256.584,257.336,258.172,259.086,260.071,261.126,262.249,263.435,264.677,265.964,267.283,268.615,269.94,271.236,272.479,273.649,274.73,275.718,276.63,277.514,278.463,279.642,281.317
68400.0,107.749,135.079,159.447,180.932,199.724,216.054,230.137,242.153,252.232,260.458,266.882,271.529,274.416,275.574,275.075,273.062,269.792,265.667,261.243,257.173,254.069,252.3,251.858,252.378,253.347,254.344,255.185,255.895,256.584,257.336,258.172,259.086,260.07,261.126,262.249,263.435,264.677,265.964,267.283,268.615,269.94,271.236,272.479,273.649,274.73,275.718,276.63,277.514,278.463,279.642,281.317
68460.0,107.644,134.879,159.175,180.611,199.375,215.691,229.776,241.804,251.904,260.159,266.619,271.307,274.238,275.441,274.984,273.011,269.774,265.674,261.265,257.201,254.094,252.318,251.867,252.381,253.346,254.343,255.184,255.894,256.584,257.336,258.172,259.086,260.07,261.126,262.249,263.435,264.677,265.964,267.283,268.615,269.94,271.236,272.479,273.649,274.73,275.718,276.63,277.514,278.463,279.642,281.317
68520.0,107.54,134.682,158.907,180.295,199.029,215.333,229.418,241.457,251.577,259.862,266.357,271.085,274.059,275.307,274.893,272.959,269.755,265.681,261.287,257.229,254.119,252.336,251.877,252.384,253.346,254.342,255.183,255.894,256.584,257.336,258.172,259.086,260.07,261.125,262.249,263.435,264.677,265.964,267.283,268.614,269.94,271.236,272.479,273.649,274.73,275.718,276.63,277.514,278.463,279.642,281.317
68580.0,107.437,134.486,158.642,179.982,198.687,214.977,229.062,241.113,251.253,259.566,266.096,270.864,273.881,275.172,274.802,272.907,269.736,265.687,261.309,257.257,254.145,252.354,251.886,252.387,253.346,254.341,255.182,255.894,256.584,257.336,258.172,259.085,260.07,261.125,262.249,263.435,264.677,265.964,267.282,268.614,269.94,271.236,272.479,273.649,274.73,275.718,276.63,277.514,278.463,279.642,281.317
68640.0,107.335,134.293,158.38,179.672,198.348,214.626,228.71,240.771,250.932,259.272,265.836,270.643,273.703,275.038,274.71,272.854,269.716,265.692,261.331,257.284,254.17,252.372,251.895,252.39,253.345,254.339,255.182,255.893,256.584,257.336,258.172,259.085,260.07,261.125,262.249,263.435,264.677,265.964,267.282,268.614,269.94,271.236,272.479,273.649,274.73,275.718,276.63,277.514,278.463,279.642,281.317
68700.0,107.234,134.103,158.121,179.366,198.013,214.277,228.361,240.432,250.612,258.98,265.577,270.423,273.525,274.903,274.617,272.8,269.696,265.698,261.352,257.312,254.195,252.389,251.905,252.393,253.345,254.338,255.181,255.893,256.584,257.336,258.172,259.085,260.07,261.125,262.249,263.435,264.677,265.964,267.282,268.614,269.94,271.236,272.479,273.649,274.729,275.718,276.63,277.514,278.463,279.642,281.317
68760.0,107.134,133.914,157.865,179.063,197.682,213.932,228.015,240.096,250.294,258.689,265.32,270.203,273.347,274.768,274.525,272.746,269.676,265.702,261.373,257.339,254.22,252.407,251.914,252.395,253.344,254.337,255.18,255.893,256.584,257.336,258.172,259.085,260.07,261.125,262.248,263.435,264.677,265.964,267.282,268.614,269.94,271.236,272.479,273.649,274.729,275.718,276.63,277.514,278.463,279.642,281.317
68820.0,107.035,133.728,157.612,178.763,197.353,213.59,227.672,239.762,249.979,258.399,265.063,269.984,273.169,274.633,274.432,272.692,269.655,265.707,261.393,257.366,254.245,252.425,251.923,252.398,253.344,254.336,255.179,255.892,256.584,257.336,258.172,259.085,260.07,261.125,262.248,263.435,264.677,265.964,267.282,268.614,269.94,271.236,272.479,273.649,274.729,275.718,276.63,277.513,278.463,279.642,281.317
68880.0,106.938,133.543,157.362,178.467,197.028,213.251,227.332,239.431,249.666,258.111,264.807,269.765,272.991,274.498,274.338,272.637,269.633,265.711,261.414,257.393,254.27,252.443,251.933,252.401,253.344,254.335,255.178,255.892,256.584,257.336,258.172,259.085,260.07,261.125,262.248,263.435,264.677,265.964,267.282,268.614,269.94,271.236,272.479,273.649,274.729,275.718,276.63,277.513,278.463,279.642,281.317
68940.0,106.841,133.361,157.114,178.173,196.706,212.915,226.994,239.102,249.354,257.825,264.552,269.547,272.813,274.362,274.244,272.582,269.611,265.714,261.434,257.419,254.295,252.46,251.942,252.404,253.343,254.333,255.178,255.892,256.584,257.336,258.172,259.085,260.07,261.125,262.248,263.435,264.677,265.964,267.282,268.614,269.94,271.236,272.479,273.649,274.729,275.718,276.63,277.513,278.463,279.642,281.317
69000.0,106.745,133.181,156.869,177.883,196.388,212.583,226.659,238.775,249.045,257.54,264.298,269.33,272.636,274.226,274.15,272.526,269.589,265.718,261.453,257.446,254.32,252.478,251.952,252.407,253.343,254.332,255.177,255.892,256.584,257.336,258.172,259.085,260.07,261.125,262.248,263.435,264.677,265.964,267.282,268.614,269.94,271.236,272.479,273.649,274.729,275.718,276.63,277.513,278.463,279.642,281.317
69060.0,106.65,133.002,156.626,177.595,196.072,212.253,226.328,238.451,248.738,257.257,264.046,269.113,272.458,274.09,274.055,272.47,269.566,265.721,261.473,257.472,254.344,252.496,251.961,252.41,253.343,254.331,255.176,255.891,256.584,257.336,258.172,259.085,260.07,261.125,262.248,263.435,264.677,265.964,267.282,268.614,269.94,271.236,272.479,273.649,274.729,275.718,276.63,277.513,278.463,279.642,281.317
69120.0,106.556,132.826,156.386,177.311,195.759,211.926,225.998,238.13,248.432,256.975,263.794,268.897,272.281,273.954,273.96,272.413,269.542,265.723,261.492,257.498,254.369,252.514,251.971,252.414,253.342,254.33,255.175,255.891,256.584,257.336,258.172,259.085,260.07,261.125,262.248,263.435,264.677,265.964,267.282,268.614,269.94,271.236,272.479,273.649,274.729,275.718,276.63,277.513,278.463,279.642,281.317
69180.0,106.463,132.651,156.149,177.029,195.449,211.602,225.672,237.811,248.129,256.695,263.544,268.681,272.104,273.818,273.865,272.356,269.519,265.725,261.511,257.524,254.393,252.532,251.98,252.417,253.342,254.329,255.174,255.891,256.584,257.336,258.172,259.085,260.07,261.125,262.248,263.435,264.677,265.964,267.282,268.614,269.939,271.236,272.479,273.649,274.729,275.718,276.63,277.513,278.463,279.642,281.317
69240.0,106.371,132.478,155.914,176.75,195.143,211.281,225.348,237.494,247.827,256.417,263.294,268.466,271.927,273.682,273.769,272.299,269.494,265.727,261.529,257.55,254.418,252.549,251.99,252.42,253.342,254.328,255.173,255.89,256.584,257.336,258.172,259.085,260.07,261.125,262.248,263.435,264.677,265.964,267.282,268.614,269.939,271.235,272.479,273.649,274.729,275.718,276.63,277.513,278.463,279.642,281.317
69300.0,106.28,132.307,155.681,176.474,194.838,210.963,225.027,237.179,247.528,256.139,263.045,268.251,271.751,273.546,273.673,272.241,269.47,265.728,261.548,257.576,254.442,252.567,251.999,252.423,253.341,254.326,255.173,255.89,256.584,257.336,258.172,259.085,260.07,261.125,262.248,263.435,264.677,265.964,267.282,268.614,269.939,271.235,272.479,273.649,274.729,275.718,276.63,277.513,278.463,279.642,281.317
69360.0,106.19,132.137,155.451,176.2,194.537,210.647,224.708,236.867,247.23,255.864,262.798,268.037,271.574,273.409,273.576,272.182,269.444,265.729,261.566,257.601,254.467,252.585,252.009,252.426,253.341,254.325,255.172,255.89,256.583,257.336,258.172,259.085,260.07,261.125,262.248,263.435,264.677,265.964,267.282,268.614,269.939,271.235,272.479,273.649,274.729,275.718,276.63,277.513,278.463,279.642,281.317
69420.0,106.1,131.97,155.223,175.929,194.239,210.334,224.392,236.557,246.934,255.589,262.552,267.824,271.398,273.272,273.48,272.124,269.419,265.73,261.583,257.626,254.491,252.603,252.019,252.429,253.341,254.324,255.171,255.889,256.583,257.336,258.172,259.085,260.07,261.125,262.248,263.434,264.677,265.964,267.282,268.614,269.939,271.235,272.479,273.649,274.729,275.718,276.63,277.513,278.463,279.642,281.317
69480.0,106.011,131.804,154.997,175.661,193.943,210.024,224.078,236.249,246.64,255.316,262.306,267.611,271.222,273.136,273.383,272.064,269.393,265.73,261.601,257.651,254.515,252.62,252.028,252.433,253.341,254.323,255.17,255.889,256.583,257.336,258.172,259.085,260.07,261.125,262.248,263.434,264.677,265.964,267.282,268.614,269.939,271.235,272.479,273.649,274.729,275.718,276.63,277.513,278.463,279.642,281.317
69540.0,105.923,131.64,154.774,175.395,193.65,209.716,223.767,235.943,246.348,255.045,262.062,267.399,271.047,272.999,273.285,272.005,269.366,265.729,261.618,257.676,254.539,252.638,252.038,252.436,253.341,254.322,255.169,255.889,256.583,257.336,258.172,259.085,260.07,261.125,262.248,263.434,264.677,265.964,267.282,268.614,269.939,271.235,272.479,273.649,274.729,275.718,276.63,277.513,278.463,279.642,281.317
69600.0,105.836,131.477,154.552,175.132,193.359,209.411,223.458,235.639,246.058,254.775,261.818,267.188,270.871,272.862,273.188,271.945,269.339,265.729,261.635,257.701,254.563,252.656,252.048,252.439,253.34,254.321,255.169,255.888,256.583,257.336,258.172,259.085,260.07,261.125,262.248,263.434,264.677,265.964,267.282,268.614,269.939,271.235,272.479,273.649,274.729,275.718,276.63,277.513,278.463,279.642,281.317
69660.0,105.75,131.316,154.333,174.871,193.071,209.109,223.151,235.338,245.769,254.507,261.576,266.977,270.696,272.725,273.09,271.884,269.312,265.728,261.651,257.726,254.587,252.673,252.057,252.442,253.34,254.32,255.168,255.888,256.583,257.336,258.172,259.085,260.07,261.125,262.248,263.434,264.676,265.964,267.282,268.614,269.939,271.235,272.479,273.649,274.729,275.718,276.63,277.513,278.463,279.642,281.317
69720.0,105.664,131.156,154.116,174.612,192.786,208.808,222.847,235.038,245.482,254.24,261.335,266.767,270.521,272.588,272.992,271.823,269.284,265.726,261.668,257.75,254.611,252.691,252.067,252.446,253.34,254.319,255.167,255.888,256.583,257.336,258.172,259.085,260.07,261.125,262.248,263.434,264.676,265.964,267.282,268.614,269.939,271.235,272.479,273.649,274.729,275.718,276.63,277.513,278.463,279.642,281.317
69780.0,105.58,130.998,153.901,174.356,192.502,208.511,222.545,234.741,245.197,253.974,261.094,266.557,270.347,272.452,272.894,271.762,269.256,265.725,261.684,257.774,254.635,252.709,252.077,252.449,253.34,254.318,255.166,255.887,256.583,257.336,258.172,259.085,260.07,261.125,262.248,263.434,264.676,265.964,267.282,268.614,269.939,271.235,272.479,273.649,274.729,275.718,276.63,277.513,278.463,279.642,281.317
69840.0,105.496,130.841,153.688,174.102,192.222,208.215,222.245,234.446,244.914,253.709,260.855,266.348,270.172,272.315,272.795,271.7,269.227,265.722,261.699,257.798,254.659,252.726,252.087,252.453,253.34,254.316,255.165,255.887,256.583,257.336,258.172,259.085,260.069,261.125,262.248,263.434,264.676,265.964,267.282,268.614,269.939,271.235,272.479,273.649,274.729,275.718,276.63,277.513,278.463,279.642,281.317
69900.0,105.412,130.686,153.477,173.85,191.944,207.922,221.948,234.152,244.633,253.447,260.617,266.14,269.998,272.178,272.696,271.638,269.198,265.72,261.715,257.822,254.682,252.744,252.096,252.456,253.34,254.315,255.165,255.887,256.583,257.336,258.172,259.085,260.069,261.125,262.248,263.434,264.676,265.964,267.282,268.614,269.939,271.235,272.479,273.649,274.729,275.718,276.63,277.513,278.463,279.642,281.317
69960.0,105.329,130.533,153.267,173.601,191.668,207.632,221.652,233.861,244.353,253.185,260.38,265.932,269.824,272.041,272.597,271.576,269.169,265.717,261.73,257.846,254.706,252.762,252.106,252.459,253.34,254.314,255.164,255.887,256.583,257.336,258.172,259.085,260.069,261.125,262.248,263.434,264.676,265.964,267.282,268.614,269.939,271.235,272.479,273.648,274.729,275.718,276.63,277.513,278.463,279.642,281.317
70020.0,105.247,130.38,153.06,173.354,191.394,207.343,221.359,233.571,244.075,252.925,260.143,265.725,269.651,271.904,272.498,271.513,269.139,265.714,261.745,257.869,254.729,252.779,252.116,252.463,253.34,254.313,255.163,255.886,256.583,257.336,258.171,259.084,260.069,261.125,262.248,263.434,264.676,265.963,267.282,268.614,269.939,271.235,272.479,273.648,274.729,275.718,276.63,277.513,278.463,279.642,281.317
70080.0,105.166,130.229,152.855,173.109,191.123,207.057,221.068,233.284,243.798,252.666,259.908,265.519,269.478,271.767,272.398,271.45,269.109,265.71,261.759,257.892,254.753,252.797,252.126,252.466,253.34,254.312,255.162,255.886,256.583,257.336,258.171,259.084,260.069,261.124,262.248,263.434,264.676,265.963,267.282,268.614,269.939,271.235,272.479,273.648,274.729,275.718,276.63,277.513,278.463,279.642,281.317
70140.0,105.086,130.08,152.651,172.866,190.853,206.773,220.779,232.998,243.523,252.408,259.674,265.313,269.305,271.63,272.299,271.387,269.078,265.706,261.774,257.916,254.776,252.815,252.136,252.47,253.34,254.311,255.161,255.886,256.583,257.336,258.171,259.084,260.069,261.124,262.248,263.434,264.676,265.963,267.282,268.614,269.939,271.235,272.479,273.648,274.729,275.718,276.63,277.513,278.463,279.642,281.317
70200.0,105.006,129.932,152.449,172.625,190.587,206.492,220.492,232.714,243.25,252.152,259.441,265.108,269.132,271.493,272.199,271.323,269.047,265.702,261.788,257.938,254.799,252.832,252.146,252.473,253.34,254.31,255.161,255.885,256.583,257.336,258.171,259.084,260.069,261.124,262.248,263.434,264.676,265.963,267.282,268.614,269.939,271.235,272.479,273.648,274.729,275.718,276.63,277.513,278.463,279.642,281.317
70260.0,104.926,129.785,152.249,172.386,190.322,206.212,220.207,232.433,242.978,251.897,259.208,264.904,268.96,271.356,272.098,271.259,269.016,265.697,261.801,257.961,254.822,252.85,252.156,252.477,253.34,254.309,255.16,255.885,256.583,257.336,258.171,259.084,260.069,261.124,262.248,263.434,264.676,265.963,267.282,268.614,269.939,271.235,272.479,273.648,274.729,275.718,276.63,277.513,278.463,279.642,281.317
70320.0,104.848,129.639,152.051,172.149,190.059,205.935,219.924,232.153,242.708,251.643,258.977,264.7,268.788,271.219,271.998,271.194,268.984,265.692,261.815,257.984,254.845,252.867,252.166,252.481,253.34,254.308,255.159,255.885,256.583,257.336,258.171,259.084,260.069,261.124,262.247,263.434,264.676,265.963,267.282,268.614,269.939,271.235,272.479,273.648,274.729,275.718,276.63,277.513,278.463,279.643,281.317
70380.0,104.77,129.495,151.854,171.914,189.798,205.659,219.644,231.874,242.44,251.391,258.747,264.497,268.617,271.082,271.898,271.13,268.952,265.686,261.828,258.006,254.868,252.885,252.176,252.484,253.34,254.307,255.158,255.884,256.582,257.336,258.171,259.084,260.069,261.124,262.247,263.434,264.676,265.963,267.282,268.614,269.939,271.235,272.479,273.648,274.729,275.718,276.63,277.513,278.463,279.643,281.317
70440.0,104.692,129.352,151.66,171.681,189.54,205.386,219.365,231.598,242.173,251.14,258.517,264.294,268.445,270.946,271.797,271.065,268.919,265.681,261.841,258.028,254.891,252.903,252.186,252.488,253.34,254.306,255.157,255.884,256.582,257.336,258.171,259.084,260.069,261.124,262.247,263.434,264.676,265.963,267.282,268.614,269.939,271.235,272.479,273.648,274.729,275.718,276.63,277.513,278.463,279.643,281.317
70500.0,104.615,129.21,151.466,171.45,189.283,205.115,219.088,231.323,241.907,250.89,258.289,264.093,268.275,270.809,271.696,270.999,268.886,265.674,261.853,258.05,254.914,252.92,252.196,252.492,253.34,254.305,255.157,255.884,256.582,257.336,258.171,259.084,260.069,261.124,262.247,263.434,264.676,265.963,267.282,268.614,269.939,271.235,272.479,273.648,274.729,275.718,276.63,277.513,278.463,279.643,281.317
70560.0,104.539,129.069,151.275,171.221,189.029,204.845,218.813,231.05,241.643,250.642,258.062,263.891,268.104,270.672,271.595,270.933,268.853,265.668,261.865,258.072,254.937,252.938,252.206,252.495,253.34,254.304,255.156,255.883,256.582,257.336,258.171,259.084,260.069,261.124,262.247,263.434,264.676,265.963,267.282,268.614,269.939,271.235,272.479,273.648,274.729,275.718,276.63,277.513,278.463,279.643,281.317
70620.0,104.463,128.93,151.085,170.994,188.776,204.578,218.539,230.779,241.381,250.394,257.835,263.691,267.934,270.536,271.494,270.867,268.819,265.661,261.877,258.094,254.959,252.955,252.216,252.499,253.34,254.303,255.155,255.883,256.582,257.336,258.171,259.084,260.069,261.124,262.247,263.434,264.676,265.963,267.281,268.614,269.939,271.235,272.479,273.648,274.729,275.718,276.63,277.513,278.463,279.643,281.317
70680.0,104.388,128.791,150.896,170.768,188.526,204.313,218.268,230.509,241.12,250.148,257.61,263.491,267.764,270.399,271.393,270.801,268.785,265.654,261.889,258.115,254.982,252.973,252.226,252.503,253.34,254.302,255.154,255.883,256.582,257.336,258.171,259.084,260.069,261.124,262.247,263.434,264.676,265.963,267.281,268.614,269.939,271.235,272.479,273.648,274.729,275.718,276.63,277.513,278.463,279.643,281.317
70740.0,104.314,128.654,150.71,170.545,188.277,204.049,217.999,230.242,240.861,249.904,257.385,263.292,267.594,270.263,271.291,270.735,268.751,265.646,261.9,258.136,255.004,252.99,252.236,252.507,253.34,254.301,255.153,255.882,256.582,257.336,258.171,259.084,260.069,261.124,262.247,263.434,264.676,265.963,267.281,268.613,269.939,271.235,272.479,273.648,274.729,275.717,276.63,277.513,278.463,279.643,281.317
70800.0,104.24,128.518,150.524,170.323,188.03,203.787,217.731,229.975,240.603,249.66,257.161,263.093,267.425,270.126,271.19,270.668,268.716,265.638,261.911,258.158,255.027,253.007,252.246,252.51,253.341,254.3,255.153,255.882,256.582,257.336,258.171,259.084,260.069,261.124,262.247,263.434,264.676,265.963,267.281,268.613,269.939,271.235,272.478,273.648,274.729,275.717,276.63,277.513,278.463,279.643,281.317
70860.0,104.167,128.383,150.34,170.103,187.786,203.528,217.465,229.711,240.346,249.418,256.939,262.895,267.256,269.99,271.088,270.601,268.681,265.63,261.922,258.178,255.049,253.025,252.256,252.514,253.341,254.299,255.152,255.882,256.582,257.336,258.171,259.084,260.069,261.124,262.247,263.434,264.676,265.963,267.281,268.613,269.939,271.235,272.478,273.648,274.729,275.717,276.63,277.513,278.463,279.643,281.317
70920.0,104.094,128.249,150.158,169.884,187.542,203.27,217.201,229.448,240.091,249.176,256.717,262.698,267.088,269.854,270.986,270.533,268.645,265.621,261.933,258.199,255.071,253.042,252.267,252.518,253.341,254.298,255.151,255.881,256.582,257.336,258.171,259.084,260.069,261.124,262.247,263.434,264.676,265.963,267.281,268.613,269.939,271.235,272.478,273.648,274.729,275.717,276.63,277.513,278.463,279.643,281.317
70980.0,104.021,128.117,149.977,169.668,187.301,203.014,216.939,229.186,239.837,248.936,256.496,262.501,266.92,269.718,270.884,270.465,268.609,265.612,261.943,258.22,255.093,253.06,252.277,252.522,253.341,254.297,255.15,255.881,256.582,257.336,258.171,259.084,260.069,261.124,262.247,263.434,264.676,265.963,267.281,268.613,269.939,271.235,272.478,273.648,274.729,275.717,276.63,277.513,278.463,279.643,281.317
71040.0,103.95,127.985,149.798,169.453,187.062,202.759,216.678,228.927,239.585,248.698,256.276,262.305,266.752,269.582,270.782,270.397,268.573,265.603,261.953,258.24,255.115,253.077,252.287,252.526,253.341,254.296,255.149,255.881,256.582,257.336,258.171,259.084,260.069,261.124,262.247,263.434,264.676,265.963,267.281,268.613,269.939,271.235,272.478,273.648,274.729,275.717,276.63,277.513,278.463,279.643,281.317
71100.0,103.878,127.854,149.62,169.239,186.824,202.507,216.419,228.669,239.334,248.46,256.057,262.11,266.585,269.446,270.68,270.329,268.537,265.593,261.963,258.26,255.137,253.094,252.297,252.53,253.342,254.295,255.149,255.88,256.582,257.336,258.171,259.084,260.069,261.124,262.247,263.433,264.676,265.963,267.281,268.613,269.939,271.235,272.478,273.648,274.729,275.717,276.63,277.513,278.463,279.643,281.317
71160.0,103.808,127.725,149.443,169.028,186.588,202.256,216.162,228.412,239.085,248.223,255.839,261.915,266.418,269.311,270.578,270.261,268.5,265.583,261.972,258.28,255.159,253.112,252.307,252.534,253.342,254.294,255.148,255.88,256.582,257.336,258.171,259.084,260.069,261.124,262.247,263.433,264.676,265.963,267.281,268.613,269.939,271.235,272.478,273.648,274.729,275.717,276.63,277.513,278.463,279.643,281.317
71220.0,103.737,127.596,149.268,168.817,186.353,202.007,215.906,228.157,238.837,247.988,255.622,261.721,266.251,269.175,270.476,270.192,268.463,265.573,261.981,258.3,255.181,253.129,252.318,252.538,253.342,254.293,255.147,255.88,256.581,257.336,258.171,259.084,260.069,261.124,262.247,263.433,264.676,265.963,267.281,268.613,269.939,271.235,272.478,273.648,274.729,275.717,276.63,277.513,278.463,279.643,281.317
71280.0,103.668,127.468,149.094,168.609,186.121,201.76,215.652,227.903,238.59,247.754,255.405,261.528,266.085,269.04,270.373,270.123,268.425,265.562,261.99,258.319,255.202,253.146,252.328,252.542,253.342,254.292,255.146,255.879,256.581,257.336,258.171,259.084,260.069,261.124,262.247,263.433,264.676,265.963,267.281,268.613,269.939,271.235,272.478,273.648,274.729,275.717,276.63,277.513,278.463,279.643,281.317
71340.0,103.598,127.342,148.921,168.402,185.89,201.514,215.399,227.651,238.344,247.521,255.19,261.335,265.919,268.904,270.271,270.054,268.388,265.551,261.999,258.339,255.224,253.163,252.338,252.546,253.343,254.291,255.145,255.879,256.581,257.336,258.171,259.084,260.068,261.124,262.247,263.433,264.676,265.963,267.281,268.613,269.939,271.235,272.478,273.648,274.729,275.717,276.63,277.513,278.463,279.643,281.317
71400.0,103.53,127.216,148.75,168.196,185.66,201.27,215.149,227.401,238.1,247.289,254.976,261.143,265.754,268.769,270.168,269.984,268.349,265.54,262.007,258.358,255.245,253.181,252.348,252.55,253.343,254.29,255.145,255.879,256.581,257.336,258.171,259.084,260.068,261.124,262.247,263.433,264.675,265.963,267.281,268.613,269.939,271.235,272.478,273.648,274.729,275.717,276.63,277.513,278.463,279.643,281.317
71460.0,103.461,127.091,148.58,167.992,185.433,201.027,214.899,227.151,237.857,247.058,254.762,260.951,265.589,268.634,270.066,269.915,268.311,265.528,262.015,258.377,255.266,253.198,252.359,252.554,253.343,254.289,255.144,255.878,256.581,257.336,258.171,259.083,260.068,261.124,262.247,263.433,264.675,265.963,267.281,268.613,269.939,271.235,272.478,273.648,274.729,275.717,276.63,277.513,278.463,279.643,281.317
71520.0,103.394,126.967,148.412,167.79,185.207,200.787,214.652,226.904,237.616,246.828,254.549,260.76,265.424,268.499,269.963,269.845,268.272,265.516,262.023,258.396,255.288,253.215,252.369,252.558,253.344,254.288,255.143,255.878,256.581,257.336,258.171,259.083,260.068,261.124,262.247,263.433,264.675,265.963,267.281,268.613,269.939,271.235,272.478,273.648,274.729,275.717,276.63,277.513,278.463,279.643,281.317
71580.0,103.326,126.845,148.244,167.589,184.982,200.547,214.406,226.658,237.376,246.599,254.337,260.57,265.26,268.364,269.86,269.775,268.233,265.504,262.03,258.414,255.309,253.232,252.379,252.562,253.344,254.288,255.142,255.878,256.581,257.335,258.171,259.083,260.068,261.123,262.247,263.433,264.675,265.963,267.281,268.613,269.939,271.235,272.478,273.648,274.729,275.717,276.63,277.513,278.463,279.643,281.317
71640.0,103.259,126.723,148.078,167.389,184.759,200.31,214.161,226.413,237.137,246.372,254.126,260.38,265.096,268.23,269.757,269.705,268.194,265.491,262.038,258.433,255.33,253.249,252.39,252.566,253.344,254.287,255.142,255.877,256.581,257.335,258.171,259.083,260.068,261.123,262.247,263.433,264.675,265.963,267.281,268.613,269.939,271.235,272.478,273.648,274.729,275.717,276.63,277.513,278.463,279.643,281.317
71700.0,103.193,126.602,147.913,167.191,184.537,200.074,213.918,226.169,236.899,246.145,253.916,260.191,264.932,268.095,269.654,269.634,268.154,265.478,262.045,258.451,255.351,253.266,252.4,252.57,253.345,254.286,255.141,255.877,256.581,257.335,258.171,259.083,260.068,261.123,262.247,263.433,264.675,265.963,267.281,268.613,269.938,271.235,272.478,273.648,274.729,275.717,276.63,277.513,278.463,279.643,281.317
71760.0,103.127,126.481,147.749,166.994,184.317,199.839,213.676,225.927,236.662,245.92,253.707,260.003,264.769,267.961,269.551,269.563,268.114,265.465,262.051,258.469,255.371,253.284,252.41,252.574,253.345,254.285,255.14,255.877,256.581,257.335,258.171,259.083,260.068,261.123,262.247,263.433,264.675,265.963,267.281,268.613,269.938,271.235,272.478,273.648,274.729,275.717,276.63,277.513,278.463,279.643,281.317
71820.0,103.061,126.362,147.587,166.799,184.099,199.606,213.436,225.687,236.427,245.695,253.498,259.815,264.607,267.827,269.448,269.492,268.074,265.451,262.058,258.487,255.392,253.301,252.421,252.579,253.346,254.284,255.139,255.876,256.581,257.335,258.17,259.083,260.068,261.123,262.247,263.433,264.675,265.963,267.281,268.613,269.938,271.235,272.478,273.648,274.729,275.717,276.63,277.513,278.463,279.643,281.317
71880.0,102.996,126.244,147.425,166.605,183.882,199.374,213.197,225.447,236.193,245.472,253.291,259.628,264.444,267.693,269.345,269.421,268.034,265.437,262.064,258.504,255.413,253.318,252.431,252.583,253.346,254.283,255.138,255.876,256.581,257.335,258.17,259.083,260.068,261.123,262.247,263.433,264.675,265.963,267.281,268.613,269.938,271.235,272.478,273.648,274.729,275.717,276.63,277.513,278.463,279.643,281.317
71940.0,102.932,126.126,147.265,166.412,183.666,199.144,212.96,225.209,235.96,245.25,253.084,259.442,264.282,267.559,269.242,269.35,267.993,265.423,262.07,258.522,255.433,253.335,252.442,252.587,253.347,254.282,255.138,255.876,256.581,257.335,258.17,259.083,260.068,261.123,262.246,263.433,264.675,265.962,267.281,268.613,269.938,271.235,272.478,273.648,274.729,275.717,276.63,277.513,278.463,279.643,281.317
72000.0,102.867,126.009,147.106,166.221,183.452,198.916,212.724,224.973,235.729,245.029,252.878,259.256,264.121,267.426,269.139,269.278,267.952,265.409,262.075,258.539,255.454,253.352,252.452,252.591,253.347,254.281,255.137,255.875,256.58,257.335,258.17,259.083,260.068,261.123,262.246,263.433,264.675,265.962,267.281,268.613,269.938,271.235,272.478,273.648,274.729,275.717,276.63,277.513,278.463,279.643,281.317
72060.0,102.803,125.893,146.948,166.031,183.239,198.688,212.49,224.737,235.498,244.808,252.673,259.071,263.96,267.292,269.036,269.207,267.91,265.394,262.08,258.556,255.474,253.368,252.463,252.596,253.348,254.281,255.136,255.875,256.58,257.335,258.17,259.083,260.068,261.123,262.246,263.433,264.675,265.962,267.281,268.613,269.938,271.235,272.478,273.648,274.729,275.717,276.63,277.513,278.463,279.643,281.317
72120.0,102.74,125.778,146.791,165.842,183.028,198.463,212.257,224.503,235.269,244.589,252.469,258.886,263.799,267.159,268.933,269.135,267.869,265.379,262.086,258.573,255.494,253.385,252.473,252.6,253.348,254.28,255.135,255.875,256.58,257.335,258.17,259.083,260.068,261.123,262.246,263.433,264.675,265.962,267.281,268.613,269.938,271.234,272.478,273.648,274.729,275.717,276.63,277.513,278.463,279.643,281.317
72180.0,102.677,125.664,146.635,165.655,182.818,198.238,212.025,224.271,235.041,244.371,252.265,258.702,263.638,267.026,268.83,269.063,267.827,265.363,262.09,258.59,255.514,253.402,252.483,252.604,253.349,254.279,255.135,255.874,256.58,257.335,258.17,259.083,260.068,261.123,262.246,263.433,264.675,265.962,267.281,268.613,269.938,271.234,272.478,273.648,274.729,275.717,276.63,277.513,278.463,279.643,281.317
72240.0,102.614,125.55,146.481,165.469,182.61,198.015,211.795,224.039,234.814,244.154,252.063,258.518,263.478,266.893,268.727,268.991,267.785,265.348,262.095,258.606,255.534,253.419,252.494,252.609,253.349,254.278,255.134,255.874,256.58,257.335,258.17,259.083,260.068,261.123,262.246,263.433,264.675,265.962,267.281,268.613,269.938,271.234,272.478,273.648,274.729,275.717,276.63,277.513,278.463,279.643,281.317
72300.0,102.552,125.438,146.327,165.284,182.402,197.794,211.566,223.809,234.588,243.937,251.861,258.336,263.319,266.76,268.624,268.918,267.742,265.332,262.099,258.623,255.554,253.436,252.504,252.613,253.35,254.277,255.133,255.874,256.58,257.335,258.17,259.083,260.068,261.123,262.246,263.433,264.675,265.962,267.281,268.613,269.938,271.234,272.478,273.648,274.729,275.717,276.63,277.513,278.463,279.643,281.317
72360.0,102.49,125.326,146.174,165.1,182.196,197.573,211.338,223.58,234.363,243.722,251.66,258.153,263.16,266.628,268.521,268.846,267.7,265.315,262.103,258.639,255.574,253.453,252.515,252.618,253.35,254.276,255.132,255.873,256.58,257.335,258.17,259.083,260.068,261.123,262.246,263.433,264.675,265.962,267.281,268.613,269.938,271.234,272.478,273.648,274.729,275.717,276.63,277.513,278.463,279.643,281.317
72420.0,102.429,125.215,146.023,164.918,181.992,197.354,211.112,223.352,234.14,243.508,251.46,257.972,263.001,266.495,268.417,268.773,267.657,265.299,262.107,258.655,255.594,253.469,252.525,252.622,253.351,254.276,255.131,255.873,256.58,257.335,258.17,259.083,260.068,261.123,262.246,263.433,264.675,265.962,267.281,268.613,269.938,271.234,272.478,273.648,274.729,275.717,276.63,277.513,278.463,279.643,281.317
72480.0,102.368,125.104,145.872,164.736,181.788,197.137,210.886,223.126,233.917,243.295,251.26,257.791,262.842,266.363,268.314,268.7,267.613,265.282,262.11,258.671,255.613,253.486,252.536,252.626,253.352,254.275,255.131,255.873,256.58,257.335,258.17,259.083,260.068,261.123,262.246,263.433,264.675,265.962,267.281,268.613,269.938,271.234,272.478,273.648,274.729,275.717,276.63,277.513,278.463,279.643,281.317
72540.0,102.307,124.994,145.723,164.556,181.586,196.921,210.663,222.901,233.696,243.082,251.062,257.61,262.684,266.231,268.211,268.627,267.57,265.265,262.113,258.686,255.633,253.503,252.546,252.631,253.352,254.274,255.13,255.872,256.58,257.335,258.17,259.083,260.068,261.123,262.246,263.433,264.675,265.962,267.281,268.613,269.938,271.234,272.478,273.648,274.729,275.717,276.63,277.513,278.463,279.643,281.317
72600.0,102.247,124.886,145.575,164.377,181.386,196.706,210.44,222.676,233.476,242.871,250.864,257.431,262.527,266.1,268.108,268.554,267.526,265.247,262.116,258.702,255.652,253.519,252.557,252.635,253.353,254.273,255.129,255.872,256.58,257.335,258.17,259.083,260.068,261.123,262.246,263.433,264.675,265.962,267.281,268.613,269.938,271.234,272.478,273.648,274.729,275.717,276.63,277.513,278.463,279.643,281.317
72660.0,102.187,124.777,145.427,164.2,181.186,196.492,210.219,222.454,233.257,242.66,250.667,257.251,262.37,265.968,268.005,268.481,267.482,265.23,262.119,258.717,255.672,253.536,252.567,252.64,253.354,254.272,255.128,255.872,256.58,257.335,258.17,259.083,260.068,261.123,262.246,263.433,264.675,265.962,267.281,268.613,269.938,271.234,272.478,273.648,274.729,275.717,276.63,277.513,278.463,279.643,281.317
72720.0,102.127,124.67,145.281,164.023,180.988,196.279,209.999,222.232,233.039,242.451,250.47,257.073,262.213,265.837,267.902,268.408,267.438,265.212,262.121,258.732,255.691,253.553,252.578,252.644,253.354,254.272,255.128,255.871,256.579,257.335,258.17,259.083,260.068,261.123,262.246,263.433,264.675,265.962,267.28,268.613,269.938,271.234,272.478,273.648,274.729,275.717,276.63,277.513,278.463,279.643,281.317
72780.0,102.068,124.563,145.135,163.848,180.791,196.068,209.78,222.011,232.822,242.242,250.275,256.895,262.056,265.705,267.799,268.334,267.394,265.193,262.124,258.747,255.71,253.569,252.588,252.649,253.355,254.271,255.127,255.871,256.579,257.335,258.17,259.083,260.067,261.123,262.246,263.432,264.675,265.962,267.28,268.613,269.938,271.234,272.478,273.648,274.729,275.717,276.63,277.513,278.463,279.643,281.317
72840.0,102.009,124.457,144.99,163.674,180.595,195.858,209.563,221.792,232.606,242.035,250.08,256.717,261.9,265.574,267.696,268.26,267.349,265.175,262.126,258.761,255.729,253.586,252.599,252.653,253.356,254.27,255.126,255.87,256.579,257.335,258.17,259.083,260.067,261.123,262.246,263.432,264.675,265.962,267.28,268.613,269.938,271.234,272.478,273.648,274.729,275.717,276.63,277.513,278.463,279.643,281.317
72900.0,101.95,124.352,144.847,163.5,180.401,195.65,209.346,221.574,232.391,241.828,249.886,256.54,261.745,265.444,267.593,268.187,267.304,265.156,262.127,258.776,255.748,253.602,252.61,252.658,253.356,254.269,255.125,255.87,256.579,257.335,258.17,259.082,260.067,261.123,262.246,263.432,264.675,265.962,267.28,268.613,269.938,271.234,272.478,273.648,274.729,275.717,276.63,277.513,278.463,279.643,281.317
72960.0,101.892,124.247,144.704,163.328,180.207,195.442,209.131,221.357,232.177,241.622,249.693,256.364,261.589,265.313,267.49,268.113,267.259,265.137,262.129,258.79,255.766,253.619,252.62,252.663,253.357,254.269,255.125,255.87,256.579,257.335,258.17,259.082,260.067,261.123,262.246,263.432,264.675,265.962,267.28,268.613,269.938,271.234,272.478,273.648,274.729,275.717,276.63,277.513,278.463,279.643,281.317
73020.0,101.834,124.143,144.562,163.157,180.015,195.236,208.917,221.141,231.964,241.417,249.5,256.188,261.435,265.183,267.387,268.039,267.214,265.118,262.13,258.804,255.785,253.635,252.631,252.667,253.358,254.268,255.124,255.869,256.579,257.335,258.17,259.082,260.067,261.123,262.246,263.432,264.675,265.962,267.28,268.612,269.938,271.234,272.478,273.648,274.729,275.717,276.63,277.513,278.463,279.643,281.317
73080.0,101.777,124.039,144.421,162.987,179.824,195.031,208.704,220.926,231.752,241.213,249.309,256.013,261.28,265.053,267.284,267.965,267.168,265.098,262.131,258.818,255.804,253.651,252.641,252.672,253.359,254.267,255.123,255.869,256.579,257.335,258.17,259.082,260.067,261.122,262.246,263.432,264.675,265.962,267.28,268.612,269.938,271.234,272.478,273.648,274.729,275.717,276.63,277.513,278.463,279.643,281.317
73140.0,101.719,123.937,144.281,162.818,179.634,194.827,208.493,220.712,231.541,241.01,249.118,255.839,261.126,264.923,267.181,267.89,267.122,265.078,262.131,258.831,255.822,253.668,252.652,252.677,253.359,254.267,255.122,255.869,256.579,257.335,258.17,259.082,260.067,261.122,262.246,263.432,264.675,265.962,267.28,268.612,269.938,271.234,272.478,273.648,274.729,275.717,276.63,277.513,278.463,279.643,281.317
73200.0,101.663,123.835,144.142,162.651,179.445,194.624,208.282,220.499,231.332,240.808,248.927,255.665,260.972,264.793,267.078,267.816,267.077,265.058,262.132,258.845,255.84,253.684,252.662,252.681,253.36,254.266,255.122,255.868,256.579,257.335,258.17,259.082,260.067,261.122,262.246,263.432,264.674,265.962,267.28,268.612,269.938,271.234,272.478,273.648,274.729,275.717,276.63,277.513,278.463,279.643,281.317
73260.0,101.606,123.733,144.004,162.484,179.258,194.422,208.073,220.288,231.123,240.606,248.738,255.491,260.819,264.663,266.975,267.742,267.03,265.038,262.132,258.858,255.858,253.7,252.673,252.686,253.361,254.265,255.121,255.868,256.579,257.335,258.17,259.082,260.067,261.122,262.246,263.432,264.674,265.962,267.28,268.612,269.938,271.234,272.478,273.648,274.729,275.717,276.63,277.513,278.463,279.643,281.317
73320.0,101.55,123.632,143.867,162.318,179.071,194.222,207.865,220.077,230.915,240.406,248.549,255.319,260.666,264.534,266.872,267.667,266.984,265.017,262.132,258.871,255.877,253.716,252.684,252.691,253.362,254.264,255.12,255.868,256.579,257.335,258.17,259.082,260.067,261.122,262.246,263.432,264.674,265.962,267.28,268.612,269.938,271.234,272.478,273.648,274.729,275.717,276.63,277.513,278.463,279.643,281.317
73380.0,101.494,123.532,143.73,162.153,178.886,194.023,207.657,219.868,230.708,240.206,248.361,255.146,260.514,264.405,266.769,267.592,266.937,264.996,262.132,258.884,255.895,253.733,252.694,252.696,253.363,254.264,255.119,255.867,256.578,257.335,258.17,259.082,260.067,261.122,262.246,263.432,264.674,265.962,267.28,268.612,269.938,271.234,272.478,273.648,274.729,275.717,276.63,277.513,278.463,279.643,281.317
73440.0,101.438,123.433,143.595,161.99,178.701,193.824,207.451,219.659,230.502,240.007,248.174,254.975,260.362,264.276,266.667,267.518,266.891,264.975,262.131,258.897,255.912,253.749,252.705,252.7,253.364,254.263,255.119,255.867,256.578,257.335,258.17,259.082,260.067,261.122,262.246,263.432,264.674,265.962,267.28,268.612,269.938,271.234,272.478,273.648,274.729,275.717,276.63,277.513,278.463,279.643,281.317
73500.0,101.383,123.334,143.46,161.827,178.518,193.627,207.247,219.452,230.297,239.809,247.987,254.803,260.21,264.148,266.564,267.443,266.844,264.953,262.13,258.909,255.93,253.765,252.715,252.705,253.365,254.262,255.118,255.867,256.578,257.335,258.17,259.082,260.067,261.122,262.245,263.432,264.674,265.962,267.28,268.612,269.938,271.234,272.478,273.648,274.729,275.717,276.63,277.513,278.463,279.643,281.317
73560.0,101.328,123.235,143.326,161.665,178.336,193.431,207.043,219.245,230.093,239.612,247.801,254.633,260.059,264.019,266.461,267.368,266.796,264.932,262.129,258.922,255.948,253.781,252.726,252.71,253.365,254.262,255.117,255.866,256.578,257.335,258.17,259.082,260.067,261.122,262.245,263.432,264.674,265.962,267.28,268.612,269.938,271.234,272.478,273.648,274.729,275.717,276.63,277.513,278.463,279.643,281.317
73620.0,101.273,123.138,143.193,161.504,178.154,193.236,206.84,219.04,229.89,239.416,247.616,254.463,259.908,263.891,266.359,267.293,266.749,264.91,262.128,258.934,255.965,253.797,252.737,252.715,253.366,254.261,255.116,255.866,256.578,257.335,258.17,259.082,260.067,261.122,262.245,263.432,264.674,265.962,267.28,268.612,269.938,271.234,272.478,273.648,274.729,275.717,276.63,277.513,278.463,279.643,281.317
73680.0,101.219,123.04,143.06,161.344,177.974,193.043,206.638,218.836,229.688,239.22,247.431,254.293,259.757,263.763,266.256,267.218,266.701,264.888,262.126,258.946,255.983,253.813,252.747,252.72,253.367,254.26,255.116,255.866,256.578,257.335,258.169,259.082,260.067,261.122,262.245,263.432,264.674,265.962,267.28,268.612,269.938,271.234,272.478,273.648,274.729,275.717,276.63,277.513,278.463,279.643,281.317
73740.0,101.165,122.944,142.929,161.185,177.795,192.85,206.437,218.632,229.487,239.026,247.247,254.124,259.607,263.635,266.154,267.142,266.654,264.865,262.124,258.958,256.0,253.829,252.758,252.724,253.368,254.26,255.115,255.865,256.578,257.335,258.169,259.082,260.067,261.122,262.245,263.432,264.674,265.962,267.28,268.612,269.938,271.234,272.478,273.648,274.729,275.717,276.63,277.513,278.463,279.643,281.317
73800.0,101.111,122.848,142.798,161.027,177.617,192.658,206.238,218.43,229.286,238.832,247.064,253.956,259.457,263.508,266.052,267.067,266.606,264.843,262.122,258.969,256.017,253.845,252.768,252.729,253.369,254.259,255.114,255.865,256.578,257.335,258.169,259.082,260.067,261.122,262.245,263.432,264.674,265.961,267.28,268.612,269.938,271.234,272.478,273.648,274.729,275.717,276.63,277.513,278.463,279.643,281.317
73860.0,101.058,122.752,142.668,160.87,177.44,192.467,206.039,218.229,229.087,238.639,246.882,253.788,259.308,263.38,265.949,266.992,266.558,264.82,262.12,258.981,256.034,253.861,252.779,252.734,253.37,254.259,255.113,255.864,256.578,257.335,258.169,259.082,260.067,261.122,262.245,263.432,264.674,265.961,267.28,268.612,269.938,271.234,272.478,273.648,274.729,275.717,276.63,277.513,278.463,279.643,281.317
73920.0,101.005,122.658,142.539,160.714,177.264,192.277,205.842,218.028,228.888,238.446,246.7,253.621,259.159,263.253,265.847,266.916,266.509,264.797,262.118,258.992,256.051,253.876,252.79,252.739,253.371,254.258,255.113,255.864,256.578,257.335,258.169,259.082,260.067,261.122,262.245,263.432,264.674,265.961,267.28,268.612,269.938,271.234,272.478,273.648,274.729,275.717,276.63,277.513,278.463,279.643,281.317
73980.0,100.952,122.563,142.411,160.559,177.089,192.089,205.645,217.829,228.691,238.255,246.519,253.454,259.01,263.126,265.745,266.841,266.461,264.773,262.115,259.003,256.068,253.892,252.8,252.744,253.372,254.257,255.112,255.864,256.578,257.335,258.169,259.082,260.067,261.122,262.245,263.432,264.674,265.961,267.28,268.612,269.938,271.234,272.478,273.648,274.729,275.717,276.63,277.513,278.463,279.643,281.317
74040.0,100.899,122.47,142.283,160.405,176.915,191.901,205.449,217.631,228.494,238.064,246.339,253.288,258.862,263.0,265.643,266.765,266.412,264.75,262.112,259.014,256.085,253.908,252.811,252.749,253.373,254.257,255.111,255.863,256.577,257.335,258.169,259.082,260.067,261.122,262.245,263.432,264.674,265.961,267.28,268.612,269.938,271.234,272.478,273.648,274.729,275.717,276.63,277.513,278.463,279.643,281.317
74100.0,100.847,122.376,142.156,160.251,176.741,191.714,205.255,217.433,228.298,237.875,246.159,253.122,258.714,262.873,265.541,266.69,266.363,264.726,262.109,259.025,256.102,253.923,252.822,252.754,253.374,254.256,255.111,255.863,256.577,257.335,258.169,259.082,260.067,261.122,262.245,263.432,264.674,265.961,267.28,268.612,269.938,271.234,272.478,273.648,274.729,275.717,276.63,277.513,278.463,279.643,281.317
74160.0,100.795,122.284,142.03,160.098,176.569,191.529,205.061,217.236,228.103,237.686,245.98,252.957,258.567,262.747,265.439,266.614,266.314,264.702,262.106,259.035,256.118,253.939,252.832,252.759,253.375,254.255,255.11,255.863,256.577,257.334,258.169,259.082,260.067,261.122,262.245,263.432,264.674,265.961,267.28,268.612,269.938,271.234,272.478,273.647,274.729,275.717,276.63,277.513,278.463,279.643,281.317
74220.0,100.743,122.192,141.904,159.947,176.398,191.344,204.869,217.041,227.909,237.497,245.801,252.792,258.42,262.621,265.337,266.538,266.265,264.678,262.102,259.045,256.135,253.955,252.843,252.764,253.376,254.255,255.109,255.862,256.577,257.334,258.169,259.082,260.066,261.122,262.245,263.432,264.674,265.961,267.28,268.612,269.938,271.234,272.477,273.647,274.728,275.717,276.63,277.513,278.463,279.643,281.317
74280.0,100.691,122.1,141.78,159.796,176.228,191.16,204.677,216.846,227.716,237.31,245.623,252.628,258.273,262.495,265.235,266.462,266.216,264.653,262.098,259.056,256.151,253.97,252.853,252.769,253.378,254.254,255.108,255.862,256.577,257.334,258.169,259.082,260.066,261.122,262.245,263.432,264.674,265.961,267.28,268.612,269.937,271.234,272.477,273.647,274.728,275.717,276.63,277.513,278.463,279.643,281.317
74340.0,100.64,122.009,141.656,159.646,176.058,190.978,204.486,216.652,227.524,237.123,245.446,252.465,258.127,262.37,265.133,266.386,266.166,264.628,262.094,259.066,256.167,253.986,252.864,252.774,253.379,254.254,255.108,255.862,256.577,257.334,258.169,259.082,260.066,261.122,262.245,263.432,264.674,265.961,267.28,268.612,269.937,271.234,272.477,273.647,274.728,275.717,276.63,277.513,278.463,279.643,281.317
74400.0,100.589,121.919,141.532,159.497,175.89,190.796,204.296,216.459,227.332,236.937,245.27,252.302,257.981,262.245,265.032,266.311,266.117,264.604,262.09,259.075,256.183,254.001,252.875,252.779,253.38,254.253,255.107,255.861,256.577,257.334,258.169,259.081,260.066,261.122,262.245,263.431,264.674,265.961,267.28,268.612,269.937,271.234,272.477,273.647,274.728,275.717,276.63,277.513,278.463,279.643,281.317
74460.0,100.539,121.829,141.41,159.348,175.722,190.615,204.108,216.267,227.141,236.752,245.094,252.139,257.836,262.12,264.93,266.235,266.067,264.578,262.085,259.085,256.199,254.017,252.885,252.784,253.381,254.253,255.106,255.861,256.577,257.334,258.169,259.081,260.066,261.122,262.245,263.431,264.674,265.961,267.28,268.612,269.937,271.234,272.477,273.647,274.728,275.717,276.63,277.513,278.463,279.643,281.317
74520.0,100.488,121.739,141.288,159.201,175.555,190.435,203.92,216.076,226.952,236.567,244.919,251.977,257.69,261.995,264.829,266.159,266.017,264.553,262.08,259.094,256.215,254.032,252.896,252.789,253.382,254.252,255.106,255.86,256.577,257.334,258.169,259.081,260.066,261.122,262.245,263.431,264.674,265.961,267.28,268.612,269.937,271.234,272.477,273.647,274.728,275.717,276.63,277.513,278.463,279.643,281.317
74580.0,100.438,121.65,141.167,159.054,175.39,190.256,203.733,215.886,226.763,236.383,244.744,251.815,257.546,261.87,264.727,266.082,265.967,264.528,262.075,259.103,256.231,254.047,252.907,252.794,253.383,254.252,255.105,255.86,256.577,257.334,258.169,259.081,260.066,261.121,262.245,263.431,264.674,265.961,267.28,268.612,269.937,271.234,272.477,273.647,274.728,275.717,276.63,277.513,278.463,279.643,281.317
74640.0,100.388,121.562,141.046,158.908,175.225,190.078,203.547,215.697,226.574,236.2,244.57,251.654,257.401,261.746,264.626,266.006,265.917,264.502,262.07,259.113,256.246,254.062,252.917,252.799,253.384,254.251,255.104,255.86,256.576,257.334,258.169,259.081,260.066,261.121,262.245,263.431,264.674,265.961,267.28,268.612,269.937,271.234,272.477,273.647,274.728,275.717,276.63,277.513,278.463,279.643,281.317
74700.0,100.338,121.474,140.926,158.763,175.061,189.901,203.361,215.508,226.387,236.018,244.397,251.494,257.257,261.622,264.525,265.93,265.866,264.476,262.065,259.121,256.262,254.078,252.928,252.804,253.386,254.251,255.103,255.859,256.576,257.334,258.169,259.081,260.066,261.121,262.245,263.431,264.674,265.961,267.28,268.612,269.937,271.234,272.477,273.647,274.728,275.717,276.63,277.513,278.463,279.643,281.317
74760.0,100.289,121.386,140.807,158.619,174.897,189.724,203.177,215.321,226.2,235.837,244.224,251.334,257.114,261.498,264.424,265.854,265.816,264.45,262.059,259.13,256.277,254.093,252.938,252.81,253.387,254.25,255.103,255.859,256.576,257.334,258.169,259.081,260.066,261.121,262.245,263.431,264.674,265.961,267.279,268.612,269.937,271.234,272.477,273.647,274.728,275.717,276.63,277.513,278.463,279.643,281.317
74820.0,100.24,121.299,140.689,158.475,174.735,189.549,202.994,215.134,226.015,235.656,244.052,251.175,256.97,261.374,264.323,265.778,265.765,264.423,262.053,259.139,256.293,254.108,252.949,252.815,253.388,254.249,255.102,255.859,256.576,257.334,258.169,259.081,260.066,261.121,262.245,263.431,264.674,265.961,267.279,268.612,269.937,271.234,272.477,273.647,274.728,275.717,276.63,277.513,278.463,279.643,281.317
74880.0,100.191,121.212,140.571,158.333,174.574,189.374,202.811,214.948,225.83,235.476,243.881,251.016,256.827,261.251,264.222,265.702,265.714,264.397,262.047,259.147,256.308,254.123,252.96,252.82,253.389,254.249,255.101,255.858,256.576,257.334,258.169,259.081,260.066,261.121,262.245,263.431,264.674,265.961,267.279,268.612,269.937,271.234,272.477,273.647,274.728,275.717,276.629,277.513,278.463,279.643,281.317
74940.0,100.142,121.126,140.453,158.191,174.413,189.201,202.63,214.763,225.645,235.296,243.71,250.857,256.685,261.128,264.121,265.625,265.663,264.37,262.041,259.155,256.323,254.138,252.97,252.825,253.391,254.249,255.101,255.858,256.576,257.334,258.169,259.081,260.066,261.121,262.245,263.431,264.673,265.961,267.279,268.612,269.937,271.234,272.477,273.647,274.728,275.717,276.629,277.513,278.463,279.643,281.317
75000.0,100.094,121.041,140.337,158.05,174.253,189.028,202.449,214.579,225.462,235.117,243.54,250.699,256.543,261.005,264.02,265.549,265.612,264.343,262.035,259.163,256.338,254.153,252.981,252.83,253.392,254.248,255.1,255.858,256.576,257.334,258.169,259.081,260.066,261.121,262.245,263.431,264.673,265.961,267.279,268.612,269.937,271.233,272.477,273.647,274.728,275.717,276.629,277.513,278.463,279.643,281.317
75060.0,100.045,120.955,140.221,157.909,174.094,188.856,202.269,214.396,225.279,234.939,243.37,250.542,256.401,260.882,263.92,265.473,265.561,264.316,262.028,259.171,256.352,254.168,252.991,252.836,253.393,254.248,255.099,255.857,256.576,257.334,258.169,259.081,260.066,261.121,262.245,263.431,264.673,265.961,267.279,268.612,269.937,271.233,272.477,273.647,274.728,275.717,276.629,277.513,278.463,279.643,281.317
75120.0,99.997,120.871,140.106,157.769,173.936,188.685,202.09,214.213,225.097,234.762,243.201,250.385,256.259,260.76,263.819,265.396,265.51,264.288,262.021,259.178,256.367,254.183,253.002,252.841,253.394,254.247,255.099,255.857,256.576,257.334,258.169,259.081,260.066,261.121,262.244,263.431,264.673,265.961,267.279,268.612,269.937,271.233,272.477,273.647,274.728,275.717,276.629,277.513,278.463,279.643,281.317
75180.0,99.95,120.787,139.991,157.63,173.779,188.515,201.912,214.031,224.916,234.585,243.033,250.228,256.118,260.637,263.719,265.32,265.458,264.261,262.014,259.186,256.382,254.198,253.013,252.846,253.396,254.247,255.098,255.856,256.576,257.334,258.169,259.081,260.066,261.121,262.244,263.431,264.673,265.961,267.279,268.612,269.937,271.233,272.477,273.647,274.728,275.717,276.629,277.513,278.463,279.643,281.317
75240.0,99.902,120.703,139.877,157.492,173.622,188.345,201.734,213.85,224.736,234.409,242.865,250.072,255.978,260.515,263.618,265.243,265.407,264.233,262.007,259.193,256.396,254.212,253.023,252.851,253.397,254.246,255.097,255.856,256.575,257.334,258.169,259.081,260.066,261.121,262.244,263.431,264.673,265.961,267.279,268.612,269.937,271.233,272.477,273.647,274.728,275.717,276.629,277.513,278.463,279.643,281.317
75300.0,99.855,120.619,139.763,157.355,173.467,188.177,201.558,213.67,224.556,234.234,242.698,249.917,255.837,260.394,263.518,265.167,265.355,264.205,261.999,259.2,256.411,254.227,253.034,252.857,253.398,254.246,255.097,255.856,256.575,257.334,258.169,259.081,260.066,261.121,262.244,263.431,264.673,265.961,267.279,268.611,269.937,271.233,272.477,273.647,274.728,275.717,276.629,277.513,278.463,279.643,281.317
75360.0,99.808,120.536,139.651,157.218,173.312,188.009,201.382,213.491,224.377,234.06,242.531,249.761,255.697,260.272,263.418,265.09,265.303,264.177,261.991,259.207,256.425,254.242,253.044,252.862,253.4,254.245,255.096,255.855,256.575,257.334,258.169,259.081,260.066,261.121,262.244,263.431,264.673,265.961,267.279,268.611,269.937,271.233,272.477,273.647,274.728,275.717,276.629,277.513,278.463,279.643,281.317
75420.0,99.761,120.454,139.538,157.082,173.158,187.842,201.207,213.312,224.199,233.886,242.365,249.607,255.558,260.151,263.318,265.014,265.251,264.149,261.983,259.214,256.439,254.256,253.055,252.867,253.401,254.245,255.095,255.855,256.575,257.334,258.169,259.081,260.066,261.121,262.244,263.431,264.673,265.961,267.279,268.611,269.937,271.233,272.477,273.647,274.728,275.717,276.629,277.513,278.463,279.643,281.317
75480.0,99.714,120.372,139.427,156.946,173.004,187.676,201.033,213.135,224.022,233.712,242.2,249.453,255.419,260.03,263.218,264.937,265.199,264.12,261.975,259.22,256.453,254.271,253.066,252.873,253.403,254.244,255.094,255.855,256.575,257.334,258.168,259.081,260.066,261.121,262.244,263.431,264.673,265.961,267.279,268.611,269.937,271.233,272.477,273.647,274.728,275.717,276.629,277.513,278.463,279.643,281.317
75540.0,99.668,120.29,139.316,156.812,172.852,187.511,200.86,212.958,223.845,233.54,242.035,249.299,255.28,259.909,263.118,264.861,265.147,264.092,261.967,259.227,256.467,254.285,253.076,252.878,253.404,254.244,255.094,255.854,256.575,257.334,258.168,259.081,260.066,261.121,262.244,263.431,264.673,265.961,267.279,268.611,269.937,271.233,272.477,273.647,274.728,275.717,276.629,277.513,278.463,279.643,281.317
75600.0,99.622,120.209,139.205,156.678,172.7,187.346,200.687,212.781,223.669,233.368,241.871,249.146,255.141,259.788,263.019,264.784,265.095,264.063,261.958,259.233,256.481,254.3,253.087,252.883,253.405,254.244,255.093,255.854,256.575,257.334,258.168,259.081,260.066,261.121,262.244,263.431,264.673,265.961,267.279,268.611,269.937,271.233,272.477,273.647,274.728,275.717,276.629,277.513,278.463,279.643,281.317
75660.0,99.576,120.128,139.095,156.545,172.549,187.182,200.515,212.606,223.494,233.197,241.707,248.993,255.003,259.668,262.919,264.708,265.042,264.034,261.95,259.239,256.494,254.314,253.097,252.889,253.407,254.243,255.092,255.854,256.575,257.334,258.168,259.081,260.065,261.121,262.244,263.431,264.673,265.961,267.279,268.611,269.937,271.233,272.477,273.647,274.728,275.717,276.629,277.513,278.463,279.643,281.317
75720.0,99.53,120.048,138.986,156.412,172.398,187.019,200.344,212.431,223.32,233.026,241.544,248.841,254.865,259.548,262.82,264.631,264.99,264.005,261.941,259.245,256.508,254.329,253.108,252.894,253.408,254.243,255.092,255.853,256.575,257.334,258.168,259.081,260.065,261.121,262.244,263.431,264.673,265.96,267.279,268.611,269.937,271.233,272.477,273.647,274.728,275.717,276.629,277.513,278.463,279.643,281.317
75780.0,99.485,119.968,138.877,156.28,172.249,186.857,200.174,212.257,223.146,232.856,241.381,248.689,254.728,259.428,262.72,264.555,264.937,263.975,261.932,259.25,256.521,254.343,253.118,252.899,253.41,254.242,255.091,255.853,256.574,257.334,258.168,259.081,260.065,261.121,262.244,263.431,264.673,265.96,267.279,268.611,269.937,271.233,272.477,273.647,274.728,275.717,276.629,277.513,278.463,279.643,281.317
75840.0,99.439,119.889,138.769,156.149,172.1,186.696,200.005,212.084,222.973,232.687,241.219,248.538,254.591,259.308,262.621,264.478,264.884,263.946,261.922,259.256,256.535,254.357,253.129,252.905,253.411,254.242,255.09,255.852,256.574,257.334,258.168,259.08,260.065,261.121,262.244,263.431,264.673,265.96,267.279,268.611,269.937,271.233,272.477,273.647,274.728,275.717,276.629,277.513,278.463,279.643,281.317
75900.0,99.394,119.809,138.661,156.018,171.952,186.535,199.836,211.912,222.8,232.518,241.058,248.387,254.454,259.189,262.522,264.402,264.831,263.916,261.913,259.261,256.548,254.371,253.139,252.91,253.413,254.242,255.09,255.852,256.574,257.334,258.168,259.08,260.065,261.121,262.244,263.431,264.673,265.96,267.279,268.611,269.937,271.233,272.477,273.647,274.728,275.717,276.629,277.513,278.463,279.643,281.317
75960.0,99.349,119.731,138.554,155.888,171.804,186.375,199.668,211.74,222.629,232.35,240.897,248.237,254.317,259.07,262.423,264.325,264.779,263.886,261.903,259.267,256.561,254.385,253.15,252.916,253.414,254.241,255.089,255.852,256.574,257.334,258.168,259.08,260.065,261.121,262.244,263.431,264.673,265.96,267.279,268.611,269.937,271.233,272.477,273.647,274.728,275.717,276.629,277.513,278.463,279.643,281.317
76020.0,99.305,119.652,138.447,155.759,171.658,186.216,199.501,211.569,222.458,232.183,240.736,248.087,254.181,258.951,262.324,264.248,264.725,263.856,261.893,259.272,256.574,254.399,253.16,252.921,253.416,254.241,255.088,255.851,256.574,257.334,258.168,259.08,260.065,261.121,262.244,263.431,264.673,265.96,267.279,268.611,269.937,271.233,272.477,273.647,274.728,275.717,276.629,277.513,278.463,279.643,281.317
76080.0,99.26,119.574,138.341,155.63,171.512,186.057,199.335,211.399,222.287,232.016,240.576,247.938,254.046,258.832,262.225,264.172,264.672,263.826,261.883,259.276,256.587,254.413,253.171,252.927,253.417,254.241,255.088,255.851,256.574,257.334,258.168,259.08,260.065,261.121,262.244,263.43,264.673,265.96,267.279,268.611,269.937,271.233,272.477,273.647,274.728,275.717,276.629,277.513,278.463,279.643,281.317
76140.0,99.216,119.497,138.236,155.502,171.366,185.9,199.169,211.229,222.118,231.849,240.417,247.789,253.91,258.714,262.126,264.095,264.619,263.796,261.873,259.281,256.599,254.427,253.181,252.932,253.419,254.24,255.087,255.851,256.574,257.334,258.168,259.08,260.065,261.12,262.244,263.43,264.673,265.96,267.279,268.611,269.937,271.233,272.477,273.647,274.728,275.717,276.629,277.513,278.463,279.643,281.317
76200.0,99.172,119.42,138.131,155.375,171.222,185.743,199.004,211.06,221.949,231.684,240.258,247.64,253.775,258.595,262.028,264.019,264.566,263.765,261.863,259.286,256.612,254.441,253.192,252.938,253.42,254.24,255.087,255.85,256.574,257.334,258.168,259.08,260.065,261.12,262.244,263.43,264.673,265.96,267.279,268.611,269.937,271.233,272.477,273.647,274.728,275.717,276.629,277.513,278.463,279.643,281.317
76260.0,99.128,119.343,138.026,155.248,171.078,185.587,198.84,210.892,221.78,231.519,240.1,247.492,253.641,258.477,261.929,263.942,264.512,263.734,261.852,259.29,256.624,254.455,253.202,252.943,253.422,254.24,255.086,255.85,256.574,257.333,258.168,259.08,260.065,261.12,262.244,263.43,264.673,265.96,267.279,268.611,269.937,271.233,272.477,273.647,274.728,275.717,276.629,277.513,278.463,279.643,281.317
76320.0,99.084,119.267,137.923,155.122,170.935,185.431,198.677,210.725,221.613,231.355,239.943,247.344,253.506,258.36,261.831,263.866,264.459,263.704,261.841,259.294,256.637,254.469,253.213,252.949,253.423,254.239,255.085,255.849,256.573,257.333,258.168,259.08,260.065,261.12,262.244,263.43,264.673,265.96,267.279,268.611,269.937,271.233,272.477,273.647,274.728,275.717,276.629,277.513,278.463,279.643,281.317
76380.0,99.041,119.191,137.819,154.996,170.792,185.276,198.514,210.558,221.446,231.191,239.785,247.197,253.372,258.242,261.733,263.789,264.405,263.673,261.83,259.298,256.649,254.483,253.223,252.954,253.425,254.239,255.085,255.849,256.573,257.333,258.168,259.08,260.065,261.12,262.244,263.43,264.673,265.96,267.279,268.611,269.937,271.233,272.477,273.647,274.728,275.717,276.629,277.513,278.463,279.643,281.317
76440.0,98.998,119.115,137.716,154.872,170.65,185.122,198.352,210.392,221.279,231.028,239.629,247.05,253.239,258.125,261.635,263.713,264.352,263.642,261.819,259.302,256.661,254.496,253.233,252.96,253.427,254.239,255.084,255.849,256.573,257.333,258.168,259.08,260.065,261.12,262.244,263.43,264.673,265.96,267.279,268.611,269.937,271.233,272.477,273.647,274.728,275.717,276.629,277.513,278.463,279.643,281.317
76500.0,98.955,119.04,137.614,154.747,170.509,184.969,198.19,210.227,221.114,230.865,239.473,246.904,253.106,258.008,261.537,263.636,264.298,263.61,261.808,259.306,256.673,254.51,253.244,252.965,253.428,254.239,255.083,255.848,256.573,257.333,258.168,259.08,260.065,261.12,262.244,263.43,264.673,265.96,267.279,268.611,269.937,271.233,272.477,273.647,274.728,275.717,276.629,277.513,278.463,279.643,281.317
76560.0,98.912,118.965,137.512,154.624,170.369,184.816,198.03,210.062,220.949,230.703,239.317,246.758,252.973,257.891,261.439,263.56,264.244,263.579,261.796,259.309,256.685,254.524,253.254,252.971,253.43,254.238,255.083,255.848,256.573,257.333,258.168,259.08,260.065,261.12,262.244,263.43,264.673,265.96,267.279,268.611,269.937,271.233,272.477,273.647,274.728,275.717,276.629,277.513,278.463,279.643,281.317
76620.0,98.869,118.89,137.411,154.5,170.229,184.664,197.87,209.898,220.784,230.542,239.162,246.613,252.84,257.774,261.341,263.483,264.19,263.547,261.785,259.313,256.697,254.537,253.265,252.976,253.432,254.238,255.082,255.848,256.573,257.333,258.168,259.08,260.065,261.12,262.244,263.43,264.673,265.96,267.279,268.611,269.937,271.233,272.477,273.647,274.728,275.717,276.629,277.513,278.463,279.643,281.317
76680.0,98.827,118.816,137.31,154.378,170.089,184.513,197.711,209.735,220.62,230.381,239.007,246.468,252.708,257.658,261.244,263.407,264.136,263.515,261.773,259.316,256.709,254.551,253.275,252.982,253.433,254.238,255.081,255.847,256.573,257.333,258.168,259.08,260.065,261.12,262.243,263.43,264.673,265.96,267.279,268.611,269.937,271.233,272.477,273.647,274.728,275.717,276.629,277.513,278.463,279.643,281.317
76740.0,98.784,118.742,137.209,154.256,169.951,184.362,197.552,209.572,220.457,230.221,238.853,246.323,252.576,257.542,261.146,263.33,264.082,263.484,261.761,259.319,256.72,254.564,253.285,252.987,253.435,254.237,255.081,255.847,256.573,257.333,258.168,259.08,260.065,261.12,262.243,263.43,264.672,265.96,267.279,268.611,269.937,271.233,272.477,273.647,274.728,275.717,276.629,277.513,278.463,279.643,281.317
76800.0,98.742,118.669,137.109,154.135,169.813,184.212,197.394,209.41,220.295,230.061,238.7,246.179,252.444,257.426,261.049,263.254,264.028,263.452,261.748,259.322,256.732,254.577,253.296,252.993,253.437,254.237,255.08,255.847,256.572,257.333,258.168,259.08,260.065,261.12,262.243,263.43,264.672,265.96,267.278,268.611,269.936,271.233,272.477,273.647,274.728,275.717,276.629,277.513,278.463,279.643,281.317
76860.0,98.7,118.595,137.01,154.014,169.676,184.063,197.237,209.249,220.133,229.902,238.547,246.035,252.313,257.31,260.952,263.177,263.974,263.419,261.736,259.324,256.743,254.591,253.306,252.999,253.438,254.237,255.079,255.846,256.572,257.333,258.168,259.08,260.065,261.12,262.243,263.43,264.672,265.96,267.278,268.611,269.936,271.233,272.477,273.647,274.728,275.717,276.629,277.513,278.463,279.643,281.317
76920.0,98.658,118.523,136.911,153.894,169.539,183.914,197.08,209.088,219.972,229.743,238.394,245.892,252.182,257.195,260.854,263.101,263.919,263.387,261.723,259.327,256.754,254.604,253.316,253.004,253.44,254.237,255.079,255.846,256.572,257.333,258.168,259.08,260.065,261.12,262.243,263.43,264.672,265.96,267.278,268.611,269.936,271.233,272.477,273.647,274.728,275.717,276.629,277.513,278.463,279.643,281.317
76980.0,98.617,118.45,136.812,153.774,169.403,183.766,196.924,208.928,219.811,229.585,238.242,245.749,252.051,257.079,260.757,263.024,263.865,263.355,261.711,259.329,256.765,254.617,253.327,253.01,253.442,254.237,255.078,255.845,256.572,257.333,258.168,259.08,260.065,261.12,262.243,263.43,264.672,265.96,267.278,268.611,269.936,271.233,272.477,273.647,274.728,275.717,276.629,277.513,278.463,279.643,281.317
77040.0,98.575,118.378,136.714,153.655,169.267,183.618,196.769,208.769,219.651,229.428,238.091,245.607,251.921,256.964,260.661,262.948,263.811,263.322,261.698,259.331,256.776,254.63,253.337,253.016,253.444,254.236,255.078,255.845,256.572,257.333,258.168,259.08,260.065,261.12,262.243,263.43,264.672,265.96,267.278,268.611,269.936,271.233,272.477,273.647,274.728,275.717,276.629,277.513,278.463,279.643,281.317
77100.0,98.534,118.306,136.617,153.536,169.133,183.472,196.614,208.61,219.491,229.271,237.94,245.465,251.791,256.85,260.564,262.872,263.756,263.289,261.685,259.334,256.787,254.643,253.347,253.021,253.445,254.236,255.077,255.845,256.572,257.333,258.168,259.08,260.064,261.12,262.243,263.43,264.672,265.96,267.278,268.611,269.936,271.233,272.477,273.647,274.728,275.717,276.629,277.513,278.463,279.643,281.317
77160.0,98.493,118.235,136.52,153.418,168.998,183.326,196.461,208.452,219.333,229.115,237.789,245.323,251.662,256.735,260.467,262.795,263.701,263.256,261.671,259.335,256.798,254.656,253.358,253.027,253.447,254.236,255.076,255.844,256.572,257.333,258.168,259.08,260.064,261.12,262.243,263.43,264.672,265.96,267.278,268.611,269.936,271.233,272.477,273.647,274.728,275.717,276.629,277.513,278.463,279.643,281.317
77220.0,98.452,118.164,136.423,153.301,168.865,183.18,196.307,208.294,219.174,228.959,237.639,245.182,251.532,256.621,260.371,262.719,263.647,263.223,261.658,259.337,256.809,254.669,253.368,253.032,253.449,254.236,255.076,255.844,256.572,257.333,258.168,259.08,260.064,261.12,262.243,263.43,264.672,265.96,267.278,268.611,269.936,271.233,272.477,273.647,274.728,275.717,276.629,277.513,278.463,279.643,281.317
77280.0,98.411,118.093,136.327,153.184,168.732,183.035,196.155,208.138,219.017,228.804,237.49,245.041,251.403,256.507,260.274,262.643,263.592,263.19,261.644,259.339,256.819,254.682,253.378,253.038,253.451,254.236,255.075,255.844,256.572,257.333,258.168,259.08,260.064,261.12,262.243,263.43,264.672,265.96,267.278,268.611,269.936,271.233,272.477,273.647,274.728,275.717,276.629,277.513,278.463,279.643,281.317
77340.0,98.371,118.023,136.231,153.068,168.599,182.891,196.003,207.981,218.86,228.649,237.341,244.9,251.275,256.393,260.178,262.567,263.537,263.157,261.631,259.34,256.83,254.695,253.388,253.044,253.453,254.235,255.075,255.843,256.571,257.333,258.167,259.079,260.064,261.12,262.243,263.43,264.672,265.96,267.278,268.611,269.936,271.233,272.477,273.647,274.728,275.717,276.629,277.513,278.463,279.643,281.318
77400.0,98.33,117.953,136.136,152.952,168.468,182.748,195.851,207.826,218.703,228.495,237.192,244.761,251.146,256.279,260.082,262.49,263.483,263.124,261.617,259.341,256.84,254.707,253.399,253.05,253.454,254.235,255.074,255.843,256.571,257.333,258.167,259.079,260.064,261.12,262.243,263.43,264.672,265.96,267.278,268.611,269.936,271.233,272.477,273.647,274.728,275.717,276.629,277.513,278.463,279.643,281.318
77460.0,98.29,117.883,136.041,152.837,168.336,182.605,195.7,207.671,218.547,228.342,237.044,244.621,251.018,256.166,259.986,262.414,263.428,263.09,261.603,259.343,256.85,254.72,253.409,253.055,253.456,254.235,255.073,255.842,256.571,257.333,258.167,259.079,260.064,261.12,262.243,263.43,264.672,265.96,267.278,268.611,269.936,271.233,272.477,273.647,274.728,275.717,276.629,277.513,278.463,279.643,281.318
77520.0,98.25,117.813,135.947,152.722,168.206,182.462,195.55,207.516,218.392,228.189,236.896,244.482,250.891,256.053,259.89,262.338,263.373,263.056,261.588,259.344,256.86,254.733,253.419,253.061,253.458,254.235,255.073,255.842,256.571,257.333,258.167,259.079,260.064,261.12,262.243,263.43,264.672,265.96,267.278,268.61,269.936,271.233,272.477,273.647,274.728,275.717,276.629,277.513,278.463,279.643,281.318
77580.0,98.21,117.744,135.853,152.608,168.076,182.321,195.401,207.363,218.237,228.036,236.749,244.343,250.763,255.94,259.795,262.262,263.318,263.023,261.574,259.344,256.87,254.745,253.429,253.067,253.46,254.235,255.072,255.842,256.571,257.333,258.167,259.079,260.064,261.12,262.243,263.43,264.672,265.96,267.278,268.61,269.936,271.233,272.477,273.647,274.728,275.717,276.629,277.513,278.463,279.643,281.318
77640.0,98.171,117.675,135.759,152.494,167.946,182.179,195.252,207.209,218.083,227.884,236.602,244.205,250.636,255.827,259.699,262.186,263.263,262.989,261.56,259.345,256.88,254.758,253.439,253.072,253.462,254.235,255.072,255.841,256.571,257.333,258.167,259.079,260.064,261.119,262.243,263.43,264.672,265.959,267.278,268.61,269.936,271.233,272.476,273.647,274.728,275.717,276.629,277.513,278.463,279.643,281.318
77700.0,98.131,117.607,135.666,152.381,167.817,182.039,195.103,207.057,217.929,227.733,236.456,244.067,250.51,255.715,259.603,262.11,263.207,262.955,261.545,259.346,256.89,254.77,253.45,253.078,253.464,254.234,255.071,255.841,256.571,257.333,258.167,259.079,260.064,261.119,262.243,263.43,264.672,265.959,267.278,268.61,269.936,271.233,272.476,273.647,274.728,275.717,276.629,277.513,278.463,279.643,281.318
77760.0,98.092,117.539,135.573,152.268,167.689,181.899,194.956,206.905,217.776,227.582,236.311,243.929,250.383,255.602,259.508,262.034,263.152,262.921,261.53,259.346,256.899,254.783,253.46,253.084,253.466,254.234,255.07,255.841,256.571,257.333,258.167,259.079,260.064,261.119,262.243,263.429,264.672,265.959,267.278,268.61,269.936,271.233,272.476,273.647,274.728,275.717,276.629,277.513,278.463,279.643,281.318
77820.0,98.052,117.471,135.481,152.156,167.561,181.76,194.808,206.753,217.624,227.432,236.165,243.792,250.257,255.49,259.413,261.958,263.097,262.886,261.515,259.346,256.909,254.795,253.47,253.09,253.468,254.234,255.07,255.84,256.57,257.333,258.167,259.079,260.064,261.119,262.243,263.429,264.672,265.959,267.278,268.61,269.936,271.233,272.476,273.647,274.728,275.717,276.629,277.513,278.463,279.643,281.318
77880.0,98.013,117.403,135.389,152.044,167.434,181.621,194.662,206.602,217.472,227.282,236.02,243.655,250.132,255.379,259.318,261.882,263.042,262.852,261.5,259.346,256.918,254.807,253.48,253.095,253.47,254.234,255.069,255.84,256.57,257.333,258.167,259.079,260.064,261.119,262.243,263.429,264.672,265.959,267.278,268.61,269.936,271.233,272.476,273.647,274.728,275.717,276.629,277.513,278.463,279.643,281.318
77940.0,97.975,117.336,135.298,151.933,167.307,181.483,194.516,206.452,217.321,227.132,235.876,243.519,250.006,255.267,259.223,261.806,262.986,262.818,261.485,259.346,256.927,254.819,253.49,253.101,253.472,254.234,255.069,255.839,256.57,257.333,258.167,259.079,260.064,261.119,262.243,263.429,264.672,265.959,267.278,268.61,269.936,271.232,272.476,273.647,274.728,275.717,276.629,277.513,278.463,279.643,281.318
78000.0,97.936,117.269,135.207,151.822,167.181,181.345,194.371,206.302,217.17,226.983,235.732,243.383,249.881,255.156,259.128,261.73,262.931,262.783,261.469,259.346,256.937,254.831,253.5,253.107,253.473,254.234,255.068,255.839,256.57,257.333,258.167,259.079,260.064,261.119,262.243,263.429,264.672,265.959,267.278,268.61,269.936,271.232,272.476,273.647,274.728,275.717,276.629,277.513,278.463,279.643,281.318
78060.0,97.897,117.202,135.116,151.712,167.055,181.208,194.226,206.153,217.02,226.835,235.589,243.247,249.756,255.044,259.033,261.654,262.876,262.748,261.453,259.346,256.946,254.843,253.51,253.113,253.475,254.234,255.067,255.839,256.57,257.332,258.167,259.079,260.064,261.119,262.243,263.429,264.672,265.959,267.278,268.61,269.936,271.232,272.476,273.647,274.728,275.717,276.629,277.513,278.463,279.643,281.318
78120.0,97.859,117.136,135.026,151.602,166.93,181.071,194.082,206.005,216.87,226.687,235.446,243.112,249.632,254.934,258.939,261.578,262.82,262.713,261.438,259.345,256.955,254.855,253.52,253.119,253.477,254.234,255.067,255.838,256.57,257.332,258.167,259.079,260.064,261.119,262.243,263.429,264.672,265.959,267.278,268.61,269.936,271.232,272.476,273.647,274.728,275.717,276.629,277.513,278.463,279.643,281.318
78180.0,97.82,117.069,134.936,151.493,166.806,180.936,193.938,205.857,216.721,226.54,235.303,242.977,249.507,254.823,258.845,261.502,262.765,262.679,261.422,259.344,256.963,254.867,253.53,253.124,253.479,254.234,255.066,255.838,256.57,257.332,258.167,259.079,260.064,261.119,262.243,263.429,264.672,265.959,267.278,268.61,269.936,271.232,272.476,273.647,274.728,275.717,276.629,277.513,278.463,279.643,281.318
78240.0,97.782,117.004,134.847,151.384,166.682,180.8,193.795,205.709,216.572,226.393,235.161,242.843,249.383,254.712,258.75,261.427,262.709,262.643,261.406,259.344,256.972,254.879,253.54,253.13,253.481,254.234,255.066,255.838,256.57,257.332,258.167,259.079,260.064,261.119,262.243,263.429,264.672,265.959,267.278,268.61,269.936,271.232,272.476,273.647,274.728,275.717,276.629,277.513,278.463,279.643,281.318
78300.0,97.744,116.938,134.758,151.276,166.558,180.665,193.652,205.562,216.424,226.247,235.019,242.708,249.26,254.602,258.656,261.351,262.654,262.608,261.39,259.343,256.981,254.891,253.55,253.136,253.483,254.234,255.065,255.837,256.569,257.332,258.167,259.079,260.064,261.119,262.242,263.429,264.672,265.959,267.278,268.61,269.936,271.232,272.476,273.647,274.728,275.717,276.629,277.513,278.463,279.643,281.318
78360.0,97.707,116.873,134.669,151.168,166.435,180.531,193.51,205.416,216.276,226.101,234.878,242.575,249.137,254.492,258.562,261.275,262.598,262.573,261.373,259.341,256.989,254.903,253.56,253.142,253.486,254.234,255.065,255.837,256.569,257.332,258.167,259.079,260.064,261.119,262.242,263.429,264.672,265.959,267.278,268.61,269.936,271.232,272.476,273.646,274.728,275.717,276.629,277.513,278.463,279.643,281.318
78420.0,97.669,116.808,134.581,151.061,166.313,180.397,193.369,205.27,216.129,225.955,234.737,242.441,249.014,254.382,258.468,261.2,262.542,262.538,261.357,259.34,256.998,254.915,253.57,253.148,253.488,254.234,255.064,255.836,256.569,257.332,258.167,259.079,260.064,261.119,262.242,263.429,264.672,265.959,267.278,268.61,269.936,271.232,272.476,273.646,274.728,275.717,276.629,277.513,278.463,279.643,281.318
78480.0,97.631,116.743,134.493,150.954,166.191,180.264,193.228,205.125,215.983,225.811,234.597,242.308,248.891,254.273,258.374,261.124,262.486,262.502,261.34,259.339,257.006,254.926,253.58,253.153,253.49,254.234,255.064,255.836,256.569,257.332,258.167,259.079,260.064,261.119,262.242,263.429,264.671,265.959,267.278,268.61,269.936,271.232,272.476,273.646,274.728,275.717,276.629,277.513,278.463,279.643,281.318
78540.0,97.594,116.679,134.405,150.847,166.069,180.132,193.088,204.98,215.837,225.666,234.457,242.176,248.768,254.163,258.281,261.049,262.431,262.467,261.323,259.337,257.014,254.938,253.59,253.159,253.492,254.234,255.063,255.836,256.569,257.332,258.167,259.079,260.064,261.119,262.242,263.429,264.671,265.959,267.278,268.61,269.936,271.232,272.476,273.646,274.728,275.717,276.629,277.513,278.463,279.643,281.318
78600.0,97.557,116.615,134.318,150.741,165.948,179.999,192.948,204.836,215.691,225.522,234.317,242.044,248.646,254.054,258.187,260.973,262.375,262.431,261.306,259.336,257.022,254.949,253.6,253.165,253.494,254.234,255.062,255.835,256.569,257.332,258.167,259.079,260.063,261.119,262.242,263.429,264.671,265.959,267.278,268.61,269.936,271.232,272.476,273.646,274.728,275.717,276.629,277.513,278.463,279.643,281.318
78660.0,97.52,116.551,134.232,150.636,165.828,179.868,192.809,204.692,215.546,225.379,234.178,241.912,248.525,253.945,258.094,260.898,262.319,262.395,261.289,259.334,257.03,254.961,253.61,253.171,253.496,254.234,255.062,255.835,256.569,257.332,258.167,259.079,260.063,261.119,262.242,263.429,264.671,265.959,267.278,268.61,269.936,271.232,272.476,273.646,274.728,275.716,276.629,277.513,278.463,279.643,281.318
78720.0,97.483,116.487,134.145,150.531,165.708,179.737,192.67,204.549,215.402,225.236,234.04,241.78,248.403,253.837,258.001,260.822,262.263,262.359,261.272,259.332,257.038,254.972,253.619,253.177,253.498,254.234,255.061,255.835,256.568,257.332,258.167,259.079,260.063,261.119,262.242,263.429,264.671,265.959,267.278,268.61,269.936,271.232,272.476,273.646,274.728,275.716,276.629,277.513,278.463,279.643,281.318
78780.0,97.446,116.424,134.059,150.426,165.588,179.606,192.532,204.407,215.258,225.093,233.901,241.649,248.282,253.728,257.908,260.747,262.207,262.323,261.255,259.33,257.045,254.983,253.629,253.183,253.5,254.234,255.061,255.834,256.568,257.332,258.167,259.078,260.063,261.119,262.242,263.429,264.671,265.959,267.278,268.61,269.936,271.232,272.476,273.646,274.728,275.716,276.629,277.513,278.463,279.643,281.318
78840.0,97.409,116.361,133.974,150.322,165.47,179.476,192.394,204.265,215.114,224.951,233.764,241.518,248.161,253.62,257.815,260.672,262.151,262.287,261.237,259.327,257.053,254.995,253.639,253.188,253.502,254.234,255.06,255.834,256.568,257.332,258.167,259.078,260.063,261.119,262.242,263.429,264.671,265.959,267.277,268.61,269.936,271.232,272.476,273.646,274.728,275.716,276.629,277.513,278.463,279.643,281.318
78900.0,97.373,116.298,133.888,150.218,165.351,179.347,192.257,204.123,214.971,224.81,233.626,241.388,248.04,253.512,257.722,260.597,262.095,262.251,261.22,259.325,257.06,255.006,253.649,253.194,253.504,254.234,255.06,255.834,256.568,257.332,258.167,259.078,260.063,261.119,262.242,263.429,264.671,265.959,267.277,268.61,269.936,271.232,272.476,273.646,274.728,275.716,276.629,277.513,278.463,279.643,281.318
78960.0,97.336,116.235,133.803,150.115,165.233,179.218,192.121,203.982,214.829,224.668,233.489,241.258,247.92,253.404,257.629,260.521,262.039,262.215,261.202,259.323,257.068,255.017,253.659,253.2,253.507,254.234,255.059,255.833,256.568,257.332,258.167,259.078,260.063,261.119,262.242,263.429,264.671,265.959,267.277,268.61,269.936,271.232,272.476,273.646,274.728,275.716,276.629,277.513,278.463,279.643,281.318
79020.0,97.3,116.173,133.719,150.012,165.116,179.089,191.985,203.842,214.687,224.528,233.353,241.128,247.8,253.297,257.537,260.446,261.983,262.179,261.184,259.32,257.075,255.028,253.668,253.206,253.509,254.234,255.059,255.833,256.568,257.332,258.167,259.078,260.063,261.119,262.242,263.429,264.671,265.959,267.277,268.61,269.936,271.232,272.476,273.646,274.728,275.716,276.629,277.513,278.463,279.643,281.318
79080.0,97.264,116.111,133.635,149.909,164.999,178.962,191.849,203.702,214.545,224.388,233.217,240.999,247.68,253.189,257.444,260.371,261.927,262.142,261.166,259.317,257.082,255.039,253.678,253.212,253.511,254.234,255.058,255.832,256.568,257.332,258.167,259.078,260.063,261.119,262.242,263.429,264.671,265.959,267.277,268.61,269.936,271.232,272.476,273.646,274.728,275.716,276.629,277.513,278.463,279.643,281.318
79140.0,97.228,116.049,133.551,149.807,164.882,178.834,191.714,203.562,214.404,224.248,233.081,240.87,247.561,253.082,257.352,260.296,261.871,262.106,261.148,259.314,257.089,255.05,253.688,253.218,253.513,254.234,255.058,255.832,256.568,257.332,258.166,259.078,260.063,261.118,262.242,263.429,264.671,265.959,267.277,268.61,269.936,271.232,272.476,273.646,274.728,275.716,276.629,277.513,278.463,279.643,281.318
79200.0,97.192,115.988,133.467,149.706,164.766,178.707,191.579,203.423,214.264,224.108,232.946,240.741,247.442,252.975,257.26,260.221,261.815,262.069,261.13,259.311,257.096,255.061,253.697,253.224,253.515,254.234,255.057,255.832,256.567,257.332,258.166,259.078,260.063,261.118,262.242,263.429,264.671,265.959,267.277,268.61,269.936,271.232,272.476,273.646,274.728,275.716,276.629,277.513,278.463,279.643,281.318
79260.0,97.156,115.927,133.384,149.604,164.65,178.581,191.445,203.285,214.123,223.97,232.811,240.613,247.323,252.868,257.168,260.146,261.759,262.032,261.112,259.308,257.103,255.072,253.707,253.23,253.517,254.234,255.057,255.831,256.567,257.332,258.166,259.078,260.063,261.118,262.242,263.429,264.671,265.959,267.277,268.61,269.936,271.232,272.476,273.646,274.728,275.716,276.629,277.513,278.463,279.643,281.318
79320.0,97.121,115.866,133.302,149.504,164.535,178.455,191.312,203.147,213.984,223.831,232.676,240.485,247.204,252.762,257.076,260.071,261.703,261.995,261.093,259.305,257.11,255.082,253.717,253.236,253.52,254.234,255.056,255.831,256.567,257.332,258.166,259.078,260.063,261.118,262.242,263.429,264.671,265.959,267.277,268.61,269.935,271.232,272.476,273.646,274.728,275.716,276.629,277.513,278.463,279.643,281.318
79380.0,97.085,115.805,133.219,149.403,164.421,178.329,191.179,203.009,213.845,223.693,232.542,240.358,247.086,252.655,256.984,259.997,261.647,261.958,261.074,259.301,257.116,255.093,253.726,253.241,253.522,254.234,255.056,255.831,256.567,257.332,258.166,259.078,260.063,261.118,262.242,263.429,264.671,265.959,267.277,268.61,269.935,271.232,272.476,273.646,274.728,275.716,276.629,277.513,278.463,279.643,281.318
79440.0,97.05,115.744,133.137,149.303,164.306,178.204,191.046,202.872,213.706,223.556,232.408,240.231,246.968,252.549,256.893,259.922,261.591,261.921,261.056,259.297,257.123,255.104,253.736,253.247,253.524,254.234,255.055,255.83,256.567,257.332,258.166,259.078,260.063,261.118,262.242,263.428,264.671,265.959,267.277,268.61,269.935,271.232,272.476,273.646,274.728,275.716,276.629,277.513,278.463,279.643,281.318
79500.0,97.015,115.684,133.055,149.204,164.193,178.08,190.914,202.736,213.568,223.419,232.275,240.104,246.85,252.443,256.801,259.847,261.534,261.884,261.037,259.294,257.129,255.114,253.745,253.253,253.526,254.234,255.055,255.83,256.567,257.332,258.166,259.078,260.063,261.118,262.242,263.428,264.671,265.958,267.277,268.61,269.935,271.232,272.476,273.646,274.728,275.716,276.629,277.513,278.463,279.643,281.318
79560.0,96.98,115.624,132.974,149.104,164.079,177.956,190.783,202.6,213.43,223.282,232.142,239.977,246.733,252.338,256.71,259.772,261.478,261.847,261.018,259.29,257.136,255.125,253.755,253.259,253.529,254.235,255.054,255.829,256.567,257.331,258.166,259.078,260.063,261.118,262.242,263.428,264.671,265.958,267.277,268.61,269.935,271.232,272.476,273.646,274.728,275.716,276.629,277.513,278.463,279.643,281.318
79620.0,96.945,115.564,132.893,149.006,163.967,177.832,190.652,202.464,213.293,223.146,232.01,239.851,246.616,252.232,256.619,259.698,261.422,261.81,260.999,259.286,257.142,255.135,253.764,253.265,253.531,254.235,255.054,255.829,256.566,257.331,258.166,259.078,260.063,261.118,262.242,263.428,264.671,265.958,267.277,268.61,269.935,271.232,272.476,273.646,274.728,275.716,276.629,277.513,278.463,279.643,281.318
79680.0,96.91,115.505,132.812,148.907,163.854,177.709,190.521,202.329,213.156,223.01,231.877,239.725,246.499,252.127,256.528,259.623,261.366,261.773,260.979,259.282,257.148,255.145,253.774,253.271,253.533,254.235,255.053,255.829,256.566,257.331,258.166,259.078,260.063,261.118,262.242,263.428,264.671,265.958,267.277,268.61,269.935,271.232,272.476,273.646,274.727,275.716,276.629,277.513,278.463,279.643,281.318
79740.0,96.876,115.446,132.732,148.809,163.742,177.587,190.391,202.194,213.02,222.875,231.746,239.6,246.382,252.022,256.437,259.549,261.309,261.735,260.96,259.278,257.154,255.156,253.783,253.277,253.536,254.235,255.053,255.828,256.566,257.331,258.166,259.078,260.063,261.118,262.242,263.428,264.671,265.958,267.277,268.61,269.935,271.232,272.476,273.646,274.727,275.716,276.629,277.513,278.463,279.643,281.318
79800.0,96.841,115.386,132.652,148.712,163.631,177.464,190.262,202.06,212.884,222.74,231.614,239.474,246.266,251.917,256.346,259.474,261.253,261.698,260.941,259.273,257.16,255.166,253.793,253.283,253.538,254.235,255.052,255.828,256.566,257.331,258.166,259.078,260.063,261.118,262.242,263.428,264.671,265.958,267.277,268.609,269.935,271.232,272.476,273.646,274.727,275.716,276.629,277.513,278.463,279.643,281.318
79860.0,96.807,115.328,132.572,148.615,163.52,177.343,190.132,201.927,212.749,222.605,231.483,239.35,246.15,251.812,256.255,259.4,261.197,261.66,260.921,259.269,257.165,255.176,253.802,253.289,253.54,254.235,255.052,255.828,256.566,257.331,258.166,259.078,260.063,261.118,262.241,263.428,264.671,265.958,267.277,268.609,269.935,271.232,272.476,273.646,274.727,275.716,276.629,277.513,278.463,279.643,281.318
79920.0,96.772,115.269,132.492,148.518,163.409,177.221,190.004,201.793,212.614,222.471,231.353,239.225,246.034,251.708,256.165,259.326,261.14,261.623,260.901,259.264,257.171,255.186,253.812,253.295,253.543,254.235,255.051,255.827,256.566,257.331,258.166,259.078,260.063,261.118,262.241,263.428,264.671,265.958,267.277,268.609,269.935,271.232,272.476,273.646,274.727,275.716,276.629,277.513,278.463,279.643,281.318
79980.0,96.738,115.211,132.413,148.422,163.299,177.101,189.876,201.661,212.479,222.337,231.223,239.101,245.919,251.604,256.074,259.251,261.084,261.585,260.881,259.259,257.176,255.196,253.821,253.301,253.545,254.236,255.051,255.827,256.566,257.331,258.166,259.078,260.063,261.118,262.241,263.428,264.671,265.958,267.277,268.609,269.935,271.232,272.476,273.646,274.727,275.716,276.629,277.513,278.463,279.643,281.318
80040.0,96.704,115.153,132.334,148.326,163.189,176.98,189.748,201.528,212.345,222.204,231.093,238.977,245.803,251.5,255.984,259.177,261.027,261.547,260.861,259.254,257.182,255.206,253.83,253.307,253.547,254.236,255.05,255.827,256.566,257.331,258.166,259.078,260.062,261.118,262.241,263.428,264.671,265.958,267.277,268.609,269.935,271.232,272.476,273.646,274.727,275.716,276.629,277.513,278.463,279.643,281.318
80100.0,96.67,115.095,132.256,148.23,163.08,176.861,189.621,201.396,212.211,222.071,230.963,238.854,245.688,251.396,255.894,259.103,260.971,261.509,260.841,259.249,257.187,255.216,253.84,253.312,253.55,254.236,255.05,255.826,256.565,257.331,258.166,259.078,260.062,261.118,262.241,263.428,264.671,265.958,267.277,268.609,269.935,271.232,272.476,273.646,274.727,275.716,276.629,277.513,278.463,279.643,281.318
80160.0,96.637,115.037,132.178,148.135,162.971,176.741,189.494,201.265,212.078,221.939,230.834,238.731,245.574,251.292,255.804,259.029,260.915,261.471,260.821,259.244,257.192,255.226,253.849,253.318,253.552,254.236,255.049,255.826,256.565,257.331,258.166,259.078,260.062,261.118,262.241,263.428,264.671,265.958,267.277,268.609,269.935,271.232,272.476,273.646,274.727,275.716,276.629,277.513,278.463,279.643,281.318
80220.0,96.603,114.98,132.1,148.04,162.862,176.622,189.367,201.134,211.945,221.807,230.706,238.608,245.459,251.189,255.714,258.955,260.858,261.433,260.801,259.239,257.197,255.235,253.858,253.324,253.554,254.236,255.049,255.825,256.565,257.331,258.166,259.078,260.062,261.118,262.241,263.428,264.671,265.958,267.277,268.609,269.935,271.232,272.476,273.646,274.727,275.716,276.629,277.513,278.463,279.643,281.318
80280.0,96.569,114.923,132.022,147.945,162.754,176.504,189.241,201.004,211.813,221.675,230.577,238.485,245.345,251.086,255.624,258.881,260.802,261.395,260.78,259.233,257.202,255.245,253.867,253.33,253.557,254.237,255.048,255.825,256.565,257.331,258.166,259.077,260.062,261.118,262.241,263.428,264.67,265.958,267.277,268.609,269.935,271.232,272.476,273.646,274.727,275.716,276.629,277.513,278.463,279.643,281.318
80340.0,96.536,114.866,131.945,147.851,162.646,176.386,189.116,200.874,211.681,221.544,230.449,238.363,245.231,250.983,255.535,258.807,260.745,261.357,260.76,259.228,257.207,255.255,253.877,253.336,253.559,254.237,255.048,255.825,256.565,257.331,258.166,259.077,260.062,261.118,262.241,263.428,264.67,265.958,267.277,268.609,269.935,271.232,272.476,273.646,274.727,275.716,276.629,277.513,278.463,279.643,281.318
80400.0,96.503,114.809,131.868,147.757,162.539,176.268,188.991,200.744,211.55,221.413,230.322,238.241,245.118,250.88,255.445,258.733,260.689,261.319,260.739,259.222,257.212,255.264,253.886,253.342,253.562,254.237,255.047,255.824,256.565,257.331,258.166,259.077,260.062,261.118,262.241,263.428,264.67,265.958,267.277,268.609,269.935,271.232,272.476,273.646,274.727,275.716,276.629,277.513,278.463,279.643,281.318
80460.0,96.469,114.752,131.792,147.664,162.432,176.151,188.866,200.615,211.419,221.283,230.194,238.12,245.004,250.778,255.356,258.66,260.633,261.281,260.719,259.217,257.217,255.274,253.895,253.348,253.564,254.237,255.047,255.824,256.565,257.331,258.166,259.077,260.062,261.118,262.241,263.428,264.67,265.958,267.277,268.609,269.935,271.232,272.476,273.646,274.727,275.716,276.629,277.513,278.463,279.643,281.318
80520.0,96.436,114.696,131.715,147.571,162.326,176.034,188.742,200.486,211.288,221.153,230.068,237.998,244.891,250.675,255.267,258.586,260.576,261.242,260.698,259.211,257.221,255.283,253.904,253.354,253.566,254.238,255.046,255.824,256.564,257.331,258.166,259.077,260.062,261.118,262.241,263.428,264.67,265.958,267.277,268.609,269.935,271.232,272.476,273.646,274.727,275.716,276.629,277.513,278.463,279.643,281.318
80580.0,96.403,114.64,131.639,147.478,162.219,175.918,188.619,200.358,211.158,221.023,229.941,237.877,244.779,250.573,255.178,258.512,260.52,261.204,260.677,259.205,257.226,255.292,253.913,253.36,253.569,254.238,255.046,255.823,256.564,257.331,258.166,259.077,260.062,261.118,262.241,263.428,264.67,265.958,267.277,268.609,269.935,271.232,272.476,273.646,274.727,275.716,276.629,277.513,278.463,279.643,281.318
80640.0,96.371,114.584,131.563,147.386,162.114,175.802,188.495,200.23,211.028,220.894,229.815,237.757,244.666,250.471,255.089,258.439,260.463,261.165,260.656,259.198,257.23,255.302,253.922,253.366,253.571,254.238,255.045,255.823,256.564,257.331,258.166,259.077,260.062,261.118,262.241,263.428,264.67,265.958,267.277,268.609,269.935,271.232,272.476,273.646,274.727,275.716,276.629,277.513,278.463,279.643,281.318
80700.0,96.338,114.528,131.488,147.294,162.008,175.686,188.372,200.103,210.899,220.765,229.689,237.637,244.554,250.369,255.0,258.365,260.407,261.127,260.634,259.192,257.235,255.311,253.931,253.372,253.574,254.238,255.045,255.823,256.564,257.331,258.166,259.077,260.062,261.117,262.241,263.428,264.67,265.958,267.277,268.609,269.935,271.232,272.476,273.646,274.727,275.716,276.629,277.513,278.463,279.643,281.318
80760.0,96.305,114.473,131.413,147.202,161.904,175.571,188.25,199.976,210.77,220.637,229.564,237.517,244.442,250.268,254.912,258.292,260.35,261.088,260.613,259.186,257.239,255.32,253.941,253.378,253.576,254.239,255.045,255.822,256.564,257.331,258.166,259.077,260.062,261.117,262.241,263.428,264.67,265.958,267.277,268.609,269.935,271.232,272.476,273.646,274.727,275.716,276.629,277.513,278.463,279.643,281.318
80820.0,96.273,114.418,131.338,147.111,161.799,175.456,188.128,199.849,210.641,220.509,229.439,237.397,244.33,250.166,254.823,258.218,260.294,261.05,260.592,259.179,257.243,255.329,253.95,253.384,253.579,254.239,255.044,255.822,256.564,257.331,258.166,259.077,260.062,261.117,262.241,263.428,264.67,265.958,267.277,268.609,269.935,271.231,272.476,273.646,274.727,275.716,276.629,277.513,278.463,279.643,281.318
80880.0,96.24,114.363,131.263,147.02,161.695,175.342,188.007,199.723,210.513,220.381,229.314,237.278,244.218,250.065,254.735,258.145,260.237,261.011,260.57,259.173,257.247,255.338,253.959,253.39,253.581,254.239,255.044,255.821,256.564,257.331,258.165,259.077,260.062,261.117,262.241,263.428,264.67,265.958,267.277,268.609,269.935,271.231,272.476,273.646,274.727,275.716,276.629,277.513,278.463,279.643,281.318
80940.0,96.208,114.308,131.189,146.929,161.591,175.228,187.885,199.598,210.385,220.254,229.19,237.159,244.107,249.964,254.646,258.072,260.181,260.972,260.549,259.166,257.251,255.347,253.967,253.396,253.584,254.239,255.043,255.821,256.563,257.331,258.165,259.077,260.062,261.117,262.241,263.428,264.67,265.958,267.276,268.609,269.935,271.231,272.476,273.646,274.727,275.716,276.629,277.513,278.463,279.643,281.318
81000.0,96.176,114.253,131.115,146.839,161.488,175.115,187.765,199.472,210.258,220.127,229.066,237.04,243.996,249.863,254.558,257.998,260.124,260.933,260.527,259.159,257.254,255.356,253.976,253.402,253.586,254.24,255.043,255.821,256.563,257.33,258.165,259.077,260.062,261.117,262.241,263.428,264.67,265.958,267.276,268.609,269.935,271.231,272.476,273.646,274.727,275.716,276.629,277.513,278.463,279.643,281.318
81060.0,96.144,114.199,131.041,146.749,161.385,175.002,187.644,199.347,210.131,220.001,228.942,236.921,243.886,249.763,254.47,257.925,260.068,260.894,260.505,259.152,257.258,255.365,253.985,253.408,253.589,254.24,255.042,255.82,256.563,257.33,258.165,259.077,260.062,261.117,262.241,263.428,264.67,265.958,267.276,268.609,269.935,271.231,272.475,273.646,274.727,275.716,276.629,277.513,278.463,279.643,281.318
81120.0,96.112,114.144,130.968,146.66,161.282,174.889,187.525,199.223,210.005,219.875,228.819,236.803,243.775,249.663,254.383,257.852,260.011,260.855,260.483,259.145,257.262,255.374,253.994,253.414,253.591,254.24,255.042,255.82,256.563,257.33,258.165,259.077,260.062,261.117,262.241,263.427,264.67,265.958,267.276,268.609,269.935,271.231,272.475,273.646,274.727,275.716,276.629,277.513,278.463,279.643,281.318
81180.0,96.08,114.09,130.895,146.571,161.18,174.777,187.405,199.099,209.879,219.749,228.696,236.685,243.665,249.562,254.295,257.779,259.955,260.816,260.461,259.138,257.265,255.382,254.003,253.419,253.594,254.241,255.042,255.82,256.563,257.33,258.165,259.077,260.062,261.117,262.241,263.427,264.67,265.958,267.276,268.609,269.935,271.231,272.475,273.646,274.727,275.716,276.629,277.513,278.463,279.643,281.318
81240.0,96.048,114.037,130.822,146.482,161.078,174.665,187.286,198.975,209.753,219.624,228.573,236.568,243.555,249.462,254.207,257.706,259.898,260.777,260.439,259.131,257.268,255.391,254.012,253.425,253.596,254.241,255.041,255.819,256.563,257.33,258.165,259.077,260.062,261.117,262.241,263.427,264.67,265.958,267.276,268.609,269.935,271.231,272.475,273.646,274.727,275.716,276.629,277.513,278.463,279.643,281.318
81300.0,96.017,113.983,130.749,146.393,160.977,174.554,187.167,198.852,209.628,219.499,228.451,236.451,243.445,249.363,254.12,257.633,259.842,260.738,260.417,259.123,257.272,255.399,254.021,253.431,253.599,254.241,255.041,255.819,256.563,257.33,258.165,259.077,260.062,261.117,262.241,263.427,264.67,265.958,267.276,268.609,269.935,271.231,272.475,273.646,274.727,275.716,276.629,277.513,278.463,279.643,281.318
81360.0,95.985,113.93,130.677,146.305,160.876,174.443,187.049,198.729,209.503,219.374,228.329,236.334,243.336,249.263,254.033,257.561,259.785,260.699,260.395,259.116,257.275,255.408,254.029,253.437,253.601,254.242,255.04,255.819,256.562,257.33,258.165,259.077,260.062,261.117,262.241,263.427,264.67,265.958,267.276,268.609,269.935,271.231,272.475,273.646,274.727,275.716,276.629,277.513,278.463,279.643,281.318
81420.0,95.954,113.876,130.605,146.217,160.775,174.332,186.931,198.607,209.378,219.25,228.207,236.217,243.227,249.164,253.945,257.488,259.729,260.659,260.372,259.108,257.278,255.416,254.038,253.443,253.604,254.242,255.04,255.818,256.562,257.33,258.165,259.077,260.062,261.117,262.24,263.427,264.67,265.957,267.276,268.609,269.935,271.231,272.475,273.646,274.727,275.716,276.629,277.513,278.463,279.644,281.318
81480.0,95.923,113.823,130.533,146.129,160.675,174.222,186.814,198.485,209.254,219.126,228.086,236.101,243.118,249.064,253.858,257.415,259.672,260.62,260.35,259.1,257.281,255.425,254.047,253.449,253.607,254.242,255.039,255.818,256.562,257.33,258.165,259.077,260.061,261.117,262.24,263.427,264.67,265.957,267.276,268.609,269.935,271.231,272.475,273.646,274.727,275.716,276.629,277.513,278.463,279.644,281.318
81540.0,95.891,113.771,130.461,146.042,160.575,174.112,186.697,198.363,209.13,219.002,227.965,235.985,243.009,248.965,253.771,257.343,259.616,260.581,260.327,259.093,257.284,255.433,254.056,253.455,253.609,254.243,255.039,255.818,256.562,257.33,258.165,259.077,260.061,261.117,262.24,263.427,264.67,265.957,267.276,268.609,269.935,271.231,272.475,273.646,274.727,275.716,276.629,277.513,278.463,279.644,281.318
81600.0,95.86,113.718,130.39,145.955,160.475,174.002,186.58,198.242,209.007,218.879,227.844,235.869,242.9,248.867,253.685,257.27,259.559,260.541,260.305,259.085,257.286,255.441,254.064,253.461,253.612,254.243,255.039,255.817,256.562,257.33,258.165,259.077,260.061,261.117,262.24,263.427,264.67,265.957,267.276,268.609,269.935,271.231,272.475,273.646,274.727,275.716,276.629,277.513,278.463,279.644,281.318
81660.0,95.829,113.665,130.319,145.869,160.376,173.893,186.464,198.121,208.884,218.756,227.724,235.754,242.792,248.768,253.598,257.198,259.503,260.502,260.282,259.077,257.289,255.449,254.073,253.467,253.614,254.244,255.038,255.817,256.562,257.33,258.165,259.077,260.061,261.117,262.24,263.427,264.67,265.957,267.276,268.609,269.935,271.231,272.475,273.646,274.727,275.716,276.629,277.513,278.463,279.644,281.318
81720.0,95.798,113.613,130.248,145.782,160.277,173.784,186.348,198.001,208.761,218.634,227.604,235.639,242.684,248.67,253.511,257.125,259.446,260.462,260.259,259.068,257.292,255.457,254.081,253.473,253.617,254.244,255.038,255.816,256.561,257.33,258.165,259.077,260.061,261.117,262.24,263.427,264.67,265.957,267.276,268.609,269.935,271.231,272.475,273.646,274.727,275.716,276.629,277.513,278.463,279.644,281.318
81780.0,95.768,113.561,130.178,145.696,160.178,173.676,186.233,197.881,208.639,218.512,227.485,235.524,242.576,248.571,253.425,257.053,259.39,260.423,260.236,259.06,257.294,255.465,254.09,253.479,253.62,254.244,255.037,255.816,256.561,257.33,258.165,259.076,260.061,261.117,262.24,263.427,264.67,265.957,267.276,268.609,269.935,271.231,272.475,273.646,274.727,275.716,276.629,277.513,278.463,279.644,281.318
81840.0,95.737,113.509,130.108,145.611,160.08,173.568,186.118,197.761,208.517,218.39,227.365,235.409,242.469,248.473,253.339,256.981,259.333,260.383,260.213,259.052,257.296,255.473,254.099,253.485,253.622,254.245,255.037,255.816,256.561,257.33,258.165,259.076,260.061,261.117,262.24,263.427,264.67,265.957,267.276,268.609,269.934,271.231,272.475,273.646,274.727,275.716,276.629,277.513,278.463,279.644,281.318
81900.0,95.706,113.458,130.038,145.525,159.982,173.461,186.003,197.642,208.396,218.269,227.246,235.295,242.362,248.376,253.253,256.908,259.277,260.343,260.19,259.043,257.299,255.481,254.107,253.491,253.625,254.245,255.037,255.815,256.561,257.33,258.165,259.076,260.061,261.117,262.24,263.427,264.67,265.957,267.276,268.609,269.934,271.231,272.475,273.646,274.727,275.716,276.629,277.513,278.463,279.644,281.318
81960.0,95.676,113.406,129.968,145.44,159.885,173.353,185.889,197.523,208.275,218.148,227.128,235.181,242.255,248.278,253.167,256.836,259.22,260.304,260.167,259.035,257.301,255.489,254.115,253.497,253.628,254.246,255.036,255.815,256.561,257.33,258.165,259.076,260.061,261.117,262.24,263.427,264.67,265.957,267.276,268.609,269.934,271.231,272.475,273.646,274.727,275.716,276.629,277.513,278.463,279.644,281.318
82020.0,95.646,113.355,129.899,145.356,159.788,173.246,185.775,197.404,208.154,218.027,227.009,235.067,242.148,248.18,253.081,256.764,259.164,260.264,260.144,259.026,257.303,255.497,254.124,253.502,253.63,254.246,255.036,255.815,256.561,257.33,258.165,259.076,260.061,261.117,262.24,263.427,264.67,265.957,267.276,268.609,269.934,271.231,272.475,273.646,274.727,275.716,276.629,277.513,278.463,279.644,281.318
82080.0,95.615,113.304,129.829,145.271,159.691,173.14,185.661,197.286,208.034,217.907,226.891,234.954,242.042,248.083,252.995,256.692,259.107,260.224,260.12,259.017,257.305,255.505,254.132,253.508,253.633,254.247,255.036,255.814,256.561,257.33,258.165,259.076,260.061,261.117,262.24,263.427,264.669,265.957,267.276,268.608,269.934,271.231,272.475,273.646,274.727,275.716,276.629,277.513,278.463,279.644,281.318
82140.0,95.585,113.253,129.76,145.187,159.594,173.034,185.548,197.168,207.914,217.787,226.774,234.841,241.935,247.986,252.91,256.62,259.051,260.184,260.097,259.008,257.307,255.512,254.141,253.514,253.636,254.247,255.035,255.814,256.56,257.33,258.165,259.076,260.061,261.117,262.24,263.427,264.669,265.957,267.276,268.608,269.934,271.231,272.475,273.646,274.727,275.716,276.629,277.513,278.463,279.644,281.318
82200.0,95.555,113.202,129.692,145.103,159.498,172.928,185.435,197.051,207.794,217.667,226.656,234.728,241.829,247.889,252.824,256.549,258.995,260.144,260.073,258.999,257.309,255.52,254.149,253.52,253.638,254.247,255.035,255.814,256.56,257.33,258.165,259.076,260.061,261.116,262.24,263.427,264.669,265.957,267.276,268.608,269.934,271.231,272.475,273.646,274.727,275.716,276.629,277.513,278.463,279.644,281.318
82260.0,95.525,113.151,129.623,145.02,159.402,172.823,185.323,196.934,207.675,217.548,226.539,234.615,241.723,247.792,252.739,256.477,258.938,260.104,260.049,258.99,257.31,255.527,254.157,253.526,253.641,254.248,255.034,255.813,256.56,257.329,258.165,259.076,260.061,261.116,262.24,263.427,264.669,265.957,267.276,268.608,269.934,271.231,272.475,273.646,274.727,275.716,276.629,277.513,278.463,279.644,281.318
82320.0,95.495,113.101,129.555,144.936,159.307,172.718,185.211,196.817,207.556,217.429,226.423,234.503,241.618,247.696,252.654,256.405,258.882,260.064,260.026,258.981,257.312,255.535,254.166,253.532,253.644,254.248,255.034,255.813,256.56,257.329,258.165,259.076,260.061,261.116,262.24,263.427,264.669,265.957,267.276,268.608,269.934,271.231,272.475,273.646,274.727,275.716,276.629,277.513,278.463,279.644,281.318
82380.0,95.465,113.051,129.487,144.853,159.212,172.613,185.099,196.701,207.437,217.31,226.306,234.391,241.513,247.6,252.569,256.333,258.825,260.024,260.002,258.971,257.313,255.542,254.174,253.538,253.646,254.249,255.034,255.813,256.56,257.329,258.165,259.076,260.061,261.116,262.24,263.427,264.669,265.957,267.276,268.608,269.934,271.231,272.475,273.646,274.727,275.716,276.629,277.513,278.463,279.644,281.318
82440.0,95.436,113.001,129.419,144.771,159.117,172.509,184.988,196.585,207.319,217.192,226.19,234.279,241.408,247.503,252.484,256.262,258.769,259.984,259.978,258.962,257.315,255.549,254.182,253.544,253.649,254.249,255.033,255.812,256.56,257.329,258.165,259.076,260.061,261.116,262.24,263.427,264.669,265.957,267.276,268.608,269.934,271.231,272.475,273.646,274.727,275.716,276.629,277.513,278.463,279.644,281.318
82500.0,95.406,112.951,129.352,144.688,159.022,172.405,184.877,196.469,207.201,217.074,226.074,234.168,241.303,247.408,252.399,256.19,258.713,259.944,259.954,258.952,257.316,255.556,254.19,253.55,253.652,254.25,255.033,255.812,256.56,257.329,258.165,259.076,260.061,261.116,262.24,263.427,264.669,265.957,267.276,268.608,269.934,271.231,272.475,273.646,274.727,275.716,276.629,277.513,278.463,279.644,281.318
82560.0,95.377,112.901,129.285,144.606,158.928,172.301,184.766,196.354,207.084,216.957,225.959,234.057,241.198,247.312,252.314,256.119,258.656,259.904,259.93,258.943,257.317,255.564,254.199,253.556,253.655,254.25,255.033,255.812,256.559,257.329,258.165,259.076,260.061,261.116,262.24,263.427,264.669,265.957,267.276,268.608,269.934,271.231,272.475,273.645,274.727,275.716,276.629,277.513,278.463,279.644,281.318
82620.0,95.347,112.852,129.218,144.525,158.834,172.198,184.656,196.239,206.966,216.839,225.844,233.946,241.094,247.216,252.23,256.048,258.6,259.863,259.906,258.933,257.318,255.571,254.207,253.561,253.657,254.251,255.032,255.811,256.559,257.329,258.164,259.076,260.061,261.116,262.24,263.427,264.669,265.957,267.276,268.608,269.934,271.231,272.475,273.645,274.727,275.716,276.629,277.513,278.463,279.644,281.318
82680.0,95.318,112.802,129.151,144.443,158.741,172.095,184.546,196.125,206.85,216.722,225.729,233.835,240.99,247.121,252.145,255.976,258.544,259.823,259.882,258.923,257.319,255.578,254.215,253.567,253.66,254.251,255.032,255.811,256.559,257.329,258.164,259.076,260.061,261.116,262.24,263.427,264.669,265.957,267.276,268.608,269.934,271.231,272.475,273.645,274.727,275.716,276.629,277.513,278.463,279.644,281.318
82740.0,95.289,112.753,129.084,144.362,158.648,171.992,184.436,196.011,206.733,216.606,225.614,233.725,240.886,247.025,252.061,255.905,258.487,259.783,259.857,258.913,257.32,255.585,254.223,253.573,253.663,254.252,255.032,255.81,256.559,257.329,258.164,259.076,260.061,261.116,262.24,263.427,264.669,265.957,267.276,268.608,269.934,271.231,272.475,273.645,274.727,275.716,276.629,277.513,278.463,279.644,281.318
82800.0,95.26,112.704,129.018,144.281,158.555,171.89,184.327,195.897,206.617,216.489,225.5,233.615,240.782,246.93,251.977,255.834,258.431,259.743,259.833,258.903,257.321,255.592,254.231,253.579,253.666,254.252,255.031,255.81,256.559,257.329,258.164,259.076,260.061,261.116,262.24,263.426,264.669,265.957,267.276,268.608,269.934,271.231,272.475,273.645,274.727,275.716,276.629,277.513,278.463,279.644,281.318
82860.0,95.231,112.655,128.952,144.2,158.462,171.788,184.218,195.784,206.501,216.374,225.386,233.505,240.678,246.836,251.893,255.763,258.375,259.702,259.808,258.893,257.322,255.598,254.239,253.585,253.668,254.253,255.031,255.81,256.559,257.329,258.164,259.076,260.061,261.116,262.24,263.426,264.669,265.957,267.276,268.608,269.934,271.231,272.475,273.645,274.727,275.716,276.629,277.513,278.463,279.644,281.318
82920.0,95.202,112.607,128.886,144.12,158.37,171.686,184.11,195.671,206.386,216.258,225.272,233.396,240.575,246.741,251.809,255.692,258.318,259.662,259.784,258.883,257.323,255.605,254.247,253.591,253.671,254.254,255.031,255.809,256.558,257.329,258.164,259.076,260.061,261.116,262.24,263.426,264.669,265.957,267.276,268.608,269.934,271.231,272.475,273.645,274.727,275.716,276.629,277.513,278.463,279.644,281.318
82980.0,95.173,112.558,128.821,144.04,158.278,171.585,184.002,195.558,206.271,216.143,225.159,233.286,240.472,246.646,251.725,255.621,258.262,259.621,259.759,258.872,257.323,255.612,254.255,253.597,253.674,254.254,255.03,255.809,256.558,257.329,258.164,259.076,260.06,261.116,262.24,263.426,264.669,265.957,267.275,268.608,269.934,271.231,272.475,273.645,274.727,275.716,276.629,277.513,278.463,279.644,281.318
83040.0,95.144,112.51,128.755,143.96,158.186,171.484,183.894,195.445,206.156,216.028,225.046,233.177,240.369,246.552,251.641,255.55,258.206,259.581,259.735,258.862,257.324,255.619,254.263,253.603,253.677,254.255,255.03,255.809,256.558,257.329,258.164,259.076,260.06,261.116,262.239,263.426,264.669,265.957,267.275,268.608,269.934,271.231,272.475,273.645,274.727,275.716,276.629,277.513,278.463,279.644,281.318
83100.0,95.115,112.462,128.69,143.881,158.095,171.384,183.786,195.333,206.041,215.913,224.933,233.068,240.267,246.458,251.558,255.479,258.15,259.54,259.71,258.851,257.324,255.625,254.271,253.608,253.679,254.255,255.03,255.808,256.558,257.329,258.164,259.076,260.06,261.116,262.239,263.426,264.669,265.957,267.275,268.608,269.934,271.231,272.475,273.645,274.727,275.716,276.629,277.513,278.463,279.644,281.318
83160.0,95.087,112.414,128.625,143.801,158.004,171.283,183.679,195.222,205.927,215.799,224.821,232.96,240.165,246.364,251.475,255.409,258.093,259.5,259.685,258.841,257.324,255.632,254.279,253.614,253.682,254.256,255.029,255.808,256.558,257.329,258.164,259.076,260.06,261.116,262.239,263.426,264.669,265.957,267.275,268.608,269.934,271.231,272.475,273.645,274.727,275.716,276.629,277.513,278.463,279.644,281.318
83220.0,95.058,112.366,128.56,143.722,157.913,171.183,183.573,195.11,205.814,215.685,224.708,232.852,240.062,246.27,251.391,255.338,258.037,259.459,259.66,258.83,257.325,255.638,254.286,253.62,253.685,254.256,255.029,255.808,256.558,257.329,258.164,259.076,260.06,261.116,262.239,263.426,264.669,265.957,267.275,268.608,269.934,271.231,272.475,273.645,274.727,275.716,276.629,277.513,278.463,279.644,281.318
83280.0,95.03,112.318,128.496,143.644,157.823,171.084,183.466,194.999,205.7,215.571,224.596,232.744,239.961,246.177,251.308,255.268,257.981,259.418,259.635,258.819,257.325,255.644,254.294,253.626,253.688,254.257,255.029,255.807,256.558,257.329,258.164,259.075,260.06,261.116,262.239,263.426,264.669,265.956,267.275,268.608,269.934,271.231,272.475,273.645,274.727,275.716,276.629,277.513,278.463,279.644,281.318
83340.0,95.001,112.27,128.432,143.565,157.733,170.985,183.36,194.889,205.587,215.457,224.485,232.636,239.859,246.083,251.225,255.197,257.925,259.378,259.61,258.808,257.325,255.651,254.302,253.632,253.691,254.258,255.028,255.807,256.557,257.329,258.164,259.075,260.06,261.116,262.239,263.426,264.669,265.956,267.275,268.608,269.934,271.231,272.475,273.645,274.727,275.716,276.629,277.513,278.463,279.644,281.318
83400.0,94.973,112.223,128.368,143.487,157.643,170.886,183.254,194.778,205.474,215.344,224.374,232.529,239.757,245.99,251.142,255.127,257.869,259.337,259.585,258.797,257.325,255.657,254.31,253.638,253.693,254.258,255.028,255.807,256.557,257.329,258.164,259.075,260.06,261.116,262.239,263.426,264.669,265.956,267.275,268.608,269.934,271.231,272.475,273.645,274.727,275.716,276.629,277.513,278.463,279.644,281.318
83460.0,94.945,112.176,128.304,143.409,157.554,170.787,183.149,194.668,205.362,215.232,224.263,232.421,239.656,245.897,251.06,255.056,257.813,259.296,259.56,258.786,257.324,255.663,254.317,253.643,253.696,254.259,255.028,255.806,256.557,257.328,258.164,259.075,260.06,261.116,262.239,263.426,264.669,265.956,267.275,268.608,269.934,271.231,272.475,273.645,274.727,275.716,276.629,277.513,278.463,279.644,281.318
83520.0,94.917,112.129,128.24,143.332,157.464,170.689,183.044,194.559,205.25,215.119,224.152,232.315,239.555,245.804,250.977,254.986,257.757,259.256,259.534,258.775,257.324,255.669,254.325,253.649,253.699,254.259,255.028,255.806,256.557,257.328,258.164,259.075,260.06,261.116,262.239,263.426,264.669,265.956,267.275,268.608,269.934,271.231,272.475,273.645,274.727,275.716,276.629,277.513,278.463,279.644,281.318
83580.0,94.889,112.082,128.177,143.254,157.376,170.591,182.939,194.449,205.138,215.007,224.041,232.208,239.454,245.711,250.894,254.916,257.7,259.215,259.509,258.764,257.324,255.675,254.333,253.655,253.702,254.26,255.027,255.806,256.557,257.328,258.164,259.075,260.06,261.116,262.239,263.426,264.669,265.956,267.275,268.608,269.934,271.231,272.475,273.645,274.727,275.716,276.629,277.513,278.463,279.644,281.318
83640.0,94.861,112.035,128.114,143.177,157.287,170.493,182.834,194.34,205.027,214.895,223.931,232.101,239.354,245.619,250.812,254.846,257.644,259.174,259.484,258.752,257.323,255.681,254.34,253.661,253.705,254.261,255.027,255.805,256.557,257.328,258.164,259.075,260.06,261.116,262.239,263.426,264.669,265.956,267.275,268.608,269.934,271.231,272.475,273.645,274.727,275.716,276.629,277.513,278.463,279.644,281.318
83700.0,94.833,111.989,128.051,143.1,157.199,170.396,182.73,194.231,204.915,214.784,223.821,231.995,239.254,245.526,250.73,254.776,257.588,259.133,259.458,258.741,257.323,255.687,254.348,253.667,253.708,254.261,255.027,255.805,256.556,257.328,258.164,259.075,260.06,261.115,262.239,263.426,264.669,265.956,267.275,268.608,269.934,271.23,272.475,273.645,274.727,275.716,276.629,277.513,278.463,279.644,281.318
83760.0,94.806,111.942,127.988,143.024,157.111,170.298,182.626,194.123,204.805,214.672,223.712,231.889,239.153,245.434,250.648,254.706,257.532,259.092,259.433,258.729,257.322,255.693,254.355,253.672,253.711,254.262,255.026,255.805,256.556,257.328,258.164,259.075,260.06,261.115,262.239,263.426,264.669,265.956,267.275,268.608,269.934,271.23,272.475,273.645,274.727,275.716,276.629,277.513,278.463,279.644,281.318
83820.0,94.778,111.896,127.926,142.947,157.023,170.202,182.523,194.015,204.694,214.561,223.602,231.784,239.054,245.342,250.566,254.636,257.476,259.051,259.407,258.718,257.322,255.699,254.363,253.678,253.713,254.263,255.026,255.804,256.556,257.328,258.164,259.075,260.06,261.115,262.239,263.426,264.668,265.956,267.275,268.608,269.934,271.23,272.475,273.645,274.727,275.716,276.629,277.513,278.463,279.644,281.318
83880.0,94.75,111.85,127.863,142.871,156.935,170.105,182.42,193.907,204.584,214.451,223.493,231.678,238.954,245.25,250.484,254.566,257.42,259.01,259.381,258.706,257.321,255.704,254.37,253.684,253.716,254.263,255.026,255.804,256.556,257.328,258.164,259.075,260.06,261.115,262.239,263.426,264.668,265.956,267.275,268.608,269.934,271.23,272.475,273.645,274.727,275.716,276.629,277.513,278.463,279.644,281.318
83940.0,94.723,111.804,127.801,142.795,156.848,170.009,182.317,193.8,204.474,214.34,223.385,231.573,238.854,245.159,250.402,254.496,257.364,258.969,259.355,258.694,257.32,255.71,254.378,253.69,253.719,254.264,255.026,255.804,256.556,257.328,258.164,259.075,260.06,261.115,262.239,263.426,264.668,265.956,267.275,268.608,269.934,271.23,272.475,273.645,274.727,275.716,276.629,277.513,278.463,279.644,281.318
84000.0,94.696,111.758,127.739,142.72,156.761,169.913,182.214,193.693,204.364,214.23,223.276,231.468,238.755,245.067,250.321,254.427,257.308,258.928,259.33,258.682,257.319,255.716,254.385,253.695,253.722,254.265,255.025,255.803,256.556,257.328,258.164,259.075,260.06,261.115,262.239,263.426,264.668,265.956,267.275,268.608,269.934,271.23,272.475,273.645,274.727,275.716,276.629,277.513,278.463,279.644,281.318
84060.0,94.668,111.712,127.677,142.644,156.675,169.818,182.112,193.586,204.255,214.121,223.168,231.364,238.656,244.976,250.239,254.357,257.252,258.887,259.304,258.67,257.318,255.721,254.393,253.701,253.725,254.265,255.025,255.803,256.556,257.328,258.164,259.075,260.06,261.115,262.239,263.426,264.668,265.956,267.275,268.608,269.934,271.23,272.475,273.645,274.727,275.716,276.629,277.513,278.463,279.644,281.318
84120.0,94.641,111.667,127.616,142.569,156.588,169.723,182.01,193.48,204.146,214.011,223.06,231.259,238.557,244.885,250.158,254.288,257.197,258.846,259.278,258.658,257.317,255.727,254.4,253.707,253.728,254.266,255.025,255.803,256.555,257.328,258.164,259.075,260.06,261.115,262.239,263.426,264.668,265.956,267.275,268.608,269.934,271.23,272.475,273.645,274.727,275.716,276.629,277.513,278.463,279.644,281.318
84180.0,94.614,111.622,127.555,142.495,156.502,169.628,181.909,193.373,204.037,213.902,222.952,231.155,238.459,244.794,250.076,254.218,257.141,258.805,259.252,258.646,257.316,255.732,254.407,253.713,253.731,254.267,255.025,255.802,256.555,257.328,258.164,259.075,260.06,261.115,262.239,263.426,264.668,265.956,267.275,268.608,269.934,271.23,272.475,273.645,274.727,275.716,276.629,277.513,278.463,279.644,281.318
84240.0,94.587,111.576,127.494,142.42,156.417,169.533,181.807,193.268,203.929,213.793,222.845,231.051,238.36,244.703,249.995,254.149,257.085,258.764,259.226,258.634,257.314,255.737,254.414,253.718,253.734,254.267,255.024,255.802,256.555,257.328,258.164,259.075,260.06,261.115,262.239,263.426,264.668,265.956,267.275,268.608,269.934,271.23,272.475,273.645,274.727,275.716,276.629,277.513,278.463,279.644,281.318
84300.0,94.56,111.531,127.433,142.346,156.331,169.439,181.706,193.162,203.821,213.685,222.738,230.947,238.262,244.612,249.914,254.079,257.029,258.723,259.199,258.622,257.313,255.743,254.422,253.724,253.737,254.268,255.024,255.802,256.555,257.328,258.164,259.075,260.06,261.115,262.239,263.426,264.668,265.956,267.275,268.607,269.934,271.23,272.475,273.645,274.727,275.716,276.629,277.513,278.463,279.644,281.318
84360.0,94.533,111.486,127.372,142.271,156.246,169.345,181.606,193.057,203.713,213.576,222.631,230.844,238.164,244.522,249.834,254.01,256.973,258.682,259.173,258.609,257.312,255.748,254.429,253.73,253.74,254.269,255.024,255.801,256.555,257.328,258.163,259.075,260.06,261.115,262.239,263.426,264.668,265.956,267.275,268.607,269.933,271.23,272.475,273.645,274.727,275.716,276.629,277.513,278.463,279.644,281.318
84420.0,94.506,111.442,127.312,142.198,156.161,169.251,181.505,192.952,203.606,213.468,222.524,230.741,238.066,244.431,249.753,253.941,256.917,258.641,259.147,258.597,257.31,255.753,254.436,253.735,253.742,254.269,255.024,255.801,256.555,257.328,258.163,259.075,260.059,261.115,262.239,263.426,264.668,265.956,267.275,268.607,269.933,271.23,272.475,273.645,274.727,275.716,276.629,277.513,278.463,279.644,281.318
84480.0,94.479,111.397,127.251,142.124,156.076,169.157,181.405,192.847,203.499,213.361,222.418,230.638,237.969,244.341,249.672,253.872,256.862,258.599,259.121,258.584,257.308,255.758,254.443,253.741,253.745,254.27,255.023,255.801,256.554,257.328,258.163,259.075,260.059,261.115,262.239,263.425,264.668,265.956,267.275,268.607,269.933,271.23,272.474,273.645,274.727,275.716,276.629,277.513,278.463,279.644,281.318
84540.0,94.453,111.352,127.191,142.051,155.992,169.064,181.305,192.743,203.392,213.253,222.312,230.535,237.871,244.251,249.592,253.803,256.806,258.558,259.094,258.571,257.307,255.763,254.45,253.747,253.748,254.271,255.023,255.8,256.554,257.328,258.163,259.075,260.059,261.115,262.239,263.425,264.668,265.956,267.275,268.607,269.933,271.23,272.474,273.645,274.727,275.716,276.629,277.513,278.463,279.644,281.318
84600.0,94.426,111.308,127.131,141.977,155.908,168.971,181.206,192.639,203.285,213.146,222.206,230.433,237.774,244.161,249.511,253.734,256.75,258.517,259.068,258.559,257.305,255.768,254.457,253.752,253.751,254.272,255.023,255.8,256.554,257.327,258.163,259.075,260.059,261.115,262.238,263.425,264.668,265.956,267.275,268.607,269.933,271.23,272.474,273.645,274.727,275.716,276.629,277.513,278.463,279.644,281.318
84660.0,94.4,111.264,127.072,141.905,155.824,168.879,181.107,192.535,203.179,213.039,222.101,230.33,237.677,244.072,249.431,253.665,256.695,258.476,259.041,258.546,257.303,255.773,254.464,253.758,253.754,254.272,255.023,255.8,256.554,257.327,258.163,259.075,260.059,261.115,262.238,263.425,264.668,265.956,267.275,268.607,269.933,271.23,272.474,273.645,274.727,275.716,276.629,277.513,278.464,279.644,281.318
84720.0,94.373,111.22,127.012,141.832,155.74,168.786,181.008,192.432,203.073,212.933,221.995,230.228,237.58,243.982,249.351,253.596,256.639,258.434,259.015,258.533,257.301,255.778,254.471,253.764,253.757,254.273,255.022,255.799,256.554,257.327,258.163,259.075,260.059,261.115,262.238,263.425,264.668,265.956,267.275,268.607,269.933,271.23,272.474,273.645,274.727,275.716,276.629,277.513,278.464,279.644,281.318
84780.0,94.347,111.176,126.953,141.759,155.657,168.694,180.909,192.329,202.967,212.826,221.89,230.126,237.484,243.893,249.271,253.528,256.583,258.393,258.988,258.52,257.299,255.782,254.478,253.769,253.76,254.274,255.022,255.799,256.554,257.327,258.163,259.074,260.059,261.115,262.238,263.425,264.668,265.956,267.275,268.607,269.933,271.23,272.474,273.645,274.727,275.716,276.629,277.513,278.464,279.644,281.318
84840.0,94.321,111.132,126.894,141.687,155.574,168.603,180.811,192.226,202.862,212.72,221.786,230.025,237.387,243.804,249.191,253.459,256.528,258.352,258.961,258.507,257.297,255.787,254.485,253.775,253.763,254.275,255.022,255.799,256.553,257.327,258.163,259.074,260.059,261.115,262.238,263.425,264.668,265.956,267.275,268.607,269.933,271.23,272.474,273.645,274.727,275.716,276.629,277.513,278.464,279.644,281.318
84900.0,94.294,111.088,126.835,141.615,155.491,168.511,180.713,192.123,202.757,212.615,221.681,229.924,237.291,243.715,249.111,253.391,256.472,258.31,258.935,258.494,257.295,255.792,254.492,253.781,253.766,254.275,255.022,255.798,256.553,257.327,258.163,259.074,260.059,261.115,262.238,263.425,264.668,265.956,267.275,268.607,269.933,271.23,272.474,273.645,274.727,275.716,276.629,277.513,278.464,279.644,281.318
84960.0,94.268,111.045,126.776,141.543,155.409,168.42,180.615,192.021,202.652,212.509,221.577,229.823,237.195,243.626,249.032,253.322,256.417,258.269,258.908,258.48,257.292,255.796,254.499,253.786,253.769,254.276,255.022,255.798,256.553,257.327,258.163,259.074,260.059,261.115,262.238,263.425,264.668,265.956,267.275,268.607,269.933,271.23,272.474,273.645,274.727,275.716,276.629,277.513,278.464,279.644,281.318
85020.0,94.242,111.002,126.717,141.472,155.326,168.329,180.518,191.919,202.548,212.404,221.473,229.722,237.1,243.537,248.952,253.254,256.361,258.228,258.881,258.467,257.29,255.801,254.506,253.792,253.772,254.277,255.021,255.798,256.553,257.327,258.163,259.074,260.059,261.115,262.238,263.425,264.668,265.956,267.274,268.607,269.933,271.23,272.474,273.645,274.727,275.716,276.629,277.513,278.464,279.644,281.318
85080.0,94.216,110.958,126.659,141.401,155.244,168.239,180.421,191.817,202.443,212.299,221.369,229.621,237.004,243.449,248.873,253.185,256.305,258.186,258.854,258.454,257.287,255.805,254.513,253.798,253.775,254.278,255.021,255.797,256.553,257.327,258.163,259.074,260.059,261.115,262.238,263.425,264.668,265.956,267.274,268.607,269.933,271.23,272.474,273.645,274.727,275.716,276.629,277.513,278.464,279.644,281.318
85140.0,94.19,110.915,126.601,141.33,155.163,168.148,180.324,191.716,202.339,212.194,221.266,229.521,236.909,243.361,248.794,253.117,256.25,258.145,258.827,258.44,257.285,255.81,254.519,253.803,253.778,254.279,255.021,255.797,256.553,257.327,258.163,259.074,260.059,261.115,262.238,263.425,264.668,265.956,267.274,268.607,269.933,271.23,272.474,273.645,274.727,275.716,276.629,277.513,278.464,279.644,281.318
85200.0,94.164,110.872,126.543,141.259,155.081,168.058,180.227,191.615,202.236,212.09,221.162,229.421,236.814,243.273,248.714,253.049,256.195,258.103,258.8,258.427,257.282,255.814,254.526,253.809,253.781,254.279,255.021,255.797,256.553,257.327,258.163,259.074,260.059,261.115,262.238,263.425,264.668,265.955,267.274,268.607,269.933,271.23,272.474,273.645,274.726,275.716,276.629,277.513,278.464,279.644,281.318
85260.0,94.139,110.829,126.485,141.188,155.0,167.968,180.131,191.514,202.132,211.986,221.059,229.321,236.719,243.185,248.635,252.981,256.139,258.062,258.773,258.413,257.28,255.818,254.533,253.814,253.784,254.28,255.021,255.796,256.552,257.327,258.163,259.074,260.059,261.114,262.238,263.425,264.668,265.955,267.274,268.607,269.933,271.23,272.474,273.645,274.726,275.716,276.629,277.513,278.464,279.644,281.318
85320.0,94.113,110.787,126.428,141.118,154.919,167.879,180.035,191.414,202.029,211.882,220.957,229.221,236.624,243.097,248.556,252.913,256.084,258.021,258.746,258.399,257.277,255.822,254.539,253.82,253.787,254.281,255.02,255.796,256.552,257.327,258.163,259.074,260.059,261.114,262.238,263.425,264.668,265.955,267.274,268.607,269.933,271.23,272.474,273.645,274.726,275.716,276.629,277.513,278.464,279.644,281.318
85380.0,94.087,110.744,126.37,141.048,154.838,167.79,179.939,191.314,201.926,211.778,220.854,229.121,236.529,243.009,248.478,252.845,256.028,257.979,258.719,258.386,257.274,255.826,254.546,253.825,253.79,254.282,255.02,255.796,256.552,257.327,258.163,259.074,260.059,261.114,262.238,263.425,264.668,265.955,267.274,268.607,269.933,271.23,272.474,273.645,274.726,275.716,276.629,277.513,278.464,279.644,281.318
85440.0,94.062,110.702,126.313,140.978,154.757,167.701,179.844,191.214,201.824,211.675,220.752,229.022,236.435,242.922,248.399,252.777,255.973,257.937,258.691,258.372,257.271,255.831,254.552,253.831,253.793,254.283,255.02,255.796,256.552,257.327,258.163,259.074,260.059,261.114,262.238,263.425,264.668,265.955,267.274,268.607,269.933,271.23,272.474,273.645,274.726,275.716,276.629,277.513,278.464,279.644,281.318
85500.0,94.036,110.659,126.256,140.908,154.677,167.612,179.749,191.114,201.722,211.572,220.65,228.923,236.341,242.834,248.32,252.709,255.918,257.896,258.664,258.358,257.268,255.835,254.559,253.837,253.796,254.284,255.02,255.795,256.552,257.327,258.163,259.074,260.059,261.114,262.238,263.425,264.668,265.955,267.274,268.607,269.933,271.23,272.474,273.645,274.726,275.716,276.629,277.513,278.464,279.644,281.318
85560.0,94.011,110.617,126.199,140.838,154.597,167.523,179.654,191.015,201.62,211.469,220.548,228.824,236.247,242.747,248.242,252.642,255.862,257.854,258.637,258.344,257.265,255.838,254.566,253.842,253.799,254.284,255.02,255.795,256.552,257.327,258.163,259.074,260.059,261.114,262.238,263.425,264.668,265.955,267.274,268.607,269.933,271.23,272.474,273.645,274.726,275.716,276.629,277.513,278.464,279.644,281.318
85620.0,93.986,110.575,126.142,140.769,154.517,167.435,179.559,190.915,201.518,211.367,220.447,228.726,236.153,242.66,248.164,252.574,255.807,257.813,258.609,258.33,257.262,255.842,254.572,253.848,253.802,254.285,255.019,255.795,256.551,257.327,258.163,259.074,260.059,261.114,262.238,263.425,264.667,265.955,267.274,268.607,269.933,271.23,272.474,273.645,274.726,275.716,276.629,277.513,278.464,279.644,281.318
85680.0,93.96,110.533,126.086,140.7,154.438,167.347,179.465,190.817,201.416,211.265,220.346,228.627,236.059,242.573,248.086,252.506,255.752,257.771,258.582,258.316,257.259,255.846,254.578,253.853,253.805,254.286,255.019,255.794,256.551,257.326,258.163,259.074,260.059,261.114,262.238,263.425,264.667,265.955,267.274,268.607,269.933,271.23,272.474,273.645,274.726,275.716,276.629,277.513,278.464,279.644,281.318
85740.0,93.935,110.491,126.029,140.631,154.359,167.26,179.371,190.718,201.315,211.163,220.245,228.529,235.966,242.486,248.007,252.439,255.697,257.73,258.554,258.301,257.255,255.85,254.585,253.859,253.808,254.287,255.019,255.794,256.551,257.326,258.163,259.074,260.059,261.114,262.238,263.425,264.667,265.955,267.274,268.607,269.933,271.23,272.474,273.645,274.726,275.716,276.629,277.513,278.464,279.644,281.318
85800.0,93.91,110.45,125.973,140.562,154.28,167.172,179.277,190.62,201.214,211.061,220.144,228.431,235.873,242.4,247.93,252.371,255.642,257.688,258.527,258.287,257.252,255.854,254.591,253.864,253.811,254.288,255.019,255.794,256.551,257.326,258.163,259.074,260.059,261.114,262.238,263.425,264.667,265.955,267.274,268.607,269.933,271.23,272.474,273.645,274.726,275.716,276.629,277.513,278.464,279.644,281.318
85860.0,93.885,110.408,125.917,140.494,154.201,167.085,179.183,190.522,201.114,210.959,220.043,228.334,235.78,242.313,247.852,252.304,255.587,257.646,258.499,258.273,257.248,255.857,254.598,253.87,253.814,254.289,255.019,255.793,256.551,257.326,258.163,259.074,260.059,261.114,262.238,263.425,264.667,265.955,267.274,268.607,269.933,271.23,272.474,273.645,274.726,275.716,276.629,277.513,278.464,279.644,281.318
85920.0,93.86,110.367,125.861,140.426,154.122,166.998,179.09,190.424,201.013,210.858,219.943,228.236,235.687,242.227,247.774,252.237,255.531,257.605,258.471,258.258,257.245,255.861,254.604,253.875,253.817,254.29,255.019,255.793,256.551,257.326,258.163,259.074,260.058,261.114,262.238,263.425,264.667,265.955,267.274,268.607,269.933,271.23,272.474,273.645,274.726,275.716,276.629,277.513,278.464,279.644,281.318
85980.0,93.835,110.326,125.805,140.358,154.044,166.911,178.997,190.327,200.913,210.757,219.843,228.139,235.594,242.141,247.696,252.17,255.476,257.563,258.444,258.244,257.241,255.864,254.61,253.88,253.82,254.29,255.019,255.793,256.55,257.326,258.162,259.074,260.058,261.114,262.238,263.425,264.667,265.955,267.274,268.607,269.933,271.23,272.474,273.645,274.726,275.716,276.629,277.513,278.464,279.644,281.318
86040.0,93.81,110.284,125.75,140.29,153.966,166.825,178.904,190.229,200.813,210.656,219.743,228.042,235.502,242.055,247.619,252.102,255.421,257.522,258.416,258.229,257.237,255.868,254.616,253.886,253.823,254.291,255.018,255.792,256.55,257.326,258.162,259.074,260.058,261.114,262.238,263.425,264.667,265.955,267.274,268.607,269.933,271.23,272.474,273.645,274.726,275.716,276.629,277.513,278.464,279.644,281.318
86100.0,93.786,110.243,125.695,140.222,153.888,166.739,178.812,190.132,200.714,210.556,219.644,227.945,235.41,241.969,247.542,252.035,255.366,257.48,258.388,258.214,257.234,255.871,254.622,253.891,253.826,254.292,255.018,255.792,256.55,257.326,258.162,259.074,260.058,261.114,262.238,263.424,264.667,265.955,267.274,268.607,269.933,271.23,272.474,273.645,274.726,275.716,276.629,277.513,278.464,279.644,281.318
86160.0,93.761,110.202,125.639,140.155,153.81,166.653,178.72,190.036,200.614,210.456,219.545,227.849,235.318,241.884,247.464,251.968,255.311,257.438,258.36,258.2,257.23,255.874,254.629,253.897,253.829,254.293,255.018,255.792,256.55,257.326,258.162,259.074,260.058,261.114,262.238,263.424,264.667,265.955,267.274,268.607,269.933,271.23,272.474,273.645,274.726,275.716,276.629,277.513,278.464,279.644,281.318
86220.0,93.736,110.162,125.584,140.088,153.733,166.567,178.628,189.939,200.515,210.356,219.445,227.752,235.226,241.798,247.387,251.902,255.256,257.397,258.332,258.185,257.226,255.878,254.635,253.902,253.832,254.294,255.018,255.792,256.55,257.326,258.162,259.074,260.058,261.114,262.237,263.424,264.667,265.955,267.274,268.607,269.933,271.23,272.474,273.645,274.726,275.716,276.629,277.513,278.464,279.644,281.318
86280.0,93.712,110.121,125.53,140.021,153.656,166.482,178.536,189.843,200.416,210.256,219.347,227.656,235.134,241.713,247.31,251.835,255.202,257.355,258.304,258.17,257.222,255.881,254.641,253.908,253.835,254.295,255.018,255.791,256.55,257.326,258.162,259.073,260.058,261.114,262.237,263.424,264.667,265.955,267.274,268.607,269.933,271.23,272.474,273.645,274.726,275.716,276.629,277.513,278.464,279.644,281.318
86340.0,93.687,110.08,125.475,139.954,153.579,166.397,178.445,189.747,200.318,210.157,219.248,227.56,235.042,241.628,247.233,251.768,255.147,257.313,258.276,258.155,257.218,255.884,254.647,253.913,253.838,254.296,255.018,255.791,256.549,257.326,258.162,259.073,260.058,261.114,262.237,263.424,264.667,265.955,267.274,268.607,269.933,271.23,272.474,273.645,274.726,275.716,276.629,277.513,278.464,279.644,281.318
