local_time_s,0.00000,0.00317,0.00674,0.01077,0.01531,0.02043,0.02620,0.03271,0.04005,0.04832,0.05765,0.06817,0.08003,0.09340,0.10848,0.12548,0.14465,0.16626,0.19062,0.21809,0.24907,0.28399,0.32337,0.36776,0.41782,0.47426,0.53789,0.60964,0.69054,0.78175,0.88458,1.00053,1.13127,1.27867,1.44486,1.63225,1.84352,2.08173,2.35032,2.65314,2.99458,3.37954,3.81359,4.30298,4.85477,5.47690,6.17836,6.96925,7.86098,8.86639,10.00000
0.0,86.149,98.073,109.419,120.265,130.66,140.631,150.19,159.33,168.03,176.255,183.95,191.05,197.469,203.111,207.869,211.639,214.336,215.924,216.451,216.089,215.151,214.057,213.231,212.95,213.245,213.938,214.8,215.69,216.593,217.549,218.586,219.712,220.923,222.217,223.589,225.032,226.535,228.083,229.659,231.238,232.794,234.299,235.725,237.046,238.247,239.327,240.314,241.275,242.338,243.726,245.806
60.0,86.125,98.038,109.374,120.211,130.597,140.561,150.114,159.249,167.946,176.168,183.864,190.966,197.389,203.037,207.802,211.582,214.291,215.892,216.432,216.082,215.153,214.065,213.241,212.959,213.252,213.946,214.808,215.699,216.604,217.561,218.599,219.726,220.938,222.233,223.605,225.049,226.552,228.101,229.676,231.255,232.811,234.315,235.739,237.058,238.256,239.334,240.318,241.276,242.337,243.724,245.804
120.0,86.102,98.003,109.329,120.157,130.535,140.492,150.038,159.169,167.862,176.083,183.778,190.882,197.309,202.962,207.736,211.525,214.245,215.859,216.411,216.072,215.152,214.069,213.246,212.963,213.254,213.946,214.807,215.699,216.604,217.56,218.599,219.726,220.938,222.232,223.605,225.049,226.552,228.101,229.676,231.255,232.811,234.315,235.739,237.058,238.256,239.334,240.318,241.276,242.337,243.724,245.804
180.0,86.08,97.969,109.285,120.103,130.473,140.423,149.963,159.088,167.778,175.997,183.693,190.798,197.229,202.888,207.669,211.469,214.2,215.826,216.391,216.063,215.151,214.073,213.251,212.967,213.256,213.946,214.807,215.699,216.604,217.56,218.599,219.726,220.938,222.232,223.605,225.049,226.552,228.101,229.676,231.255,232.811,234.315,235.739,237.058,238.256,239.334,240.318,241.276,242.337,243.724,245.804
240.0,86.058,97.935,109.24,120.049,130.411,140.353,149.887,159.008,167.695,175.912,183.608,190.714,197.149,202.814,207.603,211.412,214.155,215.793,216.37,216.054,215.151,214.077,213.257,212.971,213.258,213.947,214.807,215.699,216.603,217.56,218.599,219.726,220.938,222.232,223.605,225.049,226.552,228.101,229.676,231.255,232.811,234.315,235.739,237.058,238.256,239.334,240.318,241.276,242.337,243.724,245.804
300.0,86.035,97.901,109.196,119.996,130.349,140.284,149.812,158.928,167.612,175.827,183.522,190.631,197.069,202.74,207.537,211.355,214.109,215.76,216.35,216.045,215.15,214.081,213.262,212.975,213.26,213.947,214.807,215.698,216.603,217.56,218.599,219.726,220.938,222.232,223.605,225.049,226.552,228.101,229.676,231.255,232.81,234.315,235.739,237.058,238.256,239.334,240.318,241.276,242.337,243.724,245.804
360.0,86.013,97.867,109.152,119.942,130.287,140.216,149.737,158.849,167.529,175.742,183.437,190.548,196.99,202.666,207.47,211.299,214.064,215.727,216.329,216.035,215.149,214.085,213.267,212.979,213.262,213.947,214.807,215.698,216.603,217.56,218.599,219.726,220.938,222.232,223.605,225.049,226.552,228.101,229.676,231.255,232.81,234.315,235.739,237.058,238.256,239.334,240.318,241.276,242.337,243.724,245.804
420.0,85.991,97.834,109.108,119.889,130.226,140.147,149.663,158.769,167.446,175.657,183.353,190.465,196.91,202.592,207.404,211.242,214.019,215.694,216.308,216.026,215.148,214.089,213.273,212.983,213.264,213.948,214.806,215.698,216.603,217.56,218.599,219.726,220.938,222.232,223.605,225.049,226.552,228.101,229.676,231.255,232.81,234.315,235.739,237.058,238.256,239.334,240.318,241.276,242.337,243.724,245.804
480.0,85.97,97.801,109.064,119.836,130.165,140.078,149.588,158.69,167.363,175.573,183.268,190.382,196.831,202.518,207.338,211.186,213.974,215.661,216.288,216.016,215.147,214.093,213.278,212.987,213.266,213.948,214.806,215.698,216.603,217.56,218.599,219.726,220.938,222.232,223.605,225.048,226.552,228.101,229.676,231.255,232.81,234.315,235.739,237.058,238.256,239.334,240.318,241.276,242.337,243.724,245.804
540.0,85.948,97.767,109.021,119.783,130.104,140.01,149.514,158.611,167.281,175.489,183.184,190.299,196.752,202.445,207.272,211.129,213.928,215.628,216.267,216.006,215.146,214.097,213.283,212.991,213.268,213.948,214.806,215.697,216.603,217.56,218.599,219.725,220.938,222.232,223.605,225.048,226.552,228.101,229.676,231.255,232.81,234.315,235.739,237.058,238.256,239.334,240.318,241.276,242.337,243.724,245.804
600.0,85.926,97.734,108.977,119.731,130.043,139.942,149.44,158.532,167.199,175.405,183.1,190.217,196.673,202.372,207.207,211.073,213.883,215.594,216.246,215.997,215.145,214.101,213.288,212.995,213.27,213.949,214.806,215.697,216.603,217.56,218.599,219.725,220.937,222.232,223.605,225.048,226.552,228.101,229.676,231.255,232.81,234.314,235.739,237.058,238.256,239.334,240.318,241.276,242.337,243.724,245.804
660.0,85.905,97.701,108.934,119.678,129.982,139.874,149.366,158.453,167.117,175.321,183.016,190.135,196.594,202.298,207.141,211.017,213.838,215.561,216.225,215.987,215.143,214.105,213.293,212.999,213.271,213.949,214.805,215.697,216.603,217.56,218.599,219.725,220.937,222.232,223.605,225.048,226.552,228.101,229.676,231.255,232.81,234.314,235.739,237.058,238.256,239.334,240.318,241.276,242.337,243.724,245.804
720.0,85.883,97.669,108.891,119.626,129.921,139.806,149.292,158.375,167.035,175.238,182.932,190.052,196.516,202.225,207.075,210.96,213.792,215.528,216.204,215.977,215.142,214.109,213.299,213.003,213.273,213.95,214.805,215.697,216.603,217.56,218.599,219.725,220.937,222.232,223.605,225.048,226.552,228.101,229.676,231.255,232.81,234.314,235.739,237.058,238.256,239.334,240.318,241.276,242.337,243.724,245.804
780.0,85.861,97.636,108.848,119.573,129.861,139.739,149.219,158.297,166.953,175.154,182.849,189.971,196.437,202.152,207.01,210.904,213.747,215.495,216.183,215.967,215.141,214.112,213.304,213.007,213.275,213.95,214.805,215.697,216.602,217.56,218.599,219.725,220.937,222.232,223.605,225.048,226.552,228.101,229.676,231.255,232.81,234.314,235.739,237.058,238.256,239.334,240.318,241.276,242.337,243.724,245.804
840.0,85.84,97.603,108.805,119.521,129.8,139.671,149.145,158.219,166.872,175.071,182.766,189.889,196.359,202.079,206.944,210.848,213.702,215.462,216.162,215.957,215.139,214.116,213.309,213.011,213.277,213.95,214.805,215.696,216.602,217.56,218.599,219.725,220.937,222.232,223.605,225.048,226.552,228.101,229.676,231.255,232.81,234.314,235.739,237.058,238.256,239.334,240.318,241.276,242.337,243.724,245.804
900.0,85.819,97.571,108.762,119.469,129.74,139.604,149.072,158.141,166.791,174.988,182.682,189.807,196.281,202.007,206.879,210.792,213.657,215.428,216.141,215.947,215.138,214.12,213.314,213.015,213.279,213.951,214.805,215.696,216.602,217.56,218.599,219.725,220.937,222.232,223.605,225.048,226.552,228.101,229.676,231.255,232.81,234.314,235.738,237.058,238.256,239.334,240.318,241.276,242.337,243.724,245.804
960.0,85.797,97.538,108.72,119.418,129.68,139.537,149.0,158.064,166.71,174.906,182.6,189.726,196.203,201.934,206.814,210.736,213.612,215.395,216.12,215.937,215.136,214.123,213.319,213.019,213.281,213.951,214.804,215.696,216.602,217.56,218.599,219.725,220.937,222.232,223.605,225.048,226.552,228.101,229.676,231.254,232.81,234.314,235.738,237.058,238.256,239.334,240.318,241.276,242.337,243.724,245.804
1020.0,85.776,97.506,108.677,119.366,129.621,139.47,148.927,157.986,166.63,174.823,182.517,189.645,196.125,201.862,206.748,210.68,213.566,215.362,216.099,215.927,215.135,214.127,213.324,213.023,213.283,213.952,214.804,215.696,216.602,217.56,218.598,219.725,220.937,222.232,223.605,225.048,226.552,228.101,229.676,231.254,232.81,234.314,235.738,237.058,238.256,239.334,240.318,241.276,242.337,243.724,245.804
1080.0,85.755,97.474,108.635,119.314,129.561,139.404,148.854,157.909,166.549,174.741,182.434,189.564,196.047,201.789,206.683,210.624,213.521,215.329,216.078,215.917,215.133,214.13,213.329,213.027,213.285,213.952,214.804,215.695,216.602,217.56,218.598,219.725,220.937,222.232,223.604,225.048,226.552,228.101,229.676,231.254,232.81,234.314,235.738,237.058,238.256,239.334,240.318,241.276,242.337,243.724,245.804
1140.0,85.734,97.442,108.593,119.263,129.502,139.337,148.782,157.832,166.469,174.659,182.352,189.483,195.97,201.717,206.618,210.568,213.476,215.295,216.056,215.906,215.132,214.134,213.334,213.031,213.287,213.952,214.804,215.695,216.602,217.56,218.598,219.725,220.937,222.232,223.604,225.048,226.552,228.1,229.676,231.254,232.81,234.314,235.738,237.058,238.256,239.334,240.318,241.276,242.337,243.724,245.804
1200.0,85.713,97.409,108.551,119.212,129.442,139.271,148.71,157.755,166.389,174.577,182.27,189.402,195.893,201.645,206.554,210.512,213.431,215.262,216.035,215.896,215.13,214.137,213.339,213.034,213.289,213.953,214.803,215.695,216.602,217.56,218.598,219.725,220.937,222.232,223.604,225.048,226.552,228.1,229.676,231.254,232.81,234.314,235.738,237.058,238.256,239.334,240.318,241.276,242.337,243.724,245.804
1260.0,85.692,97.377,108.509,119.161,129.383,139.205,148.638,157.679,166.309,174.495,182.188,189.322,195.815,201.573,206.489,210.456,213.386,215.229,216.013,215.885,215.128,214.14,213.344,213.038,213.291,213.953,214.803,215.695,216.601,217.559,218.598,219.725,220.937,222.232,223.604,225.048,226.552,228.1,229.676,231.254,232.81,234.314,235.738,237.058,238.256,239.334,240.318,241.276,242.337,243.724,245.804
1320.0,85.671,97.346,108.467,119.11,129.324,139.139,148.566,157.603,166.23,174.414,182.106,189.242,195.738,201.501,206.424,210.401,213.341,215.195,215.992,215.875,215.126,214.144,213.349,213.042,213.293,213.954,214.803,215.694,216.601,217.559,218.598,219.725,220.937,222.232,223.604,225.048,226.552,228.1,229.676,231.254,232.81,234.314,235.738,237.058,238.256,239.334,240.318,241.276,242.337,243.724,245.804
1380.0,85.65,97.314,108.425,119.059,129.266,139.073,148.495,157.527,166.15,174.333,182.025,189.162,195.662,201.429,206.359,210.345,213.296,215.162,215.971,215.864,215.124,214.147,213.354,213.046,213.295,213.954,214.803,215.694,216.601,217.559,218.598,219.725,220.937,222.231,223.604,225.048,226.551,228.1,229.676,231.254,232.81,234.314,235.738,237.058,238.256,239.334,240.318,241.276,242.337,243.724,245.804
1440.0,85.629,97.282,108.384,119.009,129.207,139.008,148.424,157.451,166.071,174.252,181.944,189.082,195.585,201.358,206.295,210.289,213.251,215.128,215.949,215.854,215.122,214.15,213.359,213.05,213.297,213.955,214.803,215.694,216.601,217.559,218.598,219.725,220.937,222.231,223.604,225.048,226.551,228.1,229.676,231.254,232.81,234.314,235.738,237.058,238.256,239.334,240.318,241.276,242.337,243.724,245.804
1500.0,85.608,97.251,108.342,118.958,129.149,138.943,148.352,157.375,165.992,174.171,181.862,189.002,195.508,201.286,206.23,210.234,213.206,215.095,215.927,215.843,215.12,214.153,213.363,213.054,213.299,213.955,214.803,215.694,216.601,217.559,218.598,219.725,220.937,222.231,223.604,225.048,226.551,228.1,229.676,231.254,232.81,234.314,235.738,237.058,238.256,239.334,240.318,241.276,242.337,243.724,245.804
1560.0,85.587,97.219,108.301,118.908,129.09,138.878,148.282,157.299,165.913,174.09,181.781,188.922,195.432,201.215,206.166,210.178,213.161,215.061,215.906,215.832,215.118,214.156,213.368,213.058,213.301,213.956,214.802,215.693,216.601,217.559,218.598,219.725,220.937,222.231,223.604,225.048,226.551,228.1,229.676,231.254,232.81,234.314,235.738,237.058,238.256,239.334,240.318,241.276,242.337,243.724,245.804
1620.0,85.567,97.188,108.259,118.858,129.032,138.813,148.211,157.224,165.835,174.01,181.701,188.843,195.356,201.144,206.102,210.123,213.116,215.028,215.884,215.822,215.116,214.16,213.373,213.062,213.303,213.956,214.802,215.693,216.601,217.559,218.598,219.725,220.937,222.231,223.604,225.048,226.551,228.1,229.675,231.254,232.81,234.314,235.738,237.058,238.256,239.334,240.318,241.276,242.337,243.724,245.804
1680.0,85.546,97.156,108.218,118.808,128.975,138.748,148.14,157.149,165.756,173.93,181.62,188.764,195.28,201.073,206.038,210.068,213.071,214.995,215.862,215.811,215.114,214.163,213.378,213.066,213.305,213.957,214.802,215.693,216.601,217.559,218.598,219.725,220.937,222.231,223.604,225.048,226.551,228.1,229.675,231.254,232.81,234.314,235.738,237.058,238.256,239.334,240.318,241.276,242.337,243.724,245.804
1740.0,85.525,97.125,108.177,118.758,128.917,138.683,148.07,157.074,165.678,173.85,181.54,188.685,195.204,201.002,205.974,210.012,213.026,214.961,215.841,215.8,215.111,214.166,213.383,213.07,213.307,213.957,214.802,215.693,216.601,217.559,218.598,219.724,220.937,222.231,223.604,225.048,226.551,228.1,229.675,231.254,232.81,234.314,235.738,237.058,238.256,239.334,240.318,241.276,242.337,243.724,245.804
1800.0,85.505,97.094,108.136,118.708,128.859,138.619,148.0,156.999,165.6,173.77,181.46,188.606,195.128,200.931,205.91,209.957,212.981,214.927,215.819,215.789,215.109,214.169,213.387,213.073,213.309,213.957,214.802,215.693,216.6,217.559,218.598,219.724,220.937,222.231,223.604,225.048,226.551,228.1,229.675,231.254,232.81,234.314,235.738,237.058,238.256,239.334,240.318,241.276,242.337,243.724,245.804
1860.0,85.484,97.063,108.096,118.659,128.802,138.555,147.93,156.925,165.523,173.69,181.38,188.527,195.052,200.86,205.846,209.902,212.936,214.894,215.797,215.778,215.107,214.171,213.392,213.077,213.311,213.958,214.801,215.692,216.6,217.559,218.598,219.724,220.936,222.231,223.604,225.048,226.551,228.1,229.675,231.254,232.81,234.314,235.738,237.058,238.256,239.334,240.318,241.276,242.337,243.724,245.804
1920.0,85.464,97.032,108.055,118.609,128.745,138.491,147.86,156.851,165.445,173.611,181.3,188.449,194.977,200.79,205.782,209.847,212.891,214.86,215.775,215.767,215.104,214.174,213.397,213.081,213.313,213.958,214.801,215.692,216.6,217.559,218.598,219.724,220.936,222.231,223.604,225.047,226.551,228.1,229.675,231.254,232.81,234.314,235.738,237.058,238.256,239.334,240.318,241.276,242.337,243.724,245.804
1980.0,85.444,97.001,108.014,118.56,128.687,138.427,147.791,156.777,165.368,173.531,181.22,188.37,194.901,200.719,205.718,209.791,212.846,214.827,215.753,215.756,215.102,214.177,213.401,213.085,213.315,213.959,214.801,215.692,216.6,217.559,218.598,219.724,220.936,222.231,223.604,225.047,226.551,228.1,229.675,231.254,232.81,234.314,235.738,237.057,238.256,239.334,240.318,241.276,242.337,243.724,245.804
2040.0,85.423,96.97,107.974,118.511,128.631,138.363,147.721,156.703,165.29,173.452,181.141,188.292,194.826,200.649,205.654,209.736,212.801,214.793,215.731,215.744,215.099,214.18,213.406,213.089,213.317,213.959,214.801,215.692,216.6,217.559,218.598,219.724,220.936,222.231,223.604,225.047,226.551,228.1,229.675,231.254,232.81,234.314,235.738,237.057,238.256,239.334,240.318,241.276,242.337,243.724,245.804
2100.0,85.403,96.939,107.934,118.462,128.574,138.299,147.652,156.629,165.213,173.373,181.061,188.214,194.751,200.578,205.591,209.681,212.756,214.76,215.709,215.733,215.096,214.183,213.411,213.093,213.319,213.96,214.801,215.691,216.6,217.559,218.598,219.724,220.936,222.231,223.604,225.047,226.551,228.1,229.675,231.254,232.81,234.314,235.738,237.057,238.256,239.334,240.318,241.276,242.337,243.724,245.804
2160.0,85.383,96.909,107.893,118.413,128.517,138.236,147.583,156.555,165.137,173.295,180.982,188.136,194.676,200.508,205.528,209.626,212.711,214.726,215.687,215.722,215.094,214.185,213.415,213.097,213.321,213.96,214.801,215.691,216.6,217.559,218.598,219.724,220.936,222.231,223.604,225.047,226.551,228.1,229.675,231.254,232.81,234.314,235.738,237.057,238.256,239.334,240.318,241.276,242.337,243.724,245.804
2220.0,85.363,96.878,107.853,118.364,128.461,138.173,147.514,156.482,165.06,173.216,180.904,188.058,194.601,200.438,205.464,209.572,212.666,214.692,215.665,215.711,215.091,214.188,213.42,213.1,213.323,213.961,214.8,215.691,216.6,217.559,218.598,219.724,220.936,222.231,223.604,225.047,226.551,228.1,229.675,231.254,232.81,234.314,235.738,237.057,238.256,239.334,240.318,241.276,242.337,243.724,245.804
2280.0,85.342,96.847,107.813,118.316,128.404,138.11,147.445,156.409,164.984,173.138,180.825,187.981,194.527,200.368,205.401,209.517,212.622,214.659,215.643,215.699,215.088,214.191,213.424,213.104,213.325,213.961,214.8,215.691,216.599,217.558,218.597,219.724,220.936,222.231,223.604,225.047,226.551,228.1,229.675,231.254,232.81,234.314,235.738,237.057,238.256,239.334,240.318,241.276,242.337,243.724,245.804
2340.0,85.322,96.817,107.773,118.267,128.348,138.047,147.377,156.336,164.907,173.06,180.746,187.904,194.452,200.299,205.338,209.462,212.577,214.625,215.621,215.688,215.085,214.193,213.429,213.108,213.327,213.962,214.8,215.69,216.599,217.558,218.597,219.724,220.936,222.231,223.604,225.047,226.551,228.1,229.675,231.254,232.81,234.314,235.738,237.057,238.256,239.334,240.318,241.276,242.337,243.724,245.804
2400.0,85.302,96.787,107.734,118.219,128.292,137.984,147.309,156.263,164.831,172.982,180.668,187.826,194.378,200.229,205.275,209.407,212.532,214.591,215.599,215.676,215.082,214.196,213.433,213.112,213.329,213.962,214.8,215.69,216.599,217.558,218.597,219.724,220.936,222.231,223.603,225.047,226.551,228.1,229.675,231.254,232.81,234.314,235.738,237.057,238.256,239.334,240.318,241.276,242.337,243.724,245.804
2460.0,85.282,96.756,107.694,118.17,128.236,137.922,147.241,156.191,164.756,172.904,180.59,187.749,194.304,200.16,205.212,209.352,212.487,214.558,215.576,215.665,215.079,214.198,213.438,213.116,213.331,213.963,214.8,215.69,216.599,217.558,218.597,219.724,220.936,222.231,223.603,225.047,226.551,228.1,229.675,231.254,232.81,234.314,235.738,237.057,238.256,239.334,240.318,241.276,242.337,243.724,245.804
2520.0,85.262,96.726,107.654,118.122,128.181,137.86,147.173,156.118,164.68,172.827,180.512,187.672,194.23,200.09,205.149,209.298,212.442,214.524,215.554,215.653,215.076,214.201,213.442,213.119,213.333,213.963,214.8,215.69,216.599,217.558,218.597,219.724,220.936,222.231,223.603,225.047,226.551,228.1,229.675,231.254,232.809,234.314,235.738,237.057,238.256,239.334,240.318,241.276,242.337,243.724,245.804
2580.0,85.242,96.696,107.615,118.074,128.125,137.797,147.105,156.046,164.605,172.749,180.434,187.596,194.156,200.021,205.086,209.243,212.398,214.49,215.532,215.641,215.073,214.203,213.447,213.123,213.335,213.964,214.799,215.69,216.599,217.558,218.597,219.724,220.936,222.231,223.603,225.047,226.551,228.1,229.675,231.254,232.809,234.314,235.738,237.057,238.256,239.334,240.318,241.276,242.337,243.724,245.804
2640.0,85.223,96.666,107.576,118.027,128.07,137.736,147.037,155.974,164.529,172.672,180.356,187.519,194.082,199.952,205.023,209.189,212.353,214.456,215.509,215.629,215.07,214.205,213.451,213.127,213.337,213.965,214.799,215.689,216.599,217.558,218.597,219.724,220.936,222.231,223.603,225.047,226.551,228.1,229.675,231.254,232.809,234.314,235.738,237.057,238.256,239.334,240.318,241.276,242.337,243.724,245.804
2700.0,85.203,96.636,107.536,117.979,128.015,137.674,146.97,155.902,164.454,172.595,180.279,187.443,194.009,199.883,204.96,209.134,212.308,214.423,215.487,215.618,215.067,214.208,213.455,213.131,213.339,213.965,214.799,215.689,216.599,217.558,218.597,219.724,220.936,222.23,223.603,225.047,226.551,228.1,229.675,231.254,232.809,234.314,235.738,237.057,238.256,239.334,240.318,241.276,242.337,243.724,245.804
2760.0,85.183,96.606,107.497,117.931,127.96,137.612,146.903,155.831,164.379,172.518,180.202,187.367,193.935,199.814,204.898,209.08,212.264,214.389,215.464,215.606,215.063,214.21,213.46,213.135,213.341,213.966,214.799,215.689,216.598,217.558,218.597,219.724,220.936,222.23,223.603,225.047,226.551,228.1,229.675,231.254,232.809,234.314,235.738,237.057,238.256,239.334,240.318,241.276,242.337,243.724,245.804
2820.0,85.163,96.577,107.458,117.884,127.905,137.551,146.836,155.759,164.305,172.442,180.125,187.291,193.862,199.745,204.835,209.026,212.219,214.355,215.442,215.594,215.06,214.212,213.464,213.138,213.343,213.966,214.799,215.689,216.598,217.558,218.597,219.724,220.936,222.23,223.603,225.047,226.551,228.099,229.675,231.254,232.809,234.314,235.738,237.057,238.256,239.334,240.318,241.276,242.337,243.724,245.804
2880.0,85.144,96.547,107.419,117.837,127.85,137.489,146.769,155.688,164.23,172.365,180.048,187.215,193.789,199.676,204.773,208.971,212.174,214.321,215.419,215.582,215.057,214.214,213.468,213.142,213.345,213.967,214.799,215.688,216.598,217.558,218.597,219.724,220.936,222.23,223.603,225.047,226.55,228.099,229.675,231.254,232.809,234.314,235.738,237.057,238.256,239.334,240.318,241.276,242.337,243.724,245.804
2940.0,85.124,96.517,107.38,117.79,127.795,137.428,146.702,155.617,164.156,172.289,179.971,187.139,193.716,199.608,204.711,208.917,212.13,214.288,215.397,215.57,215.053,214.216,213.473,213.146,213.347,213.967,214.799,215.688,216.598,217.558,218.597,219.723,220.936,222.23,223.603,225.047,226.55,228.099,229.675,231.253,232.809,234.314,235.738,237.057,238.256,239.334,240.318,241.276,242.337,243.724,245.804
3000.0,85.105,96.488,107.342,117.743,127.741,137.367,146.636,155.546,164.082,172.213,179.894,187.063,193.643,199.539,204.649,208.863,212.085,214.254,215.374,215.558,215.05,214.218,213.477,213.15,213.349,213.968,214.798,215.688,216.598,217.558,218.597,219.723,220.936,222.23,223.603,225.047,226.55,228.099,229.675,231.253,232.809,234.314,235.738,237.057,238.256,239.334,240.318,241.276,242.337,243.724,245.804
3060.0,85.085,96.458,107.303,117.696,127.686,137.306,146.57,155.475,164.008,172.137,179.818,186.988,193.57,199.471,204.586,208.809,212.041,214.22,215.351,215.546,215.046,214.22,213.481,213.153,213.351,213.968,214.798,215.688,216.598,217.558,218.597,219.723,220.936,222.23,223.603,225.047,226.55,228.099,229.675,231.253,232.809,234.314,235.738,237.057,238.256,239.334,240.318,241.276,242.337,243.724,245.804
3120.0,85.066,96.429,107.265,117.649,127.632,137.246,146.503,155.405,163.934,172.062,179.742,186.913,193.497,199.403,204.524,208.755,211.996,214.186,215.329,215.533,215.043,214.222,213.485,213.157,213.353,213.969,214.798,215.688,216.598,217.558,218.597,219.723,220.935,222.23,223.603,225.047,226.55,228.099,229.675,231.253,232.809,234.314,235.738,237.057,238.256,239.334,240.318,241.276,242.337,243.724,245.804
3180.0,85.046,96.4,107.226,117.602,127.578,137.185,146.437,155.334,163.861,171.986,179.666,186.838,193.425,199.335,204.462,208.701,211.952,214.152,215.306,215.521,215.039,214.224,213.49,213.161,213.355,213.969,214.798,215.687,216.598,217.558,218.597,219.723,220.935,222.23,223.603,225.047,226.55,228.099,229.675,231.253,232.809,234.313,235.738,237.057,238.256,239.334,240.318,241.276,242.337,243.724,245.804
3240.0,85.027,96.37,107.188,117.556,127.524,137.125,146.372,155.264,163.787,171.911,179.59,186.763,193.353,199.267,204.401,208.647,211.907,214.119,215.283,215.509,215.035,214.226,213.494,213.164,213.357,213.97,214.798,215.687,216.598,217.558,218.597,219.723,220.935,222.23,223.603,225.047,226.55,228.099,229.675,231.253,232.809,234.313,235.738,237.057,238.256,239.334,240.318,241.276,242.337,243.724,245.804
3300.0,85.008,96.341,107.15,117.509,127.471,137.065,146.306,155.194,163.714,171.836,179.514,186.688,193.28,199.199,204.339,208.593,211.863,214.085,215.26,215.496,215.032,214.228,213.498,213.168,213.359,213.971,214.798,215.687,216.597,217.558,218.597,219.723,220.935,222.23,223.603,225.047,226.55,228.099,229.675,231.253,232.809,234.313,235.738,237.057,238.256,239.334,240.318,241.276,242.337,243.724,245.804
3360.0,84.988,96.312,107.112,117.463,127.417,137.005,146.241,155.124,163.641,171.761,179.438,186.613,193.208,199.131,204.277,208.539,211.818,214.051,215.238,215.484,215.028,214.23,213.502,213.172,213.361,213.971,214.798,215.687,216.597,217.557,218.597,219.723,220.935,222.23,223.603,225.046,226.55,228.099,229.674,231.253,232.809,234.313,235.738,237.057,238.256,239.334,240.318,241.276,242.337,243.724,245.804
3420.0,84.969,96.283,107.074,117.417,127.364,136.945,146.175,155.055,163.568,171.686,179.363,186.539,193.136,199.063,204.215,208.485,211.774,214.017,215.215,215.472,215.024,214.232,213.506,213.175,213.363,213.972,214.798,215.686,216.597,217.557,218.597,219.723,220.935,222.23,223.603,225.046,226.55,228.099,229.674,231.253,232.809,234.313,235.738,237.057,238.256,239.334,240.318,241.276,242.337,243.724,245.804
3480.0,84.95,96.254,107.036,117.371,127.31,136.885,146.11,154.985,163.495,171.611,179.288,186.465,193.065,198.996,204.154,208.431,211.729,213.983,215.192,215.459,215.02,214.233,213.51,213.179,213.366,213.972,214.797,215.686,216.597,217.557,218.597,219.723,220.935,222.23,223.603,225.046,226.55,228.099,229.674,231.253,232.809,234.313,235.738,237.057,238.256,239.334,240.318,241.276,242.337,243.724,245.804
3540.0,84.931,96.225,106.998,117.325,127.257,136.826,146.045,154.916,163.423,171.537,179.213,186.39,192.993,198.928,204.093,208.378,211.685,213.949,215.169,215.447,215.016,214.235,213.514,213.183,213.368,213.973,214.797,215.686,216.597,217.557,218.597,219.723,220.935,222.23,223.603,225.046,226.55,228.099,229.674,231.253,232.809,234.313,235.738,237.057,238.256,239.334,240.318,241.276,242.337,243.724,245.804
3600.0,84.912,96.197,106.96,117.279,127.204,136.766,145.981,154.847,163.35,171.462,179.138,186.316,192.921,198.861,204.031,208.324,211.641,213.915,215.146,215.434,215.012,214.237,213.518,213.186,213.37,213.974,214.797,215.686,216.597,217.557,218.596,219.723,220.935,222.23,223.603,225.046,226.55,228.099,229.674,231.253,232.809,234.313,235.738,237.057,238.256,239.334,240.318,241.276,242.337,243.724,245.804
3660.0,84.893,96.168,106.923,117.234,127.151,136.707,145.916,154.778,163.278,171.388,179.063,186.243,192.85,198.794,203.97,208.27,211.596,213.881,215.123,215.421,215.008,214.238,213.522,213.19,213.372,213.974,214.797,215.686,216.597,217.557,218.596,219.723,220.935,222.23,223.603,225.046,226.55,228.099,229.674,231.253,232.809,234.313,235.738,237.057,238.256,239.334,240.318,241.276,242.337,243.724,245.804
3720.0,84.874,96.139,106.885,117.188,127.098,136.648,145.851,154.709,163.206,171.314,178.988,186.169,192.779,198.727,203.909,208.217,211.552,213.847,215.1,215.409,215.004,214.24,213.526,213.194,213.374,213.975,214.797,215.685,216.597,217.557,218.596,219.723,220.935,222.23,223.603,225.046,226.55,228.099,229.674,231.253,232.809,234.313,235.738,237.057,238.256,239.334,240.318,241.276,242.337,243.724,245.804
3780.0,84.855,96.111,106.848,117.143,127.046,136.589,145.787,154.64,163.135,171.24,178.914,186.095,192.708,198.66,203.848,208.163,211.508,213.814,215.077,215.396,215.0,214.241,213.53,213.197,213.376,213.975,214.797,215.685,216.596,217.557,218.596,219.723,220.935,222.23,223.602,225.046,226.55,228.099,229.674,231.253,232.809,234.313,235.738,237.057,238.256,239.334,240.318,241.276,242.337,243.724,245.804
3840.0,84.836,96.082,106.811,117.097,126.993,136.53,145.723,154.572,163.063,171.167,178.84,186.022,192.637,198.593,203.787,208.11,211.464,213.78,215.054,215.383,214.995,214.243,213.534,213.201,213.378,213.976,214.797,215.685,216.596,217.557,218.596,219.723,220.935,222.23,223.602,225.046,226.55,228.099,229.674,231.253,232.809,234.313,235.738,237.057,238.256,239.334,240.318,241.276,242.337,243.724,245.804
3900.0,84.817,96.054,106.773,117.052,126.941,136.472,145.659,154.504,162.991,171.093,178.766,185.949,192.566,198.526,203.726,208.057,211.419,213.746,215.031,215.37,214.991,214.244,213.538,213.205,213.38,213.977,214.797,215.685,216.596,217.557,218.596,219.723,220.935,222.23,223.602,225.046,226.55,228.099,229.674,231.253,232.809,234.313,235.738,237.057,238.256,239.334,240.318,241.276,242.337,243.724,245.804
3960.0,84.798,96.025,106.736,117.007,126.889,136.413,145.595,154.436,162.92,171.02,178.692,185.876,192.495,198.459,203.665,208.003,211.375,213.712,215.007,215.357,214.987,214.246,213.541,213.208,213.382,213.977,214.797,215.685,216.596,217.557,218.596,219.723,220.935,222.229,223.602,225.046,226.55,228.099,229.674,231.253,232.809,234.313,235.738,237.057,238.256,239.334,240.318,241.276,242.337,243.724,245.804
4020.0,84.779,95.997,106.699,116.962,126.837,136.355,145.532,154.368,162.849,170.947,178.618,185.803,192.425,198.393,203.604,207.95,211.331,213.678,214.984,215.344,214.982,214.247,213.545,213.212,213.384,213.978,214.796,215.684,216.596,217.557,218.596,219.723,220.935,222.229,223.602,225.046,226.55,228.099,229.674,231.253,232.809,234.313,235.737,237.057,238.256,239.334,240.318,241.276,242.337,243.724,245.804
4080.0,84.761,95.969,106.663,116.917,126.785,136.297,145.468,154.3,162.778,170.874,178.545,185.73,192.354,198.326,203.544,207.897,211.287,213.644,214.961,215.331,214.978,214.248,213.549,213.215,213.386,213.978,214.796,215.684,216.596,217.557,218.596,219.723,220.935,222.229,223.602,225.046,226.55,228.099,229.674,231.253,232.809,234.313,235.737,237.057,238.256,239.334,240.318,241.276,242.337,243.724,245.804
4140.0,84.742,95.941,106.626,116.873,126.733,136.239,145.405,154.232,162.707,170.801,178.471,185.657,192.284,198.26,203.483,207.844,211.243,213.61,214.938,215.318,214.973,214.25,213.553,213.219,213.388,213.979,214.796,215.684,216.596,217.557,218.596,219.723,220.935,222.229,223.602,225.046,226.55,228.099,229.674,231.253,232.809,234.313,235.737,237.057,238.256,239.334,240.318,241.276,242.337,243.724,245.804
4200.0,84.723,95.913,106.589,116.828,126.682,136.181,145.342,154.165,162.637,170.729,178.398,185.585,192.214,198.194,203.422,207.791,211.198,213.576,214.914,215.305,214.969,214.251,213.557,213.223,213.39,213.98,214.796,215.684,216.596,217.557,218.596,219.722,220.935,222.229,223.602,225.046,226.55,228.099,229.674,231.253,232.809,234.313,235.737,237.057,238.256,239.334,240.318,241.276,242.337,243.724,245.804
4260.0,84.705,95.885,106.552,116.784,126.63,136.123,145.279,154.098,162.566,170.656,178.325,185.512,192.144,198.128,203.362,207.738,211.154,213.542,214.891,215.292,214.964,214.252,213.56,213.226,213.392,213.98,214.796,215.683,216.595,217.557,218.596,219.722,220.935,222.229,223.602,225.046,226.55,228.099,229.674,231.253,232.809,234.313,235.737,237.057,238.256,239.334,240.318,241.276,242.337,243.724,245.804
4320.0,84.686,95.857,106.516,116.739,126.579,136.066,145.216,154.031,162.496,170.584,178.252,185.44,192.074,198.062,203.302,207.685,211.11,213.508,214.868,215.279,214.96,214.253,213.564,213.23,213.395,213.981,214.796,215.683,216.595,217.556,218.596,219.722,220.934,222.229,223.602,225.046,226.55,228.099,229.674,231.253,232.809,234.313,235.737,237.057,238.256,239.334,240.318,241.276,242.337,243.724,245.804
4380.0,84.668,95.829,106.48,116.695,126.527,136.008,145.153,153.964,162.426,170.512,178.179,185.368,192.004,197.996,203.241,207.632,211.066,213.474,214.844,215.266,214.955,214.254,213.568,213.233,213.397,213.982,214.796,215.683,216.595,217.556,218.596,219.722,220.934,222.229,223.602,225.046,226.549,228.099,229.674,231.253,232.809,234.313,235.737,237.057,238.256,239.334,240.318,241.276,242.337,243.724,245.804
4440.0,84.649,95.801,106.443,116.651,126.476,135.951,145.091,153.897,162.356,170.44,178.106,185.296,191.934,197.93,203.181,207.579,211.022,213.44,214.821,215.252,214.95,214.255,213.571,213.237,213.399,213.982,214.796,215.683,216.595,217.556,218.596,219.722,220.934,222.229,223.602,225.046,226.549,228.098,229.674,231.253,232.809,234.313,235.737,237.057,238.256,239.334,240.318,241.276,242.337,243.724,245.804
4500.0,84.631,95.774,106.407,116.607,126.425,135.894,145.029,153.83,162.286,170.368,178.034,185.224,191.865,197.865,203.121,207.526,210.978,213.406,214.797,215.239,214.945,214.256,213.575,213.24,213.401,213.983,214.796,215.683,216.595,217.556,218.596,219.722,220.934,222.229,223.602,225.046,226.549,228.098,229.674,231.253,232.809,234.313,235.737,237.057,238.256,239.334,240.318,241.276,242.337,243.724,245.804
4560.0,84.612,95.746,106.371,116.563,126.375,135.837,144.966,153.764,162.217,170.297,177.962,185.153,191.795,197.799,203.061,207.473,210.934,213.372,214.774,215.226,214.94,214.257,213.579,213.244,213.403,213.984,214.796,215.682,216.595,217.556,218.596,219.722,220.934,222.229,223.602,225.046,226.549,228.098,229.674,231.253,232.809,234.313,235.737,237.057,238.256,239.334,240.318,241.276,242.337,243.724,245.804
4620.0,84.594,95.718,106.335,116.519,126.324,135.78,144.904,153.698,162.147,170.225,177.89,185.081,191.726,197.734,203.001,207.421,210.89,213.338,214.75,215.212,214.936,214.258,213.582,213.247,213.405,213.984,214.796,215.682,216.595,217.556,218.596,219.722,220.934,222.229,223.602,225.046,226.549,228.098,229.674,231.253,232.809,234.313,235.737,237.057,238.256,239.334,240.318,241.276,242.337,243.724,245.804
4680.0,84.576,95.691,106.299,116.476,126.273,135.724,144.843,153.632,162.078,170.154,177.818,185.01,191.657,197.668,202.942,207.368,210.846,213.304,214.727,215.199,214.931,214.259,213.586,213.251,213.407,213.985,214.796,215.682,216.595,217.556,218.596,219.722,220.934,222.229,223.602,225.046,226.549,228.098,229.674,231.253,232.809,234.313,235.737,237.057,238.256,239.334,240.318,241.276,242.337,243.724,245.804
4740.0,84.558,95.664,106.263,116.432,126.223,135.667,144.781,153.566,162.009,170.083,177.746,184.939,191.588,197.603,202.882,207.315,210.802,213.27,214.703,215.185,214.926,214.26,213.589,213.254,213.409,213.986,214.795,215.682,216.594,217.556,218.596,219.722,220.934,222.229,223.602,225.046,226.549,228.098,229.674,231.253,232.808,234.313,235.737,237.057,238.255,239.334,240.318,241.276,242.337,243.724,245.804
4800.0,84.539,95.636,106.227,116.389,126.173,135.611,144.719,153.5,161.94,170.012,177.674,184.868,191.519,197.538,202.822,207.263,210.759,213.236,214.68,215.172,214.921,214.261,213.593,213.258,213.411,213.986,214.795,215.682,216.594,217.556,218.595,219.722,220.934,222.229,223.602,225.045,226.549,228.098,229.674,231.253,232.808,234.313,235.737,237.057,238.255,239.334,240.318,241.276,242.337,243.724,245.804
4860.0,84.521,95.609,106.192,116.346,126.122,135.554,144.658,153.434,161.871,169.941,177.603,184.797,191.45,197.473,202.763,207.21,210.715,213.202,214.656,215.158,214.915,214.262,213.596,213.261,213.413,213.987,214.795,215.681,216.594,217.556,218.595,219.722,220.934,222.229,223.602,225.045,226.549,228.098,229.674,231.253,232.808,234.313,235.737,237.057,238.255,239.334,240.318,241.276,242.337,243.724,245.804
4920.0,84.503,95.582,106.156,116.302,126.072,135.498,144.597,153.369,161.803,169.871,177.531,184.726,191.382,197.408,202.703,207.158,210.671,213.168,214.632,215.145,214.91,214.262,213.6,213.265,213.415,213.988,214.795,215.681,216.594,217.556,218.595,219.722,220.934,222.229,223.602,225.045,226.549,228.098,229.674,231.252,232.808,234.313,235.737,237.057,238.255,239.334,240.318,241.276,242.337,243.724,245.804
4980.0,84.485,95.555,106.121,116.259,126.022,135.442,144.536,153.304,161.734,169.8,177.46,184.656,191.313,197.343,202.644,207.106,210.627,213.134,214.609,215.131,214.905,214.263,213.603,213.268,213.417,213.988,214.795,215.681,216.594,217.556,218.595,219.722,220.934,222.229,223.602,225.045,226.549,228.098,229.674,231.252,232.808,234.313,235.737,237.057,238.255,239.334,240.318,241.276,242.337,243.724,245.804
5040.0,84.467,95.528,106.085,116.216,125.973,135.387,144.475,153.238,161.666,169.73,177.389,184.585,191.245,197.279,202.584,207.053,210.583,213.1,214.585,215.117,214.9,214.264,213.606,213.272,213.42,213.989,214.795,215.681,216.594,217.556,218.595,219.722,220.934,222.229,223.602,225.045,226.549,228.098,229.674,231.252,232.808,234.313,235.737,237.057,238.255,239.334,240.318,241.276,242.337,243.724,245.804
5100.0,84.449,95.501,106.05,116.173,125.923,135.331,144.414,153.173,161.598,169.66,177.318,184.515,191.177,197.214,202.525,207.001,210.54,213.066,214.561,215.103,214.895,214.264,213.61,213.275,213.422,213.99,214.795,215.681,216.594,217.556,218.595,219.722,220.934,222.229,223.602,225.045,226.549,228.098,229.674,231.252,232.808,234.313,235.737,237.057,238.255,239.334,240.318,241.276,242.337,243.724,245.804
5160.0,84.431,95.474,106.015,116.131,125.873,135.275,144.353,153.109,161.53,169.59,177.247,184.445,191.109,197.15,202.466,206.949,210.496,213.032,214.538,215.09,214.889,214.265,213.613,213.279,213.424,213.99,214.795,215.68,216.594,217.556,218.595,219.722,220.934,222.229,223.601,225.045,226.549,228.098,229.673,231.252,232.808,234.313,235.737,237.057,238.255,239.334,240.318,241.276,242.337,243.724,245.804
5220.0,84.413,95.447,105.98,116.088,125.824,135.22,144.293,153.044,161.462,169.52,177.177,184.375,191.041,197.085,202.407,206.897,210.452,212.998,214.514,215.076,214.884,214.265,213.616,213.282,213.426,213.991,214.795,215.68,216.593,217.556,218.595,219.722,220.934,222.229,223.601,225.045,226.549,228.098,229.673,231.252,232.808,234.313,235.737,237.057,238.255,239.334,240.318,241.276,242.337,243.724,245.804
5280.0,84.395,95.42,105.945,116.046,125.775,135.165,144.232,152.979,161.394,169.45,177.106,184.305,190.973,197.021,202.348,206.845,210.408,212.963,214.49,215.062,214.878,214.266,213.62,213.286,213.428,213.992,214.795,215.68,216.593,217.556,218.595,219.722,220.934,222.228,223.601,225.045,226.549,228.098,229.673,231.252,232.808,234.313,235.737,237.057,238.255,239.334,240.318,241.276,242.337,243.724,245.804
5340.0,84.377,95.393,105.91,116.003,125.726,135.11,144.172,152.915,161.327,169.381,177.036,184.235,190.905,196.957,202.289,206.792,210.365,212.929,214.466,215.048,214.873,214.266,213.623,213.289,213.43,213.992,214.795,215.68,216.593,217.555,218.595,219.722,220.934,222.228,223.601,225.045,226.549,228.098,229.673,231.252,232.808,234.313,235.737,237.057,238.255,239.334,240.318,241.276,242.337,243.724,245.804
5400.0,84.36,95.366,105.875,115.961,125.676,135.055,144.112,152.851,161.259,169.311,176.966,184.165,190.837,196.893,202.23,206.74,210.321,212.895,214.442,215.034,214.867,214.267,213.626,213.292,213.432,213.993,214.795,215.68,216.593,217.555,218.595,219.721,220.934,222.228,223.601,225.045,226.549,228.098,229.673,231.252,232.808,234.313,235.737,237.057,238.255,239.334,240.318,241.276,242.337,243.724,245.804
5460.0,84.342,95.34,105.84,115.919,125.628,135.0,144.052,152.787,161.192,169.242,176.896,184.096,190.77,196.829,202.171,206.689,210.278,212.861,214.418,215.02,214.862,214.267,213.629,213.296,213.434,213.994,214.795,215.679,216.593,217.555,218.595,219.721,220.934,222.228,223.601,225.045,226.549,228.098,229.673,231.252,232.808,234.313,235.737,237.057,238.255,239.334,240.318,241.276,242.337,243.724,245.804
5520.0,84.324,95.313,105.805,115.876,125.579,134.945,143.992,152.723,161.125,169.173,176.826,184.026,190.702,196.765,202.113,206.637,210.234,212.827,214.394,215.006,214.856,214.267,213.633,213.299,213.436,213.995,214.795,215.679,216.593,217.555,218.595,219.721,220.934,222.228,223.601,225.045,226.549,228.098,229.673,231.252,232.808,234.313,235.737,237.057,238.255,239.334,240.318,241.276,242.337,243.724,245.804
5580.0,84.307,95.287,105.771,115.834,125.53,134.891,143.933,152.659,161.058,169.104,176.756,183.957,190.635,196.701,202.054,206.585,210.191,212.793,214.37,214.992,214.85,214.267,213.636,213.302,213.438,213.995,214.795,215.679,216.593,217.555,218.595,219.721,220.933,222.228,223.601,225.045,226.549,228.098,229.673,231.252,232.808,234.313,235.737,237.057,238.255,239.334,240.318,241.276,242.337,243.724,245.804
5640.0,84.289,95.26,105.736,115.793,125.482,134.836,143.873,152.596,160.992,169.035,176.686,183.888,190.568,196.638,201.996,206.533,210.147,212.759,214.346,214.978,214.845,214.268,213.639,213.306,213.44,213.996,214.795,215.679,216.593,217.555,218.595,219.721,220.933,222.228,223.601,225.045,226.549,228.098,229.673,231.252,232.808,234.313,235.737,237.057,238.255,239.334,240.318,241.276,242.337,243.724,245.804
5700.0,84.271,95.234,105.702,115.751,125.433,134.782,143.814,152.532,160.925,168.967,176.617,183.819,190.501,196.574,201.937,206.481,210.103,212.725,214.322,214.963,214.839,214.268,213.642,213.309,213.443,213.997,214.795,215.679,216.592,217.555,218.595,219.721,220.933,222.228,223.601,225.045,226.549,228.098,229.673,231.252,232.808,234.313,235.737,237.057,238.255,239.334,240.318,241.276,242.337,243.724,245.804
5760.0,84.254,95.208,105.667,115.709,125.385,134.728,143.755,152.469,160.859,168.898,176.548,183.75,190.434,196.511,201.879,206.43,210.06,212.691,214.298,214.949,214.833,214.268,213.645,213.312,213.445,213.997,214.795,215.678,216.592,217.555,218.595,219.721,220.933,222.228,223.601,225.045,226.549,228.098,229.673,231.252,232.808,234.312,235.737,237.057,238.255,239.334,240.318,241.276,242.337,243.724,245.804
5820.0,84.236,95.182,105.633,115.668,125.337,134.674,143.696,152.406,160.792,168.83,176.479,183.682,190.367,196.447,201.82,206.378,210.017,212.657,214.274,214.935,214.827,214.268,213.648,213.316,213.447,213.998,214.795,215.678,216.592,217.555,218.595,219.721,220.933,222.228,223.601,225.045,226.549,228.098,229.673,231.252,232.808,234.312,235.737,237.057,238.255,239.334,240.318,241.276,242.337,243.724,245.804
5880.0,84.219,95.155,105.599,115.626,125.289,134.62,143.637,152.343,160.726,168.762,176.41,183.613,190.301,196.384,201.762,206.327,209.973,212.623,214.25,214.92,214.821,214.268,213.651,213.319,213.449,213.999,214.795,215.678,216.592,217.555,218.595,219.721,220.933,222.228,223.601,225.045,226.549,228.098,229.673,231.252,232.808,234.312,235.737,237.056,238.255,239.334,240.318,241.276,242.337,243.724,245.804
5940.0,84.201,95.129,105.565,115.585,125.241,134.566,143.578,152.28,160.66,168.694,176.341,183.545,190.234,196.321,201.704,206.275,209.93,212.589,214.226,214.906,214.815,214.268,213.654,213.322,213.451,214.0,214.794,215.678,216.592,217.555,218.595,219.721,220.933,222.228,223.601,225.045,226.548,228.098,229.673,231.252,232.808,234.312,235.737,237.056,238.255,239.333,240.318,241.276,242.337,243.724,245.804
6000.0,84.184,95.103,105.531,115.543,125.193,134.512,143.52,152.217,160.594,168.626,176.272,183.477,190.168,196.258,201.646,206.224,209.886,212.555,214.202,214.892,214.809,214.268,213.657,213.326,213.453,214.0,214.794,215.678,216.592,217.555,218.595,219.721,220.933,222.228,223.601,225.045,226.548,228.098,229.673,231.252,232.808,234.312,235.737,237.056,238.255,239.333,240.318,241.276,242.337,243.724,245.804
6060.0,84.167,95.077,105.497,115.502,125.145,134.459,143.461,152.155,160.529,168.558,176.203,183.408,190.102,196.195,201.588,206.172,209.843,212.521,214.178,214.877,214.803,214.268,213.66,213.329,213.455,214.001,214.794,215.677,216.592,217.555,218.594,219.721,220.933,222.228,223.601,225.045,226.548,228.097,229.673,231.252,232.808,234.312,235.737,237.056,238.255,239.333,240.318,241.276,242.337,243.724,245.804
6120.0,84.149,95.051,105.463,115.461,125.098,134.406,143.403,152.092,160.463,168.491,176.135,183.34,190.035,196.132,201.53,206.121,209.8,212.487,214.154,214.863,214.797,214.268,213.663,213.332,213.457,214.002,214.794,215.677,216.592,217.555,218.594,219.721,220.933,222.228,223.601,225.045,226.548,228.097,229.673,231.252,232.808,234.312,235.737,237.056,238.255,239.333,240.318,241.276,242.337,243.724,245.804
6180.0,84.132,95.026,105.43,115.42,125.05,134.352,143.345,152.03,160.398,168.423,176.067,183.273,189.969,196.07,201.472,206.07,209.757,212.453,214.13,214.848,214.791,214.268,213.666,213.336,213.459,214.003,214.794,215.677,216.591,217.555,218.594,219.721,220.933,222.228,223.601,225.044,226.548,228.097,229.673,231.252,232.808,234.312,235.737,237.056,238.255,239.333,240.318,241.276,242.337,243.724,245.804
6240.0,84.115,95.0,105.396,115.379,125.003,134.299,143.287,151.968,160.333,168.356,175.999,183.205,189.903,196.007,201.415,206.018,209.713,212.419,214.105,214.834,214.785,214.268,213.669,213.339,213.461,214.003,214.794,215.677,216.591,217.555,218.594,219.721,220.933,222.228,223.601,225.044,226.548,228.097,229.673,231.252,232.808,234.312,235.737,237.056,238.255,239.333,240.318,241.276,242.337,243.724,245.804
6300.0,84.098,94.974,105.362,115.339,124.955,134.246,143.229,151.906,160.268,168.289,175.931,183.137,189.838,195.945,201.357,205.967,209.67,212.384,214.081,214.819,214.779,214.268,213.672,213.342,213.464,214.004,214.794,215.677,216.591,217.554,218.594,219.721,220.933,222.228,223.601,225.044,226.548,228.097,229.673,231.252,232.808,234.312,235.737,237.056,238.255,239.333,240.318,241.276,242.337,243.724,245.804
6360.0,84.08,94.948,105.329,115.298,124.908,134.193,143.171,151.844,160.203,168.222,175.863,183.07,189.772,195.882,201.3,205.916,209.627,212.35,214.057,214.804,214.772,214.267,213.675,213.345,213.466,214.005,214.794,215.676,216.591,217.554,218.594,219.721,220.933,222.228,223.601,225.044,226.548,228.097,229.673,231.252,232.808,234.312,235.737,237.056,238.255,239.333,240.318,241.276,242.337,243.724,245.804
6420.0,84.063,94.923,105.295,115.257,124.861,134.141,143.113,151.782,160.138,168.155,175.795,183.002,189.706,195.82,201.242,205.865,209.584,212.316,214.033,214.79,214.766,214.267,213.677,213.349,213.468,214.006,214.794,215.676,216.591,217.554,218.594,219.721,220.933,222.228,223.601,225.044,226.548,228.097,229.673,231.252,232.808,234.312,235.737,237.056,238.255,239.333,240.318,241.276,242.337,243.724,245.804
6480.0,84.046,94.897,105.262,115.217,124.814,134.088,143.056,151.721,160.073,168.089,175.727,182.935,189.641,195.758,201.185,205.814,209.541,212.282,214.008,214.775,214.76,214.267,213.68,213.352,213.47,214.006,214.794,215.676,216.591,217.554,218.594,219.721,220.933,222.228,223.6,225.044,226.548,228.097,229.673,231.252,232.808,234.312,235.737,237.056,238.255,239.333,240.318,241.276,242.337,243.724,245.804
6540.0,84.029,94.872,105.229,115.177,124.768,134.036,142.998,151.66,160.009,168.022,175.66,182.868,189.576,195.695,201.127,205.763,209.497,212.248,213.984,214.76,214.753,214.266,213.683,213.355,213.472,214.007,214.794,215.676,216.591,217.554,218.594,219.721,220.933,222.227,223.6,225.044,226.548,228.097,229.673,231.252,232.808,234.312,235.737,237.056,238.255,239.333,240.318,241.276,242.337,243.724,245.804
6600.0,84.012,94.846,105.196,115.136,124.721,133.983,142.941,151.598,159.944,167.956,175.593,182.801,189.51,195.633,201.07,205.712,209.454,212.214,213.96,214.746,214.747,214.266,213.686,213.358,213.474,214.008,214.794,215.676,216.591,217.554,218.594,219.721,220.933,222.227,223.6,225.044,226.548,228.097,229.673,231.252,232.808,234.312,235.737,237.056,238.255,239.333,240.318,241.276,242.337,243.724,245.804
6660.0,83.995,94.821,105.163,115.096,124.675,133.931,142.884,151.537,159.88,167.889,175.526,182.734,189.445,195.572,201.013,205.661,209.411,212.18,213.935,214.731,214.74,214.266,213.688,213.361,213.476,214.009,214.794,215.676,216.59,217.554,218.594,219.72,220.933,222.227,223.6,225.044,226.548,228.097,229.673,231.252,232.808,234.312,235.737,237.056,238.255,239.333,240.318,241.276,242.337,243.724,245.804
6720.0,83.978,94.796,105.13,115.056,124.628,133.879,142.827,151.476,159.816,167.823,175.459,182.668,189.38,195.51,200.956,205.61,209.368,212.146,213.911,214.716,214.734,214.265,213.691,213.364,213.478,214.009,214.794,215.675,216.59,217.554,218.594,219.72,220.933,222.227,223.6,225.044,226.548,228.097,229.673,231.252,232.808,234.312,235.737,237.056,238.255,239.333,240.318,241.276,242.337,243.724,245.804
6780.0,83.961,94.77,105.097,115.016,124.582,133.827,142.77,151.415,159.752,167.757,175.392,182.601,189.315,195.448,200.899,205.56,209.325,212.112,213.886,214.701,214.727,214.265,213.694,213.368,213.48,214.01,214.794,215.675,216.59,217.554,218.594,219.72,220.933,222.227,223.6,225.044,226.548,228.097,229.673,231.252,232.808,234.312,235.737,237.056,238.255,239.333,240.318,241.276,242.337,243.724,245.804
6840.0,83.944,94.745,105.064,114.976,124.536,133.775,142.714,151.355,159.689,167.691,175.325,182.535,189.251,195.386,200.842,205.509,209.282,212.078,213.862,214.686,214.721,214.264,213.696,213.371,213.482,214.011,214.794,215.675,216.59,217.554,218.594,219.72,220.932,222.227,223.6,225.044,226.548,228.097,229.673,231.252,232.808,234.312,235.737,237.056,238.255,239.333,240.318,241.276,242.337,243.724,245.804
6900.0,83.928,94.72,105.031,114.937,124.489,133.724,142.657,151.294,159.625,167.626,175.258,182.468,189.186,195.325,200.785,205.458,209.239,212.044,213.837,214.671,214.714,214.263,213.699,213.374,213.484,214.012,214.794,215.675,216.59,217.554,218.594,219.72,220.932,222.227,223.6,225.044,226.548,228.097,229.673,231.251,232.808,234.312,235.737,237.056,238.255,239.333,240.318,241.276,242.337,243.724,245.804
6960.0,83.911,94.695,104.998,114.897,124.444,133.672,142.601,151.234,159.561,167.56,175.192,182.402,189.122,195.263,200.728,205.408,209.196,212.01,213.813,214.656,214.707,214.263,213.702,213.377,213.487,214.012,214.794,215.675,216.59,217.554,218.594,219.72,220.932,222.227,223.6,225.044,226.548,228.097,229.672,231.251,232.807,234.312,235.737,237.056,238.255,239.333,240.318,241.276,242.337,243.724,245.804
7020.0,83.894,94.67,104.966,114.857,124.398,133.621,142.544,151.173,159.498,167.495,175.126,182.336,189.057,195.202,200.672,205.357,209.154,211.976,213.788,214.641,214.701,214.262,213.704,213.38,213.489,214.013,214.794,215.674,216.59,217.554,218.594,219.72,220.932,222.227,223.6,225.044,226.548,228.097,229.672,231.251,232.807,234.312,235.737,237.056,238.255,239.333,240.318,241.276,242.337,243.724,245.805
7080.0,83.877,94.645,104.933,114.818,124.352,133.569,142.488,151.113,159.435,167.43,175.059,182.27,188.993,195.141,200.615,205.307,209.111,211.942,213.764,214.626,214.694,214.261,213.707,213.383,213.491,214.014,214.794,215.674,216.59,217.554,218.594,219.72,220.932,222.227,223.6,225.044,226.548,228.097,229.672,231.251,232.807,234.312,235.736,237.056,238.255,239.333,240.318,241.276,242.337,243.724,245.805
7140.0,83.861,94.62,104.901,114.778,124.306,133.518,142.432,151.053,159.372,167.365,174.993,182.205,188.929,195.08,200.558,205.256,209.068,211.908,213.739,214.611,214.687,214.261,213.709,213.386,213.493,214.015,214.794,215.674,216.589,217.554,218.594,219.72,220.932,222.227,223.6,225.044,226.548,228.097,229.672,231.251,232.807,234.312,235.736,237.056,238.255,239.333,240.318,241.276,242.337,243.724,245.805
7200.0,83.844,94.595,104.868,114.739,124.261,133.467,142.376,150.994,159.309,167.3,174.927,182.139,188.865,195.019,200.502,205.206,209.025,211.874,213.715,214.596,214.68,214.26,213.712,213.389,213.495,214.016,214.794,215.674,216.589,217.553,218.594,219.72,220.932,222.227,223.6,225.044,226.548,228.097,229.672,231.251,232.807,234.312,235.736,237.056,238.255,239.333,240.318,241.276,242.337,243.724,245.805
7260.0,83.827,94.571,104.836,114.7,124.215,133.416,142.321,150.934,159.246,167.235,174.862,182.073,188.801,194.958,200.446,205.156,208.982,211.84,213.69,214.58,214.673,214.259,213.714,213.393,213.497,214.016,214.794,215.674,216.589,217.553,218.594,219.72,220.932,222.227,223.6,225.044,226.548,228.097,229.672,231.251,232.807,234.312,235.736,237.056,238.255,239.333,240.318,241.276,242.337,243.724,245.805
7320.0,83.811,94.546,104.804,114.661,124.17,133.365,142.265,150.874,159.184,167.17,174.796,182.008,188.737,194.897,200.389,205.105,208.94,211.806,213.666,214.565,214.666,214.258,213.717,213.396,213.499,214.017,214.794,215.673,216.589,217.553,218.593,219.72,220.932,222.227,223.6,225.044,226.548,228.097,229.672,231.251,232.807,234.312,235.736,237.056,238.255,239.333,240.318,241.276,242.337,243.724,245.805
7380.0,83.794,94.521,104.772,114.622,124.125,133.314,142.21,150.815,159.121,167.105,174.73,181.943,188.673,194.836,200.333,205.055,208.897,211.772,213.641,214.55,214.659,214.257,213.719,213.399,213.501,214.018,214.794,215.673,216.589,217.553,218.593,219.72,220.932,222.227,223.6,225.044,226.548,228.097,229.672,231.251,232.807,234.312,235.736,237.056,238.255,239.333,240.318,241.276,242.337,243.724,245.805
7440.0,83.778,94.497,104.74,114.583,124.08,133.264,142.154,150.755,159.059,167.041,174.665,181.877,188.609,194.776,200.277,205.005,208.854,211.738,213.616,214.535,214.652,214.256,213.721,213.402,213.503,214.019,214.794,215.673,216.589,217.553,218.593,219.72,220.932,222.227,223.6,225.044,226.547,228.097,229.672,231.251,232.807,234.312,235.736,237.056,238.255,239.333,240.318,241.276,242.337,243.724,245.805
7500.0,83.761,94.472,104.708,114.544,124.035,133.213,142.099,150.696,158.996,166.977,174.6,181.812,188.546,194.715,200.221,204.955,208.811,211.704,213.592,214.519,214.645,214.255,213.724,213.405,213.505,214.02,214.795,215.673,216.589,217.553,218.593,219.72,220.932,222.227,223.6,225.044,226.547,228.097,229.672,231.251,232.807,234.312,235.736,237.056,238.255,239.333,240.318,241.276,242.337,243.724,245.805
7560.0,83.745,94.448,104.676,114.505,123.99,133.163,142.044,150.637,158.934,166.913,174.534,181.747,188.482,194.655,200.165,204.905,208.769,211.67,213.567,214.504,214.638,214.254,213.726,213.408,213.507,214.02,214.795,215.673,216.589,217.553,218.593,219.72,220.932,222.227,223.6,225.044,226.547,228.097,229.672,231.251,232.807,234.312,235.736,237.056,238.255,239.333,240.318,241.276,242.337,243.724,245.805
7620.0,83.728,94.423,104.644,114.467,123.945,133.113,141.989,150.578,158.872,166.849,174.469,181.683,188.419,194.594,200.109,204.855,208.726,211.636,213.542,214.488,214.631,214.253,213.728,213.411,213.509,214.021,214.795,215.673,216.588,217.553,218.593,219.72,220.932,222.227,223.6,225.043,226.547,228.097,229.672,231.251,232.807,234.312,235.736,237.056,238.255,239.333,240.318,241.276,242.337,243.724,245.805
7680.0,83.712,94.399,104.612,114.428,123.9,133.063,141.934,150.52,158.811,166.785,174.405,181.618,188.356,194.534,200.053,204.805,208.684,211.602,213.518,214.473,214.623,214.252,213.731,213.414,213.512,214.022,214.795,215.672,216.588,217.553,218.593,219.72,220.932,222.227,223.6,225.043,226.547,228.097,229.672,231.251,232.807,234.312,235.736,237.056,238.255,239.333,240.318,241.276,242.337,243.724,245.805
7740.0,83.696,94.374,104.58,114.39,123.856,133.013,141.879,150.461,158.749,166.721,174.34,181.553,188.293,194.474,199.997,204.755,208.641,211.568,213.493,214.458,214.616,214.251,213.733,213.417,213.514,214.023,214.795,215.672,216.588,217.553,218.593,219.72,220.932,222.227,223.6,225.043,226.547,228.096,229.672,231.251,232.807,234.312,235.736,237.056,238.255,239.333,240.318,241.276,242.337,243.725,245.805
7800.0,83.679,94.35,104.549,114.351,123.811,132.963,141.825,150.402,158.687,166.657,174.275,181.489,188.23,194.414,199.941,204.705,208.599,211.534,213.468,214.442,214.609,214.25,213.735,213.42,213.516,214.024,214.795,215.672,216.588,217.553,218.593,219.72,220.932,222.227,223.6,225.043,226.547,228.096,229.672,231.251,232.807,234.312,235.736,237.056,238.255,239.333,240.318,241.276,242.337,243.725,245.805
7860.0,83.663,94.326,104.517,114.313,123.767,132.913,141.77,150.344,158.626,166.594,174.211,181.425,188.167,194.354,199.886,204.656,208.556,211.5,213.443,214.427,214.602,214.249,213.737,213.423,213.518,214.024,214.795,215.672,216.588,217.553,218.593,219.719,220.932,222.226,223.599,225.043,226.547,228.096,229.672,231.251,232.807,234.312,235.736,237.056,238.255,239.333,240.318,241.276,242.337,243.725,245.805
7920.0,83.647,94.302,104.486,114.275,123.723,132.863,141.716,150.286,158.565,166.53,174.146,181.36,188.104,194.294,199.83,204.606,208.514,211.466,213.419,214.411,214.594,214.248,213.739,213.426,213.52,214.025,214.795,215.672,216.588,217.553,218.593,219.719,220.932,222.226,223.599,225.043,226.547,228.096,229.672,231.251,232.807,234.312,235.736,237.056,238.255,239.333,240.318,241.276,242.337,243.725,245.805
7980.0,83.631,94.278,104.454,114.237,123.679,132.814,141.662,150.228,158.504,166.467,174.082,181.296,188.042,194.234,199.775,204.556,208.471,211.432,213.394,214.395,214.587,214.246,213.741,213.429,213.522,214.026,214.795,215.672,216.588,217.553,218.593,219.719,220.932,222.226,223.599,225.043,226.547,228.096,229.672,231.251,232.807,234.312,235.736,237.056,238.255,239.333,240.318,241.276,242.337,243.725,245.805
8040.0,83.615,94.254,104.423,114.199,123.634,132.764,141.608,150.17,158.443,166.404,174.018,181.232,187.979,194.174,199.719,204.507,208.429,211.398,213.369,214.38,214.579,214.245,213.744,213.431,213.524,214.027,214.795,215.671,216.588,217.553,218.593,219.719,220.931,222.226,223.599,225.043,226.547,228.096,229.672,231.251,232.807,234.312,235.736,237.056,238.255,239.333,240.318,241.276,242.337,243.725,245.805
8100.0,83.598,94.23,104.392,114.161,123.591,132.715,141.554,150.112,158.382,166.341,173.954,181.169,187.917,194.115,199.664,204.457,208.386,211.364,213.344,214.364,214.572,214.244,213.746,213.434,213.526,214.028,214.795,215.671,216.587,217.553,218.593,219.719,220.931,222.226,223.599,225.043,226.547,228.096,229.672,231.251,232.807,234.312,235.736,237.056,238.255,239.333,240.318,241.276,242.337,243.725,245.805
8160.0,83.582,94.206,104.361,114.123,123.547,132.666,141.5,150.054,158.321,166.278,173.89,181.105,187.855,194.055,199.609,204.407,208.344,211.33,213.319,214.348,214.564,214.242,213.748,213.437,213.528,214.029,214.795,215.671,216.587,217.552,218.593,219.719,220.931,222.226,223.599,225.043,226.547,228.096,229.672,231.251,232.807,234.312,235.736,237.056,238.255,239.333,240.318,241.276,242.337,243.725,245.805
8220.0,83.566,94.182,104.33,114.086,123.503,132.617,141.446,149.996,158.26,166.216,173.826,181.041,187.792,193.996,199.554,204.358,208.302,211.296,213.295,214.333,214.557,214.241,213.75,213.44,213.53,214.029,214.795,215.671,216.587,217.552,218.593,219.719,220.931,222.226,223.599,225.043,226.547,228.096,229.672,231.251,232.807,234.312,235.736,237.056,238.255,239.333,240.318,241.276,242.337,243.725,245.805
8280.0,83.55,94.158,104.298,114.048,123.459,132.568,141.392,149.939,158.2,166.153,173.763,180.978,187.73,193.937,199.498,204.309,208.26,211.262,213.27,214.317,214.549,214.239,213.752,213.443,213.532,214.03,214.795,215.671,216.587,217.552,218.593,219.719,220.931,222.226,223.599,225.043,226.547,228.096,229.672,231.251,232.807,234.312,235.736,237.056,238.255,239.333,240.318,241.276,242.337,243.725,245.805
8340.0,83.534,94.134,104.268,114.01,123.416,132.519,141.339,149.882,158.139,166.091,173.699,180.914,187.668,193.877,199.443,204.259,208.217,211.228,213.245,214.301,214.541,214.238,213.754,213.446,213.534,214.031,214.795,215.671,216.587,217.552,218.593,219.719,220.931,222.226,223.599,225.043,226.547,228.096,229.672,231.251,232.807,234.311,235.736,237.056,238.255,239.333,240.318,241.276,242.337,243.725,245.805
8400.0,83.518,94.111,104.237,113.973,123.372,132.47,141.285,149.824,158.079,166.028,173.636,180.851,187.606,193.818,199.388,204.21,208.175,211.194,213.22,214.285,214.534,214.236,213.756,213.449,213.536,214.032,214.795,215.67,216.587,217.552,218.593,219.719,220.931,222.226,223.599,225.043,226.547,228.096,229.672,231.251,232.807,234.311,235.736,237.056,238.255,239.333,240.318,241.276,242.337,243.725,245.805
8460.0,83.502,94.087,104.206,113.935,123.329,132.421,141.232,149.767,158.019,165.966,173.573,180.788,187.545,193.759,199.334,204.161,208.133,211.16,213.195,214.269,214.526,214.235,213.758,213.452,213.538,214.033,214.795,215.67,216.587,217.552,218.593,219.719,220.931,222.226,223.599,225.043,226.547,228.096,229.672,231.251,232.807,234.311,235.736,237.056,238.255,239.333,240.318,241.276,242.337,243.725,245.805
8520.0,83.486,94.063,104.175,113.898,123.286,132.373,141.179,149.71,157.959,165.904,173.51,180.725,187.483,193.7,199.279,204.111,208.091,211.126,213.17,214.253,214.518,214.233,213.76,213.454,213.54,214.034,214.795,215.67,216.587,217.552,218.592,219.719,220.931,222.226,223.599,225.043,226.547,228.096,229.672,231.251,232.807,234.311,235.736,237.056,238.255,239.333,240.318,241.276,242.337,243.725,245.805
8580.0,83.471,94.04,104.144,113.861,123.243,132.324,141.126,149.654,157.899,165.842,173.447,180.662,187.421,193.641,199.224,204.062,208.049,211.092,213.145,214.237,214.51,214.231,213.762,213.457,213.543,214.035,214.795,215.67,216.586,217.552,218.592,219.719,220.931,222.226,223.599,225.043,226.547,228.096,229.672,231.251,232.807,234.311,235.736,237.056,238.255,239.333,240.318,241.276,242.337,243.725,245.805
8640.0,83.455,94.016,104.114,113.824,123.2,132.276,141.073,149.597,157.84,165.78,173.384,180.599,187.36,193.582,199.169,204.013,208.006,211.058,213.12,214.222,214.503,214.23,213.763,213.46,213.545,214.035,214.795,215.67,216.586,217.552,218.592,219.719,220.931,222.226,223.599,225.043,226.547,228.096,229.672,231.251,232.807,234.311,235.736,237.056,238.255,239.333,240.318,241.276,242.337,243.725,245.805
8700.0,83.439,93.993,104.083,113.787,123.157,132.228,141.02,149.54,157.78,165.719,173.321,180.537,187.299,193.524,199.115,203.964,207.964,211.024,213.095,214.206,214.495,214.228,213.765,213.463,213.547,214.036,214.796,215.67,216.586,217.552,218.592,219.719,220.931,222.226,223.599,225.043,226.547,228.096,229.672,231.251,232.807,234.311,235.736,237.056,238.255,239.333,240.318,241.276,242.337,243.725,245.805
8760.0,83.423,93.969,104.053,113.75,123.114,132.18,140.968,149.484,157.72,165.657,173.259,180.474,187.237,193.465,199.06,203.915,207.922,210.99,213.07,214.189,214.487,214.226,213.767,213.466,213.549,214.037,214.796,215.669,216.586,217.552,218.592,219.719,220.931,222.226,223.599,225.043,226.547,228.096,229.671,231.251,232.807,234.311,235.736,237.056,238.255,239.333,240.318,241.276,242.337,243.725,245.805
8820.0,83.408,93.946,104.022,113.713,123.071,132.132,140.915,149.427,157.661,165.596,173.196,180.412,187.176,193.407,199.006,203.866,207.88,210.956,213.045,214.173,214.479,214.225,213.769,213.468,213.551,214.038,214.796,215.669,216.586,217.552,218.592,219.719,220.931,222.226,223.599,225.043,226.547,228.096,229.671,231.251,232.807,234.311,235.736,237.056,238.255,239.333,240.318,241.276,242.337,243.725,245.805
8880.0,83.392,93.923,103.992,113.676,123.029,132.084,140.863,149.371,157.602,165.534,173.134,180.349,187.115,193.348,198.951,203.817,207.838,210.922,213.02,214.157,214.471,214.223,213.771,213.471,213.553,214.039,214.796,215.669,216.586,217.552,218.592,219.719,220.931,222.226,223.599,225.043,226.547,228.096,229.671,231.25,232.807,234.311,235.736,237.056,238.255,239.333,240.318,241.276,242.337,243.725,245.805
8940.0,83.376,93.9,103.962,113.64,122.986,132.036,140.811,149.315,157.543,165.473,173.072,180.287,187.054,193.29,198.897,203.769,207.796,210.889,212.995,214.141,214.463,214.221,213.772,213.474,213.555,214.04,214.796,215.669,216.586,217.552,218.592,219.719,220.931,222.226,223.599,225.043,226.547,228.096,229.671,231.25,232.807,234.311,235.736,237.056,238.255,239.333,240.318,241.276,242.337,243.725,245.805
9000.0,83.361,93.876,103.932,113.603,122.944,131.989,140.758,149.259,157.484,165.412,173.009,180.225,186.993,193.232,198.843,203.72,207.754,210.855,212.97,214.125,214.455,214.219,213.774,213.477,213.557,214.041,214.796,215.669,216.586,217.552,218.592,219.719,220.931,222.226,223.599,225.043,226.546,228.096,229.671,231.25,232.807,234.311,235.736,237.056,238.255,239.333,240.318,241.276,242.337,243.725,245.805
9060.0,83.345,93.853,103.902,113.566,122.901,131.941,140.706,149.203,157.425,165.351,172.947,180.163,186.933,193.174,198.789,203.671,207.712,210.821,212.945,214.109,214.447,214.217,213.776,213.479,213.559,214.041,214.796,215.669,216.585,217.551,218.592,219.719,220.931,222.226,223.599,225.042,226.546,228.096,229.671,231.25,232.807,234.311,235.736,237.056,238.255,239.333,240.318,241.276,242.337,243.725,245.805
9120.0,83.329,93.83,103.871,113.53,122.859,131.894,140.654,149.147,157.366,165.291,172.886,180.101,186.872,193.115,198.735,203.622,207.671,210.787,212.92,214.093,214.438,214.215,213.777,213.482,213.561,214.042,214.796,215.668,216.585,217.551,218.592,219.718,220.931,222.225,223.599,225.042,226.546,228.096,229.671,231.25,232.807,234.311,235.736,237.056,238.255,239.333,240.318,241.276,242.337,243.725,245.805
9180.0,83.314,93.807,103.842,113.494,122.817,131.846,140.602,149.092,157.308,165.23,172.824,180.04,186.812,193.058,198.681,203.574,207.629,210.753,212.895,214.076,214.43,214.213,213.779,213.485,213.563,214.043,214.796,215.668,216.585,217.551,218.592,219.718,220.931,222.225,223.598,225.042,226.546,228.096,229.671,231.25,232.807,234.311,235.736,237.056,238.255,239.333,240.318,241.276,242.337,243.725,245.805
9240.0,83.298,93.784,103.812,113.457,122.775,131.799,140.551,149.036,157.249,165.169,172.762,179.978,186.751,193.0,198.627,203.525,207.587,210.719,212.87,214.06,214.422,214.211,213.781,213.487,213.565,214.044,214.796,215.668,216.585,217.551,218.592,219.718,220.931,222.225,223.598,225.042,226.546,228.096,229.671,231.25,232.806,234.311,235.736,237.056,238.255,239.333,240.318,241.276,242.337,243.725,245.805
9300.0,83.283,93.761,103.782,113.421,122.733,131.752,140.499,148.981,157.191,165.109,172.701,179.916,186.691,192.942,198.573,203.477,207.545,210.685,212.844,214.044,214.414,214.209,213.782,213.49,213.567,214.045,214.796,215.668,216.585,217.551,218.592,219.718,220.93,222.225,223.598,225.042,226.546,228.096,229.671,231.25,232.806,234.311,235.736,237.056,238.255,239.333,240.318,241.276,242.337,243.725,245.805
9360.0,83.267,93.738,103.752,113.385,122.691,131.705,140.448,148.926,157.133,165.049,172.639,179.855,186.631,192.884,198.519,203.428,207.503,210.651,212.819,214.028,214.405,214.207,213.784,213.493,213.569,214.046,214.796,215.668,216.585,217.551,218.592,219.718,220.93,222.225,223.598,225.042,226.546,228.095,229.671,231.25,232.806,234.311,235.736,237.056,238.255,239.333,240.318,241.276,242.337,243.725,245.805
9420.0,83.252,93.715,103.722,113.349,122.649,131.658,140.396,148.871,157.075,164.988,172.578,179.794,186.571,192.827,198.465,203.38,207.462,210.618,212.794,214.011,214.397,214.205,213.785,213.495,213.571,214.047,214.797,215.668,216.585,217.551,218.592,219.718,220.93,222.225,223.598,225.042,226.546,228.095,229.671,231.25,232.806,234.311,235.736,237.056,238.255,239.333,240.318,241.276,242.337,243.725,245.805
9480.0,83.237,93.693,103.693,113.313,122.607,131.611,140.345,148.816,157.017,164.928,172.517,179.733,186.511,192.769,198.412,203.331,207.42,210.584,212.769,213.995,214.389,214.203,213.787,213.498,213.573,214.048,214.797,215.668,216.585,217.551,218.592,219.718,220.93,222.225,223.598,225.042,226.546,228.095,229.671,231.25,232.806,234.311,235.736,237.056,238.255,239.333,240.318,241.276,242.337,243.725,245.805
9540.0,83.221,93.67,103.663,113.277,122.566,131.565,140.294,148.761,156.959,164.868,172.456,179.672,186.451,192.712,198.358,203.283,207.378,210.55,212.744,213.979,214.38,214.2,213.788,213.501,213.575,214.048,214.797,215.667,216.584,217.551,218.592,219.718,220.93,222.225,223.598,225.042,226.546,228.095,229.671,231.25,232.806,234.311,235.736,237.056,238.255,239.333,240.318,241.276,242.337,243.725,245.805
9600.0,83.206,93.647,103.634,113.241,122.524,131.518,140.243,148.706,156.901,164.809,172.395,179.611,186.391,192.654,198.304,203.235,207.337,210.516,212.719,213.962,214.372,214.198,213.79,213.503,213.577,214.049,214.797,215.667,216.584,217.551,218.592,219.718,220.93,222.225,223.598,225.042,226.546,228.095,229.671,231.25,232.806,234.311,235.736,237.056,238.255,239.333,240.318,241.276,242.337,243.725,245.805
9660.0,83.191,93.625,103.604,113.206,122.483,131.472,140.192,148.651,156.843,164.749,172.334,179.55,186.331,192.597,198.251,203.187,207.295,210.482,212.693,213.946,214.363,214.196,213.791,213.506,213.579,214.05,214.797,215.667,216.584,217.551,218.592,219.718,220.93,222.225,223.598,225.042,226.546,228.095,229.671,231.25,232.806,234.311,235.736,237.056,238.255,239.333,240.318,241.276,242.337,243.725,245.805
9720.0,83.175,93.602,103.575,113.17,122.442,131.425,140.141,148.597,156.786,164.689,172.273,179.489,186.272,192.54,198.198,203.138,207.254,210.449,212.668,213.929,214.355,214.194,213.793,213.508,213.581,214.051,214.797,215.667,216.584,217.551,218.592,219.718,220.93,222.225,223.598,225.042,226.546,228.095,229.671,231.25,232.806,234.311,235.736,237.055,238.255,239.333,240.318,241.276,242.337,243.725,245.805
9780.0,83.16,93.579,103.545,113.135,122.4,131.379,140.09,148.542,156.729,164.63,172.213,179.428,186.212,192.483,198.144,203.09,207.212,210.415,212.643,213.913,214.346,214.191,213.794,213.511,213.583,214.052,214.797,215.667,216.584,217.551,218.591,219.718,220.93,222.225,223.598,225.042,226.546,228.095,229.671,231.25,232.806,234.311,235.736,237.055,238.255,239.333,240.318,241.276,242.337,243.725,245.805
9840.0,83.145,93.557,103.516,113.099,122.359,131.333,140.04,148.488,156.671,164.57,172.152,179.368,186.153,192.426,198.091,203.042,207.17,210.381,212.618,213.896,214.338,214.189,213.795,213.514,213.585,214.053,214.797,215.667,216.584,217.551,218.591,219.718,220.93,222.225,223.598,225.042,226.546,228.095,229.671,231.25,232.806,234.311,235.736,237.055,238.255,239.333,240.318,241.276,242.337,243.725,245.805
9900.0,83.13,93.534,103.487,113.064,122.318,131.287,139.989,148.434,156.614,164.511,172.092,179.307,186.093,192.369,198.038,202.994,207.129,210.347,212.593,213.879,214.329,214.186,213.797,213.516,213.587,214.054,214.797,215.667,216.584,217.551,218.591,219.718,220.93,222.225,223.598,225.042,226.546,228.095,229.671,231.25,232.806,234.311,235.736,237.055,238.254,239.333,240.318,241.276,242.337,243.725,245.805
9960.0,83.115,93.512,103.458,113.028,122.277,131.241,139.939,148.38,156.557,164.452,172.032,179.247,186.034,192.312,197.985,202.946,207.088,210.314,212.567,213.863,214.32,214.184,213.798,213.519,213.589,214.055,214.797,215.666,216.584,217.55,218.591,219.718,220.93,222.225,223.598,225.042,226.546,228.095,229.671,231.25,232.806,234.311,235.736,237.055,238.254,239.333,240.318,241.276,242.337,243.725,245.805
10020.0,83.1,93.49,103.429,112.993,122.237,131.195,139.889,148.326,156.5,164.393,171.972,179.187,185.975,192.255,197.932,202.898,207.046,210.28,212.542,213.846,214.312,214.182,213.799,213.521,213.591,214.056,214.798,215.666,216.583,217.55,218.591,219.718,220.93,222.225,223.598,225.042,226.546,228.095,229.671,231.25,232.806,234.311,235.736,237.055,238.254,239.333,240.318,241.276,242.337,243.725,245.805
10080.0,83.085,93.467,103.4,112.958,122.196,131.149,139.838,148.272,156.443,164.334,171.912,179.127,185.916,192.198,197.879,202.85,207.005,210.246,212.517,213.83,214.303,214.179,213.801,213.524,213.593,214.056,214.798,215.666,216.583,217.55,218.591,219.718,220.93,222.225,223.598,225.042,226.546,228.095,229.671,231.25,232.806,234.311,235.736,237.055,238.254,239.333,240.318,241.276,242.337,243.725,245.805
10140.0,83.069,93.445,103.371,112.923,122.155,131.103,139.788,148.218,156.387,164.276,171.852,179.067,185.857,192.142,197.826,202.803,206.963,210.212,212.491,213.813,214.294,214.176,213.802,213.526,213.595,214.057,214.798,215.666,216.583,217.55,218.591,219.718,220.93,222.225,223.598,225.042,226.546,228.095,229.671,231.25,232.806,234.311,235.735,237.055,238.254,239.333,240.318,241.276,242.337,243.725,245.805
10200.0,83.054,93.423,103.342,112.888,122.115,131.058,139.738,148.164,156.33,164.217,171.792,179.007,185.798,192.085,197.773,202.755,206.922,210.179,212.466,213.796,214.285,214.174,213.803,213.529,213.597,214.058,214.798,215.666,216.583,217.55,218.591,219.718,220.93,222.225,223.598,225.042,226.546,228.095,229.671,231.25,232.806,234.311,235.735,237.055,238.254,239.333,240.318,241.276,242.337,243.725,245.805
10260.0,83.039,93.401,103.313,112.853,122.074,131.012,139.689,148.111,156.274,164.158,171.732,178.947,185.74,192.029,197.72,202.707,206.881,210.145,212.441,213.78,214.277,214.171,213.804,213.531,213.599,214.059,214.798,215.666,216.583,217.55,218.591,219.718,220.93,222.225,223.598,225.042,226.546,228.095,229.671,231.25,232.806,234.311,235.735,237.055,238.254,239.333,240.318,241.276,242.337,243.725,245.805
10320.0,83.025,93.379,103.284,112.818,122.034,130.967,139.639,148.058,156.217,164.1,171.673,178.888,185.681,191.973,197.668,202.66,206.839,210.111,212.415,213.763,214.268,214.169,213.805,213.534,213.601,214.06,214.798,215.666,216.583,217.55,218.591,219.717,220.93,222.225,223.598,225.042,226.546,228.095,229.671,231.25,232.806,234.311,235.735,237.055,238.254,239.333,240.318,241.276,242.337,243.725,245.805
10380.0,83.01,93.357,103.256,112.783,121.993,130.922,139.589,148.004,156.161,164.042,171.613,178.828,185.622,191.916,197.615,202.612,206.798,210.077,212.39,213.746,214.259,214.166,213.806,213.536,213.603,214.061,214.798,215.665,216.583,217.55,218.591,219.717,220.93,222.225,223.598,225.042,226.546,228.095,229.671,231.25,232.806,234.311,235.735,237.055,238.254,239.333,240.318,241.276,242.337,243.725,245.805
10440.0,82.995,93.335,103.227,112.749,121.953,130.876,139.54,147.951,156.105,163.984,171.554,178.769,185.564,191.86,197.563,202.564,206.757,210.044,212.365,213.729,214.25,214.163,213.808,213.539,213.605,214.062,214.798,215.665,216.583,217.55,218.591,219.717,220.93,222.224,223.598,225.042,226.546,228.095,229.671,231.25,232.806,234.311,235.735,237.055,238.254,239.333,240.318,241.276,242.337,243.725,245.805
10500.0,82.98,93.313,103.199,112.714,121.913,130.831,139.49,147.898,156.049,163.925,171.495,178.709,185.506,191.804,197.51,202.517,206.716,210.01,212.339,213.712,214.241,214.16,213.809,213.541,213.607,214.063,214.799,215.665,216.583,217.55,218.591,219.717,220.93,222.224,223.598,225.041,226.545,228.095,229.67,231.25,232.806,234.311,235.735,237.055,238.254,239.333,240.318,241.276,242.337,243.725,245.805
10560.0,82.965,93.291,103.17,112.68,121.873,130.786,139.441,147.845,155.993,163.868,171.436,178.65,185.447,191.748,197.458,202.469,206.675,209.976,212.314,213.695,214.232,214.158,213.81,213.543,213.609,214.064,214.799,215.665,216.582,217.55,218.591,219.717,220.929,222.224,223.597,225.041,226.545,228.095,229.67,231.25,232.806,234.311,235.735,237.055,238.254,239.333,240.318,241.276,242.337,243.725,245.805
10620.0,82.95,93.269,103.142,112.645,121.833,130.742,139.392,147.792,155.937,163.81,171.377,178.591,185.389,191.692,197.405,202.422,206.634,209.943,212.289,213.679,214.223,214.155,213.811,213.546,213.611,214.065,214.799,215.665,216.582,217.55,218.591,219.717,220.929,222.224,223.597,225.041,226.545,228.095,229.67,231.25,232.806,234.311,235.735,237.055,238.254,239.333,240.318,241.276,242.337,243.725,245.805
10680.0,82.935,93.247,103.113,112.611,121.793,130.697,139.343,147.739,155.882,163.752,171.318,178.532,185.331,191.637,197.353,202.375,206.592,209.909,212.263,213.662,214.214,214.152,213.812,213.548,213.613,214.066,214.799,215.665,216.582,217.55,218.591,219.717,220.929,222.224,223.597,225.041,226.545,228.095,229.67,231.25,232.806,234.311,235.735,237.055,238.254,239.333,240.318,241.276,242.337,243.725,245.805
10740.0,82.921,93.225,103.085,112.577,121.753,130.652,139.294,147.687,155.826,163.694,171.259,178.473,185.273,191.581,197.301,202.327,206.551,209.875,212.238,213.645,214.205,214.149,213.813,213.551,213.615,214.067,214.799,215.665,216.582,217.55,218.591,219.717,220.929,222.224,223.597,225.041,226.545,228.095,229.67,231.25,232.806,234.311,235.735,237.055,238.254,239.333,240.318,241.276,242.337,243.725,245.805
10800.0,82.906,93.203,103.057,112.542,121.714,130.607,139.245,147.634,155.771,163.637,171.2,178.414,185.215,191.525,197.249,202.28,206.51,209.842,212.212,213.628,214.195,214.146,213.814,213.553,213.617,214.067,214.799,215.664,216.582,217.549,218.591,219.717,220.929,222.224,223.597,225.041,226.545,228.095,229.67,231.25,232.806,234.311,235.735,237.055,238.254,239.333,240.318,241.276,242.337,243.725,245.805
10860.0,82.891,93.182,103.029,112.508,121.674,130.563,139.196,147.582,155.716,163.579,171.142,178.355,185.158,191.47,197.197,202.233,206.469,209.808,212.187,213.611,214.186,214.143,213.815,213.555,213.619,214.068,214.799,215.664,216.582,217.549,218.591,219.717,220.929,222.224,223.597,225.041,226.545,228.095,229.67,231.249,232.806,234.311,235.735,237.055,238.254,239.333,240.318,241.276,242.337,243.725,245.805
10920.0,82.877,93.16,103.0,112.474,121.635,130.519,139.147,147.53,155.66,163.522,171.083,178.297,185.1,191.414,197.145,202.186,206.428,209.775,212.162,213.594,214.177,214.14,213.816,213.558,213.621,214.069,214.8,215.664,216.582,217.549,218.591,219.717,220.929,222.224,223.597,225.041,226.545,228.095,229.67,231.249,232.806,234.31,235.735,237.055,238.254,239.333,240.318,241.276,242.337,243.725,245.805
10980.0,82.862,93.138,102.972,112.44,121.595,130.474,139.099,147.477,155.605,163.465,171.025,178.238,185.042,191.359,197.093,202.139,206.387,209.741,212.136,213.577,214.168,214.137,213.816,213.56,213.623,214.07,214.8,215.664,216.582,217.549,218.59,219.717,220.929,222.224,223.597,225.041,226.545,228.094,229.67,231.249,232.806,234.31,235.735,237.055,238.254,239.333,240.318,241.276,242.337,243.725,245.805
11040.0,82.847,93.117,102.944,112.406,121.556,130.43,139.05,147.425,155.55,163.408,170.967,178.18,184.985,191.303,197.041,202.092,206.347,209.707,212.111,213.56,214.159,214.134,213.817,213.562,213.625,214.071,214.8,215.664,216.581,217.549,218.59,219.717,220.929,222.224,223.597,225.041,226.545,228.094,229.67,231.249,232.806,234.31,235.735,237.055,238.254,239.333,240.318,241.276,242.337,243.725,245.805
11100.0,82.833,93.095,102.916,112.372,121.517,130.386,139.002,147.373,155.496,163.351,170.909,178.122,184.928,191.248,196.989,202.045,206.306,209.674,212.085,213.543,214.149,214.131,213.818,213.564,213.627,214.072,214.8,215.664,216.581,217.549,218.59,219.717,220.929,222.224,223.597,225.041,226.545,228.094,229.67,231.249,232.806,234.31,235.735,237.055,238.254,239.333,240.318,241.276,242.337,243.725,245.805
11160.0,82.818,93.074,102.889,112.338,121.477,130.342,138.954,147.321,155.441,163.294,170.851,178.063,184.87,191.193,196.937,201.998,206.265,209.64,212.06,213.525,214.14,214.128,213.819,213.567,213.629,214.073,214.8,215.664,216.581,217.549,218.59,219.717,220.929,222.224,223.597,225.041,226.545,228.094,229.67,231.249,232.806,234.31,235.735,237.055,238.254,239.333,240.318,241.276,242.337,243.725,245.805
11220.0,82.804,93.053,102.861,112.305,121.438,130.298,138.906,147.27,155.386,163.237,170.793,178.005,184.813,191.138,196.886,201.951,206.224,209.607,212.034,213.508,214.131,214.125,213.82,213.569,213.631,214.074,214.8,215.664,216.581,217.549,218.59,219.717,220.929,222.224,223.597,225.041,226.545,228.094,229.67,231.249,232.806,234.31,235.735,237.055,238.254,239.333,240.318,241.276,242.337,243.725,245.805
11280.0,82.789,93.031,102.833,112.271,121.399,130.254,138.858,147.218,155.332,163.181,170.735,177.947,184.756,191.083,196.834,201.904,206.183,209.573,212.009,213.491,214.121,214.122,213.82,213.571,213.633,214.075,214.8,215.663,216.581,217.549,218.59,219.717,220.929,222.224,223.597,225.041,226.545,228.094,229.67,231.249,232.806,234.31,235.735,237.055,238.254,239.333,240.318,241.276,242.337,243.725,245.805
11340.0,82.775,93.01,102.805,112.238,121.36,130.21,138.81,147.167,155.277,163.124,170.677,177.889,184.699,191.028,196.783,201.857,206.142,209.54,211.983,213.474,214.112,214.119,213.821,213.574,213.634,214.076,214.801,215.663,216.581,217.549,218.59,219.717,220.929,222.224,223.597,225.041,226.545,228.094,229.67,231.249,232.806,234.31,235.735,237.055,238.254,239.333,240.318,241.276,242.337,243.725,245.805
11400.0,82.76,92.989,102.778,112.204,121.322,130.167,138.762,147.115,155.223,163.068,170.62,177.832,184.642,190.973,196.731,201.81,206.102,209.506,211.958,213.457,214.102,214.115,213.822,213.576,213.636,214.077,214.801,215.663,216.581,217.549,218.59,219.717,220.929,222.224,223.597,225.041,226.545,228.094,229.67,231.249,232.806,234.31,235.735,237.055,238.254,239.333,240.318,241.276,242.337,243.725,245.805
11460.0,82.746,92.967,102.75,112.171,121.283,130.123,138.714,147.064,155.169,163.012,170.562,177.774,184.585,190.918,196.68,201.764,206.061,209.473,211.932,213.44,214.093,214.112,213.823,213.578,213.638,214.078,214.801,215.663,216.581,217.549,218.59,219.717,220.929,222.224,223.597,225.041,226.545,228.094,229.67,231.249,232.805,234.31,235.735,237.055,238.254,239.333,240.318,241.276,242.337,243.725,245.805
11520.0,82.731,92.946,102.723,112.137,121.244,130.08,138.666,147.012,155.115,162.956,170.505,177.716,184.529,190.864,196.628,201.717,206.02,209.439,211.907,213.422,214.083,214.109,213.823,213.58,213.64,214.079,214.801,215.663,216.58,217.549,218.59,219.717,220.929,222.224,223.597,225.041,226.545,228.094,229.67,231.249,232.805,234.31,235.735,237.055,238.254,239.333,240.318,241.276,242.337,243.725,245.805
11580.0,82.717,92.925,102.695,112.104,121.206,130.036,138.619,146.961,155.061,162.899,170.447,177.659,184.472,190.809,196.577,201.671,205.98,209.406,211.881,213.405,214.074,214.105,213.824,213.582,213.642,214.08,214.801,215.663,216.58,217.549,218.59,219.716,220.929,222.224,223.597,225.041,226.545,228.094,229.67,231.249,232.805,234.31,235.735,237.055,238.254,239.333,240.318,241.276,242.337,243.725,245.805
11640.0,82.703,92.904,102.668,112.071,121.167,129.993,138.571,146.91,155.007,162.844,170.39,177.601,184.415,190.755,196.526,201.624,205.939,209.372,211.856,213.388,214.064,214.102,213.825,213.585,213.644,214.08,214.801,215.663,216.58,217.549,218.59,219.716,220.929,222.224,223.597,225.041,226.545,228.094,229.67,231.249,232.805,234.31,235.735,237.055,238.254,239.333,240.318,241.276,242.337,243.725,245.805
11700.0,82.688,92.883,102.64,112.038,121.129,129.95,138.524,146.859,154.953,162.788,170.333,177.544,184.359,190.7,196.475,201.577,205.899,209.339,211.83,213.37,214.054,214.099,213.825,213.587,213.646,214.081,214.802,215.663,216.58,217.548,218.59,219.716,220.929,222.223,223.597,225.041,226.545,228.094,229.67,231.249,232.805,234.31,235.735,237.055,238.254,239.333,240.318,241.276,242.338,243.725,245.805
11760.0,82.674,92.862,102.613,112.005,121.09,129.907,138.477,146.809,154.899,162.732,170.276,177.487,184.303,190.646,196.424,201.531,205.858,209.305,211.805,213.353,214.045,214.095,213.826,213.589,213.648,214.082,214.802,215.662,216.58,217.548,218.59,219.716,220.929,222.223,223.597,225.041,226.545,228.094,229.67,231.249,232.805,234.31,235.735,237.055,238.254,239.333,240.318,241.276,242.338,243.725,245.805
11820.0,82.66,92.841,102.586,111.972,121.052,129.864,138.429,146.758,154.846,162.676,170.219,177.43,184.246,190.592,196.373,201.485,205.818,209.272,211.779,213.336,214.035,214.092,213.826,213.591,213.65,214.083,214.802,215.662,216.58,217.548,218.59,219.716,220.928,222.223,223.597,225.041,226.545,228.094,229.67,231.249,232.805,234.31,235.735,237.055,238.254,239.333,240.318,241.276,242.338,243.725,245.805
11880.0,82.646,92.82,102.559,111.939,121.014,129.821,138.382,146.707,154.792,162.621,170.163,177.373,184.19,190.538,196.322,201.438,205.777,209.238,211.754,213.318,214.025,214.088,213.827,213.593,213.652,214.084,214.802,215.662,216.58,217.548,218.59,219.716,220.928,222.223,223.596,225.041,226.545,228.094,229.67,231.249,232.805,234.31,235.735,237.055,238.254,239.333,240.318,241.276,242.338,243.725,245.805
11940.0,82.632,92.799,102.532,111.906,120.976,129.778,138.335,146.657,154.739,162.565,170.106,177.316,184.134,190.483,196.271,201.392,205.737,209.205,211.728,213.301,214.016,214.085,213.827,213.595,213.654,214.085,214.802,215.662,216.58,217.548,218.59,219.716,220.928,222.223,223.596,225.04,226.545,228.094,229.67,231.249,232.805,234.31,235.735,237.055,238.254,239.333,240.317,241.276,242.338,243.725,245.805
12000.0,82.617,92.778,102.504,111.873,120.938,129.735,138.289,146.606,154.686,162.51,170.049,177.259,184.078,190.429,196.22,201.346,205.696,209.171,211.703,213.284,214.006,214.081,213.828,213.597,213.656,214.086,214.802,215.662,216.579,217.548,218.59,219.716,220.928,222.223,223.596,225.04,226.544,228.094,229.67,231.249,232.805,234.31,235.735,237.055,238.254,239.333,240.317,241.276,242.338,243.725,245.805
12060.0,82.603,92.757,102.477,111.84,120.9,129.693,138.242,146.556,154.632,162.455,169.993,177.202,184.022,190.375,196.169,201.299,205.656,209.138,211.677,213.266,213.996,214.078,213.828,213.599,213.657,214.087,214.803,215.662,216.579,217.548,218.59,219.716,220.928,222.223,223.596,225.04,226.544,228.094,229.67,231.249,232.805,234.31,235.735,237.055,238.254,239.333,240.317,241.276,242.338,243.725,245.805
12120.0,82.589,92.736,102.45,111.808,120.862,129.65,138.195,146.506,154.579,162.4,169.937,177.146,183.966,190.322,196.119,201.253,205.615,209.105,211.651,213.249,213.986,214.074,213.829,213.601,213.659,214.088,214.803,215.662,216.579,217.548,218.589,219.716,220.928,222.223,223.596,225.04,226.544,228.094,229.67,231.249,232.805,234.31,235.735,237.055,238.254,239.333,240.317,241.276,242.338,243.725,245.805
12180.0,82.575,92.716,102.424,111.775,120.824,129.608,138.148,146.456,154.527,162.345,169.88,177.089,183.911,190.268,196.068,201.207,205.575,209.071,211.626,213.231,213.976,214.07,213.829,213.604,213.661,214.089,214.803,215.662,216.579,217.548,218.589,219.716,220.928,222.223,223.596,225.04,226.544,228.094,229.67,231.249,232.805,234.31,235.735,237.055,238.254,239.333,240.317,241.276,242.338,243.725,245.805
12240.0,82.561,92.695,102.397,111.743,120.786,129.565,138.102,146.406,154.474,162.29,169.824,177.033,183.855,190.214,196.018,201.161,205.535,209.038,211.6,213.214,213.966,214.067,213.829,213.606,213.663,214.09,214.803,215.661,216.579,217.548,218.589,219.716,220.928,222.223,223.596,225.04,226.544,228.094,229.67,231.249,232.805,234.31,235.735,237.055,238.254,239.333,240.317,241.276,242.338,243.725,245.805
12300.0,82.547,92.674,102.37,111.71,120.749,129.523,138.056,146.356,154.421,162.235,169.768,176.977,183.799,190.16,195.967,201.115,205.495,209.004,211.575,213.196,213.957,214.063,213.83,213.608,213.665,214.091,214.803,215.661,216.579,217.548,218.589,219.716,220.928,222.223,223.596,225.04,226.544,228.094,229.669,231.249,232.805,234.31,235.735,237.055,238.254,239.333,240.317,241.276,242.338,243.725,245.805
12360.0,82.533,92.654,102.343,111.678,120.711,129.481,138.009,146.306,154.368,162.18,169.712,176.92,183.744,190.107,195.917,201.069,205.454,208.971,211.549,213.179,213.947,214.059,213.83,213.61,213.667,214.092,214.804,215.661,216.579,217.548,218.589,219.716,220.928,222.223,223.596,225.04,226.544,228.094,229.669,231.249,232.805,234.31,235.735,237.055,238.254,239.333,240.317,241.276,242.338,243.725,245.805
12420.0,82.519,92.633,102.317,111.645,120.674,129.439,137.963,146.256,154.316,162.126,169.657,176.864,183.689,190.053,195.866,201.023,205.414,208.938,211.523,213.161,213.937,214.055,213.83,213.612,213.669,214.093,214.804,215.661,216.579,217.548,218.589,219.716,220.928,222.223,223.596,225.04,226.544,228.094,229.669,231.249,232.805,234.31,235.735,237.055,238.254,239.333,240.317,241.276,242.338,243.725,245.805
12480.0,82.505,92.613,102.29,111.613,120.636,129.397,137.917,146.207,154.263,162.071,169.601,176.808,183.633,190.0,195.816,200.977,205.374,208.904,211.498,213.143,213.927,214.052,213.831,213.614,213.671,214.094,214.804,215.661,216.579,217.548,218.589,219.716,220.928,222.223,223.596,225.04,226.544,228.094,229.669,231.249,232.805,234.31,235.735,237.055,238.254,239.333,240.317,241.276,242.338,243.725,245.805
12540.0,82.491,92.592,102.263,111.581,120.599,129.355,137.871,146.157,154.211,162.017,169.545,176.752,183.578,189.947,195.766,200.932,205.334,208.871,211.472,213.126,213.917,214.048,213.831,213.616,213.672,214.095,214.804,215.661,216.578,217.547,218.589,219.716,220.928,222.223,223.596,225.04,226.544,228.094,229.669,231.249,232.805,234.31,235.735,237.055,238.254,239.333,240.317,241.276,242.338,243.725,245.805
12600.0,82.477,92.572,102.237,111.549,120.562,129.313,137.825,146.108,154.159,161.962,169.49,176.696,183.523,189.893,195.716,200.886,205.294,208.838,211.446,213.108,213.906,214.044,213.831,213.618,213.674,214.096,214.804,215.661,216.578,217.547,218.589,219.716,220.928,222.223,223.596,225.04,226.544,228.094,229.669,231.249,232.805,234.31,235.735,237.055,238.254,239.333,240.317,241.276,242.338,243.725,245.805
12660.0,82.463,92.551,102.21,111.517,120.525,129.271,137.779,146.059,154.107,161.908,169.434,176.641,183.468,189.84,195.666,200.84,205.254,208.805,211.421,213.091,213.896,214.04,213.831,213.619,213.676,214.097,214.805,215.661,216.578,217.547,218.589,219.716,220.928,222.223,223.596,225.04,226.544,228.093,229.669,231.249,232.805,234.31,235.735,237.055,238.254,239.333,240.317,241.276,242.338,243.725,245.805
12720.0,82.449,92.531,102.184,111.485,120.488,129.23,137.733,146.009,154.055,161.854,169.379,176.585,183.413,189.787,195.616,200.794,205.214,208.771,211.395,213.073,213.886,214.036,213.831,213.621,213.678,214.098,214.805,215.661,216.578,217.547,218.589,219.716,220.928,222.223,223.596,225.04,226.544,228.093,229.669,231.249,232.805,234.31,235.735,237.055,238.254,239.333,240.317,241.276,242.338,243.725,245.805
12780.0,82.436,92.511,102.158,111.453,120.451,129.188,137.688,145.96,154.003,161.8,169.324,176.529,183.358,189.734,195.566,200.749,205.174,208.738,211.37,213.055,213.876,214.032,213.832,213.623,213.68,214.099,214.805,215.66,216.578,217.547,218.589,219.715,220.928,222.223,223.596,225.04,226.544,228.093,229.669,231.249,232.805,234.31,235.735,237.055,238.254,239.333,240.317,241.276,242.338,243.725,245.805
12840.0,82.422,92.49,102.131,111.421,120.414,129.146,137.642,145.911,153.951,161.746,169.268,176.474,183.303,189.681,195.516,200.703,205.134,208.705,211.344,213.037,213.866,214.028,213.832,213.625,213.682,214.1,214.805,215.66,216.578,217.547,218.589,219.715,220.928,222.223,223.596,225.04,226.544,228.093,229.669,231.248,232.805,234.31,235.735,237.055,238.254,239.333,240.317,241.276,242.338,243.725,245.805
12900.0,82.408,92.47,102.105,111.389,120.377,129.105,137.597,145.862,153.899,161.693,169.213,176.419,183.249,189.628,195.466,200.658,205.094,208.672,211.318,213.02,213.856,214.024,213.832,213.627,213.683,214.101,214.805,215.66,216.578,217.547,218.589,219.715,220.928,222.223,223.596,225.04,226.544,228.093,229.669,231.248,232.805,234.31,235.735,237.055,238.254,239.333,240.317,241.276,242.338,243.725,245.805
12960.0,82.394,92.45,102.079,111.358,120.34,129.064,137.551,145.813,153.848,161.639,169.159,176.363,183.194,189.576,195.416,200.612,205.054,208.638,211.293,213.002,213.845,214.02,213.832,213.629,213.685,214.102,214.806,215.66,216.578,217.547,218.589,219.715,220.928,222.223,223.596,225.04,226.544,228.093,229.669,231.248,232.805,234.31,235.735,237.055,238.254,239.333,240.317,241.276,242.338,243.725,245.805
13020.0,82.381,92.43,102.053,111.326,120.303,129.022,137.506,145.765,153.796,161.585,169.104,176.308,183.14,189.523,195.367,200.567,205.014,208.605,211.267,212.984,213.835,214.016,213.832,213.631,213.687,214.102,214.806,215.66,216.577,217.547,218.589,219.715,220.927,222.222,223.596,225.04,226.544,228.093,229.669,231.248,232.805,234.31,235.735,237.055,238.254,239.333,240.317,241.276,242.338,243.725,245.805
13080.0,82.367,92.41,102.027,111.294,120.267,128.981,137.461,145.716,153.745,161.532,169.049,176.253,183.085,189.47,195.317,200.521,204.974,208.572,211.241,212.966,213.825,214.012,213.832,213.633,213.689,214.103,214.806,215.66,216.577,217.547,218.589,219.715,220.927,222.222,223.596,225.04,226.544,228.093,229.669,231.248,232.805,234.31,235.735,237.055,238.254,239.333,240.317,241.276,242.338,243.725,245.805
13140.0,82.353,92.39,102.001,111.263,120.23,128.94,137.416,145.668,153.693,161.478,168.994,176.198,183.031,189.418,195.267,200.476,204.934,208.539,211.216,212.949,213.814,214.008,213.832,213.635,213.691,214.104,214.806,215.66,216.577,217.547,218.589,219.715,220.927,222.222,223.596,225.04,226.544,228.093,229.669,231.248,232.805,234.31,235.735,237.055,238.254,239.333,240.317,241.276,242.338,243.725,245.805
13200.0,82.34,92.37,101.975,111.231,120.194,128.899,137.371,145.619,153.642,161.425,168.94,176.143,182.977,189.365,195.218,200.431,204.894,208.506,211.19,212.931,213.804,214.004,213.832,213.636,213.693,214.105,214.806,215.66,216.577,217.547,218.589,219.715,220.927,222.222,223.596,225.04,226.544,228.093,229.669,231.248,232.805,234.31,235.735,237.055,238.254,239.333,240.317,241.276,242.338,243.725,245.805
13260.0,82.326,92.35,101.949,111.2,120.157,128.858,137.326,145.571,153.591,161.372,168.885,176.088,182.923,189.313,195.168,200.386,204.855,208.472,211.164,212.913,213.794,213.999,213.832,213.638,213.694,214.106,214.807,215.66,216.577,217.547,218.589,219.715,220.927,222.222,223.595,225.04,226.544,228.093,229.669,231.248,232.805,234.31,235.734,237.055,238.254,239.333,240.317,241.276,242.338,243.725,245.805
13320.0,82.312,92.33,101.923,111.169,120.121,128.817,137.281,145.523,153.54,161.319,168.831,176.034,182.868,189.26,195.119,200.34,204.815,208.439,211.138,212.895,213.783,213.995,213.832,213.64,213.696,214.107,214.807,215.66,216.577,217.547,218.588,219.715,220.927,222.222,223.595,225.04,226.544,228.093,229.669,231.248,232.805,234.31,235.734,237.055,238.254,239.333,240.317,241.276,242.338,243.725,245.805
13380.0,82.299,92.31,101.897,111.137,120.085,128.777,137.236,145.474,153.489,161.266,168.777,175.979,182.814,189.208,195.07,200.295,204.775,208.406,211.113,212.877,213.773,213.991,213.832,213.642,213.698,214.108,214.807,215.659,216.577,217.546,218.588,219.715,220.927,222.222,223.595,225.039,226.544,228.093,229.669,231.248,232.805,234.31,235.734,237.055,238.254,239.333,240.317,241.276,242.338,243.725,245.805
13440.0,82.285,92.29,101.871,111.106,120.049,128.736,137.192,145.426,153.438,161.213,168.723,175.924,182.761,189.156,195.02,200.25,204.735,208.373,211.087,212.859,213.762,213.987,213.832,213.644,213.7,214.109,214.807,215.659,216.577,217.546,218.588,219.715,220.927,222.222,223.595,225.039,226.544,228.093,229.669,231.248,232.805,234.31,235.734,237.055,238.254,239.333,240.317,241.276,242.338,243.725,245.805
13500.0,82.272,92.27,101.846,111.075,120.013,128.695,137.147,145.378,153.388,161.16,168.668,175.87,182.707,189.104,194.971,200.205,204.696,208.34,211.061,212.841,213.752,213.982,213.832,213.645,213.702,214.11,214.808,215.659,216.576,217.546,218.588,219.715,220.927,222.222,223.595,225.039,226.544,228.093,229.669,231.248,232.805,234.309,235.734,237.055,238.254,239.333,240.317,241.276,242.338,243.725,245.805
13560.0,82.258,92.25,101.82,111.044,119.977,128.655,137.103,145.331,153.337,161.107,168.615,175.816,182.653,189.052,194.922,200.16,204.656,208.307,211.036,212.823,213.741,213.978,213.832,213.647,213.703,214.111,214.808,215.659,216.576,217.546,218.588,219.715,220.927,222.222,223.595,225.039,226.543,228.093,229.669,231.248,232.805,234.309,235.734,237.054,238.254,239.333,240.317,241.276,242.338,243.725,245.805
13620.0,82.245,92.23,101.794,111.013,119.941,128.614,137.058,145.283,153.286,161.055,168.561,175.761,182.599,189.0,194.873,200.115,204.617,208.274,211.01,212.805,213.731,213.974,213.831,213.649,213.705,214.112,214.808,215.659,216.576,217.546,218.588,219.715,220.927,222.222,223.595,225.039,226.543,228.093,229.669,231.248,232.805,234.309,235.734,237.054,238.254,239.333,240.317,241.276,242.338,243.725,245.805
13680.0,82.231,92.211,101.769,110.982,119.905,128.574,137.014,145.235,153.236,161.002,168.507,175.707,182.546,188.948,194.824,200.07,204.577,208.241,210.984,212.787,213.72,213.969,213.831,213.651,213.707,214.113,214.808,215.659,216.576,217.546,218.588,219.715,220.927,222.222,223.595,225.039,226.543,228.093,229.669,231.248,232.804,234.309,235.734,237.054,238.254,239.332,240.317,241.276,242.338,243.725,245.805
13740.0,82.218,92.191,101.743,110.951,119.869,128.534,136.97,145.187,153.186,160.95,168.453,175.653,182.492,188.896,194.775,200.025,204.537,208.208,210.958,212.769,213.71,213.965,213.831,213.652,213.709,214.114,214.808,215.659,216.576,217.546,218.588,219.715,220.927,222.222,223.595,225.039,226.543,228.093,229.669,231.248,232.804,234.309,235.734,237.054,238.254,239.332,240.317,241.276,242.338,243.725,245.805
13800.0,82.204,92.171,101.718,110.92,119.833,128.494,136.926,145.14,153.135,160.898,168.4,175.599,182.439,188.844,194.726,199.981,204.498,208.174,210.933,212.751,213.699,213.96,213.831,213.654,213.71,214.115,214.809,215.659,216.576,217.546,218.588,219.715,220.927,222.222,223.595,225.039,226.543,228.093,229.669,231.248,232.804,234.309,235.734,237.054,238.254,239.332,240.317,241.276,242.338,243.725,245.805
13860.0,82.191,92.152,101.693,110.89,119.797,128.454,136.882,145.093,153.085,160.845,168.346,175.545,182.386,188.793,194.677,199.936,204.459,208.141,210.907,212.733,213.688,213.956,213.83,213.656,213.712,214.116,214.809,215.659,216.576,217.546,218.588,219.715,220.927,222.222,223.595,225.039,226.543,228.093,229.669,231.248,232.804,234.309,235.734,237.054,238.254,239.332,240.317,241.276,242.338,243.725,245.805
13920.0,82.178,92.132,101.667,110.859,119.762,128.414,136.838,145.045,153.035,160.793,168.293,175.491,182.332,188.741,194.629,199.891,204.419,208.108,210.881,212.715,213.678,213.951,213.83,213.657,213.714,214.117,214.809,215.659,216.576,217.546,218.588,219.715,220.927,222.222,223.595,225.039,226.543,228.093,229.669,231.248,232.804,234.309,235.734,237.054,238.254,239.332,240.317,241.276,242.338,243.725,245.805
13980.0,82.164,92.113,101.642,110.828,119.726,128.374,136.794,144.998,152.985,160.741,168.239,175.438,182.279,188.69,194.58,199.846,204.38,208.075,210.856,212.697,213.667,213.947,213.83,213.659,213.716,214.118,214.809,215.658,216.576,217.546,218.588,219.715,220.927,222.222,223.595,225.039,226.543,228.093,229.669,231.248,232.804,234.309,235.734,237.054,238.254,239.332,240.317,241.276,242.338,243.725,245.805
14040.0,82.151,92.093,101.617,110.798,119.691,128.334,136.75,144.951,152.935,160.689,168.186,175.384,182.226,188.638,194.531,199.802,204.34,208.042,210.83,212.679,213.656,213.942,213.829,213.661,213.718,214.119,214.81,215.658,216.575,217.546,218.588,219.714,220.927,222.222,223.595,225.039,226.543,228.093,229.669,231.248,232.804,234.309,235.734,237.054,238.254,239.332,240.317,241.276,242.338,243.725,245.805
14100.0,82.138,92.074,101.591,110.767,119.656,128.294,136.706,144.904,152.885,160.637,168.133,175.331,182.173,188.587,194.483,199.757,204.301,208.009,210.804,212.661,213.645,213.938,213.829,213.662,213.719,214.12,214.81,215.658,216.575,217.546,218.588,219.714,220.927,222.222,223.595,225.039,226.543,228.093,229.668,231.248,232.804,234.309,235.734,237.054,238.254,239.332,240.317,241.276,242.338,243.725,245.805
14160.0,82.125,92.054,101.566,110.737,119.62,128.254,136.663,144.857,152.836,160.586,168.08,175.277,182.12,188.536,194.434,199.713,204.262,207.976,210.778,212.643,213.635,213.933,213.829,213.664,213.721,214.121,214.81,215.658,216.575,217.546,218.588,219.714,220.927,222.222,223.595,225.039,226.543,228.093,229.668,231.248,232.804,234.309,235.734,237.054,238.254,239.332,240.317,241.276,242.338,243.725,245.805
14220.0,82.111,92.035,101.541,110.706,119.585,128.215,136.619,144.81,152.786,160.534,168.027,175.224,182.067,188.484,194.386,199.668,204.222,207.944,210.753,212.625,213.624,213.928,213.828,213.665,213.723,214.122,214.81,215.658,216.575,217.545,218.588,219.714,220.927,222.222,223.595,225.039,226.543,228.093,229.668,231.248,232.804,234.309,235.734,237.054,238.254,239.332,240.317,241.276,242.338,243.725,245.805
14280.0,82.098,92.016,101.516,110.676,119.55,128.175,136.576,144.763,152.737,160.482,167.974,175.17,182.015,188.433,194.337,199.624,204.183,207.911,210.727,212.607,213.613,213.924,213.828,213.667,213.724,214.123,214.811,215.658,216.575,217.545,218.588,219.714,220.926,222.221,223.595,225.039,226.543,228.092,229.668,231.248,232.804,234.309,235.734,237.054,238.254,239.332,240.317,241.276,242.338,243.725,245.805
14340.0,82.085,91.996,101.491,110.646,119.515,128.136,136.532,144.717,152.687,160.431,167.921,175.117,181.962,188.382,194.289,199.579,204.144,207.878,210.701,212.588,213.602,213.919,213.827,213.668,213.726,214.124,214.811,215.658,216.575,217.545,218.588,219.714,220.926,222.221,223.595,225.039,226.543,228.092,229.668,231.248,232.804,234.309,235.734,237.054,238.254,239.332,240.317,241.276,242.338,243.725,245.805
14400.0,82.072,91.977,101.466,110.616,119.48,128.096,136.489,144.67,152.638,160.38,167.869,175.064,181.909,188.331,194.241,199.535,204.105,207.845,210.675,212.57,213.591,213.914,213.827,213.67,213.728,214.125,214.811,215.658,216.575,217.545,218.588,219.714,220.926,222.221,223.595,225.039,226.543,228.092,229.668,231.248,232.804,234.309,235.734,237.054,238.254,239.332,240.317,241.276,242.338,243.725,245.805
14460.0,82.059,91.958,101.441,110.586,119.445,128.057,136.446,144.623,152.589,160.328,167.816,175.011,181.857,188.28,194.192,199.491,204.066,207.812,210.65,212.552,213.58,213.909,213.826,213.672,213.73,214.126,214.811,215.658,216.575,217.545,218.588,219.714,220.926,222.221,223.595,225.039,226.543,228.092,229.668,231.248,232.804,234.309,235.734,237.054,238.254,239.332,240.317,241.276,242.338,243.725,245.805
14520.0,82.046,91.939,101.416,110.555,119.41,128.018,136.403,144.577,152.54,160.277,167.764,174.958,181.804,188.229,194.144,199.446,204.026,207.779,210.624,212.534,213.569,213.905,213.826,213.673,213.731,214.127,214.812,215.658,216.575,217.545,218.587,219.714,220.926,222.221,223.595,225.039,226.543,228.092,229.668,231.248,232.804,234.309,235.734,237.054,238.254,239.332,240.317,241.276,242.338,243.725,245.805
14580.0,82.032,91.919,101.392,110.525,119.375,127.979,136.36,144.531,152.49,160.226,167.711,174.905,181.752,188.179,194.096,199.402,203.987,207.746,210.598,212.516,213.558,213.9,213.825,213.675,213.733,214.128,214.812,215.658,216.574,217.545,218.587,219.714,220.926,222.221,223.595,225.039,226.543,228.092,229.668,231.248,232.804,234.309,235.734,237.054,238.254,239.332,240.317,241.276,242.338,243.725,245.805
14640.0,82.019,91.9,101.367,110.495,119.34,127.939,136.317,144.485,152.442,160.175,167.659,174.853,181.7,188.128,194.048,199.358,203.948,207.713,210.572,212.497,213.547,213.895,213.825,213.676,213.735,214.129,214.812,215.658,216.574,217.545,218.587,219.714,220.926,222.221,223.594,225.039,226.543,228.092,229.668,231.248,232.804,234.309,235.734,237.054,238.254,239.332,240.317,241.276,242.338,243.725,245.805
14700.0,82.006,91.881,101.342,110.466,119.306,127.9,136.274,144.438,152.393,160.124,167.607,174.8,181.648,188.077,194.0,199.314,203.909,207.68,210.546,212.479,213.536,213.89,213.824,213.678,213.736,214.13,214.812,215.657,216.574,217.545,218.587,219.714,220.926,222.221,223.594,225.039,226.543,228.092,229.668,231.248,232.804,234.309,235.734,237.054,238.254,239.332,240.317,241.276,242.338,243.725,245.805
14760.0,81.993,91.862,101.318,110.436,119.271,127.862,136.231,144.392,152.344,160.073,167.555,174.747,181.596,188.027,193.952,199.27,203.87,207.648,210.521,212.461,213.525,213.885,213.824,213.679,213.738,214.131,214.813,215.657,216.574,217.545,218.587,219.714,220.926,222.221,223.594,225.038,226.543,228.092,229.668,231.248,232.804,234.309,235.734,237.054,238.254,239.332,240.317,241.276,242.338,243.725,245.805
14820.0,81.98,91.843,101.293,110.406,119.236,127.823,136.189,144.346,152.295,160.023,167.503,174.695,181.543,187.976,193.904,199.226,203.831,207.615,210.495,212.442,213.514,213.88,213.823,213.68,213.74,214.132,214.813,215.657,216.574,217.545,218.587,219.714,220.926,222.221,223.594,225.038,226.543,228.092,229.668,231.247,232.804,234.309,235.734,237.054,238.254,239.332,240.317,241.276,242.338,243.725,245.805
14880.0,81.967,91.824,101.268,110.376,119.202,127.784,136.146,144.3,152.247,159.972,167.451,174.642,181.492,187.926,193.856,199.182,203.792,207.582,210.469,212.424,213.503,213.875,213.822,213.682,213.742,214.133,214.813,215.657,216.574,217.545,218.587,219.714,220.926,222.221,223.594,225.038,226.543,228.092,229.668,231.247,232.804,234.309,235.734,237.054,238.254,239.332,240.317,241.276,242.338,243.725,245.805
14940.0,81.954,91.805,101.244,110.347,119.168,127.745,136.104,144.255,152.198,159.921,167.399,174.59,181.44,187.875,193.809,199.138,203.753,207.549,210.443,212.406,213.492,213.87,213.822,213.683,213.743,214.134,214.813,215.657,216.574,217.545,218.587,219.714,220.926,222.221,223.594,225.038,226.543,228.092,229.668,231.247,232.804,234.309,235.734,237.054,238.254,239.332,240.317,241.276,242.338,243.725,245.805
15000.0,81.941,91.786,101.219,110.317,119.133,127.707,136.061,144.209,152.15,159.871,167.347,174.538,181.388,187.825,193.761,199.094,203.714,207.516,210.418,212.387,213.481,213.865,213.821,213.685,213.745,214.135,214.814,215.657,216.574,217.545,218.587,219.714,220.926,222.221,223.594,225.038,226.543,228.092,229.668,231.247,232.804,234.309,235.734,237.054,238.254,239.332,240.317,241.276,242.338,243.725,245.805
15060.0,81.929,91.767,101.195,110.287,119.099,127.668,136.019,144.163,152.101,159.821,167.295,174.486,181.336,187.775,193.713,199.05,203.676,207.484,210.392,212.369,213.47,213.86,213.82,213.686,213.747,214.136,214.814,215.657,216.573,217.544,218.587,219.714,220.926,222.221,223.594,225.038,226.542,228.092,229.668,231.247,232.804,234.309,235.734,237.054,238.253,239.332,240.317,241.276,242.338,243.725,245.805
15120.0,81.916,91.749,101.171,110.258,119.065,127.63,135.977,144.118,152.053,159.77,167.244,174.434,181.285,187.725,193.666,199.006,203.637,207.451,210.366,212.351,213.458,213.855,213.819,213.688,213.748,214.137,214.814,215.657,216.573,217.544,218.587,219.714,220.926,222.221,223.594,225.038,226.542,228.092,229.668,231.247,232.804,234.309,235.734,237.054,238.253,239.332,240.317,241.276,242.338,243.725,245.805
15180.0,81.903,91.73,101.146,110.228,119.031,127.591,135.934,144.072,152.005,159.72,167.192,174.382,181.233,187.675,193.618,198.963,203.598,207.418,210.34,212.332,213.447,213.85,213.819,213.689,213.75,214.138,214.814,215.657,216.573,217.544,218.587,219.714,220.926,222.221,223.594,225.038,226.542,228.092,229.668,231.247,232.804,234.309,235.734,237.054,238.253,239.332,240.317,241.276,242.338,243.725,245.805
15240.0,81.89,91.711,101.122,110.199,118.997,127.553,135.892,144.027,151.957,159.67,167.141,174.33,181.182,187.624,193.571,198.919,203.559,207.385,210.314,212.314,213.436,213.845,213.818,213.69,213.752,214.139,214.815,215.657,216.573,217.544,218.587,219.713,220.926,222.221,223.594,225.038,226.542,228.092,229.668,231.247,232.804,234.309,235.734,237.054,238.253,239.332,240.317,241.276,242.338,243.725,245.805
15300.0,81.877,91.692,101.098,110.17,118.963,127.515,135.85,143.982,151.909,159.62,167.089,174.278,181.13,187.575,193.524,198.875,203.521,207.353,210.289,212.295,213.425,213.84,213.817,213.692,213.753,214.14,214.815,215.657,216.573,217.544,218.587,219.713,220.926,222.221,223.594,225.038,226.542,228.092,229.668,231.247,232.804,234.309,235.734,237.054,238.253,239.332,240.317,241.276,242.338,243.725,245.805
15360.0,81.864,91.674,101.074,110.14,118.929,127.476,135.808,143.936,151.861,159.57,167.038,174.226,181.079,187.525,193.476,198.832,203.482,207.32,210.263,212.277,213.413,213.835,213.816,213.693,213.755,214.141,214.815,215.657,216.573,217.544,218.587,219.713,220.926,222.221,223.594,225.038,226.542,228.092,229.668,231.247,232.804,234.309,235.734,237.054,238.253,239.332,240.317,241.276,242.338,243.725,245.806
15420.0,81.852,91.655,101.049,110.111,118.895,127.438,135.766,143.891,151.813,159.52,166.987,174.175,181.028,187.475,193.429,198.788,203.443,207.287,210.237,212.259,213.402,213.83,213.815,213.694,213.756,214.142,214.815,215.657,216.573,217.544,218.587,219.713,220.926,222.221,223.594,225.038,226.542,228.092,229.668,231.247,232.804,234.309,235.734,237.054,238.253,239.332,240.317,241.276,242.338,243.725,245.806
15480.0,81.839,91.636,101.025,110.082,118.861,127.4,135.725,143.846,151.765,159.47,166.936,174.123,180.976,187.425,193.382,198.745,203.405,207.255,210.211,212.24,213.391,213.824,213.814,213.696,213.758,214.143,214.816,215.657,216.573,217.544,218.587,219.713,220.926,222.221,223.594,225.038,226.542,228.092,229.668,231.247,232.804,234.309,235.734,237.054,238.253,239.332,240.317,241.276,242.338,243.725,245.806
15540.0,81.826,91.618,101.001,110.053,118.827,127.362,135.683,143.801,151.718,159.421,166.885,174.071,180.925,187.375,193.335,198.701,203.366,207.222,210.185,212.222,213.379,213.819,213.814,213.697,213.76,214.144,214.816,215.656,216.573,217.544,218.587,219.713,220.925,222.221,223.594,225.038,226.542,228.092,229.668,231.247,232.804,234.309,235.734,237.054,238.253,239.332,240.317,241.276,242.338,243.725,245.806
15600.0,81.813,91.599,100.977,110.024,118.794,127.324,135.641,143.756,151.67,159.371,166.834,174.02,180.874,187.326,193.287,198.658,203.327,207.189,210.16,212.203,213.368,213.814,213.813,213.698,213.761,214.145,214.816,215.656,216.572,217.544,218.587,219.713,220.925,222.22,223.594,225.038,226.542,228.092,229.668,231.247,232.804,234.309,235.734,237.054,238.253,239.332,240.317,241.276,242.338,243.725,245.806
15660.0,81.801,91.581,100.953,109.995,118.76,127.287,135.6,143.712,151.623,159.322,166.783,173.969,180.823,187.276,193.24,198.614,203.289,207.157,210.134,212.185,213.357,213.808,213.812,213.699,213.763,214.146,214.817,215.656,216.572,217.544,218.586,219.713,220.925,222.22,223.594,225.038,226.542,228.092,229.668,231.247,232.804,234.309,235.734,237.054,238.253,239.332,240.317,241.276,242.338,243.725,245.806
15720.0,81.788,91.562,100.93,109.966,118.726,127.249,135.558,143.667,151.575,159.272,166.733,173.917,180.772,187.227,193.193,198.571,203.25,207.124,210.108,212.166,213.345,213.803,213.811,213.701,213.765,214.147,214.817,215.656,216.572,217.544,218.586,219.713,220.925,222.22,223.594,225.038,226.542,228.092,229.668,231.247,232.804,234.309,235.734,237.054,238.253,239.332,240.317,241.276,242.338,243.725,245.806
15780.0,81.775,91.544,100.906,109.937,118.693,127.211,135.517,143.622,151.528,159.223,166.682,173.866,180.722,187.177,193.146,198.528,203.212,207.092,210.082,212.148,213.334,213.798,213.81,213.702,213.766,214.148,214.817,215.656,216.572,217.544,218.586,219.713,220.925,222.22,223.594,225.038,226.542,228.092,229.668,231.247,232.804,234.309,235.734,237.054,238.253,239.332,240.317,241.276,242.338,243.725,245.806
15840.0,81.763,91.525,100.882,109.908,118.659,127.174,135.476,143.578,151.481,159.174,166.631,173.815,180.671,187.128,193.1,198.485,203.173,207.059,210.057,212.129,213.322,213.792,213.809,213.703,213.768,214.149,214.817,215.656,216.572,217.544,218.586,219.713,220.925,222.22,223.594,225.038,226.542,228.092,229.668,231.247,232.804,234.309,235.734,237.054,238.253,239.332,240.317,241.276,242.338,243.725,245.806
15900.0,81.75,91.507,100.858,109.88,118.626,127.136,135.434,143.533,151.434,159.125,166.581,173.764,180.62,187.079,193.053,198.441,203.135,207.027,210.031,212.11,213.311,213.787,213.808,213.704,213.769,214.15,214.818,215.656,216.572,217.543,218.586,219.713,220.925,222.22,223.594,225.038,226.542,228.091,229.667,231.247,232.803,234.309,235.734,237.054,238.253,239.332,240.317,241.276,242.338,243.725,245.806
15960.0,81.738,91.488,100.834,109.851,118.593,127.099,135.393,143.489,151.387,159.075,166.531,173.713,180.57,187.03,193.006,198.398,203.097,206.994,210.005,212.092,213.299,213.782,213.807,213.705,213.771,214.15,214.818,215.656,216.572,217.543,218.586,219.713,220.925,222.22,223.593,225.038,226.542,228.091,229.667,231.247,232.803,234.309,235.734,237.054,238.253,239.332,240.317,241.276,242.338,243.725,245.806
16020.0,81.725,91.47,100.811,109.822,118.56,127.061,135.352,143.445,151.34,159.027,166.48,173.662,180.519,186.981,192.959,198.355,203.058,206.962,209.979,212.073,213.288,213.776,213.806,213.707,213.773,214.151,214.818,215.656,216.572,217.543,218.586,219.713,220.925,222.22,223.593,225.038,226.542,228.091,229.667,231.247,232.803,234.309,235.734,237.054,238.253,239.332,240.317,241.276,242.338,243.726,245.806
16080.0,81.712,91.452,100.787,109.794,118.526,127.024,135.311,143.4,151.293,158.978,166.43,173.612,180.469,186.931,192.913,198.312,203.02,206.929,209.953,212.055,213.276,213.771,213.804,213.708,213.774,214.152,214.819,215.656,216.572,217.543,218.586,219.713,220.925,222.22,223.593,225.038,226.542,228.091,229.667,231.247,232.803,234.308,235.734,237.054,238.253,239.332,240.317,241.276,242.338,243.726,245.806
16140.0,81.7,91.434,100.763,109.765,118.493,126.987,135.27,143.356,151.246,158.929,166.38,173.561,180.419,186.882,192.866,198.269,202.982,206.897,209.928,212.036,213.264,213.765,213.803,213.709,213.776,214.153,214.819,215.656,216.571,217.543,218.586,219.713,220.925,222.22,223.593,225.038,226.542,228.091,229.667,231.247,232.803,234.308,235.734,237.054,238.253,239.332,240.317,241.276,242.338,243.726,245.806
16200.0,81.687,91.415,100.74,109.737,118.46,126.95,135.229,143.312,151.2,158.88,166.33,173.51,180.368,186.834,192.82,198.226,202.943,206.864,209.902,212.017,213.253,213.76,213.802,213.71,213.777,214.154,214.819,215.656,216.571,217.543,218.586,219.713,220.925,222.22,223.593,225.037,226.542,228.091,229.667,231.247,232.803,234.308,235.734,237.054,238.253,239.332,240.317,241.276,242.338,243.726,245.806
16260.0,81.675,91.397,100.716,109.708,118.427,126.912,135.188,143.268,151.153,158.831,166.28,173.46,180.318,186.785,192.773,198.183,202.905,206.832,209.876,211.999,213.241,213.754,213.801,213.711,213.779,214.155,214.819,215.656,216.571,217.543,218.586,219.713,220.925,222.22,223.593,225.037,226.542,228.091,229.667,231.247,232.803,234.308,235.734,237.054,238.253,239.332,240.317,241.276,242.338,243.726,245.806
16320.0,81.663,91.379,100.693,109.68,118.394,126.875,135.148,143.224,151.106,158.783,166.23,173.41,180.268,186.736,192.727,198.14,202.867,206.799,209.85,211.98,213.229,213.748,213.8,213.712,213.78,214.156,214.82,215.656,216.571,217.543,218.586,219.713,220.925,222.22,223.593,225.037,226.542,228.091,229.667,231.247,232.803,234.308,235.733,237.054,238.253,239.332,240.317,241.276,242.338,243.726,245.806
16380.0,81.65,91.361,100.67,109.651,118.362,126.838,135.107,143.181,151.06,158.734,166.18,173.359,180.218,186.687,192.68,198.097,202.829,206.767,209.824,211.961,213.218,213.743,213.799,213.713,213.782,214.157,214.82,215.656,216.571,217.543,218.586,219.713,220.925,222.22,223.593,225.037,226.542,228.091,229.667,231.247,232.803,234.308,235.733,237.054,238.253,239.332,240.317,241.276,242.338,243.726,245.806
16440.0,81.638,91.343,100.646,109.623,118.329,126.802,135.067,143.137,151.014,158.686,166.13,173.309,180.168,186.638,192.634,198.055,202.79,206.734,209.799,211.943,213.206,213.737,213.797,213.714,213.783,214.158,214.82,215.656,216.571,217.543,218.586,219.713,220.925,222.22,223.593,225.037,226.542,228.091,229.667,231.247,232.803,234.308,235.733,237.054,238.253,239.332,240.317,241.276,242.338,243.726,245.806
16500.0,81.625,91.325,100.623,109.595,118.296,126.765,135.026,143.093,150.967,158.638,166.081,173.259,180.118,186.59,192.588,198.012,202.752,206.702,209.773,211.924,213.194,213.732,213.796,213.716,213.785,214.159,214.821,215.655,216.571,217.543,218.586,219.712,220.925,222.22,223.593,225.037,226.542,228.091,229.667,231.247,232.803,234.308,235.733,237.054,238.253,239.332,240.317,241.276,242.338,243.726,245.806
16560.0,81.613,91.307,100.6,109.567,118.263,126.728,134.986,143.05,150.921,158.59,166.031,173.209,180.068,186.541,192.542,197.969,202.714,206.67,209.747,211.905,213.183,213.726,213.795,213.717,213.787,214.16,214.821,215.655,216.571,217.543,218.586,219.712,220.925,222.22,223.593,225.037,226.542,228.091,229.667,231.247,232.803,234.308,235.733,237.054,238.253,239.332,240.317,241.276,242.338,243.726,245.806
16620.0,81.601,91.289,100.576,109.539,118.231,126.691,134.945,143.006,150.875,158.541,165.982,173.159,180.019,186.493,192.496,197.926,202.676,206.637,209.721,211.887,213.171,213.72,213.793,213.718,213.788,214.161,214.821,215.655,216.571,217.543,218.586,219.712,220.925,222.22,223.593,225.037,226.541,228.091,229.667,231.247,232.803,234.308,235.733,237.054,238.253,239.332,240.317,241.276,242.338,243.726,245.806
16680.0,81.588,91.271,100.553,109.511,118.198,126.655,134.905,142.963,150.829,158.493,165.932,173.109,179.969,186.445,192.449,197.884,202.638,206.605,209.695,211.868,213.159,213.714,213.792,213.719,213.79,214.162,214.822,215.655,216.57,217.542,218.586,219.712,220.925,222.22,223.593,225.037,226.541,228.091,229.667,231.247,232.803,234.308,235.733,237.054,238.253,239.332,240.317,241.276,242.338,243.726,245.806
16740.0,81.576,91.253,100.53,109.483,118.166,126.618,134.865,142.919,150.783,158.445,165.883,173.059,179.919,186.396,192.403,197.841,202.6,206.572,209.67,211.849,213.147,213.709,213.791,213.72,213.791,214.163,214.822,215.655,216.57,217.542,218.586,219.712,220.925,222.22,223.593,225.037,226.541,228.091,229.667,231.247,232.803,234.308,235.733,237.054,238.253,239.332,240.317,241.276,242.338,243.726,245.806
16800.0,81.564,91.235,100.507,109.455,118.133,126.582,134.825,142.876,150.737,158.397,165.834,173.009,179.87,186.348,192.357,197.799,202.562,206.54,209.644,211.83,213.135,213.703,213.789,213.721,213.793,214.164,214.822,215.655,216.57,217.542,218.585,219.712,220.924,222.22,223.593,225.037,226.541,228.091,229.667,231.246,232.803,234.308,235.733,237.054,238.253,239.332,240.317,241.276,242.338,243.726,245.806
16860.0,81.551,91.217,100.484,109.427,118.101,126.545,134.785,142.833,150.691,158.35,165.785,172.959,179.82,186.3,192.312,197.756,202.524,206.508,209.618,211.811,213.123,213.697,213.788,213.722,213.794,214.165,214.822,215.655,216.57,217.542,218.585,219.712,220.924,222.219,223.593,225.037,226.541,228.091,229.667,231.246,232.803,234.308,235.733,237.054,238.253,239.332,240.317,241.276,242.338,243.726,245.806
16920.0,81.539,91.199,100.461,109.399,118.069,126.509,134.745,142.79,150.646,158.302,165.736,172.909,179.771,186.252,192.266,197.714,202.486,206.476,209.592,211.793,213.112,213.691,213.787,213.723,213.796,214.166,214.823,215.655,216.57,217.542,218.585,219.712,220.924,222.219,223.593,225.037,226.541,228.091,229.667,231.246,232.803,234.308,235.733,237.054,238.253,239.332,240.317,241.276,242.338,243.726,245.806
16980.0,81.527,91.182,100.438,109.371,118.037,126.473,134.705,142.747,150.6,158.254,165.687,172.86,179.722,186.204,192.22,197.671,202.448,206.443,209.566,211.774,213.1,213.685,213.785,213.724,213.797,214.167,214.823,215.655,216.57,217.542,218.585,219.712,220.924,222.219,223.593,225.037,226.541,228.091,229.667,231.246,232.803,234.308,235.733,237.054,238.253,239.332,240.317,241.276,242.338,243.726,245.806
17040.0,81.515,91.164,100.415,109.343,118.004,126.436,134.665,142.704,150.554,158.207,165.638,172.81,179.673,186.156,192.174,197.629,202.411,206.411,209.541,211.755,213.088,213.679,213.784,213.724,213.799,214.168,214.823,215.655,216.57,217.542,218.585,219.712,220.924,222.219,223.593,225.037,226.541,228.091,229.667,231.246,232.803,234.308,235.733,237.054,238.253,239.332,240.317,241.276,242.338,243.726,245.806
17100.0,81.503,91.146,100.392,109.316,117.972,126.4,134.625,142.661,150.509,158.159,165.589,172.761,179.623,186.108,192.129,197.587,202.373,206.379,209.515,211.736,213.076,213.674,213.782,213.725,213.8,214.169,214.824,215.655,216.57,217.542,218.585,219.712,220.924,222.219,223.593,225.037,226.541,228.091,229.667,231.246,232.803,234.308,235.733,237.054,238.253,239.332,240.317,241.276,242.338,243.726,245.806
17160.0,81.49,91.128,100.369,109.288,117.94,126.364,134.586,142.618,150.464,158.112,165.54,172.712,179.574,186.06,192.083,197.544,202.335,206.347,209.489,211.717,213.064,213.668,213.781,213.726,213.802,214.17,214.824,215.655,216.57,217.542,218.585,219.712,220.924,222.219,223.593,225.037,226.541,228.091,229.667,231.246,232.803,234.308,235.733,237.054,238.253,239.332,240.317,241.276,242.338,243.726,245.806
17220.0,81.478,91.111,100.346,109.26,117.908,126.328,134.546,142.576,150.418,158.065,165.491,172.662,179.525,186.012,192.037,197.502,202.297,206.314,209.463,211.699,213.052,213.662,213.779,213.727,213.803,214.171,214.824,215.655,216.57,217.542,218.585,219.712,220.924,222.219,223.593,225.037,226.541,228.091,229.667,231.246,232.803,234.308,235.733,237.054,238.253,239.332,240.317,241.276,242.338,243.726,245.806
17280.0,81.466,91.093,100.324,109.233,117.876,126.292,134.507,142.533,150.373,158.017,165.443,172.613,179.476,185.964,191.992,197.46,202.259,206.282,209.437,211.68,213.04,213.656,213.778,213.728,213.804,214.172,214.825,215.655,216.569,217.542,218.585,219.712,220.924,222.219,223.593,225.037,226.541,228.091,229.667,231.246,232.803,234.308,235.733,237.054,238.253,239.332,240.317,241.276,242.338,243.726,245.806
17340.0,81.454,91.076,100.301,109.205,117.844,126.256,134.467,142.49,150.328,157.97,165.394,172.564,179.428,185.916,191.946,197.418,202.222,206.25,209.412,211.661,213.028,213.65,213.776,213.729,213.806,214.173,214.825,215.655,216.569,217.542,218.585,219.712,220.924,222.219,223.592,225.037,226.541,228.091,229.667,231.246,232.803,234.308,235.733,237.054,238.253,239.332,240.317,241.276,242.338,243.726,245.806
17400.0,81.442,91.058,100.278,109.178,117.813,126.221,134.428,142.448,150.283,157.923,165.346,172.515,179.379,185.869,191.901,197.376,202.184,206.218,209.386,211.642,213.016,213.644,213.775,213.73,213.807,214.174,214.825,215.655,216.569,217.542,218.585,219.712,220.924,222.219,223.592,225.037,226.541,228.091,229.667,231.246,232.803,234.308,235.733,237.053,238.253,239.332,240.317,241.276,242.338,243.726,245.806
17460.0,81.43,91.04,100.255,109.151,117.781,126.185,134.389,142.405,150.238,157.876,165.298,172.466,179.33,185.821,191.856,197.334,202.146,206.186,209.36,211.623,213.004,213.638,213.773,213.731,213.809,214.175,214.826,215.655,216.569,217.542,218.585,219.712,220.924,222.219,223.592,225.037,226.541,228.091,229.667,231.246,232.803,234.308,235.733,237.053,238.253,239.332,240.317,241.276,242.338,243.726,245.806
17520.0,81.418,91.023,100.233,109.123,117.749,126.149,134.349,142.363,150.193,157.829,165.249,172.417,179.281,185.774,191.81,197.292,202.109,206.153,209.334,211.604,212.992,213.631,213.771,213.731,213.81,214.176,214.826,215.655,216.569,217.541,218.585,219.712,220.924,222.219,223.592,225.037,226.541,228.09,229.667,231.246,232.803,234.308,235.733,237.053,238.253,239.332,240.317,241.276,242.338,243.726,245.806
17580.0,81.406,91.005,100.21,109.096,117.717,126.114,134.31,142.321,150.148,157.782,165.201,172.368,179.233,185.726,191.765,197.25,202.071,206.121,209.309,211.585,212.98,213.625,213.77,213.732,213.812,214.177,214.826,215.655,216.569,217.541,218.585,219.712,220.924,222.219,223.592,225.037,226.541,228.09,229.667,231.246,232.803,234.308,235.733,237.053,238.253,239.332,240.317,241.276,242.338,243.726,245.806
17640.0,81.394,90.988,100.188,109.069,117.686,126.078,134.271,142.279,150.103,157.735,165.153,172.32,179.184,185.679,191.72,197.208,202.034,206.089,209.283,211.566,212.967,213.619,213.768,213.733,213.813,214.178,214.827,215.655,216.569,217.541,218.585,219.712,220.924,222.219,223.592,225.036,226.541,228.09,229.666,231.246,232.803,234.308,235.733,237.053,238.253,239.332,240.317,241.276,242.338,243.726,245.806
17700.0,81.382,90.971,100.165,109.042,117.654,126.043,134.232,142.237,150.059,157.689,165.105,172.271,179.136,185.632,191.675,197.166,201.996,206.057,209.257,211.547,212.955,213.613,213.766,213.734,213.815,214.179,214.827,215.655,216.569,217.541,218.585,219.711,220.924,222.219,223.592,225.036,226.541,228.09,229.666,231.246,232.803,234.308,235.733,237.053,238.253,239.332,240.317,241.276,242.338,243.726,245.806
17760.0,81.37,90.953,100.143,109.014,117.623,126.007,134.193,142.195,150.014,157.642,165.057,172.222,179.087,185.585,191.63,197.124,201.959,206.025,209.231,211.528,212.943,213.607,213.765,213.735,213.816,214.18,214.827,215.655,216.569,217.541,218.585,219.711,220.924,222.219,223.592,225.036,226.541,228.09,229.666,231.246,232.803,234.308,235.733,237.053,238.253,239.332,240.317,241.276,242.338,243.726,245.806
17820.0,81.358,90.936,100.12,108.987,117.592,125.972,134.154,142.153,149.97,157.596,165.009,172.174,179.039,185.537,191.585,197.082,201.921,205.993,209.205,211.509,212.931,213.601,213.763,213.735,213.817,214.181,214.827,215.655,216.568,217.541,218.585,219.711,220.924,222.219,223.592,225.036,226.541,228.09,229.666,231.246,232.803,234.308,235.733,237.053,238.253,239.332,240.317,241.276,242.338,243.726,245.806
17880.0,81.346,90.918,100.098,108.96,117.56,125.937,134.115,142.111,149.925,157.549,164.961,172.126,178.991,185.49,191.54,197.04,201.884,205.961,209.18,211.49,212.919,213.595,213.761,213.736,213.819,214.182,214.828,215.654,216.568,217.541,218.585,219.711,220.924,222.219,223.592,225.036,226.541,228.09,229.666,231.246,232.803,234.308,235.733,237.053,238.253,239.332,240.317,241.276,242.338,243.726,245.806
17940.0,81.334,90.901,100.076,108.933,117.529,125.901,134.077,142.069,149.881,157.503,164.914,172.077,178.943,185.443,191.495,196.999,201.846,205.929,209.154,211.471,212.906,213.588,213.759,213.737,213.82,214.183,214.828,215.654,216.568,217.541,218.584,219.711,220.924,222.219,223.592,225.036,226.541,228.09,229.666,231.246,232.803,234.308,235.733,237.053,238.253,239.332,240.317,241.276,242.338,243.726,245.806
18000.0,81.322,90.884,100.054,108.906,117.498,125.866,134.038,142.027,149.836,157.457,164.866,172.029,178.895,185.396,191.45,196.957,201.809,205.897,209.128,211.452,212.894,213.582,213.757,213.737,213.822,214.184,214.828,215.654,216.568,217.541,218.584,219.711,220.923,222.219,223.592,225.036,226.541,228.09,229.666,231.246,232.803,234.308,235.733,237.053,238.253,239.332,240.317,241.276,242.338,243.726,245.806
18060.0,81.31,90.867,100.031,108.88,117.466,125.831,133.999,141.986,149.792,157.41,164.818,171.981,178.847,185.349,191.405,196.915,201.772,205.865,209.102,211.433,212.882,213.576,213.756,213.738,213.823,214.185,214.829,215.654,216.568,217.541,218.584,219.711,220.923,222.219,223.592,225.036,226.541,228.09,229.666,231.246,232.803,234.308,235.733,237.053,238.253,239.332,240.317,241.276,242.338,243.726,245.806
18120.0,81.299,90.85,100.009,108.853,117.435,125.796,133.961,141.944,149.748,157.364,164.771,171.933,178.799,185.302,191.36,196.874,201.734,205.833,209.077,211.414,212.87,213.569,213.754,213.739,213.824,214.186,214.829,215.654,216.568,217.541,218.584,219.711,220.923,222.219,223.592,225.036,226.54,228.09,229.666,231.246,232.802,234.308,235.733,237.053,238.253,239.332,240.317,241.276,242.338,243.726,245.806
18180.0,81.287,90.832,99.987,108.826,117.404,125.761,133.922,141.902,149.704,157.318,164.723,171.884,178.751,185.256,191.316,196.832,201.697,205.801,209.051,211.395,212.857,213.563,213.752,213.74,213.826,214.187,214.829,215.654,216.568,217.541,218.584,219.711,220.923,222.218,223.592,225.036,226.54,228.09,229.666,231.246,232.802,234.308,235.733,237.053,238.253,239.332,240.317,241.276,242.338,243.726,245.806
18240.0,81.275,90.815,99.965,108.799,117.373,125.726,133.884,141.861,149.66,157.272,164.676,171.836,178.703,185.209,191.271,196.791,201.66,205.769,209.025,211.376,212.845,213.557,213.75,213.74,213.827,214.188,214.83,215.654,216.568,217.541,218.584,219.711,220.923,222.218,223.592,225.036,226.54,228.09,229.666,231.246,232.802,234.308,235.733,237.053,238.253,239.332,240.317,241.276,242.338,243.726,245.806
18300.0,81.263,90.798,99.943,108.773,117.342,125.691,133.846,141.82,149.616,157.226,164.629,171.789,178.655,185.162,191.226,196.749,201.623,205.737,208.999,211.357,212.833,213.55,213.748,213.741,213.828,214.189,214.83,215.654,216.568,217.54,218.584,219.711,220.923,222.218,223.592,225.036,226.54,228.09,229.666,231.246,232.802,234.308,235.733,237.053,238.253,239.332,240.317,241.276,242.338,243.726,245.806
18360.0,81.251,90.781,99.921,108.746,117.311,125.657,133.807,141.778,149.572,157.18,164.582,171.741,178.608,185.116,191.182,196.708,201.585,205.705,208.974,211.338,212.82,213.544,213.746,213.741,213.83,214.19,214.83,215.654,216.568,217.54,218.584,219.711,220.923,222.218,223.592,225.036,226.54,228.09,229.666,231.246,232.802,234.308,235.733,237.053,238.253,239.332,240.317,241.276,242.338,243.726,245.806
18420.0,81.24,90.764,99.899,108.719,117.281,125.622,133.769,141.737,149.528,157.135,164.534,171.693,178.56,185.069,191.137,196.667,201.548,205.673,208.948,211.319,212.808,213.537,213.744,213.742,213.831,214.191,214.831,215.654,216.567,217.54,218.584,219.711,220.923,222.218,223.592,225.036,226.54,228.09,229.666,231.246,232.802,234.308,235.733,237.053,238.253,239.332,240.317,241.276,242.338,243.726,245.806
18480.0,81.228,90.747,99.877,108.693,117.25,125.587,133.731,141.696,149.485,157.089,164.487,171.645,178.512,185.023,191.093,196.625,201.511,205.641,208.922,211.3,212.796,213.531,213.742,213.743,213.832,214.192,214.831,215.654,216.567,217.54,218.584,219.711,220.923,222.218,223.592,225.036,226.54,228.09,229.666,231.246,232.802,234.308,235.733,237.053,238.253,239.332,240.317,241.276,242.338,243.726,245.806
18540.0,81.216,90.73,99.855,108.666,117.219,125.553,133.693,141.655,149.441,157.043,164.44,171.598,178.465,184.976,191.048,196.584,201.474,205.61,208.896,211.281,212.783,213.525,213.74,213.743,213.834,214.192,214.831,215.654,216.567,217.54,218.584,219.711,220.923,222.218,223.592,225.036,226.54,228.09,229.666,231.246,232.802,234.308,235.733,237.053,238.253,239.332,240.317,241.276,242.338,243.726,245.806
18600.0,81.205,90.713,99.833,108.64,117.188,125.518,133.655,141.614,149.398,156.998,164.394,171.55,178.418,184.93,191.004,196.543,201.437,205.578,208.871,211.262,212.771,213.518,213.738,213.744,213.835,214.193,214.832,215.654,216.567,217.54,218.584,219.711,220.923,222.218,223.592,225.036,226.54,228.09,229.666,231.246,232.802,234.308,235.733,237.053,238.253,239.332,240.317,241.276,242.338,243.726,245.806
18660.0,81.193,90.696,99.811,108.613,117.158,125.484,133.617,141.573,149.354,156.952,164.347,171.503,178.37,184.883,190.96,196.501,201.4,205.546,208.845,211.243,212.758,213.512,213.736,213.744,213.836,214.194,214.832,215.654,216.567,217.54,218.584,219.711,220.923,222.218,223.591,225.036,226.54,228.09,229.666,231.246,232.802,234.307,235.733,237.053,238.253,239.332,240.317,241.276,242.338,243.726,245.806
18720.0,81.181,90.679,99.789,108.587,117.127,125.449,133.579,141.532,149.311,156.907,164.3,171.455,178.323,184.837,190.916,196.46,201.363,205.514,208.819,211.224,212.746,213.505,213.734,213.745,213.838,214.195,214.833,215.654,216.567,217.54,218.584,219.711,220.923,222.218,223.591,225.036,226.54,228.09,229.666,231.246,232.802,234.307,235.733,237.053,238.253,239.332,240.317,241.276,242.338,243.726,245.806
18780.0,81.17,90.662,99.768,108.561,117.097,125.415,133.542,141.491,149.267,156.862,164.253,171.408,178.276,184.791,190.871,196.419,201.326,205.482,208.793,211.205,212.733,213.498,213.732,213.745,213.839,214.196,214.833,215.654,216.567,217.54,218.584,219.711,220.923,222.218,223.591,225.036,226.54,228.09,229.666,231.245,232.802,234.307,235.733,237.053,238.253,239.332,240.317,241.276,242.338,243.726,245.806
18840.0,81.158,90.645,99.746,108.534,117.066,125.381,133.504,141.451,149.224,156.816,164.207,171.361,178.229,184.745,190.827,196.378,201.289,205.45,208.768,211.185,212.721,213.492,213.73,213.746,213.84,214.197,214.833,215.654,216.567,217.54,218.584,219.711,220.923,222.218,223.591,225.036,226.54,228.09,229.666,231.245,232.802,234.307,235.733,237.053,238.253,239.332,240.317,241.276,242.338,243.726,245.806
18900.0,81.146,90.629,99.724,108.508,117.036,125.346,133.466,141.41,149.181,156.771,164.16,171.313,178.182,184.699,190.783,196.337,201.252,205.419,208.742,211.166,212.708,213.485,213.728,213.746,213.842,214.198,214.834,215.654,216.567,217.54,218.584,219.71,220.923,222.218,223.591,225.036,226.54,228.09,229.666,231.245,232.802,234.307,235.733,237.053,238.253,239.332,240.317,241.276,242.338,243.726,245.806
18960.0,81.135,90.612,99.703,108.482,117.006,125.312,133.429,141.369,149.138,156.726,164.114,171.266,178.135,184.653,190.739,196.296,201.215,205.387,208.716,211.147,212.696,213.479,213.726,213.747,213.843,214.199,214.834,215.654,216.567,217.54,218.584,219.71,220.923,222.218,223.591,225.036,226.54,228.09,229.666,231.245,232.802,234.307,235.733,237.053,238.253,239.332,240.317,241.276,242.338,243.726,245.806
19020.0,81.123,90.595,99.681,108.456,116.975,125.278,133.391,141.329,149.095,156.681,164.067,171.219,178.088,184.607,190.695,196.255,201.178,205.355,208.69,211.128,212.683,213.472,213.724,213.747,213.844,214.2,214.834,215.654,216.566,217.54,218.584,219.71,220.923,222.218,223.591,225.036,226.54,228.09,229.666,231.245,232.802,234.307,235.733,237.053,238.253,239.332,240.317,241.276,242.338,243.726,245.806
19080.0,81.112,90.578,99.659,108.43,116.945,125.244,133.354,141.288,149.052,156.636,164.021,171.172,178.041,184.561,190.651,196.214,201.142,205.323,208.665,211.109,212.67,213.465,213.722,213.748,213.846,214.201,214.835,215.654,216.566,217.54,218.583,219.71,220.923,222.218,223.591,225.035,226.54,228.09,229.666,231.245,232.802,234.307,235.733,237.053,238.253,239.332,240.317,241.276,242.338,243.726,245.806
19140.0,81.1,90.562,99.638,108.404,116.915,125.21,133.316,141.248,149.009,156.591,163.975,171.125,177.994,184.515,190.607,196.173,201.105,205.292,208.639,211.09,212.658,213.459,213.719,213.748,213.847,214.202,214.835,215.654,216.566,217.539,218.583,219.71,220.923,222.218,223.591,225.035,226.54,228.09,229.666,231.245,232.802,234.307,235.733,237.053,238.253,239.332,240.317,241.276,242.338,243.726,245.806
19200.0,81.089,90.545,99.616,108.378,116.885,125.176,133.279,141.208,148.966,156.547,163.929,171.079,177.947,184.469,190.564,196.132,201.068,205.26,208.613,211.07,212.645,213.452,213.717,213.749,213.848,214.203,214.835,215.654,216.566,217.539,218.583,219.71,220.923,222.218,223.591,225.035,226.54,228.089,229.666,231.245,232.802,234.307,235.733,237.053,238.253,239.332,240.317,241.276,242.338,243.726,245.806
19260.0,81.077,90.528,99.595,108.352,116.855,125.142,133.242,141.167,148.923,156.502,163.883,171.032,177.9,184.424,190.52,196.092,201.031,205.228,208.588,211.051,212.633,213.445,213.715,213.749,213.849,214.204,214.836,215.654,216.566,217.539,218.583,219.71,220.922,222.218,223.591,225.035,226.54,228.089,229.666,231.245,232.802,234.307,235.733,237.053,238.253,239.332,240.317,241.276,242.338,243.726,245.806
19320.0,81.066,90.512,99.573,108.326,116.825,125.109,133.204,141.127,148.881,156.457,163.837,170.985,177.854,184.378,190.476,196.051,200.994,205.197,208.562,211.032,212.62,213.438,213.713,213.75,213.851,214.205,214.836,215.654,216.566,217.539,218.583,219.71,220.922,222.218,223.591,225.035,226.54,228.089,229.666,231.245,232.802,234.307,235.733,237.053,238.253,239.332,240.317,241.276,242.338,243.726,245.806
19380.0,81.054,90.495,99.552,108.3,116.795,125.075,133.167,141.087,148.838,156.413,163.791,170.938,177.807,184.333,190.432,196.01,200.958,205.165,208.536,211.013,212.607,213.432,213.71,213.75,213.852,214.206,214.836,215.654,216.566,217.539,218.583,219.71,220.922,222.218,223.591,225.035,226.54,228.089,229.666,231.245,232.802,234.307,235.733,237.053,238.253,239.332,240.317,241.276,242.338,243.726,245.806
19440.0,81.043,90.479,99.531,108.274,116.765,125.041,133.13,141.047,148.796,156.368,163.745,170.892,177.761,184.287,190.389,195.97,200.921,205.134,208.51,210.994,212.595,213.425,213.708,213.75,213.853,214.207,214.837,215.654,216.566,217.539,218.583,219.71,220.922,222.218,223.591,225.035,226.54,228.089,229.665,231.245,232.802,234.307,235.732,237.053,238.253,239.332,240.317,241.276,242.338,243.726,245.806
19500.0,81.031,90.462,99.509,108.249,116.735,125.008,133.093,141.007,148.753,156.324,163.699,170.845,177.714,184.242,190.345,195.929,200.885,205.102,208.485,210.974,212.582,213.418,213.706,213.751,213.854,214.208,214.837,215.654,216.566,217.539,218.583,219.71,220.922,222.217,223.591,225.035,226.54,228.089,229.665,231.245,232.802,234.307,235.732,237.053,238.253,239.332,240.317,241.276,242.338,243.726,245.806
19560.0,81.02,90.446,99.488,108.223,116.705,124.974,133.056,140.967,148.711,156.279,163.653,170.799,177.668,184.196,190.302,195.888,200.848,205.07,208.459,210.955,212.569,213.411,213.704,213.751,213.856,214.209,214.837,215.654,216.566,217.539,218.583,219.71,220.922,222.217,223.591,225.035,226.54,228.089,229.665,231.245,232.802,234.307,235.732,237.053,238.253,239.332,240.317,241.276,242.338,243.726,245.806
19620.0,81.009,90.429,99.467,108.197,116.675,124.941,133.019,140.927,148.668,156.235,163.608,170.753,177.622,184.151,190.258,195.848,200.811,205.039,208.433,210.936,212.556,213.404,213.701,213.751,213.857,214.21,214.838,215.654,216.565,217.539,218.583,219.71,220.922,222.217,223.591,225.035,226.539,228.089,229.665,231.245,232.802,234.307,235.732,237.053,238.253,239.332,240.317,241.276,242.338,243.726,245.806
19680.0,80.997,90.413,99.446,108.172,116.646,124.907,132.983,140.888,148.626,156.191,163.562,170.706,177.576,184.106,190.215,195.807,200.775,205.007,208.408,210.917,212.544,213.397,213.699,213.752,213.858,214.211,214.838,215.654,216.565,217.539,218.583,219.71,220.922,222.217,223.591,225.035,226.539,228.089,229.665,231.245,232.802,234.307,235.732,237.053,238.253,239.332,240.317,241.276,242.338,243.726,245.806
19740.0,80.986,90.396,99.425,108.146,116.616,124.874,132.946,140.848,148.584,156.147,163.516,170.66,177.529,184.06,190.172,195.767,200.738,204.976,208.382,210.897,212.531,213.39,213.696,213.752,213.859,214.212,214.838,215.654,216.565,217.539,218.583,219.71,220.922,222.217,223.591,225.035,226.539,228.089,229.665,231.245,232.802,234.307,235.732,237.053,238.253,239.332,240.317,241.276,242.338,243.726,245.806
19800.0,80.975,90.38,99.403,108.121,116.586,124.84,132.909,140.808,148.542,156.103,163.471,170.614,177.483,184.015,190.128,195.726,200.702,204.944,208.356,210.878,212.518,213.384,213.694,213.752,213.86,214.213,214.839,215.654,216.565,217.539,218.583,219.71,220.922,222.217,223.591,225.035,226.539,228.089,229.665,231.245,232.802,234.307,235.732,237.053,238.253,239.332,240.317,241.276,242.338,243.726,245.806
19860.0,80.963,90.363,99.382,108.095,116.557,124.807,132.873,140.769,148.5,156.059,163.426,170.568,177.437,183.97,190.085,195.686,200.665,204.913,208.331,210.859,212.505,213.377,213.692,213.753,213.862,214.213,214.839,215.654,216.565,217.539,218.583,219.71,220.922,222.217,223.591,225.035,226.539,228.089,229.665,231.245,232.802,234.307,235.732,237.053,238.253,239.332,240.317,241.276,242.338,243.726,245.806
19920.0,80.952,90.347,99.361,108.07,116.527,124.774,132.836,140.729,148.458,156.015,163.38,170.522,177.391,183.925,190.042,195.646,200.629,204.881,208.305,210.84,212.492,213.37,213.689,213.753,213.863,214.214,214.84,215.654,216.565,217.538,218.583,219.71,220.922,222.217,223.591,225.035,226.539,228.089,229.665,231.245,232.802,234.307,235.732,237.053,238.253,239.332,240.317,241.276,242.338,243.726,245.806
19980.0,80.941,90.331,99.34,108.044,116.498,124.741,132.8,140.69,148.416,155.971,163.335,170.476,177.346,183.88,189.999,195.605,200.593,204.85,208.279,210.82,212.48,213.363,213.687,213.753,213.864,214.215,214.84,215.654,216.565,217.538,218.583,219.71,220.922,222.217,223.591,225.035,226.539,228.089,229.665,231.245,232.802,234.307,235.732,237.053,238.253,239.332,240.317,241.276,242.338,243.726,245.806
20040.0,80.93,90.315,99.319,108.019,116.469,124.708,132.763,140.651,148.374,155.927,163.29,170.43,177.3,183.835,189.956,195.565,200.556,204.818,208.254,210.801,212.467,213.356,213.684,213.753,213.865,214.216,214.84,215.654,216.565,217.538,218.583,219.71,220.922,222.217,223.59,225.035,226.539,228.089,229.665,231.245,232.802,234.307,235.732,237.053,238.253,239.332,240.317,241.276,242.338,243.726,245.806
20100.0,80.918,90.298,99.298,107.994,116.439,124.675,132.727,140.611,148.332,155.883,163.245,170.384,177.254,183.79,189.912,195.525,200.52,204.787,208.228,210.782,212.454,213.349,213.682,213.754,213.866,214.217,214.841,215.654,216.565,217.538,218.583,219.71,220.922,222.217,223.59,225.035,226.539,228.089,229.665,231.245,232.802,234.307,235.732,237.053,238.253,239.332,240.317,241.276,242.338,243.726,245.806
20160.0,80.907,90.282,99.277,107.968,116.41,124.642,132.691,140.572,148.291,155.84,163.2,170.338,177.208,183.745,189.869,195.485,200.484,204.755,208.202,210.762,212.441,213.341,213.679,213.754,213.867,214.218,214.841,215.654,216.565,217.538,218.582,219.709,220.922,222.217,223.59,225.035,226.539,228.089,229.665,231.245,232.802,234.307,235.732,237.053,238.252,239.332,240.317,241.276,242.338,243.726,245.806
20220.0,80.896,90.266,99.257,107.943,116.381,124.609,132.654,140.533,148.249,155.796,163.155,170.293,177.163,183.701,189.827,195.445,200.447,204.724,208.177,210.743,212.428,213.334,213.677,213.754,213.869,214.219,214.841,215.654,216.564,217.538,218.582,219.709,220.922,222.217,223.59,225.035,226.539,228.089,229.665,231.245,232.802,234.307,235.732,237.053,238.252,239.332,240.317,241.276,242.338,243.726,245.806
20280.0,80.885,90.25,99.236,107.918,116.352,124.576,132.618,140.494,148.208,155.753,163.11,170.247,177.117,183.656,189.784,195.404,200.411,204.693,208.151,210.724,212.415,213.327,213.674,213.754,213.87,214.22,214.842,215.654,216.564,217.538,218.582,219.709,220.922,222.217,223.59,225.035,226.539,228.089,229.665,231.245,232.802,234.307,235.732,237.053,238.252,239.332,240.317,241.276,242.338,243.726,245.806
20340.0,80.874,90.234,99.215,107.893,116.322,124.543,132.582,140.455,148.166,155.709,163.065,170.202,177.071,183.611,189.741,195.364,200.375,204.661,208.125,210.704,212.402,213.32,213.671,213.754,213.871,214.221,214.842,215.654,216.564,217.538,218.582,219.709,220.922,222.217,223.59,225.035,226.539,228.089,229.665,231.245,232.801,234.307,235.732,237.053,238.252,239.332,240.317,241.276,242.338,243.726,245.806
20400.0,80.862,90.217,99.194,107.868,116.293,124.51,132.546,140.416,148.125,155.666,163.02,170.156,177.026,183.567,189.698,195.324,200.339,204.63,208.1,210.685,212.389,213.313,213.669,213.754,213.872,214.222,214.842,215.654,216.564,217.538,218.582,219.709,220.922,222.217,223.59,225.035,226.539,228.089,229.665,231.245,232.801,234.307,235.732,237.053,238.252,239.332,240.317,241.276,242.338,243.726,245.806
20460.0,80.851,90.201,99.174,107.843,116.264,124.478,132.51,140.377,148.083,155.622,162.976,170.111,176.981,183.522,189.655,195.284,200.302,204.599,208.074,210.666,212.376,213.306,213.666,213.755,213.873,214.223,214.843,215.654,216.564,217.538,218.582,219.709,220.922,222.217,223.59,225.035,226.539,228.089,229.665,231.245,232.801,234.307,235.732,237.053,238.252,239.332,240.317,241.276,242.338,243.726,245.806
20520.0,80.84,90.185,99.153,107.818,116.235,124.445,132.474,140.338,148.042,155.579,162.931,170.065,176.935,183.478,189.613,195.245,200.266,204.567,208.048,210.646,212.363,213.299,213.664,213.755,213.874,214.224,214.843,215.654,216.564,217.538,218.582,219.709,220.921,222.217,223.59,225.034,226.539,228.089,229.665,231.245,232.801,234.307,235.732,237.053,238.252,239.332,240.317,241.276,242.338,243.726,245.806
20580.0,80.829,90.169,99.132,107.793,116.206,124.412,132.438,140.299,148.001,155.536,162.887,170.02,176.89,183.433,189.57,195.205,200.23,204.536,208.023,210.627,212.35,213.291,213.661,213.755,213.875,214.225,214.844,215.654,216.564,217.538,218.582,219.709,220.921,222.217,223.59,225.034,226.539,228.089,229.665,231.245,232.801,234.307,235.732,237.053,238.252,239.332,240.317,241.276,242.338,243.726,245.806
20640.0,80.818,90.153,99.112,107.768,116.177,124.38,132.402,140.261,147.96,155.493,162.842,169.975,176.845,183.389,189.527,195.165,200.194,204.505,207.997,210.608,212.337,213.284,213.658,213.755,213.876,214.226,214.844,215.654,216.564,217.538,218.582,219.709,220.921,222.217,223.59,225.034,226.539,228.089,229.665,231.245,232.801,234.307,235.732,237.053,238.252,239.332,240.317,241.276,242.338,243.726,245.806
20700.0,80.807,90.137,99.091,107.743,116.149,124.347,132.367,140.222,147.919,155.45,162.798,169.93,176.8,183.345,189.485,195.125,200.158,204.473,207.972,210.588,212.324,213.277,213.656,213.755,213.878,214.227,214.844,215.654,216.564,217.538,218.582,219.709,220.921,222.217,223.59,225.034,226.539,228.089,229.665,231.245,232.801,234.307,235.732,237.053,238.252,239.332,240.317,241.276,242.338,243.726,245.806
20760.0,80.796,90.121,99.07,107.718,116.12,124.315,132.331,140.183,147.878,155.407,162.753,169.885,176.755,183.3,189.442,195.085,200.122,204.442,207.946,210.569,212.311,213.27,213.653,213.755,213.879,214.227,214.845,215.654,216.564,217.537,218.582,219.709,220.921,222.216,223.59,225.034,226.539,228.089,229.665,231.244,232.801,234.307,235.732,237.053,238.252,239.332,240.317,241.276,242.338,243.726,245.806
20820.0,80.785,90.105,99.05,107.694,116.091,124.283,132.295,140.145,147.837,155.364,162.709,169.84,176.71,183.256,189.4,195.045,200.086,204.411,207.92,210.549,212.298,213.262,213.65,213.755,213.88,214.228,214.845,215.654,216.564,217.537,218.582,219.709,220.921,222.216,223.59,225.034,226.539,228.088,229.665,231.244,232.801,234.307,235.732,237.053,238.252,239.332,240.317,241.276,242.338,243.726,245.806
20880.0,80.774,90.089,99.029,107.669,116.062,124.25,132.26,140.106,147.796,155.321,162.665,169.795,176.665,183.212,189.357,195.006,200.05,204.38,207.895,210.53,212.285,213.255,213.647,213.755,213.881,214.229,214.845,215.654,216.563,217.537,218.582,219.709,220.921,222.216,223.59,225.034,226.539,228.088,229.665,231.244,232.801,234.307,235.732,237.053,238.252,239.332,240.317,241.276,242.338,243.726,245.806
20940.0,80.763,90.074,99.009,107.644,116.034,124.218,132.224,140.068,147.755,155.278,162.621,169.75,176.62,183.168,189.315,194.966,200.014,204.348,207.869,210.511,212.272,213.248,213.645,213.755,213.882,214.23,214.846,215.654,216.563,217.537,218.582,219.709,220.921,222.216,223.59,225.034,226.539,228.088,229.665,231.244,232.801,234.307,235.732,237.053,238.252,239.332,240.317,241.276,242.338,243.726,245.806
21000.0,80.752,90.058,98.989,107.619,116.005,124.186,132.189,140.03,147.714,155.236,162.577,169.705,176.575,183.124,189.273,194.926,199.978,204.317,207.843,210.491,212.259,213.241,213.642,213.755,213.883,214.231,214.846,215.654,216.563,217.537,218.582,219.709,220.921,222.216,223.59,225.034,226.539,228.088,229.665,231.244,232.801,234.307,235.732,237.053,238.252,239.332,240.317,241.276,242.338,243.726,245.806
21060.0,80.741,90.042,98.968,107.595,115.977,124.154,132.153,139.992,147.673,155.193,162.533,169.66,176.53,183.08,189.23,194.887,199.942,204.286,207.818,210.472,212.246,213.233,213.639,213.755,213.884,214.232,214.847,215.654,216.563,217.537,218.582,219.709,220.921,222.216,223.59,225.034,226.539,228.088,229.665,231.244,232.801,234.307,235.732,237.053,238.252,239.332,240.317,241.276,242.338,243.726,245.806
21120.0,80.73,90.026,98.948,107.57,115.948,124.122,132.118,139.953,147.633,155.151,162.489,169.616,176.486,183.036,189.188,194.847,199.907,204.255,207.792,210.452,212.232,213.226,213.636,213.755,213.885,214.233,214.847,215.654,216.563,217.537,218.582,219.709,220.921,222.216,223.59,225.034,226.539,228.088,229.665,231.244,232.801,234.307,235.732,237.053,238.252,239.332,240.317,241.276,242.338,243.726,245.806
21180.0,80.755,90.023,98.931,107.546,115.92,124.09,132.083,139.915,147.592,155.108,162.445,169.571,176.441,182.992,189.146,194.808,199.871,204.224,207.767,210.433,212.219,213.218,213.633,213.755,213.886,214.234,214.847,215.654,216.563,217.537,218.582,219.709,220.921,222.216,223.59,225.034,226.538,228.088,229.665,231.244,232.801,234.307,235.732,237.053,238.252,239.332,240.317,241.276,242.338,243.726,245.806
21240.0,80.996,90.106,98.937,107.527,115.892,124.058,132.048,139.877,147.552,155.066,162.401,169.527,176.396,182.948,189.104,194.768,199.835,204.193,207.741,210.413,212.206,213.211,213.63,213.755,213.887,214.235,214.848,215.654,216.563,217.537,218.582,219.709,220.921,222.216,223.59,225.034,226.538,228.088,229.664,231.244,232.801,234.306,235.732,237.052,238.252,239.332,240.317,241.276,242.338,243.726,245.806
21300.0,81.419,90.29,98.987,107.521,115.868,124.026,132.012,139.839,147.511,155.023,162.357,169.482,176.352,182.905,189.062,194.729,199.799,204.162,207.716,210.394,212.193,213.204,213.628,213.755,213.888,214.236,214.848,215.654,216.563,217.537,218.581,219.709,220.921,222.216,223.59,225.034,226.538,228.088,229.664,231.244,232.801,234.306,235.732,237.052,238.252,239.332,240.317,241.276,242.338,243.726,245.806
21360.0,82.003,90.578,99.094,107.539,115.85,123.997,131.978,139.801,147.471,154.981,162.314,169.438,176.307,182.861,189.02,194.69,199.763,204.13,207.69,210.374,212.18,213.196,213.625,213.755,213.889,214.237,214.848,215.654,216.563,217.537,218.581,219.708,220.921,222.216,223.589,225.034,226.538,228.088,229.664,231.244,232.801,234.306,235.732,237.052,238.252,239.331,240.317,241.276,242.338,243.726,245.806
21420.0,82.737,90.971,99.264,107.588,115.845,123.971,131.944,139.764,147.431,154.939,162.27,169.393,176.263,182.817,188.978,194.65,199.728,204.099,207.664,210.355,212.166,213.189,213.622,213.755,213.89,214.237,214.849,215.654,216.563,217.537,218.581,219.708,220.921,222.216,223.589,225.034,226.538,228.088,229.664,231.244,232.801,234.306,235.732,237.052,238.252,239.331,240.317,241.276,242.338,243.726,245.806
21480.0,83.614,91.467,99.5,107.674,115.856,123.95,131.911,139.726,147.391,154.897,162.226,169.349,176.219,182.774,188.936,194.611,199.692,204.068,207.639,210.336,212.153,213.181,213.619,213.755,213.891,214.238,214.849,215.654,216.563,217.537,218.581,219.708,220.921,222.216,223.589,225.034,226.538,228.088,229.664,231.244,232.801,234.306,235.732,237.052,238.252,239.331,240.317,241.276,242.338,243.726,245.806
21540.0,84.626,92.064,99.804,107.8,115.887,123.937,131.881,139.689,147.351,154.855,162.183,169.305,176.174,182.73,188.894,194.572,199.656,204.037,207.613,210.316,212.14,213.174,213.616,213.755,213.892,214.239,214.85,215.654,216.562,217.536,218.581,219.708,220.921,222.216,223.589,225.034,226.538,228.088,229.664,231.244,232.801,234.306,235.732,237.052,238.252,239.331,240.317,241.276,242.338,243.726,245.806
21600.0,85.769,92.76,100.178,107.969,115.941,123.935,131.855,139.654,147.311,154.813,162.14,169.261,176.13,182.687,188.852,194.532,199.621,204.006,207.588,210.297,212.127,213.166,213.613,213.755,213.893,214.24,214.85,215.654,216.562,217.536,218.581,219.708,220.921,222.216,223.589,225.034,226.538,228.088,229.664,231.244,232.801,234.306,235.732,237.052,238.252,239.331,240.317,241.276,242.338,243.726,245.806
21660.0,87.035,93.553,100.623,108.184,116.021,123.945,131.833,139.619,147.271,154.771,162.096,169.216,176.086,182.643,188.81,194.493,199.585,203.975,207.562,210.277,212.113,213.158,213.61,213.754,213.894,214.241,214.85,215.654,216.562,217.536,218.581,219.708,220.921,222.216,223.589,225.034,226.538,228.088,229.664,231.244,232.801,234.306,235.732,237.052,238.252,239.331,240.317,241.276,242.338,243.726,245.806
21720.0,88.42,94.44,101.137,108.447,116.129,123.969,131.817,139.587,147.233,154.729,162.053,169.172,176.042,182.6,188.769,194.454,199.55,203.944,207.537,210.258,212.1,213.151,213.607,213.754,213.895,214.242,214.851,215.654,216.562,217.536,218.581,219.708,220.921,222.216,223.589,225.034,226.538,228.088,229.664,231.244,232.801,234.306,235.732,237.052,238.252,239.331,240.317,241.276,242.338,243.726,245.806
21780.0,89.924,95.421,101.721,108.757,116.267,124.009,131.809,139.557,147.195,154.688,162.01,169.128,175.998,182.557,188.727,194.415,199.514,203.913,207.511,210.238,212.087,213.143,213.604,213.754,213.896,214.243,214.851,215.654,216.562,217.536,218.581,219.708,220.92,222.216,223.589,225.034,226.538,228.088,229.664,231.244,232.801,234.306,235.732,237.052,238.252,239.331,240.317,241.276,242.338,243.726,245.806
21840.0,91.544,96.495,102.376,109.117,116.436,124.066,131.808,139.531,147.158,154.646,161.967,169.085,175.954,182.513,188.685,194.376,199.479,203.882,207.486,210.219,212.073,213.136,213.601,213.754,213.897,214.244,214.852,215.654,216.562,217.536,218.581,219.708,220.92,222.216,223.589,225.034,226.538,228.088,229.664,231.244,232.801,234.306,235.732,237.052,238.252,239.331,240.317,241.276,242.338,243.726,245.806
21900.0,93.29,97.664,103.101,109.528,116.639,124.143,131.818,139.508,147.122,154.606,161.924,169.041,175.91,182.47,188.644,194.337,199.443,203.851,207.46,210.199,212.06,213.128,213.598,213.754,213.898,214.245,214.852,215.654,216.562,217.536,218.581,219.708,220.92,222.216,223.589,225.034,226.538,228.088,229.664,231.244,232.801,234.306,235.732,237.052,238.252,239.331,240.317,241.276,242.338,243.726,245.806
21960.0,95.172,98.936,103.901,109.991,116.876,124.241,131.838,139.49,147.088,154.565,161.881,168.997,175.866,182.427,188.602,194.298,199.408,203.821,207.435,210.18,212.047,213.12,213.594,213.753,213.899,214.246,214.852,215.654,216.562,217.536,218.581,219.708,220.92,222.216,223.589,225.033,226.538,228.088,229.664,231.244,232.801,234.306,235.732,237.052,238.252,239.331,240.317,241.276,242.338,243.726,245.806
22020.0,97.219,100.322,104.779,110.507,117.148,124.36,131.869,139.478,147.056,154.526,161.838,168.953,175.822,182.384,188.561,194.259,199.372,203.79,207.409,210.16,212.033,213.113,213.591,213.753,213.9,214.246,214.853,215.654,216.562,217.536,218.581,219.708,220.92,222.216,223.589,225.033,226.538,228.088,229.664,231.244,232.801,234.306,235.732,237.052,238.252,239.331,240.317,241.276,242.338,243.726,245.806
22080.0,99.522,101.862,105.75,111.083,117.459,124.502,131.913,139.471,147.026,154.487,161.796,168.91,175.778,182.341,188.519,194.22,199.337,203.759,207.384,210.14,212.02,213.105,213.588,213.753,213.901,214.247,214.853,215.654,216.562,217.536,218.581,219.708,220.92,222.215,223.589,225.033,226.538,228.088,229.664,231.244,232.801,234.306,235.732,237.052,238.252,239.331,240.317,241.276,242.338,243.726,245.806
22140.0,101.934,103.52,106.816,111.722,117.81,124.669,131.972,139.472,147.0,154.449,161.754,168.866,175.735,182.298,188.478,194.181,199.302,203.728,207.358,210.121,212.007,213.097,213.585,213.753,213.902,214.248,214.853,215.654,216.562,217.536,218.581,219.708,220.92,222.215,223.589,225.033,226.538,228.088,229.664,231.244,232.801,234.306,235.732,237.052,238.252,239.331,240.317,241.276,242.338,243.726,245.806
22200.0,104.395,105.259,107.964,112.426,118.204,124.862,132.045,139.479,146.976,154.412,161.712,168.823,175.691,182.255,188.437,194.142,199.266,203.697,207.333,210.101,211.993,213.09,213.582,213.752,213.903,214.249,214.854,215.654,216.561,217.536,218.581,219.708,220.92,222.215,223.589,225.033,226.538,228.088,229.664,231.244,232.801,234.306,235.732,237.052,238.252,239.331,240.317,241.276,242.338,243.726,245.806
22260.0,106.881,107.056,109.181,113.191,118.642,125.083,132.134,139.495,146.956,154.377,161.671,168.78,175.648,182.212,188.395,194.104,199.231,203.666,207.307,210.082,211.98,213.082,213.579,213.752,213.904,214.25,214.854,215.654,216.561,217.536,218.581,219.708,220.92,222.215,223.589,225.033,226.538,228.088,229.664,231.244,232.801,234.306,235.732,237.052,238.252,239.331,240.317,241.276,242.338,243.726,245.806
22320.0,109.373,108.894,110.455,114.01,119.123,125.334,132.24,139.52,146.94,154.343,161.63,168.737,175.604,182.169,188.354,194.065,199.196,203.635,207.282,210.062,211.966,213.074,213.576,213.752,213.905,214.251,214.855,215.654,216.561,217.536,218.581,219.708,220.92,222.215,223.589,225.033,226.538,228.088,229.664,231.244,232.801,234.306,235.732,237.052,238.252,239.331,240.317,241.276,242.338,243.726,245.806
22380.0,111.859,110.76,111.775,114.879,119.646,125.613,132.364,139.555,146.929,154.311,161.59,168.694,175.561,182.127,188.313,194.026,199.16,203.605,207.256,210.043,211.953,213.066,213.572,213.752,213.905,214.252,214.855,215.654,216.561,217.535,218.58,219.708,220.92,222.215,223.589,225.033,226.538,228.088,229.664,231.244,232.801,234.306,235.732,237.052,238.252,239.331,240.317,241.276,242.338,243.726,245.806
22440.0,114.329,112.643,113.131,115.79,120.208,125.922,132.507,139.6,146.923,154.281,161.551,168.651,175.518,182.084,188.272,193.987,199.125,203.574,207.231,210.023,211.939,213.059,213.569,213.751,213.906,214.253,214.855,215.654,216.561,217.535,218.58,219.708,220.92,222.215,223.589,225.033,226.538,228.087,229.664,231.244,232.801,234.306,235.732,237.052,238.252,239.331,240.317,241.276,242.338,243.726,245.806
22500.0,116.775,114.534,114.515,116.739,120.806,126.26,132.669,139.656,146.922,154.254,161.513,168.609,175.474,182.041,188.23,193.949,199.09,203.543,207.205,210.004,211.926,213.051,213.566,213.751,213.907,214.253,214.856,215.654,216.561,217.535,218.58,219.708,220.92,222.215,223.589,225.033,226.538,228.087,229.664,231.244,232.801,234.306,235.731,237.052,238.252,239.331,240.317,241.276,242.338,243.726,245.806
22560.0,119.192,116.427,115.922,117.72,121.437,126.625,132.851,139.724,146.927,154.229,161.475,168.567,175.431,181.999,188.189,193.91,199.055,203.512,207.18,209.984,211.912,213.043,213.563,213.751,213.908,214.254,214.856,215.654,216.561,217.535,218.58,219.707,220.92,222.215,223.589,225.033,226.538,228.087,229.664,231.244,232.801,234.306,235.731,237.052,238.252,239.331,240.317,241.276,242.338,243.726,245.806
22620.0,121.576,118.315,117.345,118.729,122.098,127.017,133.052,139.804,146.939,154.206,161.438,168.525,175.388,181.956,188.148,193.872,199.02,203.482,207.154,209.964,211.899,213.035,213.559,213.75,213.909,214.255,214.857,215.654,216.561,217.535,218.58,219.707,220.92,222.215,223.589,225.033,226.538,228.087,229.664,231.244,232.8,234.306,235.731,237.052,238.252,239.331,240.317,241.276,242.338,243.726,245.806
22680.0,123.925,120.196,118.779,119.76,122.787,127.434,133.272,139.896,146.957,154.187,161.403,168.484,175.346,181.914,188.107,193.833,198.985,203.451,207.129,209.945,211.885,213.027,213.556,213.75,213.91,214.256,214.857,215.654,216.561,217.535,218.58,219.707,220.92,222.215,223.589,225.033,226.537,228.087,229.664,231.244,232.8,234.306,235.731,237.052,238.252,239.331,240.317,241.276,242.338,243.726,245.806
22740.0,126.236,122.064,120.221,120.811,123.5,127.875,133.511,140.001,146.982,154.172,161.369,168.443,175.303,181.871,188.066,193.794,198.95,203.42,207.103,209.925,211.872,213.019,213.553,213.75,213.911,214.257,214.857,215.654,216.561,217.535,218.58,219.707,220.92,222.215,223.588,225.033,226.537,228.087,229.664,231.243,232.8,234.306,235.731,237.052,238.252,239.331,240.317,241.276,242.338,243.726,245.806
22800.0,128.51,123.919,121.667,121.879,124.235,128.338,133.769,140.118,147.015,154.16,161.337,168.403,175.261,181.829,188.026,193.756,198.914,203.39,207.078,209.906,211.858,213.011,213.549,213.749,213.912,214.258,214.858,215.654,216.561,217.535,218.58,219.707,220.92,222.215,223.588,225.033,226.537,228.087,229.664,231.243,232.8,234.306,235.731,237.052,238.252,239.331,240.317,241.276,242.338,243.726,245.806
22860.0,130.745,125.757,123.114,122.96,124.99,128.821,134.044,140.248,147.055,154.152,161.306,168.363,175.218,181.787,187.985,193.718,198.879,203.359,207.052,209.886,211.845,213.003,213.546,213.749,213.912,214.259,214.858,215.654,216.561,217.535,218.58,219.707,220.92,222.215,223.588,225.033,226.537,228.087,229.664,231.243,232.8,234.306,235.731,237.052,238.252,239.331,240.317,241.276,242.338,243.726,245.806
22920.0,132.941,127.578,124.56,124.051,125.763,129.324,134.336,140.391,147.104,154.148,161.277,168.325,175.176,181.745,187.944,193.679,198.844,203.328,207.027,209.867,211.831,212.995,213.542,213.748,213.913,214.259,214.859,215.655,216.56,217.535,218.58,219.707,220.92,222.215,223.588,225.033,226.537,228.087,229.664,231.243,232.8,234.306,235.731,237.052,238.252,239.331,240.317,241.276,242.338,243.726,245.806
22980.0,135.1,129.38,126.004,125.151,126.551,129.844,134.645,140.547,147.16,154.148,161.25,168.286,175.135,181.703,187.903,193.641,198.81,203.298,207.002,209.847,211.818,212.987,213.539,213.748,213.914,214.26,214.859,215.655,216.56,217.535,218.58,219.707,220.919,222.215,223.588,225.033,226.537,228.087,229.664,231.243,232.8,234.306,235.731,237.052,238.252,239.331,240.317,241.276,242.338,243.726,245.806
23040.0,137.221,131.163,127.443,126.258,127.352,130.382,134.969,140.714,147.225,154.153,161.225,168.249,175.093,181.661,187.863,193.603,198.775,203.267,206.976,209.827,211.804,212.98,213.536,213.747,213.915,214.261,214.859,215.655,216.56,217.535,218.58,219.707,220.919,222.215,223.588,225.033,226.537,228.087,229.663,231.243,232.8,234.306,235.731,237.052,238.252,239.331,240.317,241.276,242.338,243.726,245.806
23100.0,139.306,132.926,128.877,127.37,128.166,130.934,135.308,140.894,147.298,154.163,161.203,168.213,175.052,181.619,187.822,193.564,198.74,203.236,206.951,209.808,211.79,212.972,213.532,213.747,213.916,214.262,214.86,215.655,216.56,217.535,218.58,219.707,220.919,222.215,223.588,225.033,226.537,228.087,229.663,231.243,232.8,234.306,235.731,237.052,238.252,239.331,240.317,241.276,242.338,243.726,245.806
23160.0,141.355,134.669,130.303,128.486,128.99,131.5,135.662,141.086,147.379,154.177,161.183,168.177,175.011,181.577,187.781,193.526,198.705,203.206,206.925,209.788,211.777,212.963,213.529,213.746,213.917,214.263,214.86,215.655,216.56,217.534,218.58,219.707,220.919,222.215,223.588,225.033,226.537,228.087,229.663,231.243,232.8,234.306,235.731,237.052,238.252,239.331,240.317,241.276,242.338,243.726,245.806
23220.0,143.37,136.392,131.723,129.604,129.823,132.08,136.028,141.289,147.468,154.197,161.165,168.143,174.971,181.536,187.741,193.488,198.67,203.175,206.9,209.768,211.763,212.955,213.525,213.746,213.917,214.264,214.861,215.655,216.56,217.534,218.58,219.707,220.919,222.215,223.588,225.033,226.537,228.087,229.663,231.243,232.8,234.306,235.731,237.052,238.252,239.331,240.317,241.276,242.338,243.726,245.806
23280.0,145.351,138.096,133.134,130.723,130.665,132.671,136.408,141.503,147.566,154.221,161.15,168.109,174.931,181.494,187.701,193.45,198.635,203.145,206.875,209.749,211.75,212.947,213.522,213.745,213.918,214.265,214.861,215.655,216.56,217.534,218.58,219.707,220.919,222.215,223.588,225.033,226.537,228.087,229.663,231.243,232.8,234.306,235.731,237.052,238.252,239.331,240.317,241.276,242.338,243.726,245.806
23340.0,147.299,139.779,134.537,131.842,131.513,133.273,136.8,141.729,147.672,154.251,161.138,168.077,174.891,181.453,187.66,193.412,198.6,203.114,206.849,209.729,211.736,212.939,213.518,213.745,213.919,214.265,214.861,215.655,216.56,217.534,218.58,219.707,220.919,222.214,223.588,225.033,226.537,228.087,229.663,231.243,232.8,234.306,235.731,237.052,238.252,239.331,240.317,241.276,242.338,243.726,245.806
23400.0,149.216,141.443,135.93,132.962,132.368,133.885,137.203,141.965,147.786,154.286,161.128,168.047,174.852,181.412,187.62,193.374,198.566,203.084,206.824,209.71,211.722,212.931,213.515,213.744,213.92,214.266,214.862,215.655,216.56,217.534,218.58,219.707,220.919,222.214,223.588,225.032,226.537,228.087,229.663,231.243,232.8,234.306,235.731,237.052,238.252,239.331,240.317,241.276,242.338,243.726,245.806
23460.0,151.102,143.088,137.314,134.08,133.228,134.506,137.616,142.211,147.908,154.327,161.122,168.017,174.814,181.371,187.58,193.336,198.531,203.053,206.798,209.69,211.708,212.923,213.511,213.744,213.92,214.267,214.862,215.655,216.56,217.534,218.579,219.707,220.919,222.214,223.588,225.032,226.537,228.087,229.663,231.243,232.8,234.306,235.731,237.052,238.252,239.331,240.317,241.276,242.338,243.726,245.806
23520.0,152.958,144.713,138.689,135.197,134.092,135.136,138.04,142.466,148.038,154.373,161.119,167.989,174.776,181.331,187.54,193.298,198.496,203.023,206.773,209.67,211.695,212.915,213.508,213.743,213.921,214.268,214.863,215.655,216.56,217.534,218.579,219.707,220.919,222.214,223.588,225.032,226.537,228.087,229.663,231.243,232.8,234.306,235.731,237.052,238.252,239.331,240.317,241.276,242.338,243.726,245.806
23580.0,154.786,146.32,140.054,136.311,134.96,135.774,138.474,142.731,148.176,154.424,161.118,167.963,174.739,181.29,187.5,193.26,198.461,202.992,206.748,209.651,211.681,212.907,213.504,213.743,213.922,214.269,214.863,215.655,216.56,217.534,218.579,219.707,220.919,222.214,223.588,225.032,226.537,228.087,229.663,231.243,232.8,234.306,235.731,237.052,238.252,239.331,240.317,241.276,242.338,243.726,245.806
23640.0,156.586,147.908,141.409,137.423,135.831,136.418,138.916,143.006,148.322,154.481,161.122,167.938,174.702,181.25,187.46,193.222,198.427,202.962,206.722,209.631,211.667,212.899,213.5,213.742,213.923,214.27,214.863,215.655,216.559,217.534,218.579,219.707,220.919,222.214,223.588,225.032,226.537,228.087,229.663,231.243,232.8,234.306,235.731,237.052,238.252,239.331,240.317,241.276,242.338,243.726,245.806
23700.0,158.359,149.479,142.755,138.532,136.705,137.069,139.367,143.289,148.475,154.544,161.128,167.915,174.666,181.21,187.42,193.184,198.392,202.932,206.697,209.611,211.654,212.891,213.497,213.742,213.924,214.27,214.864,215.655,216.559,217.534,218.579,219.707,220.919,222.214,223.588,225.032,226.537,228.087,229.663,231.243,232.8,234.306,235.731,237.052,238.252,239.331,240.317,241.276,242.338,243.726,245.806
23760.0,160.106,151.032,144.09,139.638,137.581,137.726,139.826,143.58,148.635,154.611,161.138,167.894,174.631,181.17,187.38,193.146,198.358,202.901,206.672,209.592,211.64,212.882,213.493,213.741,213.924,214.271,214.864,215.655,216.559,217.534,218.579,219.707,220.919,222.214,223.588,225.032,226.537,228.087,229.663,231.243,232.8,234.306,235.731,237.052,238.252,239.331,240.317,241.276,242.338,243.726,245.807
23820.0,161.828,152.567,145.416,140.74,138.458,138.388,140.293,143.88,148.803,154.684,161.151,167.874,174.597,181.131,187.34,193.108,198.323,202.871,206.646,209.572,211.626,212.874,213.49,213.74,213.925,214.272,214.865,215.655,216.559,217.534,218.579,219.706,220.919,222.214,223.588,225.032,226.537,228.087,229.663,231.243,232.8,234.305,235.731,237.052,238.252,239.331,240.317,241.276,242.338,243.726,245.807
23880.0,163.525,154.086,146.731,141.839,139.337,139.055,140.766,144.187,148.977,154.763,161.168,167.857,174.563,181.092,187.301,193.071,198.288,202.84,206.621,209.552,211.612,212.866,213.486,213.74,213.926,214.273,214.865,215.655,216.559,217.534,218.579,219.706,220.919,222.214,223.588,225.032,226.537,228.087,229.663,231.243,232.8,234.305,235.731,237.052,238.252,239.331,240.317,241.276,242.338,243.726,245.807
23940.0,165.199,155.589,148.037,142.933,140.217,139.727,141.247,144.501,149.159,154.847,161.188,167.841,174.53,181.054,187.262,193.033,198.254,202.81,206.596,209.533,211.599,212.858,213.482,213.739,213.926,214.274,214.865,215.655,216.559,217.534,218.579,219.706,220.919,222.214,223.588,225.032,226.537,228.087,229.663,231.243,232.8,234.305,235.731,237.052,238.252,239.331,240.317,241.276,242.338,243.726,245.807
24000.0,166.85,157.075,149.333,144.024,141.097,140.403,141.733,144.823,149.347,154.936,161.212,167.827,174.499,181.015,187.222,192.996,198.219,202.78,206.57,209.513,211.585,212.849,213.479,213.738,213.927,214.275,214.866,215.655,216.559,217.533,218.579,219.706,220.919,222.214,223.588,225.032,226.537,228.087,229.663,231.243,232.8,234.305,235.731,237.052,238.252,239.331,240.317,241.276,242.338,243.726,245.807
24060.0,168.479,158.545,150.62,145.11,141.978,141.082,142.226,145.152,149.541,155.03,161.239,167.816,174.468,180.977,187.183,192.958,198.185,202.749,206.545,209.493,211.571,212.841,213.475,213.738,213.928,214.275,214.866,215.655,216.559,217.533,218.579,219.706,220.919,222.214,223.588,225.032,226.537,228.087,229.663,231.243,232.8,234.305,235.731,237.052,238.252,239.331,240.317,241.276,242.338,243.726,245.807
24120.0,170.086,160.0,151.897,146.192,142.858,141.765,142.724,145.487,149.742,155.129,161.27,167.806,174.438,180.94,187.144,192.921,198.151,202.719,206.52,209.474,211.557,212.833,213.471,213.737,213.929,214.276,214.867,215.655,216.559,217.533,218.579,219.706,220.919,222.214,223.587,225.032,226.537,228.086,229.663,231.243,232.8,234.305,235.731,237.052,238.252,239.331,240.317,241.276,242.338,243.726,245.807
24180.0,171.672,161.44,153.164,147.27,143.739,142.451,143.228,145.828,149.949,155.234,161.304,167.799,174.41,180.903,187.105,192.883,198.116,202.689,206.494,209.454,211.543,212.825,213.467,213.736,213.929,214.277,214.867,215.655,216.559,217.533,218.579,219.706,220.919,222.214,223.587,225.032,226.537,228.086,229.663,231.243,232.8,234.305,235.731,237.052,238.252,239.331,240.317,241.276,242.338,243.726,245.807
24240.0,173.238,162.865,154.423,148.343,144.619,143.14,143.736,146.176,150.162,155.343,161.342,167.793,174.382,180.866,187.067,192.846,198.082,202.659,206.469,209.434,211.529,212.816,213.464,213.736,213.93,214.278,214.867,215.655,216.559,217.533,218.579,219.706,220.918,222.214,223.587,225.032,226.536,228.086,229.663,231.243,232.8,234.305,235.731,237.052,238.252,239.331,240.317,241.276,242.338,243.726,245.807
24300.0,174.784,164.276,155.671,149.411,145.498,143.831,144.25,146.529,150.381,155.458,161.384,167.79,174.356,180.83,187.028,192.809,198.048,202.628,206.444,209.415,211.516,212.808,213.46,213.735,213.931,214.279,214.868,215.655,216.559,217.533,218.579,219.706,220.918,222.214,223.587,225.032,226.536,228.086,229.663,231.243,232.8,234.305,235.731,237.052,238.252,239.331,240.317,241.276,242.338,243.727,245.807
24360.0,176.311,165.672,156.911,150.475,146.377,144.525,144.767,146.888,150.605,155.577,161.429,167.79,174.331,180.795,186.99,192.772,198.013,202.598,206.419,209.395,211.502,212.8,213.456,213.734,213.931,214.279,214.868,215.656,216.559,217.533,218.579,219.706,220.918,222.214,223.587,225.032,226.536,228.086,229.663,231.243,232.8,234.305,235.731,237.052,238.252,239.331,240.317,241.276,242.338,243.727,245.807
24420.0,177.819,167.055,158.142,151.534,147.254,145.221,145.289,147.252,150.835,155.702,161.478,167.791,174.307,180.76,186.952,192.734,197.979,202.568,206.393,209.375,211.488,212.791,213.452,213.733,213.932,214.28,214.869,215.656,216.558,217.533,218.579,219.706,220.918,222.214,223.587,225.032,226.536,228.086,229.663,231.243,232.8,234.305,235.731,237.052,238.252,239.331,240.317,241.276,242.338,243.727,245.807
24480.0,179.309,168.424,159.364,152.588,148.131,145.918,145.815,147.622,151.07,155.83,161.531,167.795,174.284,180.725,186.914,192.697,197.945,202.538,206.368,209.355,211.474,212.783,213.448,213.732,213.932,214.281,214.869,215.656,216.558,217.533,218.579,219.706,220.918,222.214,223.587,225.032,226.536,228.086,229.663,231.243,232.8,234.305,235.731,237.052,238.252,239.331,240.317,241.276,242.338,243.727,245.807
24540.0,180.781,169.78,160.576,153.638,149.007,146.618,146.345,147.996,151.311,155.964,161.587,167.801,174.262,180.691,186.877,192.66,197.911,202.508,206.343,209.336,211.46,212.774,213.444,213.732,213.933,214.282,214.869,215.656,216.558,217.533,218.578,219.706,220.918,222.214,223.587,225.032,226.536,228.086,229.663,231.243,232.8,234.305,235.731,237.052,238.252,239.331,240.317,241.276,242.338,243.727,245.807
24600.0,182.235,171.123,161.781,154.683,149.881,147.319,146.878,148.375,151.556,156.102,161.646,167.809,174.242,180.658,186.839,192.624,197.877,202.477,206.318,209.316,211.446,212.766,213.441,213.731,213.934,214.283,214.87,215.656,216.558,217.533,218.578,219.706,220.918,222.214,223.587,225.032,226.536,228.086,229.663,231.243,232.8,234.305,235.731,237.052,238.252,239.331,240.317,241.276,242.338,243.727,245.807
24660.0,183.673,172.453,162.976,155.723,150.753,148.021,147.415,148.759,151.807,156.245,161.709,167.82,174.223,180.625,186.802,192.587,197.843,202.447,206.292,209.296,211.432,212.758,213.437,213.73,213.934,214.283,214.87,215.656,216.558,217.533,218.578,219.706,220.918,222.213,223.587,225.032,226.536,228.086,229.663,231.243,232.8,234.305,235.731,237.052,238.252,239.331,240.317,241.276,242.338,243.727,245.807
24720.0,185.094,173.771,164.164,156.759,151.625,148.724,147.954,149.147,152.062,156.392,161.776,167.833,174.206,180.593,186.766,192.55,197.809,202.417,206.267,209.277,211.418,212.749,213.433,213.729,213.935,214.284,214.871,215.656,216.558,217.533,218.578,219.706,220.918,222.213,223.587,225.032,226.536,228.086,229.663,231.242,232.8,234.305,235.731,237.052,238.252,239.331,240.317,241.276,242.338,243.727,245.807
24780.0,186.5,175.076,165.342,157.789,152.494,149.428,148.497,149.539,152.322,156.543,161.846,167.849,174.189,180.562,186.729,192.514,197.775,202.387,206.242,209.257,211.404,212.741,213.429,213.728,213.936,214.285,214.871,215.656,216.558,217.532,218.578,219.706,220.918,222.213,223.587,225.031,226.536,228.086,229.662,231.242,232.8,234.305,235.731,237.052,238.252,239.331,240.317,241.276,242.338,243.727,245.807
24840.0,187.889,176.37,166.513,158.815,153.362,150.134,149.042,149.935,152.586,156.699,161.919,167.866,174.175,180.531,186.693,192.477,197.741,202.357,206.217,209.237,211.39,212.732,213.425,213.728,213.936,214.286,214.872,215.656,216.558,217.532,218.578,219.706,220.918,222.213,223.587,225.031,226.536,228.086,229.662,231.242,232.799,234.305,235.731,237.052,238.252,239.331,240.317,241.276,242.338,243.727,245.807
24900.0,189.264,177.652,167.675,159.836,154.229,150.84,149.59,150.335,152.855,156.858,161.996,167.887,174.161,180.501,186.657,192.441,197.707,202.327,206.191,209.217,211.376,212.724,213.421,213.727,213.937,214.287,214.872,215.656,216.558,217.532,218.578,219.706,220.918,222.213,223.587,225.031,226.536,228.086,229.662,231.242,232.799,234.305,235.731,237.052,238.252,239.331,240.317,241.276,242.338,243.727,245.807
24960.0,190.623,178.922,168.83,160.853,155.093,151.546,150.141,150.739,153.127,157.022,162.076,167.909,174.149,180.472,186.621,192.405,197.673,202.297,206.166,209.198,211.362,212.715,213.417,213.726,213.937,214.287,214.872,215.656,216.558,217.532,218.578,219.706,220.918,222.213,223.587,225.031,226.536,228.086,229.662,231.242,232.799,234.305,235.731,237.052,238.252,239.331,240.317,241.276,242.338,243.727,245.807
25020.0,191.968,180.181,169.976,161.864,155.956,152.253,150.694,151.146,153.405,157.19,162.16,167.934,174.139,180.443,186.586,192.369,197.639,202.267,206.141,209.178,211.348,212.707,213.413,213.725,213.938,214.288,214.873,215.656,216.558,217.532,218.578,219.705,220.918,222.213,223.587,225.031,226.536,228.086,229.662,231.242,232.799,234.305,235.731,237.052,238.252,239.331,240.317,241.276,242.338,243.727,245.807
25080.0,193.298,181.428,171.114,162.871,156.817,152.961,151.249,151.557,153.686,157.362,162.247,167.962,174.13,180.416,186.551,192.333,197.605,202.237,206.116,209.158,211.334,212.698,213.409,213.724,213.939,214.289,214.873,215.656,216.558,217.532,218.578,219.705,220.918,222.213,223.587,225.031,226.536,228.086,229.662,231.242,232.799,234.305,235.731,237.051,238.252,239.331,240.317,241.276,242.338,243.727,245.807
25140.0,194.615,182.665,172.245,163.874,157.675,153.669,151.807,151.971,153.971,157.537,162.337,167.992,174.123,180.389,186.516,192.297,197.572,202.207,206.091,209.139,211.32,212.689,213.405,213.723,213.939,214.29,214.874,215.656,216.558,217.532,218.578,219.705,220.918,222.213,223.587,225.031,226.536,228.086,229.662,231.242,232.799,234.305,235.731,237.051,238.252,239.331,240.317,241.276,242.338,243.727,245.807
25200.0,195.917,183.891,173.368,164.871,158.532,154.377,152.366,152.389,154.259,157.717,162.43,168.024,174.117,180.363,186.482,192.261,197.538,202.177,206.065,209.119,211.306,212.681,213.401,213.722,213.94,214.291,214.874,215.656,216.557,217.532,218.578,219.705,220.918,222.213,223.587,225.031,226.536,228.086,229.662,231.242,232.799,234.305,235.731,237.051,238.252,239.331,240.317,241.276,242.338,243.727,245.807
25260.0,197.207,185.107,174.484,165.864,159.387,155.086,152.928,152.809,154.552,157.9,162.527,168.059,174.112,180.338,186.448,192.226,197.504,202.147,206.04,209.099,211.292,212.672,213.397,213.721,213.94,214.291,214.874,215.656,216.557,217.532,218.578,219.705,220.918,222.213,223.587,225.031,226.536,228.086,229.662,231.242,232.799,234.305,235.731,237.051,238.252,239.331,240.317,241.276,242.338,243.727,245.807
25320.0,198.483,186.312,175.592,166.853,160.239,155.794,153.491,153.233,154.848,158.087,162.627,168.096,174.11,180.313,186.415,192.191,197.471,202.117,206.015,209.079,211.278,212.664,213.393,213.72,213.941,214.292,214.875,215.656,216.557,217.532,218.578,219.705,220.918,222.213,223.587,225.031,226.536,228.086,229.662,231.242,232.799,234.305,235.731,237.051,238.251,239.331,240.317,241.276,242.338,243.727,245.807
25380.0,199.746,187.506,176.693,167.836,161.09,156.502,154.055,153.659,155.147,158.277,162.73,168.136,174.108,180.29,186.382,192.155,197.437,202.087,205.99,209.06,211.264,212.655,213.389,213.719,213.941,214.293,214.875,215.656,216.557,217.532,218.578,219.705,220.918,222.213,223.587,225.031,226.536,228.086,229.662,231.242,232.799,234.305,235.731,237.051,238.251,239.331,240.317,241.276,242.338,243.727,245.807
25440.0,200.997,188.691,177.786,168.815,161.938,157.211,154.622,154.088,155.45,158.471,162.836,168.178,174.109,180.267,186.349,192.12,197.404,202.058,205.965,209.04,211.25,212.646,213.385,213.718,213.942,214.294,214.876,215.657,216.557,217.532,218.578,219.705,220.918,222.213,223.586,225.031,226.536,228.086,229.662,231.242,232.799,234.305,235.731,237.051,238.251,239.331,240.317,241.276,242.338,243.727,245.807
25500.0,202.236,189.866,178.872,169.79,162.784,157.919,155.19,154.52,155.757,158.668,162.945,168.222,174.111,180.245,186.317,192.086,197.371,202.028,205.94,209.02,211.236,212.638,213.38,213.717,213.942,214.294,214.876,215.657,216.557,217.532,218.578,219.705,220.917,222.213,223.586,225.031,226.536,228.086,229.662,231.242,232.799,234.305,235.731,237.051,238.251,239.331,240.317,241.276,242.338,243.727,245.807
25560.0,203.462,191.031,179.951,170.76,163.628,158.627,155.759,154.954,156.066,158.868,163.057,168.268,174.114,180.224,186.285,192.051,197.337,201.998,205.915,209.0,211.222,212.629,213.376,213.716,213.943,214.295,214.876,215.657,216.557,217.532,218.578,219.705,220.917,222.213,223.586,225.031,226.536,228.086,229.662,231.242,232.799,234.305,235.73,237.051,238.251,239.331,240.317,241.276,242.338,243.727,245.807
25620.0,204.676,192.187,181.023,171.725,164.47,159.335,156.33,155.391,156.379,159.072,163.172,168.318,174.119,180.205,186.254,192.016,197.304,201.968,205.89,208.981,211.208,212.62,213.372,213.715,213.943,214.296,214.877,215.657,216.557,217.531,218.577,219.705,220.917,222.213,223.586,225.031,226.536,228.086,229.662,231.242,232.799,234.305,235.73,237.051,238.251,239.331,240.317,241.276,242.338,243.727,245.807
25680.0,205.879,193.333,182.088,172.686,165.309,160.042,156.901,155.83,156.694,159.279,163.29,168.369,174.126,180.186,186.223,191.982,197.271,201.939,205.864,208.961,211.194,212.612,213.368,213.714,213.944,214.297,214.877,215.657,216.557,217.531,218.577,219.705,220.917,222.213,223.586,225.031,226.536,228.086,229.662,231.242,232.799,234.305,235.73,237.051,238.251,239.331,240.317,241.276,242.338,243.727,245.807
25740.0,207.07,194.47,183.147,173.642,166.146,160.749,157.475,156.271,157.013,159.489,163.411,168.423,174.135,180.168,186.192,191.948,197.238,201.909,205.839,208.941,211.18,212.603,213.364,213.713,213.944,214.297,214.878,215.657,216.557,217.531,218.577,219.705,220.917,222.213,223.586,225.031,226.535,228.085,229.662,231.242,232.799,234.305,235.73,237.051,238.251,239.331,240.317,241.276,242.338,243.727,245.807
25800.0,208.25,195.598,184.198,174.594,166.981,161.456,158.049,156.715,157.334,159.703,163.535,168.479,174.145,180.151,186.162,191.914,197.205,201.879,205.814,208.921,211.165,212.594,213.36,213.712,213.945,214.298,214.878,215.657,216.557,217.531,218.577,219.705,220.917,222.213,223.586,225.031,226.535,228.085,229.662,231.242,232.799,234.305,235.73,237.051,238.251,239.331,240.317,241.276,242.338,243.727,245.807
25860.0,209.419,196.717,185.243,175.541,167.813,162.162,158.624,157.161,157.659,159.919,163.662,168.537,174.156,180.135,186.133,191.881,197.172,201.85,205.789,208.902,211.151,212.585,213.355,213.711,213.945,214.299,214.878,215.657,216.557,217.531,218.577,219.705,220.917,222.213,223.586,225.031,226.535,228.085,229.662,231.242,232.799,234.305,235.73,237.051,238.251,239.331,240.317,241.276,242.338,243.727,245.807
25920.0,210.577,197.827,186.28,176.484,168.643,162.868,159.2,157.609,157.986,160.139,163.791,168.598,174.169,180.119,186.104,191.847,197.139,201.82,205.764,208.882,211.137,212.577,213.351,213.71,213.946,214.3,214.879,215.657,216.557,217.531,218.577,219.705,220.917,222.212,223.586,225.031,226.535,228.085,229.662,231.242,232.799,234.305,235.73,237.051,238.251,239.331,240.317,241.276,242.338,243.727,245.807
25980.0,211.725,198.928,187.312,177.423,169.471,163.573,159.777,158.059,158.316,160.361,163.924,168.661,174.184,180.105,186.076,191.814,197.106,201.79,205.739,208.862,211.123,212.568,213.347,213.709,213.946,214.3,214.879,215.657,216.557,217.531,218.577,219.705,220.917,222.212,223.586,225.031,226.535,228.085,229.662,231.242,232.799,234.305,235.73,237.051,238.251,239.331,240.317,241.276,242.338,243.727,245.807
26040.0,212.862,200.021,188.337,178.357,170.297,164.277,160.355,158.511,158.648,160.586,164.059,168.726,174.201,180.092,186.048,191.781,197.074,201.761,205.714,208.842,211.109,212.559,213.343,213.708,213.947,214.301,214.88,215.657,216.557,217.531,218.577,219.705,220.917,222.212,223.586,225.031,226.535,228.085,229.662,231.242,232.799,234.305,235.73,237.051,238.251,239.331,240.317,241.276,242.338,243.727,245.807
26100.0,213.989,201.105,189.355,179.287,171.119,164.981,160.934,158.964,158.983,160.814,164.196,168.793,174.219,180.08,186.021,191.748,197.041,201.731,205.689,208.822,211.095,212.55,213.338,213.707,213.947,214.302,214.88,215.657,216.556,217.531,218.577,219.705,220.917,222.212,223.586,225.031,226.535,228.085,229.662,231.242,232.799,234.305,235.73,237.051,238.251,239.331,240.317,241.276,242.338,243.727,245.807
26160.0,215.105,202.18,190.367,180.212,171.94,165.684,161.513,159.42,159.32,161.045,164.337,168.863,174.239,180.069,185.994,191.716,197.009,201.702,205.664,208.803,211.08,212.541,213.334,213.705,213.948,214.303,214.881,215.657,216.556,217.531,218.577,219.705,220.917,222.212,223.586,225.031,226.535,228.085,229.662,231.242,232.799,234.305,235.73,237.051,238.251,239.331,240.317,241.276,242.338,243.727,245.807
26220.0,216.212,203.248,191.372,181.133,172.758,166.387,162.093,159.877,159.66,161.278,164.48,168.935,174.26,180.06,185.968,191.684,196.977,201.672,205.639,208.783,211.066,212.533,213.33,213.704,213.948,214.303,214.881,215.657,216.556,217.531,218.577,219.704,220.917,222.212,223.586,225.03,226.535,228.085,229.662,231.242,232.799,234.305,235.73,237.051,238.251,239.331,240.317,241.276,242.338,243.727,245.807
26280.0,217.308,204.307,192.371,182.05,173.574,167.089,162.674,160.336,160.002,161.514,164.625,169.009,174.284,180.051,185.942,191.652,196.944,201.643,205.614,208.763,211.052,212.524,213.325,213.703,213.948,214.304,214.881,215.657,216.556,217.531,218.577,219.704,220.917,222.212,223.586,225.03,226.535,228.085,229.662,231.242,232.799,234.305,235.73,237.051,238.251,239.331,240.317,241.276,242.338,243.727,245.807
26340.0,218.396,205.358,193.365,182.962,174.387,167.789,163.255,160.796,160.347,161.753,164.773,169.085,174.308,180.043,185.917,191.62,196.912,201.614,205.589,208.743,211.038,212.515,213.321,213.702,213.949,214.305,214.882,215.658,216.556,217.531,218.577,219.704,220.917,222.212,223.586,225.03,226.535,228.085,229.662,231.242,232.799,234.305,235.73,237.051,238.251,239.331,240.317,241.276,242.338,243.727,245.807
26400.0,219.473,206.401,194.351,183.871,175.198,168.489,163.837,161.258,160.693,161.994,164.924,169.164,174.335,180.036,185.893,191.589,196.88,201.584,205.564,208.724,211.024,212.506,213.317,213.701,213.949,214.305,214.882,215.658,216.556,217.531,218.577,219.704,220.917,222.212,223.586,225.03,226.535,228.085,229.662,231.242,232.799,234.304,235.73,237.051,238.251,239.331,240.317,241.276,242.338,243.727,245.807
26460.0,220.541,207.436,195.332,184.774,176.006,169.189,164.419,161.722,161.042,162.238,165.077,169.245,174.363,180.031,185.869,191.558,196.848,201.555,205.539,208.704,211.009,212.497,213.312,213.7,213.95,214.306,214.883,215.658,216.556,217.53,218.577,219.704,220.917,222.212,223.586,225.03,226.535,228.085,229.662,231.242,232.799,234.304,235.73,237.051,238.251,239.331,240.317,241.276,242.338,243.727,245.807
26520.0,221.6,208.464,196.307,185.674,176.812,169.887,165.002,162.187,161.393,162.484,165.233,169.328,174.393,180.026,185.846,191.527,196.817,201.526,205.514,208.684,210.995,212.488,213.308,213.698,213.95,214.307,214.883,215.658,216.556,217.53,218.577,219.704,220.917,222.212,223.586,225.03,226.535,228.085,229.662,231.242,232.799,234.304,235.73,237.051,238.251,239.331,240.317,241.276,242.338,243.727,245.807
26580.0,222.65,209.483,197.275,186.57,177.615,170.584,165.585,162.653,161.746,162.733,165.391,169.412,174.424,180.023,185.823,191.496,196.785,201.497,205.489,208.664,210.981,212.479,213.304,213.697,213.95,214.308,214.883,215.658,216.556,217.53,218.577,219.704,220.917,222.212,223.586,225.03,226.535,228.085,229.661,231.242,232.799,234.304,235.73,237.051,238.251,239.331,240.317,241.276,242.338,243.727,245.807
26640.0,223.691,210.496,198.238,187.461,178.416,171.28,166.168,163.121,162.101,162.984,165.551,169.5,174.457,180.02,185.801,191.466,196.753,201.468,205.464,208.645,210.967,212.47,213.299,213.696,213.951,214.308,214.884,215.658,216.556,217.53,218.577,219.704,220.917,222.212,223.586,225.03,226.535,228.085,229.661,231.242,232.799,234.304,235.73,237.051,238.251,239.331,240.317,241.276,242.338,243.727,245.807
26700.0,224.723,211.5,199.195,188.348,179.215,171.976,166.752,163.59,162.459,163.237,165.714,169.589,174.492,180.019,185.78,191.436,196.722,201.438,205.439,208.625,210.952,212.461,213.295,213.695,213.951,214.309,214.884,215.658,216.556,217.53,218.576,219.704,220.917,222.212,223.586,225.03,226.535,228.085,229.661,231.241,232.799,234.304,235.73,237.051,238.251,239.331,240.317,241.276,242.338,243.727,245.807
26760.0,225.747,212.498,200.146,189.231,180.01,172.67,167.336,164.06,162.818,163.493,165.879,169.68,174.528,180.019,185.759,191.407,196.691,201.409,205.414,208.605,210.938,212.452,213.29,213.693,213.951,214.31,214.885,215.658,216.556,217.53,218.576,219.704,220.916,222.212,223.586,225.03,226.535,228.085,229.661,231.241,232.799,234.304,235.73,237.051,238.251,239.331,240.317,241.276,242.338,243.727,245.807
26820.0,226.762,213.488,201.091,190.109,180.804,173.363,167.92,164.532,163.178,163.751,166.046,169.773,174.566,180.02,185.739,191.377,196.66,201.38,205.39,208.585,210.924,212.443,213.286,213.692,213.952,214.31,214.885,215.658,216.556,217.53,218.576,219.704,220.916,222.212,223.585,225.03,226.535,228.085,229.661,231.241,232.799,234.304,235.73,237.051,238.251,239.331,240.317,241.276,242.338,243.727,245.807
26880.0,227.768,214.471,202.031,190.984,181.594,174.056,168.504,165.004,163.541,164.011,166.216,169.869,174.605,180.022,185.72,191.349,196.629,201.352,205.365,208.565,210.909,212.434,213.281,213.691,213.952,214.311,214.885,215.658,216.556,217.53,218.576,219.704,220.916,222.212,223.585,225.03,226.535,228.085,229.661,231.241,232.799,234.304,235.73,237.051,238.251,239.331,240.317,241.276,242.338,243.727,245.807
26940.0,228.766,215.446,202.964,191.854,182.383,174.747,169.088,165.478,163.906,164.273,166.388,169.966,174.646,180.025,185.701,191.32,196.598,201.323,205.34,208.546,210.895,212.425,213.277,213.689,213.953,214.312,214.886,215.658,216.556,217.53,218.576,219.704,220.916,222.212,223.585,225.03,226.535,228.085,229.661,231.241,232.799,234.304,235.73,237.051,238.251,239.331,240.317,241.276,242.338,243.727,245.807
27000.0,229.756,216.415,203.892,192.721,183.168,175.437,169.673,165.953,164.272,164.537,166.562,170.065,174.689,180.029,185.683,191.292,196.567,201.294,205.315,208.526,210.881,212.416,213.272,213.688,213.953,214.313,214.886,215.658,216.555,217.53,218.576,219.704,220.916,222.212,223.585,225.03,226.535,228.085,229.661,231.241,232.799,234.304,235.73,237.051,238.251,239.331,240.317,241.276,242.338,243.727,245.807
27060.0,230.738,217.376,204.815,193.583,183.951,176.126,170.258,166.429,164.64,164.804,166.738,170.167,174.733,180.035,185.666,191.264,196.537,201.265,205.29,208.506,210.866,212.407,213.268,213.687,213.953,214.313,214.887,215.658,216.555,217.53,218.576,219.704,220.916,222.212,223.585,225.03,226.535,228.085,229.661,231.241,232.798,234.304,235.73,237.051,238.251,239.331,240.317,241.276,242.338,243.727,245.807
27120.0,231.712,218.331,205.732,194.441,184.732,176.814,170.842,166.905,165.01,165.072,166.917,170.27,174.779,180.041,185.649,191.236,196.506,201.236,205.265,208.486,210.852,212.398,213.263,213.685,213.953,214.314,214.887,215.659,216.555,217.53,218.576,219.704,220.916,222.212,223.585,225.03,226.535,228.085,229.661,231.241,232.798,234.304,235.73,237.051,238.251,239.331,240.316,241.276,242.338,243.727,245.807
27180.0,232.678,219.279,206.643,195.295,185.51,177.5,171.427,167.383,165.381,165.343,167.097,170.375,174.827,180.049,185.633,191.209,196.476,201.208,205.241,208.467,210.838,212.389,213.259,213.684,213.954,214.315,214.888,215.659,216.555,217.53,218.576,219.704,220.916,222.212,223.585,225.03,226.535,228.085,229.661,231.241,232.798,234.304,235.73,237.051,238.251,239.331,240.316,241.276,242.338,243.727,245.807
27240.0,233.636,220.22,207.549,196.145,186.285,178.185,172.012,167.862,165.754,165.616,167.28,170.482,174.876,180.058,185.618,191.182,196.446,201.179,205.216,208.447,210.823,212.38,213.254,213.683,213.954,214.315,214.888,215.659,216.555,217.529,218.576,219.704,220.916,222.211,223.585,225.03,226.534,228.085,229.661,231.241,232.798,234.304,235.73,237.051,238.251,239.331,240.316,241.276,242.338,243.727,245.807
27300.0,234.586,221.154,208.449,196.991,187.058,178.87,172.596,168.341,166.128,165.89,167.464,170.591,174.926,180.068,185.603,191.156,196.416,201.151,205.191,208.427,210.809,212.371,213.25,213.681,213.954,214.316,214.888,215.659,216.555,217.529,218.576,219.704,220.916,222.211,223.585,225.03,226.534,228.085,229.661,231.241,232.798,234.304,235.73,237.051,238.251,239.331,240.316,241.276,242.338,243.727,245.807
27360.0,235.529,222.082,209.344,197.833,187.828,179.552,173.181,168.822,166.504,166.166,167.651,170.702,174.979,180.079,185.59,191.13,196.387,201.122,205.166,208.407,210.795,212.362,213.245,213.68,213.955,214.317,214.889,215.659,216.555,217.529,218.576,219.704,220.916,222.211,223.585,225.03,226.534,228.084,229.661,231.241,232.798,234.304,235.73,237.051,238.251,239.331,240.316,241.276,242.338,243.727,245.807
27420.0,236.464,223.003,210.234,198.671,188.596,180.234,173.765,169.303,166.882,166.445,167.84,170.815,175.032,180.091,185.576,191.104,196.357,201.094,205.142,208.387,210.78,212.353,213.24,213.679,213.955,214.317,214.889,215.659,216.555,217.529,218.576,219.703,220.916,222.211,223.585,225.03,226.534,228.084,229.661,231.241,232.798,234.304,235.73,237.051,238.251,239.331,240.316,241.276,242.338,243.727,245.807
27480.0,237.392,223.918,211.118,199.505,189.361,180.914,174.349,169.785,167.26,166.725,168.03,170.93,175.088,180.105,185.564,191.079,196.328,201.065,205.117,208.368,210.766,212.344,213.236,213.677,213.955,214.318,214.89,215.659,216.555,217.529,218.576,219.703,220.916,222.211,223.585,225.03,226.534,228.084,229.661,231.241,232.798,234.304,235.73,237.051,238.251,239.331,240.316,241.276,242.338,243.727,245.807
27540.0,238.312,224.826,211.997,200.336,190.123,181.593,174.933,170.268,167.641,167.007,168.223,171.047,175.145,180.119,185.552,191.054,196.298,201.037,205.092,208.348,210.752,212.334,213.231,213.676,213.955,214.319,214.89,215.659,216.555,217.529,218.576,219.703,220.916,222.211,223.585,225.03,226.534,228.084,229.661,231.241,232.798,234.304,235.73,237.051,238.251,239.331,240.316,241.276,242.338,243.727,245.807
27600.0,239.226,225.728,212.871,201.162,190.883,182.271,175.517,170.751,168.022,167.29,168.418,171.165,175.203,180.135,185.542,191.03,196.269,201.009,205.068,208.328,210.737,212.325,213.226,213.674,213.956,214.319,214.89,215.659,216.555,217.529,218.576,219.703,220.916,222.211,223.585,225.03,226.534,228.084,229.661,231.241,232.798,234.304,235.73,237.051,238.251,239.331,240.316,241.276,242.338,243.727,245.807
27660.0,240.132,226.624,213.739,201.984,191.64,182.947,176.101,171.235,168.405,167.576,168.614,171.286,175.263,180.152,185.531,191.006,196.241,200.981,205.043,208.308,210.723,212.316,213.222,213.673,213.956,214.32,214.891,215.659,216.555,217.529,218.576,219.703,220.916,222.211,223.585,225.029,226.534,228.084,229.661,231.241,232.798,234.304,235.73,237.051,238.251,239.331,240.316,241.276,242.338,243.727,245.807
27720.0,241.031,227.513,214.603,202.802,192.395,183.622,176.684,171.72,168.789,167.863,168.812,171.408,175.325,180.17,185.522,190.982,196.212,200.953,205.019,208.289,210.708,212.307,213.217,213.671,213.956,214.321,214.891,215.659,216.555,217.529,218.576,219.703,220.916,222.211,223.585,225.029,226.534,228.084,229.661,231.241,232.798,234.304,235.73,237.051,238.251,239.331,240.316,241.276,242.338,243.727,245.807
27780.0,241.923,228.396,215.461,203.616,193.147,184.296,177.267,172.205,169.175,168.152,169.013,171.531,175.388,180.189,185.513,190.959,196.184,200.925,204.994,208.269,210.694,212.298,213.212,213.67,213.956,214.321,214.892,215.659,216.555,217.529,218.575,219.703,220.916,222.211,223.585,225.029,226.534,228.084,229.661,231.241,232.798,234.304,235.73,237.051,238.251,239.331,240.316,241.276,242.338,243.727,245.807
27840.0,242.808,229.273,216.314,204.427,193.896,184.968,177.85,172.691,169.562,168.442,169.215,171.657,175.452,180.209,185.505,190.936,196.156,200.897,204.97,208.249,210.679,212.288,213.208,213.668,213.957,214.322,214.892,215.659,216.555,217.529,218.575,219.703,220.916,222.211,223.585,225.029,226.534,228.084,229.661,231.241,232.798,234.304,235.73,237.051,238.251,239.331,240.316,241.276,242.338,243.727,245.807
27900.0,243.686,230.144,217.162,205.233,194.643,185.638,178.432,173.178,169.95,168.734,169.418,171.784,175.518,180.231,185.498,190.914,196.128,200.869,204.945,208.229,210.665,212.279,213.203,213.667,213.957,214.323,214.892,215.66,216.555,217.529,218.575,219.703,220.916,222.211,223.585,225.029,226.534,228.084,229.661,231.241,232.798,234.304,235.73,237.051,238.251,239.331,240.316,241.276,242.338,243.727,245.807
27960.0,244.558,231.009,218.005,206.036,195.387,186.308,179.014,173.665,170.339,169.028,169.624,171.914,175.586,180.253,185.492,190.892,196.1,200.842,204.921,208.21,210.65,212.27,213.198,213.665,213.957,214.323,214.893,215.66,216.554,217.529,218.575,219.703,220.916,222.211,223.585,225.029,226.534,228.084,229.661,231.241,232.798,234.304,235.73,237.051,238.251,239.331,240.316,241.276,242.338,243.727,245.807
28020.0,245.423,231.868,218.843,206.835,196.128,186.975,179.596,174.152,170.729,169.323,169.831,172.044,175.655,180.277,185.486,190.87,196.072,200.814,204.896,208.19,210.636,212.261,213.193,213.664,213.957,214.324,214.893,215.66,216.554,217.529,218.575,219.703,220.915,222.211,223.585,225.029,226.534,228.084,229.661,231.241,232.798,234.304,235.73,237.051,238.251,239.331,240.316,241.276,242.338,243.727,245.807
28080.0,246.281,232.721,219.676,207.63,196.867,187.642,180.177,174.64,171.121,169.62,170.04,172.177,175.726,180.302,185.481,190.849,196.045,200.786,204.872,208.17,210.622,212.251,213.188,213.662,213.957,214.325,214.894,215.66,216.554,217.528,218.575,219.703,220.915,222.211,223.585,225.029,226.534,228.084,229.661,231.241,232.798,234.304,235.73,237.051,238.251,239.331,240.316,241.276,242.338,243.727,245.807
28140.0,247.132,233.568,220.504,208.421,197.603,188.306,180.758,175.128,171.513,169.919,170.251,172.311,175.798,180.328,185.477,190.829,196.018,200.759,204.847,208.15,210.607,212.242,213.184,213.661,213.958,214.325,214.894,215.66,216.554,217.528,218.575,219.703,220.915,222.211,223.584,225.029,226.534,228.084,229.661,231.241,232.798,234.304,235.73,237.051,238.251,239.331,240.316,241.276,242.338,243.727,245.807
28200.0,247.978,234.409,221.327,209.208,198.336,188.97,181.338,175.617,171.907,170.219,170.464,172.447,175.871,180.355,185.474,190.809,195.991,200.732,204.823,208.131,210.593,212.233,213.179,213.659,213.958,214.326,214.894,215.66,216.554,217.528,218.575,219.703,220.915,222.211,223.584,225.029,226.534,228.084,229.661,231.241,232.798,234.304,235.73,237.051,238.251,239.331,240.316,241.276,242.338,243.727,245.807
28260.0,248.816,235.245,222.146,209.991,199.067,189.632,181.918,176.106,172.301,170.52,170.678,172.585,175.946,180.383,185.472,190.789,195.964,200.704,204.799,208.111,210.578,212.224,213.174,213.658,213.958,214.326,214.895,215.66,216.554,217.528,218.575,219.703,220.915,222.211,223.584,225.029,226.534,228.084,229.661,231.241,232.798,234.304,235.73,237.051,238.251,239.331,240.316,241.276,242.338,243.727,245.807
28320.0,249.649,236.075,222.959,210.771,199.795,190.292,182.497,176.595,172.697,170.823,170.894,172.724,176.023,180.413,185.47,190.77,195.938,200.677,204.774,208.091,210.564,212.214,213.169,213.656,213.958,214.327,214.895,215.66,216.554,217.528,218.575,219.703,220.915,222.211,223.584,225.029,226.534,228.084,229.661,231.241,232.798,234.304,235.73,237.051,238.251,239.331,240.316,241.276,242.338,243.727,245.807
28380.0,250.475,236.899,223.768,211.547,200.52,190.95,183.076,177.085,173.093,171.127,171.111,172.865,176.1,180.443,185.469,190.751,195.912,200.65,204.75,208.072,210.549,212.205,213.164,213.654,213.958,214.328,214.896,215.66,216.554,217.528,218.575,219.703,220.915,222.211,223.584,225.029,226.534,228.084,229.66,231.241,232.798,234.304,235.73,237.051,238.251,239.331,240.316,241.276,242.338,243.727,245.807
28440.0,251.295,237.718,224.572,212.319,201.243,191.607,183.654,177.575,173.491,171.432,171.33,173.007,176.18,180.475,185.469,190.733,195.886,200.623,204.726,208.052,210.535,212.196,213.159,213.653,213.958,214.328,214.896,215.66,216.554,217.528,218.575,219.703,220.915,222.211,223.584,225.029,226.534,228.084,229.66,231.241,232.798,234.304,235.73,237.051,238.251,239.331,240.316,241.276,242.338,243.727,245.807
28500.0,252.109,238.531,225.371,213.087,201.963,192.263,184.232,178.066,173.889,171.739,171.551,173.151,176.26,180.508,185.469,190.715,195.86,200.596,204.702,208.032,210.52,212.186,213.155,213.651,213.959,214.329,214.897,215.66,216.554,217.528,218.575,219.703,220.915,222.21,223.584,225.029,226.534,228.084,229.66,231.241,232.798,234.304,235.73,237.051,238.251,239.331,240.316,241.276,242.338,243.727,245.807
28560.0,252.917,239.338,226.165,213.852,202.68,192.917,184.809,178.556,174.289,172.048,171.773,173.297,176.343,180.542,185.471,190.698,195.834,200.57,204.678,208.012,210.506,212.177,213.15,213.649,213.959,214.33,214.897,215.661,216.554,217.528,218.575,219.703,220.915,222.21,223.584,225.029,226.534,228.084,229.66,231.241,232.798,234.304,235.73,237.051,238.251,239.331,240.316,241.276,242.338,243.727,245.807
28620.0,253.718,240.14,226.955,214.612,203.395,193.569,185.385,179.047,174.689,172.357,171.997,173.444,176.426,180.577,185.473,190.681,195.809,200.543,204.654,207.993,210.491,212.167,213.145,213.648,213.959,214.33,214.897,215.661,216.554,217.528,218.575,219.702,220.915,222.21,223.584,225.029,226.534,228.084,229.66,231.24,232.798,234.304,235.73,237.051,238.251,239.331,240.316,241.276,242.338,243.727,245.807
28680.0,254.514,240.937,227.74,215.369,204.107,194.22,185.961,179.538,175.09,172.668,172.222,173.593,176.511,180.613,185.476,190.664,195.784,200.517,204.629,207.973,210.476,212.158,213.14,213.646,213.959,214.331,214.898,215.661,216.554,217.528,218.575,219.702,220.915,222.21,223.584,225.029,226.534,228.084,229.66,231.24,232.798,234.304,235.729,237.051,238.251,239.331,240.316,241.276,242.338,243.727,245.807
28740.0,255.304,241.728,228.52,216.123,204.816,194.869,186.536,180.029,175.492,172.98,172.449,173.743,176.598,180.651,185.48,190.649,195.76,200.49,204.605,207.953,210.462,212.149,213.135,213.644,213.959,214.331,214.898,215.661,216.554,217.528,218.575,219.702,220.915,222.21,223.584,225.029,226.534,228.084,229.66,231.24,232.798,234.304,235.729,237.051,238.251,239.331,240.316,241.276,242.338,243.727,245.807
28800.0,256.088,242.514,229.296,216.872,205.522,195.516,187.11,180.52,175.894,173.293,172.677,173.895,176.685,180.689,185.485,190.633,195.735,200.464,204.581,207.934,210.447,212.139,213.13,213.643,213.959,214.332,214.899,215.661,216.554,217.528,218.575,219.702,220.915,222.21,223.584,225.029,226.533,228.084,229.66,231.24,232.798,234.304,235.729,237.051,238.251,239.331,240.316,241.276,242.338,243.727,245.807
28860.0,256.866,243.295,230.067,217.618,206.226,196.162,187.684,181.012,176.298,173.608,172.907,174.048,176.774,180.729,185.49,190.618,195.711,200.438,204.558,207.914,210.433,212.13,213.125,213.641,213.959,214.333,214.899,215.661,216.554,217.528,218.574,219.702,220.915,222.21,223.584,225.029,226.533,228.084,229.66,231.24,232.798,234.304,235.729,237.051,238.251,239.331,240.316,241.276,242.338,243.727,245.807
28920.0,257.639,244.07,230.834,218.36,206.927,196.806,188.257,181.503,176.702,173.924,173.138,174.203,176.865,180.77,185.496,190.604,195.687,200.412,204.534,207.894,210.418,212.12,213.12,213.639,213.959,214.333,214.899,215.661,216.554,217.527,218.574,219.702,220.915,222.21,223.584,225.029,226.533,228.084,229.66,231.24,232.798,234.304,235.729,237.051,238.251,239.331,240.316,241.276,242.338,243.727,245.807
28980.0,258.405,244.84,231.596,219.099,207.626,197.448,188.829,181.995,177.107,174.241,173.371,174.359,176.957,180.812,185.503,190.59,195.663,200.386,204.51,207.875,210.404,212.111,213.115,213.638,213.959,214.334,214.9,215.661,216.554,217.527,218.574,219.702,220.915,222.21,223.584,225.029,226.533,228.084,229.66,231.24,232.798,234.303,235.729,237.05,238.251,239.331,240.316,241.276,242.339,243.727,245.807
29040.0,259.167,245.605,232.353,219.833,208.321,198.088,189.4,182.486,177.512,174.559,173.605,174.517,177.05,180.855,185.511,190.577,195.64,200.36,204.486,207.855,210.389,212.101,213.11,213.636,213.959,214.334,214.9,215.661,216.553,217.527,218.574,219.702,220.915,222.21,223.584,225.029,226.533,228.083,229.66,231.24,232.798,234.303,235.729,237.05,238.251,239.331,240.316,241.276,242.339,243.727,245.807
29100.0,259.922,246.365,233.106,220.565,209.014,198.727,189.971,182.978,177.919,174.878,173.84,174.676,177.145,180.899,185.52,190.564,195.617,200.334,204.462,207.836,210.375,212.092,213.105,213.634,213.959,214.335,214.901,215.661,216.553,217.527,218.574,219.702,220.915,222.21,223.584,225.028,226.533,228.083,229.66,231.24,232.798,234.303,235.729,237.05,238.251,239.33,240.316,241.276,242.339,243.727,245.807
29160.0,260.672,247.12,233.855,221.292,209.704,199.364,190.54,183.47,178.326,175.199,174.077,174.837,177.241,180.944,185.529,190.552,195.594,200.309,204.438,207.816,210.36,212.082,213.1,213.632,213.959,214.336,214.901,215.662,216.553,217.527,218.574,219.702,220.915,222.21,223.584,225.028,226.533,228.083,229.66,231.24,232.798,234.303,235.729,237.05,238.251,239.33,240.316,241.276,242.339,243.727,245.807
29220.0,261.416,247.87,234.599,222.016,210.392,199.999,191.109,183.961,178.733,175.52,174.315,174.999,177.338,180.99,185.539,190.54,195.571,200.283,204.415,207.796,210.345,212.073,213.095,213.63,213.96,214.336,214.901,215.662,216.553,217.527,218.574,219.702,220.914,222.21,223.584,225.028,226.533,228.083,229.66,231.24,232.798,234.303,235.729,237.05,238.251,239.33,240.316,241.276,242.339,243.727,245.807
29280.0,262.156,248.614,235.338,222.736,211.077,200.633,191.677,184.453,179.141,175.843,174.554,175.163,177.436,181.038,185.551,190.529,195.549,200.258,204.391,207.777,210.331,212.063,213.09,213.629,213.96,214.337,214.902,215.662,216.553,217.527,218.574,219.702,220.914,222.21,223.584,225.028,226.533,228.083,229.66,231.24,232.797,234.303,235.729,237.05,238.251,239.33,240.316,241.276,242.339,243.727,245.807
29340.0,262.889,249.354,236.074,223.453,211.759,201.265,192.245,184.944,179.55,176.166,174.795,175.328,177.536,181.086,185.562,190.518,195.527,200.233,204.368,207.757,210.316,212.054,213.085,213.627,213.96,214.337,214.902,215.662,216.553,217.527,218.574,219.702,220.914,222.21,223.584,225.028,226.533,228.083,229.66,231.24,232.797,234.303,235.729,237.05,238.251,239.33,240.316,241.276,242.339,243.727,245.807
29400.0,263.617,250.089,236.805,224.166,212.438,201.895,192.811,185.436,179.959,176.491,175.037,175.494,177.637,181.136,185.575,190.508,195.506,200.208,204.344,207.738,210.302,212.044,213.08,213.625,213.96,214.338,214.903,215.662,216.553,217.527,218.574,219.702,220.914,222.21,223.584,225.028,226.533,228.083,229.66,231.24,232.797,234.303,235.729,237.05,238.251,239.33,240.316,241.276,242.339,243.727,245.807
29460.0,264.34,250.819,237.531,224.875,213.115,202.523,193.376,185.927,180.369,176.816,175.281,175.662,177.74,181.186,185.589,190.498,195.484,200.183,204.321,207.718,210.287,212.035,213.074,213.623,213.96,214.338,214.903,215.662,216.553,217.527,218.574,219.702,220.914,222.21,223.584,225.028,226.533,228.083,229.66,231.24,232.797,234.303,235.729,237.05,238.251,239.33,240.316,241.276,242.339,243.727,245.807
29520.0,265.058,251.544,238.253,225.581,213.789,203.149,193.941,186.418,180.78,177.143,175.525,175.831,177.844,181.238,185.603,190.489,195.463,200.158,204.297,207.698,210.272,212.025,213.069,213.621,213.96,214.339,214.903,215.662,216.553,217.527,218.574,219.702,220.914,222.21,223.583,225.028,226.533,228.083,229.66,231.24,232.797,234.303,235.729,237.05,238.251,239.33,240.316,241.276,242.339,243.727,245.807
29580.0,265.771,252.264,238.971,226.283,214.46,203.773,194.504,186.909,181.19,177.47,175.771,176.001,177.949,181.291,185.618,190.48,195.442,200.134,204.274,207.679,210.258,212.015,213.064,213.62,213.96,214.34,214.904,215.662,216.553,217.527,218.574,219.702,220.914,222.21,223.583,225.028,226.533,228.083,229.66,231.24,232.797,234.303,235.729,237.05,238.251,239.33,240.316,241.276,242.339,243.727,245.807
29640.0,266.478,252.979,239.685,226.981,215.128,204.396,195.067,187.4,181.602,177.799,176.018,176.173,178.055,181.345,185.634,190.472,195.422,200.109,204.25,207.659,210.243,212.006,213.059,213.618,213.96,214.34,214.904,215.662,216.553,217.527,218.574,219.702,220.914,222.21,223.583,225.028,226.533,228.083,229.66,231.24,232.797,234.303,235.729,237.05,238.251,239.33,240.316,241.276,242.339,243.727,245.807
29700.0,267.18,253.69,240.395,227.676,215.794,205.017,195.629,187.891,182.014,178.128,176.267,176.346,178.163,181.4,185.651,190.465,195.402,200.085,204.227,207.64,210.229,211.996,213.054,213.616,213.96,214.341,214.905,215.662,216.553,217.527,218.574,219.702,220.914,222.21,223.583,225.028,226.533,228.083,229.66,231.24,232.797,234.303,235.729,237.05,238.251,239.33,240.316,241.276,242.339,243.727,245.807
29760.0,267.877,254.395,241.1,228.368,216.457,205.636,196.189,188.381,182.426,178.459,176.516,176.52,178.272,181.456,185.669,190.458,195.382,200.061,204.204,207.62,210.214,211.987,213.049,213.614,213.96,214.341,214.905,215.663,216.553,217.527,218.574,219.702,220.914,222.21,223.583,225.028,226.533,228.083,229.66,231.24,232.797,234.303,235.729,237.05,238.251,239.33,240.316,241.276,242.339,243.727,245.807
29820.0,268.569,255.097,241.801,229.056,217.117,206.253,196.749,188.871,182.838,178.79,176.767,176.696,178.382,181.513,185.687,190.451,195.362,200.037,204.181,207.601,210.199,211.977,213.043,213.612,213.96,214.342,214.905,215.663,216.553,217.526,218.574,219.701,220.914,222.209,223.583,225.028,226.533,228.083,229.66,231.24,232.797,234.303,235.729,237.05,238.251,239.33,240.316,241.276,242.339,243.727,245.807
29880.0,269.256,255.793,242.497,229.74,217.774,206.868,197.307,189.361,183.251,179.122,177.019,176.873,178.493,181.571,185.706,190.445,195.343,200.013,204.158,207.582,210.185,211.967,213.038,213.61,213.959,214.342,214.906,215.663,216.553,217.526,218.574,219.701,220.914,222.209,223.583,225.028,226.533,228.083,229.66,231.24,232.797,234.303,235.729,237.05,238.251,239.33,240.316,241.276,242.339,243.727,245.807
29940.0,269.939,256.485,243.19,230.421,218.429,207.481,197.865,189.851,183.665,179.455,177.272,177.051,178.606,181.631,185.726,190.44,195.324,199.989,204.135,207.562,210.17,211.958,213.033,213.608,213.959,214.343,214.906,215.663,216.553,217.526,218.573,219.701,220.914,222.209,223.583,225.028,226.533,228.083,229.66,231.24,232.797,234.303,235.729,237.05,238.251,239.33,240.316,241.276,242.339,243.727,245.807
30000.0,270.616,257.172,243.879,231.099,219.081,208.093,198.421,190.341,184.079,179.789,177.526,177.23,178.719,181.691,185.747,190.435,195.306,199.966,204.112,207.543,210.155,211.948,213.028,213.606,213.959,214.343,214.907,215.663,216.553,217.526,218.573,219.701,220.914,222.209,223.583,225.028,226.533,228.083,229.66,231.24,232.797,234.303,235.729,237.05,238.251,239.33,240.316,241.276,242.339,243.727,245.807
30060.0,271.288,257.854,244.563,231.772,219.73,208.702,198.977,190.83,184.493,180.123,177.781,177.411,178.834,181.753,185.769,190.431,195.288,199.942,204.089,207.523,210.141,211.938,213.023,213.604,213.959,214.344,214.907,215.663,216.553,217.526,218.573,219.701,220.914,222.209,223.583,225.028,226.533,228.083,229.66,231.24,232.797,234.303,235.729,237.05,238.251,239.33,240.316,241.276,242.339,243.727,245.807
30120.0,271.955,258.532,245.243,232.443,220.376,209.31,199.531,191.318,184.907,180.459,178.037,177.593,178.951,181.815,185.791,190.427,195.27,199.919,204.066,207.504,210.126,211.929,213.017,213.602,213.959,214.344,214.907,215.663,216.553,217.526,218.573,219.701,220.914,222.209,223.583,225.028,226.533,228.083,229.66,231.24,232.797,234.303,235.729,237.05,238.251,239.33,240.316,241.276,242.339,243.727,245.807
30180.0,272.618,259.206,245.919,233.11,221.02,209.915,200.084,191.807,185.322,180.795,178.295,177.776,179.068,181.879,185.815,190.424,195.252,199.896,204.043,207.484,210.111,211.919,213.012,213.6,213.959,214.345,214.908,215.663,216.553,217.526,218.573,219.701,220.914,222.209,223.583,225.028,226.533,228.083,229.659,231.24,232.797,234.303,235.729,237.05,238.251,239.33,240.316,241.276,242.339,243.727,245.807
30240.0,273.276,259.875,246.591,233.773,221.661,210.519,200.636,192.295,185.737,181.132,178.553,177.96,179.187,181.943,185.839,190.422,195.235,199.873,204.021,207.465,210.097,211.909,213.007,213.598,213.959,214.346,214.908,215.663,216.552,217.526,218.573,219.701,220.914,222.209,223.583,225.028,226.533,228.083,229.659,231.24,232.797,234.303,235.729,237.05,238.251,239.33,240.316,241.276,242.339,243.727,245.807
30300.0,273.929,260.539,247.259,234.433,222.299,211.121,201.187,192.783,186.152,181.469,178.813,178.146,179.306,182.009,185.864,190.42,195.218,199.85,203.998,207.446,210.082,211.9,213.001,213.596,213.959,214.346,214.909,215.663,216.552,217.526,218.573,219.701,220.914,222.209,223.583,225.028,226.532,228.083,229.659,231.24,232.797,234.303,235.729,237.05,238.251,239.33,240.316,241.276,242.339,243.727,245.807
30360.0,274.577,261.199,247.924,235.09,222.934,211.72,201.737,193.27,186.567,181.808,179.073,178.333,179.427,182.075,185.89,190.418,195.201,199.828,203.975,207.427,210.067,211.89,212.996,213.594,213.959,214.347,214.909,215.664,216.552,217.526,218.573,219.701,220.914,222.209,223.583,225.028,226.532,228.083,229.659,231.24,232.797,234.303,235.729,237.05,238.251,239.33,240.316,241.276,242.339,243.727,245.807
30420.0,275.221,261.855,248.584,235.743,223.567,212.318,202.285,193.757,186.983,182.147,179.335,178.52,179.549,182.143,185.916,190.417,195.185,199.805,203.953,207.407,210.053,211.88,212.991,213.592,213.959,214.347,214.909,215.664,216.552,217.526,218.573,219.701,220.914,222.209,223.583,225.028,226.532,228.083,229.659,231.24,232.797,234.303,235.729,237.05,238.251,239.33,240.316,241.276,242.339,243.727,245.807
30480.0,275.86,262.506,249.24,236.392,224.197,212.914,202.833,194.243,187.399,182.486,179.598,178.71,179.673,182.212,185.944,190.417,195.169,199.783,203.931,207.388,210.038,211.87,212.985,213.59,213.959,214.348,214.91,215.664,216.552,217.526,218.573,219.701,220.913,222.209,223.583,225.028,226.532,228.083,229.659,231.24,232.797,234.303,235.729,237.05,238.25,239.33,240.316,241.276,242.339,243.727,245.807
30540.0,276.494,263.153,249.892,237.038,224.824,213.508,203.379,194.729,187.815,182.827,179.861,178.9,179.797,182.282,185.972,190.417,195.154,199.761,203.908,207.369,210.023,211.861,212.98,213.588,213.958,214.348,214.91,215.664,216.552,217.526,218.573,219.701,220.913,222.209,223.583,225.027,226.532,228.083,229.659,231.24,232.797,234.303,235.729,237.05,238.25,239.33,240.316,241.276,242.339,243.727,245.807
30600.0,277.124,263.796,250.54,237.681,225.448,214.099,203.924,195.215,188.231,183.168,180.126,179.091,179.923,182.352,186.001,190.418,195.138,199.739,203.886,207.349,210.009,211.851,212.975,213.586,213.958,214.349,214.911,215.664,216.552,217.526,218.573,219.701,220.913,222.209,223.583,225.027,226.532,228.083,229.659,231.239,232.797,234.303,235.729,237.05,238.25,239.33,240.316,241.276,242.339,243.727,245.807
30660.0,277.749,264.434,251.184,238.32,226.07,214.689,204.468,195.7,188.647,183.51,180.391,179.284,180.049,182.424,186.031,190.42,195.123,199.718,203.864,207.33,209.994,211.841,212.969,213.584,213.958,214.349,214.911,215.664,216.552,217.525,218.573,219.701,220.913,222.209,223.583,225.027,226.532,228.082,229.659,231.239,232.797,234.303,235.729,237.05,238.25,239.33,240.316,241.276,242.339,243.727,245.807
30720.0,278.37,265.068,251.824,238.956,226.689,215.277,205.01,196.184,189.064,183.852,180.658,179.477,180.177,182.497,186.061,190.421,195.109,199.696,203.842,207.311,209.979,211.831,212.964,213.582,213.958,214.35,214.911,215.664,216.552,217.525,218.573,219.701,220.913,222.209,223.583,225.027,226.532,228.082,229.659,231.239,232.797,234.303,235.729,237.05,238.25,239.33,240.316,241.276,242.339,243.727,245.807
30780.0,278.986,265.698,252.461,239.589,227.305,215.863,205.552,196.668,189.48,184.195,180.925,179.672,180.306,182.571,186.093,190.424,195.095,199.675,203.82,207.292,209.965,211.821,212.958,213.58,213.958,214.35,214.912,215.664,216.552,217.525,218.573,219.701,220.913,222.209,223.583,225.027,226.532,228.082,229.659,231.239,232.797,234.303,235.729,237.05,238.25,239.33,240.316,241.276,242.339,243.727,245.807
30840.0,279.598,266.323,253.093,240.218,227.918,216.446,206.091,197.151,189.897,184.538,181.194,179.868,180.436,182.645,186.125,190.427,195.081,199.654,203.798,207.273,209.95,211.812,212.953,213.578,213.958,214.351,214.912,215.664,216.552,217.525,218.573,219.701,220.913,222.209,223.583,225.027,226.532,228.082,229.659,231.239,232.797,234.303,235.729,237.05,238.25,239.33,240.316,241.276,242.339,243.727,245.807
30900.0,280.206,266.944,253.722,240.844,228.529,217.028,206.63,197.634,190.314,184.882,181.463,180.064,180.567,182.721,186.158,190.431,195.068,199.633,203.776,207.254,209.935,211.802,212.948,213.576,213.958,214.351,214.913,215.665,216.552,217.525,218.573,219.701,220.913,222.209,223.582,225.027,226.532,228.082,229.659,231.239,232.797,234.303,235.729,237.05,238.25,239.33,240.316,241.276,242.339,243.727,245.807
30960.0,280.809,267.561,254.346,241.466,229.137,217.608,207.168,198.116,190.73,185.227,181.733,180.262,180.7,182.798,186.192,190.435,195.054,199.612,203.754,207.235,209.921,211.792,212.942,213.574,213.957,214.352,214.913,215.665,216.552,217.525,218.572,219.701,220.913,222.209,223.582,225.027,226.532,228.082,229.659,231.239,232.797,234.303,235.729,237.05,238.25,239.33,240.316,241.276,242.339,243.727,245.807
31020.0,281.407,268.174,254.967,242.085,229.742,218.185,207.704,198.598,191.147,185.572,182.004,180.461,180.833,182.876,186.227,190.44,195.042,199.592,203.732,207.216,209.906,211.782,212.937,213.572,213.957,214.352,214.913,215.665,216.552,217.525,218.572,219.7,220.913,222.209,223.582,225.027,226.532,228.082,229.659,231.239,232.797,234.303,235.729,237.05,238.25,239.33,240.316,241.276,242.339,243.727,245.807
31080.0,282.002,268.783,255.585,242.701,230.344,218.761,208.238,199.079,191.564,185.918,182.276,180.661,180.967,182.955,186.262,190.445,195.029,199.571,203.711,207.197,209.891,211.772,212.931,213.569,213.957,214.353,214.914,215.665,216.552,217.525,218.572,219.7,220.913,222.208,223.582,225.027,226.532,228.082,229.659,231.239,232.797,234.303,235.729,237.05,238.25,239.33,240.316,241.276,242.339,243.727,245.807
31140.0,282.592,269.388,256.198,243.314,230.944,219.334,208.772,199.559,191.981,186.264,182.548,180.862,181.103,183.034,186.298,190.451,195.017,199.551,203.689,207.178,209.877,211.762,212.926,213.567,213.957,214.353,214.914,215.665,216.552,217.525,218.572,219.7,220.913,222.208,223.582,225.027,226.532,228.082,229.659,231.239,232.797,234.303,235.729,237.05,238.25,239.33,240.316,241.276,242.339,243.727,245.807
31200.0,283.177,269.989,256.808,243.923,231.541,219.906,209.304,200.039,192.398,186.61,182.822,181.064,181.24,183.115,186.336,190.458,195.006,199.531,203.668,207.159,209.862,211.753,212.92,213.565,213.957,214.354,214.914,215.665,216.552,217.525,218.572,219.7,220.913,222.208,223.582,225.027,226.532,228.082,229.659,231.239,232.797,234.303,235.729,237.05,238.25,239.33,240.316,241.276,242.339,243.727,245.807
31260.0,283.759,270.585,257.413,244.529,232.135,220.475,209.834,200.518,192.814,186.957,183.096,181.267,181.377,183.197,186.373,190.465,194.994,199.511,203.646,207.14,209.847,211.743,212.915,213.563,213.956,214.354,214.915,215.665,216.552,217.525,218.572,219.7,220.913,222.208,223.582,225.027,226.532,228.082,229.659,231.239,232.797,234.303,235.729,237.05,238.25,239.33,240.316,241.276,242.339,243.727,245.807
31320.0,284.336,271.178,258.016,245.131,232.726,221.042,210.364,200.997,193.231,187.305,183.371,181.471,181.516,183.279,186.412,190.473,194.984,199.492,203.625,207.121,209.833,211.733,212.909,213.561,213.956,214.354,214.915,215.665,216.552,217.525,218.572,219.7,220.913,222.208,223.582,225.027,226.532,228.082,229.659,231.239,232.797,234.303,235.729,237.05,238.25,239.33,240.316,241.276,242.339,243.727,245.807
31380.0,284.909,271.766,258.614,245.73,233.315,221.607,210.892,201.474,193.648,187.653,183.647,181.676,181.656,183.363,186.452,190.481,194.973,199.472,203.604,207.102,209.818,211.723,212.904,213.558,213.956,214.355,214.916,215.665,216.552,217.525,218.572,219.7,220.913,222.208,223.582,225.027,226.532,228.082,229.659,231.239,232.797,234.303,235.729,237.05,238.25,239.33,240.316,241.276,242.339,243.727,245.807
31440.0,285.478,272.351,259.209,246.326,233.901,222.17,211.418,201.951,194.064,188.001,183.924,181.882,181.796,183.448,186.492,190.49,194.963,199.453,203.583,207.083,209.804,211.713,212.898,213.556,213.956,214.355,214.916,215.666,216.552,217.525,218.572,219.7,220.913,222.208,223.582,225.027,226.532,228.082,229.659,231.239,232.797,234.303,235.729,237.05,238.25,239.33,240.316,241.276,242.339,243.727,245.807
31500.0,286.043,272.931,259.8,246.919,234.484,222.731,211.943,202.428,194.48,188.35,184.201,182.089,181.938,183.533,186.533,190.5,194.953,199.434,203.562,207.064,209.789,211.703,212.893,213.554,213.955,214.356,214.916,215.666,216.552,217.524,218.572,219.7,220.913,222.208,223.582,225.027,226.532,228.082,229.659,231.239,232.796,234.303,235.729,237.05,238.25,239.33,240.316,241.276,242.339,243.727,245.807
31560.0,286.603,273.508,260.387,247.508,235.064,223.29,212.467,202.903,194.897,188.699,184.48,182.297,182.081,183.62,186.575,190.51,194.944,199.416,203.541,207.045,209.774,211.693,212.887,213.552,213.955,214.356,214.917,215.666,216.551,217.524,218.572,219.7,220.913,222.208,223.582,225.027,226.532,228.082,229.659,231.239,232.796,234.302,235.729,237.05,238.25,239.33,240.316,241.276,242.339,243.727,245.807
31620.0,287.16,274.081,260.971,248.094,235.642,223.846,212.989,203.378,195.313,189.048,184.758,182.506,182.225,183.707,186.618,190.521,194.935,199.397,203.52,207.027,209.76,211.683,212.881,213.549,213.955,214.357,214.917,215.666,216.551,217.524,218.572,219.7,220.913,222.208,223.582,225.027,226.532,228.082,229.659,231.239,232.796,234.302,235.729,237.05,238.25,239.33,240.316,241.276,242.339,243.727,245.807
31680.0,287.712,274.649,261.551,248.677,236.217,224.401,213.51,203.852,195.729,189.398,185.038,182.716,182.369,183.795,186.661,190.532,194.926,199.379,203.5,207.008,209.745,211.673,212.876,213.547,213.955,214.357,214.918,215.666,216.551,217.524,218.572,219.7,220.913,222.208,223.582,225.027,226.532,228.082,229.659,231.239,232.796,234.302,235.729,237.05,238.25,239.33,240.316,241.276,242.339,243.727,245.807
31740.0,288.261,275.214,262.127,249.256,236.789,224.953,214.029,204.325,196.145,189.748,185.318,182.927,182.515,183.885,186.705,190.544,194.918,199.361,203.479,206.989,209.73,211.663,212.87,213.545,213.954,214.358,214.918,215.666,216.551,217.524,218.572,219.7,220.912,222.208,223.582,225.027,226.532,228.082,229.659,231.239,232.796,234.302,235.728,237.05,238.25,239.33,240.316,241.276,242.339,243.727,245.807
31800.0,288.805,275.775,262.7,249.833,237.358,225.504,214.547,204.798,196.56,190.099,185.599,183.138,182.662,183.975,186.75,190.556,194.91,199.343,203.458,206.971,209.716,211.653,212.865,213.543,213.954,214.358,214.918,215.666,216.551,217.524,218.572,219.7,220.912,222.208,223.582,225.027,226.531,228.082,229.659,231.239,232.796,234.302,235.728,237.05,238.25,239.33,240.316,241.276,242.339,243.727,245.807
31860.0,289.346,276.333,263.269,250.406,237.925,226.052,215.064,205.269,196.976,190.45,185.881,183.351,182.81,184.066,186.796,190.569,194.903,199.325,203.438,206.952,209.701,211.643,212.859,213.54,213.954,214.358,214.919,215.666,216.551,217.524,218.572,219.7,220.912,222.208,223.582,225.027,226.531,228.082,229.659,231.239,232.796,234.302,235.728,237.05,238.25,239.33,240.316,241.276,242.339,243.727,245.807
31920.0,289.882,276.886,263.835,250.976,238.489,226.598,215.578,205.74,197.391,190.801,186.163,183.564,182.958,184.158,186.843,190.583,194.895,199.308,203.418,206.933,209.686,211.633,212.853,213.538,213.953,214.359,214.919,215.666,216.551,217.524,218.572,219.7,220.912,222.208,223.582,225.027,226.531,228.082,229.658,231.239,232.796,234.302,235.728,237.05,238.25,239.33,240.316,241.276,242.339,243.727,245.807
31980.0,290.414,277.436,264.397,251.542,239.05,227.142,216.092,206.21,197.806,191.152,186.446,183.779,183.108,184.251,186.89,190.597,194.889,199.29,203.398,206.915,209.672,211.623,212.848,213.536,213.953,214.359,214.919,215.667,216.551,217.524,218.572,219.7,220.912,222.208,223.582,225.026,226.531,228.082,229.658,231.239,232.796,234.302,235.728,237.05,238.25,239.33,240.316,241.276,242.339,243.727,245.807
32040.0,290.943,277.981,264.955,252.106,239.609,227.683,216.604,206.679,198.22,191.504,186.73,183.994,183.258,184.345,186.938,190.612,194.882,199.273,203.377,206.896,209.657,211.613,212.842,213.533,213.953,214.36,214.92,215.667,216.551,217.524,218.571,219.7,220.912,222.208,223.582,225.026,226.531,228.082,229.658,231.239,232.796,234.302,235.728,237.05,238.25,239.33,240.316,241.276,242.339,243.727,245.807
32100.0,291.468,278.523,265.51,252.666,240.165,228.223,217.114,207.147,198.635,191.856,187.014,184.21,183.41,184.44,186.987,190.627,194.877,199.257,203.357,206.878,209.643,211.603,212.836,213.531,213.952,214.36,214.92,215.667,216.551,217.524,218.571,219.7,220.912,222.208,223.582,225.026,226.531,228.082,229.658,231.239,232.796,234.302,235.728,237.05,238.25,239.33,240.316,241.276,242.339,243.727,245.807
32160.0,291.988,279.062,266.062,253.223,240.718,228.76,217.623,207.614,199.049,192.208,187.299,184.427,183.562,184.536,187.037,190.643,194.871,199.24,203.338,206.859,209.628,211.593,212.83,213.529,213.952,214.361,214.921,215.667,216.551,217.524,218.571,219.7,220.912,222.208,223.582,225.026,226.531,228.082,229.658,231.239,232.796,234.302,235.728,237.05,238.25,239.33,240.316,241.276,242.339,243.727,245.808
32220.0,292.505,279.596,266.61,253.777,241.268,229.295,218.13,208.081,199.463,192.56,187.585,184.644,183.716,184.633,187.087,190.66,194.866,199.224,203.318,206.841,209.613,211.583,212.825,213.526,213.952,214.361,214.921,215.667,216.551,217.524,218.571,219.699,220.912,222.208,223.581,225.026,226.531,228.082,229.658,231.239,232.796,234.302,235.728,237.05,238.25,239.33,240.316,241.276,242.339,243.727,245.808
32280.0,293.018,280.127,267.154,254.328,241.816,229.828,218.636,208.546,199.876,192.912,187.871,184.863,183.87,184.73,187.139,190.677,194.861,199.208,203.298,206.823,209.599,211.573,212.819,213.524,213.951,214.361,214.921,215.667,216.551,217.524,218.571,219.699,220.912,222.208,223.581,225.026,226.531,228.081,229.658,231.239,232.796,234.302,235.728,237.05,238.25,239.33,240.316,241.276,242.339,243.727,245.808
32340.0,293.528,280.654,267.695,254.876,242.36,230.359,219.14,209.011,200.289,193.265,188.157,185.082,184.025,184.829,187.191,190.695,194.857,199.192,203.279,206.804,209.584,211.563,212.813,213.522,213.951,214.362,214.922,215.667,216.551,217.524,218.571,219.699,220.912,222.208,223.581,225.026,226.531,228.081,229.658,231.239,232.796,234.302,235.728,237.05,238.25,239.33,240.316,241.276,242.339,243.727,245.808
32400.0,294.033,281.178,268.232,255.42,242.903,230.888,219.642,209.474,200.702,193.618,188.444,185.302,184.182,184.928,187.243,190.713,194.853,199.176,203.259,206.786,209.57,211.553,212.808,213.519,213.951,214.362,214.922,215.667,216.551,217.523,218.571,219.699,220.912,222.207,223.581,225.026,226.531,228.081,229.658,231.239,232.796,234.302,235.728,237.05,238.25,239.33,240.316,241.276,242.339,243.727,245.808
32460.0,294.535,281.697,268.767,255.962,243.442,231.414,220.143,209.937,201.115,193.971,188.732,185.523,184.339,185.028,187.297,190.732,194.849,199.161,203.24,206.768,209.555,211.543,212.802,213.517,213.95,214.363,214.923,215.668,216.551,217.523,218.571,219.699,220.912,222.207,223.581,225.026,226.531,228.081,229.658,231.239,232.796,234.302,235.728,237.05,238.25,239.33,240.316,241.276,242.339,243.727,245.808
32520.0,295.033,282.214,269.297,256.5,243.979,231.938,220.643,210.398,201.527,194.324,189.02,185.745,184.497,185.129,187.351,190.752,194.846,199.146,203.221,206.75,209.54,211.533,212.796,213.514,213.95,214.363,214.923,215.668,216.551,217.523,218.571,219.699,220.912,222.207,223.581,225.026,226.531,228.081,229.658,231.239,232.796,234.302,235.728,237.05,238.25,239.33,240.316,241.276,242.339,243.727,245.808
32580.0,295.527,282.726,269.824,257.035,244.513,232.46,221.14,210.859,201.939,194.677,189.309,185.967,184.655,185.231,187.406,190.772,194.844,199.131,203.202,206.732,209.526,211.523,212.79,213.512,213.949,214.363,214.923,215.668,216.551,217.523,218.571,219.699,220.912,222.207,223.581,225.026,226.531,228.081,229.658,231.238,232.796,234.302,235.728,237.05,238.25,239.33,240.316,241.276,242.339,243.728,245.808
32640.0,296.017,283.235,270.348,257.567,245.044,232.98,221.636,211.319,202.35,195.03,189.598,186.19,184.815,185.334,187.462,190.792,194.841,199.116,203.183,206.713,209.511,211.513,212.784,213.509,213.949,214.364,214.924,215.668,216.551,217.523,218.571,219.699,220.912,222.207,223.581,225.026,226.531,228.081,229.658,231.238,232.796,234.302,235.728,237.05,238.25,239.33,240.316,241.276,242.339,243.728,245.808
32700.0,296.504,283.741,270.869,258.096,245.573,233.498,222.131,211.777,202.761,195.384,189.888,186.414,184.976,185.438,187.519,190.814,194.839,199.102,203.164,206.695,209.497,211.503,212.779,213.507,213.949,214.364,214.924,215.668,216.551,217.523,218.571,219.699,220.912,222.207,223.581,225.026,226.531,228.081,229.658,231.238,232.796,234.302,235.728,237.05,238.25,239.33,240.316,241.276,242.339,243.728,245.808
32760.0,296.987,284.242,271.386,258.621,246.099,234.013,222.624,212.235,203.171,195.737,190.178,186.639,185.137,185.542,187.576,190.836,194.838,199.087,203.145,206.677,209.482,211.493,212.773,213.505,213.948,214.365,214.924,215.668,216.551,217.523,218.571,219.699,220.912,222.207,223.581,225.026,226.531,228.081,229.658,231.238,232.796,234.302,235.728,237.05,238.25,239.33,240.316,241.276,242.339,243.728,245.808
32820.0,297.467,284.741,271.899,259.144,246.622,234.527,223.115,212.692,203.581,196.091,190.469,186.864,185.299,185.647,187.634,190.858,194.837,199.074,203.126,206.659,209.468,211.483,212.767,213.502,213.948,214.365,214.925,215.668,216.551,217.523,218.571,219.699,220.912,222.207,223.581,225.026,226.531,228.081,229.658,231.238,232.796,234.302,235.728,237.049,238.25,239.33,240.316,241.276,242.339,243.728,245.808
32880.0,297.942,285.235,272.41,259.664,247.142,235.038,223.605,213.147,203.991,196.444,190.76,187.09,185.462,185.754,187.693,190.881,194.836,199.06,203.108,206.641,209.453,211.473,212.761,213.5,213.947,214.365,214.925,215.668,216.551,217.523,218.571,219.699,220.912,222.207,223.581,225.026,226.531,228.081,229.658,231.238,232.796,234.302,235.728,237.049,238.25,239.33,240.316,241.276,242.339,243.728,245.808
32940.0,298.414,285.727,272.917,260.18,247.66,235.547,224.093,213.602,204.4,196.798,191.051,187.317,185.626,185.861,187.753,190.905,194.836,199.046,203.09,206.624,209.439,211.462,212.755,213.497,213.947,214.366,214.925,215.669,216.551,217.523,218.571,219.699,220.912,222.207,223.581,225.026,226.531,228.081,229.658,231.238,232.796,234.302,235.728,237.049,238.25,239.33,240.316,241.276,242.339,243.728,245.808
33000.0,298.883,286.214,273.42,260.694,248.175,236.053,224.579,214.055,204.808,197.152,191.343,187.545,185.791,185.969,187.813,190.929,194.836,199.033,203.071,206.606,209.424,211.452,212.749,213.495,213.946,214.366,214.926,215.669,216.551,217.523,218.571,219.699,220.911,222.207,223.581,225.026,226.531,228.081,229.658,231.238,232.796,234.302,235.728,237.049,238.25,239.33,240.316,241.276,242.339,243.728,245.808
33060.0,299.348,286.699,273.921,261.204,248.688,236.558,225.063,214.507,205.216,197.505,191.635,187.773,185.957,186.077,187.874,190.954,194.836,199.02,203.053,206.588,209.41,211.442,212.744,213.492,213.946,214.366,214.926,215.669,216.551,217.523,218.57,219.699,220.911,222.207,223.581,225.026,226.531,228.081,229.658,231.238,232.796,234.302,235.728,237.049,238.25,239.33,240.316,241.276,242.339,243.728,245.808
33120.0,299.809,287.179,274.418,261.712,249.198,237.06,225.546,214.959,205.624,197.859,191.928,188.002,186.123,186.187,187.936,190.979,194.837,199.007,203.035,206.57,209.395,211.432,212.738,213.489,213.945,214.367,214.927,215.669,216.551,217.523,218.57,219.699,220.911,222.207,223.581,225.026,226.531,228.081,229.658,231.238,232.796,234.302,235.728,237.049,238.25,239.33,240.316,241.276,242.339,243.728,245.808
33180.0,300.267,287.657,274.911,262.216,249.705,237.56,226.028,215.409,206.031,198.212,192.221,188.231,186.29,186.297,187.999,191.005,194.839,198.995,203.017,206.553,209.381,211.422,212.732,213.487,213.945,214.367,214.927,215.669,216.55,217.523,218.57,219.699,220.911,222.207,223.581,225.026,226.531,228.081,229.658,231.238,232.796,234.302,235.728,237.049,238.25,239.33,240.316,241.276,242.339,243.728,245.808
33240.0,300.722,288.131,275.402,262.717,250.209,238.057,226.507,215.858,206.437,198.566,192.515,188.462,186.458,186.409,188.062,191.032,194.841,198.983,203.0,206.535,209.366,211.412,212.726,213.484,213.945,214.367,214.927,215.669,216.55,217.523,218.57,219.699,220.911,222.207,223.581,225.026,226.531,228.081,229.658,231.238,232.796,234.302,235.728,237.049,238.25,239.33,240.316,241.276,242.339,243.728,245.808
33300.0,301.172,288.601,275.889,263.216,250.711,238.553,226.985,216.306,206.843,198.92,192.809,188.692,186.627,186.521,188.126,191.059,194.843,198.971,202.982,206.518,209.352,211.402,212.72,213.482,213.944,214.368,214.928,215.669,216.55,217.522,218.57,219.699,220.911,222.207,223.581,225.026,226.531,228.081,229.658,231.238,232.796,234.302,235.728,237.049,238.25,239.33,240.316,241.276,242.339,243.728,245.808
33360.0,301.62,289.068,276.373,263.711,251.21,239.046,227.461,216.752,207.248,199.273,193.103,188.924,186.797,186.633,188.191,191.087,194.845,198.959,202.965,206.5,209.338,211.392,212.714,213.479,213.944,214.368,214.928,215.669,216.55,217.522,218.57,219.699,220.911,222.207,223.581,225.025,226.53,228.081,229.658,231.238,232.796,234.302,235.728,237.049,238.25,239.33,240.316,241.276,242.339,243.728,245.808
33420.0,302.064,289.532,276.854,264.203,251.706,239.537,227.936,217.198,207.653,199.626,193.397,189.156,186.967,186.747,188.256,191.115,194.848,198.948,202.947,206.483,209.323,211.381,212.708,213.477,213.943,214.368,214.928,215.669,216.55,217.522,218.57,219.698,220.911,222.207,223.581,225.025,226.53,228.081,229.658,231.238,232.796,234.302,235.728,237.049,238.25,239.33,240.316,241.276,242.339,243.728,245.808
33480.0,302.504,289.992,277.331,264.693,252.2,240.026,228.408,217.642,208.057,199.98,193.692,189.388,187.138,186.861,188.323,191.144,194.852,198.936,202.93,206.465,209.309,211.371,212.702,213.474,213.943,214.369,214.929,215.67,216.55,217.522,218.57,219.698,220.911,222.207,223.581,225.025,226.53,228.081,229.658,231.238,232.796,234.302,235.728,237.049,238.25,239.33,240.316,241.276,242.339,243.728,245.808
33540.0,302.941,290.449,277.806,265.179,252.691,240.512,228.879,218.086,208.461,200.333,193.987,189.622,187.31,186.977,188.39,191.174,194.856,198.925,202.913,206.448,209.294,211.361,212.696,213.471,213.942,214.369,214.929,215.67,216.55,217.522,218.57,219.698,220.911,222.207,223.581,225.025,226.53,228.081,229.658,231.238,232.796,234.302,235.728,237.049,238.25,239.33,240.316,241.276,242.339,243.728,245.808
33600.0,303.374,290.903,278.277,265.662,253.18,240.997,229.348,218.528,208.863,200.686,194.283,189.856,187.483,187.093,188.457,191.204,194.86,198.915,202.896,206.431,209.28,211.351,212.69,213.469,213.941,214.369,214.929,215.67,216.55,217.522,218.57,219.698,220.911,222.207,223.58,225.025,226.53,228.081,229.658,231.238,232.796,234.302,235.728,237.049,238.25,239.33,240.316,241.276,242.339,243.728,245.808
33660.0,303.805,291.353,278.745,266.143,253.665,241.479,229.816,218.969,209.266,201.039,194.578,190.09,187.656,187.209,188.526,191.235,194.865,198.904,202.879,206.413,209.266,211.341,212.684,213.466,213.941,214.37,214.93,215.67,216.55,217.522,218.57,219.698,220.911,222.207,223.58,225.025,226.53,228.081,229.658,231.238,232.796,234.302,235.728,237.049,238.25,239.33,240.316,241.276,242.339,243.728,245.808
33720.0,304.231,291.8,279.209,266.62,254.149,241.959,230.282,219.408,209.667,201.392,194.874,190.325,187.83,187.327,188.595,191.266,194.87,198.894,202.863,206.396,209.251,211.331,212.678,213.463,213.94,214.37,214.93,215.67,216.55,217.522,218.57,219.698,220.911,222.206,223.58,225.025,226.53,228.081,229.657,231.238,232.795,234.302,235.728,237.049,238.25,239.33,240.316,241.276,242.339,243.728,245.808
33780.0,304.655,292.243,279.671,267.095,254.629,242.436,230.746,219.847,210.068,201.744,195.171,190.561,188.005,187.445,188.665,191.298,194.875,198.884,202.846,206.379,209.237,211.32,212.672,213.461,213.94,214.37,214.931,215.67,216.55,217.522,218.57,219.698,220.911,222.206,223.58,225.025,226.53,228.081,229.657,231.238,232.795,234.302,235.728,237.049,238.25,239.33,240.316,241.276,242.339,243.728,245.808
33840.0,305.075,292.684,280.129,267.566,255.107,242.912,231.208,220.284,210.468,202.097,195.467,190.797,188.18,187.564,188.735,191.331,194.881,198.875,202.83,206.362,209.223,211.31,212.666,213.458,213.939,214.371,214.931,215.67,216.55,217.522,218.57,219.698,220.911,222.206,223.58,225.025,226.53,228.081,229.657,231.238,232.795,234.302,235.728,237.049,238.25,239.33,240.316,241.276,242.339,243.728,245.808
33900.0,305.491,293.121,280.584,268.035,255.582,243.385,231.668,220.72,210.868,202.449,195.764,191.033,188.357,187.684,188.806,191.364,194.888,198.865,202.813,206.345,209.208,211.3,212.66,213.455,213.939,214.371,214.931,215.671,216.55,217.522,218.57,219.698,220.911,222.206,223.58,225.025,226.53,228.081,229.657,231.238,232.795,234.302,235.728,237.049,238.25,239.33,240.316,241.276,242.339,243.728,245.808
33960.0,305.904,293.555,281.037,268.5,256.055,243.856,232.127,221.155,211.267,202.801,196.061,191.27,188.534,187.805,188.878,191.397,194.895,198.856,202.797,206.328,209.194,211.29,212.654,213.453,213.938,214.371,214.932,215.671,216.55,217.522,218.57,219.698,220.911,222.206,223.58,225.025,226.53,228.08,229.657,231.238,232.795,234.302,235.728,237.049,238.25,239.33,240.316,241.276,242.339,243.728,245.808
34020.0,306.314,293.985,281.486,268.963,256.525,244.324,232.584,221.588,211.665,203.153,196.358,191.508,188.711,187.926,188.951,191.431,194.902,198.847,202.781,206.311,209.18,211.28,212.648,213.45,213.938,214.372,214.932,215.671,216.55,217.522,218.57,219.698,220.911,222.206,223.58,225.025,226.53,228.08,229.657,231.238,232.795,234.302,235.728,237.049,238.25,239.33,240.316,241.276,242.339,243.728,245.808
34080.0,306.721,294.413,281.931,269.423,256.992,244.79,233.039,222.02,212.062,203.504,196.655,191.746,188.889,188.048,189.024,191.466,194.909,198.839,202.766,206.294,209.166,211.27,212.642,213.447,213.937,214.372,214.932,215.671,216.55,217.522,218.57,219.698,220.911,222.206,223.58,225.025,226.53,228.08,229.657,231.238,232.795,234.302,235.728,237.049,238.25,239.33,240.316,241.276,242.339,243.728,245.808
34140.0,307.124,294.837,282.374,269.88,257.457,245.255,233.492,222.451,212.459,203.856,196.953,191.985,189.068,188.171,189.098,191.502,194.917,198.831,202.75,206.278,209.151,211.259,212.636,213.445,213.936,214.372,214.933,215.671,216.55,217.522,218.569,219.698,220.911,222.206,223.58,225.025,226.53,228.08,229.657,231.238,232.795,234.301,235.728,237.049,238.25,239.33,240.316,241.276,242.339,243.728,245.808
34200.0,307.524,295.258,282.814,270.334,257.919,245.716,233.944,222.881,212.855,204.207,197.25,192.224,189.248,188.295,189.173,191.538,194.926,198.823,202.734,206.261,209.137,211.249,212.63,213.442,213.936,214.372,214.933,215.671,216.55,217.521,218.569,219.698,220.91,222.206,223.58,225.025,226.53,228.08,229.657,231.238,232.795,234.301,235.728,237.049,238.25,239.33,240.316,241.276,242.339,243.728,245.808
34260.0,307.921,295.675,283.251,270.785,258.378,246.176,234.393,223.309,213.25,204.558,197.548,192.464,189.428,188.419,189.248,191.574,194.935,198.815,202.719,206.244,209.123,211.239,212.624,213.439,213.935,214.373,214.933,215.671,216.55,217.521,218.569,219.698,220.91,222.206,223.58,225.025,226.53,228.08,229.657,231.238,232.795,234.301,235.728,237.049,238.25,239.33,240.316,241.276,242.339,243.728,245.808
34320.0,308.315,296.09,283.684,271.233,258.835,246.633,234.841,223.736,213.644,204.908,197.846,192.704,189.609,188.544,189.325,191.611,194.944,198.807,202.704,206.228,209.109,211.229,212.618,213.436,213.935,214.373,214.934,215.671,216.55,217.521,218.569,219.698,220.91,222.206,223.58,225.025,226.53,228.08,229.657,231.238,232.795,234.301,235.728,237.049,238.25,239.33,240.316,241.276,242.339,243.728,245.808
34380.0,308.705,296.501,284.115,271.679,259.289,247.088,235.287,224.162,214.038,205.259,198.144,192.944,189.791,188.67,189.401,191.649,194.954,198.8,202.689,206.211,209.095,211.219,212.612,213.434,213.934,214.373,214.934,215.672,216.55,217.521,218.569,219.698,220.91,222.206,223.58,225.025,226.53,228.08,229.657,231.238,232.795,234.301,235.728,237.049,238.25,239.33,240.316,241.276,242.339,243.728,245.808
34440.0,309.092,296.909,284.542,272.121,259.741,247.541,235.732,224.586,214.43,205.609,198.443,193.185,189.973,188.796,189.479,191.687,194.964,198.793,202.674,206.195,209.081,211.208,212.605,213.431,213.933,214.374,214.934,215.672,216.55,217.521,218.569,219.698,220.91,222.206,223.58,225.025,226.53,228.08,229.657,231.238,232.795,234.301,235.728,237.049,238.25,239.33,240.316,241.276,242.339,243.728,245.808
34500.0,309.476,297.314,284.966,272.561,260.19,247.992,236.174,225.009,214.822,205.958,198.741,193.427,190.156,188.924,189.557,191.726,194.975,198.787,202.659,206.179,209.066,211.198,212.599,213.428,213.933,214.374,214.935,215.672,216.55,217.521,218.569,219.698,220.91,222.206,223.58,225.025,226.53,228.08,229.657,231.238,232.795,234.301,235.728,237.049,238.25,239.33,240.316,241.276,242.339,243.728,245.808
34560.0,309.857,297.716,285.388,272.998,260.636,248.44,236.615,225.431,215.213,206.308,199.04,193.668,190.34,189.051,189.636,191.765,194.986,198.78,202.644,206.162,209.052,211.188,212.593,213.425,213.932,214.374,214.935,215.672,216.55,217.521,218.569,219.698,220.91,222.206,223.58,225.025,226.53,228.08,229.657,231.237,232.795,234.301,235.728,237.049,238.25,239.33,240.316,241.276,242.339,243.728,245.808
34620.0,310.234,298.115,285.806,273.432,261.08,248.886,237.053,225.852,215.604,206.657,199.338,193.911,190.524,189.18,189.715,191.805,194.998,198.774,202.63,206.146,209.038,211.178,212.587,213.423,213.931,214.374,214.935,215.672,216.55,217.521,218.569,219.697,220.91,222.206,223.58,225.025,226.53,228.08,229.657,231.237,232.795,234.301,235.728,237.049,238.25,239.33,240.316,241.276,242.339,243.728,245.808
34680.0,310.609,298.511,286.222,273.863,261.522,249.33,237.49,226.271,215.993,207.005,199.637,194.153,190.709,189.309,189.796,191.846,195.009,198.768,202.616,206.13,209.024,211.167,212.581,213.42,213.931,214.375,214.936,215.672,216.55,217.521,218.569,219.697,220.91,222.206,223.58,225.025,226.53,228.08,229.657,231.237,232.795,234.301,235.728,237.049,238.25,239.33,240.316,241.276,242.339,243.728,245.808
34740.0,310.98,298.903,286.634,274.291,261.96,249.772,237.925,226.688,216.382,207.353,199.936,194.396,190.894,189.439,189.876,191.887,195.022,198.763,202.602,206.114,209.01,211.157,212.575,213.417,213.93,214.375,214.936,215.672,216.55,217.521,218.569,219.697,220.91,222.206,223.58,225.025,226.53,228.08,229.657,231.237,232.795,234.301,235.728,237.049,238.25,239.33,240.316,241.276,242.339,243.728,245.808
34800.0,311.348,299.293,287.043,274.717,262.396,250.211,238.359,227.105,216.77,207.701,200.234,194.64,191.08,189.57,189.958,191.929,195.035,198.758,202.588,206.098,208.996,211.147,212.568,213.414,213.929,214.375,214.936,215.672,216.55,217.521,218.569,219.697,220.91,222.206,223.58,225.024,226.53,228.08,229.657,231.237,232.795,234.301,235.727,237.049,238.25,239.33,240.316,241.276,242.339,243.728,245.808
34860.0,311.713,299.679,287.45,275.14,262.83,250.648,238.79,227.52,217.156,208.049,200.533,194.884,191.266,189.701,190.04,191.971,195.048,198.753,202.574,206.082,208.982,211.137,212.562,213.411,213.929,214.375,214.937,215.673,216.55,217.521,218.569,219.697,220.91,222.206,223.58,225.024,226.529,228.08,229.657,231.237,232.795,234.301,235.727,237.049,238.25,239.33,240.316,241.276,242.339,243.728,245.808
34920.0,312.075,300.063,287.853,275.56,263.261,251.083,239.22,227.933,217.542,208.396,200.832,195.128,191.453,189.833,190.123,192.014,195.061,198.748,202.56,206.066,208.968,211.127,212.556,213.408,213.928,214.376,214.937,215.673,216.55,217.521,218.569,219.697,220.91,222.206,223.579,225.024,226.529,228.08,229.657,231.237,232.795,234.301,235.727,237.049,238.25,239.33,240.316,241.276,242.339,243.728,245.808
34980.0,312.433,300.443,288.254,275.977,263.689,251.515,239.647,228.345,217.927,208.743,201.131,195.372,191.641,189.966,190.206,192.057,195.076,198.744,202.547,206.05,208.954,211.116,212.55,213.405,213.927,214.376,214.937,215.673,216.55,217.521,218.569,219.697,220.91,222.205,223.579,225.024,226.529,228.08,229.657,231.237,232.795,234.301,235.727,237.049,238.25,239.33,240.316,241.276,242.339,243.728,245.808
35040.0,312.789,300.82,288.651,276.391,264.115,251.946,240.073,228.756,218.312,209.089,201.43,195.617,191.829,190.099,190.291,192.101,195.09,198.739,202.533,206.035,208.94,211.106,212.544,213.403,213.926,214.376,214.938,215.673,216.55,217.521,218.569,219.697,220.91,222.205,223.579,225.024,226.529,228.08,229.657,231.237,232.795,234.301,235.727,237.049,238.25,239.33,240.316,241.276,242.339,243.728,245.808
35100.0,313.141,301.195,289.046,276.803,264.538,252.374,240.497,229.165,218.695,209.435,201.728,195.862,192.018,190.233,190.375,192.146,195.105,198.736,202.52,206.019,208.927,211.096,212.537,213.4,213.926,214.376,214.938,215.673,216.55,217.521,218.569,219.697,220.91,222.205,223.579,225.024,226.529,228.08,229.657,231.237,232.795,234.301,235.727,237.049,238.25,239.33,240.316,241.276,242.339,243.728,245.808
35160.0,313.491,301.566,289.438,277.211,264.959,252.8,240.919,229.573,219.077,209.78,202.027,196.108,192.207,190.368,190.461,192.191,195.12,198.732,202.507,206.003,208.913,211.086,212.531,213.397,213.925,214.377,214.938,215.673,216.55,217.52,218.568,219.697,220.91,222.205,223.579,225.024,226.529,228.08,229.657,231.237,232.795,234.301,235.727,237.049,238.25,239.33,240.316,241.276,242.339,243.728,245.808
35220.0,313.837,301.934,289.827,277.617,265.377,253.223,241.339,229.98,219.458,210.125,202.326,196.353,192.397,190.503,190.547,192.236,195.136,198.729,202.494,205.988,208.899,211.075,212.525,213.394,213.924,214.377,214.939,215.673,216.55,217.52,218.568,219.697,220.91,222.205,223.579,225.024,226.529,228.08,229.657,231.237,232.795,234.301,235.727,237.049,238.25,239.33,240.316,241.276,242.339,243.728,245.808
35280.0,314.181,302.299,290.213,278.021,265.793,253.645,241.758,230.385,219.839,210.47,202.625,196.6,192.588,190.639,190.634,192.283,195.152,198.726,202.482,205.972,208.885,211.065,212.519,213.391,213.924,214.377,214.939,215.673,216.55,217.52,218.568,219.697,220.91,222.205,223.579,225.024,226.529,228.08,229.657,231.237,232.795,234.301,235.727,237.049,238.25,239.33,240.316,241.276,242.339,243.728,245.808
35340.0,314.521,302.662,290.596,278.421,266.206,254.064,242.174,230.788,220.218,210.814,202.924,196.846,192.778,190.775,190.721,192.329,195.169,198.723,202.469,205.957,208.871,211.055,212.512,213.388,213.923,214.377,214.939,215.674,216.549,217.52,218.568,219.697,220.91,222.205,223.579,225.024,226.529,228.08,229.657,231.237,232.795,234.301,235.727,237.049,238.25,239.33,240.316,241.276,242.339,243.728,245.808
35400.0,314.858,303.021,290.976,278.819,266.617,254.48,242.589,231.191,220.597,211.157,203.222,197.093,192.97,190.912,190.809,192.377,195.186,198.721,202.457,205.942,208.857,211.045,212.506,213.385,213.922,214.377,214.94,215.674,216.549,217.52,218.568,219.697,220.91,222.205,223.579,225.024,226.529,228.08,229.657,231.237,232.795,234.301,235.727,237.049,238.25,239.33,240.316,241.276,242.339,243.728,245.808
35460.0,315.192,303.377,291.353,279.214,267.025,254.895,243.002,231.591,220.974,211.5,203.521,197.34,193.162,191.05,190.898,192.424,195.204,198.719,202.444,205.927,208.844,211.035,212.5,213.382,213.921,214.378,214.94,215.674,216.549,217.52,218.568,219.697,220.909,222.205,223.579,225.024,226.529,228.08,229.657,231.237,232.795,234.301,235.727,237.049,238.25,239.33,240.316,241.276,242.339,243.728,245.808
35520.0,315.524,303.731,291.727,279.606,267.43,255.307,243.412,231.991,221.351,211.843,203.819,197.587,193.354,191.188,190.987,192.473,195.221,198.717,202.432,205.912,208.83,211.024,212.494,213.379,213.921,214.378,214.94,215.674,216.549,217.52,218.568,219.697,220.909,222.205,223.579,225.024,226.529,228.08,229.656,231.237,232.795,234.301,235.727,237.049,238.25,239.33,240.316,241.276,242.339,243.728,245.808
35580.0,315.852,304.081,292.099,279.996,267.833,255.717,243.821,232.388,221.726,212.185,204.118,197.834,193.547,191.327,191.077,192.522,195.24,198.715,202.421,205.897,208.816,211.014,212.487,213.376,213.92,214.378,214.941,215.674,216.549,217.52,218.568,219.697,220.909,222.205,223.579,225.024,226.529,228.079,229.656,231.237,232.795,234.301,235.727,237.049,238.25,239.33,240.316,241.276,242.339,243.728,245.808
35640.0,316.177,304.429,292.468,280.382,268.233,256.125,244.228,232.785,222.101,212.526,204.416,198.082,193.74,191.467,191.167,192.571,195.259,198.714,202.409,205.882,208.803,211.004,212.481,213.373,213.919,214.378,214.941,215.674,216.549,217.52,218.568,219.697,220.909,222.205,223.579,225.024,226.529,228.079,229.656,231.237,232.795,234.301,235.727,237.049,238.249,239.33,240.316,241.276,242.339,243.728,245.808
35700.0,316.5,304.773,292.834,280.767,268.631,256.531,244.633,233.18,222.474,212.867,204.714,198.33,193.934,191.607,191.258,192.621,195.278,198.713,202.397,205.867,208.789,210.994,212.475,213.37,213.918,214.378,214.941,215.674,216.549,217.52,218.568,219.697,220.909,222.205,223.579,225.024,226.529,228.079,229.656,231.237,232.795,234.301,235.727,237.049,238.249,239.33,240.316,241.276,242.339,243.728,245.808
35760.0,316.819,305.115,293.197,281.148,269.027,256.934,245.037,233.573,222.847,213.207,205.012,198.578,194.129,191.748,191.35,192.672,195.297,198.713,202.386,205.852,208.775,210.983,212.468,213.367,213.917,214.379,214.942,215.675,216.549,217.52,218.568,219.697,220.909,222.205,223.579,225.024,226.529,228.079,229.656,231.237,232.795,234.301,235.727,237.049,238.249,239.33,240.316,241.276,242.339,243.728,245.808
35820.0,317.135,305.454,293.557,281.527,269.42,257.335,245.438,233.965,223.218,213.547,205.31,198.826,194.323,191.889,191.442,192.723,195.318,198.712,202.375,205.837,208.762,210.973,212.462,213.364,213.917,214.379,214.942,215.675,216.549,217.52,218.568,219.696,220.909,222.205,223.579,225.024,226.529,228.079,229.656,231.237,232.795,234.301,235.727,237.049,238.249,239.33,240.316,241.276,242.339,243.728,245.808
35880.0,317.449,305.79,293.914,281.903,269.81,257.734,245.837,234.355,223.589,213.886,205.608,199.075,194.519,192.031,191.535,192.775,195.338,198.712,202.364,205.823,208.748,210.963,212.456,213.361,213.916,214.379,214.942,215.675,216.549,217.52,218.568,219.696,220.909,222.205,223.579,225.024,226.529,228.079,229.656,231.237,232.795,234.301,235.727,237.049,238.249,239.33,240.316,241.276,242.339,243.728,245.808
35940.0,317.759,306.123,294.269,282.276,270.198,258.131,246.235,234.744,223.958,214.225,205.905,199.324,194.714,192.174,191.629,192.827,195.359,198.713,202.353,205.808,208.735,210.953,212.449,213.358,213.915,214.379,214.943,215.675,216.549,217.52,218.568,219.696,220.909,222.205,223.579,225.024,226.529,228.079,229.656,231.237,232.795,234.301,235.727,237.049,238.249,239.33,240.316,241.276,242.339,243.728,245.808
36000.0,318.067,306.453,294.621,282.647,270.584,258.525,246.631,235.131,224.326,214.563,206.203,199.573,194.91,192.317,191.723,192.88,195.38,198.713,202.343,205.794,208.721,210.943,212.443,213.355,213.914,214.379,214.943,215.675,216.549,217.52,218.568,219.696,220.909,222.205,223.579,225.024,226.529,228.079,229.656,231.237,232.794,234.301,235.727,237.049,238.249,239.33,240.316,241.276,242.339,243.728,245.808
36060.0,318.372,306.78,294.97,283.015,270.967,258.917,247.024,235.517,224.694,214.9,206.5,199.822,195.107,192.46,191.818,192.933,195.402,198.714,202.332,205.779,208.708,210.932,212.437,213.352,213.913,214.379,214.943,215.675,216.549,217.52,218.568,219.696,220.909,222.205,223.579,225.024,226.529,228.079,229.656,231.237,232.794,234.301,235.727,237.049,238.249,239.33,240.316,241.276,242.339,243.728,245.808
36120.0,318.674,307.105,295.316,283.38,271.347,259.307,247.416,235.902,225.06,215.237,206.797,200.071,195.304,192.605,191.913,192.987,195.424,198.715,202.322,205.765,208.694,210.922,212.43,213.349,213.912,214.38,214.944,215.675,216.549,217.519,218.568,219.696,220.909,222.205,223.579,225.024,226.529,228.079,229.656,231.237,232.794,234.301,235.727,237.049,238.249,239.33,240.316,241.276,242.339,243.728,245.808
36180.0,318.973,307.426,295.659,283.743,271.725,259.695,247.806,236.284,225.425,215.573,207.094,200.32,195.501,192.749,192.009,193.041,195.447,198.717,202.312,205.751,208.681,210.912,212.424,213.346,213.912,214.38,214.944,215.675,216.549,217.519,218.568,219.696,220.909,222.205,223.579,225.024,226.529,228.079,229.656,231.237,232.794,234.301,235.727,237.049,238.249,239.33,240.316,241.276,242.339,243.728,245.808
36240.0,319.269,307.745,296.0,284.103,272.101,260.08,248.194,236.666,225.789,215.909,207.391,200.57,195.699,192.895,192.105,193.096,195.47,198.718,202.302,205.737,208.668,210.902,212.418,213.343,213.911,214.38,214.944,215.676,216.549,217.519,218.567,219.696,220.909,222.205,223.579,225.023,226.529,228.079,229.656,231.237,232.794,234.301,235.727,237.049,238.249,239.33,240.316,241.276,242.339,243.728,245.808
36300.0,319.562,308.061,296.338,284.461,272.474,260.463,248.58,237.045,226.152,216.244,207.687,200.82,195.897,193.04,192.202,193.152,195.494,198.72,202.292,205.723,208.654,210.892,212.411,213.34,213.91,214.38,214.945,215.676,216.549,217.519,218.567,219.696,220.909,222.204,223.578,225.023,226.529,228.079,229.656,231.237,232.794,234.301,235.727,237.049,238.249,239.33,240.316,241.276,242.339,243.728,245.808
36360.0,319.852,308.374,296.673,284.815,272.844,260.844,248.964,237.424,226.513,216.578,207.983,201.07,196.095,193.187,192.3,193.208,195.518,198.723,202.282,205.709,208.641,210.881,212.405,213.337,213.909,214.38,214.945,215.676,216.549,217.519,218.567,219.696,220.909,222.204,223.578,225.023,226.529,228.079,229.656,231.237,232.794,234.301,235.727,237.049,238.249,239.33,240.316,241.276,242.339,243.728,245.808
36420.0,320.14,308.685,297.006,285.168,273.212,261.223,249.346,237.8,226.874,216.911,208.279,201.32,196.294,193.334,192.398,193.264,195.542,198.725,202.273,205.695,208.628,210.871,212.398,213.334,213.908,214.38,214.945,215.676,216.549,217.519,218.567,219.696,220.909,222.204,223.578,225.023,226.528,228.079,229.656,231.237,232.794,234.301,235.727,237.049,238.249,239.33,240.316,241.276,242.339,243.728,245.808
36480.0,320.425,308.992,297.335,285.517,273.578,261.6,249.726,238.175,227.233,217.244,208.575,201.57,196.494,193.481,192.497,193.321,195.567,198.728,202.264,205.682,208.615,210.861,212.392,213.331,213.907,214.381,214.946,215.676,216.549,217.519,218.567,219.696,220.909,222.204,223.578,225.023,226.528,228.079,229.656,231.237,232.794,234.301,235.727,237.049,238.249,239.33,240.316,241.276,242.339,243.728,245.808
36540.0,320.706,309.297,297.662,285.864,273.941,261.974,250.105,238.549,227.592,217.576,208.87,201.82,196.693,193.629,192.596,193.379,195.592,198.732,202.255,205.668,208.601,210.851,212.385,213.327,213.906,214.381,214.946,215.676,216.549,217.519,218.567,219.696,220.909,222.204,223.578,225.023,226.528,228.079,229.656,231.236,232.794,234.301,235.727,237.049,238.249,239.33,240.316,241.276,242.339,243.728,245.808
36600.0,320.985,309.599,297.987,286.209,274.302,262.346,250.481,238.921,227.949,217.908,209.165,202.07,196.893,193.778,192.696,193.437,195.618,198.735,202.246,205.654,208.588,210.841,212.379,213.324,213.905,214.381,214.946,215.676,216.549,217.519,218.567,219.696,220.909,222.204,223.578,225.023,226.528,228.079,229.656,231.236,232.794,234.301,235.727,237.049,238.249,239.33,240.316,241.276,242.339,243.728,245.808
36660.0,321.262,309.898,298.308,286.55,274.66,262.716,250.856,239.291,228.305,218.238,209.46,202.32,197.094,193.926,192.797,193.496,195.644,198.739,202.237,205.641,208.575,210.831,212.373,213.321,213.904,214.381,214.946,215.677,216.549,217.519,218.567,219.696,220.909,222.204,223.578,225.023,226.528,228.079,229.656,231.236,232.794,234.301,235.727,237.048,238.249,239.33,240.316,241.276,242.339,243.728,245.808
36720.0,321.535,310.195,298.627,286.889,275.016,263.083,251.228,239.66,228.66,218.568,209.755,202.571,197.294,194.076,192.898,193.555,195.67,198.743,202.229,205.628,208.562,210.82,212.366,213.318,213.903,214.381,214.947,215.677,216.549,217.519,218.567,219.696,220.908,222.204,223.578,225.023,226.528,228.079,229.656,231.236,232.794,234.3,235.727,237.048,238.249,239.33,240.316,241.276,242.339,243.728,245.808
36780.0,321.806,310.488,298.943,287.226,275.37,263.449,251.599,240.027,229.014,218.898,210.049,202.821,197.495,194.226,192.999,193.614,195.697,198.748,202.221,205.614,208.549,210.81,212.36,213.315,213.903,214.381,214.947,215.677,216.549,217.519,218.567,219.696,220.908,222.204,223.578,225.023,226.528,228.079,229.656,231.236,232.794,234.3,235.727,237.048,238.249,239.33,240.316,241.276,242.339,243.728,245.808
36840.0,322.074,310.779,299.257,287.56,275.721,263.812,251.968,240.393,229.366,219.226,210.343,203.072,197.697,194.376,193.101,193.675,195.724,198.753,202.213,205.601,208.536,210.8,212.353,213.312,213.902,214.381,214.947,215.677,216.549,217.519,218.567,219.696,220.908,222.204,223.578,225.023,226.528,228.079,229.656,231.236,232.794,234.3,235.727,237.048,238.249,239.329,240.316,241.276,242.339,243.728,245.808
36900.0,322.339,311.067,299.568,287.891,276.07,264.173,252.334,240.757,229.718,219.554,210.637,203.322,197.898,194.527,193.204,193.735,195.752,198.758,202.205,205.588,208.523,210.79,212.347,213.308,213.901,214.381,214.948,215.677,216.549,217.519,218.567,219.696,220.908,222.204,223.578,225.023,226.528,228.079,229.656,231.236,232.794,234.3,235.727,237.048,238.249,239.329,240.316,241.276,242.339,243.728,245.808
36960.0,322.601,311.353,299.876,288.22,276.416,264.532,252.699,241.12,230.068,219.881,210.93,203.573,198.1,194.679,193.307,193.796,195.78,198.763,202.197,205.575,208.51,210.78,212.34,213.305,213.9,214.381,214.948,215.677,216.549,217.519,218.567,219.695,220.908,222.204,223.578,225.023,226.528,228.079,229.656,231.236,232.794,234.3,235.727,237.048,238.249,239.329,240.316,241.276,242.339,243.728,245.808
37020.0,322.86,311.636,300.182,288.547,276.76,264.888,253.062,241.481,230.417,220.208,211.223,203.823,198.302,194.83,193.411,193.858,195.809,198.769,202.189,205.562,208.497,210.77,212.334,213.302,213.899,214.382,214.948,215.677,216.549,217.519,218.567,219.695,220.908,222.204,223.578,225.023,226.528,228.079,229.656,231.236,232.794,234.3,235.727,237.048,238.249,239.329,240.316,241.276,242.339,243.728,245.808
37080.0,323.117,311.916,300.485,288.87,277.101,265.243,253.423,241.84,230.765,220.533,211.515,204.074,198.505,194.983,193.515,193.92,195.838,198.775,202.182,205.55,208.484,210.76,212.327,213.299,213.898,214.382,214.949,215.677,216.549,217.518,218.567,219.695,220.908,222.204,223.578,225.023,226.528,228.079,229.656,231.236,232.794,234.3,235.727,237.048,238.249,239.329,240.316,241.276,242.339,243.728,245.808
37140.0,323.371,312.193,300.785,289.192,277.44,265.595,253.782,242.198,231.112,220.858,211.808,204.324,198.708,195.136,193.62,193.983,195.867,198.781,202.175,205.537,208.471,210.749,212.321,213.296,213.897,214.382,214.949,215.678,216.549,217.518,218.567,219.695,220.908,222.204,223.578,225.023,226.528,228.079,229.656,231.236,232.794,234.3,235.727,237.048,238.249,239.329,240.316,241.276,242.339,243.728,245.808
37200.0,323.623,312.468,301.082,289.51,277.776,265.945,254.139,242.554,231.457,221.182,212.099,204.575,198.911,195.289,193.725,194.046,195.897,198.788,202.168,205.524,208.459,210.739,212.314,213.292,213.896,214.382,214.949,215.678,216.549,217.518,218.567,219.695,220.908,222.204,223.578,225.023,226.528,228.078,229.656,231.236,232.794,234.3,235.727,237.048,238.249,239.329,240.316,241.276,242.339,243.728,245.808
37260.0,323.871,312.74,301.377,289.826,278.111,266.293,254.494,242.908,231.801,221.505,212.391,204.825,199.114,195.442,193.831,194.11,195.928,198.794,202.161,205.512,208.446,210.729,212.308,213.289,213.895,214.382,214.949,215.678,216.549,217.518,218.566,219.695,220.908,222.204,223.578,225.023,226.528,228.078,229.656,231.236,232.794,234.3,235.727,237.048,238.249,239.329,240.316,241.276,242.339,243.728,245.808
37320.0,324.117,313.009,301.67,290.14,278.442,266.638,254.848,243.261,232.144,221.827,212.682,205.076,199.318,195.597,193.937,194.174,195.958,198.802,202.155,205.5,208.433,210.719,212.301,213.286,213.894,214.382,214.95,215.678,216.549,217.518,218.566,219.695,220.908,222.204,223.578,225.023,226.528,228.078,229.655,231.236,232.794,234.3,235.727,237.048,238.249,239.329,240.316,241.276,242.339,243.728,245.808
37380.0,324.36,313.276,301.96,290.451,278.772,266.982,255.199,243.613,232.486,222.149,212.973,205.326,199.521,195.751,194.044,194.239,195.989,198.809,202.148,205.487,208.421,210.709,212.295,213.283,213.893,214.382,214.95,215.678,216.549,217.518,218.566,219.695,220.908,222.204,223.578,225.023,226.528,228.078,229.655,231.236,232.794,234.3,235.727,237.048,238.249,239.329,240.316,241.276,242.339,243.728,245.808
37440.0,324.601,313.539,302.247,290.76,279.099,267.323,255.548,243.962,232.826,222.47,213.263,205.577,199.726,195.906,194.152,194.304,196.021,198.817,202.142,205.475,208.408,210.699,212.288,213.279,213.892,214.382,214.95,215.678,216.549,217.518,218.566,219.695,220.908,222.204,223.578,225.023,226.528,228.078,229.655,231.236,232.794,234.3,235.727,237.048,238.249,239.329,240.316,241.276,242.339,243.728,245.808
37500.0,324.838,313.801,302.531,291.066,279.424,267.662,255.896,244.31,233.166,222.789,213.553,205.827,199.93,196.062,194.259,194.37,196.053,198.825,202.136,205.463,208.395,210.689,212.282,213.276,213.891,214.382,214.951,215.678,216.549,217.518,218.566,219.695,220.908,222.204,223.578,225.023,226.528,228.078,229.655,231.236,232.794,234.3,235.727,237.048,238.249,239.329,240.316,241.276,242.339,243.728,245.808
37560.0,325.073,314.059,302.813,291.369,279.746,267.998,256.241,244.657,233.504,223.108,213.842,206.078,200.134,196.217,194.368,194.436,196.085,198.834,202.13,205.451,208.383,210.679,212.275,213.273,213.89,214.382,214.951,215.679,216.549,217.518,218.566,219.695,220.908,222.203,223.578,225.023,226.528,228.078,229.655,231.236,232.794,234.3,235.727,237.048,238.249,239.329,240.316,241.276,242.339,243.728,245.808
37620.0,325.306,314.315,303.093,291.67,280.066,268.333,256.585,245.002,233.841,223.427,214.131,206.328,200.339,196.374,194.477,194.503,196.118,198.842,202.125,205.439,208.37,210.669,212.269,213.27,213.889,214.382,214.951,215.679,216.549,217.518,218.566,219.695,220.908,222.203,223.577,225.023,226.528,228.078,229.655,231.236,232.794,234.3,235.727,237.048,238.249,239.329,240.316,241.276,242.339,243.728,245.808
37680.0,325.535,314.569,303.369,291.969,280.383,268.665,256.926,245.345,234.176,223.744,214.419,206.578,200.544,196.53,194.586,194.57,196.151,198.851,202.119,205.428,208.358,210.659,212.262,213.266,213.888,214.382,214.951,215.679,216.549,217.518,218.566,219.695,220.908,222.203,223.577,225.022,226.528,228.078,229.655,231.236,232.794,234.3,235.727,237.048,238.249,239.329,240.316,241.276,242.339,243.728,245.808
37740.0,325.762,314.82,303.644,292.265,280.698,268.996,257.266,245.686,234.51,224.06,214.708,206.828,200.749,196.687,194.696,194.638,196.185,198.861,202.114,205.416,208.346,210.649,212.256,213.263,213.887,214.382,214.952,215.679,216.549,217.518,218.566,219.695,220.908,222.203,223.577,225.022,226.528,228.078,229.655,231.236,232.794,234.3,235.727,237.048,238.249,239.329,240.316,241.276,242.339,243.728,245.808
37800.0,325.987,315.068,303.915,292.558,281.011,269.324,257.603,246.026,234.843,224.376,214.995,207.078,200.955,196.845,194.806,194.706,196.219,198.87,202.109,205.404,208.333,210.639,212.249,213.26,213.886,214.383,214.952,215.679,216.549,217.518,218.566,219.695,220.908,222.203,223.577,225.022,226.528,228.078,229.655,231.236,232.794,234.3,235.727,237.048,238.249,239.329,240.316,241.276,242.339,243.728,245.808
37860.0,326.209,315.313,304.184,292.85,281.322,269.65,257.939,246.364,235.175,224.691,215.282,207.328,201.16,197.002,194.917,194.775,196.254,198.88,202.104,205.393,208.321,210.629,212.243,213.256,213.884,214.383,214.952,215.679,216.549,217.518,218.566,219.695,220.908,222.203,223.577,225.022,226.528,228.078,229.655,231.236,232.794,234.3,235.727,237.048,238.249,239.329,240.316,241.276,242.339,243.728,245.808
37920.0,326.428,315.556,304.451,293.138,281.63,269.973,258.273,246.701,235.505,225.005,215.569,207.578,201.366,197.161,195.028,194.844,196.288,198.891,202.1,205.382,208.309,210.619,212.236,213.253,213.883,214.383,214.953,215.679,216.549,217.518,218.566,219.695,220.908,222.203,223.577,225.022,226.527,228.078,229.655,231.236,232.794,234.3,235.726,237.048,238.249,239.329,240.316,241.276,242.339,243.728,245.808
37980.0,326.644,315.796,304.715,293.424,281.936,270.295,258.605,247.036,235.834,225.318,215.855,207.828,201.572,197.319,195.14,194.913,196.324,198.901,202.095,205.37,208.296,210.609,212.229,213.25,213.882,214.383,214.953,215.68,216.549,217.518,218.566,219.695,220.907,222.203,223.577,225.022,226.527,228.078,229.655,231.236,232.794,234.3,235.726,237.048,238.249,239.329,240.316,241.276,242.339,243.728,245.808
38040.0,326.858,316.034,304.976,293.708,282.239,270.614,258.935,247.369,236.162,225.63,216.141,208.077,201.778,197.478,195.252,194.983,196.359,198.912,202.091,205.359,208.284,210.599,212.223,213.246,213.881,214.383,214.953,215.68,216.549,217.517,218.566,219.695,220.907,222.203,223.577,225.022,226.527,228.078,229.655,231.236,232.794,234.3,235.726,237.048,238.249,239.329,240.316,241.276,242.339,243.728,245.808
38100.0,327.069,316.269,305.235,293.989,282.54,270.931,259.263,247.701,236.489,225.941,216.426,208.326,201.984,197.637,195.365,195.054,196.396,198.924,202.087,205.348,208.272,210.589,212.216,213.243,213.88,214.383,214.953,215.68,216.549,217.517,218.566,219.695,220.907,222.203,223.577,225.022,226.527,228.078,229.655,231.236,232.794,234.3,235.726,237.048,238.249,239.329,240.316,241.276,242.339,243.728,245.808
38160.0,327.278,316.502,305.492,294.268,282.839,271.246,259.589,248.031,236.814,226.251,216.71,208.576,202.191,197.797,195.478,195.125,196.432,198.935,202.083,205.337,208.26,210.579,212.21,213.24,213.879,214.383,214.954,215.68,216.549,217.517,218.566,219.694,220.907,222.203,223.577,225.022,226.527,228.078,229.655,231.236,232.794,234.3,235.726,237.048,238.249,239.329,240.316,241.276,242.339,243.728,245.808
38220.0,327.483,316.732,305.746,294.544,283.135,271.559,259.913,248.359,237.138,226.56,216.994,208.825,202.397,197.957,195.592,195.196,196.469,198.947,202.08,205.327,208.248,210.569,212.203,213.236,213.878,214.383,214.954,215.68,216.549,217.517,218.566,219.694,220.907,222.203,223.577,225.022,226.527,228.078,229.655,231.236,232.793,234.3,235.726,237.048,238.249,239.329,240.316,241.276,242.339,243.728,245.808
38280.0,327.687,316.959,305.997,294.818,283.429,271.87,260.235,248.686,237.46,226.869,217.278,209.074,202.604,198.117,195.706,195.268,196.506,198.959,202.076,205.316,208.236,210.559,212.197,213.233,213.877,214.383,214.954,215.68,216.549,217.517,218.566,219.694,220.907,222.203,223.577,225.022,226.527,228.078,229.655,231.236,232.793,234.3,235.726,237.048,238.249,239.329,240.316,241.276,242.339,243.728,245.808
38340.0,327.887,317.184,306.246,295.09,283.721,272.179,260.555,249.011,237.782,227.176,217.561,209.322,202.811,198.278,195.82,195.341,196.544,198.972,202.073,205.305,208.224,210.549,212.19,213.229,213.876,214.383,214.955,215.68,216.549,217.517,218.565,219.694,220.907,222.203,223.577,225.022,226.527,228.078,229.655,231.236,232.793,234.3,235.726,237.048,238.249,239.329,240.316,241.276,242.339,243.728,245.808
38400.0,328.086,317.406,306.492,295.359,284.011,272.485,260.873,249.335,238.102,227.483,217.843,209.571,203.018,198.439,195.935,195.414,196.582,198.984,202.07,205.295,208.212,210.539,212.183,213.226,213.875,214.383,214.955,215.68,216.549,217.517,218.565,219.694,220.907,222.203,223.577,225.022,226.527,228.078,229.655,231.236,232.793,234.3,235.726,237.048,238.249,239.329,240.316,241.276,242.339,243.728,245.808
38460.0,328.281,317.626,306.736,295.626,284.298,272.789,261.19,249.656,238.42,227.788,218.125,209.819,203.225,198.6,196.051,195.487,196.621,198.997,202.067,205.285,208.2,210.529,212.177,213.223,213.873,214.383,214.955,215.681,216.549,217.517,218.565,219.694,220.907,222.203,223.577,225.022,226.527,228.078,229.655,231.236,232.793,234.3,235.726,237.048,238.249,239.329,240.316,241.276,242.339,243.728,245.808
38520.0,328.474,317.843,306.977,295.89,284.583,273.091,261.504,249.976,238.737,228.093,218.407,210.067,203.432,198.762,196.166,195.561,196.66,199.011,202.065,205.274,208.188,210.519,212.17,213.219,213.872,214.383,214.955,215.681,216.549,217.517,218.565,219.694,220.907,222.203,223.577,225.022,226.527,228.078,229.655,231.235,232.793,234.3,235.726,237.048,238.249,239.329,240.316,241.276,242.339,243.728,245.808
38580.0,328.665,318.058,307.216,296.152,284.865,273.391,261.817,250.295,239.053,228.396,218.687,210.315,203.639,198.924,196.283,195.635,196.699,199.024,202.063,205.264,208.177,210.509,212.164,213.216,213.871,214.383,214.956,215.681,216.549,217.517,218.565,219.694,220.907,222.203,223.577,225.022,226.527,228.078,229.655,231.235,232.793,234.3,235.726,237.048,238.249,239.329,240.316,241.276,242.339,243.728,245.808
38640.0,328.852,318.27,307.453,296.411,285.146,273.689,262.127,250.611,239.368,228.699,218.967,210.563,203.846,199.086,196.399,195.71,196.739,199.038,202.06,205.254,208.165,210.5,212.157,213.212,213.87,214.383,214.956,215.681,216.549,217.517,218.565,219.694,220.907,222.203,223.577,225.022,226.527,228.078,229.655,231.235,232.793,234.3,235.726,237.048,238.249,239.329,240.316,241.276,242.339,243.728,245.808
38700.0,329.038,318.479,307.687,296.668,285.424,273.985,262.436,250.926,239.681,229.0,219.247,210.811,204.054,199.249,196.516,195.785,196.779,199.053,202.058,205.245,208.153,210.49,212.15,213.209,213.869,214.383,214.956,215.681,216.549,217.517,218.565,219.694,220.907,222.203,223.577,225.022,226.527,228.078,229.655,231.235,232.793,234.3,235.726,237.048,238.249,239.329,240.316,241.276,242.339,243.728,245.808
38760.0,329.22,318.686,307.918,296.923,285.699,274.278,262.742,251.24,239.993,229.301,219.526,211.058,204.261,199.412,196.634,195.86,196.82,199.067,202.057,205.235,208.142,210.48,212.144,213.205,213.868,214.383,214.956,215.681,216.549,217.517,218.565,219.694,220.907,222.203,223.577,225.022,226.527,228.078,229.655,231.235,232.793,234.3,235.726,237.048,238.249,239.329,240.316,241.276,242.339,243.728,245.808
38820.0,329.4,318.891,308.147,297.175,285.973,274.569,263.047,251.551,240.303,229.601,219.804,211.305,204.469,199.575,196.752,195.936,196.861,199.082,202.055,205.225,208.13,210.47,212.137,213.202,213.866,214.383,214.957,215.681,216.549,217.517,218.565,219.694,220.907,222.203,223.577,225.022,226.527,228.077,229.655,231.235,232.793,234.3,235.726,237.048,238.249,239.329,240.316,241.276,242.339,243.728,245.808
38880.0,329.578,319.093,308.374,297.425,286.244,274.859,263.35,251.861,240.613,229.899,220.082,211.552,204.676,199.738,196.87,196.013,196.902,199.098,202.054,205.216,208.119,210.46,212.13,213.198,213.865,214.383,214.957,215.682,216.549,217.517,218.565,219.694,220.907,222.202,223.577,225.022,226.527,228.077,229.655,231.235,232.793,234.3,235.726,237.048,238.249,239.329,240.316,241.276,242.339,243.728,245.808
38940.0,329.753,319.292,308.598,297.672,286.513,275.146,263.651,252.17,240.92,230.197,220.359,211.798,204.884,199.902,196.989,196.09,196.944,199.113,202.053,205.206,208.107,210.451,212.124,213.195,213.864,214.383,214.957,215.682,216.549,217.517,218.565,219.694,220.907,222.202,223.577,225.022,226.527,228.077,229.655,231.235,232.793,234.3,235.726,237.048,238.249,239.329,240.316,241.276,242.339,243.728,245.808
39000.0,329.926,319.489,308.819,297.918,286.779,275.431,263.95,252.476,241.227,230.494,220.636,212.044,205.092,200.066,197.108,196.167,196.986,199.129,202.052,205.197,208.096,210.441,212.117,213.191,213.863,214.383,214.957,215.682,216.549,217.517,218.565,219.694,220.907,222.202,223.576,225.022,226.527,228.077,229.655,231.235,232.793,234.3,235.726,237.048,238.249,239.329,240.316,241.276,242.339,243.728,245.808
39060.0,330.096,319.684,309.039,298.16,287.044,275.714,264.247,252.781,241.532,230.789,220.911,212.29,205.3,200.23,197.228,196.245,197.028,199.145,202.051,205.188,208.084,210.431,212.111,213.188,213.862,214.383,214.958,215.682,216.549,217.516,218.565,219.694,220.907,222.202,223.576,225.022,226.527,228.077,229.654,231.235,232.793,234.3,235.726,237.048,238.249,239.329,240.316,241.276,242.339,243.728,245.808
39120.0,330.263,319.876,309.255,298.401,287.306,275.994,264.542,253.085,241.835,231.084,221.187,212.536,205.507,200.395,197.348,196.323,197.071,199.162,202.05,205.179,208.073,210.421,212.104,213.184,213.86,214.383,214.958,215.682,216.549,217.516,218.565,219.694,220.907,222.202,223.576,225.021,226.527,228.077,229.654,231.235,232.793,234.3,235.726,237.048,238.249,239.329,240.316,241.276,242.339,243.728,245.808
39180.0,330.428,320.066,309.47,298.639,287.565,276.273,264.835,253.386,242.138,231.377,221.461,212.781,205.715,200.56,197.468,196.402,197.115,199.178,202.05,205.17,208.062,210.412,212.097,213.181,213.859,214.383,214.958,215.682,216.549,217.516,218.565,219.694,220.907,222.202,223.576,225.021,226.527,228.077,229.654,231.235,232.793,234.3,235.726,237.048,238.249,239.329,240.316,241.276,242.339,243.728,245.808
39240.0,330.59,320.253,309.682,298.874,287.823,276.549,265.126,253.686,242.439,231.67,221.735,213.026,205.923,200.725,197.589,196.481,197.158,199.196,202.05,205.161,208.051,210.402,212.091,213.177,213.858,214.382,214.958,215.682,216.549,217.516,218.565,219.694,220.906,222.202,223.576,225.021,226.527,228.077,229.654,231.235,232.793,234.3,235.726,237.048,238.249,239.329,240.316,241.276,242.339,243.728,245.808
39300.0,330.75,320.437,309.891,299.108,288.078,276.824,265.415,253.984,242.738,231.961,222.008,213.271,206.131,200.89,197.71,196.56,197.202,199.213,202.05,205.152,208.04,210.392,212.084,213.174,213.857,214.382,214.959,215.683,216.549,217.516,218.565,219.694,220.906,222.202,223.576,225.021,226.527,228.077,229.654,231.235,232.793,234.299,235.726,237.048,238.249,239.329,240.316,241.276,242.339,243.728,245.808
39360.0,330.908,320.62,310.098,299.339,288.331,277.096,265.702,254.281,243.036,232.252,222.281,213.516,206.338,201.055,197.831,196.64,197.247,199.231,202.051,205.144,208.028,210.382,212.077,213.17,213.855,214.382,214.959,215.683,216.548,217.516,218.564,219.693,220.906,222.202,223.576,225.021,226.527,228.077,229.654,231.235,232.793,234.299,235.726,237.048,238.249,239.329,240.316,241.276,242.339,243.728,245.808
39420.0,331.063,320.799,310.303,299.567,288.582,277.366,265.988,254.576,243.333,232.541,222.553,213.76,206.546,201.221,197.953,196.72,197.292,199.249,202.051,205.135,208.017,210.373,212.071,213.167,213.854,214.382,214.959,215.683,216.548,217.516,218.564,219.693,220.906,222.202,223.576,225.021,226.526,228.077,229.654,231.235,232.793,234.299,235.726,237.048,238.249,239.329,240.316,241.276,242.339,243.728,245.808
39480.0,331.215,320.977,310.505,299.794,288.831,277.634,266.271,254.869,243.628,232.83,222.824,214.004,206.754,201.387,198.075,196.801,197.337,199.267,202.052,205.127,208.007,210.363,212.064,213.163,213.853,214.382,214.959,215.683,216.548,217.516,218.564,219.693,220.906,222.202,223.576,225.021,226.526,228.077,229.654,231.235,232.793,234.299,235.726,237.048,238.249,239.329,240.316,241.276,242.339,243.728,245.808
39540.0,331.365,321.151,310.705,300.018,289.077,277.9,266.553,255.16,243.922,233.117,223.094,214.247,206.962,201.553,198.198,196.882,197.383,199.286,202.053,205.119,207.996,210.353,212.057,213.16,213.852,214.382,214.96,215.683,216.548,217.516,218.564,219.693,220.906,222.202,223.576,225.021,226.526,228.077,229.654,231.235,232.793,234.299,235.726,237.048,238.249,239.329,240.316,241.276,242.339,243.728,245.808
39600.0,331.512,321.324,310.902,300.239,289.321,278.164,266.832,255.45,244.215,233.403,223.364,214.49,207.169,201.719,198.321,196.964,197.429,199.305,202.054,205.111,207.985,210.344,212.051,213.156,213.85,214.382,214.96,215.683,216.548,217.516,218.564,219.693,220.906,222.202,223.576,225.021,226.526,228.077,229.654,231.235,232.793,234.299,235.726,237.048,238.249,239.329,240.316,241.276,242.339,243.728,245.808
39660.0,331.657,321.494,311.098,300.459,289.563,278.426,267.11,255.738,244.506,233.688,223.633,214.733,207.377,201.886,198.444,197.046,197.475,199.324,202.055,205.103,207.974,210.334,212.044,213.153,213.849,214.382,214.96,215.683,216.548,217.516,218.564,219.693,220.906,222.202,223.576,225.021,226.526,228.077,229.654,231.235,232.793,234.299,235.726,237.048,238.249,239.329,240.316,241.276,242.339,243.728,245.808
39720.0,331.8,321.661,311.29,300.676,289.802,278.685,267.386,256.024,244.795,233.972,223.901,214.975,207.585,202.053,198.567,197.128,197.522,199.343,202.057,205.095,207.963,210.325,212.037,213.149,213.848,214.382,214.96,215.683,216.548,217.516,218.564,219.693,220.906,222.202,223.576,225.021,226.526,228.077,229.654,231.235,232.793,234.299,235.726,237.048,238.249,239.329,240.316,241.276,242.339,243.728,245.808
39780.0,331.94,321.826,311.481,300.89,290.04,278.943,267.659,256.309,245.084,234.255,224.169,215.217,207.792,202.22,198.691,197.211,197.569,199.363,202.059,205.087,207.953,210.315,212.031,213.145,213.846,214.382,214.961,215.684,216.548,217.516,218.564,219.693,220.906,222.202,223.576,225.021,226.526,228.077,229.654,231.235,232.793,234.299,235.726,237.048,238.249,239.329,240.316,241.276,242.339,243.728,245.808
39840.0,332.077,321.989,311.669,301.103,290.275,279.198,267.931,256.592,245.37,234.537,224.436,215.459,208.0,202.387,198.816,197.294,197.617,199.384,202.061,205.08,207.942,210.306,212.024,213.142,213.845,214.382,214.961,215.684,216.548,217.516,218.564,219.693,220.906,222.202,223.576,225.021,226.526,228.077,229.654,231.235,232.793,234.299,235.726,237.048,238.249,239.329,240.316,241.276,242.339,243.728,245.808
39900.0,332.212,322.149,311.854,301.313,290.508,279.452,268.201,256.873,245.656,234.818,224.702,215.7,208.207,202.554,198.94,197.377,197.665,199.404,202.063,205.072,207.931,210.296,212.017,213.138,213.844,214.382,214.961,215.684,216.548,217.516,218.564,219.693,220.906,222.202,223.576,225.021,226.526,228.077,229.654,231.235,232.793,234.299,235.726,237.048,238.249,239.329,240.316,241.276,242.339,243.728,245.808
39960.0,332.345,322.307,312.037,301.521,290.739,279.703,268.469,257.153,245.94,235.097,224.967,215.941,208.415,202.722,199.065,197.461,197.713,199.425,202.066,205.065,207.921,210.286,212.011,213.135,213.843,214.382,214.961,215.684,216.548,217.516,218.564,219.693,220.906,222.202,223.576,225.021,226.526,228.077,229.654,231.235,232.793,234.299,235.726,237.048,238.249,239.329,240.316,241.276,242.339,243.728,245.808
40020.0,332.475,322.462,312.218,301.726,290.967,279.952,268.735,257.43,246.222,235.376,225.232,216.182,208.622,202.889,199.19,197.546,197.762,199.446,202.068,205.058,207.91,210.277,212.004,213.131,213.841,214.381,214.962,215.684,216.548,217.516,218.564,219.693,220.906,222.202,223.576,225.021,226.526,228.077,229.654,231.235,232.793,234.299,235.726,237.048,238.249,239.329,240.316,241.276,242.339,243.728,245.808
40080.0,332.603,322.615,312.397,301.929,291.194,280.199,269.0,257.706,246.503,235.653,225.496,216.422,208.829,203.057,199.316,197.63,197.811,199.467,202.071,205.051,207.9,210.268,211.997,213.127,213.84,214.381,214.962,215.684,216.548,217.516,218.564,219.693,220.906,222.202,223.576,225.021,226.526,228.077,229.654,231.235,232.793,234.299,235.726,237.048,238.249,239.329,240.316,241.276,242.339,243.728,245.808
40140.0,332.728,322.766,312.573,302.13,291.418,280.444,269.262,257.981,246.783,235.93,225.759,216.661,209.036,203.225,199.442,197.715,197.86,199.489,202.074,205.044,207.89,210.258,211.991,213.124,213.839,214.381,214.962,215.684,216.548,217.515,218.564,219.693,220.906,222.201,223.576,225.021,226.526,228.077,229.654,231.235,232.793,234.299,235.726,237.048,238.249,239.329,240.316,241.276,242.339,243.728,245.808
40200.0,332.851,322.914,312.747,302.329,291.64,280.687,269.522,258.254,247.061,236.205,226.021,216.901,209.243,203.393,199.568,197.801,197.91,199.511,202.077,205.037,207.88,210.249,211.984,213.12,213.837,214.381,214.962,215.685,216.548,217.515,218.564,219.693,220.906,222.201,223.576,225.021,226.526,228.077,229.654,231.235,232.793,234.299,235.726,237.048,238.249,239.329,240.316,241.276,242.339,243.728,245.808
40260.0,332.971,323.06,312.918,302.525,291.86,280.928,269.781,258.525,247.338,236.479,226.283,217.139,209.45,203.561,199.695,197.887,197.96,199.533,202.081,205.03,207.869,210.239,211.978,213.116,213.836,214.381,214.962,215.685,216.548,217.515,218.564,219.693,220.906,222.201,223.576,225.021,226.526,228.077,229.654,231.235,232.793,234.299,235.726,237.048,238.249,239.329,240.316,241.276,242.339,243.728,245.808
40320.0,333.089,323.203,313.087,302.719,292.077,281.167,270.037,258.794,247.613,236.752,226.543,217.378,209.657,203.73,199.821,197.973,198.011,199.556,202.085,205.023,207.859,210.23,211.971,213.113,213.834,214.381,214.963,215.685,216.548,217.515,218.564,219.693,220.906,222.201,223.576,225.021,226.526,228.077,229.654,231.235,232.793,234.299,235.726,237.048,238.249,239.329,240.316,241.276,242.339,243.728,245.808
40380.0,333.205,323.344,313.254,302.911,292.293,281.404,270.292,259.062,247.887,237.024,226.803,217.616,209.864,203.898,199.948,198.06,198.061,199.579,202.089,205.017,207.849,210.22,211.964,213.109,213.833,214.381,214.963,215.685,216.548,217.515,218.564,219.693,220.906,222.201,223.575,225.021,226.526,228.077,229.654,231.235,232.793,234.299,235.726,237.048,238.249,239.329,240.316,241.276,242.339,243.728,245.808
40440.0,333.318,323.483,313.419,303.101,292.506,281.638,270.545,259.327,248.16,237.294,227.062,217.853,210.07,204.067,200.076,198.146,198.113,199.602,202.093,205.011,207.839,210.211,211.958,213.105,213.832,214.381,214.963,215.685,216.548,217.515,218.563,219.693,220.905,222.201,223.575,225.021,226.526,228.077,229.654,231.235,232.792,234.299,235.726,237.048,238.249,239.329,240.316,241.276,242.339,243.728,245.808
40500.0,333.428,323.619,313.581,303.288,292.717,281.871,270.795,259.592,248.431,237.564,227.321,218.09,210.277,204.236,200.204,198.234,198.164,199.626,202.097,205.005,207.829,210.202,211.951,213.102,213.83,214.38,214.963,215.685,216.548,217.515,218.563,219.692,220.905,222.201,223.575,225.021,226.526,228.076,229.654,231.234,232.792,234.299,235.726,237.047,238.249,239.329,240.316,241.276,242.339,243.728,245.808
40560.0,333.537,323.753,313.741,303.473,292.926,282.102,271.044,259.854,248.7,237.832,227.578,218.327,210.483,204.405,200.332,198.321,198.216,199.649,202.102,204.999,207.819,210.193,211.944,213.098,213.829,214.38,214.964,215.685,216.548,217.515,218.563,219.692,220.905,222.201,223.575,225.02,226.526,228.076,229.654,231.234,232.792,234.299,235.726,237.047,238.249,239.329,240.316,241.276,242.339,243.728,245.809
40620.0,333.642,323.885,313.898,303.656,293.133,282.33,271.291,260.115,248.968,238.099,227.835,218.563,210.689,204.574,200.46,198.41,198.269,199.674,202.107,204.993,207.81,210.183,211.938,213.094,213.828,214.38,214.964,215.685,216.548,217.515,218.563,219.692,220.905,222.201,223.575,225.02,226.526,228.076,229.654,231.234,232.792,234.299,235.726,237.047,238.249,239.329,240.316,241.276,242.339,243.728,245.809
40680.0,333.746,324.014,314.053,303.836,293.337,282.557,271.536,260.374,249.235,238.365,228.091,218.799,210.895,204.743,200.588,198.498,198.321,199.698,202.112,204.987,207.8,210.174,211.931,213.091,213.826,214.38,214.964,215.686,216.548,217.515,218.563,219.692,220.905,222.201,223.575,225.02,226.526,228.076,229.654,231.234,232.792,234.299,235.726,237.047,238.249,239.329,240.316,241.276,242.339,243.728,245.809
40740.0,333.847,324.141,314.206,304.015,293.54,282.781,271.78,260.631,249.5,238.63,228.346,219.034,211.101,204.912,200.717,198.587,198.374,199.723,202.117,204.981,207.79,210.165,211.924,213.087,213.825,214.38,214.964,215.686,216.548,217.515,218.563,219.692,220.905,222.201,223.575,225.02,226.526,228.076,229.654,231.234,232.792,234.299,235.726,237.047,238.248,239.329,240.316,241.276,242.339,243.728,245.809
40800.0,333.945,324.265,314.357,304.191,293.74,283.003,272.021,260.887,249.764,238.894,228.6,219.268,211.306,205.081,200.846,198.676,198.428,199.748,202.123,204.976,207.781,210.156,211.918,213.083,213.823,214.38,214.964,215.686,216.548,217.515,218.563,219.692,220.905,222.201,223.575,225.02,226.526,228.076,229.654,231.234,232.792,234.299,235.726,237.047,238.248,239.329,240.316,241.276,242.339,243.728,245.809
40860.0,334.041,324.387,314.505,304.364,293.938,283.224,272.26,261.141,250.026,239.156,228.853,219.502,211.512,205.251,200.976,198.765,198.482,199.773,202.128,204.97,207.771,210.146,211.911,213.08,213.822,214.38,214.965,215.686,216.548,217.515,218.563,219.692,220.905,222.201,223.575,225.02,226.526,228.076,229.653,231.234,232.792,234.299,235.726,237.047,238.248,239.329,240.316,241.276,242.339,243.729,245.809
40920.0,334.135,324.507,314.651,304.536,294.134,283.442,272.498,261.393,250.287,239.418,229.106,219.736,211.717,205.42,201.105,198.855,198.536,199.799,202.134,204.965,207.761,210.137,211.904,213.076,213.821,214.379,214.965,215.686,216.548,217.515,218.563,219.692,220.905,222.201,223.575,225.02,226.526,228.076,229.653,231.234,232.792,234.299,235.726,237.047,238.248,239.329,240.316,241.276,242.339,243.729,245.809
40980.0,334.227,324.624,314.795,304.705,294.328,283.658,272.733,261.644,250.546,239.678,229.358,219.969,211.922,205.589,201.235,198.945,198.59,199.825,202.14,204.96,207.752,210.128,211.898,213.072,213.819,214.379,214.965,215.686,216.548,217.515,218.563,219.692,220.905,222.201,223.575,225.02,226.525,228.076,229.653,231.234,232.792,234.299,235.725,237.047,238.248,239.329,240.316,241.276,242.339,243.729,245.809
41040.0,334.316,324.739,314.936,304.872,294.519,283.872,272.967,261.892,250.804,239.937,229.609,220.202,212.127,205.759,201.365,199.036,198.645,199.851,202.147,204.955,207.743,210.119,211.891,213.068,213.818,214.379,214.965,215.686,216.548,217.515,218.563,219.692,220.905,222.201,223.575,225.02,226.525,228.076,229.653,231.234,232.792,234.299,235.725,237.047,238.248,239.329,240.316,241.276,242.339,243.729,245.809
41100.0,334.402,324.852,315.075,305.037,294.709,284.084,273.199,262.139,251.06,240.195,229.858,220.434,212.332,205.929,201.495,199.127,198.7,199.878,202.153,204.95,207.733,210.11,211.884,213.065,213.816,214.379,214.965,215.687,216.548,217.515,218.563,219.692,220.905,222.201,223.575,225.02,226.525,228.076,229.653,231.234,232.792,234.299,235.725,237.047,238.248,239.329,240.316,241.276,242.339,243.729,245.809
41160.0,334.486,324.962,315.212,305.2,294.896,284.294,273.429,262.385,251.315,240.451,230.108,220.665,212.536,206.098,201.626,199.218,198.756,199.904,202.16,204.945,207.724,210.101,211.878,213.061,213.815,214.379,214.966,215.687,216.548,217.515,218.563,219.692,220.905,222.201,223.575,225.02,226.525,228.076,229.653,231.234,232.792,234.299,235.725,237.047,238.248,239.329,240.316,241.276,242.339,243.729,245.809
41220.0,334.568,325.07,315.346,305.36,295.081,284.503,273.657,262.628,251.568,240.707,230.356,220.897,212.74,206.268,201.757,199.309,198.812,199.931,202.167,204.941,207.715,210.092,211.871,213.057,213.813,214.378,214.966,215.687,216.548,217.514,218.563,219.692,220.905,222.201,223.575,225.02,226.525,228.076,229.653,231.234,232.792,234.299,235.725,237.047,238.248,239.329,240.316,241.276,242.339,243.729,245.809
41280.0,334.647,325.176,315.479,305.519,295.264,284.709,273.883,262.87,251.82,240.961,230.603,221.127,212.944,206.438,201.888,199.401,198.868,199.959,202.174,204.936,207.706,210.083,211.864,213.053,213.812,214.378,214.966,215.687,216.548,217.514,218.563,219.692,220.905,222.201,223.575,225.02,226.525,228.076,229.653,231.234,232.792,234.299,235.725,237.047,238.248,239.329,240.316,241.276,242.339,243.729,245.809
41340.0,334.724,325.279,315.609,305.675,295.445,284.913,274.107,263.111,252.071,241.214,230.85,221.357,213.148,206.608,202.019,199.493,198.924,199.987,202.182,204.932,207.697,210.074,211.858,213.05,213.81,214.378,214.966,215.687,216.548,217.514,218.563,219.692,220.905,222.201,223.575,225.02,226.525,228.076,229.653,231.234,232.792,234.299,235.725,237.047,238.248,239.329,240.316,241.276,242.339,243.729,245.809
41400.0,334.799,325.38,315.736,305.829,295.624,285.115,274.33,263.349,252.32,241.466,231.095,221.586,213.352,206.777,202.15,199.586,198.981,200.015,202.189,204.928,207.688,210.065,211.851,213.046,213.809,214.378,214.966,215.687,216.548,217.514,218.563,219.692,220.905,222.201,223.575,225.02,226.525,228.076,229.653,231.234,232.792,234.299,235.725,237.047,238.248,239.329,240.316,241.276,242.339,243.729,245.809
41460.0,334.871,325.479,315.862,305.98,295.801,285.315,274.55,263.586,252.567,241.716,231.34,221.815,213.555,206.947,202.282,199.678,199.038,200.043,202.197,204.924,207.679,210.056,211.844,213.042,213.807,214.378,214.967,215.687,216.548,217.514,218.562,219.692,220.905,222.2,223.575,225.02,226.525,228.076,229.653,231.234,232.792,234.299,235.725,237.047,238.248,239.329,240.316,241.276,242.339,243.729,245.809
41520.0,334.941,325.575,315.985,306.13,295.975,285.513,274.769,263.821,252.813,241.966,231.584,222.043,213.758,207.117,202.414,199.771,199.096,200.072,202.205,204.92,207.67,210.047,211.838,213.038,213.806,214.377,214.967,215.687,216.548,217.514,218.562,219.692,220.905,222.2,223.575,225.02,226.525,228.076,229.653,231.234,232.792,234.299,235.725,237.047,238.248,239.329,240.316,241.276,242.339,243.729,245.809
41580.0,335.009,325.669,316.106,306.277,296.148,285.708,274.985,264.055,253.058,242.214,231.827,222.271,213.961,207.287,202.546,199.865,199.154,200.1,202.214,204.916,207.662,210.038,211.831,213.035,213.804,214.377,214.967,215.688,216.548,217.514,218.562,219.692,220.905,222.2,223.575,225.02,226.525,228.076,229.653,231.234,232.792,234.299,235.725,237.047,238.248,239.329,240.316,241.276,242.339,243.729,245.809
41640.0,335.074,325.761,316.224,306.422,296.318,285.902,275.2,264.286,253.301,242.461,232.068,222.498,214.163,207.457,202.678,199.958,199.212,200.13,202.222,204.913,207.653,210.029,211.825,213.031,213.803,214.377,214.967,215.688,216.548,217.514,218.562,219.692,220.905,222.2,223.575,225.02,226.525,228.076,229.653,231.234,232.792,234.299,235.725,237.047,238.248,239.329,240.316,241.276,242.339,243.729,245.809
41700.0,335.136,325.85,316.341,306.565,296.486,286.094,275.413,264.516,253.542,242.707,232.31,222.725,214.365,207.627,202.811,200.052,199.271,200.159,202.231,204.909,207.644,210.02,211.818,213.027,213.801,214.377,214.967,215.688,216.548,217.514,218.562,219.691,220.904,222.2,223.574,225.02,226.525,228.076,229.653,231.234,232.792,234.299,235.725,237.047,238.248,239.329,240.316,241.276,242.339,243.729,245.809
41760.0,335.197,325.937,316.455,306.705,296.652,286.284,275.624,264.745,253.782,242.951,232.55,222.95,214.567,207.797,202.943,200.147,199.329,200.189,202.24,204.906,207.636,210.011,211.811,213.023,213.8,214.377,214.968,215.688,216.548,217.514,218.562,219.691,220.904,222.2,223.574,225.02,226.525,228.076,229.653,231.234,232.792,234.299,235.725,237.047,238.248,239.329,240.316,241.276,242.339,243.729,245.809
41820.0,335.255,326.022,316.567,306.844,296.816,286.472,275.833,264.971,254.021,243.194,232.789,223.176,214.769,207.967,203.076,200.241,199.389,200.219,202.249,204.903,207.627,210.003,211.805,213.019,213.798,214.376,214.968,215.688,216.548,217.514,218.562,219.691,220.904,222.2,223.574,225.02,226.525,228.076,229.653,231.234,232.792,234.299,235.725,237.047,238.248,239.329,240.316,241.276,242.339,243.729,245.809
41880.0,335.31,326.104,316.676,306.98,296.978,286.658,276.04,265.196,254.258,243.436,233.027,223.4,214.97,208.136,203.209,200.336,199.448,200.249,202.258,204.9,207.619,209.994,211.798,213.016,213.797,214.376,214.968,215.688,216.548,217.514,218.562,219.691,220.904,222.2,223.574,225.02,226.525,228.076,229.653,231.234,232.792,234.298,235.725,237.047,238.248,239.329,240.316,241.276,242.339,243.729,245.809
41940.0,335.364,326.185,316.784,307.114,297.138,286.842,276.246,265.419,254.493,243.677,233.264,223.625,215.171,208.306,203.343,200.431,199.508,200.28,202.268,204.897,207.611,209.985,211.791,213.012,213.795,214.376,214.968,215.688,216.548,217.514,218.562,219.691,220.904,222.2,223.574,225.019,226.525,228.076,229.653,231.234,232.792,234.298,235.725,237.047,238.248,239.329,240.316,241.276,242.339,243.729,245.809
42000.0,335.415,326.262,316.889,307.246,297.296,287.024,276.449,265.641,254.727,243.917,233.501,223.848,215.372,208.476,203.476,200.527,199.568,200.311,202.278,204.894,207.603,209.976,211.785,213.008,213.794,214.376,214.968,215.689,216.548,217.514,218.562,219.691,220.904,222.2,223.574,225.019,226.525,228.076,229.653,231.234,232.792,234.298,235.725,237.047,238.248,239.329,240.316,241.276,242.339,243.729,245.809
42060.0,335.463,326.338,316.992,307.376,297.452,287.204,276.651,265.86,254.96,244.155,233.736,224.071,215.573,208.646,203.61,200.623,199.629,200.342,202.288,204.891,207.594,209.968,211.778,213.004,213.792,214.375,214.968,215.689,216.548,217.514,218.562,219.691,220.904,222.2,223.574,225.019,226.525,228.076,229.653,231.234,232.792,234.298,235.725,237.047,238.248,239.329,240.316,241.276,242.339,243.729,245.809
42120.0,335.509,326.411,317.092,307.503,297.605,287.382,276.851,266.078,255.191,244.392,233.971,224.293,215.773,208.816,203.743,200.719,199.689,200.374,202.298,204.889,207.586,209.959,211.772,213.0,213.791,214.375,214.969,215.689,216.548,217.514,218.562,219.691,220.904,222.2,223.574,225.019,226.525,228.075,229.653,231.234,232.792,234.298,235.725,237.047,238.248,239.329,240.316,241.276,242.339,243.729,245.809
42180.0,335.553,326.482,317.191,307.629,297.756,287.557,277.049,266.295,255.42,244.628,234.204,224.515,215.973,208.985,203.877,200.815,199.75,200.405,202.309,204.886,207.578,209.95,211.765,212.996,213.789,214.375,214.969,215.689,216.548,217.514,218.562,219.691,220.904,222.2,223.574,225.019,226.525,228.075,229.653,231.234,232.792,234.298,235.725,237.047,238.248,239.329,240.316,241.276,242.339,243.729,245.809
42240.0,335.595,326.551,317.287,307.752,297.906,287.731,277.245,266.509,255.648,244.863,234.437,224.736,216.172,209.155,204.011,200.912,199.812,200.437,202.319,204.884,207.57,209.942,211.758,212.992,213.787,214.375,214.969,215.689,216.548,217.514,218.562,219.691,220.904,222.2,223.574,225.019,226.525,228.075,229.653,231.234,232.792,234.298,235.725,237.047,238.248,239.329,240.315,241.276,242.339,243.729,245.809
42300.0,335.634,326.617,317.381,307.873,298.053,287.903,277.439,266.722,255.875,245.096,234.669,224.956,216.371,209.324,204.145,201.008,199.874,200.47,202.33,204.882,207.563,209.933,211.752,212.989,213.786,214.374,214.969,215.689,216.548,217.513,218.562,219.691,220.904,222.2,223.574,225.019,226.525,228.075,229.653,231.234,232.792,234.298,235.725,237.047,238.248,239.329,240.315,241.276,242.339,243.729,245.809
42360.0,335.67,326.681,317.473,307.992,298.198,288.073,277.631,266.933,256.1,245.328,234.899,225.176,216.57,209.494,204.28,201.105,199.936,200.502,202.342,204.88,207.555,209.925,211.745,212.985,213.784,214.374,214.969,215.689,216.548,217.513,218.562,219.691,220.904,222.2,223.574,225.019,226.525,228.075,229.653,231.234,232.792,234.298,235.725,237.047,238.248,239.329,240.315,241.276,242.339,243.729,245.809
42420.0,335.705,326.743,317.562,308.109,298.341,288.241,277.822,267.143,256.323,245.559,235.129,225.395,216.769,209.663,204.414,201.203,199.998,200.535,202.353,204.878,207.547,209.916,211.739,212.981,213.783,214.374,214.969,215.689,216.548,217.513,218.562,219.691,220.904,222.2,223.574,225.019,226.525,228.075,229.653,231.234,232.792,234.298,235.725,237.047,238.248,239.329,240.315,241.276,242.339,243.729,245.809
42480.0,335.737,326.802,317.649,308.223,298.482,288.407,278.011,267.351,256.545,245.788,235.358,225.613,216.967,209.833,204.549,201.301,200.061,200.569,202.365,204.877,207.539,209.908,211.732,212.977,213.781,214.373,214.97,215.69,216.548,217.513,218.562,219.691,220.904,222.2,223.574,225.019,226.524,228.075,229.653,231.233,232.792,234.298,235.725,237.047,238.248,239.329,240.315,241.276,242.339,243.729,245.809
42540.0,335.767,326.86,317.734,308.336,298.621,288.571,278.197,267.557,256.766,246.017,235.585,225.831,217.165,210.002,204.683,201.398,200.124,200.602,202.376,204.875,207.532,209.899,211.726,212.973,213.779,214.373,214.97,215.69,216.548,217.513,218.561,219.691,220.904,222.2,223.574,225.019,226.524,228.075,229.653,231.233,232.792,234.298,235.725,237.047,238.248,239.329,240.315,241.276,242.339,243.729,245.809
42600.0,335.794,326.915,317.817,308.446,298.758,288.733,278.382,267.761,256.985,246.244,235.812,226.048,217.362,210.171,204.818,201.497,200.187,200.636,202.388,204.874,207.524,209.891,211.719,212.969,213.778,214.373,214.97,215.69,216.548,217.513,218.561,219.691,220.904,222.2,223.574,225.019,226.524,228.075,229.653,231.233,232.792,234.298,235.725,237.047,238.248,239.329,240.315,241.276,242.339,243.729,245.809
42660.0,335.819,326.967,317.898,308.554,298.893,288.893,278.565,267.964,257.202,246.469,236.038,226.264,217.559,210.34,204.953,201.595,200.25,200.67,202.401,204.873,207.517,209.882,211.712,212.965,213.776,214.373,214.97,215.69,216.548,217.513,218.561,219.691,220.904,222.2,223.574,225.019,226.524,228.075,229.652,231.233,232.791,234.298,235.725,237.047,238.248,239.329,240.315,241.276,242.339,243.729,245.809
42720.0,335.842,327.018,317.976,308.66,299.026,289.051,278.746,268.165,257.418,246.694,236.263,226.48,217.756,210.509,205.088,201.694,200.314,200.704,202.413,204.872,207.51,209.874,211.706,212.962,213.775,214.372,214.97,215.69,216.548,217.513,218.561,219.691,220.904,222.199,223.574,225.019,226.524,228.075,229.652,231.233,232.791,234.298,235.725,237.047,238.248,239.329,240.315,241.276,242.339,243.729,245.809
42780.0,335.862,327.066,318.052,308.764,299.156,289.207,278.926,268.364,257.633,246.917,236.487,226.695,217.952,210.678,205.224,201.793,200.378,200.739,202.426,204.871,207.503,209.866,211.699,212.958,213.773,214.372,214.97,215.69,216.548,217.513,218.561,219.691,220.904,222.199,223.574,225.019,226.524,228.075,229.652,231.233,232.791,234.298,235.725,237.047,238.248,239.329,240.315,241.276,242.339,243.729,245.809
42840.0,335.88,327.111,318.126,308.866,299.285,289.361,279.103,268.562,257.846,247.139,236.709,226.909,218.148,210.847,205.359,201.892,200.443,200.774,202.439,204.87,207.495,209.857,211.693,212.954,213.771,214.372,214.971,215.69,216.548,217.513,218.561,219.691,220.904,222.199,223.574,225.019,226.524,228.075,229.652,231.233,232.791,234.298,235.725,237.047,238.248,239.329,240.315,241.276,242.339,243.729,245.809
42900.0,335.896,327.155,318.198,308.965,299.412,289.514,279.279,268.757,258.057,247.359,236.931,227.122,218.344,211.016,205.494,201.991,200.508,200.809,202.452,204.869,207.488,209.849,211.686,212.95,213.77,214.371,214.971,215.69,216.548,217.513,218.561,219.69,220.904,222.199,223.574,225.019,226.524,228.075,229.652,231.233,232.791,234.298,235.725,237.047,238.248,239.329,240.315,241.276,242.339,243.729,245.809
42960.0,335.909,327.196,318.268,309.063,299.536,289.664,279.453,268.952,258.267,247.579,237.152,227.335,218.539,211.184,205.63,202.091,200.573,200.844,202.465,204.869,207.481,209.841,211.68,212.946,213.768,214.371,214.971,215.691,216.548,217.513,218.561,219.69,220.903,222.199,223.574,225.019,226.524,228.075,229.652,231.233,232.791,234.298,235.725,237.047,238.248,239.329,240.315,241.276,242.339,243.729,245.809
43020.0,335.92,327.235,318.335,309.158,299.658,289.812,279.625,269.144,258.475,247.797,237.372,227.547,218.734,211.353,205.765,202.191,200.638,200.88,202.479,204.868,207.474,209.833,211.673,212.942,213.766,214.371,214.971,215.691,216.548,217.513,218.561,219.69,220.903,222.199,223.574,225.019,226.524,228.075,229.652,231.233,232.791,234.298,235.725,237.047,238.248,239.329,240.315,241.276,242.339,243.729,245.809
43080.0,335.928,327.272,318.4,309.251,299.779,289.958,279.795,269.335,258.682,248.014,237.59,227.759,218.928,211.521,205.901,202.291,200.703,200.916,202.492,204.868,207.468,209.825,211.667,212.938,213.765,214.37,214.971,215.691,216.548,217.513,218.561,219.69,220.903,222.199,223.573,225.019,226.524,228.075,229.652,231.233,232.791,234.298,235.725,237.047,238.248,239.329,240.315,241.276,242.339,243.729,245.809
43140.0,335.935,327.306,318.463,309.342,299.897,290.103,279.963,269.524,258.888,248.229,237.808,227.97,219.122,211.689,206.037,202.391,200.769,200.952,202.506,204.868,207.461,209.817,211.66,212.934,213.763,214.37,214.971,215.691,216.548,217.513,218.561,219.69,220.903,222.199,223.573,225.019,226.524,228.075,229.652,231.233,232.791,234.298,235.725,237.047,238.248,239.329,240.315,241.276,242.339,243.729,245.809
43200.0,335.938,327.338,318.524,309.431,300.013,290.245,280.129,269.711,259.092,248.443,238.025,228.18,219.316,211.857,206.173,202.491,200.835,200.989,202.521,204.868,207.454,209.808,211.654,212.93,213.761,214.37,214.971,215.691,216.548,217.513,218.561,219.69,220.903,222.199,223.573,225.019,226.524,228.075,229.652,231.233,232.791,234.298,235.725,237.047,238.248,239.329,240.315,241.276,242.339,243.729,245.809
43260.0,335.94,327.368,318.583,309.518,300.128,290.385,280.294,269.897,259.294,248.656,238.241,228.389,219.509,212.025,206.309,202.592,200.902,201.025,202.535,204.868,207.447,209.8,211.647,212.926,213.76,214.369,214.972,215.691,216.548,217.513,218.561,219.69,220.903,222.199,223.573,225.019,226.524,228.075,229.652,231.233,232.791,234.298,235.725,237.047,238.248,239.329,240.315,241.276,242.339,243.729,245.809
43320.0,335.939,327.396,318.639,309.603,300.24,290.524,280.457,270.081,259.495,248.868,238.455,228.597,219.701,212.193,206.445,202.693,200.969,201.062,202.55,204.869,207.441,209.792,211.641,212.922,213.758,214.369,214.972,215.691,216.548,217.513,218.561,219.69,220.903,222.199,223.573,225.019,226.524,228.075,229.652,231.233,232.791,234.298,235.725,237.047,238.248,239.329,240.315,241.276,242.339,243.729,245.809
43380.0,335.936,327.421,318.693,309.685,300.35,290.66,280.617,270.263,259.694,249.078,238.669,228.805,219.894,212.36,206.581,202.794,201.036,201.1,202.565,204.869,207.434,209.784,211.634,212.919,213.756,214.369,214.972,215.691,216.548,217.513,218.561,219.69,220.903,222.199,223.573,225.018,226.524,228.075,229.652,231.233,232.791,234.298,235.725,237.047,238.248,239.329,240.315,241.276,242.339,243.729,245.809
43440.0,335.931,327.444,318.745,309.766,300.458,290.795,280.777,270.444,259.892,249.287,238.882,229.012,220.085,212.528,206.717,202.896,201.103,201.137,202.58,204.87,207.428,209.776,211.628,212.915,213.755,214.368,214.972,215.692,216.548,217.512,218.561,219.69,220.903,222.199,223.573,225.018,226.524,228.075,229.652,231.233,232.791,234.298,235.725,237.047,238.248,239.329,240.315,241.276,242.339,243.729,245.809
43500.0,335.923,327.465,318.795,309.844,300.564,290.927,280.934,270.623,260.088,249.495,239.093,229.219,220.277,212.695,206.853,202.997,201.17,201.175,202.595,204.871,207.422,209.768,211.621,212.911,213.753,214.368,214.972,215.692,216.548,217.512,218.561,219.69,220.903,222.199,223.573,225.018,226.524,228.075,229.652,231.233,232.791,234.298,235.725,237.047,238.248,239.329,240.315,241.276,242.339,243.729,245.809
43560.0,335.912,327.484,318.842,309.92,300.668,291.058,281.089,270.8,260.283,249.701,239.304,229.424,220.468,212.862,206.989,203.099,201.238,201.213,202.61,204.872,207.416,209.761,211.615,212.907,213.751,214.368,214.972,215.692,216.548,217.512,218.561,219.69,220.903,222.199,223.573,225.018,226.524,228.075,229.652,231.233,232.791,234.298,235.725,237.047,238.248,239.329,240.315,241.276,242.339,243.729,245.809
43620.0,335.9,327.5,318.888,309.994,300.77,291.187,281.243,270.975,260.476,249.907,239.513,229.629,220.658,213.029,207.126,203.201,201.306,201.252,202.626,204.873,207.41,209.753,211.608,212.903,213.75,214.367,214.972,215.692,216.548,217.512,218.56,219.69,220.903,222.199,223.573,225.018,226.524,228.075,229.652,231.233,232.791,234.298,235.725,237.047,238.248,239.329,240.315,241.276,242.339,243.729,245.809
43680.0,335.885,327.514,318.931,310.066,300.87,291.314,281.394,271.149,260.668,250.11,239.721,229.833,220.848,213.196,207.262,203.303,201.375,201.29,202.642,204.874,207.404,209.745,211.602,212.899,213.748,214.367,214.973,215.692,216.549,217.512,218.56,219.69,220.903,222.199,223.573,225.018,226.524,228.075,229.652,231.233,232.791,234.298,235.725,237.047,238.248,239.329,240.315,241.276,242.339,243.729,245.809
43740.0,335.868,327.526,318.972,310.136,300.968,291.438,281.544,271.321,260.858,250.313,239.929,230.036,221.037,213.362,207.398,203.405,201.443,201.329,202.658,204.876,207.398,209.737,211.596,212.895,213.746,214.367,214.973,215.692,216.549,217.512,218.56,219.69,220.903,222.199,223.573,225.018,226.524,228.074,229.652,231.233,232.791,234.298,235.725,237.047,238.248,239.329,240.315,241.276,242.339,243.729,245.809
43800.0,335.848,327.535,319.011,310.204,301.064,291.561,281.692,271.492,261.046,250.514,240.135,230.239,221.226,213.529,207.535,203.508,201.512,201.369,202.675,204.877,207.392,209.729,211.589,212.891,213.744,214.366,214.973,215.692,216.549,217.512,218.56,219.69,220.903,222.199,223.573,225.018,226.524,228.074,229.652,231.233,232.791,234.298,235.725,237.047,238.248,239.329,240.315,241.276,242.339,243.729,245.809
43860.0,335.826,327.542,319.047,310.269,301.158,291.682,281.839,271.66,261.234,250.714,240.34,230.441,221.415,213.695,207.671,203.611,201.581,201.408,202.691,204.879,207.386,209.722,211.583,212.887,213.743,214.366,214.973,215.692,216.549,217.512,218.56,219.69,220.903,222.199,223.573,225.018,226.524,228.074,229.652,231.233,232.791,234.298,235.725,237.047,238.248,239.329,240.315,241.276,242.339,243.729,245.809
43920.0,335.802,327.547,319.082,310.333,301.25,291.801,281.983,271.827,261.419,250.912,240.545,230.642,221.603,213.861,207.807,203.714,201.65,201.448,202.708,204.881,207.38,209.714,211.576,212.883,213.741,214.366,214.973,215.693,216.549,217.512,218.56,219.69,220.903,222.199,223.573,225.018,226.524,228.074,229.652,231.233,232.791,234.298,235.725,237.047,238.248,239.329,240.315,241.276,242.339,243.729,245.809
43980.0,335.776,327.55,319.114,310.394,301.339,291.918,282.125,271.993,261.603,251.11,240.748,230.842,221.791,214.026,207.944,203.817,201.72,201.488,202.725,204.883,207.375,209.706,211.57,212.879,213.739,214.365,214.973,215.693,216.549,217.512,218.56,219.69,220.903,222.199,223.573,225.018,226.523,228.074,229.652,231.233,232.791,234.298,235.725,237.047,238.248,239.329,240.315,241.276,242.339,243.729,245.809
44040.0,335.747,327.55,319.144,310.454,301.427,292.033,282.266,272.156,261.786,251.306,240.95,231.041,221.978,214.192,208.08,203.92,201.79,201.528,202.742,204.885,207.369,209.699,211.564,212.875,213.737,214.365,214.973,215.693,216.549,217.512,218.56,219.689,220.903,222.198,223.573,225.018,226.523,228.074,229.652,231.233,232.791,234.298,235.724,237.047,238.248,239.329,240.315,241.276,242.339,243.729,245.809
44100.0,335.715,327.549,319.172,310.511,301.513,292.147,282.405,272.318,261.967,251.5,241.151,231.24,222.164,214.357,208.217,204.023,201.86,201.568,202.76,204.887,207.364,209.691,211.557,212.871,213.736,214.364,214.973,215.693,216.549,217.512,218.56,219.689,220.903,222.198,223.573,225.018,226.523,228.074,229.652,231.233,232.791,234.298,235.724,237.047,238.248,239.329,240.315,241.276,242.339,243.729,245.809
44160.0,335.682,327.545,319.198,310.566,301.597,292.258,282.542,272.478,262.146,251.694,241.351,231.437,222.35,214.522,208.353,204.127,201.93,201.609,202.777,204.89,207.358,209.684,211.551,212.867,213.734,214.364,214.973,215.693,216.549,217.512,218.56,219.689,220.902,222.198,223.573,225.018,226.523,228.074,229.652,231.233,232.791,234.298,235.724,237.047,238.248,239.329,240.315,241.276,242.339,243.729,245.809
44220.0,335.646,327.538,319.221,310.619,301.678,292.367,282.678,272.637,262.324,251.886,241.549,231.634,222.536,214.687,208.49,204.231,202.001,201.65,202.795,204.892,207.353,209.676,211.544,212.863,213.732,214.364,214.974,215.693,216.549,217.512,218.56,219.689,220.902,222.198,223.573,225.018,226.523,228.074,229.652,231.233,232.791,234.298,235.724,237.047,238.248,239.329,240.315,241.276,242.339,243.729,245.809
44280.0,335.607,327.529,319.243,310.67,301.758,292.475,282.811,272.794,262.501,252.076,241.747,231.831,222.721,214.852,208.626,204.335,202.072,201.691,202.813,204.895,207.348,209.669,211.538,212.859,213.73,214.363,214.974,215.693,216.549,217.512,218.56,219.689,220.902,222.198,223.573,225.018,226.523,228.074,229.652,231.233,232.791,234.298,235.724,237.047,238.248,239.329,240.315,241.276,242.339,243.729,245.809
44340.0,335.567,327.519,319.262,310.718,301.836,292.58,282.943,272.949,262.676,252.265,241.944,232.026,222.906,215.016,208.763,204.439,202.143,201.733,202.832,204.898,207.343,209.661,211.532,212.855,213.729,214.363,214.974,215.693,216.549,217.512,218.56,219.689,220.902,222.198,223.573,225.018,226.523,228.074,229.652,231.233,232.791,234.298,235.724,237.046,238.248,239.329,240.315,241.276,242.339,243.729,245.809
44400.0,335.524,327.505,319.279,310.765,301.912,292.684,283.072,273.103,262.849,252.453,242.139,232.221,223.09,215.18,208.899,204.543,202.214,201.774,202.85,204.901,207.338,209.654,211.525,212.851,213.727,214.362,214.974,215.694,216.549,217.512,218.56,219.689,220.902,222.198,223.572,225.018,226.523,228.074,229.652,231.233,232.791,234.297,235.724,237.046,238.248,239.329,240.315,241.276,242.339,243.729,245.809
44460.0,335.478,327.49,319.293,310.81,301.985,292.786,283.2,273.254,263.021,252.64,242.334,232.414,223.273,215.344,209.036,204.647,202.286,201.816,202.869,204.904,207.333,209.647,211.519,212.847,213.725,214.362,214.974,215.694,216.549,217.512,218.56,219.689,220.902,222.198,223.572,225.018,226.523,228.074,229.651,231.232,232.791,234.297,235.724,237.046,238.248,239.329,240.315,241.276,242.339,243.729,245.809
44520.0,335.43,327.472,319.306,310.852,302.057,292.885,283.327,273.405,263.191,252.826,242.527,232.607,223.456,215.508,209.172,204.752,202.357,201.859,202.888,204.907,207.328,209.639,211.513,212.843,213.723,214.361,214.974,215.694,216.549,217.512,218.56,219.689,220.902,222.198,223.572,225.018,226.523,228.074,229.651,231.232,232.791,234.297,235.724,237.046,238.248,239.328,240.315,241.276,242.339,243.729,245.809
44580.0,335.38,327.452,319.317,310.893,302.127,292.983,283.451,273.553,263.36,253.01,242.72,232.799,223.639,215.671,209.309,204.856,202.429,201.901,202.907,204.911,207.323,209.632,211.506,212.839,213.721,214.361,214.974,215.694,216.549,217.512,218.56,219.689,220.902,222.198,223.572,225.018,226.523,228.074,229.651,231.232,232.791,234.297,235.724,237.046,238.248,239.328,240.315,241.276,242.339,243.729,245.809
44640.0,335.328,327.43,319.325,310.931,302.194,293.079,283.574,273.7,263.528,253.192,242.911,232.991,223.82,215.834,209.445,204.961,202.502,201.944,202.926,204.914,207.319,209.625,211.5,212.835,213.72,214.361,214.974,215.694,216.549,217.511,218.56,219.689,220.902,222.198,223.572,225.018,226.523,228.074,229.651,231.232,232.791,234.297,235.724,237.046,238.248,239.328,240.315,241.276,242.339,243.729,245.809
44700.0,335.273,327.406,319.331,310.967,302.26,293.173,283.694,273.845,263.693,253.374,243.101,233.181,224.002,215.997,209.581,205.066,202.574,201.987,202.946,204.918,207.314,209.618,211.494,212.831,213.718,214.36,214.974,215.694,216.549,217.511,218.559,219.689,220.902,222.198,223.572,225.018,226.523,228.074,229.651,231.232,232.791,234.297,235.724,237.046,238.248,239.328,240.315,241.276,242.339,243.729,245.809
44760.0,335.216,327.379,319.335,311.001,302.323,293.265,283.813,273.988,263.858,253.554,243.29,233.371,224.183,216.159,209.718,205.171,202.647,202.03,202.965,204.922,207.31,209.611,211.488,212.827,213.716,214.36,214.975,215.694,216.549,217.511,218.559,219.689,220.902,222.198,223.572,225.018,226.523,228.074,229.651,231.232,232.791,234.297,235.724,237.046,238.248,239.328,240.315,241.276,242.339,243.729,245.809
44820.0,335.156,327.35,319.336,311.033,302.385,293.355,283.931,274.13,264.02,253.732,243.478,233.56,224.363,216.322,209.854,205.276,202.72,202.073,202.985,204.926,207.305,209.603,211.481,212.823,213.714,214.359,214.975,215.694,216.549,217.511,218.559,219.689,220.902,222.198,223.572,225.017,226.523,228.074,229.651,231.232,232.791,234.297,235.724,237.046,238.248,239.328,240.315,241.276,242.339,243.729,245.809
44880.0,335.094,327.318,319.336,311.063,302.445,293.444,284.046,274.27,264.181,253.91,243.665,233.748,224.543,216.484,209.99,205.382,202.793,202.117,203.006,204.931,207.301,209.596,211.475,212.819,213.712,214.359,214.975,215.695,216.549,217.511,218.559,219.689,220.902,222.198,223.572,225.017,226.523,228.074,229.651,231.232,232.79,234.297,235.724,237.046,238.248,239.328,240.315,241.276,242.339,243.729,245.809
44940.0,335.03,327.285,319.333,311.091,302.502,293.53,284.159,274.408,264.341,254.086,243.85,233.935,224.722,216.645,210.126,205.487,202.866,202.161,203.026,204.935,207.297,209.589,211.469,212.815,213.71,214.358,214.975,215.695,216.549,217.511,218.559,219.689,220.902,222.198,223.572,225.017,226.523,228.074,229.651,231.232,232.79,234.297,235.724,237.046,238.248,239.328,240.315,241.276,242.339,243.729,245.809
45000.0,334.963,327.249,319.329,311.117,302.558,293.614,284.271,274.545,264.499,254.26,244.035,234.121,224.9,216.807,210.262,205.593,202.94,202.205,203.047,204.939,207.292,209.582,211.463,212.811,213.709,214.358,214.975,215.695,216.549,217.511,218.559,219.689,220.902,222.198,223.572,225.017,226.523,228.074,229.651,231.232,232.79,234.297,235.724,237.046,238.248,239.328,240.315,241.276,242.339,243.729,245.809
45060.0,334.894,327.211,319.322,311.141,302.611,293.697,284.381,274.68,264.656,254.434,244.218,234.306,225.078,216.968,210.398,205.698,203.013,202.249,203.067,204.944,207.288,209.575,211.456,212.807,213.707,214.358,214.975,215.695,216.549,217.511,218.559,219.689,220.902,222.198,223.572,225.017,226.523,228.074,229.651,231.232,232.79,234.297,235.724,237.046,238.248,239.328,240.315,241.276,242.339,243.729,245.809
45120.0,334.823,327.171,319.312,311.162,302.663,293.778,284.489,274.813,264.811,254.606,244.401,234.491,225.256,217.128,210.534,205.804,203.087,202.294,203.088,204.949,207.284,209.569,211.45,212.803,213.705,214.357,214.975,215.695,216.549,217.511,218.559,219.689,220.902,222.198,223.572,225.017,226.523,228.074,229.651,231.232,232.79,234.297,235.724,237.046,238.248,239.328,240.315,241.276,242.339,243.729,245.809
45180.0,334.749,327.128,319.301,311.182,302.713,293.856,284.596,274.945,264.965,254.776,244.582,234.675,225.432,217.289,210.67,205.91,203.161,202.339,203.11,204.954,207.281,209.562,211.444,212.799,213.703,214.357,214.975,215.695,216.549,217.511,218.559,219.689,220.902,222.198,223.572,225.017,226.523,228.074,229.651,231.232,232.79,234.297,235.724,237.046,238.248,239.328,240.315,241.276,242.339,243.729,245.809
45240.0,334.673,327.083,319.288,311.199,302.76,293.933,284.7,275.075,265.117,254.946,244.762,234.857,225.609,217.449,210.806,206.016,203.236,202.384,203.131,204.959,207.277,209.555,211.438,212.795,213.701,214.356,214.975,215.695,216.549,217.511,218.559,219.688,220.902,222.198,223.572,225.017,226.523,228.074,229.651,231.232,232.79,234.297,235.724,237.046,238.248,239.328,240.315,241.276,242.339,243.729,245.809
45300.0,334.594,327.036,319.272,311.214,302.806,294.008,284.803,275.203,265.267,255.114,244.941,235.039,225.784,217.609,210.942,206.122,203.31,202.429,203.153,204.964,207.273,209.548,211.432,212.791,213.699,214.356,214.975,215.695,216.549,217.511,218.559,219.688,220.902,222.198,223.572,225.017,226.523,228.074,229.651,231.232,232.79,234.297,235.724,237.046,238.248,239.328,240.315,241.276,242.339,243.729,245.809
45360.0,334.513,326.986,319.254,311.228,302.85,294.081,284.904,275.33,265.416,255.28,245.119,235.22,225.959,217.768,211.077,206.228,203.385,202.475,203.174,204.97,207.27,209.541,211.426,212.787,213.697,214.355,214.975,215.695,216.549,217.511,218.559,219.688,220.902,222.197,223.572,225.017,226.523,228.074,229.651,231.232,232.79,234.297,235.724,237.046,238.248,239.328,240.315,241.276,242.339,243.729,245.809
45420.0,334.43,326.935,319.234,311.239,302.891,294.152,285.003,275.455,265.564,255.445,245.296,235.401,226.134,217.928,211.213,206.334,203.46,202.521,203.196,204.975,207.266,209.535,211.419,212.783,213.695,214.355,214.975,215.696,216.549,217.511,218.559,219.688,220.901,222.197,223.572,225.017,226.523,228.073,229.651,231.232,232.79,234.297,235.724,237.046,238.248,239.328,240.315,241.276,242.339,243.729,245.809
45480.0,334.344,326.88,319.212,311.248,302.931,294.221,285.1,275.578,265.71,255.609,245.471,235.58,226.308,218.087,211.349,206.441,203.535,202.567,203.219,204.981,207.263,209.528,211.413,212.779,213.694,214.354,214.976,215.696,216.549,217.511,218.559,219.688,220.901,222.197,223.572,225.017,226.523,228.073,229.651,231.232,232.79,234.297,235.724,237.046,238.248,239.328,240.315,241.276,242.339,243.729,245.809
45540.0,334.256,326.824,319.187,311.255,302.968,294.289,285.196,275.7,265.854,255.772,245.646,235.758,226.481,218.245,211.484,206.547,203.611,202.613,203.241,204.987,207.259,209.522,211.407,212.775,213.692,214.354,214.976,215.696,216.549,217.511,218.559,219.688,220.901,222.197,223.572,225.017,226.522,228.073,229.651,231.232,232.79,234.297,235.724,237.046,238.248,239.328,240.315,241.276,242.339,243.729,245.809
45600.0,334.165,326.766,319.161,311.26,303.004,294.354,285.29,275.82,265.997,255.933,245.819,235.936,226.654,218.403,211.619,206.653,203.686,202.659,203.264,204.993,207.256,209.515,211.401,212.771,213.69,214.353,214.976,215.696,216.549,217.511,218.559,219.688,220.901,222.197,223.572,225.017,226.522,228.073,229.651,231.232,232.79,234.297,235.724,237.046,238.248,239.328,240.315,241.276,242.339,243.729,245.809
45660.0,334.073,326.705,319.132,311.262,303.038,294.418,285.382,275.938,266.138,256.093,245.991,236.113,226.826,218.561,211.754,206.76,203.762,202.706,203.287,204.999,207.253,209.509,211.395,212.767,213.688,214.353,214.976,215.696,216.549,217.511,218.559,219.688,220.901,222.197,223.572,225.017,226.522,228.073,229.651,231.232,232.79,234.297,235.724,237.046,238.248,239.328,240.315,241.276,242.339,243.729,245.809
45720.0,333.977,326.641,319.101,311.263,303.069,294.479,285.472,276.055,266.278,256.252,246.162,236.288,226.997,218.719,211.889,206.867,203.838,202.753,203.31,205.006,207.25,209.502,211.389,212.763,213.686,214.352,214.976,215.696,216.549,217.511,218.559,219.688,220.901,222.197,223.572,225.017,226.522,228.073,229.651,231.232,232.79,234.297,235.724,237.046,238.248,239.328,240.315,241.276,242.339,243.729,245.809
45780.0,333.88,326.576,319.068,311.262,303.099,294.539,285.56,276.17,266.416,256.409,246.332,236.463,227.168,218.876,212.024,206.973,203.914,202.8,203.333,205.012,207.247,209.496,211.383,212.759,213.684,214.352,214.976,215.696,216.549,217.511,218.558,219.688,220.901,222.197,223.571,225.017,226.522,228.073,229.651,231.232,232.79,234.297,235.724,237.046,238.248,239.328,240.315,241.276,242.339,243.729,245.809
45840.0,333.779,326.508,319.032,311.258,303.127,294.597,285.647,276.283,266.553,256.565,246.501,236.637,227.338,219.032,212.159,207.08,203.99,202.847,203.356,205.019,207.244,209.489,211.377,212.755,213.682,214.351,214.976,215.696,216.549,217.511,218.558,219.688,220.901,222.197,223.571,225.017,226.522,228.073,229.651,231.232,232.79,234.297,235.724,237.046,238.248,239.328,240.315,241.276,242.339,243.729,245.809
45900.0,333.677,326.438,318.995,311.253,303.152,294.653,285.732,276.394,266.688,256.719,246.669,236.81,227.507,219.189,212.294,207.187,204.066,202.895,203.38,205.025,207.241,209.483,211.371,212.751,213.68,214.351,214.976,215.696,216.549,217.51,218.558,219.688,220.901,222.197,223.571,225.017,226.522,228.073,229.651,231.232,232.79,234.297,235.724,237.046,238.247,239.328,240.315,241.276,242.339,243.729,245.809
45960.0,333.572,326.366,318.955,311.245,303.176,294.707,285.815,276.504,266.822,256.872,246.835,236.983,227.676,219.345,212.429,207.294,204.143,202.943,203.404,205.032,207.239,209.477,211.365,212.747,213.678,214.35,214.976,215.697,216.549,217.51,218.558,219.688,220.901,222.197,223.571,225.017,226.522,228.073,229.651,231.232,232.79,234.297,235.724,237.046,238.247,239.328,240.315,241.276,242.339,243.729,245.809
46020.0,333.465,326.291,318.913,311.235,303.198,294.759,285.896,276.613,266.954,257.024,247.001,237.154,227.844,219.501,212.563,207.401,204.22,202.991,203.428,205.039,207.236,209.47,211.359,212.743,213.676,214.35,214.976,215.697,216.549,217.51,218.558,219.688,220.901,222.197,223.571,225.017,226.522,228.073,229.651,231.232,232.79,234.297,235.724,237.046,238.247,239.328,240.315,241.276,242.339,243.729,245.809
46080.0,333.355,326.214,318.869,311.224,303.218,294.81,285.975,276.719,267.085,257.174,247.165,237.324,228.012,219.656,212.697,207.508,204.297,203.039,203.452,205.047,207.234,209.464,211.353,212.739,213.674,214.349,214.976,215.697,216.549,217.51,218.558,219.688,220.901,222.197,223.571,225.017,226.522,228.073,229.651,231.232,232.79,234.297,235.724,237.046,238.247,239.328,240.315,241.276,242.339,243.729,245.809
46140.0,333.243,326.135,318.823,311.21,303.235,294.858,286.053,276.824,267.214,257.323,247.328,237.494,228.179,219.811,212.832,207.615,204.374,203.087,203.477,205.054,207.231,209.458,211.347,212.735,213.673,214.349,214.976,215.697,216.549,217.51,218.558,219.688,220.901,222.197,223.571,225.017,226.522,228.073,229.651,231.232,232.79,234.297,235.724,237.046,238.247,239.328,240.315,241.276,242.339,243.729,245.809
46200.0,333.128,326.054,318.775,311.194,303.251,294.904,286.129,276.927,267.342,257.471,247.49,237.662,228.345,219.965,212.966,207.722,204.451,203.136,203.501,205.062,207.229,209.452,211.341,212.731,213.671,214.348,214.976,215.697,216.549,217.51,218.558,219.688,220.901,222.197,223.571,225.017,226.522,228.073,229.65,231.232,232.79,234.297,235.724,237.046,238.247,239.328,240.315,241.276,242.339,243.729,245.809
46260.0,333.011,325.97,318.724,311.176,303.265,294.949,286.203,277.029,267.468,257.617,247.65,237.83,228.511,220.12,213.099,207.829,204.529,203.185,203.526,205.069,207.227,209.446,211.335,212.727,213.669,214.347,214.976,215.697,216.549,217.51,218.558,219.688,220.901,222.197,223.571,225.016,226.522,228.073,229.65,231.232,232.79,234.297,235.724,237.046,238.247,239.328,240.315,241.276,242.339,243.729,245.809
46320.0,332.892,325.884,318.671,311.156,303.277,294.992,286.276,277.129,267.592,257.762,247.81,237.997,228.676,220.273,213.233,207.936,204.606,203.234,203.551,205.077,207.225,209.44,211.329,212.723,213.667,214.347,214.976,215.697,216.549,217.51,218.558,219.688,220.901,222.197,223.571,225.016,226.522,228.073,229.65,231.232,232.79,234.297,235.724,237.046,238.247,239.328,240.315,241.276,242.34,243.729,245.809
46380.0,332.77,325.795,318.616,311.133,303.287,295.033,286.346,277.227,267.715,257.906,247.969,238.162,228.84,220.427,213.367,208.044,204.684,203.283,203.576,205.085,207.223,209.434,211.323,212.719,213.665,214.346,214.976,215.697,216.549,217.51,218.558,219.687,220.901,222.197,223.571,225.016,226.522,228.073,229.65,231.232,232.79,234.297,235.724,237.046,238.247,239.328,240.315,241.276,242.34,243.729,245.809
46440.0,332.645,325.704,318.559,311.109,303.294,295.072,286.415,277.324,267.837,258.048,248.126,238.327,229.004,220.58,213.5,208.151,204.762,203.332,203.602,205.093,207.221,209.428,211.317,212.714,213.663,214.346,214.976,215.697,216.549,217.51,218.558,219.687,220.901,222.197,223.571,225.016,226.522,228.073,229.65,231.231,232.79,234.297,235.724,237.046,238.247,239.328,240.315,241.276,242.34,243.729,245.809
46500.0,332.519,325.611,318.499,311.083,303.3,295.109,286.482,277.419,267.957,258.189,248.282,238.491,229.167,220.732,213.634,208.258,204.84,203.382,203.627,205.102,207.219,209.422,211.311,212.71,213.661,214.345,214.976,215.698,216.549,217.51,218.558,219.687,220.901,222.197,223.571,225.016,226.522,228.073,229.65,231.231,232.79,234.297,235.724,237.046,238.247,239.328,240.315,241.276,242.34,243.729,245.809
46560.0,332.389,325.516,318.438,311.054,303.304,295.144,286.547,277.512,268.075,258.329,248.437,238.654,229.329,220.884,213.767,208.366,204.918,203.432,203.653,205.11,207.217,209.416,211.305,212.706,213.659,214.345,214.977,215.698,216.549,217.51,218.558,219.687,220.901,222.197,223.571,225.016,226.522,228.073,229.65,231.231,232.79,234.297,235.724,237.046,238.247,239.328,240.315,241.276,242.34,243.729,245.809
46620.0,332.258,325.418,318.374,311.024,303.306,295.177,286.611,277.604,268.192,258.467,248.591,238.816,229.491,221.036,213.9,208.473,204.997,203.482,203.679,205.119,207.215,209.411,211.3,212.702,213.657,214.344,214.977,215.698,216.549,217.51,218.558,219.687,220.901,222.196,223.571,225.016,226.522,228.073,229.65,231.231,232.79,234.297,235.724,237.046,238.247,239.328,240.315,241.276,242.34,243.729,245.809
46680.0,332.124,325.318,318.308,310.991,303.306,295.209,286.672,277.694,268.308,258.604,248.743,238.977,229.652,221.187,214.032,208.58,205.075,203.532,203.705,205.127,207.214,209.405,211.294,212.698,213.655,214.344,214.977,215.698,216.549,217.51,218.558,219.687,220.9,222.196,223.571,225.016,226.522,228.073,229.65,231.231,232.79,234.297,235.724,237.046,238.247,239.328,240.315,241.276,242.34,243.729,245.809
46740.0,331.987,325.216,318.24,310.956,303.304,295.238,286.732,277.782,268.422,258.739,248.895,239.138,229.812,221.338,214.165,208.688,205.154,203.582,203.732,205.136,207.212,209.399,211.288,212.694,213.653,214.343,214.977,215.698,216.549,217.51,218.558,219.687,220.9,222.196,223.571,225.016,226.522,228.073,229.65,231.231,232.79,234.297,235.724,237.046,238.247,239.328,240.315,241.276,242.34,243.729,245.809
46800.0,331.848,325.111,318.169,310.919,303.3,295.266,286.79,277.869,268.534,258.873,249.045,239.297,229.972,221.489,214.297,208.795,205.233,203.633,203.758,205.145,207.211,209.394,211.282,212.69,213.651,214.342,214.977,215.698,216.549,217.51,218.558,219.687,220.9,222.196,223.571,225.016,226.522,228.073,229.65,231.231,232.79,234.297,235.724,237.046,238.247,239.328,240.315,241.276,242.34,243.729,245.809
46860.0,331.707,325.004,318.097,310.88,303.293,295.292,286.847,277.954,268.645,259.006,249.194,239.455,230.13,221.639,214.429,208.902,205.311,203.684,203.785,205.154,207.21,209.388,211.276,212.686,213.649,214.342,214.977,215.698,216.549,217.51,218.557,219.687,220.9,222.196,223.571,225.016,226.522,228.073,229.65,231.231,232.79,234.297,235.724,237.046,238.247,239.328,240.315,241.276,242.34,243.729,245.809
46920.0,331.563,324.895,318.022,310.839,303.285,295.316,286.901,278.037,268.754,259.137,249.342,239.613,230.289,221.788,214.561,209.01,205.391,203.735,203.812,205.164,207.209,209.382,211.271,212.682,213.647,214.341,214.977,215.698,216.549,217.51,218.557,219.687,220.9,222.196,223.571,225.016,226.522,228.073,229.65,231.231,232.79,234.297,235.724,237.046,238.247,239.328,240.315,241.276,242.34,243.729,245.809
46980.0,331.416,324.783,317.945,310.796,303.275,295.338,286.954,278.119,268.862,259.267,249.489,239.769,230.446,221.937,214.693,209.117,205.47,203.786,203.839,205.173,207.208,209.377,211.265,212.678,213.645,214.341,214.977,215.698,216.549,217.51,218.557,219.687,220.9,222.196,223.571,225.016,226.522,228.073,229.65,231.231,232.79,234.296,235.724,237.046,238.247,239.328,240.315,241.276,242.34,243.729,245.809
47040.0,331.267,324.669,317.866,310.751,303.263,295.358,287.005,278.199,268.968,259.396,249.634,239.925,230.603,222.086,214.825,209.225,205.549,203.837,203.866,205.183,207.207,209.371,211.259,212.674,213.643,214.34,214.977,215.698,216.549,217.51,218.557,219.687,220.9,222.196,223.571,225.016,226.521,228.072,229.65,231.231,232.79,234.296,235.724,237.046,238.247,239.328,240.315,241.276,242.34,243.729,245.809
47100.0,331.116,324.553,317.784,310.704,303.249,295.376,287.054,278.277,269.073,259.523,249.779,240.079,230.759,222.234,214.956,209.332,205.628,203.889,203.894,205.193,207.206,209.366,211.253,212.67,213.641,214.339,214.977,215.699,216.549,217.51,218.557,219.687,220.9,222.196,223.57,225.016,226.521,228.072,229.65,231.231,232.789,234.296,235.724,237.046,238.247,239.328,240.315,241.276,242.34,243.729,245.809
47160.0,330.962,324.434,317.701,310.654,303.233,295.393,287.102,278.354,269.176,259.649,249.922,240.233,230.914,222.382,215.088,209.439,205.708,203.941,203.922,205.203,207.205,209.361,211.248,212.666,213.639,214.339,214.977,215.699,216.549,217.509,218.557,219.687,220.9,222.196,223.57,225.016,226.521,228.072,229.65,231.231,232.789,234.296,235.723,237.046,238.247,239.328,240.315,241.276,242.34,243.729,245.809
47220.0,330.806,324.313,317.615,310.603,303.215,295.407,287.147,278.429,269.278,259.774,250.064,240.385,231.069,222.53,215.219,209.547,205.788,203.993,203.95,205.213,207.204,209.355,211.242,212.662,213.637,214.338,214.977,215.699,216.549,217.509,218.557,219.687,220.9,222.196,223.57,225.016,226.521,228.072,229.65,231.231,232.789,234.296,235.723,237.046,238.247,239.328,240.315,241.276,242.34,243.729,245.809
47280.0,330.647,324.19,317.527,310.549,303.195,295.42,287.191,278.502,269.378,259.897,250.205,240.537,231.223,222.677,215.349,209.654,205.868,204.045,203.978,205.223,207.204,209.35,211.236,212.658,213.635,214.338,214.977,215.699,216.549,217.509,218.557,219.687,220.9,222.196,223.57,225.016,226.521,228.072,229.65,231.231,232.789,234.296,235.723,237.046,238.247,239.328,240.315,241.276,242.34,243.729,245.809
47340.0,330.485,324.064,317.437,310.494,303.173,295.43,287.234,278.574,269.477,260.019,250.345,240.687,231.376,222.823,215.48,209.761,205.947,204.097,204.006,205.233,207.203,209.345,211.231,212.654,213.633,214.337,214.977,215.699,216.549,217.509,218.557,219.687,220.9,222.196,223.57,225.016,226.521,228.072,229.65,231.231,232.789,234.296,235.723,237.046,238.247,239.328,240.315,241.276,242.34,243.729,245.809
47400.0,330.321,323.936,317.344,310.436,303.15,295.439,287.274,278.644,269.574,260.139,250.483,240.837,231.529,222.969,215.61,209.869,206.027,204.15,204.034,205.244,207.203,209.34,211.225,212.65,213.631,214.336,214.977,215.699,216.549,217.509,218.557,219.687,220.9,222.196,223.57,225.016,226.521,228.072,229.65,231.231,232.789,234.296,235.723,237.046,238.247,239.328,240.315,241.276,242.34,243.729,245.809
47460.0,330.155,323.806,317.249,310.376,303.124,295.446,287.313,278.713,269.67,260.258,250.62,240.986,231.68,223.114,215.74,209.976,206.108,204.202,204.063,205.255,207.202,209.335,211.219,212.646,213.629,214.336,214.977,215.699,216.549,217.509,218.557,219.687,220.9,222.196,223.57,225.016,226.521,228.072,229.65,231.231,232.789,234.296,235.723,237.046,238.247,239.328,240.315,241.276,242.34,243.729,245.809
47520.0,329.986,323.673,317.152,310.314,303.096,295.452,287.35,278.779,269.764,260.376,250.757,241.134,231.832,223.259,215.87,210.083,206.188,204.255,204.092,205.265,207.202,209.33,211.214,212.642,213.627,214.335,214.977,215.699,216.549,217.509,218.557,219.687,220.9,222.196,223.57,225.016,226.521,228.072,229.65,231.231,232.789,234.296,235.723,237.046,238.247,239.328,240.315,241.276,242.34,243.729,245.809
47580.0,329.815,323.538,317.053,310.25,303.066,295.455,287.385,278.845,269.857,260.492,250.892,241.281,231.982,223.404,216.0,210.19,206.268,204.308,204.121,205.276,207.202,209.325,211.208,212.638,213.625,214.335,214.977,215.699,216.549,217.509,218.557,219.686,220.9,222.196,223.57,225.016,226.521,228.072,229.65,231.231,232.789,234.296,235.723,237.046,238.247,239.328,240.315,241.276,242.34,243.729,245.809
47640.0,329.641,323.4,316.952,310.184,303.034,295.456,287.418,278.908,269.948,260.607,251.025,241.426,232.131,223.548,216.129,210.298,206.349,204.361,204.15,205.287,207.202,209.32,211.203,212.634,213.623,214.334,214.977,215.699,216.549,217.509,218.557,219.686,220.9,222.196,223.57,225.016,226.521,228.072,229.65,231.231,232.789,234.296,235.723,237.046,238.247,239.328,240.315,241.276,242.34,243.729,245.809
47700.0,329.464,323.26,316.848,310.116,303.0,295.456,287.45,278.97,270.037,260.721,251.158,241.571,232.28,223.692,216.258,210.405,206.429,204.415,204.179,205.299,207.202,209.315,211.197,212.63,213.62,214.333,214.977,215.7,216.549,217.509,218.557,219.686,220.9,222.196,223.57,225.015,226.521,228.072,229.65,231.231,232.789,234.296,235.723,237.046,238.247,239.328,240.315,241.276,242.34,243.729,245.809
47760.0,329.285,323.118,316.742,310.045,302.964,295.453,287.479,279.03,270.125,260.833,251.289,241.715,232.428,223.835,216.387,210.512,206.51,204.468,204.209,205.31,207.202,209.31,211.192,212.626,213.618,214.333,214.977,215.7,216.549,217.509,218.557,219.686,220.9,222.196,223.57,225.015,226.521,228.072,229.65,231.231,232.789,234.296,235.723,237.046,238.247,239.328,240.315,241.276,242.34,243.729,245.809
47820.0,329.104,322.973,316.634,309.973,302.926,295.449,287.508,279.089,270.212,260.944,251.42,241.858,232.576,223.977,216.516,210.619,206.591,204.522,204.238,205.322,207.203,209.305,211.186,212.622,213.616,214.332,214.977,215.7,216.549,217.509,218.557,219.686,220.9,222.196,223.57,225.015,226.521,228.072,229.65,231.231,232.789,234.296,235.723,237.046,238.247,239.328,240.315,241.276,242.34,243.729,245.809
47880.0,328.92,322.826,316.524,309.898,302.887,295.443,287.534,279.146,270.297,261.054,251.549,242.0,232.722,224.12,216.644,210.726,206.671,204.576,204.268,205.333,207.203,209.301,211.181,212.618,213.614,214.331,214.977,215.7,216.549,217.509,218.557,219.686,220.9,222.196,223.57,225.015,226.521,228.072,229.65,231.231,232.789,234.296,235.723,237.046,238.247,239.328,240.315,241.276,242.34,243.729,245.809
47940.0,328.733,322.677,316.411,309.821,302.845,295.435,287.558,279.201,270.38,261.162,251.676,242.141,232.868,224.261,216.773,210.833,206.752,204.63,204.298,205.345,207.204,209.296,211.175,212.614,213.612,214.331,214.977,215.7,216.549,217.509,218.556,219.686,220.899,222.195,223.57,225.015,226.521,228.072,229.65,231.231,232.789,234.296,235.723,237.046,238.247,239.328,240.315,241.276,242.34,243.729,245.809
48000.0,328.544,322.525,316.296,309.743,302.801,295.425,287.581,279.255,270.462,261.269,251.803,242.281,233.013,224.402,216.9,210.94,206.833,204.684,204.329,205.357,207.204,209.291,211.17,212.61,213.61,214.33,214.977,215.7,216.549,217.509,218.556,219.686,220.899,222.195,223.57,225.015,226.521,228.072,229.649,231.231,232.789,234.296,235.723,237.046,238.247,239.328,240.315,241.276,242.34,243.729,245.809
48060.0,328.352,322.371,316.179,309.662,302.755,295.413,287.602,279.306,270.543,261.374,251.928,242.42,233.158,224.543,217.028,211.046,206.915,204.738,204.359,205.369,207.205,209.287,211.164,212.606,213.608,214.329,214.977,215.7,216.549,217.509,218.556,219.686,220.899,222.195,223.57,225.015,226.521,228.072,229.649,231.231,232.789,234.296,235.723,237.046,238.247,239.328,240.315,241.276,242.34,243.729,245.809
48120.0,328.158,322.214,316.06,309.579,302.707,295.4,287.621,279.357,270.622,261.478,252.053,242.558,233.301,224.683,217.155,211.153,206.996,204.793,204.39,205.382,207.206,209.282,211.159,212.602,213.606,214.329,214.977,215.7,216.549,217.509,218.556,219.686,220.899,222.195,223.57,225.015,226.521,228.072,229.649,231.231,232.789,234.296,235.723,237.046,238.247,239.328,240.315,241.276,242.34,243.729,245.809
48180.0,327.961,322.055,315.939,309.494,302.658,295.384,287.639,279.406,270.699,261.581,252.176,242.695,233.444,224.823,217.282,211.26,207.077,204.847,204.42,205.394,207.206,209.278,211.154,212.598,213.604,214.328,214.977,215.7,216.549,217.509,218.556,219.686,220.899,222.195,223.57,225.015,226.521,228.072,229.649,231.231,232.789,234.296,235.723,237.045,238.247,239.328,240.315,241.276,242.34,243.729,245.809
48240.0,327.761,321.894,315.815,309.406,302.606,295.367,287.655,279.453,270.775,261.682,252.298,242.831,233.586,224.962,217.409,211.366,207.158,204.902,204.451,205.407,207.207,209.273,211.148,212.594,213.602,214.327,214.977,215.7,216.549,217.509,218.556,219.686,220.899,222.195,223.57,225.015,226.521,228.072,229.649,231.231,232.789,234.296,235.723,237.045,238.247,239.328,240.315,241.276,242.34,243.729,245.809
48300.0,327.559,321.73,315.689,309.317,302.552,295.348,287.669,279.498,270.85,261.782,252.418,242.966,233.728,225.1,217.536,211.473,207.24,204.957,204.482,205.419,207.208,209.269,211.143,212.59,213.6,214.327,214.977,215.701,216.549,217.509,218.556,219.686,220.899,222.195,223.57,225.015,226.521,228.072,229.649,231.231,232.789,234.296,235.723,237.045,238.247,239.328,240.315,241.276,242.34,243.729,245.809
48360.0,327.355,321.564,315.56,309.225,302.496,295.327,287.681,279.542,270.922,261.88,252.538,243.1,233.868,225.238,217.662,211.579,207.321,205.012,204.514,205.432,207.21,209.265,211.138,212.586,213.598,214.326,214.977,215.701,216.549,217.509,218.556,219.686,220.899,222.195,223.57,225.015,226.521,228.072,229.649,231.231,232.789,234.296,235.723,237.045,238.247,239.328,240.315,241.276,242.34,243.729,245.809
48420.0,327.147,321.395,315.43,309.132,302.439,295.304,287.691,279.584,270.994,261.978,252.656,243.233,234.008,225.376,217.788,211.686,207.403,205.068,204.545,205.445,207.211,209.26,211.132,212.582,213.595,214.325,214.977,215.701,216.549,217.509,218.556,219.686,220.899,222.195,223.57,225.015,226.521,228.072,229.649,231.23,232.789,234.296,235.723,237.045,238.247,239.328,240.315,241.276,242.34,243.729,245.809
48480.0,326.937,321.224,315.297,309.036,302.379,295.279,287.7,279.624,271.064,262.073,252.773,243.365,234.147,225.513,217.914,211.792,207.484,205.123,204.577,205.458,207.212,209.256,211.127,212.578,213.593,214.325,214.977,215.701,216.549,217.508,218.556,219.686,220.899,222.195,223.569,225.015,226.521,228.072,229.649,231.23,232.789,234.296,235.723,237.045,238.247,239.328,240.315,241.276,242.34,243.729,245.809
48540.0,326.725,321.051,315.162,308.938,302.317,295.252,287.707,279.663,271.132,262.168,252.889,243.496,234.285,225.649,218.039,211.898,207.566,205.179,204.608,205.472,207.214,209.252,211.122,212.574,213.591,214.324,214.977,215.701,216.549,217.508,218.556,219.686,220.899,222.195,223.569,225.015,226.521,228.072,229.649,231.23,232.789,234.296,235.723,237.045,238.247,239.328,240.315,241.276,242.34,243.729,245.809
48600.0,326.51,320.875,315.024,308.838,302.254,295.224,287.712,279.7,271.199,262.261,253.004,243.626,234.423,225.785,218.164,212.004,207.648,205.234,204.64,205.485,207.215,209.248,211.117,212.57,213.589,214.323,214.977,215.701,216.549,217.508,218.556,219.686,220.899,222.195,223.569,225.015,226.52,228.072,229.649,231.23,232.789,234.296,235.723,237.045,238.247,239.328,240.315,241.276,242.34,243.729,245.809
48660.0,326.292,320.697,314.885,308.736,302.188,295.193,287.715,279.736,271.264,262.353,253.117,243.755,234.56,225.921,218.289,212.111,207.73,205.29,204.673,205.499,207.217,209.244,211.111,212.566,213.587,214.323,214.977,215.701,216.549,217.508,218.556,219.686,220.899,222.195,223.569,225.015,226.52,228.071,229.649,231.23,232.789,234.296,235.723,237.045,238.247,239.328,240.315,241.276,242.34,243.729,245.809
48720.0,326.072,320.516,314.743,308.632,302.12,295.161,287.717,279.77,271.328,262.443,253.229,243.882,234.695,226.055,218.413,212.216,207.812,205.346,204.705,205.512,207.219,209.24,211.106,212.562,213.585,214.322,214.977,215.701,216.549,217.508,218.556,219.686,220.899,222.195,223.569,225.015,226.52,228.071,229.649,231.23,232.789,234.296,235.723,237.045,238.247,239.328,240.315,241.276,242.34,243.729,245.809
48780.0,325.849,320.332,314.599,308.526,302.051,295.126,287.717,279.802,271.39,262.532,253.34,244.009,234.831,226.19,218.538,212.322,207.893,205.402,204.737,205.526,207.221,209.236,211.101,212.558,213.583,214.321,214.977,215.701,216.549,217.508,218.556,219.685,220.899,222.195,223.569,225.015,226.52,228.071,229.649,231.23,232.789,234.296,235.723,237.045,238.247,239.328,240.315,241.276,242.34,243.729,245.809
48840.0,325.623,320.147,314.452,308.417,301.979,295.09,287.715,279.833,271.451,262.62,253.45,244.135,234.965,226.323,218.661,212.428,207.975,205.459,204.77,205.54,207.223,209.232,211.096,212.554,213.581,214.32,214.977,215.701,216.549,217.508,218.556,219.685,220.899,222.195,223.569,225.015,226.52,228.071,229.649,231.23,232.789,234.296,235.723,237.045,238.247,239.328,240.315,241.276,242.34,243.729,245.809
48900.0,325.395,319.959,314.303,308.307,301.905,295.052,287.711,279.862,271.51,262.706,253.559,244.26,235.098,226.457,218.785,212.534,208.057,205.515,204.803,205.554,207.225,209.228,211.091,212.55,213.579,214.32,214.977,215.701,216.549,217.508,218.556,219.685,220.899,222.195,223.569,225.015,226.52,228.071,229.649,231.23,232.789,234.296,235.723,237.045,238.247,239.328,240.315,241.276,242.34,243.729,245.809
48960.0,325.164,319.768,314.152,308.194,301.829,295.013,287.706,279.889,271.568,262.791,253.666,244.384,235.231,226.589,218.908,212.639,208.139,205.572,204.836,205.569,207.227,209.224,211.086,212.546,213.576,214.319,214.976,215.702,216.549,217.508,218.556,219.685,220.899,222.195,223.569,225.015,226.52,228.071,229.649,231.23,232.789,234.296,235.723,237.045,238.247,239.328,240.315,241.276,242.34,243.729,245.81
49020.0,324.93,319.575,313.999,308.079,301.752,294.971,287.699,279.915,271.624,262.874,253.772,244.507,235.363,226.721,219.031,212.745,208.222,205.628,204.869,205.583,207.229,209.221,211.08,212.542,213.574,214.318,214.976,215.702,216.55,217.508,218.555,219.685,220.899,222.195,223.569,225.015,226.52,228.071,229.649,231.23,232.789,234.296,235.723,237.045,238.247,239.328,240.315,241.276,242.34,243.729,245.81
49080.0,324.694,319.379,313.843,307.962,301.672,294.927,287.69,279.939,271.679,262.956,253.877,244.629,235.494,226.853,219.154,212.85,208.304,205.685,204.902,205.598,207.231,209.217,211.075,212.538,213.572,214.318,214.976,215.702,216.55,217.508,218.555,219.685,220.899,222.195,223.569,225.015,226.52,228.071,229.649,231.23,232.789,234.296,235.723,237.045,238.247,239.328,240.315,241.276,242.34,243.729,245.81
49140.0,324.455,319.181,313.685,307.843,301.59,294.882,287.679,279.961,271.732,263.037,253.981,244.75,235.625,226.984,219.276,212.955,208.386,205.742,204.935,205.612,207.234,209.214,211.07,212.534,213.57,214.317,214.976,215.702,216.55,217.508,218.555,219.685,220.898,222.195,223.569,225.014,226.52,228.071,229.649,231.23,232.789,234.296,235.723,237.045,238.247,239.328,240.315,241.276,242.34,243.729,245.81
49200.0,324.213,318.981,313.525,307.721,301.507,294.834,287.667,279.982,271.784,263.116,254.084,244.87,235.754,227.114,219.398,213.06,208.468,205.799,204.969,205.627,207.236,209.21,211.065,212.53,213.568,214.316,214.976,215.702,216.55,217.508,218.555,219.685,220.898,222.194,223.569,225.014,226.52,228.071,229.649,231.23,232.789,234.296,235.723,237.045,238.247,239.328,240.315,241.276,242.34,243.73,245.81
49260.0,323.969,318.778,313.363,307.598,301.421,294.785,287.653,280.001,271.834,263.194,254.185,244.989,235.883,227.244,219.519,213.165,208.55,205.856,205.003,205.642,207.239,209.206,211.06,212.526,213.566,214.315,214.976,215.702,216.55,217.508,218.555,219.685,220.898,222.194,223.569,225.014,226.52,228.071,229.649,231.23,232.789,234.296,235.723,237.045,238.247,239.328,240.315,241.276,242.34,243.73,245.81
49320.0,323.722,318.572,313.198,307.472,301.333,294.734,287.637,280.019,271.883,263.271,254.285,245.106,236.011,227.373,219.641,213.27,208.633,205.914,205.036,205.657,207.242,209.203,211.055,212.522,213.564,214.315,214.976,215.702,216.55,217.508,218.555,219.685,220.898,222.194,223.569,225.014,226.52,228.071,229.649,231.23,232.788,234.296,235.723,237.045,238.247,239.328,240.315,241.276,242.34,243.73,245.81
49380.0,323.472,318.364,313.031,307.345,301.244,294.681,287.619,280.035,271.93,263.346,254.384,245.223,236.138,227.502,219.761,213.374,208.715,205.971,205.07,205.673,207.245,209.2,211.05,212.519,213.561,214.314,214.976,215.702,216.55,217.508,218.555,219.685,220.898,222.194,223.569,225.014,226.52,228.071,229.649,231.23,232.788,234.296,235.723,237.045,238.247,239.328,240.315,241.276,242.34,243.73,245.81
49440.0,323.22,318.154,312.861,307.215,301.152,294.626,287.6,280.049,271.975,263.42,254.482,245.339,236.264,227.63,219.882,213.479,208.797,206.029,205.105,205.688,207.248,209.196,211.045,212.515,213.559,214.313,214.976,215.702,216.55,217.508,218.555,219.685,220.898,222.194,223.569,225.014,226.52,228.071,229.649,231.23,232.788,234.296,235.723,237.045,238.247,239.328,240.315,241.276,242.34,243.73,245.81
49500.0,322.965,317.941,312.689,307.083,301.058,294.569,287.579,280.062,272.02,263.493,254.579,245.454,236.39,227.758,220.002,213.583,208.88,206.086,205.139,205.704,207.251,209.193,211.041,212.511,213.557,214.312,214.976,215.702,216.55,217.508,218.555,219.685,220.898,222.194,223.569,225.014,226.52,228.071,229.649,231.23,232.788,234.296,235.723,237.045,238.247,239.328,240.315,241.276,242.34,243.73,245.81
49560.0,322.707,317.725,312.515,306.948,300.962,294.511,287.556,280.073,272.062,263.564,254.674,245.567,236.514,227.884,220.122,213.687,208.962,206.144,205.173,205.719,207.254,209.19,211.036,212.507,213.555,214.312,214.976,215.702,216.55,217.508,218.555,219.685,220.898,222.194,223.569,225.014,226.52,228.071,229.649,231.23,232.788,234.295,235.723,237.045,238.247,239.328,240.315,241.276,242.34,243.73,245.81
49620.0,322.446,317.507,312.339,306.812,300.865,294.45,287.531,280.082,272.103,263.633,254.768,245.68,236.638,228.011,220.242,213.792,209.044,206.202,205.208,205.735,207.257,209.187,211.031,212.503,213.553,214.311,214.976,215.702,216.55,217.508,218.555,219.685,220.898,222.194,223.569,225.014,226.52,228.071,229.649,231.23,232.788,234.295,235.723,237.045,238.247,239.328,240.315,241.276,242.34,243.73,245.81
49680.0,322.183,317.287,312.16,306.673,300.765,294.388,287.504,280.09,272.143,263.702,254.861,245.792,236.761,228.137,220.361,213.895,209.127,206.26,205.243,205.751,207.26,209.184,211.026,212.499,213.551,214.31,214.976,215.703,216.55,217.508,218.555,219.685,220.898,222.194,223.569,225.014,226.52,228.071,229.649,231.23,232.788,234.295,235.723,237.045,238.247,239.328,240.315,241.276,242.34,243.73,245.81
49740.0,321.916,317.064,311.979,306.533,300.663,294.324,287.476,280.096,272.181,263.769,254.953,245.902,236.884,228.262,220.48,213.999,209.209,206.318,205.278,205.767,207.264,209.181,211.021,212.495,213.548,214.309,214.976,215.703,216.55,217.508,218.555,219.685,220.898,222.194,223.569,225.014,226.52,228.071,229.649,231.23,232.788,234.295,235.723,237.045,238.247,239.328,240.315,241.276,242.34,243.73,245.81
49800.0,321.648,316.838,311.795,306.39,300.559,294.258,287.446,280.1,272.218,263.835,255.043,246.012,237.005,228.386,220.598,214.103,209.292,206.377,205.313,205.783,207.267,209.178,211.016,212.491,213.546,214.309,214.976,215.703,216.55,217.508,218.555,219.685,220.898,222.194,223.569,225.014,226.52,228.071,229.648,231.23,232.788,234.295,235.723,237.045,238.247,239.328,240.315,241.276,242.34,243.73,245.81
49860.0,321.376,316.61,311.61,306.245,300.453,294.19,287.415,280.103,272.253,263.899,255.132,246.12,237.126,228.51,220.716,214.206,209.374,206.435,205.348,205.8,207.271,209.175,211.012,212.487,213.544,214.308,214.976,215.703,216.55,217.507,218.555,219.685,220.898,222.194,223.568,225.014,226.52,228.071,229.648,231.23,232.788,234.295,235.723,237.045,238.247,239.328,240.315,241.276,242.34,243.73,245.81
49920.0,321.101,316.379,311.422,306.097,300.346,294.12,287.381,280.104,272.286,263.962,255.22,246.228,237.245,228.634,220.834,214.31,209.456,206.493,205.384,205.816,207.275,209.172,211.007,212.483,213.542,214.307,214.976,215.703,216.55,217.507,218.555,219.684,220.898,222.194,223.568,225.014,226.52,228.071,229.648,231.23,232.788,234.295,235.723,237.045,238.247,239.328,240.315,241.276,242.34,243.73,245.81
49980.0,320.824,316.146,311.231,305.948,300.236,294.048,287.346,280.104,272.318,264.023,255.307,246.334,237.364,228.756,220.951,214.413,209.539,206.552,205.419,205.833,207.279,209.169,211.002,212.48,213.54,214.306,214.975,215.703,216.55,217.507,218.555,219.684,220.898,222.194,223.568,225.014,226.52,228.071,229.648,231.23,232.788,234.295,235.723,237.045,238.247,239.328,240.315,241.276,242.34,243.73,245.81
50040.0,320.544,315.91,311.038,305.797,300.124,293.974,287.309,280.102,272.349,264.083,255.393,246.44,237.482,228.878,221.068,214.516,209.621,206.611,205.455,205.85,207.283,209.166,210.998,212.476,213.538,214.306,214.975,215.703,216.55,217.507,218.555,219.684,220.898,222.194,223.568,225.014,226.52,228.071,229.648,231.23,232.788,234.295,235.723,237.045,238.247,239.328,240.315,241.276,242.34,243.73,245.81
50100.0,320.261,315.672,310.843,305.643,300.01,293.899,287.27,280.098,272.378,264.142,255.477,246.544,237.6,229.0,221.184,214.619,209.704,206.669,205.491,205.867,207.287,209.164,210.993,212.472,213.535,214.305,214.975,215.703,216.55,217.507,218.554,219.684,220.898,222.194,223.568,225.014,226.519,228.071,229.648,231.23,232.788,234.295,235.723,237.045,238.247,239.328,240.315,241.276,242.34,243.73,245.81
50160.0,319.976,315.431,310.645,305.487,299.894,293.821,287.23,280.093,272.406,264.2,255.56,246.648,237.716,229.121,221.301,214.721,209.786,206.728,205.526,205.884,207.291,209.161,210.988,212.468,213.533,214.304,214.975,215.703,216.55,217.507,218.554,219.684,220.898,222.194,223.568,225.014,226.519,228.071,229.648,231.23,232.788,234.295,235.723,237.045,238.247,239.328,240.315,241.276,242.34,243.73,245.81
50220.0,319.687,315.187,310.445,305.329,299.776,293.742,287.187,280.086,272.432,264.256,255.642,246.75,237.831,229.241,221.416,214.824,209.869,206.787,205.563,205.901,207.295,209.158,210.984,212.464,213.531,214.303,214.975,215.703,216.55,217.507,218.554,219.684,220.898,222.194,223.568,225.014,226.519,228.071,229.648,231.23,232.788,234.295,235.722,237.045,238.247,239.328,240.315,241.276,242.34,243.73,245.81
50280.0,319.396,314.941,310.243,305.168,299.656,293.661,287.143,280.077,272.456,264.31,255.723,246.851,237.946,229.361,221.532,214.926,209.951,206.846,205.599,205.918,207.299,209.156,210.979,212.46,213.529,214.302,214.975,215.703,216.55,217.507,218.554,219.684,220.898,222.194,223.568,225.014,226.519,228.071,229.648,231.23,232.788,234.295,235.722,237.045,238.247,239.328,240.315,241.276,242.34,243.73,245.81
50340.0,319.102,314.692,310.039,305.006,299.534,293.578,287.098,280.067,272.479,264.364,255.802,246.951,238.06,229.48,221.647,215.028,210.033,206.905,205.635,205.936,207.304,209.153,210.974,212.456,213.527,214.302,214.975,215.703,216.55,217.507,218.554,219.684,220.898,222.194,223.568,225.014,226.519,228.07,229.648,231.23,232.788,234.295,235.722,237.045,238.247,239.328,240.315,241.276,242.34,243.73,245.81
50400.0,318.805,314.441,309.831,304.841,299.41,293.493,287.05,280.055,272.501,264.416,255.881,247.051,238.173,229.598,221.761,215.13,210.116,206.965,205.672,205.953,207.308,209.151,210.97,212.452,213.524,214.301,214.975,215.703,216.55,217.507,218.554,219.684,220.897,222.194,223.568,225.014,226.519,228.07,229.648,231.229,232.788,234.295,235.722,237.045,238.247,239.328,240.315,241.276,242.34,243.73,245.81
50460.0,318.505,314.187,309.622,304.674,299.284,293.406,287.001,280.042,272.521,264.466,255.958,247.149,238.285,229.716,221.876,215.232,210.198,207.024,205.708,205.971,207.313,209.149,210.965,212.449,213.522,214.3,214.975,215.704,216.55,217.507,218.554,219.684,220.897,222.194,223.568,225.014,226.519,228.07,229.648,231.229,232.788,234.295,235.722,237.045,238.247,239.328,240.315,241.276,242.34,243.73,245.81
50520.0,318.202,313.931,309.41,304.505,299.156,293.317,286.95,280.026,272.539,264.516,256.034,247.246,238.397,229.833,221.989,215.333,210.28,207.084,205.745,205.989,207.318,209.146,210.961,212.445,213.52,214.299,214.975,215.704,216.55,217.507,218.554,219.684,220.897,222.193,223.568,225.013,226.519,228.07,229.648,231.229,232.788,234.295,235.722,237.045,238.247,239.328,240.315,241.276,242.34,243.73,245.81
50580.0,317.896,313.672,309.196,304.334,299.026,293.226,286.897,280.01,272.556,264.563,256.108,247.342,238.507,229.95,222.103,215.435,210.363,207.143,205.782,206.007,207.323,209.144,210.956,212.441,213.518,214.298,214.975,215.704,216.55,217.507,218.554,219.684,220.897,222.193,223.568,225.013,226.519,228.07,229.648,231.229,232.788,234.295,235.722,237.045,238.247,239.328,240.315,241.276,242.34,243.73,245.81
50640.0,317.588,313.41,308.979,304.16,298.893,293.134,286.843,279.991,272.572,264.61,256.182,247.437,238.617,230.066,222.216,215.536,210.445,207.203,205.819,206.025,207.328,209.142,210.952,212.437,213.516,214.298,214.975,215.704,216.55,217.507,218.554,219.684,220.897,222.193,223.568,225.013,226.519,228.07,229.648,231.229,232.788,234.295,235.722,237.045,238.247,239.328,240.315,241.276,242.34,243.73,245.81
50700.0,317.276,313.145,308.76,303.985,298.759,293.039,286.786,279.971,272.586,264.655,256.254,247.531,238.726,230.181,222.328,215.637,210.527,207.262,205.856,206.043,207.333,209.14,210.948,212.433,213.513,214.297,214.974,215.704,216.55,217.507,218.554,219.684,220.897,222.193,223.568,225.013,226.519,228.07,229.648,231.229,232.788,234.295,235.722,237.045,238.247,239.328,240.315,241.276,242.34,243.73,245.81
50760.0,316.962,312.878,308.539,303.807,298.623,292.943,286.728,279.95,272.599,264.699,256.325,247.624,238.834,230.296,222.44,215.738,210.609,207.322,205.894,206.062,207.338,209.138,210.943,212.43,213.511,214.296,214.974,215.704,216.55,217.507,218.554,219.684,220.897,222.193,223.568,225.013,226.519,228.07,229.648,231.229,232.788,234.295,235.722,237.045,238.247,239.328,240.315,241.276,242.34,243.73,245.81
50820.0,316.645,312.609,308.315,303.627,298.485,292.845,286.668,279.927,272.61,264.741,256.395,247.715,238.941,230.41,222.552,215.838,210.692,207.382,205.931,206.08,207.343,209.136,210.939,212.426,213.509,214.295,214.974,215.704,216.55,217.507,218.554,219.684,220.897,222.193,223.568,225.013,226.519,228.07,229.648,231.229,232.788,234.295,235.722,237.045,238.247,239.328,240.315,241.276,242.34,243.73,245.81
50880.0,316.325,312.336,308.089,303.444,298.344,292.745,286.607,279.902,272.619,264.782,256.463,247.806,239.047,230.523,222.663,215.938,210.774,207.442,205.969,206.099,207.348,209.134,210.935,212.422,213.507,214.294,214.974,215.704,216.55,217.507,218.554,219.684,220.897,222.193,223.568,225.013,226.519,228.07,229.648,231.229,232.788,234.295,235.722,237.045,238.247,239.328,240.315,241.276,242.34,243.73,245.81
50940.0,316.002,312.061,307.86,303.26,298.202,292.643,286.544,279.875,272.627,264.822,256.531,247.896,239.152,230.636,222.774,216.039,210.856,207.502,206.006,206.118,207.354,209.132,210.93,212.418,213.505,214.293,214.974,215.704,216.55,217.507,218.554,219.684,220.897,222.193,223.568,225.013,226.519,228.07,229.648,231.229,232.788,234.295,235.722,237.045,238.247,239.328,240.315,241.276,242.34,243.73,245.81
51000.0,315.676,311.784,307.629,303.073,298.058,292.539,286.479,279.847,272.634,264.86,256.597,247.985,239.257,230.748,222.885,216.138,210.938,207.562,206.044,206.137,207.359,209.13,210.926,212.414,213.502,214.293,214.974,215.704,216.55,217.507,218.554,219.684,220.897,222.193,223.568,225.013,226.519,228.07,229.648,231.229,232.788,234.295,235.722,237.045,238.247,239.328,240.315,241.276,242.34,243.73,245.81
51060.0,315.347,311.503,307.396,302.884,297.911,292.433,286.412,279.817,272.639,264.897,256.662,248.072,239.36,230.859,222.995,216.238,211.02,207.622,206.082,206.156,207.365,209.128,210.922,212.411,213.5,214.292,214.974,215.704,216.55,217.507,218.554,219.684,220.897,222.193,223.568,225.013,226.519,228.07,229.648,231.229,232.788,234.295,235.722,237.045,238.246,239.328,240.315,241.276,242.34,243.73,245.81
51120.0,315.015,311.22,307.16,302.693,297.762,292.326,286.343,279.786,272.642,264.933,256.725,248.159,239.463,230.97,223.105,216.338,211.102,207.682,206.12,206.175,207.371,209.127,210.918,212.407,213.498,214.291,214.974,215.704,216.55,217.507,218.554,219.683,220.897,222.193,223.568,225.013,226.519,228.07,229.648,231.229,232.788,234.295,235.722,237.045,238.246,239.328,240.315,241.276,242.34,243.73,245.81
51180.0,314.68,310.935,306.921,302.499,297.612,292.216,286.273,279.753,272.644,264.967,256.788,248.244,239.565,231.08,223.214,216.437,211.184,207.743,206.158,206.194,207.377,209.125,210.913,212.403,213.496,214.29,214.974,215.704,216.55,217.507,218.554,219.683,220.897,222.193,223.567,225.013,226.519,228.07,229.648,231.229,232.788,234.295,235.722,237.045,238.246,239.328,240.315,241.276,242.34,243.73,245.81
51240.0,314.342,310.646,306.68,302.304,297.459,292.105,286.201,279.718,272.645,265.0,256.849,248.329,239.666,231.19,223.323,216.536,211.266,207.803,206.197,206.213,207.382,209.123,210.909,212.399,213.493,214.289,214.973,215.704,216.55,217.507,218.553,219.683,220.897,222.193,223.567,225.013,226.519,228.07,229.648,231.229,232.788,234.295,235.722,237.045,238.246,239.328,240.315,241.276,242.34,243.73,245.81
51300.0,314.001,310.355,306.437,302.106,297.305,291.991,286.127,279.682,272.644,265.031,256.909,248.412,239.766,231.299,223.431,216.635,211.347,207.863,206.235,206.233,207.388,209.122,210.905,212.396,213.491,214.288,214.973,215.704,216.55,217.507,218.553,219.683,220.897,222.193,223.567,225.013,226.519,228.07,229.648,231.229,232.788,234.295,235.722,237.045,238.246,239.328,240.315,241.276,242.34,243.73,245.81
51360.0,313.657,310.061,306.191,301.906,297.148,291.876,286.051,279.644,272.642,265.061,256.968,248.495,239.866,231.407,223.539,216.733,211.429,207.924,206.274,206.253,207.395,209.12,210.901,212.392,213.489,214.288,214.973,215.705,216.55,217.506,218.553,219.683,220.897,222.193,223.567,225.013,226.519,228.07,229.648,231.229,232.788,234.295,235.722,237.045,238.246,239.328,240.315,241.276,242.34,243.73,245.81
51420.0,313.31,309.765,305.943,301.703,296.989,291.759,285.974,279.605,272.638,265.09,257.025,248.576,239.964,231.514,223.646,216.832,211.511,207.984,206.312,206.272,207.401,209.119,210.897,212.388,213.487,214.287,214.973,215.705,216.55,217.506,218.553,219.683,220.897,222.193,223.567,225.013,226.519,228.07,229.648,231.229,232.788,234.295,235.722,237.045,238.246,239.328,240.315,241.276,242.34,243.73,245.81
51480.0,312.96,309.466,305.692,301.498,296.828,291.64,285.895,279.563,272.632,265.117,257.081,248.656,240.062,231.621,223.753,216.93,211.593,208.045,206.351,206.292,207.407,209.118,210.893,212.384,213.485,214.286,214.973,215.705,216.55,217.506,218.553,219.683,220.897,222.193,223.567,225.013,226.519,228.07,229.648,231.229,232.788,234.295,235.722,237.045,238.246,239.328,240.315,241.276,242.34,243.73,245.81
51540.0,312.607,309.164,305.439,301.292,296.665,291.519,285.814,279.521,272.625,265.143,257.137,248.735,240.158,231.727,223.86,217.027,211.674,208.106,206.39,206.312,207.414,209.116,210.889,212.381,213.482,214.285,214.973,215.705,216.55,217.506,218.553,219.683,220.897,222.193,223.567,225.013,226.519,228.07,229.648,231.229,232.788,234.295,235.722,237.045,238.246,239.328,240.315,241.276,242.34,243.73,245.81
51600.0,312.251,308.859,305.183,301.082,296.5,291.396,285.731,279.476,272.617,265.168,257.19,248.814,240.254,231.833,223.966,217.125,211.756,208.166,206.429,206.332,207.42,209.115,210.885,212.377,213.48,214.284,214.973,215.705,216.55,217.506,218.553,219.683,220.897,222.193,223.567,225.013,226.518,228.07,229.647,231.229,232.787,234.295,235.722,237.045,238.246,239.328,240.315,241.276,242.34,243.73,245.81
51660.0,311.892,308.551,304.925,300.871,296.333,291.271,285.647,279.43,272.607,265.191,257.243,248.891,240.349,231.938,224.071,217.222,211.837,208.227,206.468,206.353,207.427,209.114,210.881,212.373,213.478,214.283,214.973,215.705,216.55,217.506,218.553,219.683,220.896,222.193,223.567,225.013,226.518,228.07,229.647,231.229,232.787,234.295,235.722,237.045,238.246,239.328,240.315,241.276,242.34,243.73,245.81
51720.0,311.529,308.241,304.665,300.657,296.164,291.144,285.561,279.383,272.595,265.213,257.295,248.967,240.443,232.042,224.177,217.32,211.918,208.288,206.508,206.373,207.433,209.113,210.877,212.37,213.476,214.282,214.972,215.705,216.55,217.506,218.553,219.683,220.896,222.193,223.567,225.013,226.518,228.07,229.647,231.229,232.787,234.295,235.722,237.045,238.246,239.328,240.315,241.276,242.34,243.73,245.81
51780.0,311.164,307.928,304.402,300.441,295.993,291.016,285.473,279.333,272.582,265.233,257.345,249.042,240.536,232.145,224.281,217.416,212.0,208.349,206.547,206.394,207.44,209.112,210.873,212.366,213.473,214.281,214.972,215.705,216.55,217.506,218.553,219.683,220.896,222.192,223.567,225.013,226.518,228.07,229.647,231.229,232.787,234.295,235.722,237.045,238.246,239.328,240.315,241.276,242.34,243.73,245.81
51840.0,310.796,307.612,304.136,300.223,295.819,290.885,285.383,279.283,272.568,265.253,257.394,249.115,240.629,232.248,224.386,217.513,212.081,208.41,206.586,206.414,207.447,209.111,210.869,212.362,213.471,214.281,214.972,215.705,216.55,217.506,218.553,219.683,220.896,222.192,223.567,225.013,226.518,228.07,229.647,231.229,232.787,234.295,235.722,237.045,238.246,239.328,240.315,241.276,242.34,243.73,245.81
51900.0,310.424,307.294,303.868,300.002,295.644,290.753,285.292,279.23,272.552,265.27,257.442,249.188,240.72,232.35,224.489,217.609,212.162,208.47,206.626,206.435,207.454,209.11,210.865,212.359,213.469,214.28,214.972,215.705,216.55,217.506,218.553,219.683,220.896,222.192,223.567,225.013,226.518,228.07,229.647,231.229,232.787,234.295,235.722,237.045,238.246,239.328,240.315,241.276,242.34,243.73,245.81
51960.0,310.05,306.972,303.597,299.78,295.466,290.619,285.199,279.176,272.535,265.287,257.488,249.26,240.811,232.452,224.593,217.706,212.243,208.531,206.666,206.456,207.461,209.109,210.861,212.355,213.467,214.279,214.972,215.705,216.55,217.506,218.553,219.683,220.896,222.192,223.567,225.012,226.518,228.069,229.647,231.229,232.787,234.295,235.722,237.045,238.246,239.328,240.315,241.276,242.34,243.73,245.81
52020.0,309.672,306.648,303.324,299.554,295.287,290.482,285.104,279.12,272.516,265.302,257.534,249.331,240.9,232.552,224.696,217.801,212.324,208.592,206.705,206.477,207.468,209.109,210.858,212.351,213.464,214.278,214.972,215.705,216.55,217.506,218.553,219.683,220.896,222.192,223.567,225.012,226.518,228.069,229.647,231.229,232.787,234.295,235.722,237.045,238.246,239.328,240.315,241.276,242.34,243.73,245.81
52080.0,309.291,306.321,303.048,299.327,295.105,290.344,285.007,279.063,272.495,265.316,257.578,249.4,240.989,232.652,224.798,217.897,212.405,208.654,206.745,206.498,207.476,209.108,210.854,212.348,213.462,214.277,214.972,215.705,216.55,217.506,218.553,219.683,220.896,222.192,223.567,225.012,226.518,228.069,229.647,231.229,232.787,234.295,235.722,237.044,238.246,239.328,240.315,241.276,242.34,243.73,245.81
52140.0,308.907,305.991,302.77,299.097,294.922,290.204,284.909,279.004,272.474,265.328,257.621,249.469,241.077,232.752,224.9,217.992,212.486,208.715,206.785,206.519,207.483,209.107,210.85,212.344,213.46,214.276,214.971,215.705,216.55,217.506,218.553,219.683,220.896,222.192,223.567,225.012,226.518,228.069,229.647,231.229,232.787,234.294,235.722,237.044,238.246,239.328,240.315,241.276,242.34,243.73,245.81
52200.0,308.519,305.659,302.489,298.865,294.736,290.062,284.808,278.943,272.45,265.339,257.662,249.536,241.164,232.85,225.001,218.087,212.566,208.776,206.826,206.541,207.491,209.107,210.846,212.34,213.458,214.275,214.971,215.705,216.55,217.506,218.553,219.683,220.896,222.192,223.567,225.012,226.518,228.069,229.647,231.229,232.787,234.294,235.722,237.044,238.246,239.328,240.315,241.276,242.34,243.73,245.81
52260.0,308.129,305.323,302.206,298.631,294.548,289.918,284.706,278.881,272.425,265.349,257.703,249.603,241.25,232.948,225.102,218.182,212.647,208.837,206.866,206.562,207.498,209.106,210.843,212.337,213.455,214.274,214.971,215.705,216.55,217.506,218.553,219.682,220.896,222.192,223.567,225.012,226.518,228.069,229.647,231.229,232.787,234.294,235.722,237.044,238.246,239.327,240.315,241.276,242.34,243.73,245.81
52320.0,307.735,304.985,301.92,298.395,294.358,289.773,284.603,278.817,272.399,265.357,257.742,249.668,241.335,233.046,225.203,218.277,212.727,208.898,206.906,206.584,207.506,209.106,210.839,212.333,213.453,214.273,214.971,215.705,216.55,217.506,218.552,219.682,220.896,222.192,223.567,225.012,226.518,228.069,229.647,231.229,232.787,234.294,235.722,237.044,238.246,239.327,240.315,241.276,242.34,243.73,245.81
52380.0,307.338,304.644,301.632,298.156,294.166,289.625,284.497,278.752,272.371,265.364,257.78,249.732,241.42,233.142,225.303,218.371,212.808,208.959,206.946,206.605,207.514,209.105,210.835,212.329,213.451,214.272,214.971,215.706,216.55,217.506,218.552,219.682,220.896,222.192,223.567,225.012,226.518,228.069,229.647,231.228,232.787,234.294,235.722,237.044,238.246,239.327,240.315,241.276,242.34,243.73,245.81
52440.0,306.938,304.3,301.341,297.915,293.972,289.475,284.39,278.685,272.342,265.369,257.817,249.796,241.503,233.238,225.402,218.465,212.888,209.021,206.987,206.627,207.522,209.105,210.832,212.326,213.449,214.272,214.971,215.706,216.55,217.506,218.552,219.682,220.896,222.192,223.567,225.012,226.518,228.069,229.647,231.228,232.787,234.294,235.722,237.044,238.246,239.327,240.315,241.276,242.34,243.73,245.81
52500.0,306.535,303.953,301.047,297.671,293.775,289.324,284.281,278.616,272.311,265.374,257.852,249.858,241.586,233.334,225.501,218.558,212.968,209.082,207.028,206.649,207.53,209.104,210.828,212.322,213.446,214.271,214.97,215.706,216.55,217.506,218.552,219.682,220.896,222.192,223.567,225.012,226.518,228.069,229.647,231.228,232.787,234.294,235.722,237.044,238.246,239.327,240.315,241.276,242.34,243.73,245.81
52560.0,306.128,303.603,300.751,297.425,293.577,289.17,284.17,278.546,272.279,265.376,257.887,249.919,241.667,233.428,225.6,218.652,213.048,209.143,207.068,206.671,207.538,209.104,210.825,212.319,213.444,214.27,214.97,215.706,216.55,217.506,218.552,219.682,220.896,222.192,223.566,225.012,226.518,228.069,229.647,231.228,232.787,234.294,235.722,237.044,238.246,239.327,240.315,241.276,242.34,243.73,245.81
52620.0,305.718,303.251,300.452,297.177,293.376,289.015,284.058,278.474,272.245,265.378,257.92,249.979,241.748,233.522,225.698,218.745,213.128,209.205,207.109,206.693,207.546,209.104,210.821,212.315,213.442,214.269,214.97,215.706,216.55,217.506,218.552,219.682,220.896,222.192,223.566,225.012,226.518,228.069,229.647,231.228,232.787,234.294,235.722,237.044,238.246,239.327,240.315,241.276,242.34,243.73,245.81
52680.0,305.305,302.895,300.151,296.927,293.174,288.858,283.943,278.4,272.21,265.378,257.952,250.038,241.828,233.615,225.796,218.838,213.208,209.266,207.15,206.716,207.554,209.104,210.818,212.312,213.44,214.268,214.97,215.706,216.55,217.506,218.552,219.682,220.896,222.192,223.566,225.012,226.518,228.069,229.647,231.228,232.787,234.294,235.722,237.044,238.246,239.327,240.315,241.276,242.34,243.73,245.81
52740.0,304.889,302.536,299.847,296.674,292.969,288.698,283.827,278.325,272.173,265.377,257.982,250.096,241.907,233.707,225.893,218.93,213.288,209.327,207.191,206.738,207.562,209.104,210.814,212.308,213.437,214.267,214.97,215.706,216.55,217.506,218.552,219.682,220.896,222.192,223.566,225.012,226.518,228.069,229.647,231.228,232.787,234.294,235.722,237.044,238.246,239.327,240.315,241.276,242.34,243.73,245.81
52800.0,304.469,302.175,299.541,296.419,292.762,288.537,283.709,278.248,272.135,265.374,258.012,250.153,241.985,233.799,225.989,219.022,213.368,209.389,207.232,206.761,207.571,209.104,210.811,212.305,213.435,214.266,214.97,215.706,216.55,217.506,218.552,219.682,220.896,222.192,223.566,225.012,226.518,228.069,229.647,231.228,232.787,234.294,235.722,237.044,238.246,239.327,240.315,241.276,242.34,243.73,245.81
52860.0,304.046,301.811,299.232,296.161,292.553,288.374,283.59,278.17,272.095,265.37,258.04,250.208,242.062,233.89,226.085,219.114,213.447,209.45,207.273,206.783,207.579,209.104,210.808,212.301,213.433,214.265,214.969,215.706,216.55,217.505,218.552,219.682,220.895,222.192,223.566,225.012,226.518,228.069,229.647,231.228,232.787,234.294,235.722,237.044,238.246,239.327,240.315,241.276,242.34,243.73,245.81
52920.0,303.62,301.443,298.92,295.901,292.342,288.209,283.468,278.089,272.054,265.365,258.067,250.263,242.138,233.98,226.181,219.206,213.527,209.512,207.315,206.806,207.588,209.104,210.804,212.297,213.431,214.264,214.969,215.706,216.551,217.505,218.552,219.682,220.895,222.192,223.566,225.012,226.518,228.069,229.647,231.228,232.787,234.294,235.722,237.044,238.246,239.327,240.315,241.276,242.34,243.73,245.81
52980.0,303.19,301.073,298.606,295.639,292.129,288.042,283.345,278.008,272.011,265.358,258.093,250.317,242.214,234.07,226.276,219.297,213.606,209.573,207.356,206.829,207.597,209.104,210.801,212.294,213.428,214.263,214.969,215.706,216.551,217.505,218.552,219.682,220.895,222.192,223.566,225.012,226.518,228.069,229.647,231.228,232.787,234.294,235.722,237.044,238.246,239.327,240.315,241.276,242.34,243.73,245.81
53040.0,302.757,300.7,298.289,295.375,291.914,287.873,283.22,277.924,271.967,265.35,258.118,250.369,242.288,234.159,226.37,219.388,213.685,209.634,207.397,206.852,207.606,209.105,210.798,212.29,213.426,214.262,214.969,215.706,216.551,217.505,218.552,219.682,220.895,222.192,223.566,225.012,226.518,228.069,229.647,231.228,232.787,234.294,235.722,237.044,238.246,239.327,240.315,241.276,242.34,243.73,245.81
53100.0,302.32,300.324,297.969,295.108,291.696,287.702,283.094,277.84,271.921,265.341,258.141,250.421,242.362,234.247,226.464,219.479,213.764,209.696,207.439,206.875,207.615,209.105,210.794,212.287,213.424,214.261,214.969,215.706,216.551,217.505,218.552,219.682,220.895,222.191,223.566,225.012,226.518,228.069,229.647,231.228,232.787,234.294,235.722,237.044,238.246,239.327,240.315,241.276,242.34,243.73,245.81
53160.0,301.88,299.945,297.647,294.839,291.477,287.53,282.965,277.753,271.874,265.33,258.163,250.471,242.434,234.335,226.558,219.569,213.843,209.757,207.481,206.898,207.624,209.105,210.791,212.283,213.422,214.26,214.969,215.706,216.551,217.505,218.552,219.682,220.895,222.191,223.566,225.012,226.517,228.069,229.647,231.228,232.787,234.294,235.722,237.044,238.246,239.327,240.315,241.276,242.34,243.73,245.81
53220.0,301.437,299.562,297.322,294.567,291.255,287.355,282.835,277.665,271.825,265.318,258.184,250.52,242.506,234.421,226.651,219.659,213.922,209.819,207.522,206.921,207.633,209.106,210.788,212.28,213.419,214.259,214.968,215.706,216.551,217.505,218.552,219.682,220.895,222.191,223.566,225.012,226.517,228.069,229.647,231.228,232.787,234.294,235.722,237.044,238.246,239.327,240.315,241.276,242.34,243.73,245.81
53280.0,300.99,299.177,296.994,294.293,291.031,287.178,282.703,277.575,271.775,265.305,258.204,250.569,242.577,234.507,226.743,219.749,214.0,209.88,207.564,206.945,207.642,209.106,210.785,212.277,213.417,214.258,214.968,215.706,216.551,217.505,218.552,219.682,220.895,222.191,223.566,225.012,226.517,228.069,229.647,231.228,232.787,234.294,235.721,237.044,238.246,239.327,240.315,241.276,242.34,243.73,245.81
53340.0,300.54,298.789,296.664,294.017,290.805,287.0,282.569,277.484,271.723,265.29,258.222,250.616,242.647,234.593,226.835,219.838,214.079,209.942,207.606,206.968,207.651,209.107,210.782,212.273,213.415,214.258,214.968,215.706,216.551,217.505,218.552,219.682,220.895,222.191,223.566,225.012,226.517,228.069,229.646,231.228,232.787,234.294,235.721,237.044,238.246,239.327,240.315,241.276,242.34,243.73,245.81
53400.0,300.086,298.398,296.331,293.738,290.577,286.819,282.434,277.391,271.67,265.274,258.24,250.662,242.716,234.677,226.927,219.928,214.157,210.003,207.648,206.992,207.661,209.108,210.779,212.27,213.413,214.257,214.968,215.706,216.551,217.505,218.552,219.682,220.895,222.191,223.566,225.011,226.517,228.069,229.646,231.228,232.787,234.294,235.721,237.044,238.246,239.327,240.315,241.276,242.34,243.73,245.81
53460.0,299.629,298.004,295.996,293.457,290.347,286.637,282.296,277.296,271.616,265.256,258.256,250.707,242.784,234.761,227.018,220.016,214.235,210.065,207.69,207.015,207.67,209.108,210.775,212.266,213.41,214.256,214.968,215.706,216.551,217.505,218.551,219.681,220.895,222.191,223.566,225.011,226.517,228.069,229.646,231.228,232.787,234.294,235.721,237.044,238.246,239.327,240.315,241.276,242.34,243.73,245.81
53520.0,299.168,297.606,295.657,293.173,290.114,286.453,282.157,277.2,271.56,265.238,258.27,250.751,242.851,234.844,227.108,220.105,214.313,210.126,207.732,207.039,207.68,209.109,210.772,212.263,213.408,214.255,214.967,215.706,216.551,217.505,218.551,219.681,220.895,222.191,223.566,225.011,226.517,228.069,229.646,231.228,232.787,234.294,235.721,237.044,238.246,239.327,240.315,241.276,242.34,243.73,245.81
53580.0,298.704,297.206,295.316,292.887,289.88,286.266,282.017,277.102,271.502,265.217,258.284,250.794,242.918,234.927,227.198,220.193,214.391,210.187,207.774,207.063,207.689,209.11,210.769,212.259,213.406,214.254,214.967,215.706,216.551,217.505,218.551,219.681,220.895,222.191,223.566,225.011,226.517,228.068,229.646,231.228,232.787,234.294,235.721,237.044,238.246,239.327,240.315,241.276,242.34,243.73,245.81
53640.0,298.237,296.802,294.973,292.599,289.643,286.078,281.874,277.002,271.443,265.196,258.297,250.836,242.983,235.008,227.287,220.281,214.469,210.249,207.816,207.087,207.699,209.111,210.766,212.256,213.404,214.253,214.967,215.706,216.551,217.505,218.551,219.681,220.895,222.191,223.566,225.011,226.517,228.068,229.646,231.228,232.787,234.294,235.721,237.044,238.246,239.327,240.315,241.276,242.34,243.73,245.81
53700.0,297.765,296.396,294.626,292.308,289.404,285.888,281.73,276.901,271.383,265.173,258.308,250.876,243.048,235.089,227.376,220.368,214.547,210.31,207.859,207.111,207.709,209.112,210.764,212.253,213.401,214.252,214.967,215.706,216.551,217.505,218.551,219.681,220.895,222.191,223.566,225.011,226.517,228.068,229.646,231.228,232.787,234.294,235.721,237.044,238.246,239.327,240.315,241.276,242.34,243.73,245.81
53760.0,297.29,295.986,294.277,292.015,289.163,285.695,281.584,276.799,271.321,265.149,258.318,250.916,243.111,235.169,227.464,220.455,214.624,210.372,207.901,207.135,207.719,209.113,210.761,212.249,213.399,214.251,214.967,215.707,216.551,217.505,218.551,219.681,220.895,222.191,223.566,225.011,226.517,228.068,229.646,231.228,232.787,234.294,235.721,237.044,238.246,239.327,240.315,241.276,242.34,243.73,245.81
53820.0,296.812,295.573,293.925,291.719,288.92,285.501,281.436,276.694,271.257,265.123,258.327,250.955,243.174,235.249,227.552,220.542,214.702,210.433,207.943,207.16,207.729,209.114,210.758,212.246,213.397,214.25,214.966,215.707,216.551,217.505,218.551,219.681,220.895,222.191,223.566,225.011,226.517,228.068,229.646,231.228,232.786,234.294,235.721,237.044,238.246,239.327,240.315,241.276,242.34,243.73,245.81
53880.0,296.33,295.158,293.571,291.421,288.674,285.305,281.286,276.588,271.192,265.096,258.334,250.992,243.236,235.328,227.639,220.629,214.779,210.494,207.986,207.184,207.739,209.115,210.755,212.243,213.395,214.249,214.966,215.707,216.551,217.505,218.551,219.681,220.895,222.191,223.565,225.011,226.517,228.068,229.646,231.228,232.786,234.294,235.721,237.044,238.246,239.327,240.315,241.276,242.34,243.73,245.81
53940.0,295.845,294.739,293.213,291.121,288.427,285.107,281.134,276.481,271.126,265.068,258.34,251.029,243.296,235.406,227.726,220.715,214.856,210.556,208.028,207.209,207.749,209.116,210.752,212.239,213.392,214.248,214.966,215.707,216.551,217.505,218.551,219.681,220.895,222.191,223.565,225.011,226.517,228.068,229.646,231.228,232.786,234.294,235.721,237.044,238.246,239.327,240.315,241.276,242.34,243.73,245.81
54000.0,295.355,294.316,292.853,290.818,288.177,284.907,280.981,276.371,271.058,265.039,258.346,251.064,243.356,235.483,227.812,220.801,214.933,210.617,208.071,207.233,207.76,209.118,210.749,212.236,213.39,214.247,214.966,215.707,216.551,217.505,218.551,219.681,220.895,222.191,223.565,225.011,226.517,228.068,229.646,231.228,232.786,234.294,235.721,237.044,238.246,239.327,240.315,241.276,242.34,243.73,245.81
54060.0,294.862,293.891,292.49,290.513,287.925,284.705,280.826,276.261,270.988,265.008,258.349,251.098,243.415,235.56,227.898,220.886,215.009,210.678,208.114,207.258,207.77,209.119,210.747,212.233,213.388,214.246,214.966,215.707,216.551,217.505,218.551,219.681,220.895,222.191,223.565,225.011,226.517,228.068,229.646,231.228,232.786,234.294,235.721,237.044,238.246,239.327,240.315,241.276,242.34,243.73,245.81
54120.0,294.366,293.463,292.125,290.205,287.671,284.501,280.669,276.148,270.917,264.975,258.352,251.132,243.473,235.635,227.983,220.971,215.086,210.74,208.157,207.283,207.78,209.12,210.744,212.229,213.385,214.245,214.965,215.707,216.551,217.505,218.551,219.681,220.894,222.191,223.565,225.011,226.517,228.068,229.646,231.228,232.786,234.294,235.721,237.044,238.246,239.327,240.315,241.276,242.34,243.73,245.81
54180.0,293.866,293.031,291.756,289.895,287.415,284.295,280.511,276.034,270.845,264.942,258.354,251.164,243.531,235.71,228.067,221.056,215.162,210.801,208.199,207.308,207.791,209.122,210.741,212.226,213.383,214.244,214.965,215.707,216.551,217.505,218.551,219.681,220.894,222.191,223.565,225.011,226.517,228.068,229.646,231.228,232.786,234.294,235.721,237.044,238.246,239.327,240.315,241.276,242.34,243.73,245.81
54240.0,293.362,292.596,291.385,289.582,287.156,284.088,280.35,275.918,270.771,264.907,258.354,251.195,243.587,235.785,228.151,221.14,215.238,210.862,208.242,207.333,207.802,209.123,210.739,212.223,213.381,214.243,214.965,215.707,216.551,217.505,218.551,219.681,220.894,222.191,223.565,225.011,226.517,228.068,229.646,231.228,232.786,234.294,235.721,237.044,238.246,239.327,240.315,241.276,242.34,243.73,245.81
54300.0,292.854,292.158,291.011,289.267,286.895,283.878,280.188,275.801,270.696,264.87,258.353,251.225,243.642,235.858,228.235,221.224,215.314,210.923,208.285,207.358,207.813,209.125,210.736,212.219,213.379,214.242,214.965,215.707,216.551,217.505,218.551,219.681,220.894,222.191,223.565,225.011,226.517,228.068,229.646,231.227,232.786,234.294,235.721,237.044,238.246,239.327,240.315,241.276,242.34,243.73,245.81
54360.0,292.343,291.717,290.635,288.949,286.633,283.666,280.024,275.682,270.619,264.833,258.351,251.254,243.697,235.931,228.318,221.308,215.39,210.985,208.328,207.383,207.823,209.126,210.733,212.216,213.376,214.241,214.964,215.707,216.551,217.505,218.551,219.681,220.894,222.19,223.565,225.011,226.517,228.068,229.646,231.227,232.786,234.294,235.721,237.044,238.246,239.327,240.315,241.276,242.34,243.73,245.81
54420.0,291.828,291.272,290.255,288.629,286.368,283.452,279.859,275.562,270.541,264.794,258.348,251.282,243.75,236.003,228.4,221.392,215.466,211.046,208.371,207.408,207.834,209.128,210.731,212.213,213.374,214.24,214.964,215.707,216.551,217.505,218.551,219.681,220.894,222.19,223.565,225.011,226.517,228.068,229.646,231.227,232.786,234.294,235.721,237.044,238.246,239.327,240.315,241.276,242.34,243.73,245.81
54480.0,291.309,290.824,289.873,288.307,286.1,283.236,279.691,275.439,270.461,264.753,258.343,251.309,243.803,236.075,228.482,221.475,215.541,211.107,208.415,207.434,207.845,209.13,210.728,212.21,213.372,214.239,214.964,215.707,216.551,217.504,218.551,219.681,220.894,222.19,223.565,225.011,226.517,228.068,229.646,231.227,232.786,234.294,235.721,237.044,238.246,239.327,240.315,241.276,242.34,243.73,245.81
54540.0,290.786,290.373,289.487,287.982,285.831,283.019,279.522,275.316,270.38,264.712,258.337,251.335,243.855,236.145,228.563,221.557,215.616,211.168,208.458,207.459,207.856,209.132,210.726,212.206,213.37,214.238,214.964,215.707,216.551,217.504,218.551,219.681,220.894,222.19,223.565,225.011,226.517,228.068,229.646,231.227,232.786,234.294,235.721,237.044,238.246,239.327,240.315,241.276,242.34,243.73,245.81
54600.0,290.259,289.919,289.099,287.654,285.559,282.799,279.351,275.19,270.297,264.669,258.33,251.359,243.905,236.215,228.643,221.639,215.692,211.229,208.501,207.485,207.868,209.134,210.723,212.203,213.367,214.237,214.964,215.707,216.551,217.504,218.55,219.68,220.894,222.19,223.565,225.011,226.517,228.068,229.646,231.227,232.786,234.294,235.721,237.044,238.246,239.327,240.315,241.276,242.34,243.73,245.81
54660.0,289.729,289.461,288.708,287.324,285.285,282.577,279.178,275.063,270.213,264.624,258.322,251.383,243.955,236.284,228.724,221.721,215.767,211.29,208.544,207.51,207.879,209.136,210.721,212.2,213.365,214.236,214.963,215.707,216.551,217.504,218.55,219.68,220.894,222.19,223.565,225.011,226.516,228.068,229.646,231.227,232.786,234.294,235.721,237.044,238.246,239.327,240.315,241.276,242.34,243.73,245.81
54720.0,289.195,289.0,288.314,286.991,285.009,282.354,279.004,274.935,270.128,264.578,258.313,251.405,244.004,236.353,228.803,221.803,215.841,211.351,208.588,207.536,207.89,209.138,210.719,212.197,213.363,214.235,214.963,215.707,216.551,217.504,218.55,219.68,220.894,222.19,223.565,225.011,226.516,228.068,229.646,231.227,232.786,234.293,235.721,237.044,238.246,239.327,240.315,241.276,242.34,243.73,245.81
54780.0,288.656,288.536,287.918,286.656,284.731,282.128,278.827,274.804,270.041,264.531,258.302,251.427,244.052,236.42,228.882,221.884,215.916,211.412,208.631,207.562,207.902,209.14,210.716,212.194,213.361,214.234,214.963,215.707,216.551,217.504,218.55,219.68,220.894,222.19,223.565,225.011,226.516,228.068,229.646,231.227,232.786,234.293,235.721,237.044,238.246,239.327,240.315,241.276,242.34,243.73,245.81
54840.0,288.114,288.068,287.518,286.319,284.45,281.9,278.649,274.673,269.952,264.483,258.29,251.447,244.099,236.487,228.96,221.965,215.99,211.473,208.674,207.588,207.913,209.142,210.714,212.19,213.358,214.233,214.963,215.707,216.551,217.504,218.55,219.68,220.894,222.19,223.565,225.01,226.516,228.068,229.646,231.227,232.786,234.293,235.721,237.044,238.246,239.327,240.315,241.276,242.34,243.73,245.81
54900.0,287.568,287.597,287.116,285.979,284.168,281.671,278.469,274.539,269.862,264.433,258.277,251.467,244.146,236.553,229.038,222.045,216.064,211.533,208.718,207.614,207.925,209.144,210.712,212.187,213.356,214.232,214.962,215.707,216.551,217.504,218.55,219.68,220.894,222.19,223.565,225.01,226.516,228.068,229.646,231.227,232.786,234.293,235.721,237.044,238.246,239.327,240.315,241.276,242.34,243.73,245.81
54960.0,287.018,287.123,286.71,285.636,283.883,281.439,278.287,274.404,269.77,264.382,258.263,251.485,244.191,236.619,229.116,222.125,216.138,211.594,208.761,207.64,207.937,209.146,210.71,212.184,213.354,214.231,214.962,215.707,216.551,217.504,218.55,219.68,220.894,222.19,223.565,225.01,226.516,228.068,229.646,231.227,232.786,234.293,235.721,237.044,238.246,239.327,240.315,241.276,242.34,243.73,245.81
55020.0,286.464,286.645,286.302,285.291,283.595,281.206,278.104,274.267,269.678,264.33,258.248,251.502,244.235,236.683,229.192,222.205,216.212,211.655,208.805,207.666,207.949,209.149,210.707,212.181,213.352,214.23,214.962,215.707,216.551,217.504,218.55,219.68,220.894,222.19,223.565,225.01,226.516,228.068,229.646,231.227,232.786,234.293,235.721,237.044,238.246,239.327,240.315,241.276,242.34,243.73,245.81
55080.0,285.906,286.164,285.891,284.943,283.306,280.97,277.918,274.129,269.583,264.276,258.231,251.518,244.279,236.747,229.268,222.284,216.286,211.715,208.849,207.692,207.961,209.151,210.705,212.178,213.35,214.229,214.962,215.707,216.551,217.504,218.55,219.68,220.894,222.19,223.565,225.01,226.516,228.068,229.646,231.227,232.786,234.293,235.721,237.044,238.246,239.327,240.315,241.276,242.34,243.73,245.81
55140.0,285.344,285.68,285.477,284.593,283.014,280.733,277.731,273.989,269.487,264.221,258.213,251.533,244.321,236.81,229.344,222.363,216.359,211.776,208.892,207.719,207.973,209.154,210.703,212.175,213.347,214.228,214.961,215.707,216.551,217.504,218.55,219.68,220.894,222.19,223.565,225.01,226.516,228.068,229.645,231.227,232.786,234.293,235.721,237.044,238.246,239.327,240.315,241.276,242.34,243.73,245.81
55200.0,284.778,285.192,285.06,284.24,282.72,280.493,277.542,273.847,269.39,264.165,258.194,251.547,244.363,236.873,229.419,222.442,216.432,211.837,208.936,207.745,207.985,209.156,210.701,212.172,213.345,214.227,214.961,215.707,216.551,217.504,218.55,219.68,220.894,222.19,223.565,225.01,226.516,228.068,229.645,231.227,232.786,234.293,235.721,237.044,238.246,239.327,240.315,241.276,242.34,243.73,245.81
55260.0,284.208,284.7,284.64,283.885,282.424,280.251,277.352,273.704,269.291,264.107,258.174,251.56,244.403,236.934,229.493,222.52,216.505,211.897,208.98,207.772,207.997,209.159,210.699,212.169,213.343,214.226,214.961,215.707,216.551,217.504,218.55,219.68,220.894,222.19,223.564,225.01,226.516,228.067,229.645,231.227,232.786,234.293,235.721,237.044,238.246,239.327,240.315,241.276,242.34,243.73,245.81
55320.0,283.634,284.205,284.217,283.527,282.125,280.008,277.159,273.559,269.191,264.048,258.153,251.572,244.443,236.995,229.567,222.598,216.578,211.957,209.024,207.798,208.009,209.161,210.697,212.166,213.341,214.224,214.961,215.707,216.551,217.504,218.55,219.68,220.893,222.19,223.564,225.01,226.516,228.067,229.645,231.227,232.786,234.293,235.721,237.044,238.246,239.327,240.315,241.276,242.34,243.73,245.81
55380.0,283.056,283.707,283.791,283.166,281.825,279.762,276.965,273.413,269.089,263.987,258.13,251.583,244.482,237.055,229.64,222.675,216.65,212.018,209.067,207.825,208.021,209.164,210.695,212.162,213.338,214.223,214.96,215.707,216.551,217.504,218.55,219.68,220.893,222.19,223.564,225.01,226.516,228.067,229.645,231.227,232.786,234.293,235.721,237.044,238.246,239.327,240.315,241.276,242.34,243.73,245.81
55440.0,282.473,283.205,283.362,282.803,281.522,279.515,276.769,273.265,268.986,263.926,258.106,251.593,244.52,237.115,229.713,222.752,216.723,212.078,209.111,207.852,208.034,209.167,210.693,212.159,213.336,214.222,214.96,215.707,216.551,217.504,218.55,219.68,220.893,222.19,223.564,225.01,226.516,228.067,229.645,231.227,232.786,234.293,235.721,237.044,238.246,239.327,240.315,241.276,242.34,243.73,245.81
55500.0,281.887,282.7,282.93,282.437,281.216,279.265,276.571,273.115,268.881,263.863,258.081,251.601,244.557,237.173,229.785,222.829,216.795,212.138,209.155,207.879,208.046,209.17,210.691,212.156,213.334,214.221,214.96,215.707,216.551,217.504,218.55,219.68,220.893,222.19,223.564,225.01,226.516,228.067,229.645,231.227,232.786,234.293,235.721,237.044,238.246,239.327,240.315,241.276,242.34,243.73,245.81
55560.0,281.296,282.191,282.495,282.069,280.909,279.014,276.371,272.964,268.775,263.798,258.055,251.609,244.593,237.231,229.857,222.905,216.867,212.198,209.199,207.906,208.059,209.173,210.689,212.153,213.332,214.22,214.96,215.707,216.551,217.504,218.55,219.68,220.893,222.19,223.564,225.01,226.516,228.067,229.645,231.227,232.786,234.293,235.721,237.044,238.246,239.327,240.315,241.276,242.34,243.73,245.81
55620.0,280.701,281.678,282.057,281.698,280.599,278.76,276.17,272.811,268.667,263.733,258.027,251.615,244.628,237.288,229.928,222.981,216.938,212.259,209.243,207.933,208.072,209.176,210.687,212.15,213.329,214.219,214.959,215.707,216.551,217.504,218.55,219.68,220.893,222.19,223.564,225.01,226.516,228.067,229.645,231.227,232.786,234.293,235.721,237.044,238.246,239.327,240.315,241.276,242.34,243.73,245.81
55680.0,280.102,281.162,281.616,281.325,280.287,278.504,275.966,272.656,268.558,263.665,257.999,251.621,244.662,237.345,229.998,223.056,217.01,212.319,209.287,207.96,208.084,209.179,210.685,212.147,213.327,214.218,214.959,215.707,216.551,217.504,218.55,219.68,220.893,222.189,223.564,225.01,226.516,228.067,229.645,231.227,232.786,234.293,235.721,237.044,238.246,239.327,240.315,241.276,242.34,243.73,245.81
55740.0,279.498,280.643,281.172,280.948,279.972,278.247,275.761,272.5,268.447,263.597,257.969,251.625,244.696,237.4,230.068,223.131,217.081,212.378,209.331,207.987,208.097,209.182,210.684,212.144,213.325,214.217,214.959,215.707,216.551,217.504,218.549,219.68,220.893,222.189,223.564,225.01,226.516,228.067,229.645,231.227,232.786,234.293,235.721,237.044,238.246,239.327,240.315,241.276,242.34,243.73,245.81
55800.0,278.89,280.12,280.725,280.57,279.656,277.987,275.554,272.342,268.335,263.527,257.938,251.629,244.728,237.455,230.137,223.206,217.152,212.438,209.375,208.014,208.11,209.185,210.682,212.141,213.323,214.216,214.959,215.707,216.551,217.504,218.549,219.679,220.893,222.189,223.564,225.01,226.516,228.067,229.645,231.227,232.786,234.293,235.721,237.044,238.246,239.327,240.315,241.276,242.34,243.73,245.81
55860.0,278.278,279.593,280.274,280.188,279.337,277.725,275.346,272.183,268.222,263.456,257.906,251.631,244.759,237.509,230.206,223.28,217.223,212.498,209.419,208.041,208.123,209.188,210.68,212.139,213.32,214.215,214.958,215.707,216.551,217.504,218.549,219.679,220.893,222.189,223.564,225.01,226.516,228.067,229.645,231.227,232.786,234.293,235.721,237.044,238.246,239.327,240.315,241.276,242.34,243.73,245.81
55920.0,277.662,279.062,279.821,279.804,279.015,277.461,275.135,272.022,268.107,263.384,257.872,251.632,244.79,237.562,230.274,223.354,217.293,212.558,209.463,208.069,208.136,209.191,210.678,212.136,213.318,214.214,214.958,215.707,216.551,217.504,218.549,219.679,220.893,222.189,223.564,225.01,226.516,228.067,229.645,231.227,232.786,234.293,235.721,237.043,238.246,239.327,240.315,241.276,242.34,243.73,245.81
55980.0,277.041,278.528,279.365,279.417,278.692,277.196,274.923,271.859,267.99,263.31,257.838,251.632,244.82,237.615,230.341,223.427,217.364,212.617,209.507,208.096,208.149,209.195,210.677,212.133,213.316,214.213,214.958,215.707,216.551,217.504,218.549,219.679,220.893,222.189,223.564,225.01,226.516,228.067,229.645,231.227,232.786,234.293,235.721,237.043,238.246,239.327,240.315,241.276,242.34,243.73,245.81
56040.0,276.416,277.991,278.905,279.028,278.366,276.928,274.709,271.695,267.872,263.235,257.802,251.631,244.848,237.666,230.408,223.5,217.434,212.677,209.551,208.124,208.163,209.198,210.675,212.13,213.314,214.212,214.957,215.707,216.551,217.504,218.549,219.679,220.893,222.189,223.564,225.01,226.516,228.067,229.645,231.227,232.785,234.293,235.721,237.043,238.246,239.327,240.315,241.276,242.34,243.73,245.81
56100.0,275.786,277.449,278.443,278.636,278.038,276.658,274.493,271.529,267.753,263.159,257.765,251.629,244.876,237.717,230.474,223.573,217.504,212.736,209.595,208.151,208.176,209.202,210.674,212.127,213.312,214.211,214.957,215.707,216.551,217.504,218.549,219.679,220.893,222.189,223.564,225.01,226.516,228.067,229.645,231.227,232.785,234.293,235.721,237.043,238.246,239.327,240.315,241.276,242.34,243.73,245.81
56160.0,275.152,276.904,277.977,278.241,277.707,276.386,274.275,271.362,267.632,263.081,257.727,251.626,244.903,237.768,230.54,223.645,217.573,212.796,209.64,208.179,208.189,209.205,210.672,212.124,213.309,214.21,214.957,215.707,216.551,217.503,218.549,219.679,220.893,222.189,223.564,225.01,226.515,228.067,229.645,231.227,232.785,234.293,235.721,237.043,238.245,239.327,240.315,241.276,242.34,243.73,245.81
56220.0,274.513,276.355,277.508,277.844,277.374,276.112,274.056,271.193,267.51,263.002,257.687,251.622,244.929,237.817,230.605,223.716,217.643,212.855,209.684,208.207,208.203,209.209,210.671,212.121,213.307,214.209,214.957,215.707,216.551,217.503,218.549,219.679,220.893,222.189,223.564,225.01,226.515,228.067,229.645,231.227,232.785,234.293,235.721,237.043,238.245,239.327,240.315,241.276,242.34,243.73,245.81
56280.0,273.87,275.802,277.036,277.444,277.039,275.836,273.834,271.022,267.386,262.922,257.647,251.617,244.954,237.866,230.669,223.788,217.712,212.914,209.728,208.235,208.216,209.213,210.669,212.118,213.305,214.208,214.956,215.707,216.551,217.503,218.549,219.679,220.893,222.189,223.564,225.009,226.515,228.067,229.645,231.226,232.785,234.293,235.721,237.043,238.245,239.327,240.315,241.276,242.34,243.73,245.81
56340.0,273.222,275.246,276.561,277.041,276.701,275.558,273.611,270.849,267.261,262.84,257.605,251.611,244.978,237.914,230.733,223.859,217.781,212.973,209.772,208.263,208.23,209.216,210.668,212.115,213.303,214.206,214.956,215.707,216.551,217.503,218.549,219.679,220.893,222.189,223.564,225.009,226.515,228.067,229.645,231.226,232.785,234.293,235.721,237.043,238.245,239.327,240.315,241.276,242.34,243.73,245.81
56400.0,272.57,274.686,276.082,276.635,276.361,275.278,273.386,270.675,267.134,262.757,257.562,251.604,245.001,237.961,230.796,223.929,217.85,213.032,209.816,208.29,208.244,209.22,210.666,212.113,213.301,214.205,214.956,215.707,216.551,217.503,218.549,219.679,220.893,222.189,223.564,225.009,226.515,228.067,229.645,231.226,232.785,234.293,235.72,237.043,238.245,239.327,240.315,241.276,242.34,243.73,245.81
56460.0,271.913,274.121,275.601,276.227,276.019,274.996,273.159,270.5,267.006,262.673,257.518,251.595,245.023,238.007,230.859,223.999,217.918,213.091,209.861,208.319,208.258,209.224,210.665,212.11,213.298,214.204,214.955,215.707,216.551,217.503,218.549,219.679,220.893,222.189,223.564,225.009,226.515,228.067,229.645,231.226,232.785,234.293,235.72,237.043,238.245,239.327,240.315,241.276,242.34,243.73,245.81
56520.0,271.252,273.554,275.116,275.816,275.675,274.712,272.931,270.323,266.876,262.588,257.472,251.586,245.045,238.053,230.921,224.069,217.986,213.15,209.905,208.347,208.271,209.228,210.664,212.107,213.296,214.203,214.955,215.707,216.551,217.503,218.549,219.679,220.893,222.189,223.564,225.009,226.515,228.067,229.645,231.226,232.785,234.293,235.72,237.043,238.245,239.327,240.315,241.276,242.34,243.73,245.81
56580.0,270.585,272.982,274.628,275.402,275.328,274.426,272.7,270.144,266.745,262.501,257.426,251.575,245.065,238.097,230.983,224.138,218.054,213.209,209.949,208.375,208.285,209.232,210.662,212.104,213.294,214.202,214.955,215.707,216.551,217.503,218.549,219.679,220.892,222.189,223.563,225.009,226.515,228.067,229.645,231.226,232.785,234.293,235.72,237.043,238.245,239.327,240.315,241.276,242.34,243.73,245.81
56640.0,269.914,272.406,274.137,274.986,274.978,274.137,272.468,269.963,266.613,262.412,257.378,251.564,245.084,238.141,231.043,224.207,218.122,213.267,209.993,208.403,208.299,209.236,210.661,212.102,213.292,214.201,214.955,215.707,216.551,217.503,218.549,219.679,220.892,222.189,223.563,225.009,226.515,228.067,229.645,231.226,232.785,234.293,235.72,237.043,238.245,239.327,240.315,241.276,242.34,243.73,245.81
56700.0,269.239,271.827,273.642,274.566,274.626,273.847,272.234,269.781,266.479,262.323,257.329,251.551,245.103,238.185,231.104,224.275,218.189,213.326,210.038,208.431,208.314,209.24,210.66,212.099,213.29,214.2,214.954,215.707,216.551,217.503,218.549,219.679,220.892,222.189,223.563,225.009,226.515,228.067,229.645,231.226,232.785,234.293,235.72,237.043,238.245,239.327,240.315,241.276,242.34,243.73,245.81
56760.0,268.558,271.243,273.144,274.144,274.272,273.555,271.998,269.597,266.343,262.232,257.279,251.538,245.121,238.227,231.163,224.343,218.256,213.384,210.082,208.46,208.328,209.244,210.659,212.096,213.287,214.199,214.954,215.707,216.551,217.503,218.549,219.679,220.892,222.189,223.563,225.009,226.515,228.067,229.645,231.226,232.785,234.293,235.72,237.043,238.245,239.327,240.315,241.276,242.34,243.73,245.81
56820.0,267.873,270.656,272.643,273.719,273.916,273.26,271.76,269.412,266.206,262.14,257.228,251.523,245.137,238.269,231.222,224.411,218.323,213.443,210.126,208.488,208.342,209.248,210.658,212.093,213.285,214.198,214.954,215.707,216.551,217.503,218.549,219.679,220.892,222.189,223.563,225.009,226.515,228.067,229.645,231.226,232.785,234.293,235.72,237.043,238.245,239.327,240.315,241.276,242.34,243.73,245.81
56880.0,267.183,270.064,272.139,273.292,273.557,272.963,271.521,269.225,266.068,262.046,257.175,251.507,245.153,238.31,231.281,224.478,218.39,213.501,210.171,208.517,208.356,209.252,210.656,212.091,213.283,214.197,214.953,215.707,216.551,217.503,218.548,219.679,220.892,222.189,223.563,225.009,226.515,228.066,229.645,231.226,232.785,234.293,235.72,237.043,238.245,239.327,240.315,241.276,242.34,243.73,245.81
56940.0,266.488,269.469,271.631,272.861,273.196,272.665,271.279,269.036,265.928,261.951,257.122,251.49,245.168,238.35,231.339,224.545,218.456,213.559,210.215,208.545,208.371,209.257,210.655,212.088,213.281,214.196,214.953,215.707,216.551,217.503,218.548,219.678,220.892,222.189,223.563,225.009,226.515,228.066,229.644,231.226,232.785,234.293,235.72,237.043,238.245,239.327,240.315,241.276,242.34,243.73,245.81
57000.0,265.788,268.869,271.12,272.428,272.832,272.364,271.036,268.846,265.787,261.855,257.067,251.472,245.182,238.389,231.396,224.611,218.523,213.617,210.259,208.574,208.385,209.261,210.654,212.085,213.279,214.195,214.953,215.707,216.551,217.503,218.548,219.678,220.892,222.188,223.563,225.009,226.515,228.066,229.644,231.226,232.785,234.293,235.72,237.043,238.245,239.327,240.315,241.276,242.34,243.73,245.81
57060.0,265.083,268.266,270.605,271.992,272.466,272.061,270.791,268.654,265.644,261.758,257.011,251.454,245.195,238.428,231.452,224.677,218.588,213.675,210.303,208.602,208.4,209.266,210.653,212.083,213.277,214.193,214.952,215.707,216.551,217.503,218.548,219.678,220.892,222.188,223.563,225.009,226.515,228.066,229.644,231.226,232.785,234.293,235.72,237.043,238.245,239.327,240.315,241.276,242.34,243.73,245.81
57120.0,264.373,267.658,270.087,271.553,272.097,271.756,270.544,268.461,265.5,261.659,256.954,251.434,245.207,238.466,231.508,224.742,218.654,213.733,210.348,208.631,208.414,209.27,210.652,212.08,213.274,214.192,214.952,215.707,216.551,217.503,218.548,219.678,220.892,222.188,223.563,225.009,226.515,228.066,229.644,231.226,232.785,234.293,235.72,237.043,238.245,239.327,240.315,241.276,242.34,243.73,245.81
57180.0,263.658,267.047,269.566,271.111,271.726,271.449,270.295,268.265,265.354,261.559,256.895,251.413,245.218,238.503,231.564,224.807,218.719,213.79,210.392,208.66,208.429,209.275,210.652,212.077,213.272,214.191,214.952,215.707,216.551,217.503,218.548,219.678,220.892,222.188,223.563,225.009,226.515,228.066,229.644,231.226,232.785,234.293,235.72,237.043,238.245,239.327,240.315,241.276,242.34,243.73,245.81
57240.0,262.938,266.431,269.042,270.667,271.353,271.14,270.045,268.069,265.207,261.458,256.836,251.39,245.228,238.539,231.618,224.871,218.785,213.848,210.436,208.689,208.444,209.279,210.651,212.075,213.27,214.19,214.951,215.707,216.551,217.503,218.548,219.678,220.892,222.188,223.563,225.009,226.515,228.066,229.644,231.226,232.785,234.293,235.72,237.043,238.245,239.327,240.315,241.276,242.34,243.73,245.81
57300.0,262.213,265.811,268.514,270.219,270.977,270.829,269.792,267.87,265.058,261.355,256.775,251.367,245.238,238.575,231.673,224.935,218.849,213.905,210.481,208.718,208.459,209.284,210.65,212.072,213.268,214.189,214.951,215.707,216.551,217.503,218.548,219.678,220.892,222.188,223.563,225.009,226.515,228.066,229.644,231.226,232.785,234.292,235.72,237.043,238.245,239.327,240.315,241.276,242.34,243.73,245.81
57360.0,261.483,265.187,267.982,269.769,270.599,270.515,269.538,267.67,264.908,261.251,256.713,251.343,245.246,238.61,231.726,224.999,218.914,213.963,210.525,208.747,208.474,209.289,210.649,212.07,213.266,214.188,214.951,215.707,216.551,217.503,218.548,219.678,220.892,222.188,223.563,225.009,226.515,228.066,229.644,231.226,232.785,234.292,235.72,237.043,238.245,239.327,240.314,241.276,242.34,243.73,245.81
57420.0,260.748,264.559,267.447,269.315,270.218,270.2,269.282,267.469,264.757,261.146,256.65,251.318,245.254,238.644,231.779,225.062,218.978,214.02,210.569,208.776,208.489,209.294,210.648,212.067,213.264,214.187,214.951,215.707,216.551,217.503,218.548,219.678,220.892,222.188,223.563,225.009,226.515,228.066,229.644,231.226,232.785,234.292,235.72,237.043,238.245,239.327,240.314,241.276,242.34,243.73,245.811
57480.0,260.007,263.926,266.909,268.859,269.835,269.882,269.024,267.265,264.604,261.039,256.586,251.292,245.26,238.677,231.831,225.125,219.042,214.077,210.613,208.805,208.504,209.299,210.647,212.065,213.261,214.186,214.95,215.707,216.551,217.503,218.548,219.678,220.892,222.188,223.563,225.009,226.515,228.066,229.644,231.226,232.785,234.292,235.72,237.043,238.245,239.327,240.314,241.276,242.34,243.731,245.811
57540.0,259.261,263.289,266.367,268.4,269.449,269.562,268.764,267.06,264.449,260.931,256.52,251.264,245.266,238.709,231.883,225.187,219.106,214.134,210.658,208.834,208.519,209.303,210.647,212.062,213.259,214.185,214.95,215.707,216.551,217.503,218.548,219.678,220.892,222.188,223.563,225.009,226.515,228.066,229.644,231.226,232.785,234.292,235.72,237.043,238.245,239.327,240.314,241.276,242.34,243.731,245.811
57600.0,258.51,262.648,265.821,267.938,269.061,269.241,268.502,266.854,264.293,260.822,256.454,251.236,245.271,238.741,231.934,225.249,219.169,214.191,210.702,208.863,208.534,209.309,210.646,212.059,213.257,214.183,214.95,215.707,216.551,217.503,218.548,219.678,220.892,222.188,223.563,225.009,226.515,228.066,229.644,231.226,232.785,234.292,235.72,237.043,238.245,239.327,240.314,241.276,242.34,243.731,245.811
57660.0,257.754,262.003,265.272,267.473,268.67,268.917,268.239,266.645,264.136,260.711,256.386,251.206,245.274,238.772,231.985,225.31,219.233,214.247,210.746,208.892,208.55,209.314,210.645,212.057,213.255,214.182,214.949,215.707,216.551,217.503,218.548,219.678,220.892,222.188,223.563,225.009,226.515,228.066,229.644,231.226,232.785,234.292,235.72,237.043,238.245,239.327,240.314,241.276,242.34,243.731,245.811
57720.0,256.992,261.353,264.72,267.005,268.277,268.59,267.973,266.436,263.977,260.599,256.317,251.176,245.277,238.802,232.034,225.371,219.295,214.304,210.79,208.921,208.565,209.319,210.645,212.055,213.253,214.181,214.949,215.707,216.551,217.503,218.548,219.678,220.892,222.188,223.563,225.008,226.514,228.066,229.644,231.226,232.785,234.292,235.72,237.043,238.245,239.327,240.314,241.276,242.34,243.731,245.811
57780.0,256.224,260.699,264.164,266.534,267.881,268.262,267.706,266.224,263.817,260.486,256.247,251.144,245.279,238.831,232.084,225.432,219.358,214.36,210.834,208.951,208.58,209.324,210.644,212.052,213.251,214.18,214.949,215.707,216.551,217.503,218.548,219.678,220.892,222.188,223.563,225.008,226.514,228.066,229.644,231.226,232.785,234.292,235.72,237.043,238.245,239.327,240.314,241.276,242.34,243.731,245.811
57840.0,255.452,260.04,263.604,266.061,267.483,267.932,267.437,266.011,263.655,260.372,256.175,251.112,245.28,238.86,232.132,225.492,219.42,214.417,210.878,208.98,208.596,209.329,210.644,212.05,213.249,214.179,214.948,215.707,216.551,217.503,218.548,219.678,220.891,222.188,223.563,225.008,226.514,228.066,229.644,231.226,232.785,234.292,235.72,237.043,238.245,239.327,240.314,241.276,242.34,243.731,245.811
57900.0,254.673,259.378,263.041,265.584,267.083,267.599,267.166,265.796,263.492,260.256,256.103,251.078,245.281,238.888,232.18,225.551,219.482,214.473,210.923,209.009,208.612,209.334,210.643,212.047,213.246,214.178,214.948,215.707,216.552,217.503,218.548,219.678,220.891,222.188,223.563,225.008,226.514,228.066,229.644,231.226,232.785,234.292,235.72,237.043,238.245,239.327,240.314,241.276,242.34,243.731,245.811
57960.0,253.889,258.71,262.474,265.104,266.679,267.264,266.893,265.58,263.327,260.139,256.029,251.044,245.28,238.915,232.228,225.61,219.544,214.529,210.967,209.039,208.627,209.34,210.643,212.045,213.244,214.177,214.948,215.707,216.552,217.502,218.548,219.678,220.891,222.188,223.562,225.008,226.514,228.066,229.644,231.226,232.785,234.292,235.72,237.043,238.245,239.327,240.314,241.276,242.34,243.731,245.811
58020.0,253.1,258.038,261.903,264.621,266.274,266.927,266.618,265.362,263.161,260.021,255.954,251.008,245.278,238.941,232.274,225.669,219.606,214.585,211.011,209.068,208.643,209.345,210.643,212.042,213.242,214.176,214.947,215.707,216.552,217.502,218.548,219.678,220.891,222.188,223.562,225.008,226.514,228.066,229.644,231.226,232.785,234.292,235.72,237.043,238.245,239.327,240.314,241.276,242.34,243.731,245.811
58080.0,252.305,257.362,261.329,264.135,265.865,266.588,266.342,265.142,262.994,259.901,255.878,250.971,245.276,238.966,232.32,225.727,219.667,214.64,211.055,209.098,208.659,209.351,210.642,212.04,213.24,214.175,214.947,215.707,216.552,217.502,218.547,219.678,220.891,222.188,223.562,225.008,226.514,228.066,229.644,231.226,232.785,234.292,235.72,237.043,238.245,239.327,240.314,241.276,242.34,243.731,245.811
58140.0,251.504,256.681,260.751,263.646,265.454,266.247,266.063,264.921,262.825,259.78,255.801,250.933,245.272,238.991,232.366,225.785,219.728,214.696,211.099,209.128,208.675,209.356,210.642,212.038,213.238,214.173,214.947,215.707,216.552,217.502,218.547,219.677,220.891,222.188,223.562,225.008,226.514,228.066,229.644,231.226,232.785,234.292,235.72,237.043,238.245,239.327,240.314,241.276,242.34,243.731,245.811
58200.0,250.697,255.995,260.169,263.154,265.041,265.904,265.783,264.698,262.654,259.657,255.723,250.894,245.268,239.015,232.411,225.842,219.788,214.751,211.143,209.157,208.69,209.362,210.642,212.035,213.236,214.172,214.946,215.707,216.552,217.502,218.547,219.677,220.891,222.188,223.562,225.008,226.514,228.066,229.644,231.226,232.785,234.292,235.72,237.043,238.245,239.327,240.314,241.276,242.34,243.731,245.811
58260.0,249.884,255.305,259.584,262.659,264.625,265.558,265.501,264.473,262.482,259.534,255.643,250.855,245.262,239.038,232.455,225.899,219.849,214.807,211.187,209.187,208.706,209.367,210.641,212.033,213.234,214.171,214.946,215.707,216.552,217.502,218.547,219.677,220.891,222.187,223.562,225.008,226.514,228.066,229.644,231.225,232.784,234.292,235.72,237.043,238.245,239.327,240.314,241.276,242.34,243.731,245.811
58320.0,249.066,254.61,258.995,262.161,264.207,265.21,265.216,264.247,262.309,259.409,255.563,250.814,245.256,239.06,232.499,225.955,219.909,214.862,211.231,209.217,208.722,209.373,210.641,212.031,213.232,214.17,214.945,215.707,216.552,217.502,218.547,219.677,220.891,222.187,223.562,225.008,226.514,228.066,229.644,231.225,232.784,234.292,235.72,237.043,238.245,239.327,240.314,241.276,242.34,243.731,245.811
58380.0,248.242,253.91,258.402,261.659,263.785,264.86,264.93,264.019,262.134,259.283,255.481,250.772,245.249,239.082,232.542,226.011,219.968,214.917,211.275,209.246,208.739,209.379,210.641,212.028,213.229,214.169,214.945,215.707,216.552,217.502,218.547,219.677,220.891,222.187,223.562,225.008,226.514,228.066,229.644,231.225,232.784,234.292,235.72,237.043,238.245,239.327,240.314,241.276,242.34,243.731,245.811
58440.0,247.411,253.206,257.805,261.155,263.362,264.508,264.642,263.789,261.958,259.155,255.398,250.729,245.241,239.103,232.584,226.067,220.028,214.972,211.319,209.276,208.755,209.385,210.641,212.026,213.227,214.168,214.945,215.707,216.552,217.502,218.547,219.677,220.891,222.187,223.562,225.008,226.514,228.066,229.644,231.225,232.784,234.292,235.72,237.043,238.245,239.327,240.314,241.276,242.34,243.731,245.811
58500.0,246.575,252.497,257.204,260.647,262.935,264.154,264.353,263.558,261.78,259.026,255.314,250.685,245.232,239.123,232.626,226.122,220.087,215.027,211.363,209.306,208.771,209.391,210.641,212.024,213.225,214.167,214.944,215.707,216.552,217.502,218.547,219.677,220.891,222.187,223.562,225.008,226.514,228.065,229.644,231.225,232.784,234.292,235.72,237.043,238.245,239.327,240.314,241.276,242.34,243.731,245.811
58560.0,245.733,251.783,256.6,260.137,262.506,263.797,264.061,263.325,261.601,258.896,255.228,250.64,245.222,239.142,232.667,226.176,220.146,215.081,211.407,209.336,208.787,209.397,210.641,212.022,213.223,214.166,214.944,215.707,216.552,217.502,218.547,219.677,220.891,222.187,223.562,225.008,226.514,228.065,229.644,231.225,232.784,234.292,235.72,237.043,238.245,239.327,240.314,241.276,242.34,243.731,245.811
58620.0,244.884,251.064,255.991,259.623,262.075,263.438,263.767,263.09,261.42,258.765,255.142,250.593,245.211,239.16,232.707,226.23,220.204,215.136,211.45,209.366,208.804,209.403,210.641,212.019,213.221,214.164,214.944,215.707,216.552,217.502,218.547,219.677,220.891,222.187,223.562,225.008,226.514,228.065,229.644,231.225,232.784,234.292,235.72,237.043,238.245,239.327,240.314,241.276,242.34,243.731,245.811
58680.0,244.03,250.341,255.379,259.106,261.64,263.077,263.472,262.854,261.238,258.632,255.054,250.546,245.199,239.178,232.747,226.284,220.262,215.19,211.494,209.396,208.82,209.409,210.641,212.017,213.219,214.163,214.943,215.707,216.552,217.502,218.547,219.677,220.891,222.187,223.562,225.008,226.514,228.065,229.644,231.225,232.784,234.292,235.72,237.043,238.245,239.327,240.314,241.276,242.34,243.731,245.811
58740.0,243.169,249.612,254.763,258.585,261.203,262.714,263.174,262.616,261.054,258.498,254.965,250.498,245.187,239.195,232.786,226.337,220.32,215.244,211.538,209.426,208.837,209.415,210.641,212.015,213.217,214.162,214.943,215.707,216.552,217.502,218.547,219.677,220.891,222.187,223.562,225.008,226.514,228.065,229.643,231.225,232.784,234.292,235.72,237.043,238.245,239.327,240.314,241.276,242.34,243.731,245.811
58800.0,242.301,248.878,254.143,258.062,260.764,262.348,262.875,262.376,260.869,258.363,254.875,250.449,245.173,239.211,232.825,226.389,220.378,215.298,211.582,209.456,208.853,209.421,210.641,212.013,213.215,214.161,214.943,215.707,216.552,217.502,218.547,219.677,220.891,222.187,223.562,225.008,226.514,228.065,229.643,231.225,232.784,234.292,235.72,237.043,238.245,239.327,240.314,241.276,242.34,243.731,245.811
58860.0,241.428,248.14,253.518,257.535,260.321,261.98,262.573,262.135,260.682,258.226,254.784,250.399,245.159,239.226,232.863,226.442,220.435,215.352,211.625,209.486,208.87,209.427,210.641,212.011,213.213,214.16,214.942,215.707,216.552,217.502,218.547,219.677,220.891,222.187,223.562,225.008,226.514,228.065,229.643,231.225,232.784,234.292,235.72,237.043,238.245,239.327,240.314,241.276,242.34,243.731,245.811
58920.0,240.548,247.396,252.89,257.005,259.876,261.61,262.27,261.892,260.494,258.088,254.692,250.347,245.143,239.241,232.9,226.493,220.492,215.405,211.669,209.516,208.887,209.434,210.641,212.008,213.211,214.159,214.942,215.707,216.552,217.502,218.547,219.677,220.891,222.187,223.562,225.008,226.514,228.065,229.643,231.225,232.784,234.292,235.72,237.043,238.245,239.327,240.314,241.276,242.34,243.731,245.811
58980.0,239.661,246.647,252.258,256.471,259.429,261.238,261.965,261.648,260.305,257.949,254.598,250.295,245.127,239.255,232.937,226.544,220.549,215.459,211.712,209.546,208.903,209.44,210.641,212.006,213.209,214.158,214.942,215.707,216.552,217.502,218.547,219.677,220.891,222.187,223.562,225.008,226.514,228.065,229.643,231.225,232.784,234.292,235.72,237.043,238.245,239.327,240.314,241.276,242.34,243.731,245.811
59040.0,238.768,245.894,251.621,255.935,258.978,260.863,261.658,261.401,260.114,257.808,254.503,250.241,245.11,239.268,232.973,226.595,220.605,215.512,211.756,209.576,208.92,209.446,210.641,212.004,213.207,214.156,214.941,215.707,216.552,217.502,218.547,219.677,220.89,222.187,223.562,225.008,226.514,228.065,229.643,231.225,232.784,234.292,235.72,237.043,238.245,239.327,240.314,241.276,242.34,243.731,245.811
59100.0,237.868,245.135,250.981,255.395,258.525,260.486,261.349,261.154,259.922,257.667,254.408,250.187,245.092,239.28,233.008,226.645,220.661,215.565,211.799,209.606,208.937,209.453,210.642,212.002,213.205,214.155,214.941,215.707,216.552,217.502,218.547,219.677,220.89,222.187,223.562,225.007,226.514,228.065,229.643,231.225,232.784,234.292,235.72,237.043,238.245,239.327,240.314,241.276,242.34,243.731,245.811
59160.0,236.962,244.37,250.336,254.852,258.069,260.107,261.038,260.904,259.728,257.523,254.311,250.132,245.073,239.291,233.043,226.695,220.717,215.618,211.843,209.636,208.954,209.459,210.642,212.0,213.203,214.154,214.94,215.707,216.552,217.502,218.547,219.677,220.89,222.187,223.562,225.007,226.514,228.065,229.643,231.225,232.784,234.292,235.72,237.043,238.245,239.327,240.314,241.276,242.34,243.731,245.811
59220.0,236.049,243.601,249.687,254.305,257.611,259.725,260.725,260.653,259.532,257.379,254.213,250.075,245.053,239.302,233.077,226.745,220.772,215.671,211.886,209.667,208.971,209.466,210.642,211.998,213.201,214.153,214.94,215.706,216.552,217.502,218.546,219.677,220.89,222.187,223.562,225.007,226.513,228.065,229.643,231.225,232.784,234.292,235.72,237.043,238.245,239.327,240.314,241.276,242.34,243.731,245.811
59280.0,235.129,242.826,249.034,253.755,257.149,259.342,260.41,260.4,259.335,257.233,254.113,250.018,245.032,239.312,233.111,226.793,220.827,215.724,211.93,209.697,208.988,209.473,210.643,211.996,213.198,214.152,214.94,215.706,216.552,217.502,218.546,219.676,220.89,222.187,223.562,225.007,226.513,228.065,229.643,231.225,232.784,234.292,235.72,237.043,238.245,239.327,240.314,241.276,242.34,243.731,245.811
59340.0,234.202,242.046,248.377,253.201,256.685,258.956,260.093,260.145,259.137,257.086,254.013,249.959,245.01,239.321,233.143,226.842,220.882,215.776,211.973,209.727,209.005,209.479,210.643,211.994,213.196,214.151,214.939,215.706,216.552,217.502,218.546,219.676,220.89,222.187,223.561,225.007,226.513,228.065,229.643,231.225,232.784,234.292,235.72,237.043,238.245,239.327,240.314,241.276,242.34,243.731,245.811
59400.0,233.268,241.26,247.715,252.644,256.218,258.567,259.774,259.889,258.937,256.938,253.911,249.9,244.988,239.33,233.176,226.89,220.937,215.829,212.016,209.758,209.022,209.486,210.644,211.992,213.194,214.15,214.939,215.706,216.552,217.502,218.546,219.676,220.89,222.187,223.561,225.007,226.513,228.065,229.643,231.225,232.784,234.292,235.72,237.043,238.245,239.327,240.314,241.276,242.34,243.731,245.811
59460.0,232.327,240.469,247.049,252.084,255.748,258.176,259.454,259.631,258.736,256.788,253.808,249.839,244.964,239.337,233.207,226.937,220.991,215.881,212.059,209.788,209.039,209.493,210.644,211.99,213.192,214.148,214.939,215.706,216.552,217.502,218.546,219.676,220.89,222.187,223.561,225.007,226.513,228.065,229.643,231.225,232.784,234.292,235.719,237.043,238.245,239.327,240.314,241.276,242.34,243.731,245.811
59520.0,231.379,239.672,246.379,251.52,255.275,257.783,259.131,259.371,258.533,256.637,253.705,249.777,244.94,239.344,233.238,226.984,221.045,215.933,212.102,209.818,209.057,209.5,210.645,211.988,213.19,214.147,214.938,215.706,216.552,217.502,218.546,219.676,220.89,222.187,223.561,225.007,226.513,228.065,229.643,231.225,232.784,234.292,235.719,237.043,238.245,239.327,240.314,241.276,242.34,243.731,245.811
59580.0,230.424,238.87,245.704,250.953,254.8,257.388,258.806,259.109,258.329,256.485,253.599,249.715,244.914,239.35,233.269,227.03,221.098,215.985,212.146,209.849,209.074,209.507,210.645,211.986,213.188,214.146,214.938,215.706,216.552,217.502,218.546,219.676,220.89,222.186,223.561,225.007,226.513,228.065,229.643,231.225,232.784,234.292,235.719,237.043,238.245,239.327,240.314,241.276,242.34,243.731,245.811
59640.0,229.461,238.062,245.025,250.382,254.322,256.99,258.479,258.846,258.123,256.331,253.493,249.651,244.888,239.355,233.298,227.076,221.151,216.036,212.189,209.879,209.091,209.514,210.646,211.984,213.186,214.145,214.937,215.706,216.552,217.502,218.546,219.676,220.89,222.186,223.561,225.007,226.513,228.065,229.643,231.225,232.784,234.292,235.719,237.043,238.245,239.327,240.314,241.276,242.34,243.731,245.811
59700.0,228.491,237.248,244.342,249.807,253.84,256.59,258.151,258.582,257.916,256.177,253.386,249.586,244.861,239.36,233.327,227.122,221.204,216.088,212.231,209.91,209.109,209.521,210.646,211.982,213.184,214.144,214.937,215.706,216.552,217.502,218.546,219.676,220.89,222.186,223.561,225.007,226.513,228.065,229.643,231.225,232.784,234.292,235.719,237.043,238.245,239.327,240.314,241.276,242.34,243.731,245.811
59760.0,227.514,236.429,243.654,249.229,253.356,256.187,257.82,258.315,257.708,256.02,253.277,249.521,244.833,239.363,233.356,227.166,221.257,216.139,212.274,209.94,209.126,209.528,210.647,211.98,213.182,214.143,214.937,215.706,216.552,217.501,218.546,219.676,220.89,222.186,223.561,225.007,226.513,228.065,229.643,231.225,232.784,234.292,235.719,237.042,238.245,239.327,240.314,241.276,242.34,243.731,245.811
59820.0,226.529,235.604,242.961,248.648,252.869,255.782,257.487,258.047,257.497,255.863,253.168,249.454,244.804,239.366,233.384,227.211,221.309,216.19,212.317,209.97,209.144,209.535,210.648,211.978,213.18,214.141,214.936,215.706,216.552,217.501,218.546,219.676,220.89,222.186,223.561,225.007,226.513,228.065,229.643,231.225,232.784,234.292,235.719,237.042,238.245,239.327,240.314,241.276,242.34,243.731,245.811
59880.0,225.537,234.773,242.264,248.063,252.379,255.375,257.152,257.777,257.286,255.704,253.057,249.386,244.774,239.368,233.411,227.255,221.361,216.241,212.36,210.001,209.162,209.542,210.649,211.976,213.178,214.14,214.936,215.706,216.552,217.501,218.546,219.676,220.89,222.186,223.561,225.007,226.513,228.065,229.643,231.225,232.784,234.291,235.719,237.042,238.245,239.327,240.314,241.276,242.34,243.731,245.811
59940.0,224.537,233.936,241.563,247.474,251.886,254.965,256.816,257.505,257.073,255.544,252.945,249.317,244.743,239.37,233.437,227.298,221.412,216.292,212.403,210.031,209.179,209.549,210.649,211.975,213.176,214.139,214.935,215.706,216.552,217.501,218.546,219.676,220.89,222.186,223.561,225.007,226.513,228.065,229.643,231.225,232.784,234.291,235.719,237.042,238.245,239.326,240.314,241.276,242.34,243.731,245.811
60000.0,223.529,233.094,240.856,246.881,251.39,254.552,256.477,257.232,256.858,255.383,252.832,249.247,244.711,239.37,233.463,227.341,221.463,216.342,212.445,210.062,209.197,209.556,210.65,211.973,213.174,214.138,214.935,215.706,216.552,217.501,218.546,219.676,220.89,222.186,223.561,225.007,226.513,228.065,229.643,231.225,232.784,234.291,235.719,237.042,238.245,239.326,240.314,241.276,242.34,243.731,245.811
60060.0,222.514,232.245,240.145,246.285,250.891,254.138,256.136,256.957,256.642,255.22,252.717,249.177,244.679,239.37,233.488,227.384,221.514,216.393,212.488,210.093,209.215,209.564,210.651,211.971,213.172,214.137,214.935,215.706,216.552,217.501,218.546,219.676,220.89,222.186,223.561,225.007,226.513,228.065,229.643,231.225,232.784,234.291,235.719,237.042,238.245,239.326,240.314,241.276,242.34,243.731,245.811
60120.0,221.49,231.39,239.429,245.685,250.39,253.721,255.793,256.68,256.425,255.056,252.602,249.105,244.645,239.369,233.513,227.426,221.565,216.443,212.531,210.123,209.233,209.571,210.652,211.969,213.17,214.136,214.934,215.706,216.552,217.501,218.546,219.676,220.89,222.186,223.561,225.007,226.513,228.064,229.643,231.225,232.784,234.291,235.719,237.042,238.245,239.326,240.314,241.276,242.34,243.731,245.811
60180.0,220.459,230.529,238.709,245.081,249.885,253.301,255.448,256.401,256.205,254.891,252.485,249.032,244.611,239.367,233.537,227.467,221.615,216.493,212.573,210.154,209.25,209.579,210.653,211.967,213.169,214.135,214.934,215.706,216.552,217.501,218.546,219.676,220.89,222.186,223.561,225.007,226.513,228.064,229.643,231.225,232.784,234.291,235.719,237.042,238.245,239.326,240.314,241.276,242.34,243.731,245.811
60240.0,219.419,229.661,237.983,244.473,249.377,252.879,255.101,256.121,255.985,254.724,252.367,248.958,244.576,239.365,233.56,227.508,221.665,216.542,212.615,210.184,209.268,209.586,210.654,211.966,213.167,214.133,214.933,215.706,216.552,217.501,218.546,219.676,220.89,222.186,223.561,225.007,226.513,228.064,229.643,231.224,232.784,234.291,235.719,237.042,238.245,239.326,240.314,241.276,242.34,243.731,245.811
60300.0,218.371,228.788,237.253,243.862,248.866,252.454,254.752,255.839,255.763,254.556,252.249,248.883,244.54,239.362,233.583,227.549,221.714,216.592,212.658,210.215,209.286,209.594,210.655,211.964,213.165,214.132,214.933,215.706,216.552,217.501,218.546,219.676,220.889,222.186,223.561,225.007,226.513,228.064,229.643,231.224,232.784,234.291,235.719,237.042,238.245,239.326,240.314,241.276,242.34,243.731,245.811
60360.0,217.315,227.908,236.518,243.247,248.352,252.027,254.401,255.555,255.539,254.387,252.128,248.807,244.503,239.357,233.605,227.589,221.763,216.641,212.7,210.245,209.304,209.601,210.656,211.962,213.163,214.131,214.933,215.706,216.552,217.501,218.546,219.676,220.889,222.186,223.561,225.007,226.513,228.064,229.643,231.224,232.784,234.291,235.719,237.042,238.245,239.326,240.314,241.276,242.34,243.731,245.811
60420.0,216.251,227.021,235.778,242.627,247.834,251.598,254.048,255.269,255.314,254.217,252.007,248.73,244.465,239.353,233.626,227.629,221.812,216.691,212.742,210.276,209.322,209.609,210.657,211.961,213.161,214.13,214.932,215.706,216.552,217.501,218.545,219.676,220.889,222.186,223.561,225.007,226.513,228.064,229.643,231.224,232.784,234.291,235.719,237.042,238.245,239.326,240.314,241.276,242.34,243.731,245.811
60480.0,215.178,226.128,235.032,242.004,247.314,251.165,253.693,254.982,255.088,254.045,251.885,248.652,244.426,239.347,233.647,227.668,221.86,216.74,212.784,210.307,209.341,209.617,210.658,211.959,213.159,214.129,214.932,215.705,216.552,217.501,218.545,219.675,220.889,222.186,223.561,225.007,226.513,228.064,229.642,231.224,232.783,234.291,235.719,237.042,238.245,239.326,240.314,241.276,242.34,243.731,245.811
60540.0,214.096,225.229,234.282,241.377,246.791,250.731,253.335,254.693,254.86,253.872,251.761,248.573,244.386,239.341,233.667,227.706,221.909,216.788,212.826,210.337,209.359,209.625,210.66,211.957,213.157,214.128,214.931,215.705,216.552,217.501,218.545,219.675,220.889,222.186,223.561,225.006,226.513,228.064,229.642,231.224,232.783,234.291,235.719,237.042,238.245,239.326,240.314,241.276,242.34,243.731,245.811
60600.0,213.006,224.323,233.527,240.746,246.264,250.294,252.976,254.402,254.63,253.697,251.637,248.493,244.345,239.333,233.686,227.744,221.956,216.837,212.868,210.368,209.377,209.632,210.661,211.956,213.155,214.126,214.931,215.705,216.552,217.501,218.545,219.675,220.889,222.186,223.561,225.006,226.513,228.064,229.642,231.224,232.783,234.291,235.719,237.042,238.245,239.326,240.314,241.276,242.34,243.731,245.811
60660.0,211.907,223.41,232.766,240.111,245.734,249.854,252.614,254.11,254.399,253.522,251.511,248.412,244.304,239.326,233.705,227.782,222.004,216.885,212.91,210.399,209.395,209.64,210.662,211.954,213.153,214.125,214.931,215.705,216.552,217.501,218.545,219.675,220.889,222.186,223.56,225.006,226.513,228.064,229.642,231.224,232.783,234.291,235.719,237.042,238.245,239.326,240.314,241.276,242.34,243.731,245.811
60720.0,210.799,222.49,232.0,239.472,245.201,249.411,252.251,253.815,254.166,253.345,251.384,248.33,244.261,239.317,233.723,227.819,222.051,216.934,212.952,210.429,209.413,209.648,210.663,211.952,213.151,214.124,214.93,215.705,216.552,217.501,218.545,219.675,220.889,222.186,223.56,225.006,226.513,228.064,229.642,231.224,232.783,234.291,235.719,237.042,238.245,239.326,240.314,241.276,242.34,243.731,245.811
60780.0,209.681,221.564,231.229,238.828,244.665,248.966,251.885,253.519,253.932,253.166,251.256,248.247,244.218,239.307,233.741,227.856,222.098,216.982,212.994,210.46,209.432,209.656,210.665,211.951,213.149,214.123,214.93,215.705,216.552,217.501,218.545,219.675,220.889,222.186,223.56,225.006,226.512,228.064,229.642,231.224,232.783,234.291,235.719,237.042,238.245,239.326,240.314,241.276,242.34,243.731,245.811
60840.0,208.555,220.63,230.453,238.181,244.125,248.519,251.517,253.221,253.697,252.987,251.126,248.163,244.174,239.297,233.758,227.892,222.144,217.029,213.035,210.491,209.45,209.664,210.666,211.949,213.147,214.122,214.929,215.705,216.552,217.501,218.545,219.675,220.889,222.185,223.56,225.006,226.512,228.064,229.642,231.224,232.783,234.291,235.719,237.042,238.245,239.326,240.314,241.276,242.34,243.731,245.811
60900.0,207.42,219.69,229.671,237.529,243.582,248.068,251.146,252.921,253.46,252.806,250.996,248.077,244.129,239.286,233.774,227.927,222.19,217.077,213.077,210.521,209.469,209.672,210.667,211.948,213.145,214.121,214.929,215.705,216.552,217.501,218.545,219.675,220.889,222.185,223.56,225.006,226.512,228.064,229.642,231.224,232.783,234.291,235.719,237.042,238.245,239.326,240.314,241.276,242.34,243.731,245.811
60960.0,206.275,218.742,228.884,236.873,243.036,247.615,250.774,252.62,253.221,252.623,250.864,247.991,244.083,239.274,233.79,227.962,222.236,217.124,213.118,210.552,209.487,209.681,210.669,211.946,213.144,214.119,214.928,215.705,216.552,217.501,218.545,219.675,220.889,222.185,223.56,225.006,226.512,228.064,229.642,231.224,232.783,234.291,235.719,237.042,238.245,239.326,240.314,241.276,242.34,243.731,245.811
61020.0,205.121,217.787,228.091,236.213,242.487,247.16,250.4,252.316,252.981,252.44,250.732,247.904,244.036,239.262,233.805,227.997,222.281,217.172,213.16,210.583,209.506,209.689,210.67,211.945,213.142,214.118,214.928,215.705,216.552,217.501,218.545,219.675,220.889,222.185,223.56,225.006,226.512,228.064,229.642,231.224,232.783,234.291,235.719,237.042,238.245,239.326,240.314,241.276,242.34,243.731,245.811
61080.0,203.957,216.825,227.292,235.549,241.934,246.701,250.023,252.011,252.739,252.255,250.598,247.816,243.988,239.248,233.819,228.031,222.326,217.219,213.201,210.613,209.524,209.697,210.672,211.943,213.14,214.117,214.928,215.705,216.552,217.501,218.545,219.675,220.889,222.185,223.56,225.006,226.512,228.064,229.642,231.224,232.783,234.291,235.719,237.042,238.245,239.326,240.314,241.276,242.34,243.731,245.811
61140.0,202.783,215.855,226.488,234.88,241.377,246.24,249.644,251.704,252.496,252.068,250.463,247.727,243.939,239.234,233.833,228.064,222.371,217.265,213.242,210.644,209.543,209.705,210.673,211.942,213.138,214.116,214.927,215.705,216.552,217.501,218.545,219.675,220.889,222.185,223.56,225.006,226.512,228.064,229.642,231.224,232.783,234.291,235.719,237.042,238.245,239.326,240.314,241.276,242.34,243.731,245.811
61200.0,201.6,214.878,225.678,234.207,240.817,245.777,249.263,251.395,252.251,251.881,250.326,247.637,243.89,239.219,233.846,228.098,222.415,217.312,213.284,210.675,209.562,209.714,210.675,211.94,213.136,214.115,214.927,215.705,216.552,217.501,218.545,219.675,220.889,222.185,223.56,225.006,226.512,228.064,229.642,231.224,232.783,234.291,235.719,237.042,238.245,239.326,240.314,241.276,242.34,243.731,245.811
61260.0,200.406,213.893,224.863,233.529,240.254,245.31,248.88,251.085,252.004,251.692,250.189,247.545,243.839,239.204,233.858,228.13,222.459,217.358,213.325,210.705,209.58,209.722,210.677,211.939,213.134,214.114,214.926,215.705,216.552,217.501,218.545,219.675,220.889,222.185,223.56,225.006,226.512,228.064,229.642,231.224,232.783,234.291,235.719,237.042,238.245,239.326,240.314,241.276,242.34,243.731,245.811
61320.0,199.203,212.901,224.041,232.847,239.687,244.841,248.494,250.772,251.756,251.501,250.05,247.453,243.788,239.187,233.87,228.162,222.502,217.404,213.366,210.736,209.599,209.73,210.678,211.938,213.132,214.112,214.926,215.705,216.552,217.501,218.545,219.675,220.889,222.185,223.56,225.006,226.512,228.064,229.642,231.224,232.783,234.291,235.719,237.042,238.244,239.326,240.314,241.276,242.34,243.731,245.811
61380.0,197.989,211.9,223.214,232.16,239.117,244.369,248.106,250.458,251.507,251.31,249.911,247.36,243.735,239.17,233.881,228.194,222.546,217.45,213.406,210.767,209.618,209.739,210.68,211.936,213.13,214.111,214.925,215.705,216.552,217.501,218.545,219.675,220.889,222.185,223.56,225.006,226.512,228.064,229.642,231.224,232.783,234.291,235.719,237.042,238.244,239.326,240.314,241.276,242.34,243.731,245.811
61440.0,196.765,210.892,222.381,231.469,238.543,243.894,247.716,250.141,251.256,251.117,249.77,247.266,243.682,239.152,233.892,228.225,222.589,217.496,213.447,210.797,209.637,209.748,210.682,211.935,213.129,214.11,214.925,215.704,216.552,217.501,218.545,219.675,220.889,222.185,223.56,225.006,226.512,228.064,229.642,231.224,232.783,234.291,235.719,237.042,238.244,239.326,240.314,241.276,242.34,243.731,245.811
61500.0,195.53,209.876,221.541,230.773,237.966,243.416,247.324,249.823,251.003,250.923,249.628,247.17,243.628,239.133,233.901,228.255,222.631,217.542,213.488,210.828,209.656,209.756,210.683,211.933,213.127,214.109,214.925,215.704,216.552,217.501,218.545,219.675,220.889,222.185,223.56,225.006,226.512,228.064,229.642,231.224,232.783,234.291,235.719,237.042,238.244,239.326,240.314,241.276,242.34,243.731,245.811
61560.0,194.285,208.852,220.696,230.072,237.385,242.935,246.929,249.503,250.749,250.727,249.485,247.074,243.573,239.114,233.911,228.285,222.673,217.587,213.528,210.859,209.675,209.765,210.685,211.932,213.125,214.108,214.924,215.704,216.552,217.501,218.545,219.675,220.888,222.185,223.56,225.006,226.512,228.064,229.642,231.224,232.783,234.291,235.719,237.042,238.244,239.326,240.314,241.276,242.34,243.731,245.811
61620.0,193.029,207.82,219.844,229.366,236.8,242.452,246.532,249.182,250.493,250.53,249.34,246.977,243.517,239.094,233.919,228.315,222.715,217.632,213.569,210.889,209.693,209.773,210.687,211.931,213.123,214.107,214.924,215.704,216.552,217.501,218.544,219.674,220.888,222.185,223.56,225.006,226.512,228.064,229.642,231.224,232.783,234.291,235.719,237.042,238.244,239.326,240.314,241.276,242.34,243.731,245.811
61680.0,191.762,206.779,218.986,228.656,236.211,241.965,246.133,248.858,250.236,250.332,249.195,246.878,243.461,239.073,233.927,228.344,222.756,217.677,213.609,210.92,209.712,209.782,210.689,211.93,213.121,214.105,214.923,215.704,216.552,217.5,218.544,219.674,220.888,222.185,223.56,225.006,226.512,228.064,229.642,231.224,232.783,234.291,235.719,237.042,238.244,239.326,240.314,241.276,242.34,243.731,245.811
61740.0,190.485,205.73,218.121,227.941,235.619,241.476,245.731,248.532,249.977,250.132,249.048,246.779,243.403,239.051,233.934,228.372,222.797,217.721,213.65,210.951,209.732,209.791,210.691,211.928,213.12,214.104,214.923,215.704,216.552,217.5,218.544,219.674,220.888,222.185,223.56,225.006,226.512,228.064,229.642,231.224,232.783,234.291,235.719,237.042,238.244,239.326,240.314,241.276,242.34,243.731,245.811
61800.0,189.196,204.672,217.25,227.221,235.023,240.984,245.327,248.204,249.717,249.931,248.9,246.679,243.345,239.028,233.941,228.4,222.838,217.766,213.69,210.981,209.751,209.8,210.693,211.927,213.118,214.103,214.922,215.704,216.552,217.5,218.544,219.674,220.888,222.185,223.56,225.006,226.512,228.063,229.642,231.224,232.783,234.291,235.719,237.042,238.244,239.326,240.314,241.276,242.34,243.731,245.811
61860.0,187.895,203.606,216.373,226.496,234.423,240.488,244.921,247.875,249.455,249.729,248.752,246.577,243.285,239.005,233.947,228.428,222.878,217.81,213.73,211.012,209.77,209.809,210.695,211.926,213.116,214.102,214.922,215.704,216.552,217.5,218.544,219.674,220.888,222.185,223.56,225.006,226.512,228.063,229.642,231.224,232.783,234.291,235.719,237.042,238.244,239.326,240.314,241.276,242.34,243.731,245.811
61920.0,186.584,202.531,215.488,225.766,233.819,239.99,244.512,247.544,249.191,249.525,248.601,246.475,243.225,238.981,233.952,228.455,222.918,217.854,213.77,211.042,209.789,209.818,210.697,211.925,213.114,214.101,214.922,215.704,216.552,217.5,218.544,219.674,220.888,222.185,223.56,225.006,226.512,228.063,229.642,231.224,232.783,234.291,235.719,237.042,238.244,239.326,240.314,241.276,242.34,243.731,245.811
61980.0,185.26,201.447,214.598,225.031,233.212,239.488,244.101,247.21,248.926,249.32,248.45,246.371,243.164,238.956,233.957,228.481,222.958,217.898,213.81,211.073,209.808,209.827,210.699,211.923,213.112,214.1,214.921,215.704,216.552,217.5,218.544,219.674,220.888,222.185,223.56,225.005,226.512,228.063,229.642,231.224,232.783,234.291,235.719,237.042,238.244,239.326,240.314,241.276,242.34,243.731,245.811
62040.0,183.925,200.354,213.7,224.29,232.6,238.984,243.687,246.875,248.659,249.114,248.298,246.267,243.102,238.93,233.961,228.507,222.997,217.941,213.85,211.104,209.827,209.836,210.701,211.922,213.111,214.099,214.921,215.704,216.552,217.5,218.544,219.674,220.888,222.185,223.559,225.005,226.512,228.063,229.642,231.224,232.783,234.291,235.719,237.042,238.244,239.326,240.314,241.276,242.34,243.731,245.811
62100.0,182.578,199.252,212.795,223.545,231.984,238.476,243.271,246.537,248.39,248.906,248.144,246.162,243.039,238.904,233.964,228.533,223.036,217.984,213.889,211.134,209.846,209.845,210.703,211.921,213.109,214.097,214.92,215.704,216.552,217.5,218.544,219.674,220.888,222.185,223.559,225.005,226.512,228.063,229.642,231.224,232.783,234.291,235.719,237.042,238.244,239.326,240.314,241.276,242.34,243.731,245.811
62160.0,181.22,198.141,211.884,222.794,231.365,237.966,242.852,246.198,248.12,248.697,247.989,246.055,242.975,238.877,233.967,228.558,223.074,218.027,213.929,211.165,209.866,209.854,210.705,211.92,213.107,214.096,214.92,215.704,216.552,217.5,218.544,219.674,220.888,222.184,223.559,225.005,226.512,228.063,229.642,231.224,232.783,234.291,235.719,237.042,238.244,239.326,240.314,241.276,242.34,243.731,245.811
62220.0,179.849,197.021,210.965,222.038,230.741,237.452,242.431,245.857,247.848,248.486,247.833,245.948,242.91,238.849,233.969,228.582,223.113,218.07,213.969,211.195,209.885,209.863,210.708,211.919,213.105,214.095,214.919,215.704,216.552,217.5,218.544,219.674,220.888,222.184,223.559,225.005,226.512,228.063,229.642,231.223,232.783,234.291,235.719,237.042,238.244,239.326,240.314,241.276,242.34,243.731,245.811
62280.0,178.465,195.891,210.039,221.276,230.113,236.935,242.008,245.514,247.575,248.275,247.676,245.839,242.845,238.82,233.971,228.606,223.15,218.113,214.008,211.226,209.904,209.872,210.71,211.918,213.104,214.094,214.919,215.703,216.552,217.5,218.544,219.674,220.888,222.184,223.559,225.005,226.511,228.063,229.641,231.223,232.783,234.291,235.719,237.042,238.244,239.326,240.314,241.276,242.34,243.731,245.811
62340.0,177.07,194.751,209.106,220.509,229.481,236.415,241.582,245.168,247.3,248.061,247.518,245.73,242.778,238.791,233.972,228.63,223.188,218.155,214.047,211.256,209.924,209.882,210.712,211.917,213.102,214.093,214.918,215.703,216.552,217.5,218.544,219.674,220.888,222.184,223.559,225.005,226.511,228.063,229.641,231.223,232.783,234.291,235.719,237.042,238.244,239.326,240.314,241.276,242.34,243.731,245.811
62400.0,175.662,193.602,208.166,219.736,228.845,235.891,241.153,244.821,247.023,247.847,247.358,245.619,242.711,238.76,233.972,228.653,223.225,218.197,214.086,211.287,209.943,209.891,210.715,211.916,213.1,214.092,214.918,215.703,216.552,217.5,218.544,219.674,220.888,222.184,223.559,225.005,226.511,228.063,229.641,231.223,232.783,234.291,235.719,237.042,238.244,239.326,240.314,241.276,242.34,243.731,245.811
62460.0,174.241,192.443,207.218,218.958,228.204,235.364,240.722,244.471,246.744,247.631,247.197,245.508,242.642,238.729,233.971,228.675,223.261,218.239,214.125,211.317,209.963,209.9,210.717,211.915,213.098,214.09,214.917,215.703,216.552,217.5,218.544,219.674,220.888,222.184,223.559,225.005,226.511,228.063,229.641,231.223,232.783,234.29,235.719,237.042,238.244,239.326,240.314,241.276,242.34,243.731,245.811
62520.0,172.808,191.274,206.263,218.174,227.559,234.834,240.288,244.12,246.464,247.413,247.036,245.395,242.573,238.698,233.97,228.697,223.298,218.281,214.164,211.348,209.982,209.91,210.719,211.914,213.097,214.089,214.917,215.703,216.552,217.5,218.544,219.674,220.888,222.184,223.559,225.005,226.511,228.063,229.641,231.223,232.783,234.29,235.718,237.042,238.244,239.326,240.314,241.276,242.34,243.731,245.811
62580.0,171.361,190.095,205.299,217.384,226.91,234.301,239.852,243.766,246.182,247.194,246.872,245.281,242.503,238.665,233.969,228.718,223.333,218.322,214.203,211.378,210.002,209.919,210.722,211.913,213.095,214.088,214.917,215.703,216.552,217.5,218.544,219.674,220.888,222.184,223.559,225.005,226.511,228.063,229.641,231.223,232.783,234.29,235.718,237.042,238.244,239.326,240.314,241.276,242.34,243.731,245.811
62640.0,169.902,188.906,204.329,216.588,226.256,233.764,239.413,243.411,245.899,246.974,246.708,245.167,242.432,238.632,233.966,228.739,223.369,218.363,214.242,211.408,210.021,209.928,210.724,211.912,213.093,214.087,214.916,215.703,216.552,217.5,218.544,219.674,220.888,222.184,223.559,225.005,226.511,228.063,229.641,231.223,232.783,234.29,235.718,237.042,238.244,239.326,240.314,241.276,242.34,243.731,245.811
62700.0,168.43,187.706,203.35,215.787,225.598,233.224,238.971,243.053,245.614,246.753,246.543,245.051,242.361,238.598,233.963,228.759,223.404,218.404,214.28,211.439,210.041,209.938,210.727,211.911,213.091,214.086,214.916,215.703,216.552,217.5,218.544,219.674,220.888,222.184,223.559,225.005,226.511,228.063,229.641,231.223,232.782,234.29,235.718,237.042,238.244,239.326,240.314,241.276,242.34,243.731,245.811
62760.0,166.945,186.496,202.363,214.979,224.935,232.68,238.527,242.693,245.327,246.53,246.376,244.934,242.288,238.563,233.959,228.779,223.439,218.445,214.319,211.469,210.06,209.948,210.729,211.91,213.09,214.085,214.915,215.703,216.552,217.5,218.544,219.674,220.887,222.184,223.559,225.005,226.511,228.063,229.641,231.223,232.782,234.29,235.718,237.042,238.244,239.326,240.314,241.276,242.34,243.731,245.811
62820.0,165.446,185.276,201.369,214.166,224.268,232.133,238.08,242.331,245.038,246.305,246.208,244.817,242.214,238.527,233.955,228.799,223.473,218.486,214.357,211.499,210.08,209.957,210.732,211.909,213.088,214.083,214.915,215.703,216.552,217.5,218.543,219.673,220.887,222.184,223.559,225.005,226.511,228.063,229.641,231.223,232.782,234.29,235.718,237.042,238.244,239.326,240.314,241.276,242.34,243.731,245.811
62880.0,163.934,184.045,200.366,213.346,223.596,231.582,237.63,241.967,244.748,246.079,246.039,244.698,242.14,238.491,233.95,228.817,223.507,218.526,214.396,211.53,210.1,209.967,210.735,211.908,213.086,214.082,214.914,215.703,216.552,217.5,218.543,219.673,220.887,222.184,223.559,225.005,226.511,228.063,229.641,231.223,232.782,234.29,235.718,237.042,238.244,239.326,240.314,241.276,242.34,243.731,245.811
62940.0,162.409,182.804,199.355,212.52,222.919,231.028,237.178,241.601,244.456,245.852,245.869,244.578,242.064,238.454,233.945,228.836,223.541,218.566,214.434,211.56,210.119,209.977,210.737,211.907,213.085,214.081,214.914,215.702,216.552,217.5,218.543,219.673,220.887,222.184,223.559,225.005,226.511,228.063,229.641,231.223,232.782,234.29,235.718,237.042,238.244,239.326,240.314,241.276,242.34,243.731,245.811
63000.0,160.871,181.552,198.336,211.688,222.238,230.47,236.722,241.233,244.162,245.623,245.698,244.457,241.988,238.416,233.938,228.853,223.574,218.605,214.472,211.59,210.139,209.986,210.74,211.906,213.083,214.08,214.913,215.702,216.552,217.5,218.543,219.673,220.887,222.184,223.559,225.005,226.511,228.063,229.641,231.223,232.782,234.29,235.718,237.042,238.244,239.326,240.314,241.276,242.34,243.731,245.811
63060.0,159.32,180.289,197.308,210.849,221.552,229.908,236.264,240.862,243.867,245.393,245.525,244.336,241.911,238.377,233.931,228.871,223.607,218.645,214.51,211.62,210.159,209.996,210.743,211.905,213.081,214.079,214.913,215.702,216.552,217.5,218.543,219.673,220.887,222.184,223.559,225.005,226.511,228.063,229.641,231.223,232.782,234.29,235.718,237.042,238.244,239.326,240.314,241.276,242.34,243.731,245.811
63120.0,157.755,179.015,196.272,210.004,220.861,229.343,235.803,240.489,243.569,245.162,245.351,244.213,241.833,238.338,233.924,228.887,223.639,218.684,214.547,211.651,210.178,210.006,210.745,211.905,213.08,214.078,214.912,215.702,216.551,217.5,218.543,219.673,220.887,222.184,223.559,225.005,226.511,228.063,229.641,231.223,232.782,234.29,235.718,237.042,238.244,239.326,240.314,241.276,242.34,243.731,245.811
63180.0,156.177,177.73,195.228,209.152,220.165,228.774,235.34,240.114,243.27,244.928,245.176,244.089,241.754,238.298,233.916,228.904,223.671,218.723,214.585,211.681,210.198,210.016,210.748,211.904,213.078,214.076,214.912,215.702,216.551,217.5,218.543,219.673,220.887,222.184,223.559,225.005,226.511,228.063,229.641,231.223,232.782,234.29,235.718,237.042,238.244,239.326,240.314,241.276,242.34,243.731,245.811
63240.0,154.587,176.435,194.175,208.294,219.464,228.201,234.873,239.737,242.969,244.694,245.0,243.964,241.674,238.257,233.907,228.919,223.703,218.762,214.623,211.711,210.218,210.026,210.751,211.903,213.077,214.075,214.911,215.702,216.551,217.5,218.543,219.673,220.887,222.184,223.559,225.005,226.511,228.063,229.641,231.223,232.782,234.29,235.718,237.042,238.244,239.326,240.314,241.276,242.34,243.731,245.811
63300.0,152.983,175.129,193.113,207.43,218.758,227.624,234.403,239.357,242.667,244.458,244.822,243.838,241.594,238.215,233.897,228.935,223.734,218.8,214.66,211.741,210.238,210.036,210.754,211.902,213.075,214.074,214.911,215.702,216.551,217.5,218.543,219.673,220.887,222.184,223.559,225.005,226.511,228.063,229.641,231.223,232.782,234.29,235.718,237.042,238.244,239.326,240.314,241.276,242.34,243.731,245.811
63360.0,151.367,173.812,192.043,206.559,218.047,227.044,233.931,238.975,242.362,244.221,244.644,243.711,241.512,238.173,233.887,228.949,223.765,218.839,214.697,211.771,210.258,210.046,210.757,211.902,213.073,214.073,214.91,215.702,216.551,217.5,218.543,219.673,220.887,222.184,223.558,225.005,226.511,228.063,229.641,231.223,232.782,234.29,235.718,237.042,238.244,239.326,240.314,241.276,242.34,243.731,245.811
63420.0,149.738,172.484,190.964,205.681,217.331,226.46,233.455,238.591,242.056,243.982,244.464,243.583,241.43,238.129,233.877,228.963,223.796,218.877,214.734,211.801,210.278,210.056,210.76,211.901,213.072,214.072,214.91,215.702,216.551,217.5,218.543,219.673,220.887,222.183,223.558,225.004,226.511,228.062,229.641,231.223,232.782,234.29,235.718,237.042,238.244,239.326,240.314,241.276,242.34,243.731,245.811
63480.0,148.098,171.145,189.876,204.796,216.61,225.872,232.977,238.204,241.748,243.741,244.283,243.454,241.346,238.085,233.865,228.977,223.826,218.914,214.771,211.831,210.297,210.066,210.763,211.9,213.07,214.071,214.91,215.702,216.551,217.5,218.543,219.673,220.887,222.183,223.558,225.004,226.511,228.062,229.641,231.223,232.782,234.29,235.718,237.042,238.244,239.326,240.314,241.276,242.34,243.731,245.811
63540.0,146.445,169.796,188.78,203.904,215.884,225.28,232.495,237.816,241.438,243.499,244.1,243.324,241.262,238.041,233.853,228.99,223.856,218.952,214.808,211.861,210.317,210.076,210.766,211.9,213.068,214.07,214.909,215.702,216.551,217.5,218.543,219.673,220.887,222.183,223.558,225.004,226.511,228.062,229.641,231.223,232.782,234.29,235.718,237.042,238.244,239.326,240.314,241.276,242.34,243.731,245.811
63600.0,144.782,168.437,187.675,203.006,215.152,224.683,232.011,237.424,241.126,243.256,243.917,243.193,241.177,237.995,233.84,229.003,223.885,218.989,214.845,211.891,210.337,210.086,210.769,211.899,213.067,214.068,214.909,215.701,216.551,217.499,218.543,219.673,220.887,222.183,223.558,225.004,226.511,228.062,229.641,231.223,232.782,234.29,235.718,237.041,238.244,239.326,240.314,241.276,242.34,243.731,245.811
63660.0,143.108,167.067,186.562,202.101,214.415,224.083,231.523,237.031,240.812,243.011,243.732,243.061,241.091,237.949,233.827,229.015,223.914,219.026,214.882,211.921,210.357,210.096,210.772,211.898,213.065,214.067,214.908,215.701,216.551,217.499,218.543,219.673,220.887,222.183,223.558,225.004,226.511,228.062,229.641,231.223,232.782,234.29,235.718,237.041,238.244,239.326,240.314,241.276,242.341,243.731,245.811
63720.0,141.424,165.688,185.44,201.189,213.673,223.479,231.033,236.635,240.497,242.765,243.546,242.927,241.004,237.902,233.813,229.026,223.943,219.063,214.918,211.951,210.377,210.107,210.775,211.898,213.064,214.066,214.908,215.701,216.551,217.499,218.543,219.673,220.887,222.183,223.558,225.004,226.511,228.062,229.641,231.223,232.782,234.29,235.718,237.041,238.244,239.326,240.314,241.276,242.341,243.731,245.811
63780.0,139.73,164.299,184.31,200.271,212.926,222.871,230.539,236.236,240.179,242.517,243.358,242.793,240.916,237.854,233.799,229.037,223.971,219.099,214.954,211.981,210.397,210.117,210.778,211.897,213.062,214.065,214.907,215.701,216.551,217.499,218.543,219.673,220.887,222.183,223.558,225.004,226.51,228.062,229.641,231.223,232.782,234.29,235.718,237.041,238.244,239.326,240.314,241.276,242.341,243.731,245.811
63840.0,138.029,162.902,183.171,199.345,212.174,222.259,230.042,235.836,239.86,242.267,243.17,242.658,240.827,237.805,233.783,229.048,223.999,219.136,214.991,212.01,210.417,210.127,210.781,211.897,213.061,214.064,214.907,215.701,216.551,217.499,218.543,219.673,220.887,222.183,223.558,225.004,226.51,228.062,229.641,231.223,232.782,234.29,235.718,237.041,238.244,239.326,240.314,241.276,242.341,243.731,245.811
63900.0,136.32,161.495,182.025,198.413,211.416,221.642,229.542,235.432,239.538,242.016,242.98,242.521,240.738,237.756,233.767,229.058,224.026,219.172,215.027,212.04,210.437,210.138,210.785,211.896,213.059,214.063,214.906,215.701,216.551,217.499,218.543,219.673,220.887,222.183,223.558,225.004,226.51,228.062,229.641,231.223,232.782,234.29,235.718,237.041,238.244,239.326,240.314,241.276,242.341,243.731,245.811
63960.0,134.605,160.081,180.871,197.475,210.653,221.022,229.038,235.027,239.215,241.764,242.789,242.384,240.647,237.706,233.751,229.067,224.053,219.207,215.063,212.07,210.457,210.148,210.788,211.896,213.058,214.061,214.906,215.701,216.551,217.499,218.543,219.673,220.887,222.183,223.558,225.004,226.51,228.062,229.641,231.223,232.782,234.29,235.718,237.041,238.244,239.326,240.314,241.276,242.341,243.731,245.811
64020.0,132.885,158.66,179.709,196.53,209.884,220.398,228.532,234.618,238.89,241.51,242.596,242.245,240.556,237.655,233.734,229.076,224.08,219.243,215.099,212.099,210.477,210.158,210.791,211.895,213.056,214.06,214.905,215.701,216.551,217.499,218.543,219.672,220.886,222.183,223.558,225.004,226.51,228.062,229.641,231.223,232.782,234.29,235.718,237.041,238.244,239.326,240.314,241.276,242.341,243.731,245.811
64080.0,131.163,157.232,178.541,195.579,209.111,219.769,228.022,234.208,238.563,241.254,242.403,242.106,240.463,237.603,233.716,229.085,224.106,219.278,215.134,212.129,210.497,210.169,210.794,211.895,213.054,214.059,214.905,215.701,216.551,217.499,218.542,219.672,220.886,222.183,223.558,225.004,226.51,228.062,229.64,231.223,232.782,234.29,235.718,237.041,238.244,239.326,240.314,241.276,242.341,243.731,245.811
64140.0,129.438,155.798,177.366,194.622,208.332,219.136,227.509,233.795,238.233,240.997,242.208,241.965,240.37,237.551,233.697,229.093,224.132,219.313,215.17,212.159,210.518,210.179,210.798,211.894,213.053,214.058,214.904,215.7,216.551,217.499,218.542,219.672,220.886,222.183,223.558,225.004,226.51,228.062,229.64,231.223,232.782,234.29,235.718,237.041,238.244,239.326,240.314,241.276,242.341,243.731,245.811
64200.0,127.715,154.361,176.185,193.658,207.548,218.499,226.993,233.379,237.902,240.738,242.011,241.824,240.276,237.498,233.678,229.1,224.158,219.348,215.205,212.188,210.538,210.19,210.801,211.894,213.051,214.057,214.904,215.7,216.551,217.499,218.542,219.672,220.886,222.183,223.558,225.004,226.51,228.062,229.64,231.222,232.782,234.29,235.718,237.041,238.244,239.326,240.314,241.276,242.341,243.731,245.811
64260.0,125.994,152.92,174.998,192.69,206.76,217.859,226.474,232.961,237.569,240.478,241.814,241.681,240.181,237.444,233.659,229.107,224.183,219.382,215.24,212.218,210.558,210.201,210.805,211.893,213.05,214.056,214.903,215.7,216.551,217.499,218.542,219.672,220.886,222.183,223.558,225.004,226.51,228.062,229.64,231.222,232.782,234.29,235.718,237.041,238.244,239.326,240.314,241.276,242.341,243.731,245.811
64320.0,124.279,151.478,173.807,191.716,205.967,217.214,225.952,232.54,237.234,240.216,241.615,241.537,240.085,237.389,233.638,229.113,224.208,219.416,215.276,212.247,210.578,210.211,210.808,211.893,213.048,214.055,214.903,215.7,216.551,217.499,218.542,219.672,220.886,222.183,223.558,225.004,226.51,228.062,229.64,231.222,232.782,234.29,235.718,237.041,238.244,239.326,240.314,241.276,242.341,243.731,245.811
64380.0,122.594,150.042,172.613,190.737,205.169,216.565,225.426,232.117,236.897,239.952,241.415,241.392,239.988,237.333,233.617,229.119,224.232,219.45,215.311,212.276,210.598,210.222,210.812,211.893,213.047,214.053,214.902,215.7,216.551,217.499,218.542,219.672,220.886,222.183,223.558,225.004,226.51,228.062,229.64,231.222,232.782,234.29,235.718,237.041,238.244,239.326,240.314,241.276,242.341,243.731,245.811
64440.0,121.039,148.648,171.425,189.755,204.366,215.912,224.897,231.691,236.558,239.687,241.213,241.246,239.89,237.277,233.595,229.125,224.256,219.484,215.345,212.306,210.618,210.233,210.815,211.892,213.046,214.052,214.902,215.7,216.551,217.499,218.542,219.672,220.886,222.183,223.558,225.004,226.51,228.062,229.64,231.222,232.782,234.29,235.718,237.041,238.244,239.326,240.314,241.276,242.341,243.731,245.811
64500.0,119.58,147.3,170.251,188.773,203.561,215.256,224.365,231.263,236.217,239.42,241.011,241.099,239.792,237.22,233.573,229.129,224.279,219.517,215.38,212.335,210.638,210.243,210.819,211.892,213.044,214.051,214.901,215.7,216.551,217.499,218.542,219.672,220.886,222.183,223.558,225.004,226.51,228.062,229.64,231.222,232.782,234.29,235.718,237.041,238.244,239.326,240.314,241.276,242.341,243.731,245.811
64560.0,118.202,146.0,169.097,187.796,202.753,214.597,223.83,230.832,235.874,239.152,240.807,240.951,239.692,237.162,233.55,229.134,224.303,219.55,215.415,212.364,210.659,210.254,210.822,211.892,213.043,214.05,214.901,215.7,216.551,217.499,218.542,219.672,220.886,222.183,223.558,225.004,226.51,228.062,229.64,231.222,232.782,234.29,235.718,237.041,238.244,239.326,240.314,241.276,242.341,243.731,245.811
64620.0,116.9,144.746,167.965,186.825,201.945,213.934,223.292,230.398,235.529,238.882,240.601,240.802,239.592,237.104,233.526,229.137,224.325,219.583,215.449,212.393,210.679,210.265,210.826,211.891,213.041,214.049,214.9,215.7,216.551,217.499,218.542,219.672,220.886,222.183,223.558,225.004,226.51,228.062,229.64,231.222,232.782,234.29,235.718,237.041,238.244,239.326,240.314,241.276,242.341,243.731,245.811
64680.0,115.667,143.538,166.858,185.863,201.138,213.27,222.752,229.963,235.182,238.61,240.395,240.651,239.49,237.044,233.502,229.141,224.348,219.616,215.483,212.423,210.699,210.276,210.83,211.891,213.04,214.048,214.9,215.699,216.551,217.499,218.542,219.672,220.886,222.183,223.558,225.004,226.51,228.062,229.64,231.222,232.782,234.29,235.718,237.041,238.244,239.326,240.314,241.276,242.341,243.731,245.811
64740.0,114.504,142.376,165.777,184.913,200.333,212.604,222.209,229.524,234.832,238.337,240.187,240.5,239.388,236.984,233.477,229.143,224.37,219.648,215.517,212.452,210.719,210.287,210.833,211.891,213.038,214.047,214.899,215.699,216.551,217.499,218.542,219.672,220.886,222.182,223.557,225.004,226.51,228.062,229.64,231.222,232.782,234.29,235.718,237.041,238.244,239.326,240.314,241.276,242.341,243.731,245.811
64800.0,113.409,141.26,164.722,183.975,199.533,211.938,221.664,229.084,234.481,238.062,239.977,240.347,239.285,236.923,233.452,229.145,224.391,219.68,215.551,212.481,210.739,210.298,210.837,211.891,213.037,214.046,214.899,215.699,216.551,217.499,218.542,219.672,220.886,222.182,223.557,225.004,226.51,228.062,229.64,231.222,232.782,234.29,235.718,237.041,238.244,239.326,240.314,241.276,242.341,243.731,245.811
64860.0,112.381,140.189,163.696,183.052,198.737,211.273,221.117,228.642,234.128,237.785,239.767,240.194,239.181,236.862,233.425,229.147,224.412,219.712,215.585,212.51,210.76,210.309,210.841,211.89,213.035,214.044,214.898,215.699,216.551,217.499,218.542,219.672,220.886,222.182,223.557,225.003,226.51,228.062,229.64,231.222,232.782,234.29,235.718,237.041,238.244,239.326,240.314,241.276,242.341,243.731,245.811
64920.0,111.424,139.166,162.698,182.143,197.948,210.608,220.569,228.197,233.773,237.507,239.555,240.039,239.076,236.799,233.398,229.148,224.433,219.743,215.619,212.539,210.78,210.319,210.845,211.89,213.034,214.043,214.898,215.699,216.551,217.499,218.542,219.672,220.886,222.182,223.557,225.003,226.51,228.062,229.64,231.222,232.781,234.29,235.718,237.041,238.244,239.326,240.314,241.276,242.341,243.731,245.811
64980.0,110.537,138.191,161.73,181.252,197.166,209.945,220.02,227.751,233.417,237.228,239.341,239.883,238.97,236.736,233.371,229.149,224.453,219.774,215.652,212.567,210.8,210.331,210.849,211.89,213.033,214.042,214.897,215.699,216.551,217.499,218.542,219.672,220.886,222.182,223.557,225.003,226.51,228.062,229.64,231.222,232.781,234.29,235.718,237.041,238.244,239.326,240.314,241.276,242.341,243.731,245.811
65040.0,109.724,137.266,160.794,180.377,196.392,209.284,219.471,227.303,233.058,236.946,239.127,239.726,238.863,236.672,233.343,229.149,224.473,219.805,215.686,212.596,210.82,210.342,210.852,211.89,213.031,214.041,214.897,215.699,216.551,217.499,218.542,219.672,220.886,222.182,223.557,225.003,226.51,228.061,229.64,231.222,232.781,234.289,235.718,237.041,238.244,239.326,240.314,241.276,242.341,243.731,245.811
65100.0,108.99,136.394,159.89,179.522,195.627,208.627,218.922,226.854,232.698,236.663,238.911,239.568,238.755,236.607,233.314,229.148,224.493,219.836,215.719,212.625,210.841,210.353,210.856,211.89,213.03,214.04,214.896,215.699,216.551,217.499,218.542,219.672,220.886,222.182,223.557,225.003,226.51,228.061,229.64,231.222,232.781,234.289,235.718,237.041,238.244,239.326,240.314,241.276,242.341,243.731,245.811
65160.0,108.343,135.578,159.021,178.686,194.872,207.974,218.373,226.404,232.336,236.379,238.694,239.409,238.646,236.542,233.284,229.147,224.512,219.866,215.752,212.654,210.861,210.364,210.86,211.89,213.028,214.039,214.896,215.699,216.551,217.499,218.542,219.672,220.886,222.182,223.557,225.003,226.51,228.061,229.64,231.222,232.781,234.289,235.718,237.041,238.244,239.326,240.314,241.276,242.341,243.731,245.811
65220.0,107.799,134.826,158.19,177.871,194.129,207.325,217.826,225.953,231.973,236.093,238.475,239.249,238.536,236.475,233.254,229.146,224.531,219.896,215.785,212.682,210.881,210.375,210.864,211.89,213.027,214.038,214.895,215.698,216.551,217.499,218.542,219.671,220.885,222.182,223.557,225.003,226.51,228.061,229.64,231.222,232.781,234.289,235.718,237.041,238.244,239.326,240.314,241.276,242.341,243.731,245.811
65280.0,107.407,134.156,157.402,177.08,193.397,206.681,217.279,225.502,231.609,235.806,238.255,239.088,238.426,236.408,233.224,229.144,224.549,219.926,215.817,212.711,210.901,210.386,210.868,211.89,213.026,214.037,214.895,215.698,216.551,217.499,218.541,219.671,220.885,222.182,223.557,225.003,226.51,228.061,229.64,231.222,232.781,234.289,235.718,237.041,238.244,239.326,240.314,241.276,242.341,243.731,245.811
65340.0,107.071,133.549,156.659,176.315,192.679,206.044,216.735,225.05,231.243,235.517,238.034,238.925,238.314,236.34,233.192,229.141,224.567,219.956,215.85,212.739,210.922,210.397,210.872,211.89,213.024,214.035,214.894,215.698,216.551,217.499,218.541,219.671,220.885,222.182,223.557,225.003,226.509,228.061,229.64,231.222,232.781,234.289,235.718,237.041,238.244,239.326,240.314,241.276,242.341,243.731,245.811
65400.0,106.762,132.988,155.956,175.576,191.975,205.413,216.193,224.598,230.876,235.227,237.812,238.762,238.202,236.272,233.16,229.138,224.585,219.985,215.882,212.768,210.942,210.409,210.876,211.89,213.023,214.034,214.894,215.698,216.551,217.499,218.541,219.671,220.885,222.182,223.557,225.003,226.509,228.061,229.64,231.222,232.781,234.289,235.718,237.041,238.244,239.326,240.314,241.276,242.341,243.731,245.811
65460.0,106.474,132.462,155.29,174.864,191.286,204.79,215.653,224.147,230.509,234.936,237.588,238.597,238.089,236.202,233.127,229.134,224.602,220.014,215.915,212.796,210.962,210.42,210.881,211.89,213.022,214.033,214.893,215.698,216.551,217.499,218.541,219.671,220.885,222.182,223.557,225.003,226.509,228.061,229.64,231.222,232.781,234.289,235.718,237.041,238.244,239.326,240.314,241.276,242.341,243.731,245.811
65520.0,106.203,131.966,154.656,174.176,190.614,204.175,215.117,223.696,230.141,234.644,237.363,238.432,237.974,236.132,233.094,229.13,224.618,220.043,215.947,212.825,210.983,210.431,210.885,211.89,213.02,214.032,214.893,215.698,216.551,217.498,218.541,219.671,220.885,222.182,223.557,225.003,226.509,228.061,229.64,231.222,232.781,234.289,235.718,237.041,238.244,239.326,240.314,241.276,242.341,243.731,245.811
65580.0,105.945,131.496,154.049,173.512,189.957,203.569,214.585,223.246,229.772,234.35,237.137,238.265,237.859,236.061,233.06,229.126,224.635,220.071,215.979,212.853,211.003,210.442,210.889,211.89,213.019,214.031,214.892,215.698,216.551,217.498,218.541,219.671,220.885,222.182,223.557,225.003,226.509,228.061,229.64,231.222,232.781,234.289,235.718,237.041,238.244,239.326,240.314,241.276,242.341,243.731,245.811
65640.0,105.699,131.047,153.467,172.87,189.315,202.972,214.057,222.797,229.403,234.056,236.91,238.097,237.743,235.989,233.025,229.12,224.651,220.1,216.011,212.881,211.023,210.454,210.893,211.89,213.018,214.03,214.892,215.698,216.551,217.498,218.541,219.671,220.885,222.182,223.557,225.003,226.509,228.061,229.64,231.222,232.781,234.289,235.717,237.041,238.244,239.326,240.314,241.276,242.341,243.731,245.811
65700.0,105.464,130.617,152.908,172.248,188.689,202.384,213.533,222.35,229.033,233.76,236.682,237.928,237.626,235.917,232.99,229.115,224.666,220.127,216.042,212.909,211.044,210.465,210.897,211.89,213.017,214.029,214.891,215.697,216.551,217.498,218.541,219.671,220.885,222.182,223.557,225.003,226.509,228.061,229.64,231.222,232.781,234.289,235.717,237.041,238.244,239.326,240.314,241.276,242.341,243.731,245.811
65760.0,105.238,130.205,152.368,171.645,188.078,201.805,213.015,221.904,228.664,233.464,236.452,237.758,237.508,235.843,232.954,229.108,224.681,220.155,216.074,212.937,211.064,210.477,210.902,211.89,213.015,214.028,214.891,215.697,216.551,217.498,218.541,219.671,220.885,222.182,223.557,225.003,226.509,228.061,229.64,231.222,232.781,234.289,235.717,237.041,238.244,239.326,240.314,241.276,242.341,243.731,245.811
65820.0,105.02,129.807,151.848,171.059,187.48,201.236,212.501,221.46,228.295,233.167,236.222,237.587,237.389,235.769,232.917,229.102,224.696,220.182,216.105,212.965,211.084,210.488,210.906,211.89,213.014,214.026,214.89,215.697,216.551,217.498,218.541,219.671,220.885,222.182,223.557,225.003,226.509,228.061,229.64,231.222,232.781,234.289,235.717,237.041,238.244,239.326,240.314,241.276,242.341,243.732,245.812
65880.0,104.81,129.424,151.344,170.49,186.896,200.677,211.993,221.019,227.926,232.87,235.991,237.416,237.269,235.694,232.88,229.094,224.71,220.209,216.136,212.993,211.104,210.5,210.91,211.89,213.013,214.025,214.89,215.697,216.551,217.498,218.541,219.671,220.885,222.182,223.557,225.003,226.509,228.061,229.639,231.222,232.781,234.289,235.717,237.041,238.244,239.326,240.314,241.276,242.341,243.732,245.812
65940.0,104.607,129.054,150.856,169.936,186.324,200.126,211.49,220.58,227.557,232.571,235.758,237.243,237.148,235.619,232.842,229.086,224.724,220.236,216.167,213.021,211.125,210.511,210.915,211.891,213.011,214.024,214.889,215.697,216.551,217.498,218.541,219.671,220.885,222.182,223.557,225.003,226.509,228.061,229.639,231.222,232.781,234.289,235.717,237.041,238.244,239.326,240.314,241.276,242.341,243.732,245.812
66000.0,104.41,128.695,150.382,169.397,185.765,199.584,210.993,220.144,227.19,232.273,235.525,237.069,237.027,235.542,232.804,229.078,224.738,220.263,216.198,213.049,211.145,210.523,210.919,211.891,213.01,214.023,214.888,215.697,216.551,217.498,218.541,219.671,220.885,222.181,223.557,225.003,226.509,228.061,229.639,231.222,232.781,234.289,235.717,237.041,238.244,239.326,240.314,241.276,242.341,243.732,245.812
66060.0,104.218,128.348,149.922,168.872,185.218,199.051,210.501,219.711,226.823,231.974,235.291,236.894,236.904,235.465,232.764,229.069,224.751,220.289,216.228,213.077,211.165,210.534,210.923,211.891,213.009,214.022,214.888,215.697,216.551,217.498,218.541,219.671,220.885,222.181,223.557,225.003,226.509,228.061,229.639,231.222,232.781,234.289,235.717,237.041,238.244,239.326,240.314,241.276,242.341,243.732,245.812
66120.0,104.032,128.01,149.475,168.359,184.682,198.527,210.015,219.28,226.457,231.675,235.056,236.718,236.781,235.387,232.725,229.06,224.763,220.315,216.259,213.105,211.186,210.546,210.928,211.891,213.008,214.021,214.887,215.696,216.551,217.498,218.541,219.671,220.885,222.181,223.556,225.003,226.509,228.061,229.639,231.222,232.781,234.289,235.717,237.041,238.244,239.326,240.314,241.276,242.341,243.732,245.812
66180.0,103.851,127.682,149.039,167.859,184.157,198.011,209.535,218.853,226.092,231.376,234.821,236.541,236.657,235.308,232.684,229.05,224.776,220.34,216.289,213.132,211.206,210.557,210.932,211.892,213.007,214.02,214.887,215.696,216.551,217.498,218.541,219.671,220.885,222.181,223.556,225.003,226.509,228.061,229.639,231.221,232.781,234.289,235.717,237.041,238.244,239.326,240.314,241.276,242.341,243.732,245.812
66240.0,103.674,127.362,148.615,167.37,183.642,197.504,209.06,218.428,225.729,231.077,234.585,236.364,236.532,235.229,232.643,229.039,224.788,220.366,216.319,213.16,211.226,210.569,210.937,211.892,213.005,214.019,214.886,215.696,216.551,217.498,218.541,219.671,220.885,222.181,223.556,225.003,226.509,228.061,229.639,231.221,232.781,234.289,235.717,237.041,238.244,239.326,240.314,241.276,242.341,243.732,245.812
66300.0,103.502,127.051,148.201,166.892,183.137,197.004,208.59,218.007,225.366,230.778,234.348,236.186,236.406,235.148,232.601,229.028,224.799,220.391,216.349,213.187,211.246,210.581,210.941,211.892,213.004,214.018,214.886,215.696,216.551,217.498,218.541,219.671,220.885,222.181,223.556,225.002,226.509,228.061,229.639,231.221,232.781,234.289,235.717,237.041,238.244,239.326,240.314,241.276,242.341,243.732,245.812
66360.0,103.334,126.748,147.797,166.425,182.642,196.512,208.127,217.589,225.006,230.479,234.111,236.006,236.279,235.067,232.558,229.017,224.81,220.416,216.379,213.215,211.267,210.593,210.946,211.892,213.003,214.017,214.885,215.696,216.551,217.498,218.541,219.67,220.885,222.181,223.556,225.002,226.509,228.061,229.639,231.221,232.781,234.289,235.717,237.041,238.244,239.326,240.314,241.276,242.341,243.732,245.812
66420.0,103.17,126.452,147.402,165.967,182.156,196.028,207.668,217.175,224.646,230.18,233.873,235.827,236.151,234.985,232.515,229.005,224.821,220.44,216.409,213.242,211.287,210.604,210.951,211.893,213.002,214.016,214.885,215.696,216.551,217.498,218.541,219.67,220.885,222.181,223.556,225.002,226.509,228.061,229.639,231.221,232.781,234.289,235.717,237.041,238.244,239.326,240.314,241.276,242.341,243.732,245.812
66480.0,103.01,126.162,147.016,165.519,181.679,195.551,207.215,216.764,224.289,229.882,233.635,235.646,236.023,234.903,232.472,228.992,224.831,220.464,216.438,213.269,211.307,210.616,210.955,211.893,213.001,214.014,214.884,215.696,216.551,217.498,218.541,219.67,220.884,222.181,223.556,225.002,226.509,228.061,229.639,231.221,232.781,234.289,235.717,237.041,238.243,239.326,240.314,241.276,242.341,243.732,245.812
66540.0,102.852,125.88,146.639,165.08,181.21,195.081,206.767,216.356,223.933,229.584,233.397,235.465,235.894,234.82,232.427,228.979,224.841,220.488,216.467,213.296,211.327,210.628,210.96,211.894,212.999,214.013,214.884,215.696,216.551,217.498,218.54,219.67,220.884,222.181,223.556,225.002,226.509,228.061,229.639,231.221,232.781,234.289,235.717,237.041,238.243,239.326,240.314,241.276,242.341,243.732,245.812
66600.0,102.699,125.603,146.269,164.65,180.75,194.618,206.325,215.952,223.579,229.287,233.158,235.282,235.764,234.736,232.382,228.965,224.85,220.512,216.496,213.323,211.348,210.64,210.965,211.894,212.998,214.012,214.883,215.695,216.551,217.498,218.54,219.67,220.884,222.181,223.556,225.002,226.509,228.061,229.639,231.221,232.781,234.289,235.717,237.041,238.243,239.326,240.314,241.276,242.341,243.732,245.812
66660.0,102.548,125.332,145.907,164.227,180.297,194.161,205.888,215.551,223.227,228.99,232.92,235.1,235.633,234.651,232.336,228.951,224.859,220.535,216.525,213.35,211.368,210.651,210.969,211.894,212.997,214.011,214.883,215.695,216.551,217.498,218.54,219.67,220.884,222.181,223.556,225.002,226.509,228.061,229.639,231.221,232.781,234.289,235.717,237.041,238.243,239.326,240.314,241.276,242.341,243.732,245.812
66720.0,102.4,125.067,145.553,163.813,179.852,193.712,205.455,215.153,222.876,228.694,232.681,234.917,235.501,234.565,232.29,228.936,224.868,220.558,216.554,213.377,211.388,210.663,210.974,211.895,212.996,214.01,214.882,215.695,216.551,217.498,218.54,219.67,220.884,222.181,223.556,225.002,226.509,228.06,229.639,231.221,232.781,234.289,235.717,237.041,238.243,239.326,240.314,241.276,242.341,243.732,245.812
66780.0,102.255,124.807,145.205,163.406,179.414,193.268,205.028,214.759,222.528,228.399,232.441,234.733,235.369,234.479,232.243,228.921,224.876,220.581,216.583,213.404,211.408,210.675,210.979,211.895,212.995,214.009,214.882,215.695,216.55,217.498,218.54,219.67,220.884,222.181,223.556,225.002,226.509,228.06,229.639,231.221,232.781,234.289,235.717,237.041,238.243,239.326,240.314,241.276,242.341,243.732,245.812
66840.0,102.113,124.553,144.864,163.007,178.983,192.831,204.605,214.368,222.181,228.104,232.202,234.548,235.236,234.392,232.195,228.905,224.883,220.603,216.611,213.431,211.429,210.687,210.984,211.896,212.994,214.008,214.881,215.695,216.55,217.498,218.54,219.67,220.884,222.181,223.556,225.002,226.508,228.06,229.639,231.221,232.781,234.289,235.717,237.041,238.243,239.326,240.314,241.276,242.341,243.732,245.812
66900.0,101.973,124.303,144.529,162.614,178.559,192.4,204.188,213.981,221.837,227.811,231.963,234.364,235.103,234.304,232.147,228.889,224.891,220.625,216.639,213.458,211.449,210.699,210.989,211.896,212.993,214.007,214.881,215.695,216.55,217.498,218.54,219.67,220.884,222.181,223.556,225.002,226.508,228.06,229.639,231.221,232.781,234.289,235.717,237.041,238.243,239.326,240.314,241.276,242.341,243.732,245.812
66960.0,101.836,124.058,144.201,162.228,178.142,191.975,203.775,213.597,221.494,227.518,231.724,234.178,234.968,234.216,232.098,228.872,224.898,220.647,216.667,213.484,211.469,210.711,210.993,211.897,212.992,214.006,214.88,215.695,216.55,217.498,218.54,219.67,220.884,222.181,223.556,225.002,226.508,228.06,229.639,231.221,232.781,234.289,235.717,237.041,238.243,239.326,240.314,241.276,242.341,243.732,245.812
67020.0,101.701,123.818,143.878,161.849,177.731,191.555,203.366,213.216,221.153,227.226,231.485,233.993,234.833,234.127,232.048,228.854,224.904,220.669,216.695,213.511,211.489,210.723,210.998,211.898,212.99,214.005,214.879,215.694,216.55,217.498,218.54,219.67,220.884,222.181,223.556,225.002,226.508,228.06,229.639,231.221,232.781,234.289,235.717,237.041,238.243,239.326,240.314,241.276,242.341,243.732,245.812
67080.0,101.568,123.581,143.561,161.476,177.327,191.141,202.963,212.839,220.815,226.935,231.246,233.806,234.698,234.037,231.998,228.836,224.91,220.69,216.723,213.537,211.509,210.735,211.003,211.898,212.989,214.004,214.879,215.694,216.55,217.498,218.54,219.67,220.884,222.181,223.556,225.002,226.508,228.06,229.639,231.221,232.781,234.289,235.717,237.041,238.243,239.326,240.314,241.276,242.341,243.732,245.812
67140.0,101.438,123.349,143.25,161.109,176.928,190.732,202.563,212.465,220.479,226.645,231.007,233.62,234.561,233.947,231.947,228.818,224.916,220.711,216.75,213.564,211.529,210.747,211.008,211.899,212.988,214.003,214.878,215.694,216.55,217.498,218.54,219.67,220.884,222.181,223.556,225.002,226.508,228.06,229.639,231.221,232.781,234.289,235.717,237.041,238.243,239.326,240.314,241.276,242.341,243.732,245.812
67200.0,101.309,123.121,142.944,160.748,176.535,190.329,202.168,212.094,220.144,226.356,230.768,233.433,234.425,233.855,231.896,228.799,224.921,220.732,216.778,213.59,211.549,210.759,211.013,211.899,212.987,214.002,214.878,215.694,216.55,217.498,218.54,219.67,220.884,222.181,223.556,225.002,226.508,228.06,229.639,231.221,232.78,234.289,235.717,237.041,238.243,239.326,240.314,241.276,242.341,243.732,245.812
67260.0,101.183,122.897,142.642,160.393,176.148,189.931,201.777,211.726,219.812,226.068,230.53,233.246,234.287,233.764,231.844,228.779,224.926,220.752,216.805,213.616,211.57,210.771,211.018,211.9,212.986,214.0,214.877,215.694,216.55,217.498,218.54,219.67,220.884,222.181,223.556,225.002,226.508,228.06,229.639,231.221,232.78,234.289,235.717,237.041,238.243,239.326,240.314,241.276,242.341,243.732,245.812
67320.0,101.059,122.676,142.346,160.043,175.766,189.537,201.391,211.362,219.482,225.781,230.292,233.059,234.149,233.671,231.791,228.759,224.93,220.772,216.832,213.642,211.59,210.783,211.023,211.901,212.985,213.999,214.877,215.694,216.55,217.498,218.54,219.67,220.884,222.18,223.556,225.002,226.508,228.06,229.639,231.221,232.78,234.289,235.717,237.041,238.243,239.326,240.314,241.276,242.341,243.732,245.812
67380.0,100.936,122.459,142.055,159.698,175.389,189.149,201.008,211.0,219.154,225.496,230.054,232.871,234.011,233.578,231.738,228.739,224.934,220.792,216.858,213.668,211.61,210.795,211.029,211.901,212.984,213.998,214.876,215.693,216.55,217.498,218.54,219.67,220.884,222.18,223.556,225.002,226.508,228.06,229.639,231.221,232.78,234.289,235.717,237.041,238.243,239.326,240.314,241.276,242.341,243.732,245.812
67440.0,100.815,122.246,141.767,159.358,175.018,188.765,200.63,210.642,218.828,225.211,229.817,232.683,233.872,233.485,231.684,228.717,224.938,220.812,216.885,213.694,211.63,210.807,211.034,211.902,212.983,213.997,214.876,215.693,216.55,217.497,218.54,219.67,220.884,222.18,223.555,225.002,226.508,228.06,229.639,231.221,232.78,234.289,235.717,237.04,238.243,239.326,240.314,241.276,242.341,243.732,245.812
67500.0,100.696,122.036,141.485,159.024,174.652,188.386,200.255,210.287,218.504,224.928,229.58,232.496,233.732,233.39,231.63,228.696,224.941,220.831,216.911,213.72,211.65,210.82,211.039,211.903,212.982,213.996,214.875,215.693,216.55,217.497,218.54,219.67,220.884,222.18,223.555,225.002,226.508,228.06,229.639,231.221,232.78,234.289,235.717,237.04,238.243,239.326,240.314,241.276,242.341,243.732,245.812
67560.0,100.579,121.829,141.206,158.694,174.29,188.012,199.885,209.934,218.182,224.645,229.344,232.308,233.593,233.295,231.575,228.674,224.944,220.85,216.938,213.746,211.67,210.832,211.044,211.904,212.981,213.995,214.875,215.693,216.55,217.497,218.54,219.669,220.884,222.18,223.555,225.002,226.508,228.06,229.639,231.221,232.78,234.289,235.717,237.04,238.243,239.326,240.314,241.276,242.341,243.732,245.812
67620.0,100.464,121.625,140.932,158.369,173.933,187.642,199.518,209.585,217.862,224.364,229.108,232.119,233.452,233.2,231.519,228.651,224.946,220.868,216.964,213.772,211.69,210.844,211.049,211.904,212.98,213.994,214.874,215.693,216.55,217.497,218.54,219.669,220.884,222.18,223.555,225.002,226.508,228.06,229.638,231.221,232.78,234.288,235.717,237.04,238.243,239.326,240.314,241.276,242.341,243.732,245.812
67680.0,100.35,121.424,140.662,158.048,173.581,187.276,199.155,209.239,217.545,224.085,228.872,231.931,233.311,233.104,231.463,228.628,224.948,220.886,216.989,213.797,211.71,210.856,211.054,211.905,212.979,213.993,214.874,215.693,216.55,217.497,218.54,219.669,220.884,222.18,223.555,225.001,226.508,228.06,229.638,231.221,232.78,234.288,235.717,237.04,238.243,239.325,240.314,241.276,242.341,243.732,245.812
67740.0,100.237,121.226,140.396,157.732,173.234,186.915,198.795,208.896,217.229,223.806,228.637,231.743,233.17,233.007,231.406,228.604,224.949,220.904,217.015,213.823,211.73,210.868,211.06,211.906,212.978,213.992,214.873,215.693,216.55,217.497,218.54,219.669,220.883,222.18,223.555,225.001,226.508,228.06,229.638,231.221,232.78,234.288,235.717,237.04,238.243,239.325,240.314,241.276,242.341,243.732,245.812
67800.0,100.126,121.031,140.133,157.42,172.89,186.557,198.44,208.555,216.916,223.529,228.402,231.555,233.029,232.91,231.348,228.58,224.951,220.922,217.04,213.848,211.75,210.881,211.065,211.907,212.977,213.991,214.872,215.692,216.55,217.497,218.539,219.669,220.883,222.18,223.555,225.001,226.508,228.06,229.638,231.221,232.78,234.288,235.717,237.04,238.243,239.325,240.314,241.276,242.341,243.732,245.812
67860.0,100.017,120.838,139.874,157.112,172.551,186.204,198.087,208.217,216.604,223.253,228.168,231.366,232.887,232.813,231.29,228.555,224.951,220.94,217.066,213.874,211.77,210.893,211.07,211.908,212.976,213.99,214.872,215.692,216.55,217.497,218.539,219.669,220.883,222.18,223.555,225.001,226.508,228.06,229.638,231.221,232.78,234.288,235.717,237.04,238.243,239.325,240.314,241.276,242.341,243.732,245.812
67920.0,99.909,120.648,139.619,156.808,172.216,185.854,197.738,207.883,216.295,222.978,227.935,231.178,232.744,232.714,231.232,228.53,224.951,220.957,217.091,213.899,211.79,210.905,211.076,211.909,212.975,213.989,214.871,215.692,216.55,217.497,218.539,219.669,220.883,222.18,223.555,225.001,226.508,228.06,229.638,231.221,232.78,234.288,235.717,237.04,238.243,239.325,240.314,241.276,242.341,243.732,245.812
67980.0,99.802,120.461,139.367,156.508,171.886,185.509,197.393,207.551,215.988,222.705,227.702,230.99,232.602,232.616,231.173,228.504,224.951,220.973,217.116,213.924,211.81,210.917,211.081,211.909,212.974,213.988,214.871,215.692,216.55,217.497,218.539,219.669,220.883,222.18,223.555,225.001,226.508,228.06,229.638,231.221,232.78,234.288,235.717,237.04,238.243,239.325,240.314,241.276,242.341,243.732,245.812
68040.0,99.696,120.277,139.118,156.212,171.559,185.167,197.051,207.221,215.682,222.432,227.47,230.801,232.459,232.516,231.113,228.478,224.951,220.99,217.14,213.949,211.829,210.93,211.086,211.91,212.973,213.987,214.87,215.692,216.55,217.497,218.539,219.669,220.883,222.18,223.555,225.001,226.508,228.06,229.638,231.221,232.78,234.288,235.717,237.04,238.243,239.325,240.314,241.276,242.341,243.732,245.812
68100.0,99.592,120.094,138.873,155.92,171.236,184.829,196.712,206.895,215.379,222.161,227.238,230.613,232.316,232.417,231.053,228.451,224.95,221.006,217.165,213.974,211.849,210.942,211.092,211.911,212.973,213.986,214.87,215.692,216.55,217.497,218.539,219.669,220.883,222.18,223.555,225.001,226.508,228.06,229.638,231.221,232.78,234.288,235.717,237.04,238.243,239.325,240.314,241.276,242.341,243.732,245.812
68160.0,99.489,119.914,138.63,155.631,170.917,184.495,196.377,206.571,215.077,221.892,227.007,230.425,232.172,232.317,230.992,228.424,224.948,221.022,217.189,213.999,211.869,210.954,211.097,211.912,212.972,213.985,214.869,215.691,216.55,217.497,218.539,219.669,220.883,222.18,223.555,225.001,226.508,228.06,229.638,231.22,232.78,234.288,235.717,237.04,238.243,239.325,240.314,241.276,242.341,243.732,245.812
68220.0,99.388,119.737,138.391,155.346,170.601,184.164,196.044,206.249,214.778,221.623,226.777,230.237,232.029,232.216,230.931,228.396,224.946,221.037,217.213,214.024,211.889,210.967,211.103,211.913,212.971,213.984,214.869,215.691,216.55,217.497,218.539,219.669,220.883,222.18,223.555,225.001,226.508,228.06,229.638,231.22,232.78,234.288,235.717,237.04,238.243,239.325,240.314,241.276,242.341,243.732,245.812
68280.0,99.287,119.562,138.155,155.064,170.289,183.836,195.715,205.93,214.481,221.356,226.547,230.05,231.885,232.115,230.869,228.368,224.944,221.053,217.237,214.048,211.909,210.979,211.108,211.914,212.97,213.983,214.868,215.691,216.55,217.497,218.539,219.669,220.883,222.18,223.555,225.001,226.508,228.06,229.638,231.22,232.78,234.288,235.717,237.04,238.243,239.325,240.314,241.276,242.341,243.732,245.812
68340.0,99.188,119.389,137.922,154.786,169.981,183.512,195.389,205.614,214.185,221.091,226.318,229.862,231.74,232.013,230.807,228.339,224.942,221.068,217.261,214.073,211.928,210.992,211.114,211.915,212.969,213.982,214.868,215.691,216.55,217.497,218.539,219.669,220.883,222.18,223.555,225.001,226.507,228.059,229.638,231.22,232.78,234.288,235.717,237.04,238.243,239.325,240.314,241.276,242.341,243.732,245.812
68400.0,99.09,119.218,137.692,154.511,169.676,183.191,195.065,205.3,213.891,220.826,226.09,229.675,231.596,231.911,230.744,228.31,224.939,221.082,217.284,214.098,211.948,211.004,211.119,211.916,212.968,213.981,214.867,215.691,216.55,217.497,218.539,219.669,220.883,222.18,223.555,225.001,226.507,228.059,229.638,231.22,232.78,234.288,235.717,237.04,238.243,239.325,240.314,241.276,242.341,243.732,245.812
68460.0,98.993,119.049,137.464,154.239,169.374,182.874,194.745,204.989,213.6,220.563,225.862,229.487,231.451,231.809,230.681,228.28,224.935,221.097,217.308,214.122,211.968,211.016,211.125,211.917,212.967,213.98,214.866,215.691,216.55,217.497,218.539,219.669,220.883,222.18,223.555,225.001,226.507,228.059,229.638,231.22,232.78,234.288,235.717,237.04,238.243,239.325,240.314,241.276,242.341,243.732,245.812
68520.0,98.897,118.882,137.239,153.97,169.075,182.559,194.427,204.68,213.31,220.301,225.635,229.3,231.307,231.706,230.617,228.25,224.931,221.111,217.331,214.146,211.988,211.029,211.131,211.918,212.966,213.979,214.866,215.69,216.55,217.497,218.539,219.669,220.883,222.18,223.555,225.001,226.507,228.059,229.638,231.22,232.78,234.288,235.717,237.04,238.243,239.325,240.314,241.276,242.341,243.732,245.812
68580.0,98.802,118.717,137.017,153.705,168.78,182.248,194.113,204.374,213.022,220.041,225.409,229.114,231.162,231.603,230.552,228.219,224.927,221.124,217.354,214.17,212.007,211.041,211.136,211.92,212.966,213.978,214.865,215.69,216.55,217.497,218.539,219.669,220.883,222.179,223.555,225.001,226.507,228.059,229.638,231.22,232.78,234.288,235.717,237.04,238.243,239.325,240.314,241.276,242.341,243.732,245.812
68640.0,98.708,118.554,136.798,153.442,168.488,181.94,193.801,204.07,212.736,219.781,225.184,228.927,231.017,231.499,230.488,228.188,224.922,221.138,217.377,214.194,212.027,211.054,211.142,211.921,212.965,213.977,214.865,215.69,216.55,217.497,218.539,219.669,220.883,222.179,223.555,225.001,226.507,228.059,229.638,231.22,232.78,234.288,235.717,237.04,238.243,239.325,240.314,241.276,242.341,243.732,245.812
68700.0,98.615,118.393,136.581,153.182,168.199,181.635,193.492,203.768,212.452,219.523,224.959,228.741,230.872,231.395,230.422,228.156,224.917,221.151,217.399,214.218,212.046,211.066,211.148,211.922,212.964,213.976,214.864,215.69,216.55,217.497,218.539,219.669,220.883,222.179,223.555,225.001,226.507,228.059,229.638,231.22,232.78,234.288,235.716,237.04,238.243,239.325,240.314,241.276,242.341,243.732,245.812
68760.0,98.523,118.234,136.366,152.926,167.913,181.333,193.186,203.469,212.169,219.267,224.735,228.555,230.726,231.291,230.357,228.124,224.912,221.164,217.422,214.242,212.066,211.079,211.153,211.923,212.963,213.975,214.864,215.69,216.55,217.497,218.539,219.668,220.883,222.179,223.555,225.001,226.507,228.059,229.638,231.22,232.78,234.288,235.716,237.04,238.243,239.325,240.314,241.276,242.341,243.732,245.812
68820.0,98.432,118.076,136.154,152.671,167.63,181.033,192.882,203.172,211.889,219.011,224.512,228.369,230.581,231.187,230.29,228.091,224.906,221.176,217.444,214.266,212.086,211.091,211.159,211.924,212.962,213.974,214.863,215.69,216.549,217.497,218.539,219.668,220.883,222.179,223.554,225.001,226.507,228.059,229.638,231.22,232.78,234.288,235.716,237.04,238.243,239.325,240.314,241.276,242.341,243.732,245.812
68880.0,98.342,117.921,135.944,152.42,167.35,180.737,192.581,202.877,211.61,218.757,224.289,228.184,230.436,231.082,230.224,228.058,224.899,221.188,217.466,214.29,212.105,211.104,211.165,211.925,212.962,213.973,214.863,215.689,216.549,217.497,218.539,219.668,220.883,222.179,223.554,225.001,226.507,228.059,229.638,231.22,232.78,234.288,235.716,237.04,238.243,239.325,240.314,241.276,242.341,243.732,245.812
68940.0,98.253,117.767,135.737,152.172,167.073,180.443,192.282,202.584,211.333,218.504,224.068,227.998,230.29,230.976,230.157,228.025,224.893,221.2,217.487,214.313,212.125,211.116,211.171,211.927,212.961,213.972,214.862,215.689,216.549,217.497,218.539,219.668,220.882,222.179,223.554,225.001,226.507,228.059,229.638,231.22,232.78,234.288,235.716,237.04,238.243,239.325,240.314,241.276,242.341,243.732,245.812
69000.0,98.165,117.614,135.532,151.925,166.798,180.152,191.986,202.294,211.058,218.253,223.847,227.814,230.145,230.871,230.089,227.991,224.886,221.212,217.509,214.337,212.144,211.129,211.176,211.928,212.96,213.971,214.862,215.689,216.549,217.497,218.539,219.668,220.882,222.179,223.554,225.001,226.507,228.059,229.638,231.22,232.78,234.288,235.716,237.04,238.243,239.325,240.314,241.276,242.341,243.732,245.812
69060.0,98.078,117.464,135.329,151.682,166.527,179.864,191.693,202.006,210.784,218.002,223.627,227.629,229.999,230.765,230.021,227.956,224.878,221.223,217.53,214.36,212.163,211.141,211.182,211.929,212.959,213.97,214.861,215.689,216.549,217.497,218.538,219.668,220.882,222.179,223.554,225.001,226.507,228.059,229.638,231.22,232.78,234.288,235.716,237.04,238.243,239.325,240.314,241.276,242.341,243.732,245.812
69120.0,97.991,117.315,135.128,151.441,166.258,179.578,191.402,201.72,210.513,217.753,223.407,227.445,229.853,230.659,229.953,227.921,224.87,221.234,217.551,214.384,212.183,211.154,211.188,211.93,212.959,213.969,214.86,215.689,216.549,217.497,218.538,219.668,220.882,222.179,223.554,225.0,226.507,228.059,229.638,231.22,232.78,234.288,235.716,237.04,238.243,239.325,240.314,241.276,242.341,243.732,245.812
69180.0,97.906,117.167,134.929,151.203,165.991,179.295,191.113,201.436,210.243,217.505,223.189,227.261,229.708,230.552,229.884,227.886,224.862,221.245,217.572,214.407,212.202,211.167,211.194,211.932,212.958,213.968,214.86,215.689,216.549,217.497,218.538,219.668,220.882,222.179,223.554,225.0,226.507,228.059,229.638,231.22,232.78,234.288,235.716,237.04,238.243,239.325,240.314,241.276,242.341,243.732,245.812
69240.0,97.821,117.021,134.732,150.967,165.727,179.015,190.827,201.154,209.974,217.259,222.971,227.078,229.562,230.446,229.815,227.85,224.853,221.255,217.593,214.43,212.222,211.179,211.2,211.933,212.957,213.967,214.859,215.688,216.549,217.497,218.538,219.668,220.882,222.179,223.554,225.0,226.507,228.059,229.638,231.22,232.78,234.288,235.716,237.04,238.243,239.325,240.314,241.276,242.341,243.732,245.812
69300.0,97.737,116.877,134.538,150.733,165.466,178.737,190.543,200.874,209.708,217.013,222.754,226.895,229.416,230.339,229.745,227.814,224.844,221.265,217.614,214.453,212.241,211.192,211.206,211.934,212.956,213.966,214.859,215.688,216.549,217.497,218.538,219.668,220.882,222.179,223.554,225.0,226.507,228.059,229.638,231.22,232.78,234.288,235.716,237.04,238.243,239.325,240.314,241.276,242.341,243.732,245.812
69360.0,97.654,116.734,134.345,150.502,165.207,178.461,190.262,200.596,209.443,216.769,222.538,226.712,229.271,230.232,229.675,227.777,224.835,221.275,217.634,214.476,212.26,211.204,211.212,211.936,212.956,213.965,214.858,215.688,216.549,217.496,218.538,219.668,220.882,222.179,223.554,225.0,226.507,228.059,229.638,231.22,232.78,234.288,235.716,237.04,238.243,239.325,240.314,241.276,242.341,243.732,245.812
69420.0,97.571,116.592,134.154,150.272,164.95,178.188,189.982,200.32,209.179,216.527,222.323,226.53,229.125,230.124,229.605,227.74,224.825,221.284,217.654,214.498,212.279,211.217,211.218,211.937,212.955,213.964,214.858,215.688,216.549,217.496,218.538,219.668,220.882,222.179,223.554,225.0,226.507,228.059,229.637,231.22,232.779,234.288,235.716,237.04,238.243,239.325,240.314,241.276,242.341,243.732,245.812
69480.0,97.49,116.452,133.966,150.046,164.696,177.918,189.705,200.046,208.917,216.285,222.108,226.348,228.98,230.016,229.534,227.703,224.814,221.293,217.674,214.521,212.298,211.23,211.224,211.939,212.954,213.963,214.857,215.688,216.549,217.496,218.538,219.668,220.882,222.179,223.554,225.0,226.507,228.059,229.637,231.22,232.779,234.288,235.716,237.04,238.243,239.325,240.314,241.276,242.341,243.732,245.812
69540.0,97.409,116.313,133.779,149.821,164.444,177.649,189.43,199.774,208.657,216.045,221.894,226.166,228.834,229.909,229.463,227.665,224.804,221.302,217.694,214.543,212.318,211.242,211.23,211.94,212.954,213.962,214.857,215.687,216.549,217.496,218.538,219.668,220.882,222.179,223.554,225.0,226.507,228.059,229.637,231.22,232.779,234.288,235.716,237.04,238.243,239.325,240.314,241.276,242.341,243.732,245.812
69600.0,97.329,116.176,133.594,149.598,164.195,177.383,189.158,199.504,208.399,215.805,221.681,225.985,228.689,229.8,229.392,227.627,224.793,221.311,217.713,214.566,212.337,211.255,211.236,211.941,212.953,213.961,214.856,215.687,216.549,217.496,218.538,219.668,220.882,222.179,223.554,225.0,226.507,228.059,229.637,231.22,232.779,234.288,235.716,237.04,238.243,239.325,240.314,241.276,242.341,243.732,245.812
69660.0,97.249,116.04,133.411,149.378,163.948,177.119,188.887,199.236,208.142,215.567,221.469,225.804,228.543,229.692,229.32,227.588,224.781,221.319,217.733,214.588,212.356,211.267,211.242,211.943,212.952,213.96,214.855,215.687,216.549,217.496,218.538,219.668,220.882,222.179,223.554,225.0,226.507,228.059,229.637,231.22,232.779,234.288,235.716,237.04,238.243,239.325,240.314,241.276,242.341,243.732,245.812
69720.0,97.17,115.905,133.229,149.16,163.703,176.858,188.619,198.97,207.886,215.331,221.258,225.624,228.398,229.584,229.248,227.549,224.769,221.327,217.752,214.61,212.375,211.28,211.248,211.944,212.952,213.959,214.855,215.687,216.549,217.496,218.538,219.668,220.882,222.179,223.554,225.0,226.507,228.059,229.637,231.22,232.779,234.288,235.716,237.04,238.243,239.325,240.314,241.276,242.341,243.732,245.812
69780.0,97.092,115.772,133.049,148.943,163.46,176.598,188.352,198.706,207.633,215.095,221.047,225.444,228.252,229.475,229.175,227.509,224.757,221.334,217.771,214.632,212.394,211.293,211.254,211.946,212.951,213.958,214.854,215.687,216.549,217.496,218.538,219.668,220.882,222.179,223.554,225.0,226.507,228.059,229.637,231.22,232.779,234.288,235.716,237.04,238.243,239.325,240.314,241.276,242.341,243.732,245.812
69840.0,97.015,115.64,132.871,148.729,163.219,176.341,188.088,198.443,207.38,214.86,220.837,225.264,228.107,229.366,229.102,227.469,224.745,221.342,217.789,214.654,212.413,211.305,211.26,211.947,212.951,213.957,214.854,215.687,216.549,217.496,218.538,219.668,220.882,222.179,223.554,225.0,226.507,228.059,229.637,231.22,232.779,234.288,235.716,237.04,238.243,239.325,240.314,241.276,242.341,243.732,245.812
69900.0,96.938,115.509,132.695,148.517,162.981,176.086,187.825,198.182,207.129,214.627,220.629,225.085,227.962,229.257,229.029,227.429,224.732,221.349,217.808,214.676,212.432,211.318,211.266,211.949,212.95,213.956,214.853,215.686,216.549,217.496,218.538,219.668,220.882,222.178,223.554,225.0,226.506,228.059,229.637,231.22,232.779,234.288,235.716,237.04,238.243,239.325,240.314,241.276,242.341,243.732,245.812
69960.0,96.862,115.379,132.52,148.306,162.744,175.833,187.565,197.924,206.88,214.395,220.42,224.907,227.817,229.148,228.956,227.388,224.718,221.355,217.826,214.698,212.451,211.331,211.273,211.951,212.949,213.955,214.853,215.686,216.549,217.496,218.538,219.667,220.882,222.178,223.554,225.0,226.506,228.058,229.637,231.22,232.779,234.288,235.716,237.04,238.243,239.325,240.314,241.276,242.341,243.732,245.812
70020.0,96.787,115.251,132.347,148.098,162.51,175.582,187.307,197.666,206.632,214.164,220.213,224.729,227.672,229.039,228.882,227.347,224.705,221.362,217.844,214.72,212.47,211.343,211.279,211.952,212.949,213.954,214.852,215.686,216.549,217.496,218.538,219.667,220.882,222.178,223.554,225.0,226.506,228.058,229.637,231.22,232.779,234.288,235.716,237.04,238.243,239.325,240.314,241.276,242.341,243.732,245.812
70080.0,96.712,115.123,132.175,147.891,162.277,175.333,187.05,197.411,206.386,213.934,220.006,224.551,227.528,228.929,228.808,227.306,224.691,221.368,217.862,214.741,212.488,211.356,211.285,211.954,212.948,213.953,214.852,215.686,216.549,217.496,218.538,219.667,220.882,222.178,223.554,225.0,226.506,228.058,229.637,231.22,232.779,234.288,235.716,237.04,238.243,239.325,240.314,241.276,242.341,243.732,245.812
70140.0,96.638,114.997,132.005,147.686,162.047,175.086,186.796,197.157,206.141,213.706,219.801,224.373,227.383,228.82,228.733,227.264,224.676,221.374,217.88,214.762,212.507,211.369,211.291,211.955,212.948,213.953,214.851,215.686,216.549,217.496,218.538,219.667,220.882,222.178,223.553,225.0,226.506,228.058,229.637,231.219,232.779,234.288,235.716,237.04,238.243,239.325,240.314,241.276,242.341,243.732,245.812
70200.0,96.564,114.872,131.837,147.483,161.818,174.841,186.543,196.905,205.898,213.478,219.596,224.197,227.239,228.71,228.658,227.222,224.661,221.379,217.897,214.784,212.526,211.381,211.298,211.957,212.947,213.952,214.85,215.685,216.549,217.496,218.538,219.667,220.881,222.178,223.553,225.0,226.506,228.058,229.637,231.219,232.779,234.287,235.716,237.04,238.243,239.325,240.314,241.276,242.341,243.732,245.812
70260.0,96.491,114.748,131.67,147.282,161.591,174.598,186.292,196.655,205.656,213.252,219.392,224.02,227.094,228.601,228.583,227.179,224.646,221.384,217.914,214.805,212.545,211.394,211.304,211.959,212.947,213.951,214.85,215.685,216.549,217.496,218.538,219.667,220.881,222.178,223.553,225.0,226.506,228.058,229.637,231.219,232.779,234.287,235.716,237.04,238.243,239.325,240.314,241.276,242.341,243.732,245.812
70320.0,96.419,114.625,131.504,147.082,161.367,174.357,186.043,196.406,205.415,213.027,219.188,223.844,226.95,228.491,228.508,227.136,224.631,221.389,217.931,214.826,212.563,211.407,211.31,211.96,212.946,213.95,214.849,215.685,216.549,217.496,218.538,219.667,220.881,222.178,223.553,225.0,226.506,228.058,229.637,231.219,232.779,234.287,235.716,237.04,238.243,239.325,240.314,241.276,242.341,243.732,245.812
70380.0,96.347,114.503,131.34,146.884,161.144,174.117,185.796,196.159,205.176,212.803,218.986,223.669,226.806,228.381,228.433,227.093,224.615,221.394,217.948,214.847,212.582,211.42,211.317,211.962,212.946,213.949,214.849,215.685,216.548,217.496,218.537,219.667,220.881,222.178,223.553,225.0,226.506,228.058,229.637,231.219,232.779,234.287,235.716,237.04,238.243,239.325,240.314,241.276,242.341,243.732,245.812
70440.0,96.276,114.382,131.178,146.688,160.923,173.88,185.55,195.914,204.938,212.58,218.784,223.494,226.662,228.271,228.357,227.049,224.599,221.398,217.965,214.868,212.6,211.432,211.323,211.964,212.945,213.948,214.848,215.685,216.548,217.496,218.537,219.667,220.881,222.178,223.553,225.0,226.506,228.058,229.637,231.219,232.779,234.287,235.716,237.04,238.243,239.325,240.314,241.276,242.341,243.732,245.812
70500.0,96.205,114.263,131.017,146.494,160.703,173.644,185.307,195.67,204.702,212.358,218.583,223.319,226.519,228.161,228.281,227.005,224.582,221.402,217.981,214.888,212.619,211.445,211.329,211.966,212.945,213.947,214.848,215.685,216.548,217.496,218.537,219.667,220.881,222.178,223.553,225.0,226.506,228.058,229.637,231.219,232.779,234.287,235.716,237.04,238.243,239.325,240.314,241.276,242.341,243.732,245.812
70560.0,96.135,114.144,130.857,146.301,160.486,173.41,185.065,195.428,204.467,212.137,218.383,223.145,226.375,228.05,228.204,226.961,224.565,221.406,217.997,214.909,212.637,211.458,211.336,211.967,212.944,213.946,214.847,215.684,216.548,217.496,218.537,219.667,220.881,222.178,223.553,224.999,226.506,228.058,229.637,231.219,232.779,234.287,235.716,237.04,238.243,239.325,240.314,241.276,242.341,243.732,245.812
70620.0,96.065,114.026,130.698,146.11,160.27,173.178,184.824,195.187,204.233,211.917,218.183,222.972,226.232,227.94,228.128,226.916,224.548,221.409,218.013,214.929,212.656,211.47,211.342,211.969,212.944,213.945,214.847,215.684,216.548,217.496,218.537,219.667,220.881,222.178,223.553,224.999,226.506,228.058,229.637,231.219,232.779,234.287,235.716,237.04,238.243,239.325,240.314,241.276,242.341,243.732,245.812
70680.0,95.996,113.909,130.541,145.92,160.056,172.948,184.586,194.948,204.001,211.698,217.984,222.799,226.089,227.83,228.051,226.871,224.53,221.412,218.029,214.95,212.674,211.483,211.349,211.971,212.943,213.944,214.846,215.684,216.548,217.496,218.537,219.667,220.881,222.178,223.553,224.999,226.506,228.058,229.637,231.219,232.779,234.287,235.716,237.04,238.243,239.325,240.314,241.276,242.341,243.732,245.812
70740.0,95.928,113.794,130.385,145.732,159.843,172.719,184.349,194.71,203.77,211.481,217.787,222.626,225.946,227.719,227.974,226.826,224.512,221.415,218.044,214.97,212.692,211.496,211.355,211.973,212.943,213.943,214.845,215.684,216.548,217.496,218.537,219.667,220.881,222.178,223.553,224.999,226.506,228.058,229.637,231.219,232.779,234.287,235.716,237.04,238.243,239.325,240.314,241.276,242.341,243.732,245.812
70800.0,95.86,113.679,130.231,145.545,159.633,172.492,184.113,194.474,203.54,211.264,217.589,222.454,225.803,227.609,227.897,226.78,224.494,221.418,218.06,214.99,212.711,211.509,211.361,211.975,212.942,213.943,214.845,215.684,216.548,217.496,218.537,219.667,220.881,222.178,223.553,224.999,226.506,228.058,229.637,231.219,232.779,234.287,235.716,237.04,238.243,239.325,240.314,241.276,242.341,243.732,245.812
70860.0,95.792,113.565,130.077,145.36,159.424,172.267,183.88,194.239,203.311,211.049,217.393,222.282,225.66,227.498,227.819,226.734,224.475,221.42,218.075,215.01,212.729,211.521,211.368,211.976,212.942,213.942,214.844,215.683,216.548,217.496,218.537,219.667,220.881,222.178,223.553,224.999,226.506,228.058,229.637,231.219,232.779,234.287,235.716,237.04,238.243,239.325,240.314,241.276,242.341,243.732,245.812
70920.0,95.725,113.452,129.925,145.176,159.216,172.044,183.648,194.006,203.084,210.834,217.198,222.111,225.518,227.388,227.742,226.688,224.456,221.422,218.09,215.03,212.747,211.534,211.374,211.978,212.941,213.941,214.844,215.683,216.548,217.496,218.537,219.667,220.881,222.178,223.553,224.999,226.506,228.058,229.637,231.219,232.779,234.287,235.716,237.04,238.243,239.325,240.314,241.276,242.341,243.732,245.812
70980.0,95.659,113.34,129.775,144.994,159.01,171.822,183.417,193.775,202.858,210.621,217.003,221.94,225.376,227.277,227.664,226.641,224.437,221.423,218.105,215.05,212.765,211.547,211.381,211.98,212.941,213.94,214.843,215.683,216.548,217.496,218.537,219.667,220.881,222.178,223.553,224.999,226.506,228.058,229.637,231.219,232.779,234.287,235.716,237.04,238.243,239.325,240.314,241.276,242.341,243.732,245.812
71040.0,95.593,113.229,129.625,144.813,158.806,171.601,183.188,193.544,202.634,210.408,216.809,221.77,225.234,227.167,227.586,226.594,224.417,221.425,218.119,215.069,212.783,211.559,211.388,211.982,212.941,213.939,214.843,215.683,216.548,217.496,218.537,219.667,220.881,222.178,223.553,224.999,226.506,228.058,229.637,231.219,232.779,234.287,235.716,237.04,238.243,239.325,240.314,241.276,242.341,243.732,245.812
71100.0,95.527,113.118,129.477,144.634,158.603,171.382,182.961,193.316,202.41,210.197,216.615,221.6,225.092,227.056,227.507,226.547,224.397,221.426,218.133,215.089,212.802,211.572,211.394,211.984,212.94,213.938,214.842,215.683,216.548,217.496,218.537,219.667,220.881,222.178,223.553,224.999,226.506,228.058,229.637,231.219,232.779,234.287,235.716,237.04,238.243,239.325,240.314,241.276,242.341,243.732,245.812
71160.0,95.462,113.009,129.329,144.456,158.402,171.165,182.735,193.088,202.188,209.987,216.423,221.431,224.951,226.945,227.429,226.499,224.377,221.427,218.147,215.108,212.82,211.585,211.401,211.986,212.94,213.937,214.842,215.682,216.548,217.495,218.537,219.666,220.881,222.178,223.553,224.999,226.506,228.058,229.637,231.219,232.779,234.287,235.716,237.04,238.243,239.325,240.314,241.276,242.341,243.732,245.812
71220.0,95.397,112.9,129.183,144.28,158.202,170.95,182.511,192.862,201.967,209.777,216.231,221.262,224.809,226.835,227.35,226.452,224.357,221.427,218.161,215.127,212.837,211.598,211.407,211.988,212.94,213.936,214.841,215.682,216.548,217.495,218.537,219.666,220.881,222.177,223.553,224.999,226.506,228.058,229.636,231.219,232.779,234.287,235.716,237.04,238.243,239.325,240.314,241.276,242.341,243.732,245.812
71280.0,95.333,112.793,129.038,144.104,158.004,170.735,182.288,192.637,201.748,209.569,216.04,221.094,224.668,226.724,227.271,226.403,224.336,221.427,218.175,215.146,212.855,211.61,211.414,211.99,212.939,213.935,214.84,215.682,216.548,217.495,218.537,219.666,220.881,222.177,223.553,224.999,226.506,228.058,229.636,231.219,232.779,234.287,235.716,237.039,238.243,239.325,240.314,241.276,242.341,243.732,245.812
71340.0,95.27,112.686,128.895,143.931,157.807,170.523,182.066,192.414,201.529,209.362,215.85,220.926,224.528,226.613,227.192,226.355,224.314,221.427,218.188,215.165,212.873,211.623,211.421,211.992,212.939,213.935,214.84,215.682,216.548,217.495,218.537,219.666,220.881,222.177,223.553,224.999,226.506,228.058,229.636,231.219,232.779,234.287,235.716,237.039,238.243,239.325,240.314,241.276,242.341,243.732,245.812
71400.0,95.206,112.58,128.752,143.758,157.611,170.312,181.846,192.192,201.312,209.155,215.66,220.759,224.387,226.503,227.113,226.306,224.293,221.427,218.202,215.184,212.891,211.636,211.427,211.994,212.939,213.934,214.839,215.682,216.548,217.495,218.537,219.666,220.88,222.177,223.553,224.999,226.505,228.058,229.636,231.219,232.779,234.287,235.716,237.039,238.243,239.325,240.314,241.276,242.341,243.732,245.812
71460.0,95.144,112.474,128.61,143.587,157.417,170.102,181.628,191.972,201.096,208.95,215.472,220.592,224.247,226.392,227.033,226.257,224.271,221.426,218.215,215.203,212.909,211.648,211.434,211.996,212.938,213.933,214.839,215.681,216.548,217.495,218.537,219.666,220.88,222.177,223.553,224.999,226.505,228.058,229.636,231.219,232.779,234.287,235.716,237.039,238.243,239.325,240.314,241.276,242.341,243.732,245.812
71520.0,95.081,112.37,128.47,143.417,157.225,169.894,181.411,191.752,200.881,208.745,215.284,220.426,224.107,226.282,226.954,226.208,224.249,221.425,218.227,215.221,212.926,211.661,211.441,211.998,212.938,213.932,214.838,215.681,216.548,217.495,218.537,219.666,220.88,222.177,223.552,224.999,226.505,228.058,229.636,231.219,232.779,234.287,235.716,237.039,238.243,239.325,240.314,241.276,242.341,243.732,245.812
71580.0,95.019,112.266,128.33,143.248,157.034,169.687,181.195,191.534,200.667,208.542,215.096,220.26,223.967,226.171,226.874,226.159,224.226,221.424,218.24,215.24,212.944,211.674,211.447,212.0,212.938,213.931,214.838,215.681,216.548,217.495,218.537,219.666,220.88,222.177,223.552,224.999,226.505,228.057,229.636,231.219,232.779,234.287,235.716,237.039,238.242,239.325,240.314,241.276,242.341,243.732,245.812
71640.0,94.958,112.163,128.192,143.081,156.844,169.481,180.981,191.318,200.454,208.339,214.91,220.095,223.827,226.06,226.794,226.109,224.203,221.423,218.252,215.258,212.962,211.687,211.454,212.002,212.937,213.93,214.837,215.681,216.548,217.495,218.536,219.666,220.88,222.177,223.552,224.999,226.505,228.057,229.636,231.219,232.778,234.287,235.716,237.039,238.242,239.325,240.314,241.276,242.341,243.732,245.812
71700.0,94.897,112.061,128.055,142.914,156.655,169.277,180.768,191.102,200.243,208.138,214.724,219.93,223.688,225.95,226.714,226.059,224.18,221.421,218.265,215.276,212.979,211.699,211.461,212.004,212.937,213.93,214.837,215.681,216.547,217.495,218.536,219.666,220.88,222.177,223.552,224.999,226.505,228.057,229.636,231.219,232.778,234.287,235.716,237.039,238.242,239.325,240.314,241.276,242.341,243.732,245.812
71760.0,94.836,111.96,127.918,142.749,156.468,169.074,180.556,190.888,200.032,207.937,214.539,219.765,223.549,225.839,226.634,226.008,224.157,221.419,218.277,215.295,212.997,211.712,211.468,212.007,212.937,213.929,214.836,215.68,216.547,217.495,218.536,219.666,220.88,222.177,223.552,224.999,226.505,228.057,229.636,231.219,232.778,234.287,235.715,237.039,238.242,239.325,240.314,241.276,242.341,243.732,245.812
71820.0,94.776,111.859,127.783,142.585,156.282,168.873,180.346,190.675,199.823,207.738,214.354,219.601,223.41,225.729,226.554,225.958,224.133,221.416,218.288,215.313,213.014,211.725,211.474,212.009,212.937,213.928,214.835,215.68,216.547,217.495,218.536,219.666,220.88,222.177,223.552,224.999,226.505,228.057,229.636,231.219,232.778,234.287,235.715,237.039,238.242,239.325,240.314,241.276,242.341,243.732,245.812
71880.0,94.716,111.759,127.648,142.423,156.098,168.673,180.137,190.464,199.615,207.539,214.171,219.438,223.271,225.618,226.473,225.907,224.109,221.414,218.3,215.33,213.032,211.737,211.481,212.011,212.936,213.927,214.835,215.68,216.547,217.495,218.536,219.666,220.88,222.177,223.552,224.999,226.505,228.057,229.636,231.219,232.778,234.287,235.715,237.039,238.242,239.325,240.314,241.276,242.341,243.732,245.812
71940.0,94.656,111.66,127.515,142.261,155.914,168.474,179.929,190.253,199.408,207.341,213.988,219.275,223.133,225.508,226.393,225.856,224.085,221.411,218.311,215.348,213.049,211.75,211.488,212.013,212.936,213.926,214.834,215.68,216.547,217.495,218.536,219.666,220.88,222.177,223.552,224.999,226.505,228.057,229.636,231.219,232.778,234.287,235.715,237.039,238.242,239.325,240.314,241.276,242.341,243.732,245.812
72000.0,94.597,111.561,127.383,142.101,155.732,168.277,179.723,190.044,199.202,207.144,213.805,219.113,222.995,225.398,226.312,225.805,224.06,221.408,218.322,215.366,213.066,211.763,211.495,212.015,212.936,213.925,214.834,215.68,216.547,217.495,218.536,219.666,220.88,222.177,223.552,224.998,226.505,228.057,229.636,231.219,232.778,234.287,235.715,237.039,238.242,239.325,240.314,241.276,242.341,243.732,245.812
72060.0,94.538,111.463,127.251,141.942,155.552,168.081,179.518,189.836,198.997,206.948,213.624,218.951,222.857,225.287,226.231,225.753,224.035,221.404,218.333,215.383,213.083,211.775,211.502,212.018,212.936,213.925,214.833,215.679,216.547,217.495,218.536,219.666,220.88,222.177,223.552,224.998,226.505,228.057,229.636,231.219,232.778,234.287,235.715,237.039,238.242,239.325,240.314,241.276,242.341,243.732,245.812
72120.0,94.48,111.366,127.121,141.784,155.372,167.886,179.314,189.629,198.793,206.753,213.443,218.789,222.719,225.177,226.15,225.702,224.01,221.401,218.344,215.4,213.1,211.788,211.509,212.02,212.935,213.924,214.833,215.679,216.547,217.495,218.536,219.666,220.88,222.177,223.552,224.998,226.505,228.057,229.636,231.218,232.778,234.287,235.715,237.039,238.242,239.325,240.314,241.276,242.341,243.732,245.812
72180.0,94.422,111.27,126.991,141.627,155.194,167.693,179.111,189.423,198.59,206.559,213.263,218.628,222.582,225.067,226.069,225.65,223.985,221.397,218.354,215.418,213.118,211.801,211.516,212.022,212.935,213.923,214.832,215.679,216.547,217.495,218.536,219.666,220.88,222.177,223.552,224.998,226.505,228.057,229.636,231.218,232.778,234.287,235.715,237.039,238.242,239.325,240.314,241.276,242.341,243.732,245.812
72240.0,94.365,111.174,126.862,141.471,155.017,167.5,178.91,189.219,198.388,206.365,213.084,218.468,222.445,224.957,225.988,225.597,223.959,221.393,218.365,215.435,213.135,211.813,211.522,212.024,212.935,213.922,214.832,215.679,216.547,217.495,218.536,219.666,220.88,222.177,223.552,224.998,226.505,228.057,229.636,231.218,232.778,234.287,235.715,237.039,238.242,239.325,240.314,241.276,242.341,243.732,245.812
72300.0,94.307,111.079,126.734,141.316,154.841,167.309,178.709,189.015,198.188,206.173,212.905,218.308,222.308,224.847,225.907,225.545,223.933,221.388,218.375,215.452,213.152,211.826,211.529,212.027,212.935,213.921,214.831,215.679,216.547,217.495,218.536,219.666,220.88,222.177,223.552,224.998,226.505,228.057,229.636,231.218,232.778,234.287,235.715,237.039,238.242,239.325,240.314,241.276,242.341,243.732,245.812
72360.0,94.25,110.984,126.608,141.162,154.666,167.119,178.51,188.813,197.988,205.981,212.727,218.149,222.172,224.737,225.825,225.492,223.907,221.383,218.385,215.468,213.168,211.838,211.536,212.029,212.935,213.921,214.83,215.678,216.547,217.495,218.536,219.665,220.88,222.177,223.552,224.998,226.505,228.057,229.636,231.218,232.778,234.287,235.715,237.039,238.242,239.325,240.314,241.276,242.341,243.732,245.812
72420.0,94.194,110.891,126.481,141.009,154.492,166.931,178.313,188.612,197.789,205.791,212.549,217.99,222.036,224.627,225.744,225.439,223.88,221.378,218.394,215.485,213.185,211.851,211.543,212.031,212.935,213.92,214.83,215.678,216.547,217.495,218.536,219.665,220.88,222.177,223.552,224.998,226.505,228.057,229.636,231.218,232.778,234.287,235.715,237.039,238.242,239.325,240.314,241.276,242.341,243.732,245.812
72480.0,94.138,110.797,126.356,140.858,154.32,166.743,178.116,188.412,197.592,205.601,212.373,217.831,221.9,224.517,225.662,225.386,223.853,221.373,218.404,215.502,213.202,211.864,211.55,212.034,212.935,213.919,214.829,215.678,216.547,217.495,218.536,219.665,220.88,222.176,223.552,224.998,226.505,228.057,229.636,231.218,232.778,234.287,235.715,237.039,238.242,239.325,240.313,241.276,242.341,243.732,245.812
72540.0,94.082,110.705,126.232,140.707,154.148,166.557,177.921,188.213,197.395,205.412,212.197,217.673,221.764,224.408,225.581,225.333,223.826,221.368,218.413,215.518,213.219,211.876,211.557,212.036,212.934,213.918,214.829,215.678,216.547,217.495,218.536,219.665,220.88,222.176,223.552,224.998,226.505,228.057,229.636,231.218,232.778,234.287,235.715,237.039,238.242,239.325,240.313,241.276,242.341,243.732,245.812
72600.0,94.026,110.613,126.109,140.557,153.978,166.372,177.726,188.015,197.199,205.224,212.021,217.515,221.629,224.298,225.499,225.28,223.799,221.362,218.422,215.534,213.236,211.889,211.564,212.038,212.934,213.917,214.828,215.678,216.547,217.495,218.536,219.665,220.88,222.176,223.552,224.998,226.505,228.057,229.636,231.218,232.778,234.287,235.715,237.039,238.242,239.325,240.313,241.276,242.341,243.732,245.812
72660.0,93.971,110.521,125.986,140.409,153.809,166.188,177.533,187.819,197.005,205.036,211.847,217.358,221.493,224.188,225.417,225.226,223.771,221.356,218.431,215.55,213.252,211.901,211.571,212.041,212.934,213.917,214.828,215.677,216.547,217.495,218.536,219.665,220.879,222.176,223.552,224.998,226.505,228.057,229.636,231.218,232.778,234.287,235.715,237.039,238.242,239.325,240.313,241.276,242.341,243.732,245.812
72720.0,93.916,110.431,125.864,140.261,153.641,166.005,177.341,187.623,196.811,204.85,211.673,217.202,221.359,224.079,225.335,225.172,223.744,221.349,218.44,215.566,213.269,211.914,211.578,212.043,212.934,213.916,214.827,215.677,216.547,217.495,218.536,219.665,220.879,222.176,223.552,224.998,226.505,228.057,229.636,231.218,232.778,234.287,235.715,237.039,238.242,239.325,240.313,241.276,242.341,243.732,245.812
72780.0,93.862,110.341,125.743,140.114,153.474,165.823,177.15,187.429,196.618,204.664,211.499,217.046,221.224,223.969,225.253,225.118,223.716,221.343,218.448,215.582,213.285,211.927,211.585,212.046,212.934,213.915,214.827,215.677,216.547,217.495,218.536,219.665,220.879,222.176,223.552,224.998,226.505,228.057,229.636,231.218,232.778,234.286,235.715,237.039,238.242,239.325,240.313,241.276,242.341,243.732,245.812
72840.0,93.808,110.251,125.623,139.969,153.308,165.643,176.96,187.235,196.426,204.48,211.327,216.89,221.09,223.86,225.171,225.064,223.687,221.336,218.456,215.598,213.302,211.939,211.592,212.048,212.934,213.914,214.826,215.677,216.546,217.495,218.536,219.665,220.879,222.176,223.551,224.998,226.505,228.057,229.636,231.218,232.778,234.286,235.715,237.039,238.242,239.325,240.313,241.276,242.341,243.732,245.812
72900.0,93.754,110.162,125.503,139.824,153.143,165.463,176.772,187.043,196.235,204.296,211.155,216.735,220.956,223.751,225.089,225.009,223.659,221.329,218.464,215.614,213.318,211.952,211.599,212.051,212.934,213.914,214.825,215.676,216.546,217.495,218.536,219.665,220.879,222.176,223.551,224.998,226.505,228.057,229.636,231.218,232.778,234.286,235.715,237.039,238.242,239.325,240.313,241.276,242.341,243.732,245.812
72960.0,93.7,110.074,125.385,139.68,152.979,165.285,176.584,186.851,196.046,204.112,210.983,216.58,220.822,223.642,225.007,224.955,223.63,221.322,218.472,215.629,213.334,211.964,211.606,212.053,212.934,213.913,214.825,215.676,216.546,217.494,218.535,219.665,220.879,222.176,223.551,224.998,226.504,228.057,229.635,231.218,232.778,234.286,235.715,237.039,238.242,239.325,240.313,241.276,242.341,243.732,245.812
73020.0,93.647,109.986,125.267,139.537,152.816,165.107,176.398,186.661,195.857,203.93,210.813,216.426,220.689,223.533,224.925,224.9,223.601,221.314,218.48,215.645,213.351,211.977,211.613,212.056,212.934,213.912,214.824,215.676,216.546,217.494,218.535,219.665,220.879,222.176,223.551,224.998,226.504,228.057,229.635,231.218,232.778,234.286,235.715,237.039,238.242,239.325,240.313,241.276,242.341,243.732,245.812
73080.0,93.594,109.899,125.15,139.395,152.655,164.931,176.212,186.471,195.668,203.748,210.643,216.272,220.556,223.424,224.843,224.845,223.571,221.306,218.487,215.66,213.367,211.989,211.621,212.058,212.934,213.911,214.824,215.676,216.546,217.494,218.535,219.665,220.879,222.176,223.551,224.998,226.504,228.057,229.635,231.218,232.778,234.286,235.715,237.039,238.242,239.325,240.313,241.276,242.341,243.732,245.812
73140.0,93.542,109.812,125.033,139.254,152.494,164.756,176.028,186.283,195.481,203.568,210.473,216.119,220.423,223.315,224.76,224.79,223.542,221.298,218.494,215.675,213.383,212.002,211.628,212.061,212.934,213.911,214.823,215.676,216.546,217.494,218.535,219.665,220.879,222.176,223.551,224.998,226.504,228.057,229.635,231.218,232.778,234.286,235.715,237.039,238.242,239.325,240.313,241.276,242.341,243.732,245.812
73200.0,93.49,109.726,124.918,139.114,152.334,164.582,175.844,186.095,195.295,203.388,210.304,215.966,220.29,223.207,224.678,224.734,223.512,221.29,218.501,215.69,213.399,212.014,211.635,212.063,212.934,213.91,214.823,215.675,216.546,217.494,218.535,219.665,220.879,222.176,223.551,224.998,226.504,228.057,229.635,231.218,232.778,234.286,235.715,237.039,238.242,239.325,240.313,241.276,242.341,243.732,245.812
73260.0,93.438,109.64,124.803,138.974,152.175,164.408,175.662,185.909,195.11,203.208,210.136,215.814,220.158,223.098,224.596,224.679,223.482,221.281,218.508,215.705,213.415,212.026,211.642,212.066,212.934,213.909,214.822,215.675,216.546,217.494,218.535,219.665,220.879,222.176,223.551,224.998,226.504,228.056,229.635,231.218,232.778,234.286,235.715,237.039,238.242,239.325,240.313,241.276,242.341,243.732,245.812
73320.0,93.386,109.555,124.689,138.836,152.017,164.236,175.48,185.724,194.925,203.03,209.969,215.662,220.026,222.989,224.513,224.623,223.452,221.273,218.515,215.719,213.431,212.039,211.649,212.068,212.934,213.908,214.822,215.675,216.546,217.494,218.535,219.665,220.879,222.176,223.551,224.998,226.504,228.056,229.635,231.218,232.778,234.286,235.715,237.039,238.242,239.325,240.313,241.276,242.341,243.732,245.812
73380.0,93.335,109.47,124.575,138.698,151.86,164.065,175.3,185.539,194.742,202.852,209.802,215.51,219.894,222.881,224.431,224.567,223.421,221.264,218.521,215.734,213.447,212.051,211.656,212.071,212.934,213.908,214.821,215.675,216.546,217.494,218.535,219.665,220.879,222.176,223.551,224.998,226.504,228.056,229.635,231.218,232.778,234.286,235.715,237.039,238.242,239.325,240.313,241.276,242.341,243.732,245.812
73440.0,93.283,109.386,124.463,138.562,151.704,163.895,175.121,185.356,194.559,202.675,209.636,215.359,219.763,222.773,224.348,224.511,223.39,221.254,218.527,215.748,213.462,212.064,211.663,212.074,212.934,213.907,214.82,215.674,216.546,217.494,218.535,219.665,220.879,222.176,223.551,224.997,226.504,228.056,229.635,231.218,232.778,234.286,235.715,237.039,238.242,239.325,240.313,241.276,242.341,243.732,245.812
73500.0,93.233,109.303,124.351,138.426,151.549,163.726,174.942,185.173,194.377,202.499,209.47,215.209,219.632,222.665,224.265,224.455,223.359,221.245,218.533,215.763,213.478,212.076,211.671,212.076,212.934,213.906,214.82,215.674,216.546,217.494,218.535,219.665,220.879,222.176,223.551,224.997,226.504,228.056,229.635,231.218,232.778,234.286,235.715,237.039,238.242,239.325,240.313,241.276,242.341,243.732,245.812
73560.0,93.182,109.22,124.239,138.291,151.395,163.557,174.765,184.991,194.196,202.324,209.305,215.059,219.501,222.557,224.183,224.399,223.328,221.235,218.539,215.777,213.494,212.088,211.678,212.079,212.934,213.905,214.819,215.674,216.546,217.494,218.535,219.664,220.879,222.176,223.551,224.997,226.504,228.056,229.635,231.218,232.778,234.286,235.715,237.039,238.242,239.325,240.313,241.276,242.341,243.732,245.812
73620.0,93.132,109.137,124.129,138.156,151.242,163.39,174.588,184.811,194.016,202.149,209.141,214.909,219.371,222.449,224.1,224.342,223.297,221.225,218.545,215.791,213.509,212.101,211.685,212.082,212.934,213.905,214.819,215.674,216.546,217.494,218.535,219.664,220.879,222.176,223.551,224.997,226.504,228.056,229.635,231.218,232.778,234.286,235.715,237.039,238.242,239.325,240.313,241.276,242.341,243.732,245.812
73680.0,93.082,109.055,124.019,138.023,151.09,163.224,174.413,184.631,193.837,201.975,208.977,214.76,219.24,222.341,224.018,224.286,223.265,221.215,218.55,215.805,213.525,212.113,211.692,212.084,212.934,213.904,214.818,215.674,216.546,217.494,218.535,219.664,220.879,222.176,223.551,224.997,226.504,228.056,229.635,231.218,232.778,234.286,235.715,237.039,238.242,239.325,240.313,241.276,242.341,243.732,245.812
73740.0,93.032,108.974,123.91,137.89,150.939,163.059,174.238,184.452,193.658,201.802,208.814,214.611,219.11,222.234,223.935,224.229,223.233,221.205,218.555,215.818,213.54,212.126,211.699,212.087,212.934,213.903,214.818,215.673,216.546,217.494,218.535,219.664,220.879,222.176,223.551,224.997,226.504,228.056,229.635,231.218,232.778,234.286,235.715,237.039,238.242,239.325,240.313,241.276,242.341,243.732,245.812
73800.0,92.983,108.893,123.801,137.758,150.788,162.894,174.065,184.274,193.481,201.63,208.651,214.463,218.981,222.126,223.852,224.172,223.201,221.194,218.56,215.832,213.556,212.138,211.707,212.09,212.934,213.903,214.817,215.673,216.546,217.494,218.535,219.664,220.879,222.175,223.551,224.997,226.504,228.056,229.635,231.218,232.778,234.286,235.715,237.039,238.242,239.325,240.313,241.276,242.341,243.732,245.812
73860.0,92.934,108.812,123.693,137.627,150.639,162.731,173.892,184.097,193.304,201.458,208.489,214.316,218.851,222.019,223.769,224.115,223.169,221.183,218.565,215.845,213.571,212.15,211.714,212.093,212.935,213.902,214.817,215.673,216.545,217.494,218.535,219.664,220.879,222.175,223.551,224.997,226.504,228.056,229.635,231.218,232.777,234.286,235.715,237.039,238.242,239.325,240.313,241.276,242.341,243.732,245.812
73920.0,92.885,108.732,123.586,137.497,150.49,162.568,173.72,183.921,193.128,201.287,208.328,214.168,218.722,221.912,223.687,224.058,223.137,221.172,218.57,215.859,213.586,212.162,211.721,212.095,212.935,213.901,214.816,215.673,216.545,217.494,218.535,219.664,220.878,222.175,223.551,224.997,226.504,228.056,229.635,231.218,232.777,234.286,235.715,237.039,238.242,239.325,240.313,241.276,242.341,243.732,245.812
73980.0,92.836,108.653,123.479,137.368,150.342,162.406,173.55,183.745,192.953,201.117,208.167,214.021,218.594,221.805,223.604,224.001,223.104,221.161,218.574,215.872,213.602,212.175,211.728,212.098,212.935,213.901,214.816,215.672,216.545,217.494,218.535,219.664,220.878,222.175,223.551,224.997,226.504,228.056,229.635,231.218,232.777,234.286,235.715,237.039,238.242,239.325,240.313,241.276,242.341,243.732,245.812
74040.0,92.788,108.573,123.373,137.239,150.195,162.246,173.38,183.571,192.779,200.948,208.007,213.875,218.465,221.698,223.521,223.944,223.071,221.149,218.578,215.885,213.617,212.187,211.736,212.101,212.935,213.9,214.815,215.672,216.545,217.494,218.535,219.664,220.878,222.175,223.551,224.997,226.504,228.056,229.635,231.218,232.777,234.286,235.715,237.039,238.242,239.325,240.313,241.276,242.341,243.732,245.812
74100.0,92.74,108.495,123.268,137.111,150.049,162.086,173.211,183.397,192.605,200.779,207.847,213.729,218.337,221.591,223.438,223.886,223.038,221.137,218.582,215.898,213.632,212.199,211.743,212.104,212.935,213.899,214.814,215.672,216.545,217.494,218.535,219.664,220.878,222.175,223.551,224.997,226.504,228.056,229.635,231.217,232.777,234.286,235.715,237.039,238.242,239.325,240.313,241.276,242.341,243.732,245.812
74160.0,92.692,108.417,123.163,136.984,149.903,161.927,173.042,183.225,192.433,200.611,207.688,213.584,218.209,221.484,223.356,223.828,223.005,221.125,218.586,215.911,213.647,212.211,211.75,212.106,212.935,213.899,214.814,215.672,216.545,217.494,218.535,219.664,220.878,222.175,223.551,224.997,226.504,228.056,229.635,231.217,232.777,234.286,235.715,237.039,238.242,239.325,240.313,241.276,242.341,243.733,245.812
74220.0,92.644,108.339,123.059,136.857,149.759,161.769,172.875,183.053,192.261,200.443,207.53,213.438,218.081,221.378,223.273,223.771,222.971,221.113,218.59,215.923,213.662,212.224,211.757,212.109,212.935,213.898,214.813,215.672,216.545,217.494,218.534,219.664,220.878,222.175,223.55,224.997,226.504,228.056,229.635,231.217,232.777,234.286,235.715,237.039,238.242,239.325,240.313,241.276,242.341,243.733,245.812
74280.0,92.597,108.262,122.955,136.732,149.615,161.611,172.709,182.882,192.09,200.276,207.372,213.294,217.954,221.271,223.19,223.713,222.938,221.101,218.593,215.936,213.677,212.236,211.765,212.112,212.936,213.897,214.813,215.671,216.545,217.494,218.534,219.664,220.878,222.175,223.55,224.997,226.504,228.056,229.635,231.217,232.777,234.286,235.715,237.039,238.242,239.325,240.313,241.276,242.341,243.733,245.813
74340.0,92.55,108.185,122.852,136.607,149.472,161.455,172.543,182.712,191.919,200.11,207.215,213.15,217.827,221.165,223.107,223.655,222.904,221.088,218.596,215.948,213.691,212.248,211.772,212.115,212.936,213.897,214.812,215.671,216.545,217.494,218.534,219.664,220.878,222.175,223.55,224.997,226.504,228.056,229.635,231.217,232.777,234.286,235.715,237.039,238.242,239.325,240.313,241.276,242.341,243.733,245.813
74400.0,92.503,108.108,122.75,136.482,149.33,161.299,172.379,182.542,191.75,199.945,207.058,213.006,217.7,221.059,223.024,223.597,222.87,221.075,218.6,215.96,213.706,212.26,211.779,212.118,212.936,213.896,214.812,215.671,216.545,217.494,218.534,219.664,220.878,222.175,223.55,224.997,226.504,228.056,229.635,231.217,232.777,234.286,235.715,237.039,238.242,239.325,240.313,241.276,242.341,243.733,245.813
74460.0,92.457,108.032,122.648,136.359,149.189,161.145,172.215,182.374,191.581,199.78,206.902,212.863,217.574,220.953,222.942,223.538,222.836,221.062,218.602,215.973,213.721,212.272,211.787,212.121,212.936,213.895,214.811,215.671,216.545,217.494,218.534,219.664,220.878,222.175,223.55,224.997,226.503,228.056,229.635,231.217,232.777,234.286,235.715,237.039,238.242,239.325,240.313,241.276,242.341,243.733,245.813
74520.0,92.41,107.957,122.547,136.236,149.048,160.991,172.052,182.206,191.413,199.616,206.746,212.72,217.448,220.847,222.859,223.48,222.801,221.049,218.605,215.985,213.735,212.284,211.794,212.124,212.937,213.895,214.811,215.67,216.545,217.494,218.534,219.664,220.878,222.175,223.55,224.997,226.503,228.056,229.635,231.217,232.777,234.286,235.715,237.039,238.242,239.325,240.313,241.276,242.341,243.733,245.813
74580.0,92.364,107.882,122.447,136.114,148.909,160.838,171.89,182.039,191.246,199.453,206.591,212.577,217.322,220.741,222.776,223.422,222.767,221.035,218.608,215.996,213.75,212.296,211.801,212.127,212.937,213.894,214.81,215.67,216.545,217.494,218.534,219.664,220.878,222.175,223.55,224.997,226.503,228.056,229.635,231.217,232.777,234.286,235.715,237.039,238.242,239.325,240.313,241.276,242.341,243.733,245.813
74640.0,92.318,107.807,122.347,135.992,148.77,160.685,171.728,181.873,191.079,199.29,206.437,212.435,217.197,220.636,222.693,223.363,222.732,221.022,218.61,216.008,213.764,212.308,211.809,212.13,212.937,213.893,214.81,215.67,216.545,217.493,218.534,219.664,220.878,222.175,223.55,224.997,226.503,228.056,229.635,231.217,232.777,234.286,235.715,237.039,238.242,239.325,240.313,241.276,242.341,243.733,245.813
74700.0,92.273,107.733,122.247,135.871,148.632,160.534,171.568,181.708,190.913,199.128,206.283,212.294,217.071,220.531,222.611,223.304,222.697,221.008,218.612,216.02,213.778,212.32,211.816,212.133,212.937,213.893,214.809,215.67,216.545,217.493,218.534,219.664,220.878,222.175,223.55,224.997,226.503,228.056,229.635,231.217,232.777,234.286,235.715,237.039,238.242,239.325,240.313,241.276,242.341,243.733,245.813
74760.0,92.227,107.659,122.148,135.751,148.494,160.383,171.408,181.543,190.748,198.967,206.13,212.153,216.946,220.425,222.528,223.246,222.662,220.994,218.614,216.031,213.793,212.332,211.823,212.135,212.938,213.892,214.809,215.67,216.545,217.493,218.534,219.663,220.878,222.175,223.55,224.997,226.503,228.056,229.634,231.217,232.777,234.286,235.715,237.039,238.242,239.325,240.313,241.276,242.341,243.733,245.813
74820.0,92.182,107.585,122.05,135.632,148.357,160.233,171.249,181.379,190.584,198.806,205.977,212.012,216.822,220.32,222.445,223.187,222.627,220.979,218.616,216.042,213.807,212.344,211.831,212.138,212.938,213.891,214.808,215.669,216.544,217.493,218.534,219.663,220.878,222.175,223.55,224.997,226.503,228.056,229.634,231.217,232.777,234.286,235.715,237.039,238.242,239.325,240.313,241.276,242.341,243.733,245.813
74880.0,92.137,107.512,121.952,135.513,148.222,160.084,171.091,181.216,190.42,198.646,205.825,211.872,216.697,220.215,222.363,223.128,222.591,220.965,218.617,216.054,213.821,212.356,211.838,212.141,212.938,213.891,214.807,215.669,216.544,217.493,218.534,219.663,220.878,222.175,223.55,224.996,226.503,228.055,229.634,231.217,232.777,234.286,235.714,237.039,238.242,239.325,240.313,241.276,242.341,243.733,245.813
74940.0,92.092,107.439,121.855,135.395,148.086,159.936,170.934,181.054,190.257,198.487,205.673,211.732,216.573,220.111,222.28,223.069,222.556,220.95,218.619,216.065,213.835,212.368,211.846,212.144,212.939,213.89,214.807,215.669,216.544,217.493,218.534,219.663,220.878,222.175,223.55,224.996,226.503,228.055,229.634,231.217,232.777,234.286,235.714,237.039,238.242,239.325,240.313,241.276,242.341,243.733,245.813
75000.0,92.048,107.367,121.758,135.277,147.952,159.788,170.777,180.893,190.095,198.328,205.522,211.592,216.449,220.006,222.197,223.01,222.52,220.935,218.62,216.076,213.849,212.38,211.853,212.148,212.939,213.89,214.806,215.669,216.544,217.493,218.534,219.663,220.878,222.175,223.55,224.996,226.503,228.055,229.634,231.217,232.777,234.286,235.714,237.039,238.242,239.325,240.313,241.276,242.341,243.733,245.813
75060.0,92.004,107.295,121.662,135.161,147.818,159.642,170.621,180.732,189.934,198.17,205.371,211.453,216.326,219.901,222.115,222.951,222.484,220.92,218.621,216.086,213.863,212.392,211.86,212.151,212.939,213.889,214.806,215.668,216.544,217.493,218.534,219.663,220.878,222.174,223.55,224.996,226.503,228.055,229.634,231.217,232.777,234.286,235.714,237.039,238.242,239.325,240.313,241.276,242.341,243.733,245.813
75120.0,91.96,107.224,121.566,135.044,147.685,159.496,170.466,180.572,189.773,198.013,205.221,211.315,216.203,219.797,222.032,222.891,222.448,220.905,218.622,216.097,213.877,212.404,211.868,212.154,212.94,213.888,214.805,215.668,216.544,217.493,218.534,219.663,220.877,222.174,223.55,224.996,226.503,228.055,229.634,231.217,232.777,234.286,235.714,237.038,238.242,239.325,240.313,241.276,242.341,243.733,245.813
75180.0,91.916,107.153,121.471,134.929,147.553,159.35,170.312,180.413,189.613,197.856,205.071,211.177,216.08,219.693,221.949,222.832,222.411,220.889,218.622,216.107,213.89,212.416,211.875,212.157,212.94,213.888,214.805,215.668,216.544,217.493,218.534,219.663,220.877,222.174,223.55,224.996,226.503,228.055,229.634,231.217,232.777,234.286,235.714,237.038,238.242,239.325,240.313,241.276,242.341,243.733,245.813
75240.0,91.872,107.082,121.377,134.814,147.421,159.206,170.159,180.254,189.453,197.699,204.922,211.039,215.957,219.589,221.867,222.772,222.375,220.873,218.623,216.118,213.904,212.428,211.883,212.16,212.94,213.887,214.804,215.668,216.544,217.493,218.534,219.663,220.877,222.174,223.55,224.996,226.503,228.055,229.634,231.217,232.777,234.286,235.714,237.038,238.242,239.325,240.313,241.276,242.341,243.733,245.813
75300.0,91.829,107.011,121.283,134.699,147.29,159.062,170.006,180.097,189.295,197.544,204.774,210.901,215.835,219.485,221.784,222.713,222.338,220.858,218.623,216.128,213.918,212.439,211.89,212.163,212.941,213.887,214.804,215.667,216.544,217.493,218.534,219.663,220.877,222.174,223.55,224.996,226.503,228.055,229.634,231.217,232.777,234.286,235.714,237.038,238.242,239.325,240.313,241.276,242.341,243.733,245.813
75360.0,91.785,106.941,121.189,134.586,147.16,158.919,169.854,179.94,189.137,197.389,204.626,210.764,215.713,219.382,221.702,222.653,222.302,220.841,218.623,216.138,213.931,212.451,211.897,212.166,212.941,213.886,214.803,215.667,216.544,217.493,218.534,219.663,220.877,222.174,223.55,224.996,226.503,228.055,229.634,231.217,232.777,234.285,235.714,237.038,238.242,239.324,240.313,241.276,242.341,243.733,245.813
75420.0,91.742,106.872,121.096,134.473,147.03,158.776,169.703,179.783,188.979,197.234,204.479,210.628,215.591,219.278,221.619,222.594,222.265,220.825,218.623,216.148,213.945,212.463,211.905,212.169,212.941,213.885,214.803,215.667,216.544,217.493,218.534,219.663,220.877,222.174,223.55,224.996,226.503,228.055,229.634,231.217,232.777,234.285,235.714,237.038,238.242,239.324,240.313,241.276,242.341,243.733,245.813
75480.0,91.7,106.803,121.003,134.36,146.901,158.635,169.552,179.628,188.823,197.081,204.332,210.492,215.469,219.175,221.537,222.534,222.228,220.809,218.623,216.158,213.958,212.475,211.912,212.172,212.942,213.885,214.802,215.667,216.544,217.493,218.534,219.663,220.877,222.174,223.55,224.996,226.503,228.055,229.634,231.217,232.777,234.285,235.714,237.038,238.242,239.324,240.313,241.276,242.341,243.733,245.813
75540.0,91.657,106.734,120.911,134.248,146.773,158.494,169.402,179.473,188.666,196.927,204.185,210.356,215.348,219.071,221.455,222.474,222.191,220.792,218.623,216.168,213.971,212.486,211.92,212.175,212.942,213.884,214.802,215.667,216.544,217.493,218.533,219.663,220.877,222.174,223.55,224.996,226.503,228.055,229.634,231.217,232.777,234.285,235.714,237.038,238.242,239.324,240.313,241.276,242.341,243.733,245.813
75600.0,91.615,106.665,120.82,134.137,146.645,158.354,169.253,179.319,188.511,196.775,204.039,210.221,215.227,218.968,221.372,222.414,222.153,220.775,218.622,216.177,213.985,212.498,211.927,212.179,212.943,213.884,214.801,215.666,216.544,217.493,218.533,219.663,220.877,222.174,223.549,224.996,226.503,228.055,229.634,231.217,232.777,234.285,235.714,237.038,238.242,239.324,240.313,241.276,242.341,243.733,245.813
75660.0,91.573,106.597,120.729,134.026,146.518,158.214,169.105,179.165,188.356,196.623,203.894,210.086,215.107,218.866,221.29,222.354,222.116,220.758,218.621,216.187,213.998,212.51,211.935,212.182,212.943,213.883,214.801,215.666,216.544,217.493,218.533,219.663,220.877,222.174,223.549,224.996,226.503,228.055,229.634,231.217,232.777,234.285,235.714,237.038,238.242,239.324,240.313,241.276,242.341,243.733,245.813
75720.0,91.531,106.529,120.638,133.916,146.392,158.075,168.957,179.013,188.202,196.471,203.749,209.951,214.986,218.763,221.208,222.294,222.078,220.741,218.62,216.196,214.011,212.521,211.942,212.185,212.944,213.883,214.8,215.666,216.543,217.493,218.533,219.663,220.877,222.174,223.549,224.996,226.503,228.055,229.634,231.217,232.777,234.285,235.714,237.038,238.242,239.324,240.313,241.276,242.341,243.733,245.813
75780.0,91.489,106.462,120.548,133.806,146.266,157.937,168.81,178.86,188.049,196.32,203.604,209.817,214.866,218.66,221.126,222.234,222.04,220.724,218.619,216.205,214.024,212.533,211.95,212.188,212.944,213.882,214.8,215.666,216.543,217.493,218.533,219.663,220.877,222.174,223.549,224.996,226.503,228.055,229.634,231.217,232.777,234.285,235.714,237.038,238.242,239.324,240.313,241.276,242.341,243.733,245.813
75840.0,91.447,106.394,120.458,133.697,146.141,157.8,168.664,178.709,187.896,196.17,203.461,209.684,214.747,218.558,221.043,222.174,222.002,220.706,218.618,216.214,214.037,212.544,211.957,212.191,212.945,213.882,214.799,215.665,216.543,217.493,218.533,219.663,220.877,222.174,223.549,224.996,226.503,228.055,229.634,231.217,232.777,234.285,235.714,237.038,238.242,239.324,240.313,241.276,242.341,243.733,245.813
75900.0,91.406,106.328,120.369,133.589,146.017,157.663,168.518,178.558,187.744,196.021,203.317,209.55,214.627,218.456,220.961,222.114,221.964,220.688,218.616,216.223,214.05,212.556,211.964,212.195,212.945,213.881,214.799,215.665,216.543,217.493,218.533,219.663,220.877,222.174,223.549,224.996,226.503,228.055,229.634,231.217,232.777,234.285,235.714,237.038,238.242,239.324,240.313,241.276,242.341,243.733,245.813
75960.0,91.365,106.261,120.28,133.481,145.893,157.527,168.373,178.408,187.593,195.871,203.174,209.417,214.508,218.354,220.879,222.053,221.926,220.671,218.615,216.232,214.062,212.567,211.972,212.198,212.946,213.881,214.798,215.665,216.543,217.493,218.533,219.662,220.877,222.174,223.549,224.996,226.502,228.055,229.634,231.217,232.777,234.285,235.714,237.038,238.242,239.324,240.313,241.276,242.341,243.733,245.813
76020.0,91.324,106.195,120.192,133.373,145.77,157.391,168.229,178.259,187.442,195.723,203.032,209.285,214.389,218.252,220.797,221.993,221.888,220.652,218.613,216.24,214.075,212.579,211.979,212.201,212.946,213.88,214.797,215.665,216.543,217.493,218.533,219.662,220.877,222.174,223.549,224.996,226.502,228.055,229.634,231.216,232.777,234.285,235.714,237.038,238.242,239.324,240.313,241.276,242.341,243.733,245.813
76080.0,91.283,106.129,120.104,133.266,145.647,157.256,168.085,178.11,187.292,195.575,202.89,209.153,214.27,218.15,220.715,221.933,221.849,220.634,218.611,216.249,214.088,212.59,211.987,212.204,212.947,213.879,214.797,215.664,216.543,217.493,218.533,219.662,220.877,222.174,223.549,224.996,226.502,228.055,229.634,231.216,232.776,234.285,235.714,237.038,238.242,239.324,240.313,241.276,242.341,243.733,245.813
76140.0,91.242,106.064,120.016,133.16,145.526,157.122,167.942,177.962,187.142,195.427,202.748,209.021,214.152,218.048,220.633,221.872,221.811,220.616,218.609,216.257,214.1,212.602,211.994,212.208,212.947,213.879,214.796,215.664,216.543,217.493,218.533,219.662,220.877,222.174,223.549,224.996,226.502,228.055,229.634,231.216,232.776,234.285,235.714,237.038,238.242,239.324,240.313,241.276,242.341,243.733,245.813
76200.0,91.202,105.999,119.93,133.054,145.404,156.989,167.8,177.814,186.993,195.281,202.607,208.89,214.034,217.947,220.551,221.812,221.772,220.597,218.606,216.265,214.113,212.613,212.002,212.211,212.948,213.878,214.796,215.664,216.543,217.493,218.533,219.662,220.877,222.174,223.549,224.996,226.502,228.055,229.634,231.216,232.776,234.285,235.714,237.038,238.242,239.324,240.313,241.276,242.341,243.733,245.813
76260.0,91.161,105.934,119.843,132.949,145.283,156.856,167.658,177.668,186.845,195.134,202.467,208.759,213.916,217.846,220.47,221.751,221.733,220.578,218.604,216.274,214.125,212.625,212.009,212.214,212.948,213.878,214.795,215.664,216.543,217.492,218.533,219.662,220.877,222.174,223.549,224.995,226.502,228.055,229.634,231.216,232.776,234.285,235.714,237.038,238.242,239.324,240.313,241.276,242.341,243.733,245.813
76320.0,91.121,105.869,119.757,132.844,145.163,156.724,167.517,177.522,186.697,194.989,202.327,208.628,213.799,217.745,220.388,221.691,221.694,220.56,218.601,216.282,214.137,212.636,212.017,212.218,212.949,213.877,214.795,215.663,216.543,217.492,218.533,219.662,220.877,222.174,223.549,224.995,226.502,228.055,229.634,231.216,232.776,234.285,235.714,237.038,238.242,239.324,240.313,241.276,242.341,243.733,245.813
76380.0,91.081,105.805,119.671,132.74,145.044,156.592,167.377,177.376,186.55,194.843,202.187,208.498,213.682,217.644,220.306,221.63,221.655,220.54,218.598,216.289,214.15,212.647,212.024,212.221,212.949,213.877,214.794,215.663,216.543,217.492,218.533,219.662,220.876,222.173,223.549,224.995,226.502,228.055,229.634,231.216,232.776,234.285,235.714,237.038,238.242,239.324,240.313,241.276,242.341,243.733,245.813
76440.0,91.042,105.741,119.586,132.637,144.925,156.461,167.237,177.231,186.403,194.699,202.048,208.368,213.565,217.543,220.224,221.569,221.616,220.521,218.595,216.297,214.162,212.658,212.032,212.224,212.95,213.876,214.794,215.663,216.543,217.492,218.533,219.662,220.876,222.173,223.549,224.995,226.502,228.055,229.634,231.216,232.776,234.285,235.714,237.038,238.242,239.324,240.313,241.276,242.341,243.733,245.813
76500.0,91.002,105.678,119.501,132.533,144.806,156.331,167.098,177.087,186.257,194.555,201.91,208.239,213.448,217.443,220.143,221.508,221.576,220.502,218.592,216.305,214.174,212.67,212.039,212.228,212.951,213.876,214.793,215.663,216.543,217.492,218.533,219.662,220.876,222.173,223.549,224.995,226.502,228.054,229.634,231.216,232.776,234.285,235.714,237.038,238.242,239.324,240.313,241.276,242.341,243.733,245.813
76560.0,90.963,105.614,119.417,132.431,144.689,156.201,166.96,176.943,186.112,194.411,201.772,208.11,213.332,217.342,220.061,221.448,221.537,220.482,218.589,216.312,214.186,212.681,212.047,212.231,212.951,213.875,214.793,215.662,216.542,217.492,218.533,219.662,220.876,222.173,223.549,224.995,226.502,228.054,229.633,231.216,232.776,234.285,235.714,237.038,238.242,239.324,240.313,241.276,242.341,243.733,245.813
76620.0,90.923,105.551,119.333,132.329,144.571,156.072,166.822,176.8,185.967,194.268,201.634,207.981,213.215,217.242,219.98,221.387,221.497,220.462,218.586,216.319,214.198,212.692,212.054,212.234,212.952,213.875,214.792,215.662,216.542,217.492,218.533,219.662,220.876,222.173,223.549,224.995,226.502,228.054,229.633,231.216,232.776,234.285,235.714,237.038,238.242,239.324,240.313,241.276,242.341,243.733,245.813
76680.0,90.884,105.489,119.249,132.227,144.455,155.943,166.685,176.658,185.823,194.125,201.497,207.853,213.1,217.142,219.898,221.326,221.458,220.443,218.582,216.327,214.209,212.703,212.062,212.238,212.952,213.874,214.792,215.662,216.542,217.492,218.533,219.662,220.876,222.173,223.549,224.995,226.502,228.054,229.633,231.216,232.776,234.285,235.714,237.038,238.242,239.324,240.313,241.276,242.341,243.733,245.813
76740.0,90.846,105.427,119.166,132.126,144.339,155.815,166.548,176.516,185.679,193.983,201.36,207.725,212.984,217.042,219.817,221.265,221.418,220.423,218.578,216.334,214.221,212.714,212.069,212.241,212.953,213.874,214.791,215.662,216.542,217.492,218.533,219.662,220.876,222.173,223.549,224.995,226.502,228.054,229.633,231.216,232.776,234.285,235.714,237.038,238.241,239.324,240.313,241.276,242.341,243.733,245.813
76800.0,90.807,105.364,119.083,132.025,144.223,155.688,166.412,176.375,185.536,193.842,201.224,207.597,212.869,216.942,219.736,221.204,221.378,220.402,218.574,216.341,214.233,212.726,212.077,212.245,212.954,213.874,214.791,215.661,216.542,217.492,218.533,219.662,220.876,222.173,223.549,224.995,226.502,228.054,229.633,231.216,232.776,234.285,235.714,237.038,238.241,239.324,240.313,241.276,242.341,243.733,245.813
76860.0,90.768,105.303,119.001,131.925,144.108,155.561,166.277,176.234,185.393,193.701,201.088,207.47,212.754,216.843,219.654,221.143,221.338,220.382,218.57,216.347,214.244,212.737,212.084,212.248,212.954,213.873,214.79,215.661,216.542,217.492,218.532,219.662,220.876,222.173,223.549,224.995,226.502,228.054,229.633,231.216,232.776,234.285,235.714,237.038,238.241,239.324,240.313,241.276,242.341,243.733,245.813
76920.0,90.73,105.241,118.919,131.825,143.994,155.435,166.142,176.094,185.251,193.561,200.953,207.343,212.639,216.743,219.573,221.082,221.298,220.361,218.566,216.354,214.256,212.748,212.092,212.251,212.955,213.873,214.79,215.661,216.542,217.492,218.532,219.662,220.876,222.173,223.548,224.995,226.502,228.054,229.633,231.216,232.776,234.285,235.714,237.038,238.241,239.324,240.313,241.276,242.341,243.733,245.813
76980.0,90.692,105.18,118.837,131.726,143.88,155.309,166.008,175.954,185.11,193.421,200.818,207.217,212.525,216.644,219.492,221.021,221.257,220.341,218.561,216.361,214.267,212.759,212.099,212.255,212.956,213.872,214.789,215.661,216.542,217.492,218.532,219.662,220.876,222.173,223.548,224.995,226.502,228.054,229.633,231.216,232.776,234.285,235.714,237.038,238.241,239.324,240.313,241.276,242.341,243.733,245.813
77040.0,90.654,105.119,118.756,131.628,143.766,155.184,165.875,175.816,184.969,193.281,200.683,207.091,212.41,216.545,219.411,220.96,221.217,220.32,218.557,216.367,214.279,212.77,212.107,212.258,212.956,213.872,214.789,215.661,216.542,217.492,218.532,219.662,220.876,222.173,223.548,224.995,226.502,228.054,229.633,231.216,232.776,234.285,235.714,237.038,238.241,239.324,240.313,241.276,242.341,243.733,245.813
77100.0,90.616,105.059,118.676,131.529,143.653,155.06,165.742,175.677,184.829,193.142,200.549,206.965,212.297,216.446,219.33,220.899,221.177,220.299,218.552,216.373,214.29,212.781,212.114,212.262,212.957,213.871,214.788,215.66,216.542,217.492,218.532,219.662,220.876,222.173,223.548,224.995,226.502,228.054,229.633,231.216,232.776,234.285,235.714,237.038,238.241,239.324,240.313,241.276,242.341,243.733,245.813
77160.0,90.578,104.998,118.595,131.431,143.541,154.936,165.609,175.54,184.689,193.004,200.416,206.84,212.183,216.348,219.249,220.838,221.136,220.278,218.547,216.38,214.301,212.791,212.121,212.265,212.958,213.871,214.788,215.66,216.542,217.492,218.532,219.661,220.876,222.173,223.548,224.995,226.502,228.054,229.633,231.216,232.776,234.285,235.714,237.038,238.241,239.324,240.313,241.276,242.341,243.733,245.813
77220.0,90.541,104.938,118.515,131.334,143.429,154.812,165.477,175.402,184.55,192.866,200.282,206.715,212.07,216.249,219.168,220.777,221.095,220.257,218.542,216.386,214.312,212.802,212.129,212.269,212.958,213.87,214.787,215.66,216.542,217.492,218.532,219.661,220.876,222.173,223.548,224.995,226.502,228.054,229.633,231.216,232.776,234.285,235.714,237.038,238.241,239.324,240.313,241.276,242.341,243.733,245.813
77280.0,90.503,104.879,118.436,131.237,143.318,154.689,165.346,175.266,184.411,192.729,200.15,206.59,211.956,216.151,219.088,220.716,221.055,220.235,218.537,216.392,214.323,212.813,212.136,212.272,212.959,213.87,214.787,215.66,216.542,217.492,218.532,219.661,220.876,222.173,223.548,224.995,226.502,228.054,229.633,231.216,232.776,234.285,235.714,237.038,238.241,239.324,240.313,241.276,242.341,243.733,245.813
77340.0,90.466,104.819,118.356,131.141,143.207,154.567,165.215,175.13,184.273,192.592,200.017,206.466,211.844,216.053,219.007,220.655,221.014,220.214,218.531,216.397,214.334,212.824,212.144,212.276,212.96,213.87,214.786,215.659,216.541,217.492,218.532,219.661,220.876,222.173,223.548,224.995,226.502,228.054,229.633,231.216,232.776,234.285,235.714,237.038,238.241,239.324,240.313,241.276,242.341,243.733,245.813
77400.0,90.429,104.76,118.277,131.045,143.097,154.445,165.085,174.994,184.136,192.456,199.886,206.342,211.731,215.955,218.926,220.593,220.973,220.192,218.526,216.403,214.345,212.835,212.151,212.279,212.961,213.869,214.786,215.659,216.541,217.492,218.532,219.661,220.876,222.173,223.548,224.995,226.502,228.054,229.633,231.216,232.776,234.285,235.714,237.038,238.241,239.324,240.313,241.276,242.341,243.733,245.813
77460.0,90.392,104.701,118.199,130.949,142.987,154.324,164.956,174.86,183.999,192.32,199.754,206.219,211.619,215.857,218.846,220.532,220.932,220.17,218.52,216.408,214.356,212.846,212.159,212.283,212.961,213.869,214.785,215.659,216.541,217.492,218.532,219.661,220.876,222.173,223.548,224.995,226.502,228.054,229.633,231.216,232.776,234.285,235.714,237.038,238.241,239.324,240.313,241.276,242.341,243.733,245.813
77520.0,90.355,104.642,118.121,130.854,142.878,154.204,164.827,174.725,183.862,192.184,199.623,206.095,211.507,215.759,218.765,220.471,220.891,220.148,218.514,216.414,214.367,212.856,212.166,212.286,212.962,213.868,214.785,215.659,216.541,217.492,218.532,219.661,220.876,222.173,223.548,224.995,226.501,228.054,229.633,231.216,232.776,234.285,235.714,237.038,238.241,239.324,240.313,241.276,242.341,243.733,245.813
77580.0,90.319,104.584,118.043,130.76,142.769,154.084,164.698,174.591,183.726,192.049,199.493,205.973,211.395,215.662,218.685,220.41,220.849,220.126,218.508,216.419,214.377,212.867,212.174,212.29,212.963,213.868,214.784,215.658,216.541,217.492,218.532,219.661,220.875,222.173,223.548,224.995,226.501,228.054,229.633,231.216,232.776,234.285,235.714,237.038,238.241,239.324,240.313,241.276,242.341,243.733,245.813
77640.0,90.282,104.526,117.966,130.666,142.661,153.964,164.57,174.458,183.591,191.915,199.362,205.85,211.283,215.564,218.604,220.348,220.808,220.104,218.502,216.424,214.388,212.878,212.181,212.294,212.964,213.868,214.784,215.658,216.541,217.492,218.532,219.661,220.875,222.172,223.548,224.995,226.501,228.054,229.633,231.216,232.776,234.285,235.714,237.038,238.241,239.324,240.313,241.276,242.341,243.733,245.813
77700.0,90.246,104.468,117.888,130.572,142.553,153.845,164.443,174.325,183.456,191.781,199.233,205.728,211.172,215.467,218.524,220.287,220.767,220.081,218.496,216.429,214.398,212.888,212.189,212.297,212.965,213.867,214.783,215.658,216.541,217.492,218.532,219.661,220.875,222.172,223.548,224.994,226.501,228.054,229.633,231.216,232.776,234.285,235.714,237.038,238.241,239.324,240.313,241.276,242.341,243.733,245.813
77760.0,90.21,104.41,117.812,130.478,142.446,153.726,164.316,174.193,183.321,191.647,199.103,205.606,211.061,215.37,218.444,220.226,220.725,220.059,218.49,216.434,214.409,212.899,212.196,212.301,212.965,213.867,214.783,215.658,216.541,217.491,218.532,219.661,220.875,222.172,223.548,224.994,226.501,228.054,229.633,231.216,232.776,234.285,235.714,237.038,238.241,239.324,240.313,241.276,242.341,243.733,245.813
77820.0,90.174,104.353,117.735,130.386,142.339,153.608,164.19,174.062,183.187,191.514,198.974,205.485,210.951,215.273,218.364,220.164,220.683,220.036,218.483,216.439,214.419,212.909,212.204,212.304,212.966,213.866,214.782,215.657,216.541,217.491,218.532,219.661,220.875,222.172,223.548,224.994,226.501,228.054,229.633,231.216,232.776,234.285,235.714,237.038,238.241,239.324,240.313,241.276,242.341,243.733,245.813
77880.0,90.138,104.296,117.659,130.293,142.232,153.491,164.064,173.93,183.054,191.382,198.846,205.364,210.84,215.177,218.284,220.103,220.642,220.013,218.476,216.444,214.429,212.92,212.211,212.308,212.967,213.866,214.782,215.657,216.541,217.491,218.532,219.661,220.875,222.172,223.548,224.994,226.501,228.054,229.633,231.216,232.776,234.285,235.714,237.038,238.241,239.324,240.313,241.276,242.341,243.733,245.813
77940.0,90.102,104.239,117.584,130.201,142.127,153.374,163.939,173.8,182.921,191.25,198.718,205.243,210.73,215.08,218.204,220.042,220.6,219.99,218.469,216.448,214.439,212.93,212.219,212.312,212.968,213.866,214.781,215.657,216.541,217.491,218.532,219.661,220.875,222.172,223.548,224.994,226.501,228.054,229.633,231.216,232.776,234.284,235.713,237.038,238.241,239.324,240.313,241.276,242.341,243.733,245.813
78000.0,90.067,104.183,117.508,130.109,142.021,153.258,163.814,173.67,182.789,191.118,198.59,205.122,210.62,214.984,218.124,219.98,220.558,219.967,218.462,216.453,214.449,212.941,212.226,212.315,212.969,213.865,214.781,215.657,216.541,217.491,218.532,219.661,220.875,222.172,223.548,224.994,226.501,228.054,229.633,231.215,232.776,234.284,235.713,237.038,238.241,239.324,240.313,241.276,242.341,243.733,245.813
78060.0,90.031,104.126,117.433,130.018,141.916,153.142,163.69,173.54,182.657,190.987,198.463,205.002,210.51,214.888,218.044,219.919,220.516,219.944,218.455,216.457,214.459,212.951,212.233,212.319,212.97,213.865,214.78,215.656,216.541,217.491,218.532,219.661,220.875,222.172,223.548,224.994,226.501,228.054,229.633,231.215,232.776,234.284,235.713,237.038,238.241,239.324,240.313,241.276,242.341,243.733,245.813
78120.0,89.996,104.07,117.359,129.927,141.812,153.026,163.566,173.411,182.525,190.856,198.336,204.883,210.401,214.792,217.964,219.858,220.474,219.921,218.448,216.461,214.469,212.961,212.241,212.323,212.97,213.865,214.78,215.656,216.54,217.491,218.532,219.661,220.875,222.172,223.548,224.994,226.501,228.054,229.633,231.215,232.776,234.284,235.713,237.038,238.241,239.324,240.313,241.276,242.341,243.733,245.813
78180.0,89.961,104.014,117.284,129.837,141.708,152.911,163.443,173.283,182.394,190.726,198.21,204.763,210.292,214.696,217.885,219.796,220.432,219.897,218.441,216.465,214.479,212.972,212.248,212.326,212.971,213.864,214.779,215.656,216.54,217.491,218.531,219.661,220.875,222.172,223.548,224.994,226.501,228.053,229.633,231.215,232.776,234.284,235.713,237.038,238.241,239.324,240.313,241.276,242.341,243.733,245.813
78240.0,89.926,103.959,117.211,129.747,141.604,152.797,163.32,173.155,182.264,190.596,198.084,204.644,210.183,214.601,217.805,219.735,220.39,219.874,218.433,216.469,214.489,212.982,212.256,212.33,212.972,213.864,214.779,215.656,216.54,217.491,218.531,219.661,220.875,222.172,223.548,224.994,226.501,228.053,229.633,231.215,232.776,234.284,235.713,237.038,238.241,239.324,240.313,241.276,242.341,243.733,245.813
78300.0,89.891,103.903,117.137,129.657,141.501,152.683,163.198,173.027,182.134,190.467,197.958,204.525,210.074,214.505,217.726,219.673,220.347,219.85,218.425,216.473,214.499,212.992,212.263,212.334,212.973,213.863,214.778,215.655,216.54,217.491,218.531,219.661,220.875,222.172,223.547,224.994,226.501,228.053,229.633,231.215,232.775,234.284,235.713,237.038,238.241,239.324,240.313,241.276,242.341,243.733,245.813
78360.0,89.857,103.848,117.064,129.568,141.399,152.569,163.076,172.9,182.004,190.338,197.833,204.407,209.966,214.41,217.646,219.612,220.305,219.826,218.418,216.476,214.508,213.002,212.271,212.337,212.974,213.863,214.778,215.655,216.54,217.491,218.531,219.66,220.875,222.172,223.547,224.994,226.501,228.053,229.632,231.215,232.775,234.284,235.713,237.038,238.241,239.324,240.313,241.276,242.341,243.733,245.813
78420.0,89.822,103.793,116.991,129.479,141.296,152.456,162.955,172.774,181.875,190.209,197.708,204.289,209.858,214.315,217.567,219.551,220.263,219.802,218.41,216.48,214.518,213.013,212.278,212.341,212.975,213.863,214.777,215.655,216.54,217.491,218.531,219.66,220.875,222.172,223.547,224.994,226.501,228.053,229.632,231.215,232.775,234.284,235.713,237.038,238.241,239.324,240.313,241.276,242.341,243.733,245.813
78480.0,89.788,103.739,116.918,129.391,141.195,152.344,162.834,172.647,181.747,190.081,197.584,204.171,209.75,214.22,217.488,219.489,220.22,219.778,218.401,216.483,214.527,213.023,212.285,212.345,212.976,213.862,214.777,215.655,216.54,217.491,218.531,219.66,220.875,222.172,223.547,224.994,226.501,228.053,229.632,231.215,232.775,234.284,235.713,237.038,238.241,239.324,240.313,241.276,242.341,243.733,245.813
78540.0,89.753,103.684,116.846,129.303,141.093,152.231,162.714,172.522,181.619,189.954,197.46,204.054,209.642,214.125,217.409,219.428,220.178,219.754,218.393,216.487,214.536,213.033,212.293,212.348,212.977,213.862,214.777,215.654,216.54,217.491,218.531,219.66,220.875,222.172,223.547,224.994,226.501,228.053,229.632,231.215,232.775,234.284,235.713,237.038,238.241,239.324,240.313,241.276,242.341,243.733,245.813
78600.0,89.719,103.63,116.773,129.215,140.992,152.12,162.595,172.397,181.491,189.827,197.336,203.937,209.535,214.03,217.329,219.366,220.135,219.73,218.385,216.49,214.546,213.043,212.3,212.352,212.978,213.862,214.776,215.654,216.54,217.491,218.531,219.66,220.875,222.172,223.547,224.994,226.501,228.053,229.632,231.215,232.775,234.284,235.713,237.038,238.241,239.324,240.313,241.276,242.341,243.733,245.813
78660.0,89.685,103.576,116.702,129.128,140.892,152.009,162.475,172.272,181.364,189.7,197.213,203.82,209.428,213.936,217.251,219.305,220.092,219.705,218.376,216.493,214.555,213.053,212.308,212.356,212.979,213.862,214.776,215.654,216.54,217.491,218.531,219.66,220.875,222.172,223.547,224.994,226.501,228.053,229.632,231.215,232.775,234.284,235.713,237.038,238.241,239.324,240.313,241.276,242.341,243.733,245.813
78720.0,89.651,103.523,116.63,129.041,140.792,151.898,162.357,172.148,181.238,189.574,197.09,203.704,209.321,213.842,217.172,219.244,220.049,219.681,218.368,216.496,214.564,213.063,212.315,212.36,212.98,213.861,214.775,215.654,216.54,217.491,218.531,219.66,220.875,222.172,223.547,224.994,226.501,228.053,229.632,231.215,232.775,234.284,235.713,237.038,238.241,239.324,240.313,241.276,242.341,243.733,245.813
78780.0,89.617,103.469,116.559,128.955,140.692,151.788,162.238,172.025,181.111,189.448,196.967,203.588,209.215,213.748,217.093,219.182,220.007,219.656,218.359,216.499,214.573,213.073,212.322,212.363,212.981,213.861,214.775,215.653,216.54,217.491,218.531,219.66,220.875,222.172,223.547,224.994,226.501,228.053,229.632,231.215,232.775,234.284,235.713,237.038,238.241,239.324,240.313,241.276,242.341,243.733,245.813
78840.0,89.584,103.416,116.488,128.868,140.593,151.678,162.121,171.901,180.986,189.322,196.845,203.472,209.108,213.654,217.014,219.121,219.964,219.631,218.35,216.502,214.582,213.083,212.33,212.367,212.982,213.861,214.774,215.653,216.539,217.491,218.531,219.66,220.874,222.172,223.547,224.994,226.501,228.053,229.632,231.215,232.775,234.284,235.713,237.038,238.241,239.324,240.313,241.276,242.341,243.733,245.813
78900.0,89.55,103.363,116.418,128.783,140.494,151.569,162.003,171.779,180.86,189.197,196.723,203.356,209.002,213.56,216.935,219.059,219.921,219.606,218.341,216.504,214.591,213.093,212.337,212.371,212.983,213.86,214.774,215.653,216.539,217.491,218.531,219.66,220.874,222.172,223.547,224.994,226.501,228.053,229.632,231.215,232.775,234.284,235.713,237.038,238.241,239.324,240.313,241.276,242.341,243.733,245.813
78960.0,89.517,103.31,116.348,128.697,140.396,151.46,161.886,171.657,180.736,189.073,196.602,203.241,208.896,213.467,216.857,218.998,219.878,219.581,218.332,216.507,214.6,213.103,212.345,212.375,212.984,213.86,214.773,215.653,216.539,217.491,218.531,219.66,220.874,222.171,223.547,224.994,226.501,228.053,229.632,231.215,232.775,234.284,235.713,237.037,238.241,239.324,240.313,241.276,242.341,243.733,245.813
79020.0,89.484,103.257,116.278,128.612,140.298,151.351,161.77,171.535,180.611,188.949,196.481,203.126,208.791,213.373,216.778,218.937,219.835,219.556,218.322,216.509,214.608,213.112,212.352,212.378,212.985,213.86,214.773,215.652,216.539,217.491,218.531,219.66,220.874,222.171,223.547,224.994,226.5,228.053,229.632,231.215,232.775,234.284,235.713,237.037,238.241,239.324,240.313,241.276,242.341,243.733,245.813
79080.0,89.451,103.205,116.208,128.527,140.201,151.244,161.654,171.414,180.487,188.825,196.36,203.012,208.685,213.28,216.7,218.875,219.791,219.531,218.313,216.511,214.617,213.122,212.359,212.382,212.986,213.86,214.772,215.652,216.539,217.491,218.531,219.66,220.874,222.171,223.547,224.994,226.5,228.053,229.632,231.215,232.775,234.284,235.713,237.037,238.241,239.324,240.313,241.276,242.341,243.733,245.813
79140.0,89.418,103.153,116.139,128.443,140.103,151.136,161.539,171.293,180.364,188.702,196.24,202.898,208.58,213.187,216.622,218.814,219.748,219.506,218.303,216.513,214.625,213.132,212.367,212.386,212.987,213.859,214.772,215.652,216.539,217.491,218.531,219.66,220.874,222.171,223.547,224.993,226.5,228.053,229.632,231.215,232.775,234.284,235.713,237.037,238.241,239.324,240.313,241.276,242.341,243.733,245.813
79200.0,89.385,103.101,116.07,128.359,140.007,151.029,161.424,171.172,180.241,188.579,196.12,202.784,208.475,213.094,216.543,218.752,219.705,219.48,218.294,216.515,214.634,213.141,212.374,212.39,212.988,213.859,214.771,215.652,216.539,217.49,218.531,219.66,220.874,222.171,223.547,224.993,226.5,228.053,229.632,231.215,232.775,234.284,235.713,237.037,238.241,239.324,240.313,241.276,242.341,243.733,245.813
79260.0,89.352,103.049,116.001,128.276,139.91,150.922,161.309,171.052,180.118,188.456,196.001,202.67,208.371,213.001,216.465,218.691,219.661,219.455,218.284,216.517,214.642,213.151,212.381,212.394,212.989,213.859,214.771,215.651,216.539,217.49,218.531,219.66,220.874,222.171,223.547,224.993,226.5,228.053,229.632,231.215,232.775,234.284,235.713,237.037,238.241,239.324,240.313,241.276,242.341,243.733,245.813
79320.0,89.319,102.998,115.933,128.192,139.815,150.816,161.195,170.933,179.996,188.334,195.882,202.557,208.266,212.909,216.387,218.63,219.618,219.429,218.274,216.519,214.65,213.161,212.389,212.398,212.99,213.858,214.77,215.651,216.539,217.49,218.531,219.66,220.874,222.171,223.547,224.993,226.5,228.053,229.632,231.215,232.775,234.284,235.713,237.037,238.241,239.324,240.313,241.276,242.341,243.733,245.813
79380.0,89.287,102.946,115.865,128.109,139.719,150.71,161.081,170.814,179.874,188.213,195.763,202.444,208.162,212.816,216.309,218.568,219.575,219.403,218.264,216.521,214.659,213.17,212.396,212.401,212.991,213.858,214.77,215.651,216.539,217.49,218.531,219.66,220.874,222.171,223.547,224.993,226.5,228.053,229.632,231.215,232.775,234.284,235.713,237.037,238.241,239.324,240.313,241.276,242.341,243.733,245.813
79440.0,89.254,102.895,115.797,128.027,139.624,150.605,160.968,170.695,179.753,188.091,195.644,202.331,208.058,212.724,216.231,218.507,219.531,219.377,218.253,216.522,214.667,213.18,212.403,212.405,212.992,213.858,214.77,215.651,216.539,217.49,218.531,219.66,220.874,222.171,223.547,224.993,226.5,228.053,229.632,231.215,232.775,234.284,235.713,237.037,238.241,239.324,240.313,241.276,242.341,243.733,245.813
79500.0,89.222,102.845,115.729,127.945,139.529,150.5,160.855,170.577,179.632,187.97,195.526,202.219,207.955,212.632,216.154,218.446,219.487,219.351,218.243,216.524,214.675,213.189,212.41,212.409,212.993,213.858,214.769,215.65,216.538,217.49,218.53,219.66,220.874,222.171,223.547,224.993,226.5,228.053,229.632,231.215,232.775,234.284,235.713,237.037,238.241,239.324,240.313,241.276,242.341,243.733,245.813
79560.0,89.19,102.794,115.662,127.863,139.435,150.395,160.743,170.459,179.512,187.85,195.409,202.107,207.851,212.54,216.076,218.384,219.444,219.325,218.233,216.525,214.683,213.199,212.418,212.413,212.994,213.857,214.769,215.65,216.538,217.49,218.53,219.659,220.874,222.171,223.547,224.993,226.5,228.053,229.632,231.215,232.775,234.284,235.713,237.037,238.241,239.324,240.313,241.276,242.341,243.733,245.813
79620.0,89.158,102.743,115.595,127.781,139.341,150.291,160.631,170.342,179.392,187.73,195.291,201.995,207.748,212.448,215.998,218.323,219.4,219.299,218.222,216.526,214.691,213.208,212.425,212.417,212.995,213.857,214.768,215.65,216.538,217.49,218.53,219.659,220.874,222.171,223.546,224.993,226.5,228.053,229.632,231.215,232.775,234.284,235.713,237.037,238.241,239.324,240.313,241.276,242.341,243.733,245.813
79680.0,89.126,102.693,115.528,127.7,139.247,150.188,160.519,170.225,179.272,187.61,195.174,201.884,207.645,212.357,215.921,218.262,219.356,219.273,218.211,216.527,214.698,213.217,212.432,212.421,212.996,213.857,214.768,215.65,216.538,217.49,218.53,219.659,220.874,222.171,223.546,224.993,226.5,228.053,229.632,231.215,232.775,234.284,235.713,237.037,238.241,239.324,240.313,241.276,242.341,243.733,245.813
79740.0,89.094,102.643,115.462,127.619,139.154,150.084,160.408,170.109,179.153,187.491,195.058,201.773,207.543,212.266,215.844,218.201,219.313,219.246,218.201,216.528,214.706,213.227,212.44,212.424,212.997,213.857,214.767,215.649,216.538,217.49,218.53,219.659,220.874,222.171,223.546,224.993,226.5,228.053,229.632,231.215,232.775,234.284,235.713,237.037,238.241,239.324,240.313,241.276,242.341,243.733,245.813
79800.0,89.063,102.593,115.396,127.539,139.061,149.981,160.298,169.993,179.034,187.372,194.941,201.662,207.44,212.174,215.766,218.139,219.269,219.22,218.19,216.529,214.714,213.236,212.447,212.428,212.999,213.857,214.767,215.649,216.538,217.49,218.53,219.659,220.874,222.171,223.546,224.993,226.5,228.052,229.632,231.215,232.775,234.284,235.713,237.037,238.241,239.324,240.313,241.276,242.341,243.733,245.813
79860.0,89.031,102.544,115.33,127.458,138.969,149.879,160.187,169.877,178.916,187.253,194.825,201.551,207.338,212.083,215.689,218.078,219.225,219.193,218.179,216.53,214.721,213.245,212.454,212.432,213.0,213.856,214.766,215.649,216.538,217.49,218.53,219.659,220.874,222.171,223.546,224.993,226.5,228.052,229.632,231.215,232.775,234.284,235.713,237.037,238.241,239.324,240.313,241.276,242.341,243.733,245.813
79920.0,89.0,102.494,115.264,127.379,138.877,149.777,160.078,169.762,178.798,187.135,194.71,201.441,207.236,211.992,215.612,218.017,219.181,219.166,218.167,216.531,214.729,213.254,212.461,212.436,213.001,213.856,214.766,215.648,216.538,217.49,218.53,219.659,220.874,222.171,223.546,224.993,226.5,228.052,229.632,231.215,232.775,234.284,235.713,237.037,238.241,239.324,240.313,241.276,242.341,243.733,245.813
79980.0,88.969,102.445,115.199,127.299,138.785,149.675,159.968,169.648,178.68,187.017,194.595,201.331,207.134,211.902,215.535,217.956,219.137,219.14,218.156,216.531,214.736,213.264,212.469,212.44,213.002,213.856,214.766,215.648,216.538,217.49,218.53,219.659,220.874,222.171,223.546,224.993,226.5,228.052,229.632,231.214,232.775,234.284,235.713,237.037,238.241,239.324,240.313,241.276,242.341,243.733,245.813
80040.0,88.937,102.396,115.134,127.22,138.694,149.574,159.859,169.533,178.563,186.9,194.48,201.222,207.033,211.811,215.458,217.895,219.093,219.113,218.145,216.532,214.744,213.273,212.476,212.444,213.003,213.856,214.765,215.648,216.538,217.49,218.53,219.659,220.874,222.171,223.546,224.993,226.5,228.052,229.632,231.214,232.775,234.284,235.713,237.037,238.241,239.324,240.313,241.276,242.341,243.733,245.813
80100.0,88.906,102.347,115.069,127.141,138.603,149.473,159.751,169.419,178.446,186.783,194.365,201.112,206.931,211.721,215.381,217.833,219.049,219.086,218.133,216.532,214.751,213.282,212.483,212.448,213.004,213.856,214.765,215.648,216.538,217.49,218.53,219.659,220.873,222.171,223.546,224.993,226.5,228.052,229.631,231.214,232.775,234.284,235.713,237.037,238.241,239.324,240.313,241.276,242.341,243.733,245.813
80160.0,88.875,102.298,115.004,127.062,138.512,149.372,159.643,169.306,178.33,186.666,194.251,201.003,206.83,211.631,215.304,217.772,219.005,219.059,218.121,216.532,214.758,213.291,212.49,212.452,213.005,213.855,214.764,215.647,216.537,217.49,218.53,219.659,220.873,222.171,223.546,224.993,226.5,228.052,229.631,231.214,232.775,234.284,235.713,237.037,238.241,239.324,240.313,241.276,242.341,243.733,245.813
80220.0,88.844,102.25,114.94,126.984,138.422,149.272,159.535,169.193,178.214,186.55,194.137,200.895,206.73,211.541,215.228,217.711,218.96,219.032,218.11,216.532,214.765,213.3,212.497,212.456,213.007,213.855,214.764,215.647,216.537,217.49,218.53,219.659,220.873,222.17,223.546,224.993,226.5,228.052,229.631,231.214,232.775,234.284,235.713,237.037,238.241,239.324,240.313,241.276,242.341,243.733,245.813
80280.0,88.814,102.201,114.876,126.906,138.332,149.173,159.427,169.08,178.099,186.434,194.023,200.786,206.629,211.451,215.151,217.65,218.916,219.004,218.098,216.532,214.772,213.309,212.505,212.46,213.008,213.855,214.763,215.647,216.537,217.49,218.53,219.659,220.873,222.17,223.546,224.993,226.5,228.052,229.631,231.214,232.775,234.284,235.713,237.037,238.241,239.324,240.313,241.276,242.341,243.733,245.813
80340.0,88.783,102.153,114.812,126.828,138.243,149.073,159.321,168.968,177.983,186.319,193.91,200.678,206.529,211.361,215.075,217.589,218.872,218.977,218.086,216.532,214.779,213.318,212.512,212.464,213.009,213.855,214.763,215.647,216.537,217.49,218.53,219.659,220.873,222.17,223.546,224.993,226.5,228.052,229.631,231.214,232.775,234.284,235.713,237.037,238.241,239.324,240.313,241.276,242.341,243.733,245.813
80400.0,88.752,102.105,114.748,126.751,138.153,148.974,159.214,168.856,177.869,186.204,193.797,200.57,206.429,211.271,214.998,217.528,218.828,218.95,218.074,216.532,214.786,213.327,212.519,212.468,213.01,213.855,214.762,215.646,216.537,217.49,218.53,219.659,220.873,222.17,223.546,224.993,226.5,228.052,229.631,231.214,232.775,234.284,235.713,237.037,238.241,239.324,240.313,241.276,242.341,243.733,245.813
80460.0,88.722,102.058,114.685,126.674,138.065,148.876,159.108,168.745,177.754,186.089,193.685,200.462,206.329,211.182,214.922,217.467,218.783,218.922,218.061,216.532,214.793,213.335,212.526,212.472,213.012,213.855,214.762,215.646,216.537,217.49,218.53,219.659,220.873,222.17,223.546,224.993,226.5,228.052,229.631,231.214,232.775,234.284,235.713,237.037,238.241,239.324,240.313,241.276,242.341,243.733,245.813
80520.0,88.692,102.01,114.622,126.597,137.976,148.778,159.002,168.634,177.64,185.975,193.573,200.355,206.229,211.093,214.846,217.406,218.739,218.894,218.049,216.531,214.799,213.344,212.533,212.475,213.013,213.854,214.762,215.646,216.537,217.49,218.53,219.659,220.873,222.17,223.546,224.993,226.499,228.052,229.631,231.214,232.774,234.283,235.713,237.037,238.241,239.324,240.313,241.276,242.341,243.733,245.813
80580.0,88.662,101.963,114.559,126.521,137.888,148.68,158.897,168.523,177.527,185.861,193.461,200.248,206.13,211.004,214.77,217.345,218.695,218.867,218.037,216.531,214.806,213.353,212.54,212.479,213.014,213.854,214.761,215.646,216.537,217.49,218.53,219.659,220.873,222.17,223.546,224.992,226.499,228.052,229.631,231.214,232.774,234.283,235.713,237.037,238.241,239.324,240.313,241.276,242.341,243.733,245.813
80640.0,88.631,101.916,114.497,126.445,137.8,148.582,158.792,168.413,177.414,185.747,193.349,200.141,206.031,210.915,214.694,217.284,218.65,218.839,218.024,216.53,214.812,213.362,212.547,212.483,213.015,213.854,214.761,215.645,216.537,217.489,218.53,219.659,220.873,222.17,223.546,224.992,226.499,228.052,229.631,231.214,232.774,234.283,235.713,237.037,238.241,239.324,240.313,241.276,242.341,243.733,245.813
80700.0,88.601,101.869,114.434,126.369,137.713,148.485,158.687,168.303,177.301,185.634,193.238,200.035,205.932,210.826,214.618,217.223,218.606,218.811,218.011,216.529,214.819,213.37,212.554,212.487,213.017,213.854,214.76,215.645,216.537,217.489,218.53,219.659,220.873,222.17,223.546,224.992,226.499,228.052,229.631,231.214,232.774,234.283,235.713,237.037,238.241,239.324,240.313,241.276,242.341,243.733,245.813
80760.0,88.572,101.822,114.372,126.293,137.626,148.388,158.583,168.193,177.188,185.521,193.127,199.929,205.833,210.738,214.542,217.162,218.561,218.783,217.999,216.528,214.825,213.379,212.562,212.491,213.018,213.854,214.76,215.645,216.537,217.489,218.53,219.658,220.873,222.17,223.546,224.992,226.499,228.052,229.631,231.214,232.774,234.283,235.713,237.037,238.241,239.324,240.313,241.276,242.341,243.733,245.813
80820.0,88.542,101.775,114.311,126.218,137.539,148.292,158.479,168.084,177.076,185.408,193.016,199.823,205.734,210.649,214.466,217.101,218.516,218.755,217.986,216.527,214.831,213.387,212.569,212.495,213.019,213.854,214.76,215.645,216.536,217.489,218.529,219.658,220.873,222.17,223.546,224.992,226.499,228.052,229.631,231.214,232.774,234.283,235.713,237.037,238.241,239.324,240.313,241.276,242.341,243.733,245.813
80880.0,88.512,101.729,114.249,126.143,137.452,148.196,158.376,167.975,176.964,185.296,192.906,199.717,205.636,210.561,214.39,217.041,218.472,218.727,217.973,216.526,214.838,213.396,212.576,212.499,213.02,213.854,214.759,215.644,216.536,217.489,218.529,219.658,220.873,222.17,223.546,224.992,226.499,228.052,229.631,231.214,232.774,234.283,235.713,237.037,238.241,239.324,240.313,241.276,242.341,243.733,245.813
80940.0,88.483,101.682,114.188,126.068,137.366,148.1,158.273,167.867,176.853,185.184,192.796,199.612,205.538,210.473,214.315,216.98,218.427,218.699,217.96,216.525,214.844,213.404,212.583,212.503,213.022,213.854,214.759,215.644,216.536,217.489,218.529,219.658,220.873,222.17,223.546,224.992,226.499,228.052,229.631,231.214,232.774,234.283,235.713,237.037,238.241,239.324,240.313,241.276,242.341,243.733,245.813
81000.0,88.453,101.636,114.126,125.994,137.28,148.005,158.17,167.759,176.742,185.072,192.687,199.507,205.44,210.385,214.24,216.919,218.383,218.671,217.946,216.524,214.85,213.413,212.59,212.507,213.023,213.853,214.758,215.644,216.536,217.489,218.529,219.658,220.873,222.17,223.545,224.992,226.499,228.052,229.631,231.214,232.774,234.283,235.712,237.037,238.241,239.324,240.313,241.276,242.341,243.733,245.813
81060.0,88.424,101.59,114.066,125.92,137.195,147.91,158.067,167.651,176.632,184.961,192.577,199.402,205.342,210.297,214.164,216.858,218.338,218.642,217.933,216.522,214.856,213.421,212.597,212.511,213.024,213.853,214.758,215.644,216.536,217.489,218.529,219.658,220.873,222.17,223.545,224.992,226.499,228.052,229.631,231.214,232.774,234.283,235.712,237.037,238.241,239.324,240.313,241.276,242.342,243.733,245.813
81120.0,88.394,101.544,114.005,125.846,137.11,147.816,157.965,167.544,176.521,184.85,192.468,199.297,205.245,210.21,214.089,216.797,218.293,218.614,217.92,216.521,214.862,213.43,212.604,212.515,213.026,213.853,214.757,215.643,216.536,217.489,218.529,219.658,220.873,222.17,223.545,224.992,226.499,228.052,229.631,231.214,232.774,234.283,235.712,237.037,238.241,239.324,240.313,241.276,242.342,243.733,245.813
81180.0,88.365,101.499,113.945,125.773,137.025,147.721,157.864,167.437,176.411,184.74,192.36,199.193,205.148,210.122,214.014,216.737,218.248,218.585,217.906,216.519,214.867,213.438,212.611,212.519,213.027,213.853,214.757,215.643,216.536,217.489,218.529,219.658,220.873,222.17,223.545,224.992,226.499,228.052,229.631,231.214,232.774,234.283,235.712,237.037,238.241,239.324,240.313,241.276,242.342,243.733,245.813
81240.0,88.336,101.453,113.884,125.699,136.94,147.628,157.763,167.331,176.302,184.629,192.251,199.089,205.051,210.035,213.939,216.676,218.203,218.557,217.893,216.518,214.873,213.446,212.618,212.523,213.028,213.853,214.757,215.643,216.536,217.489,218.529,219.658,220.873,222.17,223.545,224.992,226.499,228.052,229.631,231.214,232.774,234.283,235.712,237.037,238.241,239.324,240.313,241.276,242.342,243.733,245.813
81300.0,88.307,101.408,113.824,125.626,136.856,147.534,157.662,167.225,176.193,184.52,192.143,198.985,204.954,209.948,213.864,216.615,218.159,218.528,217.879,216.516,214.879,213.454,212.625,212.527,213.03,213.853,214.756,215.643,216.536,217.489,218.529,219.658,220.872,222.17,223.545,224.992,226.499,228.052,229.631,231.214,232.774,234.283,235.712,237.037,238.241,239.324,240.313,241.276,242.342,243.733,245.813
81360.0,88.278,101.363,113.765,125.554,136.772,147.441,157.561,167.119,176.084,184.41,192.035,198.882,204.858,209.861,213.789,216.555,218.114,218.499,217.865,216.514,214.884,213.463,212.632,212.531,213.031,213.853,214.756,215.642,216.536,217.489,218.529,219.658,220.872,222.17,223.545,224.992,226.499,228.052,229.631,231.214,232.774,234.283,235.712,237.037,238.241,239.324,240.313,241.276,242.342,243.733,245.813
81420.0,88.25,101.318,113.705,125.481,136.689,147.348,157.461,167.014,175.976,184.301,191.928,198.779,204.761,209.774,213.714,216.494,218.069,218.47,217.851,216.512,214.89,213.471,212.639,212.535,213.032,213.853,214.755,215.642,216.535,217.489,218.529,219.658,220.872,222.17,223.545,224.992,226.499,228.051,229.631,231.214,232.774,234.283,235.712,237.037,238.241,239.324,240.313,241.276,242.342,243.733,245.813
81480.0,88.221,101.273,113.646,125.409,136.606,147.256,157.361,166.909,175.867,184.192,191.821,198.676,204.665,209.687,213.639,216.434,218.024,218.442,217.837,216.51,214.895,213.479,212.646,212.539,213.034,213.853,214.755,215.642,216.535,217.489,218.529,219.658,220.872,222.17,223.545,224.992,226.499,228.051,229.631,231.214,232.774,234.283,235.712,237.037,238.241,239.324,240.313,241.276,242.342,243.733,245.813
81540.0,88.192,101.229,113.587,125.337,136.523,147.163,157.262,166.804,175.76,184.084,191.714,198.573,204.569,209.601,213.565,216.373,217.979,218.413,217.823,216.508,214.901,213.487,212.653,212.543,213.035,213.853,214.755,215.642,216.535,217.489,218.529,219.658,220.872,222.169,223.545,224.992,226.499,228.051,229.631,231.214,232.774,234.283,235.712,237.037,238.241,239.324,240.313,241.276,242.342,243.733,245.813
81600.0,88.164,101.184,113.528,125.266,136.44,147.071,157.163,166.7,175.652,183.976,191.607,198.471,204.474,209.515,213.49,216.313,217.934,218.384,217.809,216.505,214.906,213.495,212.66,212.548,213.036,213.853,214.754,215.641,216.535,217.489,218.529,219.658,220.872,222.169,223.545,224.992,226.499,228.051,229.631,231.214,232.774,234.283,235.712,237.037,238.241,239.324,240.313,241.276,242.342,243.733,245.813
81660.0,88.135,101.14,113.469,125.194,136.358,146.98,157.064,166.596,175.545,183.868,191.501,198.369,204.378,209.428,213.416,216.252,217.889,218.354,217.794,216.503,214.911,213.503,212.666,212.552,213.038,213.853,214.754,215.641,216.535,217.489,218.529,219.658,220.872,222.169,223.545,224.992,226.499,228.051,229.631,231.214,232.774,234.283,235.712,237.037,238.241,239.324,240.313,241.276,242.342,243.733,245.813
81720.0,88.107,101.096,113.411,125.123,136.276,146.889,156.966,166.492,175.439,183.76,191.395,198.267,204.283,209.343,213.342,216.192,217.844,218.325,217.78,216.5,214.916,213.511,212.673,212.556,213.039,213.853,214.753,215.641,216.535,217.489,218.529,219.658,220.872,222.169,223.545,224.992,226.499,228.051,229.631,231.214,232.774,234.283,235.712,237.037,238.241,239.324,240.313,241.276,242.342,243.733,245.813
81780.0,88.079,101.052,113.353,125.052,136.194,146.798,156.867,166.389,175.332,183.653,191.29,198.165,204.188,209.257,213.268,216.132,217.799,218.296,217.765,216.498,214.921,213.519,212.68,212.56,213.041,213.852,214.753,215.641,216.535,217.489,218.529,219.658,220.872,222.169,223.545,224.992,226.499,228.051,229.631,231.214,232.774,234.283,235.712,237.037,238.241,239.324,240.313,241.276,242.342,243.733,245.813
81840.0,88.051,101.008,113.295,124.982,136.112,146.707,156.77,166.286,175.226,183.546,191.184,198.064,204.093,209.171,213.193,216.071,217.754,218.267,217.751,216.495,214.926,213.526,212.687,212.564,213.042,213.852,214.753,215.64,216.535,217.489,218.529,219.658,220.872,222.169,223.545,224.992,226.499,228.051,229.631,231.214,232.774,234.283,235.712,237.037,238.24,239.324,240.313,241.276,242.342,243.733,245.813
81900.0,88.023,100.965,113.237,124.912,136.031,146.617,156.672,166.183,175.121,183.44,191.079,197.963,203.999,209.085,213.119,216.011,217.709,218.237,217.736,216.492,214.931,213.534,212.694,212.568,213.043,213.852,214.752,215.64,216.535,217.489,218.529,219.658,220.872,222.169,223.545,224.992,226.499,228.051,229.63,231.214,232.774,234.283,235.712,237.037,238.24,239.324,240.313,241.276,242.342,243.733,245.813
81960.0,87.995,100.921,113.18,124.842,135.951,146.527,156.575,166.081,175.015,183.333,190.975,197.862,203.904,209.0,213.046,215.951,217.664,218.208,217.721,216.489,214.936,213.542,212.701,212.572,213.045,213.852,214.752,215.64,216.535,217.488,218.529,219.658,220.872,222.169,223.545,224.992,226.499,228.051,229.63,231.213,232.774,234.283,235.712,237.037,238.24,239.324,240.313,241.276,242.342,243.733,245.813
82020.0,87.967,100.878,113.122,124.772,135.87,146.438,156.479,165.979,174.91,183.228,190.87,197.761,203.81,208.915,212.972,215.89,217.619,218.178,217.706,216.486,214.94,213.55,212.708,212.576,213.046,213.852,214.751,215.64,216.535,217.488,218.529,219.657,220.872,222.169,223.545,224.991,226.499,228.051,229.63,231.213,232.774,234.283,235.712,237.037,238.24,239.324,240.313,241.276,242.342,243.733,245.813
82080.0,87.939,100.835,113.065,124.702,135.79,146.349,156.382,165.878,174.806,183.122,190.766,197.661,203.716,208.83,212.898,215.83,217.573,218.149,217.691,216.483,214.945,213.557,212.714,212.58,213.048,213.852,214.751,215.639,216.534,217.488,218.528,219.657,220.872,222.169,223.545,224.991,226.498,228.051,229.63,231.213,232.774,234.283,235.712,237.037,238.24,239.324,240.313,241.276,242.342,243.733,245.813
82140.0,87.912,100.792,113.008,124.633,135.71,146.26,156.286,165.776,174.701,183.017,190.662,197.561,203.622,208.745,212.824,215.77,217.528,218.119,217.676,216.48,214.95,213.565,212.721,212.584,213.049,213.852,214.751,215.639,216.534,217.488,218.528,219.657,220.872,222.169,223.545,224.991,226.498,228.051,229.63,231.213,232.774,234.283,235.712,237.037,238.24,239.324,240.313,241.276,242.342,243.733,245.813
82200.0,87.884,100.749,112.951,124.564,135.63,146.171,156.19,165.675,174.597,182.912,190.559,197.461,203.529,208.66,212.751,215.71,217.483,218.089,217.661,216.477,214.954,213.572,212.728,212.588,213.051,213.852,214.75,215.639,216.534,217.488,218.528,219.657,220.872,222.169,223.545,224.991,226.498,228.051,229.63,231.213,232.774,234.283,235.712,237.037,238.24,239.324,240.313,241.276,242.342,243.733,245.813
82260.0,87.857,100.706,112.895,124.495,135.551,146.083,156.095,165.575,174.494,182.807,190.455,197.362,203.436,208.576,212.678,215.65,217.438,218.059,217.646,216.473,214.959,213.58,212.735,212.592,213.052,213.852,214.75,215.639,216.534,217.488,218.528,219.657,220.872,222.169,223.545,224.991,226.498,228.051,229.63,231.213,232.774,234.283,235.712,237.037,238.24,239.324,240.313,241.276,242.342,243.733,245.813
82320.0,87.829,100.663,112.839,124.427,135.472,145.995,156.0,165.475,174.39,182.703,190.352,197.262,203.343,208.491,212.604,215.59,217.393,218.03,217.63,216.47,214.963,213.587,212.741,212.596,213.054,213.852,214.75,215.638,216.534,217.488,218.528,219.657,220.872,222.169,223.544,224.991,226.498,228.051,229.63,231.213,232.774,234.283,235.712,237.037,238.24,239.324,240.313,241.276,242.342,243.733,245.813
82380.0,87.802,100.621,112.783,124.359,135.393,145.907,155.905,165.375,174.287,182.599,190.25,197.163,203.25,208.407,212.531,215.53,217.347,218.0,217.615,216.466,214.967,213.595,212.748,212.6,213.055,213.852,214.749,215.638,216.534,217.488,218.528,219.657,220.872,222.169,223.544,224.991,226.498,228.051,229.63,231.213,232.774,234.283,235.712,237.037,238.24,239.324,240.313,241.276,242.342,243.733,245.813
82440.0,87.775,100.579,112.727,124.291,135.314,145.82,155.811,165.275,174.185,182.495,190.147,197.064,203.157,208.323,212.458,215.47,217.302,217.97,217.599,216.463,214.971,213.602,212.755,212.604,213.057,213.852,214.749,215.638,216.534,217.488,218.528,219.657,220.872,222.169,223.544,224.991,226.498,228.051,229.63,231.213,232.774,234.283,235.712,237.037,238.24,239.324,240.313,241.276,242.342,243.733,245.813
82500.0,87.748,100.537,112.671,124.223,135.236,145.733,155.717,165.176,174.082,182.392,190.045,196.966,203.064,208.239,212.385,215.41,217.257,217.94,217.584,216.459,214.975,213.609,212.761,212.609,213.058,213.852,214.748,215.637,216.534,217.488,218.528,219.657,220.872,222.169,223.544,224.991,226.498,228.051,229.63,231.213,232.774,234.283,235.712,237.037,238.24,239.324,240.313,241.276,242.342,243.734,245.813
82560.0,87.721,100.495,112.616,124.155,135.158,145.646,155.623,165.077,173.98,182.289,189.943,196.868,202.972,208.155,212.312,215.35,217.211,217.909,217.568,216.455,214.979,213.617,212.768,212.613,213.06,213.852,214.748,215.637,216.534,217.488,218.528,219.657,220.871,222.169,223.544,224.991,226.498,228.051,229.63,231.213,232.774,234.283,235.712,237.037,238.24,239.324,240.313,241.276,242.342,243.734,245.813
82620.0,87.694,100.453,112.56,124.088,135.081,145.56,155.53,164.978,173.878,182.186,189.841,196.77,202.88,208.071,212.239,215.29,217.166,217.879,217.552,216.451,214.983,213.624,212.775,212.617,213.061,213.852,214.748,215.637,216.534,217.488,218.528,219.657,220.871,222.169,223.544,224.991,226.498,228.051,229.63,231.213,232.774,234.283,235.712,237.037,238.24,239.324,240.313,241.276,242.342,243.734,245.813
82680.0,87.667,100.411,112.505,124.021,135.003,145.473,155.436,164.88,173.777,182.083,189.74,196.672,202.788,207.988,212.166,215.23,217.121,217.849,217.536,216.447,214.987,213.631,212.781,212.621,213.063,213.852,214.747,215.637,216.533,217.488,218.528,219.657,220.871,222.169,223.544,224.991,226.498,228.051,229.63,231.213,232.774,234.283,235.712,237.037,238.24,239.324,240.313,241.276,242.342,243.734,245.813
82740.0,87.64,100.37,112.45,123.954,134.926,145.388,155.344,164.782,173.676,181.981,189.639,196.574,202.696,207.905,212.094,215.17,217.075,217.819,217.52,216.443,214.991,213.638,212.788,212.625,213.064,213.853,214.747,215.636,216.533,217.488,218.528,219.657,220.871,222.169,223.544,224.991,226.498,228.051,229.63,231.213,232.774,234.283,235.712,237.037,238.24,239.324,240.313,241.276,242.342,243.734,245.814
82800.0,87.613,100.328,112.396,123.888,134.849,145.302,155.251,164.685,173.575,181.879,189.538,196.477,202.605,207.821,212.021,215.111,217.03,217.788,217.504,216.439,214.995,213.645,212.795,212.629,213.066,213.853,214.747,215.636,216.533,217.488,218.528,219.657,220.871,222.168,223.544,224.991,226.498,228.051,229.63,231.213,232.773,234.283,235.712,237.036,238.24,239.324,240.313,241.276,242.342,243.734,245.814
82860.0,87.587,100.287,112.341,123.822,134.772,145.217,155.159,164.587,173.475,181.778,189.438,196.38,202.514,207.738,211.949,215.051,216.985,217.758,217.488,216.434,214.998,213.652,212.801,212.633,213.067,213.853,214.746,215.636,216.533,217.488,218.528,219.657,220.871,222.168,223.544,224.991,226.498,228.051,229.63,231.213,232.773,234.283,235.712,237.036,238.24,239.324,240.313,241.276,242.342,243.734,245.814
82920.0,87.56,100.246,112.287,123.755,134.696,145.132,155.067,164.49,173.374,181.677,189.338,196.283,202.423,207.655,211.876,214.991,216.939,217.728,217.472,216.43,215.002,213.659,212.808,212.637,213.069,213.853,214.746,215.636,216.533,217.488,218.528,219.657,220.871,222.168,223.544,224.991,226.498,228.051,229.63,231.213,232.773,234.283,235.712,237.036,238.24,239.324,240.313,241.276,242.342,243.734,245.814
82980.0,87.534,100.205,112.233,123.69,134.62,145.047,154.975,164.394,173.275,181.576,189.238,196.186,202.332,207.573,211.804,214.932,216.894,217.697,217.455,216.426,215.006,213.666,212.814,212.641,213.07,213.853,214.746,215.635,216.533,217.488,218.528,219.657,220.871,222.168,223.544,224.991,226.498,228.051,229.63,231.213,232.773,234.283,235.712,237.036,238.24,239.324,240.313,241.276,242.342,243.734,245.814
83040.0,87.508,100.164,112.179,123.624,134.544,144.963,154.884,164.297,173.175,181.475,189.138,196.09,202.241,207.49,211.732,214.872,216.848,217.666,217.439,216.421,215.009,213.673,212.821,212.645,213.072,213.853,214.745,215.635,216.533,217.488,218.528,219.657,220.871,222.168,223.544,224.991,226.498,228.051,229.63,231.213,232.773,234.283,235.712,237.036,238.24,239.324,240.313,241.276,242.342,243.734,245.814
83100.0,87.481,100.123,112.125,123.559,134.469,144.879,154.793,164.201,173.076,181.374,189.039,195.994,202.15,207.408,211.66,214.813,216.803,217.636,217.422,216.416,215.012,213.68,212.828,212.649,213.074,213.853,214.745,215.635,216.533,217.488,218.528,219.657,220.871,222.168,223.544,224.991,226.498,228.05,229.63,231.213,232.773,234.282,235.712,237.036,238.24,239.323,240.313,241.276,242.342,243.734,245.814
83160.0,87.455,100.083,112.072,123.493,134.394,144.795,154.702,164.105,172.977,181.274,188.94,195.898,202.06,207.325,211.588,214.753,216.758,217.605,217.406,216.412,215.016,213.687,212.834,212.654,213.075,213.853,214.744,215.635,216.533,217.488,218.528,219.657,220.871,222.168,223.544,224.991,226.498,228.05,229.63,231.213,232.773,234.282,235.712,237.036,238.24,239.323,240.313,241.276,242.342,243.734,245.814
83220.0,87.429,100.043,112.018,123.429,134.318,144.711,154.612,164.01,172.878,181.175,188.841,195.802,201.97,207.243,211.516,214.694,216.712,217.574,217.389,216.407,215.019,213.694,212.841,212.658,213.077,213.853,214.744,215.634,216.532,217.487,218.528,219.656,220.871,222.168,223.544,224.991,226.498,228.05,229.63,231.213,232.773,234.282,235.712,237.036,238.24,239.323,240.313,241.276,242.342,243.734,245.814
83280.0,87.403,100.002,111.965,123.364,134.244,144.628,154.522,163.915,172.78,181.075,188.742,195.707,201.88,207.161,211.444,214.634,216.667,217.544,217.372,216.402,215.022,213.701,212.847,212.662,213.078,213.853,214.744,215.634,216.532,217.487,218.528,219.656,220.871,222.168,223.544,224.991,226.498,228.05,229.63,231.213,232.773,234.282,235.712,237.036,238.24,239.323,240.313,241.276,242.342,243.734,245.814
83340.0,87.377,99.962,111.912,123.299,134.169,144.545,154.432,163.82,172.682,180.976,188.644,195.612,201.79,207.079,211.373,214.575,216.621,217.513,217.356,216.397,215.025,213.707,212.853,212.666,213.08,213.853,214.743,215.634,216.532,217.487,218.528,219.656,220.871,222.168,223.544,224.991,226.498,228.05,229.63,231.213,232.773,234.282,235.712,237.036,238.24,239.323,240.313,241.276,242.342,243.734,245.814
83400.0,87.351,99.922,111.859,123.235,134.095,144.462,154.343,163.725,172.584,180.877,188.546,195.517,201.701,206.998,211.301,214.516,216.576,217.482,217.339,216.392,215.028,213.714,212.86,212.67,213.081,213.853,214.743,215.634,216.532,217.487,218.527,219.656,220.871,222.168,223.544,224.991,226.498,228.05,229.63,231.213,232.773,234.282,235.712,237.036,238.24,239.323,240.313,241.276,242.342,243.734,245.814
83460.0,87.325,99.882,111.807,123.171,134.021,144.38,154.254,163.631,172.487,180.778,188.448,195.422,201.612,206.916,211.23,214.456,216.53,217.451,217.322,216.386,215.031,213.721,212.866,212.674,213.083,213.853,214.743,215.633,216.532,217.487,218.527,219.656,220.871,222.168,223.544,224.99,226.498,228.05,229.63,231.213,232.773,234.282,235.712,237.036,238.24,239.323,240.313,241.276,242.342,243.734,245.814
83520.0,87.3,99.843,111.754,123.107,133.947,144.298,154.165,163.537,172.389,180.68,188.35,195.327,201.523,206.835,211.158,214.397,216.485,217.42,217.305,216.381,215.034,213.727,212.873,212.678,213.085,213.854,214.742,215.633,216.532,217.487,218.527,219.656,220.871,222.168,223.544,224.99,226.498,228.05,229.63,231.213,232.773,234.282,235.712,237.036,238.24,239.323,240.313,241.276,242.342,243.734,245.814
83580.0,87.274,99.803,111.702,123.044,133.874,144.216,154.076,163.443,172.293,180.582,188.253,195.233,201.434,206.753,211.087,214.338,216.439,217.389,217.287,216.376,215.036,213.734,212.879,212.682,213.086,213.854,214.742,215.633,216.532,217.487,218.527,219.656,220.871,222.168,223.544,224.99,226.497,228.05,229.63,231.213,232.773,234.282,235.712,237.036,238.24,239.323,240.313,241.276,242.342,243.734,245.814
83640.0,87.249,99.764,111.65,122.98,133.801,144.134,153.988,163.35,172.196,180.484,188.156,195.139,201.345,206.672,211.016,214.279,216.394,217.358,217.27,216.37,215.039,213.74,212.885,212.686,213.088,213.854,214.742,215.633,216.532,217.487,218.527,219.656,220.871,222.168,223.544,224.99,226.497,228.05,229.63,231.213,232.773,234.282,235.712,237.036,238.24,239.323,240.313,241.276,242.342,243.734,245.814
83700.0,87.223,99.724,111.598,122.917,133.728,144.053,153.9,163.257,172.1,180.386,188.059,195.045,201.256,206.591,210.945,214.22,216.348,217.326,217.253,216.365,215.042,213.746,212.892,212.691,213.09,213.854,214.741,215.632,216.532,217.487,218.527,219.656,220.871,222.168,223.543,224.99,226.497,228.05,229.629,231.213,232.773,234.282,235.712,237.036,238.24,239.323,240.313,241.276,242.342,243.734,245.814
83760.0,87.198,99.685,111.546,122.854,133.655,143.972,153.812,163.164,172.004,180.289,187.963,194.952,201.168,206.511,210.874,214.161,216.303,217.295,217.235,216.359,215.044,213.753,212.898,212.695,213.091,213.854,214.741,215.632,216.532,217.487,218.527,219.656,220.871,222.168,223.543,224.99,226.497,228.05,229.629,231.213,232.773,234.282,235.712,237.036,238.24,239.323,240.313,241.276,242.342,243.734,245.814
83820.0,87.172,99.646,111.495,122.792,133.582,143.891,153.724,163.072,171.908,180.192,187.866,194.858,201.08,206.43,210.803,214.102,216.257,217.264,217.218,216.353,215.047,213.759,212.905,212.699,213.093,213.854,214.741,215.632,216.531,217.487,218.527,219.656,220.87,222.168,223.543,224.99,226.497,228.05,229.629,231.213,232.773,234.282,235.712,237.036,238.24,239.323,240.313,241.276,242.342,243.734,245.814
83880.0,87.147,99.607,111.443,122.729,133.51,143.811,153.637,162.98,171.813,180.095,187.77,194.765,200.992,206.349,210.732,214.043,216.212,217.233,217.2,216.348,215.049,213.765,212.911,212.703,213.095,213.854,214.74,215.632,216.531,217.487,218.527,219.656,220.87,222.168,223.543,224.99,226.497,228.05,229.629,231.213,232.773,234.282,235.712,237.036,238.24,239.323,240.313,241.276,242.342,243.734,245.814
83940.0,87.122,99.568,111.392,122.667,133.438,143.73,153.55,162.888,171.717,179.999,187.675,194.672,200.904,206.269,210.662,213.984,216.166,217.201,217.183,216.342,215.051,213.772,212.917,212.707,213.096,213.854,214.74,215.631,216.531,217.487,218.527,219.656,220.87,222.168,223.543,224.99,226.497,228.05,229.629,231.212,232.773,234.282,235.712,237.036,238.24,239.323,240.313,241.276,242.342,243.734,245.814
84000.0,87.097,99.529,111.341,122.605,133.366,143.651,153.464,162.796,171.623,179.902,187.579,194.58,200.816,206.189,210.591,213.925,216.121,217.17,217.165,216.336,215.054,213.778,212.923,212.711,213.098,213.855,214.74,215.631,216.531,217.487,218.527,219.656,220.87,222.168,223.543,224.99,226.497,228.05,229.629,231.212,232.773,234.282,235.712,237.036,238.24,239.323,240.313,241.276,242.342,243.734,245.814
84060.0,87.072,99.491,111.29,122.543,133.295,143.571,153.377,162.705,171.528,179.807,187.484,194.487,200.729,206.109,210.521,213.866,216.075,217.138,217.147,216.33,215.056,213.784,212.93,212.715,213.1,213.855,214.739,215.631,216.531,217.487,218.527,219.656,220.87,222.168,223.543,224.99,226.497,228.05,229.629,231.212,232.773,234.282,235.712,237.036,238.24,239.323,240.313,241.276,242.342,243.734,245.814
84120.0,87.047,99.452,111.239,122.481,133.224,143.491,153.291,162.614,171.434,179.711,187.389,194.395,200.642,206.029,210.45,213.807,216.03,217.107,217.13,216.323,215.058,213.79,212.936,212.719,213.101,213.855,214.739,215.631,216.531,217.487,218.527,219.656,220.87,222.167,223.543,224.99,226.497,228.05,229.629,231.212,232.773,234.282,235.711,237.036,238.24,239.323,240.313,241.276,242.342,243.734,245.814
84180.0,87.022,99.414,111.189,122.42,133.153,143.412,153.205,162.523,171.34,179.616,187.294,194.303,200.555,205.949,210.38,213.749,215.984,217.075,217.112,216.317,215.06,213.796,212.942,212.723,213.103,213.855,214.739,215.63,216.531,217.487,218.527,219.656,220.87,222.167,223.543,224.99,226.497,228.05,229.629,231.212,232.773,234.282,235.711,237.036,238.24,239.323,240.313,241.276,242.342,243.734,245.814
84240.0,86.997,99.376,111.138,122.358,133.082,143.333,153.12,162.432,171.246,179.52,187.2,194.211,200.468,205.869,210.31,213.69,215.938,217.044,217.094,216.311,215.062,213.802,212.948,212.728,213.105,213.855,214.738,215.63,216.531,217.487,218.527,219.656,220.87,222.167,223.543,224.99,226.497,228.05,229.629,231.212,232.773,234.282,235.711,237.036,238.24,239.323,240.313,241.276,242.342,243.734,245.814
84300.0,86.973,99.338,111.088,122.297,133.011,143.255,153.035,162.342,171.152,179.426,187.105,194.12,200.381,205.79,210.24,213.631,215.893,217.012,217.076,216.305,215.064,213.808,212.954,212.732,213.106,213.855,214.738,215.63,216.531,217.487,218.527,219.656,220.87,222.167,223.543,224.99,226.497,228.05,229.629,231.212,232.773,234.282,235.711,237.036,238.24,239.323,240.313,241.276,242.342,243.734,245.814
84360.0,86.948,99.3,111.038,122.236,132.941,143.176,152.95,162.252,171.059,179.331,187.011,194.028,200.295,205.711,210.17,213.573,215.847,216.981,217.057,216.298,215.066,213.814,212.961,212.736,213.108,213.856,214.738,215.63,216.53,217.487,218.527,219.656,220.87,222.167,223.543,224.99,226.497,228.05,229.629,231.212,232.773,234.282,235.711,237.036,238.24,239.323,240.313,241.276,242.342,243.734,245.814
84420.0,86.924,99.262,110.988,122.176,132.871,143.098,152.865,162.162,170.966,179.237,186.918,193.937,200.208,205.631,210.1,213.514,215.802,216.949,217.039,216.292,215.068,213.82,212.967,212.74,213.11,213.856,214.737,215.629,216.53,217.486,218.527,219.655,220.87,222.167,223.543,224.99,226.497,228.05,229.629,231.212,232.773,234.282,235.711,237.036,238.24,239.323,240.313,241.276,242.342,243.734,245.814
84480.0,86.899,99.225,110.939,122.115,132.801,143.02,152.78,162.073,170.874,179.143,186.824,193.846,200.122,205.552,210.03,213.456,215.756,216.917,217.021,216.285,215.069,213.826,212.973,212.744,213.111,213.856,214.737,215.629,216.53,217.486,218.527,219.655,220.87,222.167,223.543,224.99,226.497,228.05,229.629,231.212,232.773,234.282,235.711,237.036,238.24,239.323,240.313,241.276,242.342,243.734,245.814
84540.0,86.875,99.187,110.889,122.055,132.731,142.942,152.696,161.984,170.781,179.049,186.731,193.756,200.036,205.473,209.96,213.397,215.711,216.885,217.003,216.278,215.071,213.831,212.979,212.748,213.113,213.856,214.737,215.629,216.53,217.486,218.527,219.655,220.87,222.167,223.543,224.99,226.497,228.05,229.629,231.212,232.773,234.282,235.711,237.036,238.24,239.323,240.313,241.276,242.342,243.734,245.814
84600.0,86.85,99.15,110.84,121.995,132.662,142.865,152.612,161.895,170.689,178.955,186.638,193.665,199.951,205.395,209.891,213.339,215.665,216.853,216.984,216.271,215.072,213.837,212.985,212.752,213.115,213.856,214.737,215.629,216.53,217.486,218.527,219.655,220.87,222.167,223.543,224.99,226.497,228.05,229.629,231.212,232.773,234.282,235.711,237.036,238.24,239.323,240.313,241.276,242.342,243.734,245.814
84660.0,86.826,99.112,110.791,121.935,132.592,142.788,152.528,161.806,170.597,178.862,186.545,193.575,199.865,205.316,209.821,213.28,215.62,216.822,216.966,216.264,215.074,213.843,212.991,212.756,213.117,213.857,214.736,215.628,216.53,217.486,218.527,219.655,220.87,222.167,223.543,224.99,226.497,228.05,229.629,231.212,232.773,234.282,235.711,237.036,238.24,239.323,240.313,241.276,242.342,243.734,245.814
84720.0,86.802,99.075,110.742,121.876,132.524,142.711,152.445,161.718,170.506,178.769,186.452,193.485,199.78,205.237,209.752,213.222,215.574,216.79,216.947,216.258,215.075,213.848,212.997,212.76,213.118,213.857,214.736,215.628,216.53,217.486,218.526,219.655,220.87,222.167,223.543,224.99,226.497,228.049,229.629,231.212,232.773,234.282,235.711,237.036,238.24,239.323,240.313,241.276,242.342,243.734,245.814
84780.0,86.778,99.038,110.693,121.816,132.455,142.634,152.362,161.63,170.414,178.676,186.36,193.395,199.695,205.159,209.682,213.164,215.528,216.758,216.928,216.251,215.077,213.854,213.003,212.765,213.12,213.857,214.736,215.628,216.53,217.486,218.526,219.655,220.87,222.167,223.543,224.99,226.497,228.049,229.629,231.212,232.773,234.282,235.711,237.036,238.24,239.323,240.313,241.276,242.342,243.734,245.814
84840.0,86.754,99.001,110.644,121.757,132.386,142.558,152.279,161.542,170.323,178.584,186.268,193.305,199.61,205.081,209.613,213.106,215.483,216.726,216.91,216.243,215.078,213.86,213.009,212.769,213.122,213.857,214.735,215.628,216.53,217.486,218.526,219.655,220.87,222.167,223.543,224.989,226.497,228.049,229.629,231.212,232.773,234.282,235.711,237.036,238.24,239.323,240.313,241.276,242.342,243.734,245.814
84900.0,86.73,98.964,110.595,121.698,132.318,142.481,152.196,161.455,170.232,178.491,186.176,193.216,199.525,205.003,209.544,213.048,215.437,216.694,216.891,216.236,215.079,213.865,213.015,212.773,213.124,213.857,214.735,215.627,216.529,217.486,218.526,219.655,220.87,222.167,223.543,224.989,226.497,228.049,229.629,231.212,232.773,234.282,235.711,237.036,238.24,239.323,240.313,241.276,242.342,243.734,245.814
84960.0,86.706,98.927,110.547,121.639,132.25,142.406,152.114,161.367,170.142,178.399,186.084,193.127,199.44,204.925,209.475,212.989,215.392,216.662,216.872,216.229,215.08,213.871,213.021,212.777,213.125,213.858,214.735,215.627,216.529,217.486,218.526,219.655,220.87,222.167,223.543,224.989,226.497,228.049,229.629,231.212,232.773,234.282,235.711,237.036,238.24,239.323,240.313,241.276,242.342,243.734,245.814
85020.0,86.682,98.891,110.499,121.58,132.182,142.33,152.032,161.28,170.052,178.307,185.993,193.038,199.356,204.847,209.406,212.931,215.346,216.629,216.853,216.222,215.081,213.876,213.027,212.781,213.127,213.858,214.734,215.627,216.529,217.486,218.526,219.655,220.869,222.167,223.543,224.989,226.497,228.049,229.629,231.212,232.772,234.282,235.711,237.036,238.24,239.323,240.313,241.276,242.342,243.734,245.814
85080.0,86.658,98.854,110.451,121.522,132.114,142.254,151.95,161.193,169.962,178.216,185.902,192.949,199.271,204.769,209.337,212.873,215.301,216.597,216.834,216.214,215.082,213.881,213.033,212.785,213.129,213.858,214.734,215.627,216.529,217.486,218.526,219.655,220.869,222.167,223.542,224.989,226.497,228.049,229.629,231.212,232.772,234.282,235.711,237.036,238.24,239.323,240.313,241.276,242.342,243.734,245.814
85140.0,86.635,98.818,110.403,121.463,132.047,142.179,151.868,161.107,169.872,178.125,185.811,192.861,199.187,204.692,209.268,212.815,215.255,216.565,216.815,216.207,215.083,213.887,213.039,212.789,213.131,213.858,214.734,215.626,216.529,217.486,218.526,219.655,220.869,222.167,223.542,224.989,226.496,228.049,229.629,231.212,232.772,234.282,235.711,237.036,238.24,239.323,240.313,241.276,242.342,243.734,245.814
85200.0,86.611,98.782,110.355,121.405,131.98,142.104,151.787,161.021,169.782,178.034,185.72,192.772,199.103,204.614,209.2,212.757,215.21,216.533,216.796,216.199,215.084,213.892,213.045,212.793,213.133,213.859,214.734,215.626,216.529,217.486,218.526,219.655,220.869,222.167,223.542,224.989,226.496,228.049,229.629,231.212,232.772,234.282,235.711,237.036,238.24,239.323,240.313,241.276,242.342,243.734,245.814
85260.0,86.587,98.745,110.307,121.347,131.913,142.029,151.706,160.935,169.693,177.943,185.63,192.684,199.019,204.537,209.131,212.7,215.164,216.501,216.777,216.191,215.085,213.897,213.05,212.797,213.134,213.859,214.733,215.626,216.529,217.486,218.526,219.655,220.869,222.167,223.542,224.989,226.496,228.049,229.629,231.212,232.772,234.282,235.711,237.036,238.24,239.323,240.313,241.276,242.342,243.734,245.814
85320.0,86.564,98.709,110.26,121.29,131.846,141.955,151.625,160.849,169.604,177.852,185.54,192.596,198.936,204.46,209.063,212.642,215.119,216.468,216.758,216.184,215.085,213.902,213.056,212.801,213.136,213.859,214.733,215.626,216.529,217.486,218.526,219.655,220.869,222.167,223.542,224.989,226.496,228.049,229.629,231.212,232.772,234.282,235.711,237.036,238.24,239.323,240.313,241.276,242.342,243.734,245.814
85380.0,86.54,98.673,110.213,121.232,131.779,141.88,151.544,160.763,169.515,177.762,185.45,192.508,198.852,204.383,208.994,212.584,215.073,216.436,216.739,216.176,215.086,213.907,213.062,212.805,213.138,213.859,214.733,215.625,216.529,217.486,218.526,219.655,220.869,222.166,223.542,224.989,226.496,228.049,229.629,231.212,232.772,234.282,235.711,237.036,238.24,239.323,240.313,241.276,242.342,243.734,245.814
85440.0,86.517,98.638,110.165,121.175,131.713,141.806,151.464,160.678,169.427,177.672,185.36,192.421,198.769,204.306,208.926,212.526,215.028,216.404,216.719,216.168,215.087,213.912,213.068,212.81,213.14,213.86,214.732,215.625,216.528,217.486,218.526,219.655,220.869,222.166,223.542,224.989,226.496,228.049,229.629,231.212,232.772,234.282,235.711,237.036,238.24,239.323,240.313,241.276,242.342,243.734,245.814
85500.0,86.494,98.602,110.118,121.117,131.647,141.733,151.384,160.593,169.339,177.582,185.27,192.333,198.686,204.23,208.858,212.469,214.982,216.371,216.7,216.16,215.087,213.917,213.074,212.814,213.142,213.86,214.732,215.625,216.528,217.486,218.526,219.655,220.869,222.166,223.542,224.989,226.496,228.049,229.628,231.212,232.772,234.282,235.711,237.036,238.24,239.323,240.313,241.276,242.342,243.734,245.814
85560.0,86.471,98.566,110.071,121.06,131.581,141.659,151.304,160.508,169.251,177.493,185.181,192.246,198.603,204.153,208.79,212.411,214.937,216.339,216.68,216.152,215.088,213.922,213.079,212.818,213.143,213.86,214.732,215.625,216.528,217.486,218.526,219.655,220.869,222.166,223.542,224.989,226.496,228.049,229.628,231.212,232.772,234.282,235.711,237.036,238.24,239.323,240.313,241.276,242.342,243.734,245.814
85620.0,86.447,98.531,110.025,121.004,131.515,141.586,151.224,160.424,169.163,177.403,185.092,192.159,198.52,204.077,208.722,212.354,214.891,216.306,216.661,216.144,215.088,213.927,213.085,212.822,213.145,213.86,214.732,215.624,216.528,217.485,218.526,219.655,220.869,222.166,223.542,224.989,226.496,228.049,229.628,231.212,232.772,234.282,235.711,237.036,238.24,239.323,240.313,241.276,242.342,243.734,245.814
85680.0,86.424,98.495,109.978,120.947,131.45,141.512,151.145,160.34,169.075,177.314,185.003,192.073,198.438,204.0,208.654,212.296,214.846,216.274,216.641,216.136,215.088,213.932,213.091,212.826,213.147,213.861,214.731,215.624,216.528,217.485,218.526,219.654,220.869,222.166,223.542,224.989,226.496,228.049,229.628,231.212,232.772,234.281,235.711,237.036,238.24,239.323,240.313,241.276,242.342,243.734,245.814
85740.0,86.401,98.46,109.932,120.89,131.384,141.439,151.066,160.256,168.988,177.225,184.914,191.986,198.355,203.924,208.586,212.239,214.8,216.241,216.622,216.128,215.089,213.937,213.096,212.83,213.149,213.861,214.731,215.624,216.528,217.485,218.526,219.654,220.869,222.166,223.542,224.989,226.496,228.049,229.628,231.212,232.772,234.281,235.711,237.036,238.24,239.323,240.313,241.276,242.342,243.734,245.814
85800.0,86.378,98.425,109.885,120.834,131.319,141.367,150.987,160.172,168.901,177.137,184.826,191.9,198.273,203.848,208.519,212.181,214.755,216.209,216.602,216.119,215.089,213.942,213.102,212.834,213.151,213.861,214.731,215.624,216.528,217.485,218.526,219.654,220.869,222.166,223.542,224.989,226.496,228.049,229.628,231.212,232.772,234.281,235.711,237.036,238.24,239.323,240.313,241.276,242.342,243.734,245.814
85860.0,86.355,98.39,109.839,120.778,131.254,141.294,150.908,160.088,168.814,177.048,184.738,191.814,198.191,203.772,208.451,212.124,214.709,216.176,216.582,216.111,215.089,213.947,213.108,212.838,213.153,213.862,214.731,215.623,216.528,217.485,218.526,219.654,220.869,222.166,223.542,224.989,226.496,228.049,229.628,231.212,232.772,234.281,235.711,237.036,238.24,239.323,240.313,241.276,242.342,243.734,245.814
85920.0,86.333,98.355,109.793,120.722,131.189,141.222,150.829,160.005,168.728,176.96,184.65,191.728,198.109,203.697,208.383,212.066,214.664,216.143,216.562,216.102,215.089,213.951,213.113,212.842,213.154,213.862,214.73,215.623,216.528,217.485,218.526,219.654,220.869,222.166,223.542,224.989,226.496,228.049,229.628,231.211,232.772,234.281,235.711,237.036,238.24,239.323,240.313,241.276,242.342,243.734,245.814
85980.0,86.31,98.32,109.747,120.666,131.125,141.15,150.751,159.922,168.641,176.872,184.562,191.642,198.027,203.621,208.316,212.009,214.618,216.111,216.542,216.094,215.089,213.956,213.119,212.846,213.156,213.862,214.73,215.623,216.527,217.485,218.526,219.654,220.869,222.166,223.542,224.989,226.496,228.049,229.628,231.211,232.772,234.281,235.711,237.036,238.24,239.323,240.313,241.276,242.342,243.734,245.814
86040.0,86.287,98.285,109.702,120.611,131.061,141.078,150.673,159.839,168.555,176.785,184.474,191.556,197.946,203.545,208.249,211.952,214.573,216.078,216.522,216.085,215.089,213.961,213.125,212.85,213.158,213.862,214.73,215.623,216.527,217.485,218.525,219.654,220.869,222.166,223.542,224.989,226.496,228.049,229.628,231.211,232.772,234.281,235.711,237.036,238.24,239.323,240.313,241.276,242.342,243.734,245.814
86100.0,86.264,98.251,109.656,120.555,130.996,141.007,150.595,159.757,168.47,176.697,184.387,191.471,197.865,203.47,208.182,211.895,214.527,216.045,216.502,216.077,215.089,213.965,213.13,212.854,213.16,213.863,214.73,215.622,216.527,217.485,218.525,219.654,220.869,222.166,223.542,224.989,226.496,228.049,229.628,231.211,232.772,234.281,235.711,237.036,238.24,239.323,240.313,241.276,242.342,243.734,245.814
86160.0,86.242,98.216,109.611,120.5,130.933,140.935,150.518,159.674,168.384,176.61,184.3,191.386,197.783,203.395,208.114,211.838,214.482,216.013,216.482,216.068,215.088,213.97,213.136,212.858,213.162,213.863,214.729,215.622,216.527,217.485,218.525,219.654,220.869,222.166,223.542,224.989,226.496,228.049,229.628,231.211,232.772,234.281,235.711,237.036,238.24,239.323,240.313,241.276,242.342,243.734,245.814
86220.0,86.219,98.182,109.565,120.445,130.869,140.864,150.44,159.592,168.299,176.523,184.213,191.301,197.702,203.32,208.047,211.781,214.437,215.98,216.462,216.059,215.088,213.974,213.141,212.862,213.164,213.863,214.729,215.622,216.527,217.485,218.525,219.654,220.869,222.166,223.542,224.989,226.496,228.049,229.628,231.211,232.772,234.281,235.711,237.036,238.24,239.323,240.313,241.276,242.342,243.734,245.814
86280.0,86.197,98.147,109.52,120.39,130.805,140.793,150.363,159.511,168.214,176.436,184.126,191.216,197.621,203.245,207.98,211.724,214.391,215.947,216.442,216.05,215.088,213.979,213.147,212.866,213.166,213.864,214.729,215.622,216.527,217.485,218.525,219.654,220.868,222.166,223.542,224.988,226.496,228.049,229.628,231.211,232.772,234.281,235.711,237.036,238.24,239.323,240.313,241.276,242.342,243.734,245.814
86340.0,86.174,98.113,109.475,120.335,130.742,140.722,150.287,159.429,168.129,176.35,184.04,191.131,197.541,203.17,207.914,211.667,214.346,215.914,216.422,216.041,215.087,213.983,213.152,212.87,213.167,213.864,214.729,215.621,216.527,217.485,218.525,219.654,220.868,222.166,223.542,224.988,226.496,228.048,229.628,231.211,232.772,234.281,235.711,237.036,238.24,239.323,240.313,241.276,242.342,243.734,245.814
