local_time_s,0.00000,0.00317,0.00674,0.01077,0.01531,0.02043,0.02620,0.03271,0.04005,0.04832,0.05765,0.06817,0.08003,0.09340,0.10848,0.12548,0.14465,0.16626,0.19062,0.21809,0.24907,0.28399,0.32337,0.36776,0.41782,0.47426,0.53789,0.60964,0.69054,0.78175,0.88458,1.00053,1.13127,1.27867,1.44486,1.63225,1.84352,2.08173,2.35032,2.65314,2.99458,3.37954,3.81359,4.30298,4.85477,5.47690,6.17836,6.96925,7.86098,8.86639,10.00000
0.0,93.921,110.466,125.988,140.578,154.299,167.203,179.326,190.696,201.326,211.22,220.362,228.722,236.25,242.881,248.532,253.112,256.536,258.747,259.752,259.664,258.749,257.421,256.175,255.421,255.323,255.761,256.469,257.23,257.975,258.735,259.554,260.447,261.411,262.445,263.546,264.71,265.928,267.191,268.485,269.793,271.096,272.37,273.593,274.745,275.811,276.787,277.689,278.564,279.505,280.675,282.339
60.0,93.894,110.422,125.933,140.512,154.224,167.12,179.237,190.602,201.23,211.123,220.266,228.628,236.161,242.798,248.457,253.048,256.484,258.708,259.727,259.653,258.749,257.429,256.186,255.432,255.333,255.769,256.476,257.237,257.983,258.745,259.565,260.457,261.423,262.458,263.559,264.723,265.942,267.206,268.5,269.808,271.11,272.383,273.605,274.756,275.82,276.793,277.693,278.566,279.505,280.674,282.338
120.0,93.868,110.38,125.878,140.446,154.148,167.036,179.146,190.507,201.132,211.024,220.168,228.533,236.07,242.713,248.38,252.981,256.429,258.666,259.698,259.637,258.744,257.432,256.192,255.437,255.336,255.77,256.476,257.237,257.983,258.745,259.564,260.457,261.423,262.458,263.559,264.723,265.942,267.206,268.5,269.808,271.11,272.383,273.605,274.756,275.82,276.793,277.693,278.566,279.505,280.674,282.338
180.0,93.843,110.338,125.822,140.379,154.072,166.952,179.056,190.412,201.035,210.925,220.07,228.437,235.979,242.628,248.303,252.914,256.374,258.624,259.67,259.622,258.74,257.435,256.198,255.443,255.339,255.771,256.476,257.237,257.983,258.745,259.564,260.457,261.423,262.458,263.559,264.723,265.942,267.206,268.5,269.808,271.11,272.383,273.605,274.756,275.82,276.793,277.693,278.566,279.505,280.674,282.338
240.0,93.818,110.297,125.767,140.313,153.996,166.868,178.966,190.317,200.937,210.827,219.972,228.342,235.888,242.543,248.227,252.847,256.318,258.582,259.641,259.606,258.735,257.438,256.204,255.448,255.342,255.772,256.476,257.236,257.983,258.745,259.564,260.457,261.423,262.457,263.559,264.723,265.942,267.206,268.5,269.808,271.109,272.383,273.605,274.756,275.82,276.793,277.693,278.566,279.505,280.674,282.338
300.0,93.793,110.256,125.713,140.247,153.92,166.784,178.876,190.223,200.84,210.729,219.874,228.247,235.797,242.459,248.15,252.78,256.263,258.54,259.613,259.591,258.73,257.44,256.21,255.454,255.345,255.773,256.476,257.236,257.983,258.745,259.564,260.457,261.423,262.457,263.559,264.723,265.942,267.205,268.5,269.808,271.109,272.383,273.605,274.756,275.82,276.793,277.693,278.566,279.505,280.674,282.338
360.0,93.769,110.216,125.659,140.181,153.845,166.701,178.786,190.129,200.743,210.631,219.777,228.152,235.707,242.374,248.074,252.714,256.208,258.498,259.584,259.575,258.726,257.443,256.215,255.459,255.348,255.774,256.476,257.236,257.982,258.745,259.564,260.457,261.423,262.457,263.559,264.723,265.942,267.205,268.5,269.808,271.109,272.383,273.605,274.756,275.82,276.793,277.693,278.566,279.505,280.674,282.338
420.0,93.744,110.176,125.605,140.115,153.77,166.618,178.697,190.035,200.647,210.533,219.68,228.058,235.616,242.29,247.997,252.647,256.153,258.456,259.555,259.559,258.721,257.445,256.221,255.464,255.351,255.775,256.475,257.236,257.982,258.744,259.564,260.457,261.423,262.457,263.559,264.723,265.942,267.205,268.5,269.808,271.109,272.383,273.605,274.756,275.82,276.793,277.693,278.566,279.505,280.674,282.338
480.0,93.72,110.136,125.551,140.049,153.694,166.534,178.608,189.941,200.55,210.436,219.583,227.963,235.526,242.206,247.921,252.581,256.098,258.413,259.527,259.543,258.716,257.448,256.227,255.47,255.355,255.776,256.475,257.235,257.982,258.744,259.564,260.457,261.422,262.457,263.559,264.723,265.942,267.205,268.5,269.808,271.109,272.383,273.605,274.756,275.819,276.793,277.693,278.566,279.505,280.674,282.338
540.0,93.696,110.096,125.497,139.984,153.619,166.452,178.519,189.848,200.454,210.338,219.487,227.869,235.436,242.122,247.845,252.515,256.043,258.371,259.498,259.527,258.711,257.45,256.232,255.475,255.358,255.777,256.475,257.235,257.982,258.744,259.564,260.457,261.422,262.457,263.559,264.723,265.942,267.205,268.5,269.808,271.109,272.383,273.605,274.756,275.819,276.793,277.693,278.566,279.505,280.674,282.338
600.0,93.672,110.056,125.444,139.919,153.545,166.369,178.43,189.755,200.358,210.241,219.391,227.775,235.346,242.038,247.769,252.448,255.989,258.329,259.469,259.511,258.706,257.452,256.238,255.48,255.361,255.778,256.475,257.235,257.982,258.744,259.564,260.457,261.422,262.457,263.559,264.723,265.942,267.205,268.5,269.808,271.109,272.383,273.605,274.756,275.819,276.793,277.693,278.566,279.505,280.674,282.338
660.0,93.648,110.017,125.391,139.854,153.47,166.287,178.342,189.662,200.263,210.145,219.295,227.681,235.257,241.955,247.693,252.382,255.934,258.287,259.44,259.495,258.7,257.455,256.244,255.485,255.364,255.779,256.475,257.234,257.982,258.744,259.564,260.457,261.422,262.457,263.559,264.723,265.942,267.205,268.499,269.807,271.109,272.383,273.605,274.756,275.819,276.793,277.693,278.566,279.505,280.674,282.338
720.0,93.625,109.978,125.338,139.79,153.396,166.204,178.253,189.569,200.167,210.048,219.199,227.588,235.167,241.871,247.617,252.316,255.879,258.245,259.411,259.479,258.695,257.457,256.249,255.491,255.367,255.78,256.475,257.234,257.981,258.744,259.564,260.457,261.422,262.457,263.559,264.723,265.942,267.205,268.499,269.807,271.109,272.383,273.605,274.756,275.819,276.793,277.693,278.566,279.505,280.674,282.338
780.0,93.601,109.938,125.285,139.725,153.322,166.122,178.165,189.477,200.072,209.952,219.103,227.494,235.078,241.788,247.542,252.25,255.824,258.203,259.382,259.463,258.69,257.459,256.255,255.496,255.37,255.781,256.475,257.234,257.981,258.744,259.564,260.457,261.422,262.457,263.559,264.723,265.942,267.205,268.499,269.807,271.109,272.383,273.605,274.756,275.819,276.793,277.693,278.566,279.505,280.674,282.338
840.0,93.577,109.899,125.233,139.661,153.248,166.041,178.078,189.385,199.977,209.856,219.008,227.401,234.989,241.704,247.466,252.184,255.769,258.16,259.353,259.447,258.685,257.461,256.26,255.501,255.373,255.782,256.475,257.234,257.981,258.744,259.564,260.457,261.422,262.457,263.559,264.723,265.942,267.205,268.499,269.807,271.109,272.383,273.605,274.756,275.819,276.793,277.693,278.566,279.505,280.674,282.338
900.0,93.554,109.861,125.18,139.597,153.174,165.959,177.99,189.293,199.883,209.76,218.912,227.308,234.9,241.621,247.391,252.118,255.715,258.118,259.324,259.431,258.679,257.463,256.266,255.506,255.376,255.783,256.475,257.233,257.981,258.744,259.564,260.457,261.422,262.457,263.559,264.723,265.942,267.205,268.499,269.807,271.109,272.383,273.605,274.756,275.819,276.793,277.693,278.566,279.505,280.674,282.338
960.0,93.53,109.822,125.128,139.533,153.101,165.878,177.903,189.201,199.788,209.665,218.817,227.216,234.811,241.538,247.316,252.052,255.66,258.076,259.295,259.414,258.674,257.465,256.271,255.512,255.38,255.784,256.475,257.233,257.981,258.744,259.564,260.457,261.422,262.457,263.559,264.723,265.942,267.205,268.499,269.807,271.109,272.383,273.605,274.756,275.819,276.793,277.693,278.566,279.505,280.674,282.338
1020.0,93.507,109.783,125.076,139.47,153.027,165.797,177.816,189.11,199.694,209.569,218.723,227.123,234.723,241.456,247.24,251.986,255.605,258.034,259.266,259.398,258.668,257.467,256.276,255.517,255.383,255.786,256.475,257.233,257.981,258.744,259.564,260.457,261.422,262.457,263.559,264.723,265.942,267.205,268.499,269.807,271.109,272.383,273.605,274.756,275.819,276.793,277.693,278.566,279.505,280.674,282.338
1080.0,93.484,109.745,125.024,139.407,152.954,165.716,177.729,189.018,199.6,209.474,218.628,227.031,234.634,241.373,247.165,251.921,255.551,257.992,259.237,259.381,258.662,257.469,256.282,255.522,255.386,255.787,256.475,257.232,257.98,258.744,259.564,260.457,261.422,262.457,263.559,264.723,265.942,267.205,268.499,269.807,271.109,272.383,273.605,274.756,275.819,276.793,277.693,278.566,279.505,280.674,282.338
1140.0,93.46,109.706,124.972,139.343,152.882,165.635,177.642,188.927,199.506,209.379,218.534,226.939,234.546,241.29,247.09,251.855,255.496,257.949,259.208,259.365,258.657,257.471,256.287,255.527,255.389,255.788,256.475,257.232,257.98,258.744,259.564,260.457,261.422,262.457,263.559,264.723,265.942,267.205,268.499,269.807,271.109,272.383,273.605,274.756,275.819,276.793,277.693,278.566,279.505,280.674,282.338
1200.0,93.437,109.668,124.921,139.28,152.809,165.555,177.556,188.837,199.413,209.285,218.44,226.847,234.458,241.208,247.016,251.79,255.442,257.907,259.179,259.348,258.651,257.473,256.292,255.532,255.392,255.789,256.475,257.232,257.98,258.744,259.564,260.457,261.422,262.457,263.559,264.723,265.942,267.205,268.499,269.807,271.109,272.383,273.605,274.756,275.819,276.793,277.693,278.566,279.505,280.674,282.338
1260.0,93.414,109.63,124.869,139.217,152.736,165.475,177.469,188.746,199.319,209.19,218.346,226.755,234.37,241.126,246.941,251.724,255.387,257.865,259.149,259.332,258.645,257.474,256.297,255.537,255.395,255.79,256.475,257.232,257.98,258.744,259.564,260.457,261.422,262.457,263.559,264.723,265.942,267.205,268.499,269.807,271.109,272.383,273.605,274.756,275.819,276.793,277.693,278.566,279.505,280.674,282.338
1320.0,93.391,109.592,124.818,139.155,152.664,165.395,177.383,188.656,199.226,209.096,218.252,226.663,234.282,241.044,246.866,251.659,255.333,257.823,259.12,259.315,258.639,257.476,256.303,255.543,255.398,255.791,256.475,257.231,257.98,258.744,259.564,260.457,261.422,262.457,263.559,264.723,265.942,267.205,268.499,269.807,271.109,272.383,273.605,274.756,275.819,276.793,277.693,278.566,279.505,280.674,282.338
1380.0,93.368,109.554,124.767,139.092,152.592,165.315,177.298,188.566,199.133,209.002,218.159,226.572,234.195,240.962,246.792,251.593,255.278,257.781,259.091,259.298,258.633,257.478,256.308,255.548,255.401,255.792,256.474,257.231,257.98,258.743,259.564,260.457,261.422,262.457,263.559,264.723,265.942,267.205,268.499,269.807,271.109,272.383,273.605,274.756,275.819,276.793,277.693,278.566,279.505,280.674,282.338
1440.0,93.345,109.516,124.716,139.03,152.521,165.236,177.212,188.476,199.041,208.909,218.065,226.481,234.108,240.88,246.717,251.528,255.224,257.738,259.061,259.281,258.627,257.479,256.313,255.553,255.405,255.793,256.474,257.231,257.979,258.743,259.564,260.457,261.422,262.457,263.558,264.723,265.941,267.205,268.499,269.807,271.109,272.383,273.605,274.756,275.819,276.793,277.693,278.566,279.505,280.674,282.338
1500.0,93.322,109.478,124.665,138.968,152.449,165.156,177.127,188.386,198.948,208.815,217.972,226.39,234.02,240.798,246.643,251.463,255.17,257.696,259.032,259.264,258.621,257.481,256.318,255.558,255.408,255.794,256.474,257.23,257.979,258.743,259.564,260.457,261.422,262.457,263.558,264.723,265.941,267.205,268.499,269.807,271.109,272.383,273.605,274.756,275.819,276.793,277.693,278.566,279.505,280.674,282.338
1560.0,93.299,109.441,124.615,138.906,152.378,165.077,177.042,188.297,198.856,208.722,217.879,226.299,233.933,240.717,246.569,251.398,255.115,257.654,259.003,259.248,258.615,257.482,256.323,255.563,255.411,255.795,256.474,257.23,257.979,258.743,259.564,260.457,261.422,262.457,263.558,264.722,265.941,267.205,268.499,269.807,271.109,272.383,273.605,274.756,275.819,276.793,277.693,278.566,279.505,280.674,282.338
1620.0,93.277,109.403,124.564,138.844,152.306,164.998,176.957,188.207,198.764,208.629,217.787,226.209,233.847,240.636,246.495,251.333,255.061,257.612,258.973,259.231,258.608,257.483,256.328,255.568,255.414,255.796,256.474,257.23,257.979,258.743,259.564,260.456,261.422,262.457,263.558,264.722,265.941,267.205,268.499,269.807,271.109,272.383,273.605,274.756,275.819,276.793,277.693,278.566,279.505,280.674,282.338
1680.0,93.254,109.366,124.514,138.783,152.235,164.92,176.872,188.118,198.673,208.536,217.694,226.118,233.76,240.554,246.421,251.268,255.007,257.57,258.944,259.213,258.602,257.485,256.333,255.573,255.417,255.797,256.474,257.23,257.979,258.743,259.564,260.456,261.422,262.457,263.558,264.722,265.941,267.205,268.499,269.807,271.109,272.382,273.605,274.756,275.819,276.793,277.693,278.566,279.505,280.674,282.338
1740.0,93.231,109.329,124.464,138.721,152.165,164.841,176.788,188.03,198.581,208.443,217.602,226.028,233.673,240.473,246.347,251.203,254.952,257.527,258.914,259.196,258.596,257.486,256.338,255.578,255.42,255.799,256.474,257.229,257.979,258.743,259.563,260.456,261.422,262.457,263.558,264.722,265.941,267.205,268.499,269.807,271.109,272.382,273.605,274.755,275.819,276.793,277.693,278.566,279.505,280.674,282.338
1800.0,93.209,109.291,124.414,138.66,152.094,164.763,176.704,187.941,198.49,208.351,217.51,225.938,233.587,240.392,246.273,251.138,254.898,257.485,258.885,259.179,258.589,257.487,256.343,255.583,255.423,255.8,256.474,257.229,257.978,258.743,259.563,260.456,261.422,262.456,263.558,264.722,265.941,267.205,268.499,269.807,271.109,272.382,273.605,274.755,275.819,276.793,277.693,278.566,279.505,280.674,282.338
1860.0,93.186,109.254,124.364,138.599,152.024,164.685,176.62,187.853,198.399,208.258,217.418,225.848,233.501,240.312,246.2,251.074,254.844,257.443,258.855,259.162,258.583,257.488,256.348,255.588,255.427,255.801,256.474,257.229,257.978,258.743,259.563,260.456,261.422,262.456,263.558,264.722,265.941,267.205,268.499,269.807,271.109,272.382,273.605,274.755,275.819,276.793,277.693,278.566,279.505,280.674,282.338
1920.0,93.164,109.217,124.314,138.538,151.953,164.607,176.536,187.765,198.308,208.166,217.327,225.759,233.415,240.231,246.126,251.009,254.79,257.401,258.825,259.145,258.576,257.489,256.352,255.593,255.43,255.802,256.474,257.229,257.978,258.743,259.563,260.456,261.421,262.456,263.558,264.722,265.941,267.205,268.499,269.807,271.109,272.382,273.605,274.755,275.819,276.793,277.693,278.566,279.505,280.674,282.338
1980.0,93.141,109.18,124.264,138.478,151.883,164.53,176.452,187.677,198.217,208.075,217.235,225.669,233.329,240.151,246.053,250.945,254.736,257.358,258.796,259.127,258.569,257.49,256.357,255.598,255.433,255.803,256.474,257.228,257.978,258.743,259.563,260.456,261.421,262.456,263.558,264.722,265.941,267.205,268.499,269.807,271.109,272.382,273.605,274.755,275.819,276.793,277.693,278.566,279.505,280.674,282.338
2040.0,93.119,109.144,124.215,138.417,151.814,164.452,176.369,187.589,198.127,207.983,217.144,225.58,233.243,240.07,245.979,250.88,254.682,257.316,258.766,259.11,258.563,257.491,256.362,255.603,255.436,255.804,256.474,257.228,257.978,258.743,259.563,260.456,261.421,262.456,263.558,264.722,265.941,267.205,268.499,269.807,271.109,272.382,273.605,274.755,275.819,276.793,277.693,278.566,279.505,280.674,282.338
2100.0,93.097,109.107,124.165,138.357,151.744,164.375,176.286,187.502,198.037,207.892,217.053,225.491,233.158,239.99,245.906,250.816,254.628,257.274,258.736,259.092,258.556,257.492,256.367,255.608,255.439,255.805,256.474,257.228,257.978,258.743,259.563,260.456,261.421,262.456,263.558,264.722,265.941,267.205,268.499,269.807,271.109,272.382,273.605,274.755,275.819,276.793,277.693,278.566,279.505,280.674,282.338
2160.0,93.075,109.07,124.116,138.297,151.675,164.298,176.203,187.415,197.947,207.801,216.962,225.402,233.073,239.91,245.833,250.751,254.574,257.232,258.707,259.075,258.549,257.493,256.371,255.613,255.442,255.807,256.474,257.227,257.977,258.743,259.563,260.456,261.421,262.456,263.558,264.722,265.941,267.205,268.499,269.807,271.109,272.382,273.605,274.755,275.819,276.793,277.693,278.566,279.505,280.674,282.338
2220.0,93.052,109.034,124.067,138.237,151.605,164.221,176.12,187.328,197.857,207.71,216.872,225.313,232.987,239.83,245.76,250.687,254.52,257.19,258.677,259.057,258.542,257.494,256.376,255.618,255.446,255.808,256.474,257.227,257.977,258.743,259.563,260.456,261.421,262.456,263.558,264.722,265.941,267.204,268.499,269.807,271.109,272.382,273.605,274.755,275.819,276.793,277.693,278.566,279.505,280.674,282.338
2280.0,93.03,108.998,124.018,138.177,151.536,164.145,176.038,187.241,197.768,207.619,216.781,225.225,232.902,239.75,245.687,250.623,254.466,257.147,258.647,259.04,258.535,257.494,256.38,255.623,255.449,255.809,256.474,257.227,257.977,258.742,259.563,260.456,261.421,262.456,263.558,264.722,265.941,267.204,268.499,269.807,271.109,272.382,273.605,274.755,275.819,276.793,277.693,278.566,279.505,280.674,282.338
2340.0,93.008,108.961,123.969,138.117,151.467,164.068,175.956,187.154,197.678,207.528,216.691,225.136,232.818,239.671,245.615,250.559,254.413,257.105,258.617,259.022,258.528,257.495,256.385,255.628,255.452,255.81,256.474,257.227,257.977,258.742,259.563,260.456,261.421,262.456,263.558,264.722,265.941,267.204,268.499,269.807,271.109,272.382,273.605,274.755,275.819,276.793,277.693,278.566,279.505,280.674,282.338
2400.0,92.986,108.925,123.921,138.057,151.399,163.992,175.873,187.068,197.589,207.438,216.601,225.048,232.733,239.591,245.542,250.495,254.359,257.063,258.587,259.004,258.521,257.496,256.389,255.632,255.455,255.811,256.474,257.226,257.977,258.742,259.563,260.456,261.421,262.456,263.558,264.722,265.941,267.204,268.499,269.807,271.109,272.382,273.605,274.755,275.819,276.793,277.693,278.566,279.505,280.674,282.338
2460.0,92.964,108.889,123.872,137.998,151.33,163.916,175.792,186.982,197.5,207.348,216.511,224.96,232.648,239.512,245.469,250.431,254.305,257.021,258.557,258.987,258.514,257.496,256.394,255.637,255.458,255.812,256.474,257.226,257.977,258.742,259.563,260.456,261.421,262.456,263.558,264.722,265.941,267.204,268.499,269.807,271.109,272.382,273.605,274.755,275.819,276.793,277.693,278.566,279.505,280.674,282.338
2520.0,92.942,108.853,123.824,137.939,151.262,163.84,175.71,186.896,197.412,207.258,216.421,224.872,232.564,239.432,245.397,250.367,254.251,256.979,258.528,258.969,258.507,257.497,256.398,255.642,255.461,255.814,256.474,257.226,257.976,258.742,259.563,260.456,261.421,262.456,263.558,264.722,265.941,267.204,268.499,269.807,271.109,272.382,273.605,274.755,275.819,276.793,277.693,278.566,279.505,280.674,282.338
2580.0,92.921,108.817,123.775,137.88,151.194,163.765,175.629,186.81,197.323,207.168,216.332,224.785,232.48,239.353,245.325,250.303,254.198,256.936,258.498,258.951,258.499,257.497,256.403,255.647,255.464,255.815,256.475,257.226,257.976,258.742,259.563,260.456,261.421,262.456,263.558,264.722,265.941,267.204,268.499,269.807,271.109,272.382,273.605,274.755,275.819,276.793,277.693,278.566,279.505,280.674,282.338
2640.0,92.899,108.782,123.727,137.821,151.126,163.689,175.547,186.725,197.235,207.079,216.243,224.697,232.396,239.274,245.252,250.239,254.144,256.894,258.468,258.933,258.492,257.497,256.407,255.652,255.468,255.816,256.475,257.225,257.976,258.742,259.563,260.456,261.421,262.456,263.558,264.722,265.941,267.204,268.499,269.807,271.109,272.382,273.605,274.755,275.819,276.793,277.693,278.566,279.505,280.674,282.338
2700.0,92.877,108.746,123.679,137.762,151.058,163.614,175.466,186.64,197.147,206.99,216.154,224.61,232.312,239.195,245.18,250.176,254.09,256.852,258.438,258.915,258.485,257.498,256.411,255.656,255.471,255.817,256.475,257.225,257.976,258.742,259.563,260.456,261.421,262.456,263.558,264.722,265.941,267.204,268.499,269.807,271.109,272.382,273.605,274.755,275.819,276.793,277.693,278.566,279.505,280.674,282.338
2760.0,92.855,108.71,123.631,137.704,150.991,163.539,175.386,186.554,197.059,206.901,216.065,224.523,232.228,239.117,245.108,250.112,254.037,256.81,258.408,258.897,258.477,257.498,256.416,255.661,255.474,255.818,256.475,257.225,257.976,258.742,259.563,260.456,261.421,262.456,263.558,264.722,265.941,267.204,268.498,269.807,271.109,272.382,273.605,274.755,275.819,276.793,277.693,278.566,279.505,280.674,282.338
2820.0,92.834,108.675,123.584,137.645,150.923,163.464,175.305,186.47,196.972,206.812,215.976,224.436,232.145,239.038,245.036,250.049,253.983,256.768,258.377,258.879,258.47,257.498,256.42,255.666,255.477,255.82,256.475,257.225,257.976,258.742,259.563,260.456,261.421,262.456,263.558,264.722,265.941,267.204,268.498,269.807,271.108,272.382,273.605,274.755,275.819,276.793,277.693,278.566,279.505,280.674,282.338
2880.0,92.812,108.639,123.536,137.587,150.856,163.39,175.225,186.385,196.884,206.723,215.888,224.349,232.061,238.96,244.965,249.985,253.93,256.725,258.347,258.861,258.462,257.498,256.424,255.671,255.48,255.821,256.475,257.224,257.975,258.742,259.563,260.456,261.421,262.456,263.558,264.722,265.941,267.204,268.498,269.807,271.108,272.382,273.605,274.755,275.819,276.793,277.693,278.566,279.505,280.674,282.338
2940.0,92.791,108.604,123.488,137.529,150.789,163.315,175.144,186.301,196.797,206.635,215.8,224.263,231.978,238.881,244.893,249.922,253.876,256.683,258.317,258.842,258.454,257.499,256.428,255.675,255.483,255.822,256.475,257.224,257.975,258.742,259.563,260.456,261.421,262.456,263.558,264.722,265.941,267.204,268.498,269.806,271.108,272.382,273.605,274.755,275.819,276.793,277.693,278.566,279.505,280.674,282.338
3000.0,92.769,108.569,123.441,137.471,150.722,163.241,175.064,186.216,196.71,206.546,215.712,224.177,231.895,238.803,244.821,249.859,253.823,256.641,258.287,258.824,258.447,257.499,256.432,255.68,255.486,255.823,256.475,257.224,257.975,258.742,259.563,260.456,261.421,262.456,263.558,264.722,265.941,267.204,268.498,269.806,271.108,272.382,273.605,274.755,275.819,276.793,277.693,278.566,279.505,280.674,282.338
3060.0,92.748,108.534,123.394,137.413,150.655,163.167,174.985,186.132,196.623,206.458,215.624,224.09,231.812,238.725,244.75,249.795,253.77,256.599,258.257,258.806,258.439,257.499,256.437,255.685,255.49,255.824,256.475,257.224,257.975,258.742,259.563,260.456,261.421,262.456,263.557,264.722,265.941,267.204,268.498,269.806,271.108,272.382,273.605,274.755,275.819,276.793,277.693,278.566,279.505,280.674,282.338
3120.0,92.726,108.499,123.347,137.356,150.589,163.093,174.905,186.048,196.537,206.37,215.536,224.004,231.729,238.647,244.679,249.732,253.716,256.557,258.227,258.788,258.431,257.499,256.441,255.69,255.493,255.826,256.475,257.223,257.975,258.742,259.563,260.455,261.421,262.456,263.557,264.722,265.941,267.204,268.498,269.806,271.108,272.382,273.605,274.755,275.819,276.793,277.693,278.566,279.505,280.674,282.338
3180.0,92.705,108.464,123.3,137.298,150.523,163.02,174.826,185.965,196.45,206.283,215.448,223.919,231.647,238.57,244.607,249.669,253.663,256.515,258.197,258.769,258.423,257.498,256.445,255.694,255.496,255.827,256.475,257.223,257.975,258.741,259.563,260.455,261.421,262.456,263.557,264.722,265.941,267.204,268.498,269.806,271.108,272.382,273.605,274.755,275.819,276.793,277.693,278.566,279.505,280.674,282.338
3240.0,92.684,108.429,123.253,137.241,150.456,162.946,174.747,185.881,196.364,206.195,215.361,223.833,231.564,238.492,244.536,249.606,253.61,256.473,258.166,258.751,258.415,257.498,256.449,255.699,255.499,255.828,256.475,257.223,257.974,258.741,259.563,260.455,261.421,262.456,263.557,264.721,265.94,267.204,268.498,269.806,271.108,272.382,273.604,274.755,275.819,276.793,277.693,278.566,279.505,280.674,282.338
3300.0,92.663,108.394,123.206,137.184,150.39,162.873,174.668,185.798,196.278,206.108,215.274,223.747,231.482,238.414,244.465,249.543,253.557,256.43,258.136,258.732,258.407,257.498,256.453,255.704,255.502,255.829,256.475,257.223,257.974,258.741,259.562,260.455,261.421,262.455,263.557,264.721,265.94,267.204,268.498,269.806,271.108,272.382,273.604,274.755,275.819,276.793,277.693,278.566,279.505,280.674,282.338
3360.0,92.641,108.36,123.16,137.127,150.325,162.8,174.589,185.715,196.192,206.021,215.187,223.662,231.4,238.337,244.394,249.48,253.504,256.388,258.106,258.714,258.399,257.498,256.457,255.708,255.505,255.831,256.475,257.222,257.974,258.741,259.562,260.455,261.421,262.455,263.557,264.721,265.94,267.204,268.498,269.806,271.108,272.382,273.604,274.755,275.819,276.793,277.693,278.566,279.505,280.674,282.338
3420.0,92.62,108.325,123.113,137.07,150.259,162.727,174.51,185.632,196.107,205.934,215.1,223.577,231.318,238.26,244.323,249.418,253.45,256.346,258.075,258.695,258.391,257.497,256.46,255.713,255.508,255.832,256.475,257.222,257.974,258.741,259.562,260.455,261.42,262.455,263.557,264.721,265.94,267.204,268.498,269.806,271.108,272.382,273.604,274.755,275.819,276.793,277.693,278.566,279.505,280.674,282.338
3480.0,92.599,108.291,123.067,137.013,150.193,162.655,174.432,185.55,196.021,205.847,215.014,223.492,231.236,238.183,244.253,249.355,253.397,256.304,258.045,258.677,258.383,257.497,256.464,255.717,255.511,255.833,256.475,257.222,257.974,258.741,259.562,260.455,261.42,262.455,263.557,264.721,265.94,267.204,268.498,269.806,271.108,272.382,273.604,274.755,275.819,276.793,277.693,278.566,279.505,280.674,282.338
3540.0,92.578,108.256,123.02,136.957,150.128,162.582,174.354,185.467,195.936,205.761,214.927,223.407,231.154,238.106,244.182,249.292,253.344,256.262,258.015,258.658,258.374,257.497,256.468,255.722,255.515,255.834,256.476,257.222,257.974,258.741,259.562,260.455,261.42,262.455,263.557,264.721,265.94,267.204,268.498,269.806,271.108,272.382,273.604,274.755,275.819,276.793,277.693,278.566,279.505,280.674,282.338
3600.0,92.557,108.222,122.974,136.9,150.063,162.51,174.276,185.385,195.851,205.674,214.841,223.323,231.073,238.029,244.112,249.23,253.291,256.22,257.984,258.639,258.366,257.496,256.472,255.726,255.518,255.836,256.476,257.221,257.973,258.741,259.562,260.455,261.42,262.455,263.557,264.721,265.94,267.204,268.498,269.806,271.108,272.382,273.604,274.755,275.819,276.793,277.693,278.566,279.505,280.674,282.338
3660.0,92.536,108.188,122.928,136.844,149.998,162.438,174.198,185.303,195.766,205.588,214.755,223.238,230.991,237.952,244.041,249.167,253.238,256.178,257.954,258.62,258.358,257.496,256.476,255.731,255.521,255.837,256.476,257.221,257.973,258.741,259.562,260.455,261.42,262.455,263.557,264.721,265.94,267.204,268.498,269.806,271.108,272.382,273.604,274.755,275.819,276.793,277.693,278.566,279.505,280.674,282.338
3720.0,92.515,108.154,122.882,136.788,149.933,162.366,174.12,185.221,195.682,205.502,214.669,223.154,230.91,237.876,243.971,249.105,253.185,256.136,257.923,258.602,258.349,257.495,256.479,255.735,255.524,255.838,256.476,257.221,257.973,258.741,259.562,260.455,261.42,262.455,263.557,264.721,265.94,267.204,268.498,269.806,271.108,272.382,273.604,274.755,275.819,276.793,277.693,278.566,279.505,280.674,282.338
3780.0,92.495,108.12,122.837,136.732,149.869,162.294,174.043,185.14,195.598,205.417,214.584,223.07,230.829,237.799,243.901,249.043,253.133,256.094,257.893,258.583,258.341,257.494,256.483,255.74,255.527,255.839,256.476,257.221,257.973,258.741,259.562,260.455,261.42,262.455,263.557,264.721,265.94,267.204,268.498,269.806,271.108,272.382,273.604,274.755,275.819,276.793,277.693,278.566,279.505,280.674,282.338
3840.0,92.474,108.086,122.791,136.676,149.804,162.222,173.966,185.058,195.513,205.331,214.498,222.986,230.748,237.723,243.83,248.98,253.08,256.051,257.863,258.564,258.332,257.494,256.487,255.744,255.53,255.841,256.476,257.221,257.973,258.741,259.562,260.455,261.42,262.455,263.557,264.721,265.94,267.204,268.498,269.806,271.108,272.382,273.604,274.755,275.819,276.793,277.693,278.566,279.505,280.674,282.338
3900.0,92.453,108.052,122.746,136.621,149.74,162.151,173.889,184.977,195.429,205.246,214.413,222.902,230.667,237.647,243.76,248.918,253.027,256.009,257.832,258.545,258.324,257.493,256.49,255.749,255.533,255.842,256.476,257.22,257.973,258.741,259.562,260.455,261.42,262.455,263.557,264.721,265.94,267.204,268.498,269.806,271.108,272.382,273.604,274.755,275.819,276.793,277.693,278.566,279.505,280.674,282.338
3960.0,92.433,108.018,122.7,136.565,149.676,162.08,173.812,184.896,195.346,205.16,214.328,222.818,230.587,237.571,243.691,248.856,252.974,255.967,257.801,258.526,258.315,257.492,256.494,255.753,255.536,255.843,256.476,257.22,257.972,258.741,259.562,260.455,261.42,262.455,263.557,264.721,265.94,267.204,268.498,269.806,271.108,272.382,273.604,274.755,275.819,276.793,277.693,278.566,279.505,280.674,282.338
4020.0,92.412,107.984,122.655,136.51,149.612,162.009,173.735,184.815,195.262,205.076,214.243,222.735,230.506,237.495,243.621,248.794,252.922,255.925,257.771,258.507,258.306,257.491,256.497,255.758,255.54,255.845,256.476,257.22,257.972,258.741,259.562,260.455,261.42,262.455,263.557,264.721,265.94,267.204,268.498,269.806,271.108,272.382,273.604,274.755,275.819,276.793,277.693,278.566,279.505,280.674,282.338
4080.0,92.391,107.951,122.61,136.455,149.548,161.938,173.659,184.735,195.178,204.991,214.158,222.652,230.426,237.419,243.551,248.732,252.869,255.883,257.74,258.488,258.298,257.49,256.501,255.762,255.543,255.846,256.477,257.22,257.972,258.74,259.562,260.455,261.42,262.455,263.557,264.721,265.94,267.204,268.498,269.806,271.108,272.382,273.604,274.755,275.819,276.793,277.693,278.566,279.505,280.674,282.338
4140.0,92.371,107.917,122.565,136.4,149.485,161.867,173.582,184.654,195.095,204.906,214.073,222.568,230.346,237.343,243.481,248.67,252.816,255.841,257.71,258.469,258.289,257.489,256.504,255.767,255.546,255.847,256.477,257.219,257.972,258.74,259.562,260.455,261.42,262.455,263.557,264.721,265.94,267.203,268.498,269.806,271.108,272.382,273.604,274.755,275.819,276.793,277.693,278.566,279.505,280.674,282.338
4200.0,92.35,107.884,122.52,136.345,149.421,161.797,173.506,184.574,195.012,204.822,213.989,222.485,230.266,237.267,243.412,248.608,252.764,255.799,257.679,258.45,258.28,257.488,256.507,255.771,255.549,255.848,256.477,257.219,257.972,258.74,259.562,260.455,261.42,262.455,263.557,264.721,265.94,267.203,268.498,269.806,271.108,272.382,273.604,274.755,275.819,276.793,277.693,278.566,279.505,280.674,282.338
4260.0,92.33,107.851,122.475,136.29,149.358,161.726,173.43,184.494,194.929,204.737,213.905,222.403,230.186,237.192,243.342,248.547,252.711,255.757,257.649,258.43,258.271,257.487,256.511,255.775,255.552,255.85,256.477,257.219,257.972,258.74,259.562,260.455,261.42,262.455,263.557,264.721,265.94,267.203,268.498,269.806,271.108,272.382,273.604,274.755,275.819,276.793,277.693,278.566,279.505,280.674,282.338
4320.0,92.31,107.817,122.43,136.235,149.295,161.656,173.355,184.414,194.847,204.653,213.821,222.32,230.106,237.117,243.273,248.485,252.659,255.715,257.618,258.411,258.262,257.486,256.514,255.78,255.555,255.851,256.477,257.219,257.971,258.74,259.562,260.455,261.42,262.455,263.557,264.721,265.94,267.203,268.498,269.806,271.108,272.382,273.604,274.755,275.819,276.793,277.693,278.566,279.505,280.674,282.338
4380.0,92.289,107.784,122.386,136.181,149.232,161.586,173.279,184.334,194.764,204.569,213.737,222.237,230.027,237.041,243.204,248.423,252.606,255.673,257.587,258.392,258.253,257.485,256.517,255.784,255.558,255.852,256.477,257.218,257.971,258.74,259.562,260.455,261.42,262.455,263.557,264.721,265.94,267.203,268.498,269.806,271.108,272.382,273.604,274.755,275.819,276.793,277.693,278.566,279.505,280.674,282.338
4440.0,92.269,107.751,122.341,136.126,149.169,161.516,173.204,184.255,194.682,204.486,213.653,222.155,229.947,236.966,243.135,248.362,252.554,255.631,257.557,258.372,258.244,257.484,256.521,255.788,255.561,255.854,256.477,257.218,257.971,258.74,259.562,260.455,261.42,262.455,263.557,264.721,265.94,267.203,268.498,269.806,271.108,272.382,273.604,274.755,275.819,276.793,277.693,278.566,279.505,280.674,282.338
4500.0,92.249,107.718,122.297,136.072,149.106,161.447,173.129,184.175,194.6,204.402,213.57,222.073,229.868,236.891,243.066,248.3,252.501,255.589,257.526,258.353,258.235,257.483,256.524,255.793,255.564,255.855,256.478,257.218,257.971,258.74,259.562,260.455,261.42,262.455,263.557,264.721,265.94,267.203,268.498,269.806,271.108,272.382,273.604,274.755,275.819,276.793,277.693,278.566,279.506,280.674,282.338
4560.0,92.229,107.685,122.253,136.018,149.044,161.377,173.054,184.096,194.518,204.319,213.486,221.991,229.789,236.817,242.997,248.239,252.449,255.547,257.495,258.334,258.226,257.481,256.527,255.797,255.568,255.856,256.478,257.218,257.971,258.74,259.562,260.455,261.42,262.455,263.557,264.721,265.94,267.203,268.498,269.806,271.108,272.382,273.604,274.755,275.819,276.793,277.693,278.566,279.506,280.674,282.338
4620.0,92.208,107.652,122.209,135.964,148.981,161.308,172.979,184.017,194.436,204.236,213.403,221.909,229.71,236.742,242.928,248.178,252.397,255.505,257.464,258.314,258.217,257.48,256.53,255.801,255.571,255.858,256.478,257.218,257.971,258.74,259.562,260.455,261.42,262.455,263.557,264.721,265.94,267.203,268.498,269.806,271.108,272.381,273.604,274.755,275.819,276.793,277.693,278.566,279.506,280.674,282.338
4680.0,92.188,107.62,122.165,135.91,148.919,161.239,172.904,183.938,194.355,204.153,213.32,221.828,229.631,236.667,242.859,248.116,252.344,255.463,257.434,258.295,258.207,257.478,256.533,255.805,255.574,255.859,256.478,257.217,257.97,258.74,259.562,260.454,261.42,262.455,263.556,264.721,265.94,267.203,268.498,269.806,271.108,272.381,273.604,274.755,275.819,276.793,277.693,278.566,279.506,280.674,282.338
4740.0,92.168,107.587,122.121,135.857,148.857,161.17,172.83,183.86,194.273,204.07,213.237,221.746,229.552,236.593,242.791,248.055,252.292,255.421,257.403,258.275,258.198,257.477,256.536,255.81,255.577,255.86,256.478,257.217,257.97,258.74,259.562,260.454,261.42,262.455,263.556,264.721,265.94,267.203,268.498,269.806,271.108,272.381,273.604,274.755,275.819,276.793,277.693,278.566,279.506,280.674,282.338
4800.0,92.148,107.554,122.077,135.803,148.795,161.101,172.755,183.781,194.192,203.987,213.154,221.665,229.473,236.519,242.722,247.994,252.24,255.379,257.372,258.256,258.189,257.475,256.539,255.814,255.58,255.862,256.478,257.217,257.97,258.74,259.562,260.454,261.42,262.455,263.556,264.721,265.94,267.203,268.497,269.806,271.108,272.381,273.604,274.755,275.819,276.793,277.693,278.566,279.506,280.674,282.338
4860.0,92.128,107.522,122.033,135.75,148.734,161.033,172.681,183.703,194.111,203.905,213.072,221.583,229.395,236.444,242.654,247.933,252.188,255.338,257.341,258.236,258.179,257.474,256.542,255.818,255.583,255.863,256.478,257.217,257.97,258.74,259.561,260.454,261.42,262.454,263.556,264.721,265.94,267.203,268.497,269.806,271.108,272.381,273.604,274.755,275.819,276.793,277.693,278.566,279.506,280.674,282.338
4920.0,92.108,107.489,121.99,135.696,148.672,160.964,172.607,183.625,194.03,203.823,212.99,221.502,229.317,236.37,242.586,247.872,252.136,255.296,257.31,258.216,258.17,257.472,256.545,255.822,255.586,255.864,256.479,257.217,257.97,258.739,259.561,260.454,261.419,262.454,263.556,264.72,265.94,267.203,268.497,269.806,271.108,272.381,273.604,274.755,275.819,276.793,277.693,278.566,279.506,280.674,282.338
4980.0,92.089,107.457,121.946,135.643,148.611,160.896,172.534,183.547,193.95,203.741,212.907,221.421,229.238,236.296,242.517,247.811,252.084,255.254,257.279,258.197,258.16,257.471,256.548,255.826,255.589,255.866,256.479,257.216,257.97,258.739,259.561,260.454,261.419,262.454,263.556,264.72,265.94,267.203,268.497,269.806,271.108,272.381,273.604,274.755,275.819,276.793,277.693,278.566,279.506,280.674,282.338
5040.0,92.069,107.425,121.903,135.59,148.549,160.828,172.46,183.47,193.869,203.659,212.825,221.341,229.16,236.222,242.449,247.75,252.032,255.212,257.249,258.177,258.15,257.469,256.551,255.831,255.592,255.867,256.479,257.216,257.969,258.739,259.561,260.454,261.419,262.454,263.556,264.72,265.939,267.203,268.497,269.806,271.108,272.381,273.604,274.755,275.819,276.793,277.693,278.566,279.506,280.674,282.338
5100.0,92.049,107.393,121.86,135.537,148.488,160.76,172.387,183.392,193.789,203.577,212.744,221.26,229.082,236.149,242.381,247.69,251.98,255.17,257.218,258.157,258.141,257.467,256.554,255.835,255.595,255.868,256.479,257.216,257.969,258.739,259.561,260.454,261.419,262.454,263.556,264.72,265.939,267.203,268.497,269.806,271.108,272.381,273.604,274.755,275.819,276.793,277.693,278.566,279.506,280.674,282.338
5160.0,92.029,107.361,121.817,135.485,148.427,160.692,172.313,183.315,193.709,203.495,212.662,221.18,229.005,236.075,242.313,247.629,251.928,255.128,257.187,258.137,258.131,257.465,256.557,255.839,255.598,255.87,256.479,257.216,257.969,258.739,259.561,260.454,261.419,262.454,263.556,264.72,265.939,267.203,268.497,269.806,271.108,272.381,273.604,274.755,275.819,276.793,277.693,278.566,279.506,280.674,282.338
5220.0,92.01,107.328,121.774,135.432,148.367,160.625,172.24,183.238,193.629,203.414,212.58,221.099,228.927,236.002,242.245,247.568,251.876,255.086,257.156,258.117,258.121,257.463,256.56,255.843,255.601,255.871,256.48,257.216,257.969,258.739,259.561,260.454,261.419,262.454,263.556,264.72,265.939,267.203,268.497,269.805,271.108,272.381,273.604,274.755,275.819,276.793,277.693,278.566,279.506,280.674,282.338
5280.0,91.99,107.297,121.731,135.38,148.306,160.557,172.168,183.161,193.549,203.333,212.499,221.019,228.85,235.928,242.178,247.508,251.824,255.044,257.125,258.097,258.112,257.461,256.562,255.847,255.605,255.872,256.48,257.215,257.969,258.739,259.561,260.454,261.419,262.454,263.556,264.72,265.939,267.203,268.497,269.805,271.108,272.381,273.604,274.755,275.819,276.793,277.693,278.566,279.506,280.674,282.338
5340.0,91.97,107.265,121.688,135.327,148.246,160.49,172.095,183.084,193.469,203.252,212.418,220.939,228.772,235.855,242.11,247.447,251.772,255.003,257.094,258.077,258.102,257.46,256.565,255.851,255.608,255.874,256.48,257.215,257.969,258.739,259.561,260.454,261.419,262.454,263.556,264.72,265.939,267.203,268.497,269.805,271.108,272.381,273.604,274.755,275.819,276.793,277.693,278.566,279.506,280.674,282.338
5400.0,91.951,107.233,121.645,135.275,148.185,160.423,172.022,183.007,193.39,203.171,212.337,220.86,228.695,235.782,242.043,247.387,251.72,254.961,257.063,258.058,258.092,257.457,256.568,255.855,255.611,255.875,256.48,257.215,257.968,258.739,259.561,260.454,261.419,262.454,263.556,264.72,265.939,267.203,268.497,269.805,271.107,272.381,273.604,274.755,275.819,276.793,277.693,278.566,279.506,280.674,282.338
5460.0,91.931,107.201,121.603,135.223,148.125,160.356,171.95,182.931,193.311,203.09,212.256,220.78,228.618,235.709,241.975,247.327,251.669,254.919,257.032,258.038,258.082,257.455,256.571,255.859,255.614,255.877,256.48,257.215,257.968,258.739,259.561,260.454,261.419,262.454,263.556,264.72,265.939,267.203,268.497,269.805,271.107,272.381,273.604,274.755,275.819,276.793,277.693,278.566,279.506,280.674,282.338
5520.0,91.912,107.17,121.56,135.171,148.065,160.289,171.878,182.855,193.232,203.01,212.175,220.7,228.541,235.636,241.908,247.266,251.617,254.877,257.001,258.017,258.072,257.453,256.573,255.863,255.617,255.878,256.48,257.215,257.968,258.739,259.561,260.454,261.419,262.454,263.556,264.72,265.939,267.203,268.497,269.805,271.107,272.381,273.604,274.755,275.819,276.792,277.693,278.566,279.506,280.674,282.338
5580.0,91.892,107.138,121.518,135.119,148.005,160.222,171.806,182.778,193.153,202.929,212.095,220.621,228.464,235.563,241.841,247.206,251.565,254.835,256.97,257.997,258.062,257.451,256.576,255.867,255.62,255.879,256.481,257.214,257.968,258.739,259.561,260.454,261.419,262.454,263.556,264.72,265.939,267.203,268.497,269.805,271.107,272.381,273.604,274.755,275.819,276.792,277.693,278.566,279.506,280.674,282.338
5640.0,91.873,107.107,121.476,135.068,147.945,160.156,171.734,182.703,193.074,202.849,212.014,220.542,228.388,235.491,241.773,247.146,251.514,254.794,256.939,257.977,258.052,257.449,256.578,255.871,255.623,255.881,256.481,257.214,257.968,258.739,259.561,260.454,261.419,262.454,263.556,264.72,265.939,267.203,268.497,269.805,271.107,272.381,273.604,274.755,275.819,276.792,277.693,278.566,279.506,280.674,282.338
5700.0,91.854,107.075,121.434,135.016,147.886,160.09,171.662,182.627,192.996,202.769,211.934,220.463,228.311,235.418,241.706,247.086,251.462,254.752,256.908,257.957,258.042,257.447,256.581,255.875,255.626,255.882,256.481,257.214,257.968,258.738,259.561,260.454,261.419,262.454,263.556,264.72,265.939,267.203,268.497,269.805,271.107,272.381,273.604,274.755,275.819,276.792,277.693,278.566,279.506,280.674,282.338
5760.0,91.834,107.044,121.392,134.965,147.826,160.023,171.591,182.551,192.917,202.689,211.854,220.384,228.235,235.346,241.639,247.026,251.411,254.71,256.877,257.937,258.031,257.444,256.583,255.879,255.629,255.884,256.481,257.214,257.967,258.738,259.561,260.454,261.419,262.454,263.556,264.72,265.939,267.203,268.497,269.805,271.107,272.381,273.604,274.755,275.819,276.792,277.693,278.566,279.506,280.674,282.338
5820.0,91.815,107.013,121.35,134.913,147.767,159.957,171.519,182.476,192.839,202.61,211.774,220.305,228.159,235.273,241.572,246.966,251.359,254.668,256.846,257.917,258.021,257.442,256.586,255.883,255.632,255.885,256.482,257.214,257.967,258.738,259.561,260.454,261.419,262.454,263.556,264.72,265.939,267.203,268.497,269.805,271.107,272.381,273.604,274.755,275.819,276.792,277.693,278.566,279.506,280.674,282.338
5880.0,91.796,106.981,121.308,134.862,147.708,159.892,171.448,182.401,192.761,202.53,211.695,220.227,228.082,235.201,241.506,246.906,251.308,254.627,256.815,257.896,258.011,257.44,256.588,255.887,255.635,255.886,256.482,257.213,257.967,258.738,259.561,260.454,261.419,262.454,263.556,264.72,265.939,267.203,268.497,269.805,271.107,272.381,273.604,274.755,275.819,276.792,277.693,278.566,279.506,280.674,282.338
5940.0,91.777,106.95,121.266,134.811,147.649,159.826,171.377,182.326,192.683,202.451,211.615,220.148,228.006,235.129,241.439,246.846,251.257,254.585,256.784,257.876,258.0,257.437,256.59,255.89,255.638,255.888,256.482,257.213,257.967,258.738,259.561,260.454,261.419,262.454,263.556,264.72,265.939,267.203,268.497,269.805,271.107,272.381,273.604,274.755,275.819,276.792,277.693,278.566,279.506,280.674,282.338
6000.0,91.758,106.919,121.224,134.76,147.59,159.76,171.306,182.251,192.606,202.372,211.536,220.07,227.931,235.057,241.372,246.787,251.205,254.543,256.752,257.856,257.99,257.435,256.593,255.894,255.641,255.889,256.482,257.213,257.967,258.738,259.561,260.454,261.419,262.454,263.556,264.72,265.939,267.203,268.497,269.805,271.107,272.381,273.604,274.754,275.819,276.792,277.693,278.566,279.506,280.674,282.338
6060.0,91.739,106.888,121.183,134.709,147.531,159.695,171.236,182.176,192.528,202.293,211.456,219.992,227.855,234.985,241.306,246.727,251.154,254.502,256.721,257.835,257.98,257.432,256.595,255.898,255.644,255.89,256.482,257.213,257.967,258.738,259.561,260.454,261.419,262.454,263.556,264.72,265.939,267.202,268.497,269.805,271.107,272.381,273.604,274.754,275.818,276.792,277.693,278.566,279.506,280.674,282.338
6120.0,91.719,106.857,121.142,134.659,147.473,159.63,171.165,182.101,192.451,202.214,211.377,219.914,227.779,234.914,241.24,246.668,251.103,254.46,256.69,257.815,257.969,257.43,256.597,255.902,255.647,255.892,256.483,257.213,257.966,258.738,259.561,260.454,261.419,262.454,263.556,264.72,265.939,267.202,268.497,269.805,271.107,272.381,273.604,274.754,275.818,276.792,277.693,278.566,279.506,280.674,282.338
6180.0,91.7,106.827,121.1,134.608,147.414,159.565,171.095,182.027,192.374,202.135,211.298,219.836,227.704,234.842,241.173,246.608,251.051,254.418,256.659,257.795,257.959,257.427,256.599,255.906,255.65,255.893,256.483,257.212,257.966,258.738,259.561,260.454,261.419,262.454,263.556,264.72,265.939,267.202,268.497,269.805,271.107,272.381,273.604,274.754,275.818,276.792,277.693,278.566,279.506,280.674,282.338
6240.0,91.682,106.796,121.059,134.558,147.356,159.5,171.024,181.953,192.297,202.057,211.22,219.758,227.629,234.77,241.107,246.549,251.0,254.377,256.628,257.774,257.948,257.424,256.602,255.91,255.653,255.895,256.483,257.212,257.966,258.738,259.561,260.453,261.419,262.454,263.556,264.72,265.939,267.202,268.497,269.805,271.107,272.381,273.604,274.754,275.818,276.792,277.693,278.566,279.506,280.674,282.338
6300.0,91.663,106.765,121.018,134.508,147.298,159.435,170.954,181.879,192.22,201.978,211.141,219.681,227.553,234.699,241.041,246.489,250.949,254.335,256.597,257.754,257.937,257.421,256.604,255.913,255.656,255.896,256.483,257.212,257.966,258.738,259.56,260.453,261.419,262.454,263.555,264.72,265.939,267.202,268.497,269.805,271.107,272.381,273.604,274.754,275.818,276.792,277.693,278.566,279.506,280.675,282.338
6360.0,91.644,106.735,120.977,134.457,147.24,159.371,170.885,181.805,192.143,201.9,211.063,219.603,227.478,234.628,240.975,246.43,250.898,254.294,256.565,257.733,257.927,257.419,256.606,255.917,255.659,255.898,256.484,257.212,257.966,258.738,259.56,260.453,261.419,262.454,263.555,264.72,265.939,267.202,268.497,269.805,271.107,272.381,273.604,274.754,275.818,276.792,277.693,278.566,279.506,280.675,282.338
6420.0,91.625,106.704,120.936,134.407,147.182,159.306,170.815,181.731,192.067,201.822,210.984,219.526,227.403,234.557,240.909,246.371,250.847,254.252,256.534,257.712,257.916,257.416,256.608,255.921,255.662,255.899,256.484,257.212,257.966,258.738,259.56,260.453,261.418,262.453,263.555,264.72,265.939,267.202,268.497,269.805,271.107,272.381,273.604,274.754,275.818,276.792,277.692,278.566,279.506,280.675,282.338
6480.0,91.606,106.674,120.895,134.357,147.124,159.242,170.745,181.657,191.99,201.744,210.906,219.449,227.329,234.486,240.843,246.312,250.796,254.21,256.503,257.692,257.905,257.413,256.61,255.924,255.665,255.9,256.484,257.212,257.965,258.738,259.56,260.453,261.418,262.453,263.555,264.72,265.939,267.202,268.497,269.805,271.107,272.381,273.604,274.754,275.818,276.792,277.692,278.566,279.506,280.675,282.338
6540.0,91.587,106.643,120.854,134.308,147.066,159.178,170.676,181.584,191.914,201.666,210.828,219.372,227.254,234.415,240.777,246.252,250.745,254.169,256.472,257.671,257.894,257.41,256.612,255.928,255.668,255.902,256.484,257.211,257.965,258.737,259.56,260.453,261.418,262.453,263.555,264.72,265.939,267.202,268.497,269.805,271.107,272.381,273.604,274.754,275.818,276.792,277.692,278.566,279.506,280.675,282.338
6600.0,91.569,106.613,120.814,134.258,147.009,159.114,170.607,181.511,191.838,201.589,210.75,219.295,227.179,234.344,240.712,246.193,250.694,254.127,256.441,257.65,257.884,257.407,256.614,255.932,255.671,255.903,256.485,257.211,257.965,258.737,259.56,260.453,261.418,262.453,263.555,264.72,265.939,267.202,268.497,269.805,271.107,272.381,273.604,274.754,275.818,276.792,277.692,278.566,279.506,280.675,282.338
6660.0,91.55,106.583,120.773,134.208,146.952,159.05,170.538,181.438,191.762,201.511,210.673,219.218,227.105,234.273,240.646,246.135,250.643,254.086,256.409,257.63,257.873,257.404,256.616,255.935,255.674,255.905,256.485,257.211,257.965,258.737,259.56,260.453,261.418,262.453,263.555,264.719,265.939,267.202,268.497,269.805,271.107,272.381,273.604,274.754,275.818,276.792,277.692,278.566,279.506,280.675,282.338
6720.0,91.531,106.553,120.733,134.159,146.894,158.986,170.469,181.365,191.687,201.434,210.595,219.142,227.031,234.202,240.581,246.076,250.592,254.044,256.378,257.609,257.862,257.401,256.618,255.939,255.677,255.906,256.485,257.211,257.965,258.737,259.56,260.453,261.418,262.453,263.555,264.719,265.939,267.202,268.497,269.805,271.107,272.381,273.603,274.754,275.818,276.792,277.692,278.566,279.506,280.675,282.338
6780.0,91.513,106.523,120.692,134.11,146.837,158.923,170.4,181.292,191.611,201.357,210.518,219.065,226.957,234.132,240.515,246.017,250.541,254.003,256.347,257.588,257.851,257.398,256.619,255.943,255.68,255.908,256.485,257.211,257.965,258.737,259.56,260.453,261.418,262.453,263.555,264.719,265.939,267.202,268.497,269.805,271.107,272.381,273.603,274.754,275.818,276.792,277.692,278.566,279.506,280.675,282.338
6840.0,91.494,106.493,120.652,134.06,146.78,158.859,170.331,181.219,191.536,201.28,210.44,218.989,226.883,234.062,240.45,245.958,250.491,253.961,256.316,257.567,257.84,257.395,256.621,255.946,255.683,255.909,256.486,257.211,257.965,258.737,259.56,260.453,261.418,262.453,263.555,264.719,265.938,267.202,268.497,269.805,271.107,272.381,273.603,274.754,275.818,276.792,277.692,278.566,279.506,280.675,282.338
6900.0,91.476,106.463,120.612,134.011,146.724,158.796,170.263,181.147,191.46,201.203,210.363,218.913,226.809,233.991,240.385,245.899,250.44,253.92,256.284,257.547,257.829,257.392,256.623,255.95,255.686,255.91,256.486,257.21,257.964,258.737,259.56,260.453,261.418,262.453,263.555,264.719,265.938,267.202,268.496,269.805,271.107,272.381,273.603,274.754,275.818,276.792,277.692,278.566,279.506,280.675,282.338
6960.0,91.457,106.433,120.572,133.962,146.667,158.733,170.195,181.075,191.385,201.127,210.286,218.837,226.735,233.921,240.32,245.841,250.389,253.878,256.253,257.526,257.818,257.388,256.625,255.953,255.689,255.912,256.486,257.21,257.964,258.737,259.56,260.453,261.418,262.453,263.555,264.719,265.938,267.202,268.496,269.805,271.107,272.381,273.603,274.754,275.818,276.792,277.692,278.566,279.506,280.675,282.338
7020.0,91.439,106.403,120.532,133.913,146.61,158.67,170.126,181.003,191.311,201.05,210.21,218.761,226.661,233.851,240.255,245.782,250.339,253.837,256.222,257.505,257.806,257.385,256.627,255.957,255.692,255.913,256.487,257.21,257.964,258.737,259.56,260.453,261.418,262.453,263.555,264.719,265.938,267.202,268.496,269.805,271.107,272.381,273.603,274.754,275.818,276.792,277.692,278.566,279.506,280.675,282.338
7080.0,91.42,106.373,120.492,133.865,146.554,158.607,170.058,180.931,191.236,200.974,210.133,218.685,226.588,233.781,240.19,245.724,250.288,253.795,256.19,257.484,257.795,257.382,256.628,255.96,255.695,255.915,256.487,257.21,257.964,258.737,259.56,260.453,261.418,262.453,263.555,264.719,265.938,267.202,268.496,269.805,271.107,272.381,273.603,274.754,275.818,276.792,277.692,278.566,279.506,280.675,282.338
7140.0,91.402,106.344,120.453,133.816,146.498,158.544,169.991,180.859,191.161,200.898,210.056,218.61,226.514,233.711,240.125,245.665,250.238,253.754,256.159,257.463,257.784,257.378,256.63,255.964,255.698,255.916,256.487,257.21,257.964,258.737,259.56,260.453,261.418,262.453,263.555,264.719,265.938,267.202,268.496,269.805,271.107,272.381,273.603,274.754,275.818,276.792,277.692,278.566,279.506,280.675,282.338
7200.0,91.384,106.314,120.413,133.767,146.442,158.482,169.923,180.787,191.087,200.822,209.98,218.534,226.441,233.642,240.06,245.607,250.187,253.713,256.128,257.442,257.773,257.375,256.631,255.967,255.701,255.918,256.487,257.21,257.964,258.737,259.56,260.453,261.418,262.453,263.555,264.719,265.938,267.202,268.496,269.805,271.107,272.381,273.603,274.754,275.818,276.792,277.692,278.566,279.506,280.675,282.338
7260.0,91.366,106.285,120.373,133.719,146.386,158.42,169.855,180.716,191.013,200.746,209.904,218.459,226.368,233.572,239.995,245.549,250.137,253.671,256.096,257.421,257.761,257.371,256.633,255.971,255.703,255.919,256.488,257.209,257.963,258.737,259.56,260.453,261.418,262.453,263.555,264.719,265.938,267.202,268.496,269.805,271.107,272.381,273.603,274.754,275.818,276.792,277.692,278.566,279.506,280.675,282.338
7320.0,91.347,106.255,120.334,133.671,146.33,158.357,169.788,180.644,190.938,200.67,209.828,218.384,226.295,233.503,239.931,245.491,250.086,253.63,256.065,257.4,257.75,257.368,256.635,255.974,255.706,255.921,256.488,257.209,257.963,258.736,259.56,260.453,261.418,262.453,263.555,264.719,265.938,267.202,268.496,269.805,271.107,272.381,273.603,274.754,275.818,276.792,277.692,278.566,279.506,280.675,282.338
7380.0,91.329,106.226,120.294,133.623,146.274,158.295,169.721,180.573,190.864,200.595,209.752,218.309,226.222,233.433,239.866,245.432,250.036,253.589,256.033,257.379,257.738,257.364,256.636,255.978,255.709,255.922,256.488,257.209,257.963,258.736,259.56,260.453,261.418,262.453,263.555,264.719,265.938,267.202,268.496,269.805,271.107,272.381,273.603,274.754,275.818,276.792,277.692,278.566,279.506,280.675,282.338
7440.0,91.311,106.197,120.255,133.575,146.218,158.233,169.654,180.502,190.791,200.52,209.676,218.234,226.149,233.364,239.802,245.374,249.985,253.547,256.002,257.358,257.727,257.361,256.638,255.981,255.712,255.923,256.489,257.209,257.963,258.736,259.56,260.453,261.418,262.453,263.555,264.719,265.938,267.202,268.496,269.805,271.107,272.381,273.603,274.754,275.818,276.792,277.692,278.566,279.506,280.675,282.338
7500.0,91.293,106.167,120.216,133.527,146.163,158.171,169.587,180.431,190.717,200.444,209.601,218.159,226.077,233.295,239.738,245.316,249.935,253.506,255.971,257.336,257.715,257.357,256.639,255.984,255.715,255.925,256.489,257.209,257.963,258.736,259.56,260.453,261.418,262.453,263.555,264.719,265.938,267.202,268.496,269.805,271.107,272.381,273.603,274.754,275.818,276.792,277.692,278.566,279.506,280.675,282.338
7560.0,91.275,106.138,120.177,133.479,146.107,158.11,169.52,180.36,190.644,200.369,209.525,218.084,226.004,233.226,239.673,245.258,249.885,253.465,255.939,257.315,257.704,257.353,256.64,255.988,255.718,255.926,256.489,257.209,257.963,258.736,259.56,260.453,261.418,262.453,263.555,264.719,265.938,267.202,268.496,269.804,271.107,272.38,273.603,274.754,275.818,276.792,277.692,278.566,279.506,280.675,282.338
7620.0,91.257,106.109,120.138,133.431,146.052,158.048,169.453,180.29,190.57,200.294,209.45,218.01,225.932,233.157,239.609,245.2,249.835,253.423,255.908,257.294,257.692,257.35,256.642,255.991,255.721,255.928,256.49,257.209,257.962,258.736,259.56,260.453,261.418,262.453,263.555,264.719,265.938,267.202,268.496,269.804,271.107,272.38,273.603,274.754,275.818,276.792,277.692,278.566,279.506,280.675,282.338
7680.0,91.239,106.08,120.099,133.383,145.997,157.987,169.387,180.219,190.497,200.22,209.375,217.935,225.86,233.088,239.545,245.143,249.785,253.382,255.876,257.273,257.681,257.346,256.643,255.994,255.724,255.929,256.49,257.208,257.962,258.736,259.56,260.453,261.418,262.453,263.555,264.719,265.938,267.202,268.496,269.804,271.107,272.38,273.603,274.754,275.818,276.792,277.692,278.566,279.506,280.675,282.338
7740.0,91.221,106.051,120.06,133.336,145.942,157.926,169.32,180.149,190.424,200.145,209.3,217.861,225.787,233.019,239.481,245.085,249.734,253.341,255.845,257.252,257.669,257.342,256.644,255.998,255.727,255.931,256.49,257.208,257.962,258.736,259.559,260.452,261.418,262.453,263.555,264.719,265.938,267.202,268.496,269.804,271.107,272.38,273.603,274.754,275.818,276.792,277.692,278.566,279.506,280.675,282.338
7800.0,91.203,106.022,120.021,133.289,145.887,157.865,169.254,180.079,190.351,200.07,209.225,217.787,225.715,232.951,239.417,245.027,249.684,253.3,255.814,257.23,257.657,257.338,256.646,256.001,255.73,255.932,256.49,257.208,257.962,258.736,259.559,260.452,261.418,262.453,263.555,264.719,265.938,267.202,268.496,269.804,271.107,272.38,273.603,274.754,275.818,276.792,277.692,278.566,279.506,280.675,282.338
7860.0,91.185,105.993,119.983,133.241,145.833,157.804,169.188,180.009,190.278,199.996,209.15,217.713,225.644,232.882,239.354,244.97,249.634,253.258,255.782,257.209,257.646,257.334,256.647,256.004,255.732,255.934,256.491,257.208,257.962,258.736,259.559,260.452,261.418,262.453,263.555,264.719,265.938,267.202,268.496,269.804,271.107,272.38,273.603,274.754,275.818,276.792,277.692,278.566,279.506,280.675,282.338
7920.0,91.167,105.964,119.944,133.194,145.778,157.743,169.122,179.939,190.206,199.922,209.075,217.639,225.572,232.814,239.29,244.912,249.584,253.217,255.751,257.188,257.634,257.33,256.648,256.008,255.735,255.935,256.491,257.208,257.962,258.736,259.559,260.452,261.417,262.453,263.554,264.719,265.938,267.202,268.496,269.804,271.106,272.38,273.603,274.754,275.818,276.792,277.692,278.566,279.506,280.675,282.338
7980.0,91.149,105.936,119.906,133.147,145.724,157.682,169.056,179.87,190.133,199.848,209.001,217.566,225.5,232.745,239.226,244.855,249.534,253.176,255.719,257.166,257.622,257.326,256.649,256.011,255.738,255.937,256.491,257.208,257.961,258.736,259.559,260.452,261.417,262.452,263.554,264.719,265.938,267.201,268.496,269.804,271.106,272.38,273.603,274.754,275.818,276.792,277.692,278.566,279.506,280.675,282.338
8040.0,91.132,105.907,119.867,133.1,145.669,157.621,168.991,179.8,190.061,199.774,208.927,217.492,225.429,232.677,239.163,244.797,249.484,253.135,255.688,257.145,257.61,257.322,256.65,256.014,255.741,255.938,256.492,257.208,257.961,258.736,259.559,260.452,261.417,262.452,263.554,264.719,265.938,267.201,268.496,269.804,271.106,272.38,273.603,274.754,275.818,276.792,277.692,278.566,279.506,280.675,282.338
8100.0,91.114,105.879,119.829,133.053,145.615,157.561,168.925,179.731,189.989,199.7,208.852,217.419,225.357,232.609,239.099,244.74,249.435,253.094,255.656,257.123,257.598,257.318,256.651,256.017,255.744,255.94,256.492,257.207,257.961,258.735,259.559,260.452,261.417,262.452,263.554,264.719,265.938,267.201,268.496,269.804,271.106,272.38,273.603,274.754,275.818,276.792,277.692,278.566,279.506,280.675,282.338
8160.0,91.096,105.85,119.791,133.007,145.561,157.501,168.86,179.662,189.917,199.627,208.778,217.345,225.286,232.541,239.036,244.683,249.385,253.053,255.625,257.102,257.586,257.314,256.653,256.02,255.747,255.941,256.492,257.207,257.961,258.735,259.559,260.452,261.417,262.452,263.554,264.719,265.938,267.201,268.496,269.804,271.106,272.38,273.603,274.754,275.818,276.792,277.692,278.566,279.506,280.675,282.338
8220.0,91.078,105.822,119.753,132.96,145.507,157.441,168.795,179.592,189.845,199.553,208.705,217.272,225.215,232.473,238.973,244.625,249.335,253.011,255.593,257.081,257.574,257.31,256.654,256.024,255.75,255.943,256.493,257.207,257.961,258.735,259.559,260.452,261.417,262.452,263.554,264.719,265.938,267.201,268.496,269.804,271.106,272.38,273.603,274.754,275.818,276.792,277.692,278.566,279.506,280.675,282.338
8280.0,91.061,105.793,119.715,132.913,145.453,157.381,168.73,179.524,189.773,199.48,208.631,217.199,225.144,232.405,238.91,244.568,249.285,252.97,255.562,257.059,257.562,257.306,256.655,256.027,255.752,255.944,256.493,257.207,257.961,258.735,259.559,260.452,261.417,262.452,263.554,264.719,265.938,267.201,268.496,269.804,271.106,272.38,273.603,274.754,275.818,276.792,277.692,278.566,279.506,280.675,282.338
8340.0,91.043,105.765,119.677,132.867,145.399,157.321,168.665,179.455,189.702,199.407,208.557,217.126,225.073,232.338,238.847,244.511,249.235,252.929,255.53,257.037,257.55,257.302,256.655,256.03,255.755,255.946,256.493,257.207,257.961,258.735,259.559,260.452,261.417,262.452,263.554,264.718,265.938,267.201,268.496,269.804,271.106,272.38,273.603,274.754,275.818,276.792,277.692,278.566,279.506,280.675,282.338
8400.0,91.026,105.737,119.639,132.821,145.346,157.261,168.6,179.386,189.631,199.334,208.484,217.054,225.002,232.27,238.784,244.454,249.186,252.888,255.499,257.016,257.538,257.297,256.656,256.033,255.758,255.947,256.494,257.207,257.96,258.735,259.559,260.452,261.417,262.452,263.554,264.718,265.938,267.201,268.496,269.804,271.106,272.38,273.603,274.754,275.818,276.792,277.692,278.566,279.506,280.675,282.338
8460.0,91.008,105.708,119.601,132.775,145.292,157.201,168.536,179.318,189.559,199.261,208.41,216.981,224.931,232.203,238.721,244.397,249.136,252.847,255.467,256.994,257.526,257.293,256.657,256.036,255.761,255.949,256.494,257.207,257.96,258.735,259.559,260.452,261.417,262.452,263.554,264.718,265.938,267.201,268.496,269.804,271.106,272.38,273.603,274.754,275.818,276.792,277.692,278.566,279.506,280.675,282.338
8520.0,90.991,105.68,119.564,132.729,145.239,157.142,168.471,179.249,189.488,199.188,208.337,216.908,224.861,232.135,238.658,244.34,249.087,252.806,255.436,256.973,257.514,257.289,256.658,256.039,255.764,255.95,256.495,257.206,257.96,258.735,259.559,260.452,261.417,262.452,263.554,264.718,265.938,267.201,268.496,269.804,271.106,272.38,273.603,274.754,275.818,276.792,277.692,278.566,279.506,280.675,282.338
8580.0,90.973,105.652,119.526,132.683,145.186,157.083,168.407,179.181,189.417,199.116,208.264,216.836,224.79,232.068,238.595,244.283,249.037,252.765,255.404,256.951,257.501,257.284,256.659,256.042,255.767,255.952,256.495,257.206,257.96,258.735,259.559,260.452,261.417,262.452,263.554,264.718,265.938,267.201,268.496,269.804,271.106,272.38,273.603,274.754,275.818,276.792,277.692,278.566,279.506,280.675,282.338
8640.0,90.956,105.624,119.488,132.637,145.133,157.023,168.343,179.113,189.346,199.043,208.191,216.764,224.72,232.001,238.533,244.227,248.988,252.724,255.373,256.929,257.489,257.28,256.66,256.045,255.769,255.953,256.495,257.206,257.96,258.735,259.559,260.452,261.417,262.452,263.554,264.718,265.937,267.201,268.496,269.804,271.106,272.38,273.603,274.754,275.818,276.792,277.692,278.566,279.506,280.675,282.338
8700.0,90.938,105.596,119.451,132.591,145.08,156.964,168.278,179.045,189.276,198.971,208.118,216.692,224.649,231.934,238.47,244.17,248.938,252.683,255.341,256.908,257.477,257.275,256.66,256.048,255.772,255.955,256.496,257.206,257.96,258.735,259.559,260.452,261.417,262.452,263.554,264.718,265.937,267.201,268.496,269.804,271.106,272.38,273.603,274.754,275.818,276.792,277.692,278.566,279.506,280.675,282.338
8760.0,90.921,105.568,119.414,132.545,145.027,156.905,168.215,178.977,189.205,198.899,208.046,216.62,224.579,231.867,238.407,244.113,248.889,252.642,255.31,256.886,257.464,257.271,256.661,256.051,255.775,255.956,256.496,257.206,257.959,258.735,259.559,260.452,261.417,262.452,263.554,264.718,265.937,267.201,268.496,269.804,271.106,272.38,273.603,274.754,275.818,276.792,277.692,278.566,279.506,280.675,282.338
8820.0,90.904,105.54,119.376,132.5,144.974,156.846,168.151,178.91,189.135,198.827,207.973,216.548,224.509,231.8,238.345,244.057,248.839,252.601,255.278,256.864,257.452,257.266,256.662,256.054,255.778,255.958,256.496,257.206,257.959,258.735,259.559,260.452,261.417,262.452,263.554,264.718,265.937,267.201,268.496,269.804,271.106,272.38,273.603,274.754,275.818,276.792,277.692,278.566,279.506,280.675,282.338
8880.0,90.887,105.513,119.339,132.454,144.921,156.788,168.087,178.842,189.065,198.755,207.901,216.476,224.439,231.733,238.283,244.0,248.79,252.56,255.247,256.843,257.44,257.262,256.663,256.057,255.78,255.959,256.497,257.206,257.959,258.734,259.559,260.452,261.417,262.452,263.554,264.718,265.937,267.201,268.496,269.804,271.106,272.38,273.603,274.754,275.818,276.792,277.692,278.566,279.506,280.675,282.338
8940.0,90.869,105.485,119.302,132.409,144.869,156.729,168.024,178.775,188.995,198.683,207.828,216.404,224.37,231.666,238.221,243.944,248.741,252.519,255.215,256.821,257.427,257.257,256.663,256.06,255.783,255.961,256.497,257.206,257.959,258.734,259.559,260.452,261.417,262.452,263.554,264.718,265.937,267.201,268.496,269.804,271.106,272.38,273.603,274.754,275.818,276.792,277.692,278.566,279.506,280.675,282.338
9000.0,90.852,105.457,119.265,132.364,144.816,156.671,167.96,178.708,188.925,198.612,207.756,216.333,224.3,231.6,238.158,243.888,248.691,252.479,255.184,256.799,257.415,257.252,256.664,256.063,255.786,255.962,256.497,257.206,257.959,258.734,259.559,260.452,261.417,262.452,263.554,264.718,265.937,267.201,268.495,269.804,271.106,272.38,273.603,274.754,275.818,276.792,277.692,278.566,279.506,280.675,282.338
9060.0,90.835,105.43,119.228,132.318,144.764,156.612,167.897,178.64,188.855,198.54,207.684,216.262,224.231,231.533,238.096,243.831,248.642,252.438,255.152,256.777,257.402,257.247,256.664,256.066,255.789,255.964,256.498,257.205,257.959,258.734,259.559,260.452,261.417,262.452,263.554,264.718,265.937,267.201,268.495,269.804,271.106,272.38,273.603,274.754,275.818,276.792,277.692,278.566,279.506,280.675,282.338
9120.0,90.818,105.402,119.191,132.273,144.712,156.554,167.834,178.574,188.785,198.469,207.613,216.19,224.161,231.467,238.034,243.775,248.593,252.397,255.121,256.755,257.389,257.243,256.665,256.068,255.792,255.965,256.498,257.205,257.959,258.734,259.559,260.452,261.417,262.452,263.554,264.718,265.937,267.201,268.495,269.804,271.106,272.38,273.603,274.754,275.818,276.792,277.692,278.566,279.506,280.675,282.338
9180.0,90.801,105.375,119.155,132.228,144.66,156.496,167.771,178.507,188.716,198.398,207.541,216.119,224.092,231.401,237.972,243.719,248.544,252.356,255.089,256.733,257.377,257.238,256.665,256.071,255.794,255.967,256.499,257.205,257.958,258.734,259.558,260.452,261.417,262.452,263.554,264.718,265.937,267.201,268.495,269.804,271.106,272.38,273.603,274.754,275.818,276.792,277.692,278.566,279.506,280.675,282.338
9240.0,90.784,105.347,119.118,132.184,144.608,156.438,167.708,178.44,188.646,198.327,207.469,216.048,224.023,231.335,237.911,243.663,248.495,252.315,255.057,256.711,257.364,257.233,256.666,256.074,255.797,255.968,256.499,257.205,257.958,258.734,259.558,260.452,261.417,262.452,263.554,264.718,265.937,267.201,268.495,269.804,271.106,272.38,273.603,274.754,275.818,276.792,277.692,278.566,279.506,280.675,282.338
9300.0,90.767,105.32,119.081,132.139,144.556,156.38,167.645,178.374,188.577,198.256,207.398,215.977,223.954,231.269,237.849,243.607,248.446,252.275,255.026,256.689,257.352,257.228,256.666,256.077,255.8,255.97,256.499,257.205,257.958,258.734,259.558,260.451,261.417,262.452,263.554,264.718,265.937,267.201,268.495,269.804,271.106,272.38,273.603,274.754,275.818,276.792,277.692,278.566,279.506,280.675,282.338
9360.0,90.75,105.293,119.045,132.094,144.504,156.323,167.583,178.307,188.508,198.185,207.326,215.907,223.885,231.203,237.787,243.551,248.397,252.234,254.994,256.668,257.339,257.223,256.667,256.08,255.802,255.971,256.5,257.205,257.958,258.734,259.558,260.451,261.417,262.452,263.554,264.718,265.937,267.201,268.495,269.804,271.106,272.38,273.603,274.754,275.818,276.792,277.692,278.566,279.506,280.675,282.338
9420.0,90.733,105.266,119.009,132.05,144.453,156.265,167.52,178.241,188.439,198.114,207.255,215.836,223.816,231.137,237.726,243.495,248.348,252.193,254.963,256.646,257.326,257.218,256.667,256.082,255.805,255.973,256.5,257.205,257.958,258.734,259.558,260.451,261.417,262.452,263.554,264.718,265.937,267.201,268.495,269.804,271.106,272.38,273.603,274.754,275.818,276.792,277.692,278.566,279.506,280.675,282.338
9480.0,90.716,105.238,118.972,132.005,144.401,156.208,167.458,178.175,188.37,198.044,207.184,215.766,223.747,231.071,237.664,243.439,248.299,252.152,254.931,256.624,257.313,257.213,256.667,256.085,255.808,255.974,256.501,257.205,257.958,258.734,259.558,260.451,261.416,262.451,263.554,264.718,265.937,267.201,268.495,269.804,271.106,272.38,273.603,274.754,275.818,276.792,277.692,278.566,279.506,280.675,282.338
9540.0,90.699,105.211,118.936,131.961,144.35,156.15,167.396,178.109,188.301,197.973,207.113,215.695,223.678,231.005,237.603,243.383,248.25,252.112,254.899,256.602,257.3,257.208,256.668,256.088,255.811,255.976,256.501,257.205,257.957,258.734,259.558,260.451,261.416,262.451,263.553,264.718,265.937,267.201,268.495,269.804,271.106,272.38,273.603,274.754,275.818,276.792,277.692,278.566,279.506,280.675,282.339
9600.0,90.682,105.184,118.9,131.917,144.299,156.093,167.334,178.043,188.233,197.903,207.042,215.625,223.61,230.94,237.541,243.327,248.201,252.071,254.868,256.579,257.288,257.203,256.668,256.091,255.813,255.977,256.501,257.204,257.957,258.733,259.558,260.451,261.416,262.451,263.553,264.718,265.937,267.201,268.495,269.804,271.106,272.38,273.603,274.754,275.818,276.792,277.692,278.566,279.506,280.675,282.339
9660.0,90.665,105.157,118.864,131.872,144.248,156.036,167.272,177.977,188.164,197.833,206.972,215.555,223.541,230.874,237.48,243.272,248.152,252.03,254.836,256.557,257.275,257.198,256.668,256.093,255.816,255.979,256.502,257.204,257.957,258.733,259.558,260.451,261.416,262.451,263.553,264.718,265.937,267.201,268.495,269.804,271.106,272.38,273.603,274.754,275.818,276.792,277.692,278.566,279.506,280.675,282.339
9720.0,90.648,105.13,118.828,131.828,144.197,155.979,167.21,177.912,188.096,197.763,206.901,215.485,223.473,230.809,237.419,243.216,248.104,251.99,254.805,256.535,257.262,257.193,256.668,256.096,255.819,255.98,256.502,257.204,257.957,258.733,259.558,260.451,261.416,262.451,263.553,264.718,265.937,267.201,268.495,269.804,271.106,272.38,273.603,274.754,275.818,276.792,277.692,278.566,279.506,280.675,282.339
9780.0,90.632,105.104,118.792,131.784,144.146,155.922,167.148,177.846,188.028,197.693,206.831,215.415,223.405,230.744,237.358,243.16,248.055,251.949,254.773,256.513,257.249,257.188,256.668,256.099,255.821,255.982,256.503,257.204,257.957,258.733,259.558,260.451,261.416,262.451,263.553,264.718,265.937,267.201,268.495,269.804,271.106,272.38,273.603,274.754,275.818,276.792,277.692,278.566,279.506,280.675,282.339
9840.0,90.615,105.077,118.756,131.741,144.095,155.866,167.087,177.781,187.96,197.623,206.76,215.345,223.337,230.678,237.297,243.105,248.006,251.908,254.741,256.491,257.236,257.182,256.668,256.101,255.824,255.983,256.503,257.204,257.957,258.733,259.558,260.451,261.416,262.451,263.553,264.718,265.937,267.201,268.495,269.803,271.106,272.38,273.603,274.754,275.818,276.792,277.692,278.566,279.506,280.675,282.339
9900.0,90.598,105.05,118.72,131.697,144.044,155.809,167.026,177.716,187.892,197.554,206.69,215.276,223.269,230.613,237.236,243.05,247.958,251.868,254.71,256.469,257.223,257.177,256.669,256.104,255.827,255.985,256.503,257.204,257.957,258.733,259.558,260.451,261.416,262.451,263.553,264.718,265.937,267.2,268.495,269.803,271.106,272.38,273.603,274.754,275.818,276.792,277.692,278.566,279.506,280.675,282.339
9960.0,90.582,105.023,118.684,131.653,143.994,155.753,166.964,177.651,187.824,197.484,206.62,215.206,223.201,230.548,237.175,242.994,247.909,251.827,254.678,256.447,257.21,257.172,256.669,256.106,255.829,255.986,256.504,257.204,257.956,258.733,259.558,260.451,261.416,262.451,263.553,264.718,265.937,267.2,268.495,269.803,271.106,272.38,273.603,274.754,275.818,276.792,277.692,278.566,279.506,280.675,282.339
10020.0,90.565,104.997,118.649,131.61,143.943,155.696,166.903,177.586,187.756,197.415,206.55,215.137,223.133,230.484,237.115,242.939,247.861,251.787,254.647,256.425,257.197,257.166,256.669,256.109,255.832,255.988,256.504,257.204,257.956,258.733,259.558,260.451,261.416,262.451,263.553,264.717,265.937,267.2,268.495,269.803,271.106,272.38,273.603,274.754,275.818,276.792,277.692,278.566,279.506,280.675,282.339
10080.0,90.548,104.97,118.613,131.566,143.893,155.64,166.842,177.521,187.689,197.346,206.481,215.067,223.066,230.419,237.054,242.884,247.812,251.746,254.615,256.402,257.183,257.161,256.669,256.111,255.835,255.989,256.505,257.204,257.956,258.733,259.558,260.451,261.416,262.451,263.553,264.717,265.937,267.2,268.495,269.803,271.106,272.38,273.603,274.754,275.818,276.792,277.692,278.566,279.506,280.675,282.339
10140.0,90.532,104.944,118.578,131.523,143.843,155.584,166.781,177.456,187.622,197.277,206.411,214.998,222.998,230.354,236.993,242.828,247.764,251.706,254.583,256.38,257.17,257.155,256.669,256.114,255.837,255.991,256.505,257.204,257.956,258.733,259.558,260.451,261.416,262.451,263.553,264.717,265.937,267.2,268.495,269.803,271.106,272.38,273.603,274.754,275.818,276.792,277.692,278.566,279.506,280.675,282.339
10200.0,90.515,104.917,118.542,131.479,143.792,155.528,166.72,177.392,187.554,197.208,206.341,214.929,222.931,230.289,236.933,242.773,247.715,251.665,254.552,256.358,257.157,257.15,256.668,256.116,255.84,255.992,256.505,257.204,257.956,258.733,259.558,260.451,261.416,262.451,263.553,264.717,265.937,267.2,268.495,269.803,271.106,272.38,273.602,274.754,275.818,276.792,277.692,278.566,279.506,280.675,282.339
10260.0,90.499,104.891,118.507,131.436,143.742,155.472,166.66,177.328,187.487,197.139,206.272,214.86,222.863,230.225,236.872,242.718,247.667,251.625,254.52,256.336,257.144,257.144,256.668,256.119,255.843,255.994,256.506,257.203,257.956,258.733,259.558,260.451,261.416,262.451,263.553,264.717,265.937,267.2,268.495,269.803,271.106,272.38,273.602,274.753,275.818,276.792,277.692,278.566,279.506,280.675,282.339
10320.0,90.482,104.864,118.472,131.393,143.692,155.417,166.599,177.263,187.42,197.071,206.203,214.791,222.796,230.161,236.812,242.663,247.619,251.584,254.489,256.313,257.13,257.139,256.668,256.121,255.845,255.995,256.506,257.203,257.956,258.733,259.558,260.451,261.416,262.451,263.553,264.717,265.937,267.2,268.495,269.803,271.106,272.38,273.602,274.753,275.818,276.792,277.692,278.566,279.506,280.675,282.339
10380.0,90.466,104.838,118.437,131.35,143.643,155.361,166.539,177.199,187.353,197.002,206.134,214.723,222.729,230.096,236.752,242.608,247.57,251.544,254.457,256.291,257.117,257.133,256.668,256.124,255.848,255.997,256.507,257.203,257.955,258.732,259.558,260.451,261.416,262.451,263.553,264.717,265.937,267.2,268.495,269.803,271.106,272.38,273.602,274.753,275.818,276.792,277.692,278.566,279.506,280.675,282.339
10440.0,90.449,104.812,118.402,131.307,143.593,155.305,166.479,177.135,187.287,196.934,206.065,214.654,222.662,230.032,236.692,242.554,247.522,251.503,254.425,256.269,257.104,257.128,256.668,256.126,255.85,255.999,256.507,257.203,257.955,258.732,259.558,260.451,261.416,262.451,263.553,264.717,265.936,267.2,268.495,269.803,271.106,272.38,273.602,274.753,275.818,276.792,277.692,278.566,279.506,280.675,282.339
10500.0,90.433,104.786,118.367,131.264,143.543,155.25,166.419,177.071,187.22,196.865,205.996,214.586,222.595,229.968,236.631,242.499,247.474,251.463,254.394,256.246,257.09,257.122,256.668,256.129,255.853,256.0,256.508,257.203,257.955,258.732,259.557,260.451,261.416,262.451,263.553,264.717,265.936,267.2,268.495,269.803,271.105,272.379,273.602,274.753,275.818,276.792,277.692,278.566,279.506,280.675,282.339
10560.0,90.417,104.76,118.332,131.222,143.494,155.195,166.359,177.008,187.154,196.797,205.927,214.517,222.528,229.904,236.571,242.444,247.426,251.422,254.362,256.224,257.077,257.116,256.667,256.131,255.856,256.002,256.508,257.203,257.955,258.732,259.557,260.451,261.416,262.451,263.553,264.717,265.936,267.2,268.495,269.803,271.105,272.379,273.602,274.753,275.818,276.792,277.692,278.566,279.506,280.675,282.339
10620.0,90.4,104.733,118.297,131.179,143.444,155.14,166.299,176.944,187.087,196.729,205.858,214.449,222.462,229.84,236.511,242.389,247.378,251.382,254.33,256.201,257.064,257.111,256.667,256.133,255.858,256.003,256.509,257.203,257.955,258.732,259.557,260.451,261.416,262.451,263.553,264.717,265.936,267.2,268.495,269.803,271.105,272.379,273.602,274.753,275.818,276.792,277.692,278.566,279.506,280.675,282.339
10680.0,90.384,104.707,118.262,131.137,143.395,155.085,166.239,176.88,187.021,196.661,205.79,214.381,222.395,229.776,236.452,242.335,247.33,251.342,254.299,256.179,257.05,257.105,256.667,256.136,255.861,256.005,256.509,257.203,257.955,258.732,259.557,260.451,261.416,262.451,263.553,264.717,265.936,267.2,268.495,269.803,271.105,272.379,273.602,274.753,275.818,276.792,277.692,278.566,279.506,280.675,282.339
10740.0,90.368,104.682,118.227,131.094,143.346,155.03,166.179,176.817,186.955,196.594,205.721,214.313,222.329,229.712,236.392,242.28,247.281,251.301,254.267,256.157,257.037,257.099,256.666,256.138,255.863,256.006,256.509,257.203,257.955,258.732,259.557,260.451,261.416,262.451,263.553,264.717,265.936,267.2,268.495,269.803,271.105,272.379,273.602,274.753,275.818,276.792,277.692,278.566,279.506,280.675,282.339
10800.0,90.352,104.656,118.193,131.052,143.297,154.975,166.12,176.754,186.889,196.526,205.653,214.245,222.262,229.649,236.332,242.226,247.233,251.261,254.236,256.134,257.023,257.093,256.666,256.14,255.866,256.008,256.51,257.203,257.954,258.732,259.557,260.45,261.416,262.451,263.553,264.717,265.936,267.2,268.495,269.803,271.105,272.379,273.602,274.753,275.818,276.792,277.692,278.566,279.506,280.675,282.339
10860.0,90.336,104.63,118.158,131.009,143.248,154.92,166.06,176.691,186.823,196.458,205.585,214.177,222.196,229.585,236.272,242.171,247.186,251.221,254.204,256.112,257.009,257.087,256.666,256.143,255.868,256.009,256.51,257.203,257.954,258.732,259.557,260.45,261.416,262.451,263.553,264.717,265.936,267.2,268.495,269.803,271.105,272.379,273.602,274.753,275.818,276.792,277.692,278.566,279.506,280.675,282.339
10920.0,90.319,104.604,118.124,130.967,143.199,154.866,166.001,176.628,186.758,196.391,205.517,214.11,222.13,229.522,236.213,242.117,247.138,251.181,254.172,256.089,256.996,257.081,256.665,256.145,255.871,256.011,256.511,257.203,257.954,258.732,259.557,260.45,261.416,262.451,263.553,264.717,265.936,267.2,268.495,269.803,271.105,272.379,273.602,274.753,275.818,276.792,277.692,278.566,279.506,280.675,282.339
10980.0,90.303,104.578,118.089,130.925,143.15,154.811,165.942,176.565,186.692,196.324,205.449,214.042,222.064,229.458,236.153,242.063,247.09,251.14,254.141,256.067,256.982,257.075,256.665,256.147,255.873,256.012,256.511,257.203,257.954,258.732,259.557,260.45,261.415,262.451,263.553,264.717,265.936,267.2,268.495,269.803,271.105,272.379,273.602,274.753,275.818,276.792,277.692,278.566,279.506,280.675,282.339
11040.0,90.287,104.553,118.055,130.883,143.102,154.757,165.883,176.502,186.627,196.257,205.381,213.975,221.998,229.395,236.094,242.008,247.042,251.1,254.109,256.044,256.969,257.069,256.664,256.149,255.876,256.014,256.512,257.202,257.954,258.732,259.557,260.45,261.415,262.45,263.553,264.717,265.936,267.2,268.495,269.803,271.105,272.379,273.602,274.753,275.818,276.792,277.692,278.566,279.506,280.675,282.339
11100.0,90.271,104.527,118.021,130.841,143.053,154.703,165.824,176.44,186.561,196.19,205.313,213.907,221.932,229.332,236.035,241.954,246.994,251.06,254.077,256.021,256.955,257.063,256.664,256.151,255.879,256.015,256.512,257.202,257.954,258.731,259.557,260.45,261.415,262.45,263.553,264.717,265.936,267.2,268.494,269.803,271.105,272.379,273.602,274.753,275.818,276.792,277.692,278.566,279.506,280.675,282.339
11160.0,90.255,104.501,117.987,130.8,143.004,154.648,165.765,176.377,186.496,196.123,205.246,213.84,221.866,229.269,235.975,241.9,246.946,251.02,254.046,255.999,256.941,257.057,256.663,256.154,255.881,256.017,256.513,257.202,257.954,258.731,259.557,260.45,261.415,262.45,263.552,264.717,265.936,267.2,268.494,269.803,271.105,272.379,273.602,274.753,275.818,276.792,277.692,278.566,279.506,280.675,282.339
11220.0,90.239,104.476,117.952,130.758,142.956,154.594,165.706,176.315,186.431,196.056,205.178,213.773,221.801,229.206,235.916,241.846,246.899,250.98,254.014,255.976,256.927,257.051,256.662,256.156,255.884,256.018,256.513,257.202,257.953,258.731,259.557,260.45,261.415,262.45,263.552,264.717,265.936,267.2,268.494,269.803,271.105,272.379,273.602,274.753,275.818,276.792,277.692,278.566,279.506,280.675,282.339
11280.0,90.223,104.45,117.918,130.716,142.908,154.541,165.648,176.253,186.366,195.989,205.111,213.706,221.735,229.143,235.857,241.792,246.851,250.94,253.982,255.954,256.914,257.045,256.662,256.158,255.886,256.02,256.514,257.202,257.953,258.731,259.557,260.45,261.415,262.45,263.552,264.717,265.936,267.2,268.494,269.803,271.105,272.379,273.602,274.753,275.818,276.792,277.692,278.566,279.506,280.675,282.339
11340.0,90.207,104.425,117.884,130.675,142.86,154.487,165.589,176.19,186.301,195.923,205.044,213.639,221.67,229.08,235.798,241.738,246.803,250.899,253.951,255.931,256.9,257.039,256.661,256.16,255.889,256.021,256.514,257.202,257.953,258.731,259.557,260.45,261.415,262.45,263.552,264.717,265.936,267.2,268.494,269.803,271.105,272.379,273.602,274.753,275.818,276.792,277.692,278.566,279.506,280.675,282.339
11400.0,90.191,104.399,117.851,130.633,142.812,154.433,165.531,176.128,186.237,195.856,204.977,213.572,221.604,229.017,235.739,241.684,246.756,250.859,253.919,255.908,256.886,257.033,256.66,256.162,255.891,256.023,256.515,257.202,257.953,258.731,259.557,260.45,261.415,262.45,263.552,264.717,265.936,267.2,268.494,269.803,271.105,272.379,273.602,274.753,275.818,276.792,277.692,278.566,279.506,280.675,282.339
11460.0,90.176,104.374,117.817,130.592,142.764,154.379,165.473,176.067,186.172,195.79,204.91,213.506,221.539,228.955,235.68,241.63,246.708,250.819,253.888,255.886,256.872,257.026,256.66,256.164,255.893,256.025,256.515,257.202,257.953,258.731,259.557,260.45,261.415,262.45,263.552,264.717,265.936,267.2,268.494,269.803,271.105,272.379,273.602,274.753,275.818,276.792,277.692,278.566,279.506,280.675,282.339
11520.0,90.16,104.349,117.783,130.55,142.716,154.326,165.415,176.005,186.108,195.724,204.843,213.439,221.474,228.892,235.622,241.576,246.661,250.779,253.856,255.863,256.858,257.02,256.659,256.166,255.896,256.026,256.516,257.202,257.953,258.731,259.557,260.45,261.415,262.45,263.552,264.717,265.936,267.2,268.494,269.803,271.105,272.379,273.602,274.753,275.818,276.792,277.692,278.566,279.506,280.675,282.339
11580.0,90.144,104.324,117.749,130.509,142.668,154.273,165.357,175.943,186.043,195.658,204.776,213.373,221.409,228.83,235.563,241.523,246.613,250.739,253.824,255.84,256.844,257.014,256.658,256.168,255.898,256.028,256.516,257.202,257.953,258.731,259.557,260.45,261.415,262.45,263.552,264.717,265.936,267.2,268.494,269.803,271.105,272.379,273.602,274.753,275.818,276.792,277.692,278.566,279.506,280.675,282.339
11640.0,90.128,104.299,117.716,130.468,142.62,154.219,165.299,175.882,185.979,195.592,204.709,213.306,221.344,228.767,235.504,241.469,246.566,250.699,253.793,255.818,256.83,257.007,256.657,256.17,255.901,256.029,256.516,257.202,257.952,258.731,259.557,260.45,261.415,262.45,263.552,264.717,265.936,267.2,268.494,269.803,271.105,272.379,273.602,274.753,275.817,276.792,277.692,278.566,279.506,280.675,282.339
11700.0,90.112,104.273,117.682,130.427,142.573,154.166,165.241,175.82,185.915,195.526,204.643,213.24,221.279,228.705,235.446,241.415,246.518,250.659,253.761,255.795,256.816,257.001,256.656,256.172,255.903,256.031,256.517,257.202,257.952,258.731,259.557,260.45,261.415,262.45,263.552,264.717,265.936,267.2,268.494,269.803,271.105,272.379,273.602,274.753,275.817,276.792,277.692,278.566,279.506,280.675,282.339
11760.0,90.097,104.248,117.649,130.386,142.525,154.113,165.184,175.759,185.851,195.461,204.576,213.174,221.215,228.643,235.387,241.362,246.471,250.619,253.729,255.772,256.802,256.995,256.655,256.174,255.906,256.032,256.517,257.202,257.952,258.731,259.557,260.45,261.415,262.45,263.552,264.716,265.936,267.2,268.494,269.803,271.105,272.379,273.602,274.753,275.817,276.792,277.692,278.566,279.506,280.675,282.339
11820.0,90.081,104.223,117.615,130.345,142.478,154.06,165.126,175.698,185.787,195.395,204.51,213.108,221.15,228.581,235.329,241.308,246.424,250.579,253.698,255.749,256.788,256.988,256.655,256.176,255.908,256.034,256.518,257.202,257.952,258.73,259.557,260.45,261.415,262.45,263.552,264.716,265.936,267.2,268.494,269.803,271.105,272.379,273.602,274.753,275.817,276.792,277.692,278.566,279.506,280.675,282.339
11880.0,90.065,104.198,117.582,130.305,142.431,154.008,165.069,175.637,185.723,195.33,204.444,213.042,221.086,228.519,235.27,241.255,246.377,250.539,253.666,255.727,256.774,256.982,256.654,256.178,255.911,256.035,256.518,257.202,257.952,258.73,259.556,260.45,261.415,262.45,263.552,264.716,265.936,267.199,268.494,269.803,271.105,272.379,273.602,274.753,275.817,276.792,277.692,278.566,279.506,280.675,282.339
11940.0,90.05,104.173,117.549,130.264,142.384,153.955,165.011,175.576,185.66,195.264,204.378,212.977,221.021,228.457,235.212,241.202,246.329,250.499,253.635,255.704,256.76,256.975,256.653,256.18,255.913,256.037,256.519,257.202,257.952,258.73,259.556,260.45,261.415,262.45,263.552,264.716,265.936,267.199,268.494,269.803,271.105,272.379,273.602,274.753,275.817,276.792,277.692,278.566,279.506,280.675,282.339
12000.0,90.034,104.149,117.515,130.223,142.337,153.902,164.954,175.515,185.596,195.199,204.312,212.911,220.957,228.395,235.154,241.148,246.282,250.46,253.603,255.681,256.746,256.968,256.652,256.182,255.915,256.038,256.519,257.202,257.952,258.73,259.556,260.45,261.415,262.45,263.552,264.716,265.936,267.199,268.494,269.803,271.105,272.379,273.602,274.753,275.817,276.792,277.692,278.566,279.506,280.675,282.339
12060.0,90.018,104.124,117.482,130.183,142.29,153.85,164.897,175.454,185.533,195.134,204.246,212.845,220.893,228.333,235.096,241.095,246.235,250.42,253.571,255.658,256.732,256.962,256.651,256.184,255.918,256.04,256.52,257.202,257.951,258.73,259.556,260.45,261.415,262.45,263.552,264.716,265.936,267.199,268.494,269.803,271.105,272.379,273.602,274.753,275.817,276.792,277.692,278.566,279.506,280.675,282.339
12120.0,90.003,104.099,117.449,130.142,142.243,153.797,164.84,175.394,185.47,195.069,204.18,212.78,220.828,228.271,235.038,241.042,246.188,250.38,253.54,255.635,256.717,256.955,256.649,256.186,255.92,256.041,256.52,257.201,257.951,258.73,259.556,260.45,261.415,262.45,263.552,264.716,265.936,267.199,268.494,269.802,271.105,272.379,273.602,274.753,275.817,276.792,277.692,278.566,279.506,280.675,282.339
12180.0,89.987,104.074,117.416,130.102,142.196,153.745,164.783,175.333,185.407,195.004,204.115,212.715,220.764,228.21,234.98,240.989,246.141,250.34,253.508,255.612,256.703,256.949,256.648,256.188,255.923,256.043,256.521,257.201,257.951,258.73,259.556,260.45,261.415,262.45,263.552,264.716,265.936,267.199,268.494,269.802,271.105,272.379,273.602,274.753,275.817,276.792,277.692,278.566,279.506,280.675,282.339
12240.0,89.972,104.05,117.383,130.062,142.149,153.693,164.727,175.273,185.344,194.939,204.049,212.649,220.701,228.148,234.922,240.936,246.094,250.3,253.476,255.59,256.689,256.942,256.647,256.189,255.925,256.044,256.521,257.201,257.951,258.73,259.556,260.45,261.415,262.45,263.552,264.716,265.935,267.199,268.494,269.802,271.105,272.379,273.602,274.753,275.817,276.792,277.692,278.566,279.506,280.675,282.339
12300.0,89.956,104.025,117.351,130.022,142.103,153.641,164.67,175.213,185.281,194.875,203.984,212.584,220.637,228.087,234.864,240.883,246.047,250.261,253.445,255.567,256.674,256.935,256.646,256.191,255.927,256.046,256.522,257.201,257.951,258.73,259.556,260.449,261.415,262.45,263.552,264.716,265.935,267.199,268.494,269.802,271.105,272.379,273.602,274.753,275.817,276.792,277.692,278.566,279.506,280.675,282.339
12360.0,89.941,104.001,117.318,129.982,142.056,153.589,164.614,175.153,185.218,194.81,203.919,212.519,220.573,228.026,234.806,240.83,246.0,250.221,253.413,255.544,256.66,256.928,256.645,256.193,255.93,256.047,256.522,257.201,257.951,258.73,259.556,260.449,261.415,262.45,263.552,264.716,265.935,267.199,268.494,269.802,271.105,272.379,273.602,274.753,275.817,276.792,277.692,278.566,279.506,280.675,282.339
12420.0,89.926,103.976,117.285,129.942,142.01,153.537,164.557,175.093,185.155,194.746,203.854,212.454,220.509,227.964,234.749,240.777,245.953,250.181,253.382,255.521,256.646,256.922,256.644,256.195,255.932,256.049,256.523,257.201,257.951,258.73,259.556,260.449,261.415,262.45,263.552,264.716,265.935,267.199,268.494,269.802,271.105,272.379,273.602,274.753,275.817,276.792,277.692,278.566,279.506,280.675,282.339
12480.0,89.91,103.952,117.252,129.902,141.964,153.485,164.501,175.033,185.093,194.682,203.789,212.39,220.446,227.903,234.691,240.724,245.906,250.141,253.35,255.498,256.631,256.915,256.642,256.197,255.934,256.051,256.523,257.201,257.95,258.73,259.556,260.449,261.414,262.45,263.552,264.716,265.935,267.199,268.494,269.802,271.105,272.379,273.602,274.753,275.817,276.792,277.692,278.566,279.506,280.675,282.339
12540.0,89.895,103.927,117.22,129.862,141.917,153.434,164.445,174.973,185.03,194.617,203.724,212.325,220.382,227.842,234.634,240.671,245.859,250.102,253.318,255.475,256.617,256.908,256.641,256.198,255.937,256.052,256.524,257.201,257.95,258.729,259.556,260.449,261.414,262.45,263.552,264.716,265.935,267.199,268.494,269.802,271.105,272.379,273.602,274.753,275.817,276.792,277.692,278.566,279.506,280.675,282.339
12600.0,89.88,103.903,117.187,129.822,141.871,153.382,164.389,174.913,184.968,194.553,203.659,212.26,220.319,227.781,234.576,240.619,245.813,250.062,253.287,255.452,256.603,256.901,256.64,256.2,255.939,256.054,256.525,257.201,257.95,258.729,259.556,260.449,261.414,262.449,263.552,264.716,265.935,267.199,268.494,269.802,271.105,272.379,273.602,274.753,275.817,276.792,277.692,278.566,279.506,280.675,282.339
12660.0,89.864,103.879,117.155,129.782,141.825,153.331,164.333,174.854,184.906,194.489,203.594,212.196,220.256,227.72,234.519,240.566,245.766,250.022,253.255,255.429,256.588,256.894,256.638,256.202,255.941,256.055,256.525,257.201,257.95,258.729,259.556,260.449,261.414,262.449,263.552,264.716,265.935,267.199,268.494,269.802,271.105,272.379,273.602,274.753,275.817,276.792,277.692,278.566,279.506,280.675,282.339
12720.0,89.849,103.854,117.122,129.743,141.779,153.279,164.277,174.795,184.844,194.426,203.53,212.131,220.193,227.66,234.462,240.513,245.719,249.983,253.224,255.406,256.574,256.887,256.637,256.203,255.944,256.057,256.526,257.201,257.95,258.729,259.556,260.449,261.414,262.449,263.552,264.716,265.935,267.199,268.494,269.802,271.105,272.379,273.602,274.753,275.817,276.792,277.692,278.566,279.506,280.675,282.339
12780.0,89.834,103.83,117.09,129.703,141.733,153.228,164.221,174.735,184.782,194.362,203.465,212.067,220.13,227.599,234.404,240.461,245.673,249.943,253.192,255.383,256.559,256.88,256.636,256.205,255.946,256.058,256.526,257.201,257.95,258.729,259.556,260.449,261.414,262.449,263.551,264.716,265.935,267.199,268.494,269.802,271.105,272.379,273.602,274.753,275.817,276.792,277.692,278.566,279.506,280.675,282.339
12840.0,89.819,103.806,117.058,129.664,141.688,153.177,164.166,174.676,184.72,194.298,203.401,212.003,220.067,227.538,234.347,240.408,245.626,249.904,253.16,255.36,256.545,256.873,256.634,256.207,255.948,256.06,256.527,257.201,257.95,258.729,259.556,260.449,261.414,262.449,263.551,264.716,265.935,267.199,268.494,269.802,271.105,272.379,273.602,274.753,275.817,276.792,277.692,278.566,279.506,280.675,282.339
12900.0,89.803,103.782,117.026,129.624,141.642,153.126,164.11,174.617,184.658,194.235,203.336,211.939,220.004,227.478,234.29,240.356,245.579,249.864,253.129,255.337,256.53,256.866,256.633,256.208,255.95,256.061,256.527,257.201,257.95,258.729,259.556,260.449,261.414,262.449,263.551,264.716,265.935,267.199,268.494,269.802,271.105,272.379,273.602,274.753,275.817,276.792,277.692,278.566,279.506,280.675,282.339
12960.0,89.788,103.758,116.994,129.585,141.597,153.075,164.055,174.558,184.597,194.172,203.272,211.875,219.941,227.417,234.233,240.304,245.533,249.824,253.097,255.314,256.515,256.859,256.631,256.21,255.953,256.063,256.528,257.201,257.949,258.729,259.556,260.449,261.414,262.449,263.551,264.716,265.935,267.199,268.494,269.802,271.105,272.379,273.602,274.753,275.817,276.792,277.692,278.566,279.506,280.675,282.339
13020.0,89.773,103.734,116.962,129.546,141.551,153.024,164.0,174.499,184.535,194.108,203.208,211.811,219.879,227.357,234.176,240.251,245.486,249.785,253.066,255.291,256.501,256.852,256.63,256.211,255.955,256.064,256.528,257.201,257.949,258.729,259.556,260.449,261.414,262.449,263.551,264.716,265.935,267.199,268.494,269.802,271.105,272.379,273.602,274.753,275.817,276.792,277.692,278.566,279.506,280.675,282.339
13080.0,89.758,103.71,116.93,129.507,141.506,152.974,163.944,174.44,184.474,194.045,203.144,211.747,219.816,227.297,234.119,240.199,245.44,249.745,253.034,255.268,256.486,256.845,256.628,256.213,255.957,256.066,256.529,257.201,257.949,258.729,259.556,260.449,261.414,262.449,263.551,264.716,265.935,267.199,268.494,269.802,271.104,272.379,273.602,274.753,275.817,276.792,277.692,278.566,279.506,280.675,282.339
13140.0,89.743,103.686,116.898,129.468,141.46,152.923,163.889,174.382,184.412,193.982,203.08,211.684,219.754,227.237,234.063,240.147,245.394,249.706,253.003,255.245,256.471,256.837,256.627,256.214,255.959,256.067,256.529,257.201,257.949,258.729,259.555,260.449,261.414,262.449,263.551,264.716,265.935,267.199,268.494,269.802,271.104,272.379,273.602,274.753,275.817,276.792,277.692,278.566,279.506,280.675,282.339
13200.0,89.728,103.662,116.866,129.429,141.415,152.873,163.834,174.323,184.351,193.919,203.017,211.62,219.691,227.176,234.006,240.095,245.347,249.667,252.971,255.221,256.457,256.83,256.625,256.216,255.962,256.069,256.53,257.201,257.949,258.729,259.555,260.449,261.414,262.449,263.551,264.716,265.935,267.199,268.493,269.802,271.104,272.379,273.602,274.753,275.817,276.792,277.692,278.566,279.506,280.675,282.339
13260.0,89.713,103.638,116.834,129.39,141.37,152.822,163.779,174.265,184.29,193.856,202.953,211.557,219.629,227.116,233.949,240.043,245.301,249.627,252.939,255.198,256.442,256.823,256.623,256.217,255.964,256.07,256.53,257.201,257.949,258.728,259.555,260.449,261.414,262.449,263.551,264.716,265.935,267.199,268.493,269.802,271.104,272.379,273.602,274.753,275.817,276.792,277.692,278.566,279.506,280.675,282.339
13320.0,89.698,103.614,116.802,129.351,141.325,152.772,163.725,174.206,184.229,193.794,202.89,211.493,219.567,227.056,233.893,239.991,245.255,249.588,252.908,255.175,256.427,256.816,256.622,256.219,255.966,256.072,256.531,257.201,257.949,258.728,259.555,260.449,261.414,262.449,263.551,264.716,265.935,267.199,268.493,269.802,271.104,272.379,273.602,274.753,275.817,276.792,277.692,278.566,279.506,280.675,282.339
13380.0,89.683,103.591,116.771,129.312,141.28,152.722,163.67,174.148,184.168,193.731,202.826,211.43,219.505,226.997,233.836,239.939,245.208,249.548,252.876,255.152,256.412,256.808,256.62,256.22,255.968,256.073,256.531,257.201,257.948,258.728,259.555,260.449,261.414,262.449,263.551,264.716,265.935,267.199,268.493,269.802,271.104,272.379,273.602,274.753,275.817,276.792,277.692,278.566,279.506,280.675,282.339
13440.0,89.668,103.567,116.739,129.274,141.235,152.671,163.615,174.09,184.108,193.669,202.763,211.367,219.443,226.937,233.78,239.887,245.162,249.509,252.845,255.129,256.398,256.801,256.618,256.222,255.97,256.075,256.532,257.201,257.948,258.728,259.555,260.449,261.414,262.449,263.551,264.715,265.935,267.199,268.493,269.802,271.104,272.378,273.602,274.753,275.817,276.792,277.692,278.566,279.506,280.675,282.339
13500.0,89.653,103.543,116.707,129.235,141.191,152.621,163.561,174.032,184.047,193.606,202.7,211.304,219.381,226.877,233.723,239.835,245.116,249.47,252.813,255.106,256.383,256.794,256.616,256.223,255.973,256.076,256.533,257.201,257.948,258.728,259.555,260.449,261.414,262.449,263.551,264.715,265.935,267.199,268.493,269.802,271.104,272.378,273.602,274.753,275.817,276.792,277.692,278.566,279.506,280.675,282.339
13560.0,89.638,103.52,116.676,129.197,141.146,152.571,163.507,173.974,183.986,193.544,202.637,211.241,219.319,226.818,233.667,239.783,245.07,249.43,252.782,255.083,256.368,256.786,256.615,256.224,255.975,256.078,256.533,257.201,257.948,258.728,259.555,260.449,261.414,262.449,263.551,264.715,265.935,267.199,268.493,269.802,271.104,272.378,273.602,274.753,275.817,276.791,277.692,278.566,279.506,280.675,282.339
13620.0,89.624,103.496,116.645,129.158,141.101,152.522,163.452,173.917,183.926,193.482,202.574,211.178,219.257,226.758,233.611,239.731,245.024,249.391,252.75,255.059,256.353,256.779,256.613,256.226,255.977,256.079,256.534,257.201,257.948,258.728,259.555,260.449,261.414,262.449,263.551,264.715,265.935,267.199,268.493,269.802,271.104,272.378,273.602,274.753,275.817,276.791,277.692,278.566,279.506,280.675,282.339
13680.0,89.609,103.473,116.613,129.12,141.057,152.472,163.398,173.859,183.866,193.42,202.511,211.115,219.196,226.699,233.555,239.68,244.978,249.352,252.719,255.036,256.338,256.771,256.611,256.227,255.979,256.081,256.534,257.201,257.948,258.728,259.555,260.449,261.414,262.449,263.551,264.715,265.935,267.199,268.493,269.802,271.104,272.378,273.601,274.753,275.817,276.791,277.692,278.566,279.506,280.675,282.339
13740.0,89.594,103.449,116.582,129.082,141.013,152.422,163.344,173.801,183.806,193.358,202.448,211.053,219.134,226.639,233.499,239.628,244.932,249.312,252.687,255.013,256.323,256.764,256.609,256.228,255.981,256.082,256.535,257.201,257.948,258.728,259.555,260.449,261.414,262.449,263.551,264.715,265.935,267.199,268.493,269.802,271.104,272.378,273.601,274.753,275.817,276.791,277.692,278.566,279.506,280.675,282.339
13800.0,89.579,103.426,116.551,129.043,140.968,152.373,163.29,173.744,183.745,193.296,202.385,210.99,219.073,226.58,233.443,239.576,244.886,249.273,252.656,254.99,256.308,256.756,256.607,256.23,255.983,256.084,256.535,257.201,257.948,258.728,259.555,260.449,261.414,262.449,263.551,264.715,265.935,267.198,268.493,269.802,271.104,272.378,273.601,274.753,275.817,276.791,277.692,278.566,279.506,280.675,282.339
13860.0,89.564,103.402,116.52,129.005,140.924,152.323,163.237,173.687,183.685,193.234,202.323,210.928,219.011,226.521,233.387,239.525,244.84,249.234,252.624,254.966,256.293,256.749,256.605,256.231,255.986,256.085,256.536,257.201,257.947,258.728,259.555,260.448,261.414,262.449,263.551,264.715,265.935,267.198,268.493,269.802,271.104,272.378,273.601,274.753,275.817,276.791,277.692,278.566,279.506,280.675,282.339
13920.0,89.55,103.379,116.488,128.967,140.88,152.274,163.183,173.629,183.626,193.173,202.26,210.865,218.95,226.462,233.331,239.473,244.794,249.195,252.592,254.943,256.278,256.741,256.603,256.232,255.988,256.087,256.536,257.201,257.947,258.728,259.555,260.448,261.414,262.449,263.551,264.715,265.935,267.198,268.493,269.802,271.104,272.378,273.601,274.753,275.817,276.791,277.692,278.566,279.506,280.675,282.339
13980.0,89.535,103.356,116.457,128.929,140.836,152.225,163.129,173.572,183.566,193.111,202.198,210.803,218.889,226.403,233.275,239.422,244.748,249.156,252.561,254.92,256.263,256.733,256.601,256.233,255.99,256.088,256.537,257.201,257.947,258.727,259.555,260.448,261.413,262.449,263.551,264.715,265.935,267.198,268.493,269.802,271.104,272.378,273.601,274.753,275.817,276.791,277.692,278.566,279.506,280.675,282.339
14040.0,89.52,103.332,116.426,128.891,140.792,152.176,163.076,173.515,183.506,193.05,202.136,210.741,218.828,226.344,233.219,239.371,244.702,249.117,252.529,254.897,256.248,256.726,256.599,256.235,255.992,256.09,256.538,257.201,257.947,258.727,259.555,260.448,261.413,262.449,263.551,264.715,265.934,267.198,268.493,269.802,271.104,272.378,273.601,274.753,275.817,276.791,277.692,278.566,279.506,280.675,282.339
14100.0,89.506,103.309,116.396,128.854,140.748,152.126,163.022,173.458,183.447,192.989,202.074,210.679,218.767,226.285,233.164,239.319,244.657,249.077,252.498,254.873,256.233,256.718,256.597,256.236,255.994,256.092,256.538,257.201,257.947,258.727,259.555,260.448,261.413,262.449,263.551,264.715,265.934,267.198,268.493,269.802,271.104,272.378,273.601,274.753,275.817,276.791,277.692,278.566,279.506,280.675,282.339
14160.0,89.491,103.286,116.365,128.816,140.704,152.077,162.969,173.402,183.387,192.927,202.012,210.617,218.706,226.226,233.108,239.268,244.611,249.038,252.466,254.85,256.218,256.71,256.595,256.237,255.996,256.093,256.539,257.201,257.947,258.727,259.555,260.448,261.413,262.448,263.551,264.715,265.934,267.198,268.493,269.802,271.104,272.378,273.601,274.753,275.817,276.791,277.692,278.566,279.506,280.675,282.339
14220.0,89.476,103.263,116.334,128.778,140.661,152.029,162.916,173.345,183.328,192.866,201.95,210.555,218.645,226.167,233.053,239.217,244.565,248.999,252.435,254.827,256.203,256.703,256.593,256.238,255.998,256.095,256.539,257.201,257.947,258.727,259.555,260.448,261.413,262.448,263.551,264.715,265.934,267.198,268.493,269.802,271.104,272.378,273.601,274.753,275.817,276.791,277.692,278.566,279.506,280.675,282.339
14280.0,89.462,103.24,116.303,128.741,140.617,151.98,162.863,173.288,183.269,192.805,201.888,210.493,218.584,226.109,232.997,239.166,244.519,248.96,252.403,254.803,256.188,256.695,256.591,256.239,256.0,256.096,256.54,257.201,257.947,258.727,259.555,260.448,261.413,262.448,263.551,264.715,265.934,267.198,268.493,269.802,271.104,272.378,273.601,274.753,275.817,276.791,277.692,278.566,279.506,280.675,282.339
14340.0,89.447,103.217,116.273,128.703,140.574,151.931,162.81,173.232,183.21,192.744,201.826,210.432,218.524,226.05,232.942,239.115,244.474,248.921,252.372,254.78,256.173,256.687,256.589,256.241,256.002,256.098,256.54,257.201,257.946,258.727,259.555,260.448,261.413,262.448,263.551,264.715,265.934,267.198,268.493,269.802,271.104,272.378,273.601,274.753,275.817,276.791,277.692,278.566,279.506,280.675,282.339
14400.0,89.433,103.194,116.242,128.666,140.53,151.883,162.757,173.175,183.151,192.684,201.764,210.37,218.463,225.992,232.886,239.064,244.428,248.882,252.34,254.757,256.157,256.679,256.587,256.242,256.004,256.099,256.541,257.201,257.946,258.727,259.555,260.448,261.413,262.448,263.55,264.715,265.934,267.198,268.493,269.801,271.104,272.378,273.601,274.753,275.817,276.791,277.692,278.566,279.506,280.675,282.339
14460.0,89.418,103.171,116.211,128.628,140.487,151.834,162.704,173.119,183.092,192.623,201.703,210.309,218.403,225.933,232.831,239.013,244.383,248.843,252.309,254.733,256.142,256.671,256.584,256.243,256.006,256.101,256.542,257.201,257.946,258.727,259.554,260.448,261.413,262.448,263.55,264.715,265.934,267.198,268.493,269.801,271.104,272.378,273.601,274.753,275.817,276.791,277.692,278.566,279.506,280.675,282.339
14520.0,89.404,103.148,116.181,128.591,140.444,151.786,162.651,173.063,183.033,192.562,201.641,210.247,218.342,225.875,232.776,238.962,244.337,248.804,252.277,254.71,256.127,256.663,256.582,256.244,256.009,256.102,256.542,257.201,257.946,258.727,259.554,260.448,261.413,262.448,263.55,264.715,265.934,267.198,268.493,269.801,271.104,272.378,273.601,274.752,275.817,276.791,277.692,278.566,279.506,280.675,282.339
14580.0,89.39,103.125,116.15,128.554,140.4,151.737,162.599,173.007,182.974,192.502,201.58,210.186,218.282,225.817,232.721,238.911,244.292,248.765,252.246,254.686,256.112,256.656,256.58,256.245,256.011,256.103,256.543,257.201,257.946,258.727,259.554,260.448,261.413,262.448,263.55,264.715,265.934,267.198,268.493,269.801,271.104,272.378,273.601,274.752,275.817,276.791,277.692,278.566,279.506,280.675,282.339
14640.0,89.375,103.103,116.12,128.517,140.357,151.689,162.546,172.951,182.916,192.442,201.519,210.125,218.222,225.759,232.666,238.86,244.246,248.726,252.215,254.663,256.096,256.648,256.578,256.246,256.013,256.105,256.543,257.201,257.946,258.727,259.554,260.448,261.413,262.448,263.55,264.715,265.934,267.198,268.493,269.801,271.104,272.378,273.601,274.752,275.817,276.791,277.692,278.566,279.506,280.675,282.339
14700.0,89.361,103.08,116.09,128.48,140.314,151.641,162.494,172.895,182.857,192.381,201.458,210.064,218.162,225.701,232.611,238.809,244.201,248.688,252.183,254.64,256.081,256.64,256.575,256.247,256.015,256.106,256.544,257.201,257.946,258.726,259.554,260.448,261.413,262.448,263.55,264.715,265.934,267.198,268.493,269.801,271.104,272.378,273.601,274.752,275.817,276.791,277.692,278.566,279.506,280.675,282.339
14760.0,89.346,103.057,116.059,128.443,140.271,151.593,162.441,172.839,182.799,192.321,201.397,210.003,218.102,225.643,232.556,238.759,244.156,248.649,252.152,254.616,256.066,256.632,256.573,256.248,256.017,256.108,256.544,257.201,257.946,258.726,259.554,260.448,261.413,262.448,263.55,264.715,265.934,267.198,268.493,269.801,271.104,272.378,273.601,274.752,275.817,276.791,277.692,278.566,279.506,280.675,282.339
14820.0,89.332,103.034,116.029,128.406,140.229,151.545,162.389,172.783,182.74,192.261,201.336,209.942,218.042,225.585,232.501,238.708,244.11,248.61,252.12,254.593,256.05,256.624,256.571,256.249,256.019,256.109,256.545,257.201,257.945,258.726,259.554,260.448,261.413,262.448,263.55,264.715,265.934,267.198,268.493,269.801,271.104,272.378,273.601,274.752,275.817,276.791,277.692,278.566,279.506,280.675,282.339
14880.0,89.318,103.012,115.999,128.369,140.186,151.497,162.337,172.728,182.682,192.201,201.275,209.881,217.982,225.527,232.446,238.658,244.065,248.571,252.089,254.569,256.035,256.615,256.568,256.25,256.021,256.111,256.546,257.201,257.945,258.726,259.554,260.448,261.413,262.448,263.55,264.715,265.934,267.198,268.493,269.801,271.104,272.378,273.601,274.752,275.817,276.791,277.692,278.566,279.506,280.675,282.339
14940.0,89.303,102.989,115.969,128.332,140.143,151.449,162.285,172.672,182.624,192.141,201.214,209.82,217.923,225.469,232.392,238.607,244.02,248.532,252.057,254.546,256.02,256.607,256.566,256.251,256.023,256.112,256.546,257.201,257.945,258.726,259.554,260.448,261.413,262.448,263.55,264.715,265.934,267.198,268.493,269.801,271.104,272.378,273.601,274.752,275.817,276.791,277.692,278.566,279.506,280.675,282.339
15000.0,89.289,102.967,115.939,128.295,140.1,151.402,162.233,172.617,182.566,192.082,201.154,209.76,217.863,225.411,232.337,238.557,243.975,248.493,252.026,254.522,256.004,256.599,256.563,256.252,256.024,256.114,256.547,257.201,257.945,258.726,259.554,260.448,261.413,262.448,263.55,264.715,265.934,267.198,268.493,269.801,271.104,272.378,273.601,274.752,275.817,276.791,277.692,278.566,279.506,280.675,282.339
15060.0,89.275,102.944,115.909,128.259,140.058,151.354,162.181,172.562,182.508,192.022,201.093,209.699,217.803,225.354,232.282,238.506,243.93,248.455,251.994,254.499,255.989,256.591,256.561,256.252,256.026,256.115,256.547,257.201,257.945,258.726,259.554,260.448,261.413,262.448,263.55,264.715,265.934,267.198,268.493,269.801,271.104,272.378,273.601,274.752,275.817,276.791,277.692,278.566,279.506,280.675,282.339
15120.0,89.261,102.922,115.879,128.222,140.016,151.307,162.129,172.507,182.45,191.962,201.033,209.639,217.744,225.296,232.228,238.456,243.885,248.416,251.963,254.475,255.973,256.583,256.558,256.253,256.028,256.117,256.548,257.201,257.945,258.726,259.554,260.448,261.413,262.448,263.55,264.714,265.934,267.198,268.493,269.801,271.104,272.378,273.601,274.752,275.817,276.791,277.692,278.566,279.506,280.675,282.339
15180.0,89.247,102.899,115.849,128.186,139.973,151.259,162.078,172.452,182.393,191.903,200.972,209.578,217.684,225.239,232.174,238.405,243.84,248.377,251.932,254.452,255.958,256.575,256.556,256.254,256.03,256.118,256.549,257.201,257.945,258.726,259.554,260.448,261.413,262.448,263.55,264.714,265.934,267.198,268.493,269.801,271.104,272.378,273.601,274.752,275.817,276.791,277.692,278.566,279.506,280.675,282.339
15240.0,89.232,102.877,115.82,128.149,139.931,151.212,162.026,172.397,182.335,191.844,200.912,209.518,217.625,225.181,232.119,238.355,243.794,248.339,251.9,254.428,255.942,256.566,256.553,256.255,256.032,256.12,256.549,257.201,257.945,258.726,259.554,260.448,261.413,262.448,263.55,264.714,265.934,267.198,268.492,269.801,271.104,272.378,273.601,274.752,275.817,276.791,277.692,278.566,279.506,280.675,282.339
15300.0,89.218,102.855,115.79,128.113,139.889,151.165,161.975,172.342,182.278,191.784,200.852,209.458,217.566,225.124,232.065,238.305,243.75,248.3,251.869,254.405,255.927,256.558,256.55,256.256,256.034,256.121,256.55,257.201,257.945,258.726,259.554,260.448,261.413,262.448,263.55,264.714,265.934,267.198,268.492,269.801,271.104,272.378,273.601,274.752,275.817,276.791,277.692,278.566,279.506,280.675,282.339
15360.0,89.204,102.832,115.76,128.077,139.847,151.118,161.923,172.287,182.22,191.725,200.792,209.398,217.507,225.067,232.011,238.255,243.705,248.261,251.837,254.381,255.911,256.55,256.548,256.257,256.036,256.123,256.55,257.201,257.944,258.726,259.554,260.447,261.413,262.448,263.55,264.714,265.934,267.198,268.492,269.801,271.104,272.378,273.601,274.752,275.817,276.791,277.692,278.566,279.506,280.675,282.339
15420.0,89.19,102.81,115.731,128.04,139.805,151.07,161.872,172.232,182.163,191.666,200.732,209.338,217.448,225.01,231.957,238.205,243.66,248.223,251.806,254.358,255.895,256.542,256.545,256.257,256.038,256.124,256.551,257.201,257.944,258.725,259.554,260.447,261.413,262.448,263.55,264.714,265.934,267.198,268.492,269.801,271.104,272.378,273.601,274.752,275.817,276.791,277.692,278.566,279.506,280.675,282.339
15480.0,89.176,102.788,115.701,128.004,139.763,151.024,161.821,172.178,182.106,191.607,200.672,209.278,217.389,224.953,231.902,238.155,243.615,248.184,251.775,254.334,255.88,256.533,256.542,256.258,256.04,256.126,256.552,257.201,257.944,258.725,259.554,260.447,261.412,262.448,263.55,264.714,265.934,267.198,268.492,269.801,271.104,272.378,273.601,274.752,275.817,276.791,277.692,278.566,279.506,280.675,282.339
15540.0,89.162,102.766,115.671,127.968,139.721,150.977,161.77,172.123,182.049,191.548,200.612,209.218,217.33,224.896,231.848,238.105,243.57,248.145,251.743,254.311,255.864,256.525,256.54,256.259,256.042,256.127,256.552,257.201,257.944,258.725,259.554,260.447,261.412,262.448,263.55,264.714,265.934,267.198,268.492,269.801,271.104,272.378,273.601,274.752,275.817,276.791,277.692,278.566,279.506,280.675,282.339
15600.0,89.148,102.744,115.642,127.932,139.679,150.93,161.719,172.069,181.992,191.49,200.553,209.159,217.271,224.839,231.794,238.055,243.525,248.107,251.712,254.287,255.849,256.516,256.537,256.259,256.044,256.129,256.553,257.201,257.944,258.725,259.554,260.447,261.412,262.448,263.55,264.714,265.934,267.198,268.492,269.801,271.104,272.378,273.601,274.752,275.817,276.791,277.692,278.566,279.506,280.675,282.339
15660.0,89.134,102.722,115.613,127.896,139.637,150.883,161.668,172.014,181.935,191.431,200.493,209.099,217.212,224.782,231.741,238.005,243.48,248.068,251.68,254.264,255.833,256.508,256.534,256.26,256.045,256.13,256.553,257.202,257.944,258.725,259.553,260.447,261.412,262.448,263.55,264.714,265.934,267.198,268.492,269.801,271.103,272.378,273.601,274.752,275.817,276.791,277.692,278.566,279.506,280.675,282.339
15720.0,89.12,102.7,115.583,127.86,139.596,150.837,161.617,171.96,181.878,191.372,200.434,209.039,217.154,224.725,231.687,237.955,243.436,248.03,251.649,254.24,255.817,256.499,256.531,256.261,256.047,256.132,256.554,257.202,257.944,258.725,259.553,260.447,261.412,262.447,263.55,264.714,265.934,267.197,268.492,269.801,271.103,272.378,273.601,274.752,275.817,276.791,277.692,278.566,279.506,280.675,282.339
15780.0,89.106,102.678,115.554,127.824,139.554,150.79,161.566,171.906,181.821,191.314,200.374,208.98,217.095,224.669,231.633,237.905,243.391,247.991,251.618,254.217,255.802,256.491,256.529,256.261,256.049,256.133,256.555,257.202,257.944,258.725,259.553,260.447,261.412,262.447,263.55,264.714,265.934,267.197,268.492,269.801,271.103,272.378,273.601,274.752,275.817,276.791,277.692,278.566,279.506,280.675,282.339
15840.0,89.092,102.656,115.525,127.789,139.513,150.744,161.516,171.852,181.765,191.256,200.315,208.921,217.037,224.612,231.579,237.856,243.346,247.953,251.586,254.193,255.786,256.482,256.526,256.262,256.051,256.135,256.555,257.202,257.944,258.725,259.553,260.447,261.412,262.447,263.55,264.714,265.933,267.197,268.492,269.801,271.103,272.378,273.601,274.752,275.817,276.791,277.692,278.566,279.506,280.675,282.339
15900.0,89.078,102.634,115.496,127.753,139.471,150.697,161.465,171.798,181.708,191.197,200.256,208.861,216.978,224.556,231.526,237.806,243.302,247.914,251.555,254.169,255.77,256.474,256.523,256.263,256.053,256.136,256.556,257.202,257.943,258.725,259.553,260.447,261.412,262.447,263.55,264.714,265.933,267.197,268.492,269.801,271.103,272.378,273.601,274.752,275.817,276.791,277.692,278.566,279.506,280.675,282.339
15960.0,89.064,102.612,115.466,127.717,139.43,150.651,161.415,171.744,181.652,191.139,200.197,208.802,216.92,224.499,231.472,237.756,243.257,247.876,251.524,254.146,255.754,256.465,256.52,256.263,256.055,256.137,256.556,257.202,257.943,258.725,259.553,260.447,261.412,262.447,263.55,264.714,265.933,267.197,268.492,269.801,271.103,272.378,273.601,274.752,275.817,276.791,277.692,278.566,279.506,280.675,282.339
16020.0,89.051,102.59,115.437,127.682,139.389,150.605,161.365,171.691,181.596,191.081,200.138,208.743,216.862,224.443,231.418,237.707,243.213,247.838,251.492,254.122,255.738,256.457,256.517,256.264,256.056,256.139,256.557,257.202,257.943,258.725,259.553,260.447,261.412,262.447,263.549,264.714,265.933,267.197,268.492,269.801,271.103,272.378,273.601,274.752,275.817,276.791,277.692,278.566,279.506,280.675,282.339
16080.0,89.037,102.568,115.408,127.646,139.347,150.559,161.314,171.637,181.539,191.023,200.079,208.684,216.804,224.386,231.365,237.657,243.168,247.799,251.461,254.098,255.723,256.448,256.514,256.264,256.058,256.14,256.558,257.202,257.943,258.725,259.553,260.447,261.412,262.447,263.549,264.714,265.933,267.197,268.492,269.801,271.103,272.378,273.601,274.752,275.817,276.791,277.692,278.566,279.506,280.675,282.339
16140.0,89.023,102.546,115.379,127.611,139.306,150.513,161.264,171.584,181.483,190.965,200.02,208.625,216.746,224.33,231.312,237.608,243.124,247.761,251.43,254.075,255.707,256.439,256.511,256.265,256.06,256.142,256.558,257.202,257.943,258.724,259.553,260.447,261.412,262.447,263.549,264.714,265.933,267.197,268.492,269.801,271.103,272.378,273.601,274.752,275.817,276.791,277.692,278.566,279.506,280.675,282.339
16200.0,89.009,102.525,115.351,127.576,139.265,150.467,161.214,171.53,181.427,190.908,199.961,208.567,216.688,224.274,231.258,237.558,243.079,247.723,251.398,254.051,255.691,256.431,256.508,256.265,256.062,256.143,256.559,257.202,257.943,258.724,259.553,260.447,261.412,262.447,263.549,264.714,265.933,267.197,268.492,269.801,271.103,272.378,273.601,274.752,275.817,276.791,277.692,278.566,279.506,280.675,282.339
16260.0,88.995,102.503,115.322,127.54,139.224,150.421,161.164,171.477,181.371,190.85,199.903,208.508,216.63,224.218,231.205,237.509,243.035,247.684,251.367,254.028,255.675,256.422,256.505,256.266,256.063,256.145,256.56,257.202,257.943,258.724,259.553,260.447,261.412,262.447,263.549,264.714,265.933,267.197,268.492,269.801,271.103,272.378,273.601,274.752,275.817,276.791,277.692,278.566,279.506,280.675,282.339
16320.0,88.982,102.481,115.293,127.505,139.184,150.375,161.114,171.424,181.316,190.792,199.844,208.449,216.572,224.162,231.152,237.46,242.991,247.646,251.336,254.004,255.659,256.413,256.502,256.266,256.065,256.146,256.56,257.202,257.943,258.724,259.553,260.447,261.412,262.447,263.549,264.714,265.933,267.197,268.492,269.801,271.103,272.378,273.601,274.752,275.817,276.791,277.692,278.566,279.506,280.675,282.339
16380.0,88.968,102.46,115.264,127.47,139.143,150.329,161.064,171.37,181.26,190.735,199.786,208.391,216.515,224.106,231.099,237.41,242.946,247.608,251.305,253.98,255.643,256.405,256.499,256.267,256.067,256.148,256.561,257.202,257.943,258.724,259.553,260.447,261.412,262.447,263.549,264.714,265.933,267.197,268.492,269.801,271.103,272.377,273.601,274.752,275.817,276.791,277.692,278.566,279.506,280.675,282.339
16440.0,88.954,102.438,115.235,127.435,139.102,150.284,161.015,171.317,181.204,190.677,199.727,208.332,216.457,224.05,231.046,237.361,242.902,247.57,251.273,253.957,255.627,256.396,256.496,256.267,256.069,256.149,256.561,257.202,257.942,258.724,259.553,260.447,261.412,262.447,263.549,264.714,265.933,267.197,268.492,269.801,271.103,272.377,273.601,274.752,275.817,276.791,277.692,278.566,279.506,280.675,282.339
16500.0,88.941,102.417,115.207,127.4,139.061,150.238,160.965,171.264,181.149,190.62,199.669,208.274,216.399,223.995,230.993,237.312,242.858,247.531,251.242,253.933,255.611,256.387,256.493,256.268,256.07,256.15,256.562,257.202,257.942,258.724,259.553,260.447,261.412,262.447,263.549,264.714,265.933,267.197,268.492,269.801,271.103,272.377,273.601,274.752,275.817,276.791,277.692,278.566,279.506,280.675,282.339
16560.0,88.927,102.395,115.178,127.365,139.021,150.193,160.916,171.211,181.093,190.563,199.611,208.216,216.342,223.939,230.94,237.263,242.814,247.493,251.211,253.909,255.595,256.378,256.49,256.268,256.072,256.152,256.563,257.202,257.942,258.724,259.553,260.447,261.412,262.447,263.549,264.714,265.933,267.197,268.492,269.801,271.103,272.377,273.601,274.752,275.817,276.791,277.692,278.566,279.506,280.675,282.339
16620.0,88.913,102.374,115.15,127.33,138.98,150.148,160.866,171.159,181.038,190.506,199.553,208.158,216.285,223.883,230.887,237.214,242.77,247.455,251.18,253.885,255.579,256.369,256.486,256.268,256.074,256.153,256.563,257.202,257.942,258.724,259.553,260.447,261.412,262.447,263.549,264.714,265.933,267.197,268.492,269.801,271.103,272.377,273.601,274.752,275.817,276.791,277.692,278.566,279.506,280.675,282.339
16680.0,88.9,102.353,115.121,127.295,138.94,150.102,160.817,171.106,180.983,190.449,199.495,208.1,216.227,223.828,230.834,237.165,242.726,247.417,251.148,253.862,255.563,256.36,256.483,256.269,256.075,256.155,256.564,257.202,257.942,258.724,259.553,260.447,261.412,262.447,263.549,264.714,265.933,267.197,268.492,269.801,271.103,272.377,273.601,274.752,275.817,276.791,277.692,278.566,279.506,280.675,282.339
16740.0,88.886,102.331,115.093,127.261,138.9,150.057,160.767,171.053,180.928,190.392,199.437,208.042,216.17,223.772,230.781,237.116,242.682,247.379,251.117,253.838,255.547,256.351,256.48,256.269,256.077,256.156,256.565,257.202,257.942,258.724,259.553,260.447,261.412,262.447,263.549,264.714,265.933,267.197,268.492,269.8,271.103,272.377,273.601,274.752,275.817,276.791,277.692,278.566,279.506,280.675,282.339
16800.0,88.873,102.31,115.065,127.226,138.859,150.012,160.718,171.001,180.872,190.335,199.379,207.984,216.113,223.717,230.729,237.067,242.638,247.341,251.086,253.814,255.531,256.342,256.477,256.269,256.079,256.158,256.565,257.203,257.942,258.724,259.553,260.447,261.412,262.447,263.549,264.713,265.933,267.197,268.492,269.8,271.103,272.377,273.601,274.752,275.817,276.791,277.692,278.566,279.506,280.675,282.339
16860.0,88.859,102.289,115.036,127.191,138.819,149.967,160.669,170.948,180.817,190.278,199.321,207.926,216.056,223.661,230.676,237.018,242.594,247.303,251.055,253.791,255.515,256.333,256.473,256.27,256.08,256.159,256.566,257.203,257.942,258.723,259.553,260.446,261.412,262.447,263.549,264.713,265.933,267.197,268.492,269.8,271.103,272.377,273.601,274.752,275.817,276.791,277.692,278.566,279.506,280.675,282.339
16920.0,88.846,102.267,115.008,127.157,138.779,149.922,160.62,170.896,180.763,190.222,199.264,207.868,215.999,223.606,230.624,236.969,242.55,247.264,251.023,253.767,255.499,256.325,256.47,256.27,256.082,256.16,256.566,257.203,257.942,258.723,259.552,260.446,261.412,262.447,263.549,264.713,265.933,267.197,268.492,269.8,271.103,272.377,273.601,274.752,275.817,276.791,277.692,278.566,279.506,280.675,282.339
16980.0,88.832,102.246,114.98,127.122,138.739,149.877,160.571,170.844,180.708,190.165,199.206,207.81,215.942,223.551,230.571,236.921,242.506,247.226,250.992,253.743,255.483,256.315,256.467,256.27,256.084,256.162,256.567,257.203,257.941,258.723,259.552,260.446,261.411,262.447,263.549,264.713,265.933,267.197,268.492,269.8,271.103,272.377,273.601,274.752,275.817,276.791,277.692,278.566,279.506,280.675,282.339
17040.0,88.819,102.225,114.952,127.088,138.699,149.832,160.522,170.792,180.653,190.109,199.149,207.753,215.885,223.496,230.519,236.872,242.462,247.188,250.961,253.719,255.467,256.306,256.463,256.271,256.085,256.163,256.568,257.203,257.941,258.723,259.552,260.446,261.411,262.447,263.549,264.713,265.933,267.197,268.492,269.8,271.103,272.377,273.601,274.752,275.817,276.791,277.692,278.566,279.506,280.675,282.339
17100.0,88.805,102.204,114.923,127.054,138.659,149.788,160.474,170.74,180.599,190.052,199.092,207.695,215.829,223.441,230.466,236.823,242.418,247.15,250.93,253.696,255.451,256.297,256.46,256.271,256.087,256.165,256.568,257.203,257.941,258.723,259.552,260.446,261.411,262.447,263.549,264.713,265.933,267.197,268.492,269.8,271.103,272.377,273.601,274.752,275.817,276.791,277.692,278.566,279.506,280.675,282.339
17160.0,88.792,102.183,114.895,127.019,138.619,149.743,160.425,170.688,180.544,189.996,199.034,207.638,215.772,223.386,230.414,236.775,242.374,247.113,250.899,253.672,255.435,256.288,256.457,256.271,256.089,256.166,256.569,257.203,257.941,258.723,259.552,260.446,261.411,262.447,263.549,264.713,265.933,267.197,268.492,269.8,271.103,272.377,273.6,274.752,275.817,276.791,277.692,278.566,279.506,280.675,282.339
17220.0,88.778,102.162,114.867,126.985,138.58,149.699,160.376,170.636,180.49,189.94,198.977,207.581,215.715,223.331,230.362,236.726,242.33,247.075,250.867,253.648,255.419,256.279,256.453,256.271,256.09,256.167,256.57,257.203,257.941,258.723,259.552,260.446,261.411,262.446,263.549,264.713,265.933,267.197,268.492,269.8,271.103,272.377,273.6,274.752,275.816,276.791,277.692,278.566,279.506,280.675,282.339
17280.0,88.765,102.141,114.839,126.951,138.54,149.654,160.328,170.584,180.435,189.884,198.92,207.523,215.659,223.276,230.31,236.678,242.287,247.037,250.836,253.624,255.402,256.27,256.45,256.271,256.092,256.169,256.57,257.203,257.941,258.723,259.552,260.446,261.411,262.446,263.549,264.713,265.933,267.197,268.492,269.8,271.103,272.377,273.6,274.752,275.816,276.791,277.692,278.566,279.506,280.675,282.339
17340.0,88.752,102.12,114.812,126.917,138.5,149.61,160.28,170.532,180.381,189.828,198.863,207.466,215.602,223.221,230.258,236.629,242.243,246.999,250.805,253.601,255.386,256.261,256.446,256.271,256.093,256.17,256.571,257.203,257.941,258.723,259.552,260.446,261.411,262.446,263.549,264.713,265.933,267.197,268.491,269.8,271.103,272.377,273.6,274.752,275.816,276.791,277.692,278.566,279.506,280.676,282.339
17400.0,88.738,102.099,114.784,126.883,138.461,149.566,160.231,170.481,180.327,189.772,198.806,207.409,215.546,223.167,230.205,236.581,242.199,246.961,250.774,253.577,255.37,256.252,256.443,256.272,256.095,256.172,256.572,257.203,257.941,258.723,259.552,260.446,261.411,262.446,263.549,264.713,265.933,267.197,268.491,269.8,271.103,272.377,273.6,274.752,275.816,276.791,277.692,278.566,279.506,280.676,282.339
17460.0,88.725,102.078,114.756,126.849,138.421,149.521,160.183,170.429,180.273,189.716,198.749,207.352,215.49,223.112,230.153,236.533,242.156,246.923,250.743,253.553,255.354,256.242,256.439,256.272,256.096,256.173,256.572,257.203,257.941,258.723,259.552,260.446,261.411,262.446,263.549,264.713,265.933,267.197,268.491,269.8,271.103,272.377,273.6,274.752,275.816,276.791,277.692,278.566,279.506,280.676,282.339
17520.0,88.712,102.057,114.728,126.815,138.382,149.477,160.135,170.378,180.219,189.66,198.693,207.295,215.434,223.058,230.102,236.484,242.112,246.885,250.712,253.529,255.337,256.233,256.436,256.272,256.098,256.174,256.573,257.203,257.941,258.723,259.552,260.446,261.411,262.446,263.549,264.713,265.933,267.197,268.491,269.8,271.103,272.377,273.6,274.752,275.816,276.791,277.692,278.566,279.506,280.676,282.339
17580.0,88.699,102.036,114.7,126.781,138.343,149.433,160.087,170.326,180.165,189.604,198.636,207.239,215.378,223.003,230.05,236.436,242.069,246.847,250.68,253.505,255.321,256.224,256.432,256.272,256.1,256.176,256.573,257.203,257.94,258.722,259.552,260.446,261.411,262.446,263.549,264.713,265.933,267.197,268.491,269.8,271.103,272.377,273.6,274.752,275.816,276.791,277.692,278.566,279.506,280.676,282.339
17640.0,88.685,102.015,114.673,126.747,138.303,149.389,160.039,170.275,180.111,189.549,198.579,207.182,215.322,222.949,229.998,236.388,242.025,246.81,250.649,253.482,255.305,256.215,256.428,256.272,256.101,256.177,256.574,257.204,257.94,258.722,259.552,260.446,261.411,262.446,263.548,264.713,265.932,267.196,268.491,269.8,271.103,272.377,273.6,274.752,275.816,276.791,277.692,278.566,279.506,280.676,282.339
17700.0,88.672,101.995,114.645,126.713,138.264,149.345,159.991,170.224,180.057,189.493,198.523,207.125,215.266,222.894,229.946,236.34,241.982,246.772,250.618,253.458,255.288,256.205,256.425,256.272,256.103,256.179,256.575,257.204,257.94,258.722,259.552,260.446,261.411,262.446,263.548,264.713,265.932,267.196,268.491,269.8,271.103,272.377,273.6,274.752,275.816,276.791,277.692,278.566,279.506,280.676,282.339
17760.0,88.659,101.974,114.618,126.68,138.225,149.301,159.943,170.173,180.004,189.438,198.467,207.069,215.21,222.84,229.894,236.292,241.938,246.734,250.587,253.434,255.272,256.196,256.421,256.272,256.104,256.18,256.575,257.204,257.94,258.722,259.552,260.446,261.411,262.446,263.548,264.713,265.932,267.196,268.491,269.8,271.103,272.377,273.6,274.752,275.816,276.791,277.692,278.566,279.506,280.676,282.339
17820.0,88.646,101.953,114.59,126.646,138.186,149.258,159.895,170.122,179.95,189.383,198.41,207.012,215.154,222.786,229.843,236.244,241.895,246.697,250.556,253.41,255.256,256.187,256.417,256.272,256.106,256.181,256.576,257.204,257.94,258.722,259.552,260.446,261.411,262.446,263.548,264.713,265.932,267.196,268.491,269.8,271.103,272.377,273.6,274.752,275.816,276.791,277.692,278.566,279.506,280.676,282.339
17880.0,88.633,101.933,114.563,126.613,138.147,149.214,159.848,170.071,179.897,189.327,198.354,206.956,215.098,222.732,229.791,236.196,241.852,246.659,250.525,253.386,255.239,256.177,256.414,256.272,256.107,256.183,256.577,257.204,257.94,258.722,259.552,260.446,261.411,262.446,263.548,264.713,265.932,267.196,268.491,269.8,271.103,272.377,273.6,274.752,275.816,276.791,277.692,278.566,279.506,280.676,282.339
17940.0,88.619,101.912,114.535,126.579,138.108,149.17,159.8,170.02,179.844,189.272,198.298,206.899,215.043,222.678,229.74,236.148,241.808,246.621,250.494,253.362,255.223,256.168,256.41,256.272,256.109,256.184,256.577,257.204,257.94,258.722,259.552,260.446,261.411,262.446,263.548,264.713,265.932,267.196,268.491,269.8,271.103,272.377,273.6,274.752,275.816,276.791,277.692,278.566,279.506,280.676,282.339
18000.0,88.606,101.891,114.508,126.546,138.069,149.127,159.753,169.969,179.79,189.217,198.242,206.843,214.987,222.624,229.688,236.1,241.765,246.584,250.463,253.339,255.207,256.158,256.406,256.272,256.11,256.186,256.578,257.204,257.94,258.722,259.552,260.446,261.411,262.446,263.548,264.713,265.932,267.196,268.491,269.8,271.103,272.377,273.6,274.752,275.816,276.791,277.692,278.566,279.506,280.676,282.339
18060.0,88.593,101.871,114.481,126.512,138.031,149.084,159.705,169.919,179.737,189.162,198.186,206.787,214.932,222.57,229.637,236.052,241.722,246.546,250.432,253.315,255.19,256.149,256.402,256.272,256.111,256.187,256.579,257.204,257.94,258.722,259.552,260.446,261.411,262.446,263.548,264.713,265.932,267.196,268.491,269.8,271.103,272.377,273.6,274.752,275.816,276.791,277.692,278.566,279.506,280.676,282.339
18120.0,88.58,101.85,114.453,126.479,137.992,149.04,159.658,169.868,179.684,189.107,198.13,206.731,214.876,222.516,229.586,236.004,241.679,246.508,250.401,253.291,255.174,256.139,256.399,256.272,256.113,256.188,256.579,257.204,257.94,258.722,259.551,260.446,261.411,262.446,263.548,264.713,265.932,267.196,268.491,269.8,271.103,272.377,273.6,274.752,275.816,276.791,277.692,278.566,279.506,280.676,282.339
18180.0,88.567,101.83,114.426,126.446,137.953,148.997,159.611,169.818,179.631,189.053,198.074,206.675,214.821,222.462,229.534,235.957,241.635,246.471,250.37,253.267,255.157,256.13,256.395,256.272,256.114,256.19,256.58,257.204,257.939,258.722,259.551,260.446,261.411,262.446,263.548,264.713,265.932,267.196,268.491,269.8,271.103,272.377,273.6,274.752,275.816,276.791,277.692,278.566,279.506,280.676,282.339
18240.0,88.554,101.809,114.399,126.413,137.915,148.954,159.564,169.767,179.578,188.998,198.019,206.619,214.766,222.409,229.483,235.909,241.592,246.433,250.339,253.243,255.141,256.12,256.391,256.271,256.116,256.191,256.581,257.204,257.939,258.722,259.551,260.446,261.411,262.446,263.548,264.713,265.932,267.196,268.491,269.8,271.102,272.377,273.6,274.752,275.816,276.791,277.692,278.566,279.506,280.676,282.339
18300.0,88.541,101.789,114.372,126.379,137.876,148.911,159.516,169.717,179.525,188.943,197.963,206.563,214.71,222.355,229.432,235.861,241.549,246.396,250.308,253.219,255.124,256.111,256.387,256.271,256.117,256.192,256.581,257.205,257.939,258.721,259.551,260.445,261.411,262.446,263.548,264.713,265.932,267.196,268.491,269.8,271.102,272.377,273.6,274.752,275.816,276.791,277.692,278.566,279.506,280.676,282.339
18360.0,88.528,101.769,114.345,126.346,137.838,148.868,159.469,169.667,179.472,188.889,197.907,206.508,214.655,222.301,229.381,235.814,241.506,246.358,250.277,253.195,255.108,256.101,256.383,256.271,256.119,256.194,256.582,257.205,257.939,258.721,259.551,260.445,261.411,262.446,263.548,264.713,265.932,267.196,268.491,269.8,271.102,272.377,273.6,274.752,275.816,276.791,277.692,278.566,279.506,280.676,282.339
18420.0,88.515,101.748,114.318,126.313,137.8,148.825,159.423,169.617,179.42,188.834,197.852,206.452,214.6,222.248,229.33,235.766,241.463,246.321,250.246,253.172,255.091,256.092,256.379,256.271,256.12,256.195,256.583,257.205,257.939,258.721,259.551,260.445,261.411,262.446,263.548,264.713,265.932,267.196,268.491,269.8,271.102,272.377,273.6,274.752,275.816,276.791,277.692,278.566,279.506,280.676,282.339
18480.0,88.502,101.728,114.291,126.28,137.761,148.782,159.376,169.567,179.367,188.78,197.797,206.396,214.545,222.194,229.279,235.719,241.42,246.283,250.215,253.148,255.075,256.082,256.375,256.271,256.121,256.196,256.583,257.205,257.939,258.721,259.551,260.445,261.41,262.446,263.548,264.713,265.932,267.196,268.491,269.8,271.102,272.377,273.6,274.752,275.816,276.791,277.692,278.566,279.506,280.676,282.339
18540.0,88.489,101.708,114.264,126.247,137.723,148.739,159.329,169.517,179.315,188.726,197.741,206.341,214.49,222.141,229.228,235.671,241.377,246.246,250.184,253.124,255.058,256.072,256.371,256.27,256.123,256.198,256.584,257.205,257.939,258.721,259.551,260.445,261.41,262.446,263.548,264.712,265.932,267.196,268.491,269.8,271.102,272.377,273.6,274.752,275.816,276.791,277.692,278.566,279.506,280.676,282.339
18600.0,88.476,101.688,114.237,126.215,137.685,148.696,159.282,169.467,179.262,188.672,197.686,206.286,214.436,222.088,229.177,235.624,241.334,246.209,250.153,253.1,255.042,256.063,256.367,256.27,256.124,256.199,256.585,257.205,257.939,258.721,259.551,260.445,261.41,262.446,263.548,264.712,265.932,267.196,268.491,269.8,271.102,272.377,273.6,274.752,275.816,276.791,277.692,278.566,279.506,280.676,282.339
18660.0,88.464,101.667,114.21,126.182,137.647,148.653,159.236,169.417,179.21,188.618,197.631,206.23,214.381,222.035,229.126,235.577,241.291,246.171,250.122,253.076,255.025,256.053,256.363,256.27,256.125,256.2,256.585,257.205,257.939,258.721,259.551,260.445,261.41,262.446,263.548,264.712,265.932,267.196,268.491,269.8,271.102,272.377,273.6,274.752,275.816,276.791,277.692,278.566,279.506,280.676,282.339
18720.0,88.451,101.647,114.184,126.149,137.609,148.611,159.189,169.367,179.158,188.564,197.576,206.175,214.326,221.981,229.076,235.529,241.249,246.134,250.091,253.052,255.008,256.043,256.359,256.27,256.127,256.202,256.586,257.205,257.939,258.721,259.551,260.445,261.41,262.446,263.548,264.712,265.932,267.196,268.491,269.8,271.102,272.377,273.6,274.752,275.816,276.791,277.692,278.566,279.506,280.676,282.339
18780.0,88.438,101.627,114.157,126.116,137.571,148.568,159.143,169.318,179.106,188.51,197.521,206.12,214.272,221.928,229.025,235.482,241.206,246.096,250.06,253.028,254.992,256.034,256.355,256.269,256.128,256.203,256.587,257.205,257.939,258.721,259.551,260.445,261.41,262.445,263.548,264.712,265.932,267.196,268.491,269.8,271.102,272.377,273.6,274.752,275.816,276.791,277.692,278.566,279.506,280.676,282.339
18840.0,88.425,101.607,114.13,126.084,137.533,148.526,159.096,169.268,179.054,188.456,197.466,206.065,214.217,221.875,228.975,235.435,241.163,246.059,250.029,253.004,254.975,256.024,256.351,256.269,256.129,256.204,256.587,257.205,257.938,258.721,259.551,260.445,261.41,262.445,263.548,264.712,265.932,267.196,268.491,269.8,271.102,272.377,273.6,274.751,275.816,276.791,277.692,278.566,279.506,280.676,282.339
18900.0,88.412,101.587,114.104,126.051,137.495,148.483,159.05,169.219,179.002,188.402,197.412,206.01,214.163,221.822,228.924,235.388,241.12,246.022,249.998,252.98,254.959,256.014,256.347,256.269,256.131,256.206,256.588,257.206,257.938,258.721,259.551,260.445,261.41,262.445,263.548,264.712,265.932,267.196,268.491,269.8,271.102,272.377,273.6,274.751,275.816,276.791,277.692,278.566,279.506,280.676,282.339
18960.0,88.399,101.567,114.077,126.019,137.458,148.441,159.004,169.169,178.95,188.348,197.357,205.955,214.108,221.769,228.873,235.341,241.078,245.985,249.967,252.956,254.942,256.004,256.343,256.268,256.132,256.207,256.589,257.206,257.938,258.721,259.551,260.445,261.41,262.445,263.548,264.712,265.932,267.196,268.491,269.8,271.102,272.377,273.6,274.751,275.816,276.791,277.692,278.566,279.506,280.676,282.339
19020.0,88.387,101.547,114.051,125.986,137.42,148.399,158.958,169.12,178.898,188.295,197.302,205.9,214.054,221.717,228.823,235.294,241.035,245.947,249.936,252.932,254.925,255.994,256.339,256.268,256.133,256.208,256.589,257.206,257.938,258.72,259.551,260.445,261.41,262.445,263.548,264.712,265.932,267.196,268.491,269.799,271.102,272.377,273.6,274.751,275.816,276.791,277.692,278.566,279.506,280.676,282.339
19080.0,88.374,101.527,114.024,125.954,137.382,148.357,158.912,169.071,178.846,188.241,197.248,205.845,214.0,221.664,228.773,235.247,240.992,245.91,249.905,252.909,254.909,255.984,256.334,256.267,256.135,256.21,256.59,257.206,257.938,258.72,259.551,260.445,261.41,262.445,263.548,264.712,265.932,267.196,268.491,269.799,271.102,272.377,273.6,274.751,275.816,276.791,277.692,278.566,279.506,280.676,282.339
19140.0,88.361,101.507,113.998,125.922,137.345,148.315,158.866,169.021,178.795,188.188,197.193,205.79,213.946,221.611,228.722,235.2,240.95,245.873,249.874,252.885,254.892,255.975,256.33,256.267,256.136,256.211,256.591,257.206,257.938,258.72,259.551,260.445,261.41,262.445,263.548,264.712,265.932,267.196,268.491,269.799,271.102,272.377,273.6,274.751,275.816,276.791,277.692,278.566,279.506,280.676,282.339
19200.0,88.349,101.487,113.971,125.889,137.307,148.273,158.82,168.972,178.743,188.135,197.139,205.736,213.892,221.559,228.672,235.153,240.907,245.836,249.843,252.861,254.875,255.965,256.326,256.267,256.137,256.212,256.591,257.206,257.938,258.72,259.551,260.445,261.41,262.445,263.547,264.712,265.932,267.196,268.491,269.799,271.102,272.377,273.6,274.751,275.816,276.791,277.692,278.566,279.506,280.676,282.339
19260.0,88.336,101.468,113.945,125.857,137.27,148.231,158.774,168.923,178.692,188.081,197.085,205.681,213.838,221.506,228.622,235.106,240.865,245.799,249.812,252.837,254.858,255.955,256.322,256.266,256.138,256.214,256.592,257.206,257.938,258.72,259.551,260.445,261.41,262.445,263.547,264.712,265.932,267.196,268.491,269.799,271.102,272.377,273.6,274.751,275.816,276.791,277.692,278.566,279.506,280.676,282.339
19320.0,88.323,101.448,113.919,125.825,137.233,148.189,158.728,168.874,178.64,188.028,197.03,205.627,213.784,221.454,228.572,235.059,240.822,245.761,249.781,252.813,254.842,255.945,256.317,256.266,256.14,256.215,256.593,257.206,257.938,258.72,259.55,260.445,261.41,262.445,263.547,264.712,265.932,267.196,268.491,269.799,271.102,272.376,273.6,274.751,275.816,276.791,277.692,278.566,279.506,280.676,282.339
19380.0,88.311,101.428,113.892,125.793,137.195,148.147,158.683,168.826,178.589,187.975,196.976,205.572,213.73,221.401,228.522,235.012,240.78,245.724,249.751,252.789,254.825,255.935,256.313,256.265,256.141,256.216,256.593,257.207,257.938,258.72,259.55,260.445,261.41,262.445,263.547,264.712,265.932,267.196,268.491,269.799,271.102,272.376,273.6,274.751,275.816,276.791,277.692,278.566,279.506,280.676,282.339
19440.0,88.298,101.408,113.866,125.761,137.158,148.105,158.637,168.777,178.538,187.922,196.922,205.518,213.676,221.349,228.472,234.966,240.737,245.687,249.72,252.765,254.808,255.925,256.309,256.265,256.142,256.218,256.594,257.207,257.938,258.72,259.55,260.445,261.41,262.445,263.547,264.712,265.931,267.196,268.49,269.799,271.102,272.376,273.6,274.751,275.816,276.791,277.692,278.566,279.506,280.676,282.339
19500.0,88.285,101.389,113.84,125.729,137.121,148.064,158.592,168.728,178.486,187.869,196.868,205.464,213.623,221.297,228.422,234.919,240.695,245.65,249.689,252.741,254.791,255.915,256.304,256.264,256.143,256.219,256.595,257.207,257.938,258.72,259.55,260.445,261.41,262.445,263.547,264.712,265.931,267.196,268.49,269.799,271.102,272.376,273.6,274.751,275.816,276.791,277.692,278.566,279.506,280.676,282.339
19560.0,88.273,101.369,113.814,125.697,137.084,148.022,158.546,168.68,178.435,187.816,196.814,205.41,213.569,221.244,228.372,234.872,240.653,245.613,249.658,252.717,254.774,255.905,256.3,256.264,256.144,256.22,256.595,257.207,257.937,258.72,259.55,260.445,261.41,262.445,263.547,264.712,265.931,267.195,268.49,269.799,271.102,272.376,273.6,274.751,275.816,276.791,277.692,278.566,279.506,280.676,282.339
19620.0,88.26,101.349,113.788,125.665,137.047,147.981,158.501,168.631,178.384,187.764,196.761,205.356,213.515,221.192,228.322,234.826,240.611,245.576,249.627,252.693,254.758,255.895,256.296,256.263,256.146,256.222,256.596,257.207,257.937,258.72,259.55,260.445,261.41,262.445,263.547,264.712,265.931,267.195,268.49,269.799,271.102,272.376,273.6,274.751,275.816,276.791,277.692,278.566,279.506,280.676,282.339
19680.0,88.248,101.33,113.762,125.633,137.01,147.939,158.456,168.583,178.334,187.711,196.707,205.302,213.462,221.14,228.272,234.779,240.568,245.539,249.596,252.669,254.741,255.885,256.291,256.262,256.147,256.223,256.597,257.207,257.937,258.72,259.55,260.445,261.41,262.445,263.547,264.712,265.931,267.195,268.49,269.799,271.102,272.376,273.6,274.751,275.816,276.791,277.692,278.566,279.506,280.676,282.339
19740.0,88.235,101.31,113.736,125.602,136.973,147.898,158.41,168.534,178.283,187.658,196.653,205.248,213.409,221.088,228.222,234.733,240.526,245.502,249.566,252.645,254.724,255.875,256.287,256.262,256.148,256.224,256.597,257.207,257.937,258.72,259.55,260.445,261.41,262.445,263.547,264.712,265.931,267.195,268.49,269.799,271.102,272.376,273.6,274.751,275.816,276.791,277.692,278.566,279.506,280.676,282.339
19800.0,88.223,101.291,113.71,125.57,136.936,147.856,158.365,168.486,178.232,187.606,196.6,205.194,213.355,221.036,228.173,234.686,240.484,245.465,249.535,252.621,254.707,255.865,256.282,256.261,256.149,256.225,256.598,257.207,257.937,258.719,259.55,260.444,261.41,262.445,263.547,264.712,265.931,267.195,268.49,269.799,271.102,272.376,273.6,274.751,275.816,276.791,277.692,278.566,279.506,280.676,282.339
19860.0,88.21,101.271,113.684,125.538,136.899,147.815,158.32,168.438,178.181,187.553,196.546,205.14,213.302,220.984,228.123,234.64,240.442,245.428,249.504,252.597,254.69,255.854,256.278,256.261,256.15,256.227,256.599,257.207,257.937,258.719,259.55,260.444,261.41,262.445,263.547,264.712,265.931,267.195,268.49,269.799,271.102,272.376,273.6,274.751,275.816,276.791,277.692,278.566,279.506,280.676,282.339
19920.0,88.198,101.252,113.658,125.507,136.863,147.774,158.275,168.39,178.131,187.501,196.493,205.086,213.249,220.932,228.074,234.594,240.4,245.392,249.473,252.573,254.673,255.844,256.273,256.26,256.151,256.228,256.599,257.208,257.937,258.719,259.55,260.444,261.41,262.445,263.547,264.712,265.931,267.195,268.49,269.799,271.102,272.376,273.6,274.751,275.816,276.791,277.692,278.566,279.506,280.676,282.339
19980.0,88.185,101.232,113.632,125.475,136.826,147.733,158.23,168.342,178.08,187.449,196.439,205.033,213.196,220.881,228.024,234.547,240.358,245.355,249.442,252.549,254.656,255.834,256.269,256.259,256.153,256.229,256.6,257.208,257.937,258.719,259.55,260.444,261.409,262.445,263.547,264.712,265.931,267.195,268.49,269.799,271.102,272.376,273.6,274.751,275.816,276.791,277.692,278.566,279.506,280.676,282.339
20040.0,88.173,101.213,113.607,125.444,136.79,147.692,158.186,168.294,178.03,187.396,196.386,204.979,213.143,220.829,227.975,234.501,240.316,245.318,249.412,252.525,254.639,255.824,256.264,256.258,256.154,256.23,256.601,257.208,257.937,258.719,259.55,260.444,261.409,262.445,263.547,264.712,265.931,267.195,268.49,269.799,271.102,272.376,273.6,274.751,275.816,276.791,277.692,278.566,279.506,280.676,282.339
20100.0,88.16,101.193,113.581,125.412,136.753,147.651,158.141,168.246,177.979,187.344,196.333,204.926,213.09,220.777,227.925,234.455,240.274,245.281,249.381,252.501,254.623,255.814,256.26,256.258,256.155,256.232,256.601,257.208,257.937,258.719,259.55,260.444,261.409,262.445,263.547,264.712,265.931,267.195,268.49,269.799,271.102,272.376,273.6,274.751,275.816,276.791,277.692,278.566,279.506,280.676,282.339
20160.0,88.148,101.174,113.555,125.381,136.717,147.61,158.096,168.198,177.929,187.292,196.28,204.872,213.037,220.726,227.876,234.409,240.232,245.244,249.35,252.477,254.606,255.803,256.255,256.257,256.156,256.233,256.602,257.208,257.937,258.719,259.55,260.444,261.409,262.445,263.547,264.712,265.931,267.195,268.49,269.799,271.102,272.376,273.6,274.751,275.816,276.791,277.692,278.566,279.506,280.676,282.339
20220.0,88.136,101.155,113.53,125.35,136.68,147.569,158.052,168.15,177.879,187.24,196.227,204.819,212.984,220.674,227.827,234.363,240.19,245.207,249.32,252.453,254.589,255.793,256.251,256.256,256.157,256.234,256.603,257.208,257.937,258.719,259.55,260.444,261.409,262.445,263.547,264.711,265.931,267.195,268.49,269.799,271.102,272.376,273.6,274.751,275.816,276.791,277.692,278.566,279.506,280.676,282.339
20280.0,88.123,101.135,113.504,125.318,136.644,147.529,158.007,168.103,177.829,187.188,196.174,204.766,212.931,220.623,227.777,234.317,240.148,245.171,249.289,252.429,254.572,255.783,256.246,256.255,256.158,256.235,256.603,257.208,257.937,258.719,259.55,260.444,261.409,262.445,263.547,264.711,265.931,267.195,268.49,269.799,271.102,272.376,273.6,274.751,275.816,276.791,277.692,278.566,279.506,280.676,282.339
20340.0,88.111,101.116,113.478,125.287,136.608,147.488,157.963,168.055,177.779,187.137,196.121,204.713,212.878,220.571,227.728,234.271,240.106,245.134,249.258,252.405,254.555,255.773,256.241,256.255,256.159,256.237,256.604,257.209,257.936,258.719,259.55,260.444,261.409,262.444,263.547,264.711,265.931,267.195,268.49,269.799,271.102,272.376,273.6,274.751,275.816,276.791,277.692,278.566,279.506,280.676,282.339
20400.0,88.099,101.097,113.453,125.256,136.571,147.447,157.918,168.008,177.729,187.085,196.068,204.659,212.826,220.52,227.679,234.225,240.064,245.097,249.227,252.381,254.538,255.762,256.237,256.254,256.16,256.238,256.605,257.209,257.936,258.719,259.55,260.444,261.409,262.444,263.547,264.711,265.931,267.195,268.49,269.799,271.102,272.376,273.6,274.751,275.816,276.791,277.692,278.566,279.506,280.676,282.339
20460.0,88.086,101.078,113.427,125.225,136.535,147.407,157.874,167.96,177.679,187.033,196.016,204.606,212.773,220.469,227.63,234.179,240.022,245.061,249.197,252.357,254.521,255.752,256.232,256.253,256.161,256.239,256.605,257.209,257.936,258.719,259.549,260.444,261.409,262.444,263.547,264.711,265.931,267.195,268.49,269.799,271.102,272.376,273.6,274.751,275.816,276.791,277.692,278.566,279.506,280.676,282.339
20520.0,88.074,101.059,113.402,125.194,136.499,147.366,157.83,167.913,177.629,186.982,195.963,204.554,212.721,220.418,227.581,234.133,239.981,245.024,249.166,252.333,254.504,255.742,256.227,256.252,256.162,256.24,256.606,257.209,257.936,258.718,259.549,260.444,261.409,262.444,263.547,264.711,265.931,267.195,268.49,269.799,271.102,272.376,273.6,274.751,275.816,276.791,277.692,278.566,279.506,280.676,282.339
20580.0,88.062,101.04,113.377,125.163,136.463,147.326,157.786,167.866,177.58,186.93,195.91,204.501,212.668,220.366,227.532,234.087,239.939,244.987,249.135,252.309,254.487,255.731,256.222,256.251,256.163,256.242,256.607,257.209,257.936,258.718,259.549,260.444,261.409,262.444,263.547,264.711,265.931,267.195,268.49,269.799,271.102,272.376,273.6,274.751,275.816,276.791,277.692,278.566,279.506,280.676,282.339
20640.0,88.05,101.02,113.351,125.132,136.427,147.286,157.741,167.818,177.53,186.879,195.858,204.448,212.616,220.315,227.483,234.041,239.897,244.951,249.105,252.285,254.469,255.721,256.218,256.25,256.164,256.243,256.607,257.209,257.936,258.718,259.549,260.444,261.409,262.444,263.547,264.711,265.931,267.195,268.49,269.799,271.102,272.376,273.599,274.751,275.816,276.791,277.692,278.566,279.506,280.676,282.34
20700.0,88.037,101.001,113.326,125.101,136.391,147.245,157.697,167.771,177.48,186.828,195.806,204.395,212.564,220.264,227.434,233.996,239.855,244.914,249.074,252.261,254.452,255.71,256.213,256.25,256.165,256.244,256.608,257.209,257.936,258.718,259.549,260.444,261.409,262.444,263.547,264.711,265.931,267.195,268.49,269.799,271.102,272.376,273.599,274.751,275.816,276.791,277.692,278.566,279.506,280.676,282.34
20760.0,88.025,100.982,113.301,125.07,136.356,147.205,157.654,167.724,177.431,186.776,195.753,204.342,212.511,220.213,227.386,233.95,239.814,244.877,249.043,252.237,254.435,255.7,256.208,256.249,256.166,256.245,256.609,257.21,257.936,258.718,259.549,260.444,261.409,262.444,263.547,264.711,265.931,267.195,268.49,269.799,271.102,272.376,273.599,274.751,275.816,276.791,277.692,278.566,279.506,280.676,282.34
20820.0,88.013,100.963,113.276,125.039,136.32,147.165,157.61,167.677,177.381,186.725,195.701,204.29,212.459,220.163,227.337,233.904,239.772,244.841,249.013,252.213,254.418,255.689,256.203,256.248,256.167,256.247,256.609,257.21,257.936,258.718,259.549,260.444,261.409,262.444,263.546,264.711,265.931,267.195,268.49,269.799,271.101,272.376,273.599,274.751,275.816,276.791,277.692,278.566,279.506,280.676,282.34
20880.0,88.001,100.944,113.251,125.009,136.284,147.125,157.566,167.63,177.332,186.674,195.649,204.237,212.407,220.112,227.288,233.859,239.731,244.804,248.982,252.189,254.401,255.679,256.198,256.247,256.168,256.248,256.61,257.21,257.936,258.718,259.549,260.444,261.409,262.444,263.546,264.711,265.931,267.195,268.49,269.799,271.101,272.376,273.599,274.751,275.816,276.791,277.691,278.566,279.506,280.676,282.34
20940.0,87.989,100.926,113.225,124.978,136.248,147.085,157.522,167.584,177.283,186.623,195.597,204.185,212.355,220.061,227.24,233.813,239.689,244.768,248.952,252.165,254.384,255.669,256.193,256.246,256.169,256.249,256.611,257.21,257.936,258.718,259.549,260.444,261.409,262.444,263.546,264.711,265.931,267.195,268.49,269.799,271.101,272.376,273.599,274.751,275.816,276.791,277.691,278.566,279.506,280.676,282.34
21000.0,87.977,100.907,113.2,124.947,136.213,147.045,157.478,167.537,177.234,186.572,195.545,204.133,212.303,220.01,227.191,233.768,239.648,244.731,248.921,252.141,254.367,255.658,256.188,256.245,256.17,256.25,256.611,257.21,257.936,258.718,259.549,260.444,261.409,262.444,263.546,264.711,265.931,267.195,268.49,269.799,271.101,272.376,273.599,274.751,275.816,276.791,277.691,278.566,279.506,280.676,282.34
21060.0,87.965,100.888,113.175,124.917,136.177,147.005,157.435,167.49,177.185,186.521,195.493,204.08,212.251,219.96,227.143,233.722,239.606,244.695,248.89,252.117,254.35,255.647,256.183,256.244,256.171,256.251,256.612,257.21,257.936,258.718,259.549,260.444,261.409,262.444,263.546,264.711,265.931,267.195,268.49,269.799,271.101,272.376,273.599,274.751,275.816,276.791,277.691,278.566,279.506,280.676,282.34
21120.0,87.953,100.869,113.15,124.886,136.142,146.965,157.391,167.444,177.136,186.47,195.441,204.028,212.2,219.909,227.094,233.677,239.565,244.659,248.86,252.093,254.332,255.637,256.179,256.243,256.172,256.253,256.613,257.21,257.935,258.718,259.549,260.444,261.409,262.444,263.546,264.711,265.931,267.195,268.49,269.799,271.101,272.376,273.599,274.751,275.816,276.791,277.691,278.566,279.506,280.676,282.34
21180.0,87.94,100.85,113.125,124.856,136.106,146.926,157.348,167.397,177.087,186.42,195.389,203.976,212.148,219.859,227.046,233.631,239.524,244.622,248.829,252.069,254.315,255.626,256.174,256.242,256.173,256.254,256.613,257.211,257.935,258.718,259.549,260.444,261.409,262.444,263.546,264.711,265.931,267.195,268.49,269.799,271.101,272.376,273.599,274.751,275.816,276.791,277.691,278.566,279.506,280.676,282.34
21240.0,87.928,100.831,113.101,124.825,136.071,146.886,157.305,167.351,177.038,186.369,195.337,203.924,212.096,219.808,226.997,233.586,239.482,244.586,248.799,252.045,254.298,255.616,256.169,256.241,256.174,256.255,256.614,257.211,257.935,258.717,259.549,260.443,261.409,262.444,263.546,264.711,265.93,267.195,268.49,269.799,271.101,272.376,273.599,274.751,275.816,276.791,277.691,278.566,279.506,280.676,282.34
21300.0,87.916,100.813,113.076,124.795,136.036,146.846,157.261,167.304,176.989,186.318,195.286,203.872,212.045,219.758,226.949,233.541,239.441,244.549,248.768,252.021,254.281,255.605,256.164,256.24,256.174,256.256,256.615,257.211,257.935,258.717,259.549,260.443,261.409,262.444,263.546,264.711,265.93,267.195,268.49,269.798,271.101,272.376,273.599,274.751,275.816,276.791,277.691,278.566,279.506,280.676,282.34
21360.0,87.904,100.794,113.051,124.765,136.001,146.807,157.218,167.258,176.94,186.268,195.234,203.82,211.993,219.708,226.901,233.496,239.4,244.513,248.738,251.997,254.264,255.594,256.159,256.239,256.175,256.257,256.615,257.211,257.935,258.717,259.549,260.443,261.409,262.444,263.546,264.711,265.93,267.195,268.49,269.798,271.101,272.376,273.599,274.751,275.816,276.791,277.691,278.566,279.506,280.676,282.34
21420.0,87.892,100.775,113.026,124.734,135.965,146.767,157.175,167.212,176.892,186.218,195.183,203.768,211.942,219.657,226.853,233.45,239.358,244.477,248.707,251.973,254.246,255.584,256.153,256.237,256.176,256.259,256.616,257.211,257.935,258.717,259.549,260.443,261.409,262.444,263.546,264.711,265.93,267.195,268.49,269.798,271.101,272.376,273.599,274.751,275.816,276.791,277.691,278.566,279.506,280.676,282.34
21480.0,87.88,100.757,113.001,124.704,135.93,146.728,157.132,167.166,176.843,186.167,195.131,203.716,211.89,219.607,226.805,233.405,239.317,244.44,248.677,251.949,254.229,255.573,256.148,256.236,256.177,256.26,256.617,257.211,257.935,258.717,259.549,260.443,261.409,262.444,263.546,264.711,265.93,267.194,268.49,269.798,271.101,272.376,273.599,274.751,275.816,276.791,277.691,278.566,279.506,280.676,282.34
21540.0,87.868,100.738,112.977,124.674,135.895,146.689,157.089,167.12,176.794,186.117,195.08,203.664,211.839,219.557,226.757,233.36,239.276,244.404,248.646,251.925,254.212,255.562,256.143,256.235,256.178,256.261,256.617,257.211,257.935,258.717,259.549,260.443,261.408,262.444,263.546,264.711,265.93,267.194,268.489,269.798,271.101,272.376,273.599,274.751,275.816,276.791,277.691,278.566,279.506,280.676,282.34
21600.0,87.856,100.719,112.952,124.644,135.86,146.649,157.046,167.074,176.746,186.067,195.029,203.613,211.788,219.507,226.709,233.315,239.235,244.368,248.616,251.901,254.195,255.552,256.138,256.234,256.179,256.262,256.618,257.212,257.935,258.717,259.549,260.443,261.408,262.444,263.546,264.711,265.93,267.194,268.489,269.798,271.101,272.376,273.599,274.751,275.816,276.791,277.691,278.566,279.506,280.676,282.34
21660.0,90.08,101.487,113.101,124.638,135.827,146.61,157.003,167.028,176.698,186.017,194.977,203.561,211.736,219.457,226.661,233.27,239.194,244.332,248.585,251.877,254.177,255.541,256.133,256.233,256.18,256.263,256.619,257.212,257.935,258.717,259.548,260.443,261.408,262.444,263.546,264.711,265.93,267.194,268.489,269.798,271.101,272.376,273.599,274.751,275.816,276.79,277.691,278.566,279.506,280.676,282.34
21720.0,92.82,102.766,113.533,124.722,135.812,146.573,156.96,166.982,176.649,185.967,194.926,203.51,211.685,219.407,226.613,233.225,239.153,244.295,248.555,251.853,254.16,255.53,256.128,256.232,256.18,256.264,256.62,257.212,257.935,258.717,259.548,260.443,261.408,262.444,263.546,264.711,265.93,267.194,268.489,269.798,271.101,272.376,273.599,274.751,275.816,276.79,277.691,278.566,279.506,280.676,282.34
21780.0,95.902,104.413,114.232,124.934,135.838,146.545,156.919,166.936,176.601,185.917,194.875,203.458,211.634,219.357,226.565,233.18,239.112,244.259,248.524,251.829,254.143,255.519,256.123,256.23,256.181,256.266,256.62,257.212,257.935,258.717,259.548,260.443,261.408,262.444,263.546,264.711,265.93,267.194,268.489,269.798,271.101,272.376,273.599,274.751,275.816,276.79,277.691,278.566,279.506,280.676,282.34
21840.0,99.213,106.334,115.163,125.285,135.921,146.534,156.881,166.891,176.553,185.867,194.824,203.407,211.583,219.307,226.517,233.135,239.071,244.223,248.494,251.805,254.126,255.509,256.117,256.229,256.182,256.267,256.621,257.212,257.935,258.717,259.548,260.443,261.408,262.444,263.546,264.711,265.93,267.194,268.489,269.798,271.101,272.376,273.599,274.751,275.816,276.79,277.691,278.566,279.506,280.676,282.34
21900.0,102.671,108.462,116.292,125.774,136.074,146.547,156.85,166.847,176.505,185.817,194.773,203.356,211.532,219.257,226.469,233.091,239.03,244.187,248.463,251.781,254.108,255.498,256.112,256.228,256.183,256.268,256.622,257.212,257.935,258.717,259.548,260.443,261.408,262.443,263.546,264.71,265.93,267.194,268.489,269.798,271.101,272.376,273.599,274.751,275.816,276.79,277.691,278.566,279.506,280.676,282.34
21960.0,106.214,110.743,117.585,126.392,136.302,146.593,156.828,166.806,176.458,185.767,194.722,203.304,211.481,219.208,226.422,233.046,238.989,244.151,248.433,251.757,254.091,255.487,256.107,256.227,256.184,256.269,256.622,257.213,257.935,258.717,259.548,260.443,261.408,262.443,263.546,264.71,265.93,267.194,268.489,269.798,271.101,272.376,273.599,274.751,275.816,276.79,277.691,278.566,279.506,280.676,282.34
22020.0,109.795,113.134,119.014,127.127,136.606,146.677,156.821,166.768,176.411,185.718,194.672,203.253,211.431,219.158,226.374,233.001,238.948,244.115,248.403,251.732,254.074,255.476,256.102,256.225,256.184,256.27,256.623,257.213,257.935,258.716,259.548,260.443,261.408,262.443,263.546,264.71,265.93,267.194,268.489,269.798,271.101,272.376,273.599,274.751,275.816,276.79,277.691,278.566,279.506,280.676,282.34
22080.0,113.377,115.603,120.553,127.966,136.986,146.802,156.83,166.735,176.366,185.669,194.621,203.202,211.38,219.108,226.326,232.956,238.907,244.079,248.372,251.708,254.056,255.465,256.096,256.224,256.185,256.271,256.624,257.213,257.934,258.716,259.548,260.443,261.408,262.443,263.546,264.71,265.93,267.194,268.489,269.798,271.101,272.376,273.599,274.751,275.816,276.79,277.691,278.566,279.506,280.676,282.34
22140.0,116.936,118.121,122.179,128.898,137.437,146.97,156.86,166.71,176.322,185.62,194.571,203.151,211.329,219.059,226.279,232.912,238.866,244.043,248.342,251.684,254.039,255.454,256.091,256.223,256.186,256.273,256.624,257.213,257.934,258.716,259.548,260.443,261.408,262.443,263.546,264.71,265.93,267.194,268.489,269.798,271.101,272.376,273.599,274.751,275.816,276.79,277.691,278.566,279.506,280.676,282.34
22200.0,120.454,120.669,123.875,129.909,137.956,147.181,156.911,166.693,176.281,185.571,194.52,203.1,211.279,219.009,226.231,232.867,238.826,244.007,248.311,251.66,254.022,255.444,256.086,256.221,256.186,256.274,256.625,257.213,257.934,258.716,259.548,260.443,261.408,262.443,263.546,264.71,265.93,267.194,268.489,269.798,271.101,272.376,273.599,274.751,275.816,276.79,277.691,278.566,279.506,280.676,282.34
22260.0,123.918,123.23,125.626,130.99,138.537,147.437,156.987,166.686,176.244,185.524,194.47,203.049,211.228,218.96,226.184,232.823,238.785,243.971,248.281,251.636,254.004,255.433,256.08,256.22,256.187,256.275,256.626,257.213,257.934,258.716,259.548,260.443,261.408,262.443,263.546,264.71,265.93,267.194,268.489,269.798,271.101,272.375,273.599,274.751,275.816,276.79,277.691,278.566,279.506,280.676,282.34
22320.0,127.32,125.791,127.417,132.13,139.176,147.735,157.087,166.69,176.21,185.478,194.42,202.999,211.178,218.911,226.136,232.778,238.744,243.935,248.251,251.612,253.987,255.422,256.075,256.219,256.188,256.276,256.626,257.214,257.934,258.716,259.548,260.443,261.408,262.443,263.546,264.71,265.93,267.194,268.489,269.798,271.101,272.375,273.599,274.751,275.816,276.79,277.691,278.566,279.506,280.676,282.34
22380.0,130.655,128.343,129.239,133.32,139.866,148.075,157.213,166.708,176.181,185.433,194.371,202.948,211.127,218.861,226.089,232.734,238.704,243.899,248.22,251.588,253.969,255.411,256.07,256.217,256.189,256.277,256.627,257.214,257.934,258.716,259.548,260.443,261.408,262.443,263.546,264.71,265.93,267.194,268.489,269.798,271.101,272.375,273.599,274.751,275.816,276.79,277.691,278.566,279.506,280.676,282.34
22440.0,133.921,130.879,131.082,134.552,140.604,148.453,157.365,166.738,176.158,185.39,194.322,202.898,211.077,218.812,226.042,232.689,238.663,243.863,248.19,251.564,253.952,255.4,256.064,256.216,256.189,256.278,256.628,257.214,257.934,258.716,259.548,260.443,261.408,262.443,263.545,264.71,265.93,267.194,268.489,269.798,271.101,272.375,273.599,274.751,275.816,276.79,277.691,278.566,279.506,280.676,282.34
22500.0,137.117,133.394,132.94,135.82,141.384,148.87,157.544,166.783,176.141,185.349,194.273,202.847,211.027,218.763,225.995,232.645,238.622,243.827,248.16,251.54,253.934,255.389,256.059,256.214,256.19,256.279,256.628,257.214,257.934,258.716,259.548,260.443,261.408,262.443,263.545,264.71,265.93,267.194,268.489,269.798,271.101,272.375,273.599,274.751,275.816,276.79,277.691,278.566,279.506,280.676,282.34
22560.0,140.244,135.885,134.807,137.118,142.202,149.321,157.747,166.843,176.131,185.311,194.225,202.797,210.977,218.714,225.948,232.6,238.582,243.791,248.129,251.516,253.917,255.378,256.053,256.213,256.191,256.28,256.629,257.214,257.934,258.716,259.548,260.443,261.408,262.443,263.545,264.71,265.93,267.194,268.489,269.798,271.101,272.375,273.599,274.751,275.816,276.79,277.691,278.566,279.506,280.676,282.34
22620.0,143.302,138.348,136.678,138.44,143.053,149.805,157.976,166.919,176.128,185.275,194.179,202.747,210.926,218.665,225.9,232.556,238.541,243.755,248.099,251.492,253.9,255.367,256.048,256.212,256.191,256.281,256.63,257.214,257.934,258.716,259.548,260.443,261.408,262.443,263.545,264.71,265.93,267.194,268.489,269.798,271.101,272.375,273.599,274.751,275.816,276.79,277.691,278.565,279.506,280.676,282.34
22680.0,146.294,140.782,138.55,139.783,143.935,150.32,158.23,167.01,176.134,185.243,194.133,202.698,210.877,218.616,225.853,232.512,238.501,243.719,248.069,251.468,253.882,255.356,256.042,256.21,256.192,256.283,256.63,257.215,257.934,258.716,259.548,260.442,261.408,262.443,263.545,264.71,265.93,267.194,268.489,269.798,271.101,272.375,273.599,274.751,275.816,276.79,277.691,278.565,279.506,280.676,282.34
22740.0,149.221,143.186,140.419,141.143,144.844,150.863,158.507,167.117,176.148,185.215,194.088,202.649,210.827,218.567,225.806,232.468,238.46,243.684,248.038,251.444,253.865,255.345,256.037,256.209,256.192,256.284,256.631,257.215,257.934,258.716,259.548,260.442,261.408,262.443,263.545,264.71,265.93,267.194,268.489,269.798,271.101,272.375,273.599,274.751,275.816,276.79,277.691,278.565,279.506,280.676,282.34
22800.0,152.085,145.559,142.283,142.516,145.777,151.433,158.807,167.24,176.171,185.19,194.045,202.6,210.777,218.518,225.759,232.424,238.42,243.648,248.008,251.42,253.847,255.334,256.031,256.207,256.193,256.285,256.632,257.215,257.934,258.715,259.547,260.442,261.408,262.443,263.545,264.71,265.93,267.194,268.489,269.798,271.101,272.375,273.599,274.751,275.815,276.79,277.691,278.565,279.506,280.676,282.34
22860.0,154.888,147.9,144.14,143.9,146.732,152.028,159.128,167.378,176.203,185.17,194.004,202.552,210.727,218.469,225.712,232.379,238.379,243.612,247.978,251.396,253.83,255.322,256.026,256.206,256.194,256.286,256.632,257.215,257.934,258.715,259.547,260.442,261.408,262.443,263.545,264.71,265.93,267.194,268.489,269.798,271.101,272.375,273.599,274.751,275.815,276.79,277.691,278.565,279.506,280.676,282.34
22920.0,157.634,150.211,145.989,145.292,147.705,152.645,159.471,167.532,176.244,185.154,193.964,202.504,210.678,218.421,225.666,232.335,238.339,243.576,247.948,251.372,253.812,255.311,256.02,256.204,256.194,256.287,256.633,257.215,257.934,258.715,259.547,260.442,261.408,262.443,263.545,264.71,265.93,267.194,268.489,269.798,271.101,272.375,273.599,274.751,275.815,276.79,277.691,278.565,279.506,280.676,282.34
22980.0,160.324,152.491,147.828,146.691,148.695,153.284,159.834,167.702,176.295,185.144,193.927,202.457,210.629,218.372,225.619,232.291,238.299,243.541,247.917,251.348,253.795,255.3,256.015,256.202,256.195,256.288,256.634,257.216,257.934,258.715,259.547,260.442,261.408,262.443,263.545,264.71,265.93,267.194,268.489,269.798,271.101,272.375,273.599,274.751,275.815,276.79,277.691,278.565,279.506,280.676,282.34
23040.0,162.96,154.74,149.656,148.095,149.699,153.942,160.216,167.886,176.356,185.138,193.891,202.411,210.58,218.324,225.572,232.247,238.258,243.505,247.887,251.324,253.777,255.289,256.009,256.201,256.195,256.289,256.634,257.216,257.934,258.715,259.547,260.442,261.407,262.443,263.545,264.71,265.929,267.194,268.489,269.798,271.101,272.375,273.599,274.751,275.815,276.79,277.691,278.565,279.506,280.676,282.34
23100.0,165.545,156.96,151.473,149.501,150.718,154.618,160.616,168.085,176.427,185.138,193.858,202.365,210.531,218.275,225.525,232.203,238.218,243.469,247.857,251.3,253.76,255.278,256.004,256.199,256.196,256.29,256.635,257.216,257.933,258.715,259.547,260.442,261.407,262.443,263.545,264.71,265.929,267.194,268.489,269.798,271.101,272.375,273.599,274.75,275.815,276.79,277.691,278.565,279.506,280.676,282.34
23160.0,168.081,159.149,153.278,150.91,151.747,155.311,161.033,168.299,176.507,185.143,193.828,202.321,210.483,218.227,225.479,232.159,238.178,243.434,247.827,251.275,253.742,255.267,255.998,256.198,256.197,256.291,256.636,257.216,257.933,258.715,259.547,260.442,261.407,262.443,263.545,264.71,265.929,267.194,268.489,269.798,271.101,272.375,273.599,274.75,275.815,276.79,277.691,278.565,279.506,280.676,282.34
23220.0,170.568,161.31,155.071,152.32,152.787,156.019,161.467,168.527,176.597,185.154,193.8,202.278,210.435,218.179,225.432,232.116,238.138,243.398,247.797,251.251,253.725,255.256,255.992,256.196,256.197,256.292,256.637,257.216,257.933,258.715,259.547,260.442,261.407,262.443,263.545,264.71,265.929,267.194,268.489,269.798,271.101,272.375,273.599,274.75,275.815,276.79,277.691,278.565,279.506,280.676,282.34
23280.0,173.011,163.443,156.851,153.729,153.836,156.742,161.916,168.768,176.697,185.171,193.775,202.235,210.387,218.131,225.386,232.072,238.097,243.362,247.766,251.227,253.707,255.244,255.987,256.194,256.198,256.293,256.637,257.216,257.933,258.715,259.547,260.442,261.407,262.443,263.545,264.71,265.929,267.194,268.489,269.798,271.101,272.375,273.599,274.75,275.815,276.79,277.691,278.565,279.506,280.676,282.34
23340.0,175.409,165.548,158.618,155.138,154.894,157.477,162.38,169.022,176.807,185.193,193.753,202.194,210.34,218.083,225.339,232.028,238.057,243.327,247.736,251.203,253.689,255.233,255.981,256.193,256.198,256.294,256.638,257.217,257.933,258.715,259.547,260.442,261.407,262.443,263.545,264.71,265.929,267.194,268.489,269.798,271.1,272.375,273.599,274.75,275.815,276.79,277.691,278.565,279.506,280.676,282.34
23400.0,177.765,167.626,160.372,156.545,155.958,158.226,162.858,169.29,176.927,185.222,193.734,202.154,210.294,218.035,225.293,231.984,238.017,243.291,247.706,251.179,253.672,255.222,255.975,256.191,256.199,256.295,256.639,257.217,257.933,258.715,259.547,260.442,261.407,262.443,263.545,264.71,265.929,267.193,268.489,269.798,271.1,272.375,273.599,274.75,275.815,276.79,277.691,278.565,279.506,280.676,282.34
23460.0,180.081,169.678,162.112,157.95,157.028,158.985,163.35,169.569,177.056,185.257,193.718,202.116,210.247,217.987,225.247,231.941,237.977,243.256,247.676,251.155,253.654,255.211,255.969,256.189,256.199,256.296,256.639,257.217,257.933,258.715,259.547,260.442,261.407,262.442,263.545,264.71,265.929,267.193,268.489,269.798,271.1,272.375,273.599,274.75,275.815,276.79,277.691,278.565,279.506,280.676,282.34
23520.0,182.357,171.704,163.84,159.353,158.104,159.755,163.854,169.861,177.195,185.298,193.706,202.079,210.202,217.94,225.2,231.897,237.937,243.22,247.646,251.131,253.637,255.199,255.964,256.188,256.2,256.298,256.64,257.217,257.933,258.715,259.547,260.442,261.407,262.442,263.545,264.71,265.929,267.193,268.489,269.798,271.1,272.375,273.599,274.75,275.815,276.79,277.691,278.565,279.506,280.676,282.34
23580.0,184.596,173.705,165.554,160.752,159.184,160.535,164.371,170.165,177.343,185.346,193.697,202.044,210.157,217.893,225.154,231.853,237.897,243.185,247.616,251.107,253.619,255.188,255.958,256.186,256.2,256.299,256.641,257.217,257.933,258.714,259.547,260.442,261.407,262.442,263.545,264.71,265.929,267.193,268.489,269.798,271.1,272.375,273.599,274.75,275.815,276.79,277.691,278.565,279.506,280.676,282.34
23640.0,186.798,175.682,167.255,162.148,160.269,161.324,164.898,170.479,177.5,185.399,193.692,202.011,210.112,217.846,225.108,231.81,237.857,243.149,247.586,251.083,253.601,255.177,255.952,256.184,256.201,256.3,256.641,257.218,257.933,258.714,259.547,260.442,261.407,262.442,263.545,264.709,265.929,267.193,268.488,269.797,271.1,272.375,273.599,274.75,275.815,276.79,277.691,278.565,279.506,280.676,282.34
23700.0,188.966,177.634,168.944,163.54,161.357,162.122,165.437,170.805,177.666,185.459,193.69,201.979,210.069,217.799,225.062,231.766,237.817,243.114,247.555,251.059,253.584,255.165,255.946,256.182,256.201,256.301,256.642,257.218,257.933,258.714,259.547,260.442,261.407,262.442,263.545,264.709,265.929,267.193,268.488,269.797,271.1,272.375,273.599,274.75,275.815,276.79,277.691,278.565,279.506,280.676,282.34
23760.0,191.099,179.564,170.619,164.928,162.448,162.927,165.986,171.141,177.841,185.526,193.693,201.949,210.026,217.753,225.016,231.723,237.777,243.078,247.525,251.035,253.566,255.154,255.94,256.181,256.201,256.302,256.643,257.218,257.933,258.714,259.547,260.442,261.407,262.442,263.545,264.709,265.929,267.193,268.488,269.797,271.1,272.375,273.599,274.75,275.815,276.79,277.691,278.565,279.506,280.676,282.34
23820.0,193.2,181.47,172.281,166.311,163.541,163.74,166.545,171.487,178.025,185.599,193.699,201.921,209.984,217.707,224.971,231.68,237.737,243.043,247.495,251.011,253.548,255.143,255.934,256.179,256.202,256.303,256.643,257.218,257.933,258.714,259.547,260.442,261.407,262.442,263.545,264.709,265.929,267.193,268.488,269.797,271.1,272.375,273.599,274.75,275.815,276.79,277.691,278.565,279.506,280.676,282.34
23880.0,195.269,183.355,173.93,167.69,164.637,164.559,167.113,171.843,178.217,185.678,193.709,201.895,209.942,217.661,224.925,231.636,237.698,243.008,247.465,250.987,253.531,255.131,255.929,256.177,256.202,256.304,256.644,257.218,257.933,258.714,259.547,260.442,261.407,262.442,263.545,264.709,265.929,267.193,268.488,269.797,271.1,272.375,273.599,274.75,275.815,276.79,277.691,278.565,279.506,280.676,282.34
23940.0,197.307,185.218,175.566,169.064,165.734,165.385,167.69,172.209,178.418,185.763,193.722,201.871,209.902,217.615,224.88,231.593,237.658,242.972,247.435,250.963,253.513,255.12,255.923,256.175,256.203,256.305,256.645,257.218,257.933,258.714,259.546,260.442,261.407,262.442,263.545,264.709,265.929,267.193,268.488,269.797,271.1,272.375,273.599,274.75,275.815,276.79,277.691,278.565,279.506,280.676,282.34
24000.0,199.316,187.059,177.19,170.434,166.833,166.216,168.275,172.584,178.627,185.854,193.74,201.849,209.863,217.57,224.834,231.55,237.618,242.937,247.405,250.939,253.495,255.108,255.917,256.173,256.203,256.306,256.645,257.219,257.933,258.714,259.546,260.442,261.407,262.442,263.545,264.709,265.929,267.193,268.488,269.797,271.1,272.375,273.599,274.75,275.815,276.79,277.691,278.565,279.506,280.676,282.34
24060.0,201.295,188.88,178.802,171.798,167.933,167.053,168.869,172.967,178.844,185.952,193.762,201.83,209.824,217.525,224.789,231.507,237.578,242.902,247.375,250.915,253.478,255.097,255.911,256.171,256.203,256.307,256.646,257.219,257.933,258.714,259.546,260.442,261.407,262.442,263.544,264.709,265.929,267.193,268.488,269.797,271.1,272.375,273.598,274.75,275.815,276.79,277.691,278.565,279.506,280.676,282.34
24120.0,203.247,190.681,180.401,173.157,169.033,167.895,169.47,173.359,179.069,186.056,193.788,201.812,209.787,217.481,224.744,231.464,237.539,242.866,247.345,250.891,253.46,255.086,255.905,256.169,256.204,256.308,256.647,257.219,257.933,258.714,259.546,260.442,261.407,262.442,263.544,264.709,265.929,267.193,268.488,269.797,271.1,272.375,273.598,274.75,275.815,276.79,277.691,278.565,279.506,280.676,282.34
24180.0,205.172,192.462,181.988,174.511,170.134,168.742,170.078,173.76,179.302,186.166,193.818,201.797,209.751,217.437,224.699,231.421,237.499,242.831,247.315,250.867,253.442,255.074,255.899,256.168,256.204,256.309,256.647,257.219,257.933,258.714,259.546,260.441,261.407,262.442,263.544,264.709,265.929,267.193,268.488,269.797,271.1,272.375,273.598,274.75,275.815,276.79,277.691,278.565,279.506,280.676,282.34
24240.0,207.071,194.223,183.563,175.859,171.235,169.593,170.694,174.168,179.542,186.282,193.852,201.785,209.715,217.394,224.654,231.378,237.459,242.796,247.285,250.843,253.425,255.063,255.893,256.166,256.205,256.31,256.648,257.219,257.933,258.714,259.546,260.441,261.407,262.442,263.544,264.709,265.929,267.193,268.488,269.797,271.1,272.375,273.598,274.75,275.815,276.79,277.691,278.565,279.506,280.676,282.34
24300.0,208.944,195.966,185.125,177.202,172.336,170.448,171.316,174.584,179.79,186.404,193.891,201.774,209.681,217.351,224.61,231.335,237.42,242.761,247.255,250.818,253.407,255.051,255.887,256.164,256.205,256.311,256.649,257.22,257.933,258.714,259.546,260.441,261.407,262.442,263.544,264.709,265.929,267.193,268.488,269.797,271.1,272.375,273.598,274.75,275.815,276.79,277.691,278.565,279.506,280.676,282.34
24360.0,210.792,197.69,186.676,178.54,173.436,171.307,171.945,175.008,180.044,186.531,193.933,201.767,209.649,217.308,224.565,231.292,237.38,242.725,247.225,250.794,253.389,255.04,255.881,256.162,256.205,256.312,256.649,257.22,257.932,258.713,259.546,260.441,261.407,262.442,263.544,264.709,265.929,267.193,268.488,269.797,271.1,272.375,273.598,274.75,275.815,276.79,277.691,278.565,279.506,280.676,282.34
24420.0,212.616,199.396,188.216,179.871,174.537,172.17,172.58,175.439,180.306,186.665,193.98,201.762,209.617,217.266,224.521,231.249,237.341,242.69,247.195,250.77,253.371,255.028,255.875,256.16,256.206,256.313,256.65,257.22,257.932,258.713,259.546,260.441,261.407,262.442,263.544,264.709,265.929,267.193,268.488,269.797,271.1,272.375,273.598,274.75,275.815,276.79,277.691,278.565,279.506,280.676,282.34
24480.0,214.416,201.085,189.743,181.198,175.636,173.036,173.22,175.877,180.575,186.805,194.031,201.759,209.587,217.225,224.477,231.207,237.301,242.655,247.165,250.746,253.354,255.017,255.869,256.158,256.206,256.314,256.651,257.22,257.932,258.713,259.546,260.441,261.407,262.442,263.544,264.709,265.929,267.193,268.488,269.797,271.1,272.375,273.598,274.75,275.815,276.79,277.691,278.565,279.506,280.676,282.34
24540.0,216.194,202.755,191.26,182.518,176.735,173.905,173.866,176.321,180.85,186.95,194.086,201.759,209.558,217.184,224.434,231.164,237.262,242.62,247.135,250.722,253.336,255.005,255.863,256.156,256.206,256.314,256.651,257.22,257.932,258.713,259.546,260.441,261.406,262.442,263.544,264.709,265.929,267.193,268.488,269.797,271.1,272.375,273.598,274.75,275.815,276.79,277.691,278.565,279.506,280.676,282.34
24600.0,217.949,204.409,192.765,183.833,177.833,174.776,174.518,176.772,181.132,187.101,194.145,201.761,209.531,217.144,224.39,231.122,237.223,242.585,247.105,250.698,253.318,254.994,255.857,256.154,256.206,256.315,256.652,257.221,257.932,258.713,259.546,260.441,261.406,262.442,263.544,264.709,265.929,267.193,268.488,269.797,271.1,272.375,273.598,274.75,275.815,276.79,277.691,278.565,279.506,280.676,282.34
24660.0,219.682,206.046,194.259,185.141,178.93,175.651,175.174,177.23,181.421,187.257,194.208,201.766,209.505,217.105,224.347,231.079,237.183,242.55,247.076,250.674,253.3,254.982,255.851,256.152,256.207,256.316,256.653,257.221,257.932,258.713,259.546,260.441,261.406,262.442,263.544,264.709,265.929,267.193,268.488,269.797,271.1,272.375,273.598,274.75,275.815,276.79,277.691,278.565,279.506,280.676,282.34
24720.0,221.394,207.667,195.741,186.445,180.026,176.527,175.836,177.694,181.716,187.419,194.276,201.774,209.481,217.066,224.304,231.037,237.144,242.515,247.046,250.65,253.283,254.97,255.844,256.15,256.207,256.317,256.653,257.221,257.932,258.713,259.546,260.441,261.406,262.442,263.544,264.709,265.929,267.193,268.488,269.797,271.1,272.375,273.598,274.75,275.815,276.79,277.691,278.565,279.506,280.676,282.34
24780.0,223.086,209.271,197.213,187.742,181.12,177.406,176.502,178.164,182.017,187.587,194.347,201.785,209.458,217.028,224.261,230.995,237.105,242.48,247.016,250.626,253.265,254.959,255.838,256.148,256.207,256.318,256.654,257.221,257.932,258.713,259.546,260.441,261.406,262.442,263.544,264.709,265.929,267.193,268.488,269.797,271.1,272.375,273.598,274.75,275.815,276.79,277.691,278.565,279.506,280.676,282.34
24840.0,224.757,210.86,198.674,189.033,182.213,178.287,177.172,178.639,182.324,187.759,194.423,201.798,209.436,216.991,224.219,230.953,237.066,242.445,246.986,250.602,253.247,254.947,255.832,256.146,256.207,256.319,256.655,257.221,257.932,258.713,259.546,260.441,261.406,262.442,263.544,264.709,265.928,267.193,268.488,269.797,271.1,272.375,273.598,274.75,275.815,276.79,277.691,278.565,279.506,280.676,282.34
24900.0,226.409,212.433,200.124,190.319,183.304,179.17,177.847,179.12,182.637,187.937,194.503,201.814,209.416,216.954,224.177,230.911,237.026,242.41,246.956,250.578,253.229,254.935,255.826,256.143,256.208,256.32,256.655,257.222,257.932,258.713,259.546,260.441,261.406,262.442,263.544,264.709,265.928,267.193,268.488,269.797,271.1,272.375,273.598,274.75,275.815,276.79,277.691,278.565,279.506,280.676,282.34
24960.0,228.041,213.991,201.564,191.598,184.394,180.054,178.526,179.607,182.955,188.121,194.586,201.833,209.398,216.918,224.135,230.869,236.987,242.375,246.926,250.554,253.211,254.924,255.82,256.141,256.208,256.321,256.656,257.222,257.932,258.713,259.546,260.441,261.406,262.441,263.544,264.709,265.928,267.193,268.488,269.797,271.1,272.375,273.598,274.75,275.815,276.79,277.691,278.565,279.506,280.676,282.34
25020.0,229.655,215.534,202.993,192.872,185.482,180.94,179.209,180.099,183.28,188.309,194.674,201.854,209.381,216.883,224.094,230.827,236.948,242.34,246.896,250.53,253.194,254.912,255.813,256.139,256.208,256.322,256.657,257.222,257.932,258.713,259.546,260.441,261.406,262.441,263.544,264.709,265.928,267.193,268.488,269.797,271.1,272.375,273.598,274.75,275.815,276.79,277.691,278.565,279.506,280.676,282.34
25080.0,231.25,217.063,204.412,194.139,186.568,181.828,179.896,180.596,183.61,188.503,194.766,201.879,209.366,216.849,224.053,230.786,236.909,242.305,246.866,250.506,253.176,254.9,255.807,256.137,256.208,256.323,256.657,257.222,257.932,258.713,259.545,260.441,261.406,262.441,263.544,264.709,265.928,267.193,268.488,269.797,271.1,272.375,273.598,274.75,275.815,276.79,277.691,278.565,279.506,280.676,282.34
25140.0,232.827,218.576,205.82,195.401,187.652,182.717,180.586,181.098,183.945,188.701,194.862,201.906,209.353,216.816,224.012,230.745,236.87,242.27,246.837,250.482,253.158,254.889,255.801,256.135,256.209,256.324,256.658,257.223,257.932,258.712,259.545,260.441,261.406,262.441,263.544,264.709,265.928,267.193,268.488,269.797,271.1,272.375,273.598,274.75,275.815,276.79,277.691,278.565,279.506,280.676,282.34
25200.0,234.387,220.076,207.219,196.657,188.734,183.606,181.28,181.605,184.285,188.905,194.962,201.936,209.341,216.783,223.972,230.703,236.832,242.235,246.807,250.458,253.14,254.877,255.795,256.133,256.209,256.325,256.659,257.223,257.932,258.712,259.545,260.441,261.406,262.441,263.544,264.709,265.928,267.193,268.488,269.797,271.1,272.374,273.598,274.75,275.815,276.79,277.691,278.565,279.506,280.676,282.34
25260.0,235.929,221.562,208.607,197.907,189.813,184.497,181.977,182.116,184.631,189.113,195.066,201.968,209.331,216.752,223.932,230.662,236.793,242.2,246.777,250.434,253.122,254.865,255.788,256.131,256.209,256.326,256.659,257.223,257.932,258.712,259.545,260.441,261.406,262.441,263.544,264.709,265.928,267.193,268.488,269.797,271.1,272.374,273.598,274.75,275.815,276.79,277.691,278.565,279.506,280.676,282.34
25320.0,237.455,223.033,209.985,199.151,190.891,185.389,182.677,182.632,184.982,189.326,195.174,202.004,209.323,216.721,223.892,230.621,236.754,242.166,246.747,250.41,253.104,254.853,255.782,256.128,256.209,256.327,256.66,257.223,257.932,258.712,259.545,260.441,261.406,262.441,263.544,264.708,265.928,267.192,268.488,269.797,271.1,272.374,273.598,274.75,275.815,276.79,277.691,278.565,279.506,280.676,282.34
25380.0,238.963,224.492,211.354,200.389,191.966,186.281,183.38,183.153,185.338,189.544,195.286,202.042,209.316,216.691,223.853,230.581,236.715,242.131,246.718,250.386,253.087,254.842,255.776,256.126,256.209,256.327,256.661,257.223,257.932,258.712,259.545,260.441,261.406,262.441,263.544,264.708,265.928,267.192,268.488,269.797,271.1,272.374,273.598,274.75,275.815,276.79,277.691,278.565,279.506,280.676,282.34
25440.0,240.456,225.937,212.712,201.62,193.039,187.174,184.087,183.678,185.698,189.766,195.402,202.083,209.311,216.662,223.814,230.54,236.677,242.096,246.688,250.362,253.069,254.83,255.769,256.124,256.209,256.328,256.661,257.224,257.932,258.712,259.545,260.441,261.406,262.441,263.544,264.708,265.928,267.192,268.488,269.797,271.1,272.374,273.598,274.75,275.815,276.79,277.691,278.565,279.506,280.676,282.34
25500.0,241.933,227.368,214.061,202.846,194.109,188.068,184.796,184.207,186.064,189.993,195.521,202.127,209.308,216.634,223.776,230.5,236.638,242.062,246.658,250.338,253.051,254.818,255.763,256.122,256.209,256.329,256.662,257.224,257.932,258.712,259.545,260.441,261.406,262.441,263.544,264.708,265.928,267.192,268.488,269.797,271.1,272.374,273.598,274.75,275.815,276.79,277.691,278.565,279.506,280.676,282.34
25560.0,243.394,228.787,215.401,204.066,195.177,188.962,185.507,184.74,186.434,190.225,195.645,202.174,209.307,216.608,223.738,230.459,236.6,242.027,246.628,250.314,253.033,254.806,255.757,256.119,256.21,256.33,256.663,257.224,257.932,258.712,259.545,260.44,261.406,262.441,263.544,264.708,265.928,267.192,268.488,269.797,271.1,272.374,273.598,274.75,275.815,276.79,277.691,278.565,279.506,280.676,282.34
25620.0,244.84,230.193,216.73,205.28,196.242,189.857,186.221,185.277,186.808,190.461,195.772,202.224,209.308,216.582,223.701,230.419,236.561,241.992,246.599,250.29,253.015,254.795,255.75,256.117,256.21,256.331,256.663,257.224,257.932,258.712,259.545,260.44,261.406,262.441,263.544,264.708,265.928,267.192,268.488,269.797,271.1,272.374,273.598,274.75,275.815,276.79,277.691,278.565,279.506,280.676,282.34
25680.0,246.271,231.587,218.051,206.488,197.305,190.751,186.938,185.818,187.188,190.701,195.903,202.277,209.311,216.557,223.664,230.38,236.523,241.958,246.569,250.266,252.997,254.783,255.744,256.115,256.21,256.332,256.664,257.224,257.932,258.712,259.545,260.44,261.406,262.441,263.543,264.708,265.928,267.192,268.487,269.797,271.1,272.374,273.598,274.75,275.815,276.79,277.691,278.565,279.506,280.676,282.34
25740.0,247.687,232.968,219.362,207.69,198.365,191.646,187.657,186.362,187.571,190.946,196.038,202.332,209.315,216.533,223.628,230.34,236.485,241.923,246.539,250.242,252.979,254.771,255.737,256.112,256.21,256.333,256.665,257.225,257.932,258.712,259.545,260.44,261.406,262.441,263.543,264.708,265.928,267.192,268.487,269.797,271.1,272.374,273.598,274.75,275.815,276.79,277.691,278.565,279.506,280.676,282.34
25800.0,249.089,234.337,220.664,208.887,199.422,192.541,188.378,186.91,187.959,191.195,196.176,202.39,209.321,216.511,223.592,230.301,236.447,241.889,246.51,250.218,252.961,254.759,255.731,256.11,256.21,256.334,256.665,257.225,257.932,258.712,259.545,260.44,261.406,262.441,263.543,264.708,265.928,267.192,268.487,269.797,271.1,272.374,273.598,274.75,275.815,276.79,277.691,278.565,279.506,280.676,282.34
25860.0,250.477,235.694,221.956,210.077,200.476,193.436,189.101,187.462,188.351,191.449,196.318,202.451,209.33,216.489,223.557,230.262,236.409,241.854,246.48,250.194,252.943,254.747,255.724,256.108,256.21,256.334,256.666,257.225,257.932,258.712,259.545,260.44,261.406,262.441,263.543,264.708,265.928,267.192,268.487,269.797,271.1,272.374,273.598,274.75,275.815,276.79,277.691,278.565,279.506,280.676,282.34
25920.0,251.85,237.04,223.24,211.261,201.528,194.33,189.826,188.017,188.747,191.706,196.464,202.515,209.34,216.469,223.523,230.223,236.371,241.82,246.45,250.17,252.925,254.735,255.718,256.105,256.21,256.335,256.667,257.225,257.932,258.712,259.545,260.44,261.406,262.441,263.543,264.708,265.928,267.192,268.487,269.796,271.099,272.374,273.598,274.75,275.815,276.79,277.691,278.565,279.506,280.676,282.34
25980.0,253.21,238.373,224.514,212.439,202.576,195.225,190.553,188.576,189.147,191.968,196.614,202.582,209.352,216.449,223.489,230.184,236.333,241.785,246.421,250.146,252.907,254.723,255.711,256.103,256.21,256.336,256.667,257.226,257.932,258.711,259.545,260.44,261.406,262.441,263.543,264.708,265.928,267.192,268.487,269.796,271.099,272.374,273.598,274.75,275.815,276.79,277.691,278.565,279.506,280.676,282.34
26040.0,254.557,239.695,225.78,213.611,203.622,196.119,191.282,189.138,189.551,192.233,196.767,202.651,209.366,216.431,223.455,230.146,236.295,241.751,246.391,250.122,252.889,254.711,255.705,256.101,256.21,256.337,256.668,257.226,257.932,258.711,259.545,260.44,261.405,262.441,263.543,264.708,265.928,267.192,268.487,269.796,271.099,272.374,273.598,274.75,275.815,276.79,277.691,278.565,279.506,280.676,282.34
26100.0,255.89,241.006,227.037,214.777,204.665,197.013,192.012,189.702,189.959,192.503,196.923,202.724,209.382,216.414,223.422,230.108,236.258,241.717,246.362,250.098,252.872,254.699,255.698,256.098,256.21,256.338,256.669,257.226,257.932,258.711,259.545,260.44,261.405,262.441,263.543,264.708,265.928,267.192,268.487,269.796,271.099,272.374,273.598,274.75,275.815,276.79,277.691,278.565,279.506,280.676,282.34
26160.0,257.21,242.305,228.285,215.938,205.704,197.906,192.744,190.27,190.371,192.776,197.083,202.799,209.399,216.398,223.39,230.07,236.22,241.682,246.332,250.074,252.854,254.687,255.692,256.096,256.21,256.339,256.669,257.226,257.931,258.711,259.544,260.44,261.405,262.441,263.543,264.708,265.928,267.192,268.487,269.796,271.099,272.374,273.598,274.75,275.815,276.79,277.691,278.565,279.506,280.676,282.34
26220.0,258.518,243.594,229.524,217.092,206.741,198.799,193.478,190.841,190.787,193.054,197.247,202.877,209.419,216.383,223.358,230.032,236.183,241.648,246.302,250.05,252.836,254.675,255.685,256.093,256.21,256.339,256.67,257.226,257.931,258.711,259.544,260.44,261.405,262.441,263.543,264.708,265.928,267.192,268.487,269.796,271.099,272.374,273.598,274.75,275.815,276.79,277.691,278.565,279.506,280.676,282.34
26280.0,259.813,244.871,230.754,218.241,207.774,199.691,194.213,191.415,191.206,193.335,197.414,202.957,209.441,216.37,223.327,229.995,236.145,241.614,246.273,250.026,252.818,254.664,255.679,256.091,256.21,256.34,256.671,257.227,257.931,258.711,259.544,260.44,261.405,262.441,263.543,264.708,265.928,267.192,268.487,269.796,271.099,272.374,273.598,274.75,275.815,276.79,277.691,278.565,279.506,280.676,282.34
26340.0,261.095,246.138,231.976,219.383,208.804,200.582,194.95,191.992,191.628,193.62,197.585,203.041,209.465,216.358,223.297,229.958,236.108,241.58,246.243,250.002,252.8,254.652,255.672,256.088,256.21,256.341,256.671,257.227,257.931,258.711,259.544,260.44,261.405,262.441,263.543,264.708,265.928,267.192,268.487,269.796,271.099,272.374,273.598,274.75,275.815,276.79,277.691,278.565,279.506,280.676,282.34
26400.0,262.366,247.394,233.19,220.52,209.831,201.473,195.688,192.571,192.055,193.909,197.759,203.127,209.49,216.347,223.267,229.921,236.071,241.546,246.214,249.978,252.782,254.64,255.665,256.086,256.21,256.342,256.672,257.227,257.931,258.711,259.544,260.44,261.405,262.441,263.543,264.708,265.928,267.192,268.487,269.796,271.099,272.374,273.598,274.75,275.815,276.79,277.691,278.565,279.506,280.676,282.34
26460.0,263.624,248.639,234.395,221.65,210.854,202.363,196.427,193.153,192.485,194.201,197.936,203.216,209.518,216.337,223.238,229.885,236.034,241.511,246.184,249.954,252.764,254.627,255.659,256.083,256.21,256.343,256.672,257.227,257.931,258.711,259.544,260.44,261.405,262.441,263.543,264.708,265.928,267.192,268.487,269.796,271.099,272.374,273.598,274.75,275.815,276.79,277.691,278.565,279.506,280.676,282.34
26520.0,264.871,249.875,235.592,222.775,211.875,203.252,197.167,193.737,192.918,194.497,198.117,203.307,209.548,216.328,223.209,229.849,235.997,241.477,246.155,249.93,252.746,254.615,255.652,256.081,256.21,256.344,256.673,257.228,257.931,258.711,259.544,260.44,261.405,262.44,263.543,264.708,265.928,267.192,268.487,269.796,271.099,272.374,273.598,274.75,275.815,276.79,277.691,278.565,279.506,280.676,282.34
26580.0,266.106,251.099,236.78,223.894,212.892,204.14,197.908,194.324,193.354,194.797,198.301,203.402,209.579,216.321,223.182,229.813,235.961,241.444,246.126,249.906,252.728,254.603,255.645,256.078,256.21,256.344,256.674,257.228,257.931,258.711,259.544,260.44,261.405,262.44,263.543,264.708,265.928,267.192,268.487,269.796,271.099,272.374,273.598,274.75,275.815,276.79,277.691,278.565,279.506,280.676,282.34
26640.0,267.33,252.314,237.96,225.007,213.905,205.027,198.65,194.913,193.794,195.1,198.488,203.499,209.613,216.315,223.155,229.777,235.924,241.41,246.096,249.882,252.71,254.591,255.639,256.076,256.21,256.345,256.674,257.228,257.931,258.711,259.544,260.44,261.405,262.44,263.543,264.708,265.927,267.192,268.487,269.796,271.099,272.374,273.598,274.75,275.815,276.79,277.691,278.565,279.506,280.676,282.34
26700.0,268.542,253.519,239.132,226.114,214.915,205.913,199.393,195.505,194.237,195.406,198.679,203.599,209.648,216.31,223.128,229.742,235.888,241.376,246.067,249.858,252.692,254.579,255.632,256.073,256.21,256.346,256.675,257.228,257.931,258.711,259.544,260.44,261.405,262.44,263.543,264.708,265.927,267.192,268.487,269.796,271.099,272.374,273.598,274.75,275.815,276.79,277.691,278.565,279.506,280.676,282.34
26760.0,269.743,254.714,240.296,227.215,215.922,206.798,200.137,196.099,194.682,195.716,198.872,203.701,209.686,216.306,223.103,229.707,235.851,241.342,246.037,249.834,252.674,254.567,255.625,256.071,256.21,256.347,256.676,257.228,257.931,258.711,259.544,260.44,261.405,262.44,263.543,264.708,265.927,267.192,268.487,269.796,271.099,272.374,273.598,274.75,275.815,276.79,277.691,278.565,279.506,280.676,282.34
26820.0,270.933,255.899,241.452,228.31,216.925,207.682,200.882,196.695,195.131,196.029,199.069,203.807,209.725,216.304,223.078,229.673,235.815,241.308,246.008,249.81,252.655,254.555,255.618,256.068,256.209,256.347,256.676,257.229,257.931,258.71,259.544,260.44,261.405,262.44,263.543,264.708,265.927,267.192,268.487,269.796,271.099,272.374,273.598,274.75,275.815,276.79,277.691,278.565,279.506,280.676,282.34
26880.0,272.113,257.075,242.6,229.4,217.925,208.564,201.627,197.293,195.583,196.346,199.269,203.915,209.767,216.303,223.054,229.639,235.779,241.275,245.979,249.786,252.637,254.543,255.612,256.065,256.209,256.348,256.677,257.229,257.931,258.71,259.544,260.44,261.405,262.44,263.543,264.708,265.927,267.192,268.487,269.796,271.099,272.374,273.598,274.75,275.815,276.79,277.691,278.565,279.506,280.676,282.34
26940.0,273.281,258.241,243.74,230.483,218.921,209.445,202.373,197.894,196.038,196.666,199.473,204.025,209.81,216.304,223.03,229.605,235.744,241.241,245.949,249.762,252.619,254.531,255.605,256.063,256.209,256.349,256.678,257.229,257.931,258.71,259.544,260.44,261.405,262.44,263.543,264.708,265.927,267.192,268.487,269.796,271.099,272.374,273.598,274.75,275.815,276.79,277.691,278.565,279.506,280.676,282.34
27000.0,274.44,259.397,244.872,231.561,219.914,210.325,203.119,198.496,196.496,196.989,199.679,204.138,209.856,216.306,223.008,229.572,235.708,241.207,245.92,249.738,252.601,254.519,255.598,256.06,256.209,256.35,256.678,257.229,257.931,258.71,259.544,260.439,261.405,262.44,263.543,264.707,265.927,267.192,268.487,269.796,271.099,272.374,273.598,274.75,275.815,276.79,277.691,278.565,279.506,280.676,282.34
27060.0,275.588,260.544,245.996,232.633,220.903,211.203,203.866,199.1,196.957,197.315,199.889,204.254,209.904,216.309,222.986,229.539,235.673,241.174,245.891,249.714,252.583,254.507,255.591,256.057,256.209,256.351,256.679,257.23,257.931,258.71,259.544,260.439,261.405,262.44,263.543,264.707,265.927,267.192,268.487,269.796,271.099,272.374,273.598,274.75,275.815,276.79,277.691,278.565,279.506,280.676,282.34
27120.0,276.725,261.682,247.113,233.699,221.888,212.08,204.613,199.706,197.42,197.645,200.101,204.373,209.953,216.313,222.965,229.507,235.637,241.14,245.861,249.69,252.565,254.494,255.585,256.055,256.209,256.351,256.68,257.23,257.931,258.71,259.544,260.439,261.405,262.44,263.543,264.707,265.927,267.192,268.487,269.796,271.099,272.374,273.598,274.75,275.815,276.79,277.691,278.565,279.506,280.676,282.34
27180.0,277.853,262.811,248.221,234.76,222.87,212.955,205.361,200.314,197.886,197.977,200.317,204.494,210.005,216.319,222.945,229.475,235.602,241.107,245.832,249.666,252.547,254.482,255.578,256.052,256.209,256.352,256.68,257.23,257.931,258.71,259.544,260.439,261.405,262.44,263.543,264.707,265.927,267.192,268.487,269.796,271.099,272.374,273.598,274.75,275.815,276.79,277.691,278.565,279.506,280.676,282.34
27240.0,278.971,263.931,249.323,235.814,223.848,213.829,206.109,200.923,198.355,198.313,200.535,204.618,210.058,216.326,222.925,229.443,235.567,241.074,245.803,249.642,252.529,254.47,255.571,256.049,256.208,256.353,256.681,257.23,257.931,258.71,259.544,260.439,261.405,262.44,263.543,264.707,265.927,267.192,268.487,269.796,271.099,272.374,273.598,274.75,275.815,276.79,277.691,278.565,279.506,280.676,282.34
27300.0,280.078,265.042,250.416,236.863,224.822,214.701,206.857,201.534,198.826,198.651,200.757,204.744,210.114,216.335,222.906,229.412,235.532,241.041,245.774,249.618,252.511,254.458,255.564,256.047,256.208,256.354,256.681,257.231,257.931,258.71,259.543,260.439,261.405,262.44,263.542,264.707,265.927,267.191,268.487,269.796,271.099,272.374,273.598,274.75,275.815,276.79,277.691,278.565,279.506,280.676,282.34
27360.0,281.177,266.144,251.503,237.906,225.792,215.572,207.605,202.147,199.3,198.993,200.982,204.873,210.171,216.344,222.889,229.381,235.498,241.007,245.745,249.595,252.493,254.446,255.557,256.044,256.208,256.354,256.682,257.231,257.931,258.71,259.543,260.439,261.405,262.44,263.542,264.707,265.927,267.191,268.487,269.796,271.099,272.374,273.598,274.749,275.815,276.79,277.691,278.565,279.506,280.676,282.34
27420.0,282.265,267.237,252.581,238.943,226.759,216.44,208.354,202.761,199.776,199.337,201.209,205.004,210.231,216.356,222.872,229.35,235.464,240.974,245.716,249.571,252.475,254.433,255.55,256.041,256.208,256.355,256.683,257.231,257.931,258.71,259.543,260.439,261.405,262.44,263.542,264.707,265.927,267.191,268.487,269.796,271.099,272.374,273.598,274.749,275.815,276.79,277.691,278.565,279.506,280.676,282.34
27480.0,283.344,268.322,253.652,239.975,227.722,217.307,209.102,203.377,200.255,199.685,201.439,205.138,210.293,216.368,222.855,229.321,235.429,240.941,245.686,249.547,252.457,254.421,255.543,256.038,256.207,256.356,256.683,257.231,257.931,258.71,259.543,260.439,261.405,262.44,263.542,264.707,265.927,267.191,268.487,269.796,271.099,272.374,273.598,274.749,275.815,276.79,277.691,278.565,279.506,280.676,282.34
27540.0,284.414,269.398,254.716,241.0,228.681,218.173,209.851,203.994,200.736,200.035,201.672,205.275,210.356,216.382,222.84,229.291,235.395,240.909,245.657,249.523,252.439,254.409,255.536,256.035,256.207,256.356,256.684,257.231,257.931,258.71,259.543,260.439,261.404,262.44,263.542,264.707,265.927,267.191,268.487,269.796,271.099,272.374,273.597,274.749,275.815,276.79,277.691,278.565,279.506,280.676,282.34
27600.0,285.475,270.465,255.773,242.021,229.637,219.036,210.599,204.613,201.219,200.388,201.908,205.414,210.422,216.398,222.826,229.262,235.362,240.876,245.628,249.499,252.42,254.397,255.529,256.033,256.207,256.357,256.685,257.232,257.931,258.71,259.543,260.439,261.404,262.44,263.542,264.707,265.927,267.191,268.487,269.796,271.099,272.374,273.597,274.749,275.815,276.79,277.691,278.565,279.506,280.676,282.34
27660.0,286.526,271.524,256.822,243.035,230.588,219.897,211.347,205.232,201.705,200.743,202.147,205.555,210.489,216.415,222.812,229.233,235.328,240.843,245.599,249.475,252.402,254.384,255.522,256.03,256.207,256.358,256.685,257.232,257.931,258.709,259.543,260.439,261.404,262.44,263.542,264.707,265.927,267.191,268.487,269.796,271.099,272.374,273.597,274.749,275.815,276.79,277.691,278.565,279.506,280.676,282.34
27720.0,287.569,272.575,257.864,244.044,231.536,220.756,212.095,205.853,202.193,201.102,202.389,205.7,210.559,216.433,222.799,229.205,235.295,240.81,245.57,249.451,252.384,254.372,255.515,256.027,256.206,256.359,256.686,257.232,257.931,258.709,259.543,260.439,261.404,262.44,263.542,264.707,265.927,267.191,268.487,269.796,271.099,272.374,273.597,274.749,275.815,276.79,277.691,278.565,279.506,280.676,282.34
27780.0,288.603,273.618,258.899,245.047,232.48,221.614,212.843,206.476,202.683,201.463,202.633,205.846,210.63,216.452,222.788,229.178,235.262,240.778,245.541,249.427,252.366,254.36,255.508,256.024,256.206,256.359,256.686,257.232,257.931,258.709,259.543,260.439,261.404,262.44,263.542,264.707,265.927,267.191,268.486,269.796,271.099,272.374,273.597,274.749,275.815,276.79,277.691,278.565,279.506,280.676,282.34
27840.0,289.627,274.653,259.927,246.044,233.42,222.469,213.59,207.099,203.175,201.827,202.88,205.995,210.704,216.473,222.777,229.15,235.229,240.745,245.512,249.403,252.348,254.347,255.501,256.021,256.206,256.36,256.687,257.233,257.931,258.709,259.543,260.439,261.404,262.44,263.542,264.707,265.927,267.191,268.486,269.796,271.099,272.374,273.597,274.749,275.815,276.79,277.691,278.565,279.506,280.676,282.34
27900.0,290.644,275.679,260.948,247.036,234.355,223.322,214.337,207.723,203.669,202.193,203.13,206.147,210.779,216.496,222.767,229.124,235.196,240.713,245.484,249.38,252.33,254.335,255.494,256.018,256.206,256.361,256.688,257.233,257.931,258.709,259.543,260.439,261.404,262.44,263.542,264.707,265.927,267.191,268.486,269.796,271.099,272.374,273.597,274.749,275.815,276.79,277.691,278.565,279.506,280.676,282.34
27960.0,291.651,276.698,261.962,248.022,235.287,224.173,215.084,208.349,204.165,202.562,203.382,206.3,210.857,216.52,222.757,229.097,235.164,240.681,245.455,249.356,252.312,254.323,255.487,256.016,256.205,256.361,256.688,257.233,257.931,258.709,259.543,260.439,261.404,262.44,263.542,264.707,265.927,267.191,268.486,269.796,271.099,272.374,273.597,274.749,275.815,276.79,277.691,278.565,279.506,280.676,282.34
28020.0,292.65,277.708,262.969,249.003,236.216,225.022,215.83,208.975,204.663,202.933,203.637,206.457,210.936,216.545,222.749,229.072,235.132,240.649,245.426,249.332,252.294,254.31,255.48,256.013,256.205,256.362,256.689,257.233,257.931,258.709,259.543,260.439,261.404,262.44,263.542,264.707,265.927,267.191,268.486,269.796,271.099,272.374,273.597,274.749,275.815,276.79,277.691,278.565,279.506,280.676,282.34
28080.0,293.641,278.711,263.969,249.977,237.14,225.869,216.576,209.602,205.163,203.307,203.895,206.615,211.018,216.572,222.742,229.047,235.1,240.616,245.397,249.308,252.275,254.298,255.473,256.01,256.205,256.363,256.69,257.234,257.931,258.709,259.543,260.439,261.404,262.439,263.542,264.707,265.927,267.191,268.486,269.796,271.099,272.374,273.597,274.749,275.815,276.79,277.691,278.565,279.506,280.676,282.34
28140.0,294.623,279.706,264.962,250.947,238.06,226.714,217.321,210.23,205.665,203.683,204.155,206.777,211.101,216.6,222.736,229.022,235.068,240.584,245.368,249.284,252.257,254.286,255.466,256.007,256.204,256.363,256.69,257.234,257.931,258.709,259.543,260.439,261.404,262.439,263.542,264.707,265.927,267.191,268.486,269.796,271.099,272.373,273.597,274.749,275.815,276.79,277.691,278.565,279.506,280.676,282.34
28200.0,295.598,280.693,265.948,251.911,238.976,227.556,218.065,210.859,206.169,204.062,204.418,206.94,211.186,216.63,222.73,228.998,235.037,240.553,245.34,249.26,252.239,254.273,255.459,256.004,256.204,256.364,256.691,257.234,257.931,258.709,259.543,260.439,261.404,262.439,263.542,264.707,265.927,267.191,268.486,269.795,271.099,272.373,273.597,274.749,275.815,276.79,277.691,278.565,279.506,280.676,282.34
28260.0,296.564,281.673,266.928,252.869,239.888,228.396,218.809,211.489,206.675,204.443,204.684,207.106,211.274,216.661,222.726,228.974,235.006,240.521,245.311,249.237,252.221,254.261,255.452,256.001,256.203,256.365,256.691,257.234,257.931,258.709,259.543,260.439,261.404,262.439,263.542,264.707,265.927,267.191,268.486,269.795,271.099,272.373,273.597,274.749,275.815,276.79,277.691,278.565,279.506,280.676,282.34
28320.0,297.522,282.645,267.901,253.822,240.796,229.233,219.552,212.119,207.182,204.826,204.951,207.274,211.363,216.693,222.722,228.951,234.975,240.489,245.282,249.213,252.203,254.248,255.445,255.998,256.203,256.365,256.692,257.235,257.931,258.709,259.543,260.439,261.404,262.439,263.542,264.707,265.927,267.191,268.486,269.795,271.099,272.373,273.597,274.749,275.815,276.79,277.691,278.565,279.506,280.676,282.34
28380.0,298.472,283.61,268.867,254.769,241.7,230.068,220.295,212.75,207.691,205.212,205.222,207.445,211.454,216.727,222.719,228.929,234.944,240.458,245.254,249.189,252.185,254.236,255.437,255.995,256.203,256.366,256.693,257.235,257.931,258.709,259.543,260.439,261.404,262.439,263.542,264.707,265.927,267.191,268.486,269.795,271.099,272.373,273.597,274.749,275.815,276.79,277.691,278.565,279.506,280.677,282.34
28440.0,299.414,284.567,269.826,255.711,242.6,230.901,221.036,213.381,208.201,205.6,205.495,207.618,211.547,216.763,222.718,228.907,234.914,240.426,245.225,249.165,252.166,254.224,255.43,255.992,256.202,256.367,256.693,257.235,257.931,258.709,259.542,260.438,261.404,262.439,263.542,264.707,265.926,267.191,268.486,269.795,271.099,272.373,273.597,274.749,275.814,276.79,277.691,278.565,279.506,280.677,282.34
28500.0,300.349,285.517,270.779,256.647,243.496,231.732,221.777,214.013,208.713,205.99,205.77,207.793,211.642,216.8,222.717,228.885,234.884,240.395,245.197,249.142,252.148,254.211,255.423,255.989,256.202,256.367,256.694,257.235,257.931,258.709,259.542,260.438,261.404,262.439,263.542,264.707,265.926,267.191,268.486,269.795,271.098,272.373,273.597,274.749,275.814,276.79,277.691,278.565,279.506,280.677,282.34
28560.0,301.276,286.46,271.726,257.578,244.388,232.559,222.517,214.646,209.227,206.382,206.048,207.97,211.739,216.838,222.717,228.864,234.854,240.364,245.168,249.118,252.13,254.199,255.416,255.986,256.201,256.368,256.695,257.236,257.931,258.708,259.542,260.438,261.404,262.439,263.542,264.707,265.926,267.191,268.486,269.795,271.098,272.373,273.597,274.749,275.814,276.79,277.691,278.565,279.506,280.677,282.34
28620.0,302.195,287.395,272.665,258.503,245.276,233.385,223.256,215.279,209.742,206.777,206.328,208.15,211.838,216.878,222.718,228.844,234.824,240.333,245.14,249.094,252.112,254.186,255.409,255.983,256.201,256.368,256.695,257.236,257.931,258.708,259.542,260.438,261.404,262.439,263.542,264.707,265.926,267.191,268.486,269.795,271.098,272.373,273.597,274.749,275.814,276.79,277.691,278.565,279.506,280.677,282.34
28680.0,303.107,288.324,273.599,259.423,246.16,234.207,223.993,215.912,210.258,207.173,206.61,208.332,211.939,216.919,222.721,228.824,234.795,240.302,245.112,249.07,252.094,254.174,255.401,255.98,256.201,256.369,256.696,257.236,257.931,258.708,259.542,260.438,261.404,262.439,263.542,264.707,265.926,267.191,268.486,269.795,271.098,272.373,273.597,274.749,275.814,276.79,277.691,278.565,279.506,280.677,282.34
28740.0,304.011,289.245,274.526,260.337,247.039,235.028,224.73,216.546,210.776,207.572,206.895,208.516,212.042,216.962,222.724,228.805,234.766,240.271,245.083,249.047,252.075,254.161,255.394,255.977,256.2,256.37,256.696,257.236,257.931,258.708,259.542,260.438,261.404,262.439,263.542,264.706,265.926,267.191,268.486,269.795,271.098,272.373,273.597,274.749,275.814,276.79,277.691,278.565,279.506,280.677,282.34
28800.0,304.908,290.159,275.446,261.246,247.915,235.845,225.466,217.18,211.296,207.972,207.182,208.703,212.147,217.006,222.728,228.787,234.738,240.24,245.055,249.023,252.057,254.149,255.387,255.973,256.2,256.37,256.697,257.236,257.931,258.708,259.542,260.438,261.404,262.439,263.542,264.706,265.926,267.191,268.486,269.795,271.098,272.373,273.597,274.749,275.814,276.79,277.691,278.565,279.506,280.677,282.34
28860.0,305.797,291.066,276.361,262.15,248.786,236.66,226.201,217.814,211.816,208.375,207.471,208.892,212.253,217.051,222.733,228.769,234.709,240.21,245.027,248.999,252.039,254.136,255.38,255.97,256.199,256.371,256.698,257.237,257.931,258.708,259.542,260.438,261.404,262.439,263.542,264.706,265.926,267.191,268.486,269.795,271.098,272.373,273.597,274.749,275.814,276.79,277.691,278.565,279.506,280.677,282.34
28920.0,306.679,291.967,277.269,263.049,249.653,237.472,226.934,218.448,212.338,208.779,207.762,209.083,212.362,217.098,222.739,228.751,234.681,240.18,244.999,248.976,252.021,254.124,255.372,255.967,256.199,256.371,256.698,257.237,257.931,258.708,259.542,260.438,261.404,262.439,263.541,264.706,265.926,267.191,268.486,269.795,271.098,272.373,273.597,274.749,275.814,276.79,277.691,278.565,279.506,280.677,282.34
28980.0,307.554,292.86,278.17,263.942,250.517,238.282,227.666,219.083,212.861,209.186,208.056,209.276,212.472,217.147,222.746,228.735,234.654,240.149,244.971,248.952,252.003,254.111,255.365,255.964,256.198,256.372,256.699,257.237,257.931,258.708,259.542,260.438,261.404,262.439,263.541,264.706,265.926,267.191,268.486,269.795,271.098,272.373,273.597,274.749,275.814,276.79,277.691,278.565,279.506,280.677,282.34
29040.0,308.422,293.747,279.066,264.829,251.376,239.089,228.397,219.718,213.386,209.594,208.352,209.471,212.584,217.197,222.754,228.718,234.626,240.119,244.942,248.928,251.984,254.099,255.358,255.961,256.198,256.373,256.699,257.237,257.931,258.708,259.542,260.438,261.403,262.439,263.541,264.706,265.926,267.191,268.486,269.795,271.098,272.373,273.597,274.749,275.814,276.79,277.691,278.565,279.506,280.677,282.34
29100.0,309.283,294.627,279.955,265.712,252.231,239.893,229.127,220.352,213.911,210.004,208.65,209.668,212.699,217.248,222.764,228.703,234.599,240.089,244.914,248.905,251.966,254.086,255.35,255.958,256.197,256.373,256.7,257.238,257.931,258.708,259.542,260.438,261.403,262.439,263.541,264.706,265.926,267.191,268.486,269.795,271.098,272.373,273.597,274.749,275.814,276.79,277.691,278.565,279.506,280.677,282.34
29160.0,310.137,295.5,280.838,266.589,253.082,240.694,229.855,220.987,214.437,210.416,208.951,209.868,212.815,217.301,222.774,228.688,234.573,240.06,244.887,248.881,251.948,254.073,255.343,255.955,256.197,256.374,256.701,257.238,257.931,258.708,259.542,260.438,261.403,262.439,263.541,264.706,265.926,267.191,268.486,269.795,271.098,272.373,273.597,274.749,275.814,276.79,277.691,278.565,279.506,280.677,282.34
29220.0,310.984,296.367,281.715,267.461,253.928,241.493,230.582,221.622,214.965,210.83,209.253,210.07,212.932,217.356,222.785,228.674,234.546,240.03,244.859,248.857,251.93,254.061,255.336,255.951,256.196,256.374,256.701,257.238,257.931,258.708,259.542,260.438,261.403,262.439,263.541,264.706,265.926,267.19,268.486,269.795,271.098,272.373,273.597,274.749,275.814,276.79,277.691,278.565,279.506,280.677,282.34
29280.0,311.824,297.227,282.587,268.327,254.771,242.289,231.308,222.256,215.494,211.246,209.557,210.273,213.052,217.411,222.797,228.66,234.52,240.0,244.831,248.834,251.912,254.048,255.328,255.948,256.195,256.375,256.702,257.238,257.931,258.708,259.542,260.438,261.403,262.439,263.541,264.706,265.926,267.19,268.486,269.795,271.098,272.373,273.597,274.749,275.814,276.79,277.691,278.565,279.506,280.677,282.34
29340.0,312.658,298.08,283.452,269.189,255.609,243.082,232.032,222.891,216.023,211.663,209.864,210.479,213.174,217.469,222.81,228.647,234.494,239.971,244.803,248.81,251.893,254.036,255.321,255.945,256.195,256.375,256.702,257.239,257.931,258.708,259.542,260.438,261.403,262.439,263.541,264.706,265.926,267.19,268.486,269.795,271.098,272.373,273.597,274.749,275.814,276.79,277.691,278.565,279.506,280.677,282.34
29400.0,313.484,298.928,284.311,270.045,256.443,243.872,232.755,223.525,216.554,212.082,210.173,210.687,213.297,217.528,222.825,228.635,234.469,239.942,244.775,248.787,251.875,254.023,255.313,255.942,256.194,256.376,256.703,257.239,257.931,258.708,259.542,260.438,261.403,262.439,263.541,264.706,265.926,267.19,268.486,269.795,271.098,272.373,273.597,274.749,275.814,276.79,277.691,278.565,279.506,280.677,282.34
29460.0,314.304,299.768,285.164,270.896,257.273,244.659,233.476,224.159,217.085,212.502,210.483,210.897,213.423,217.588,222.84,228.623,234.444,239.913,244.748,248.763,251.857,254.01,255.306,255.938,256.194,256.377,256.704,257.239,257.931,258.707,259.542,260.438,261.403,262.439,263.541,264.706,265.926,267.19,268.486,269.795,271.098,272.373,273.597,274.749,275.814,276.79,277.691,278.565,279.506,280.677,282.34
29520.0,315.118,300.603,286.011,271.742,258.099,245.443,234.196,224.793,217.617,212.924,210.796,211.109,213.55,217.649,222.856,228.612,234.419,239.884,244.72,248.74,251.839,253.998,255.299,255.935,256.193,256.377,256.704,257.239,257.931,258.707,259.541,260.438,261.403,262.439,263.541,264.706,265.926,267.19,268.486,269.795,271.098,272.373,273.597,274.749,275.814,276.79,277.691,278.565,279.506,280.677,282.34
29580.0,315.924,301.431,286.852,272.582,258.921,246.224,234.914,225.427,218.15,213.348,211.11,211.324,213.679,217.713,222.873,228.601,234.395,239.855,244.693,248.716,251.82,253.985,255.291,255.932,256.193,256.378,256.705,257.24,257.931,258.707,259.541,260.438,261.403,262.439,263.541,264.706,265.926,267.19,268.486,269.795,271.098,272.373,273.597,274.749,275.814,276.79,277.691,278.565,279.506,280.677,282.34
29640.0,316.725,302.252,287.688,273.418,259.739,247.003,235.63,226.06,218.684,213.773,211.427,211.54,213.81,217.777,222.892,228.591,234.371,239.827,244.665,248.693,251.802,253.972,255.284,255.929,256.192,256.378,256.705,257.24,257.931,258.707,259.541,260.438,261.403,262.438,263.541,264.706,265.926,267.19,268.486,269.795,271.098,272.373,273.597,274.749,275.814,276.79,277.691,278.565,279.506,280.677,282.34
29700.0,317.519,303.068,288.517,274.248,260.552,247.778,236.345,226.693,219.218,214.2,211.745,211.758,213.942,217.843,222.911,228.582,234.347,239.798,244.638,248.669,251.784,253.96,255.276,255.925,256.191,256.379,256.706,257.24,257.931,258.707,259.541,260.438,261.403,262.438,263.541,264.706,265.926,267.19,268.486,269.795,271.098,272.373,273.597,274.749,275.814,276.789,277.691,278.565,279.506,280.677,282.34
29760.0,318.306,303.877,289.341,275.074,261.362,248.551,237.058,227.326,219.753,214.628,212.066,211.978,214.077,217.911,222.932,228.574,234.324,239.77,244.611,248.646,251.766,253.947,255.269,255.922,256.191,256.379,256.706,257.24,257.931,258.707,259.541,260.438,261.403,262.438,263.541,264.706,265.926,267.19,268.486,269.795,271.098,272.373,273.597,274.749,275.814,276.789,277.691,278.565,279.506,280.677,282.34
29820.0,319.087,304.68,290.159,275.894,262.167,249.32,237.77,227.958,220.289,215.058,212.388,212.2,214.213,217.98,222.953,228.566,234.301,239.742,244.583,248.623,251.748,253.934,255.261,255.919,256.19,256.38,256.707,257.241,257.931,258.707,259.541,260.437,261.403,262.438,263.541,264.706,265.926,267.19,268.486,269.795,271.098,272.373,273.597,274.749,275.814,276.789,277.691,278.565,279.506,280.677,282.34
29880.0,319.862,305.477,290.972,276.709,262.968,250.087,238.479,228.589,220.825,215.489,212.712,212.424,214.351,218.05,222.976,228.559,234.279,239.714,244.556,248.599,251.729,253.922,255.254,255.915,256.189,256.38,256.708,257.241,257.931,258.707,259.541,260.437,261.403,262.438,263.541,264.706,265.926,267.19,268.485,269.795,271.098,272.373,273.597,274.749,275.814,276.789,277.691,278.565,279.506,280.677,282.34
29940.0,320.631,306.268,291.779,277.519,263.765,250.85,239.187,229.22,221.362,215.921,213.038,212.65,214.491,218.122,223.0,228.552,234.257,239.687,244.529,248.576,251.711,253.909,255.246,255.912,256.189,256.381,256.708,257.241,257.931,258.707,259.541,260.437,261.403,262.438,263.541,264.706,265.926,267.19,268.485,269.795,271.098,272.373,273.597,274.749,275.814,276.789,277.691,278.565,279.506,280.677,282.34
30000.0,321.393,307.053,292.58,278.324,264.557,251.611,239.893,229.851,221.9,216.355,213.365,212.878,214.632,218.195,223.024,228.546,234.235,239.659,244.502,248.552,251.693,253.896,255.239,255.908,256.188,256.381,256.709,257.241,257.931,258.707,259.541,260.437,261.403,262.438,263.541,264.706,265.926,267.19,268.485,269.795,271.098,272.373,273.597,274.749,275.814,276.789,277.691,278.565,279.506,280.677,282.34
30060.0,322.149,307.833,293.375,279.124,265.346,252.368,240.598,230.481,222.438,216.79,213.695,213.108,214.776,218.27,223.05,228.541,234.214,239.632,244.475,248.529,251.675,253.884,255.231,255.905,256.187,256.382,256.709,257.242,257.931,258.707,259.541,260.437,261.403,262.438,263.541,264.706,265.926,267.19,268.485,269.795,271.098,272.373,273.597,274.749,275.814,276.789,277.691,278.565,279.506,280.677,282.34
30120.0,322.9,308.606,294.165,279.92,266.13,253.122,241.3,231.11,222.976,217.226,214.026,213.339,214.921,218.347,223.077,228.537,234.193,239.605,244.448,248.506,251.656,253.871,255.223,255.902,256.187,256.382,256.71,257.242,257.931,258.707,259.541,260.437,261.403,262.438,263.541,264.706,265.926,267.19,268.485,269.795,271.098,272.373,273.597,274.749,275.814,276.789,277.691,278.565,279.506,280.677,282.34
30180.0,323.644,309.373,294.95,280.71,266.91,253.873,242.0,231.739,223.515,217.663,214.359,213.573,215.068,218.424,223.105,228.533,234.172,239.578,244.422,248.483,251.638,253.858,255.216,255.898,256.186,256.383,256.711,257.242,257.931,258.707,259.541,260.437,261.403,262.438,263.541,264.706,265.926,267.19,268.485,269.795,271.098,272.373,273.597,274.749,275.814,276.789,277.691,278.565,279.506,280.677,282.34
30240.0,324.382,310.135,295.729,281.495,267.687,254.621,242.699,232.366,224.054,218.102,214.693,213.808,215.216,218.503,223.134,228.53,234.152,239.552,244.395,248.459,251.62,253.845,255.208,255.895,256.185,256.383,256.711,257.242,257.931,258.707,259.541,260.437,261.403,262.438,263.541,264.706,265.925,267.19,268.485,269.795,271.098,272.373,273.597,274.749,275.814,276.789,277.691,278.565,279.506,280.677,282.34
30300.0,325.114,310.89,296.502,282.275,268.459,255.366,243.396,232.994,224.593,218.542,215.029,214.045,215.367,218.584,223.164,228.528,234.132,239.525,244.368,248.436,251.602,253.833,255.201,255.891,256.184,256.384,256.712,257.243,257.931,258.707,259.541,260.437,261.403,262.438,263.541,264.706,265.925,267.19,268.485,269.795,271.098,272.373,273.597,274.749,275.814,276.789,277.691,278.565,279.506,280.677,282.34
30360.0,325.841,311.64,297.27,283.051,269.226,256.108,244.09,233.62,225.133,218.983,215.367,214.284,215.519,218.666,223.195,228.526,234.113,239.499,244.342,248.413,251.584,253.82,255.193,255.888,256.184,256.384,256.712,257.243,257.931,258.707,259.541,260.437,261.403,262.438,263.541,264.706,265.925,267.19,268.485,269.795,271.098,272.373,273.597,274.749,275.814,276.789,277.691,278.565,279.506,280.677,282.34
30420.0,326.561,312.385,298.033,283.821,269.99,256.846,244.783,234.245,225.673,219.425,215.707,214.525,215.672,218.749,223.227,228.525,234.094,239.473,244.315,248.39,251.565,253.807,255.185,255.884,256.183,256.384,256.713,257.243,257.931,258.706,259.541,260.437,261.403,262.438,263.541,264.705,265.925,267.19,268.485,269.795,271.098,272.373,273.597,274.749,275.814,276.789,277.691,278.565,279.506,280.677,282.34
30480.0,327.276,313.123,298.79,284.587,270.75,257.582,245.474,234.87,226.213,219.868,216.048,214.768,215.828,218.834,223.26,228.525,234.076,239.447,244.289,248.367,251.547,253.794,255.178,255.881,256.182,256.385,256.713,257.243,257.931,258.706,259.541,260.437,261.403,262.438,263.541,264.705,265.925,267.19,268.485,269.794,271.098,272.373,273.597,274.749,275.814,276.789,277.691,278.565,279.506,280.677,282.34
30540.0,327.985,313.856,299.542,285.347,271.505,258.314,246.162,235.494,226.754,220.312,216.39,215.012,215.985,218.921,223.295,228.526,234.058,239.421,244.263,248.344,251.529,253.781,255.17,255.877,256.181,256.385,256.714,257.244,257.931,258.706,259.541,260.437,261.402,262.438,263.54,264.705,265.925,267.19,268.485,269.794,271.098,272.373,273.597,274.749,275.814,276.789,277.691,278.565,279.506,280.677,282.34
30600.0,328.689,314.584,300.289,286.103,272.256,259.043,246.849,236.117,227.294,220.757,216.734,215.258,216.144,219.009,223.33,228.527,234.04,239.396,244.237,248.321,251.511,253.769,255.162,255.874,256.181,256.386,256.715,257.244,257.931,258.706,259.541,260.437,261.402,262.438,263.54,264.705,265.925,267.19,268.485,269.794,271.098,272.373,273.597,274.749,275.814,276.789,277.691,278.565,279.506,280.677,282.34
30660.0,329.386,315.306,301.03,286.854,273.003,259.769,247.533,236.739,227.835,221.203,217.08,215.506,216.304,219.098,223.367,228.529,234.023,239.371,244.21,248.298,251.492,253.756,255.155,255.87,256.18,256.386,256.715,257.244,257.931,258.706,259.54,260.437,261.402,262.438,263.54,264.705,265.925,267.19,268.485,269.794,271.098,272.373,273.597,274.749,275.814,276.789,277.691,278.565,279.506,280.677,282.34
30720.0,330.078,316.022,301.766,287.601,273.746,260.492,248.215,237.36,228.376,221.65,217.427,215.756,216.467,219.188,223.404,228.532,234.006,239.346,244.185,248.275,251.474,253.743,255.147,255.867,256.179,256.387,256.716,257.245,257.931,258.706,259.54,260.437,261.402,262.438,263.54,264.705,265.925,267.19,268.485,269.794,271.098,272.373,273.597,274.749,275.814,276.789,277.691,278.565,279.506,280.677,282.34
30780.0,330.765,316.733,302.497,288.342,274.485,261.211,248.895,237.98,228.917,222.098,217.775,216.007,216.63,219.28,223.443,228.535,233.99,239.321,244.159,248.252,251.456,253.73,255.139,255.863,256.178,256.387,256.716,257.245,257.931,258.706,259.54,260.437,261.402,262.438,263.54,264.705,265.925,267.19,268.485,269.794,271.098,272.373,273.597,274.749,275.814,276.789,277.691,278.565,279.506,280.677,282.34
30840.0,331.445,317.439,303.223,289.079,275.22,261.927,249.573,238.598,229.457,222.546,218.125,216.26,216.796,219.374,223.483,228.539,233.974,239.296,244.133,248.229,251.438,253.717,255.131,255.86,256.177,256.388,256.717,257.245,257.931,258.706,259.54,260.437,261.402,262.438,263.54,264.705,265.925,267.19,268.485,269.794,271.098,272.373,273.597,274.749,275.814,276.789,277.691,278.565,279.506,280.677,282.34
30900.0,332.121,318.139,303.944,289.811,275.951,262.64,250.249,239.216,229.998,222.996,218.477,216.515,216.963,219.469,223.523,228.544,233.958,239.272,244.107,248.206,251.42,253.704,255.124,255.856,256.177,256.388,256.717,257.245,257.931,258.706,259.54,260.437,261.402,262.438,263.54,264.705,265.925,267.19,268.485,269.794,271.098,272.373,273.597,274.749,275.814,276.789,277.691,278.565,279.506,280.677,282.34
30960.0,332.791,318.833,304.659,290.538,276.678,263.35,250.922,239.833,230.539,223.446,218.829,216.771,217.132,219.565,223.565,228.55,233.943,239.248,244.082,248.183,251.402,253.692,255.116,255.852,256.176,256.388,256.718,257.246,257.931,258.706,259.54,260.437,261.402,262.438,263.54,264.705,265.925,267.19,268.485,269.794,271.098,272.373,273.597,274.749,275.814,276.789,277.691,278.565,279.506,280.677,282.34
31020.0,333.455,319.523,305.369,291.261,277.4,264.057,251.594,240.448,231.08,223.897,219.183,217.029,217.302,219.663,223.608,228.556,233.929,239.224,244.056,248.16,251.383,253.679,255.108,255.849,256.175,256.389,256.718,257.246,257.931,258.706,259.54,260.437,261.402,262.438,263.54,264.705,265.925,267.19,268.485,269.794,271.098,272.373,273.596,274.749,275.814,276.789,277.691,278.565,279.507,280.677,282.34
31080.0,334.114,320.207,306.075,291.979,278.119,264.76,252.263,241.063,231.62,224.349,219.539,217.288,217.474,219.762,223.653,228.563,233.914,239.2,244.031,248.137,251.365,253.666,255.1,255.845,256.174,256.389,256.719,257.246,257.931,258.706,259.54,260.437,261.402,262.438,263.54,264.705,265.925,267.19,268.485,269.794,271.097,272.372,273.596,274.749,275.814,276.789,277.691,278.565,279.507,280.677,282.34
31140.0,334.768,320.886,306.775,292.692,278.833,265.46,252.929,241.676,232.16,224.802,219.896,217.549,217.648,219.862,223.698,228.571,233.901,239.177,244.005,248.114,251.347,253.653,255.092,255.841,256.173,256.39,256.72,257.246,257.931,258.706,259.54,260.437,261.402,262.438,263.54,264.705,265.925,267.189,268.485,269.794,271.097,272.372,273.596,274.749,275.814,276.789,277.691,278.565,279.507,280.677,282.34
31200.0,335.416,321.559,307.47,293.401,279.543,266.156,253.594,242.288,232.7,225.255,220.253,217.812,217.823,219.964,223.744,228.58,233.887,239.154,243.98,248.092,251.329,253.64,255.085,255.838,256.172,256.39,256.72,257.247,257.931,258.706,259.54,260.437,261.402,262.437,263.54,264.705,265.925,267.189,268.485,269.794,271.097,272.372,273.596,274.749,275.814,276.789,277.691,278.565,279.507,280.677,282.34
31260.0,336.06,322.228,308.16,294.105,280.25,266.85,254.256,242.898,233.24,225.709,220.613,218.076,218.0,220.068,223.791,228.589,233.875,239.131,243.955,248.069,251.311,253.627,255.077,255.834,256.171,256.39,256.721,257.247,257.931,258.706,259.54,260.436,261.402,262.437,263.54,264.705,265.925,267.189,268.485,269.794,271.097,272.372,273.596,274.749,275.814,276.789,277.691,278.565,279.507,280.677,282.34
31320.0,336.697,322.891,308.845,294.804,280.952,267.54,254.916,243.508,233.78,226.163,220.973,218.342,218.178,220.172,223.84,228.599,233.862,239.108,243.93,248.046,251.293,253.614,255.069,255.83,256.17,256.391,256.721,257.247,257.931,258.706,259.54,260.436,261.402,262.437,263.54,264.705,265.925,267.189,268.485,269.794,271.097,272.372,273.596,274.749,275.814,276.789,277.691,278.565,279.507,280.677,282.34
31380.0,337.33,323.549,309.526,295.499,281.65,268.227,255.573,244.116,234.319,226.618,221.335,218.609,218.358,220.278,223.889,228.61,233.85,239.086,243.905,248.024,251.274,253.601,255.061,255.827,256.169,256.391,256.722,257.247,257.931,258.705,259.54,260.436,261.402,262.437,263.54,264.705,265.925,267.189,268.485,269.794,271.097,272.372,273.596,274.749,275.814,276.789,277.691,278.565,279.507,280.677,282.34
31440.0,337.958,324.202,310.201,296.189,282.344,268.91,256.228,244.722,234.858,227.074,221.697,218.878,218.54,220.386,223.94,228.622,233.839,239.064,243.881,248.001,251.256,253.588,255.053,255.823,256.169,256.391,256.722,257.248,257.931,258.705,259.54,260.436,261.402,262.437,263.54,264.705,265.925,267.189,268.485,269.794,271.097,272.372,273.596,274.749,275.814,276.789,277.691,278.565,279.507,280.677,282.34
31500.0,338.58,324.85,310.871,296.875,283.034,269.59,256.881,245.328,235.397,227.53,222.061,219.148,218.723,220.495,223.992,228.634,233.828,239.042,243.856,247.979,251.238,253.576,255.045,255.819,256.168,256.392,256.723,257.248,257.931,258.705,259.54,260.436,261.402,262.437,263.54,264.705,265.925,267.189,268.485,269.794,271.097,272.372,273.596,274.749,275.814,276.789,277.691,278.565,279.507,280.677,282.34
31560.0,339.197,325.493,311.537,297.556,283.72,270.267,257.531,245.931,235.935,227.986,222.426,219.419,218.907,220.605,224.045,228.648,233.818,239.02,243.832,247.956,251.22,253.563,255.037,255.816,256.167,256.392,256.723,257.248,257.931,258.705,259.54,260.436,261.402,262.437,263.54,264.705,265.925,267.189,268.485,269.794,271.097,272.372,273.596,274.749,275.814,276.789,277.691,278.565,279.507,280.677,282.34
31620.0,339.809,326.131,312.198,298.232,284.403,270.941,258.179,246.534,236.473,228.443,222.793,219.693,219.093,220.717,224.098,228.662,233.808,238.999,243.807,247.934,251.202,253.55,255.029,255.812,256.166,256.392,256.724,257.248,257.931,258.705,259.54,260.436,261.402,262.437,263.54,264.705,265.925,267.189,268.485,269.794,271.097,272.372,273.596,274.748,275.814,276.789,277.691,278.565,279.507,280.677,282.34
31680.0,340.417,326.764,312.854,298.905,285.081,271.611,258.824,247.135,237.01,228.901,223.16,219.967,219.281,220.83,224.153,228.676,233.798,238.978,243.783,247.911,251.184,253.537,255.021,255.808,256.165,256.393,256.724,257.249,257.931,258.705,259.54,260.436,261.402,262.437,263.54,264.705,265.925,267.189,268.485,269.794,271.097,272.372,273.596,274.748,275.814,276.789,277.691,278.565,279.507,280.677,282.34
31740.0,341.019,327.392,313.505,299.572,285.755,272.278,259.467,247.734,237.547,229.359,223.528,220.243,219.47,220.944,224.21,228.692,233.789,238.957,243.759,247.889,251.166,253.524,255.014,255.804,256.164,256.393,256.725,257.249,257.931,258.705,259.539,260.436,261.402,262.437,263.54,264.705,265.925,267.189,268.485,269.794,271.097,272.372,273.596,274.748,275.814,276.789,277.691,278.565,279.507,280.677,282.34
31800.0,341.616,328.015,314.151,300.235,286.425,272.942,260.107,248.332,238.084,229.817,223.897,220.52,219.66,221.06,224.267,228.708,233.781,238.936,243.735,247.867,251.148,253.511,255.006,255.8,256.163,256.393,256.725,257.249,257.931,258.705,259.539,260.436,261.402,262.437,263.54,264.705,265.925,267.189,268.485,269.794,271.097,272.372,273.596,274.748,275.814,276.789,277.691,278.565,279.507,280.677,282.341
31860.0,342.208,328.634,314.793,300.894,287.091,273.602,260.745,248.929,238.619,230.275,224.268,220.799,219.852,221.177,224.325,228.725,233.773,238.916,243.711,247.844,251.13,253.498,254.998,255.797,256.162,256.394,256.726,257.249,257.931,258.705,259.539,260.436,261.402,262.437,263.54,264.705,265.925,267.189,268.485,269.794,271.097,272.372,273.596,274.748,275.814,276.789,277.691,278.565,279.507,280.677,282.341
31920.0,342.796,329.247,315.43,301.548,287.753,274.259,261.38,249.524,239.155,230.734,224.639,221.079,220.046,221.295,224.384,228.743,233.765,238.896,243.687,247.822,251.111,253.485,254.99,255.793,256.161,256.394,256.727,257.25,257.931,258.705,259.539,260.436,261.402,262.437,263.54,264.705,265.925,267.189,268.485,269.794,271.097,272.372,273.596,274.748,275.814,276.789,277.691,278.565,279.507,280.677,282.341
31980.0,343.378,329.856,316.062,302.198,288.411,274.913,262.013,250.117,239.689,231.193,225.011,221.361,220.241,221.415,224.445,228.762,233.758,238.876,243.664,247.8,251.093,253.472,254.982,255.789,256.16,256.394,256.727,257.25,257.931,258.705,259.539,260.436,261.402,262.437,263.54,264.705,265.925,267.189,268.484,269.794,271.097,272.372,273.596,274.748,275.814,276.789,277.691,278.565,279.507,280.677,282.341
32040.0,343.956,330.459,316.69,302.844,289.065,275.563,262.644,250.709,240.223,231.653,225.384,221.643,220.437,221.536,224.506,228.781,233.752,238.857,243.64,247.778,251.075,253.459,254.974,255.785,256.159,256.395,256.728,257.25,257.931,258.705,259.539,260.436,261.401,262.437,263.54,264.705,265.924,267.189,268.484,269.794,271.097,272.372,273.596,274.748,275.814,276.789,277.691,278.565,279.507,280.677,282.341
32100.0,344.529,331.058,317.313,303.485,289.716,276.21,263.271,251.299,240.757,232.112,225.758,221.927,220.635,221.658,224.569,228.801,233.746,238.837,243.617,247.756,251.057,253.446,254.966,255.781,256.158,256.395,256.728,257.25,257.931,258.705,259.539,260.436,261.401,262.437,263.54,264.704,265.924,267.189,268.484,269.794,271.097,272.372,273.596,274.748,275.814,276.789,277.691,278.565,279.507,280.677,282.341
32160.0,345.097,331.653,317.932,304.122,290.362,276.853,263.897,251.888,241.289,232.572,226.133,222.213,220.834,221.782,224.633,228.822,233.74,238.818,243.594,247.734,251.039,253.433,254.958,255.777,256.157,256.395,256.729,257.251,257.931,258.705,259.539,260.436,261.401,262.437,263.539,264.704,265.924,267.189,268.484,269.794,271.097,272.372,273.596,274.748,275.814,276.789,277.691,278.565,279.507,280.677,282.341
32220.0,345.66,332.242,318.545,304.754,291.004,277.494,264.519,252.475,241.821,233.032,226.509,222.499,221.034,221.907,224.697,228.844,233.735,238.8,243.57,247.712,251.021,253.42,254.95,255.773,256.155,256.396,256.729,257.251,257.931,258.705,259.539,260.436,261.401,262.437,263.539,264.704,265.924,267.189,268.484,269.794,271.097,272.372,273.596,274.748,275.814,276.789,277.691,278.565,279.507,280.677,282.341
32280.0,346.218,332.827,319.155,305.382,291.643,278.131,265.139,253.06,242.353,233.492,226.885,222.787,221.236,222.033,224.763,228.867,233.731,238.781,243.547,247.69,251.003,253.407,254.941,255.77,256.154,256.396,256.73,257.251,257.931,258.705,259.539,260.436,261.401,262.437,263.539,264.704,265.924,267.189,268.484,269.794,271.097,272.372,273.596,274.748,275.814,276.789,277.691,278.565,279.507,280.677,282.341
32340.0,346.772,333.407,319.76,306.006,292.277,278.764,265.757,253.643,242.883,233.952,227.262,223.076,221.44,222.161,224.83,228.89,233.727,238.763,243.525,247.668,250.985,253.394,254.933,255.766,256.153,256.396,256.73,257.252,257.931,258.705,259.539,260.436,261.401,262.437,263.539,264.704,265.924,267.189,268.484,269.794,271.097,272.372,273.596,274.748,275.814,276.789,277.691,278.565,279.507,280.677,282.341
32400.0,347.322,333.983,320.36,306.626,292.908,279.394,266.372,254.225,243.413,234.412,227.64,223.366,221.644,222.29,224.898,228.914,233.723,238.746,243.502,247.646,250.967,253.381,254.925,255.762,256.152,256.396,256.731,257.252,257.931,258.704,259.539,260.436,261.401,262.437,263.539,264.704,265.924,267.189,268.484,269.794,271.097,272.372,273.596,274.748,275.814,276.789,277.691,278.565,279.507,280.677,282.341
32460.0,347.866,334.554,320.956,307.241,293.535,280.021,266.984,254.805,243.941,234.873,228.019,223.657,221.851,222.42,224.968,228.939,233.72,238.728,243.479,247.625,250.949,253.368,254.917,255.758,256.151,256.397,256.731,257.252,257.931,258.704,259.539,260.436,261.401,262.437,263.539,264.704,265.924,267.189,268.484,269.794,271.097,272.372,273.596,274.748,275.814,276.789,277.691,278.565,279.507,280.677,282.341
32520.0,348.406,335.121,321.547,307.852,294.158,280.645,267.594,255.383,244.469,235.333,228.399,223.95,222.058,222.552,225.038,228.965,233.718,238.711,243.457,247.603,250.931,253.355,254.909,255.754,256.15,256.397,256.732,257.252,257.931,258.704,259.539,260.436,261.401,262.437,263.539,264.704,265.924,267.189,268.484,269.794,271.097,272.372,273.596,274.748,275.814,276.789,277.691,278.565,279.507,280.677,282.341
32580.0,348.941,335.683,322.134,308.459,294.777,281.265,268.201,255.96,244.997,235.793,228.779,224.244,222.267,222.685,225.109,228.991,233.716,238.694,243.435,247.581,250.913,253.342,254.901,255.75,256.149,256.397,256.732,257.253,257.931,258.704,259.539,260.436,261.401,262.437,263.539,264.704,265.924,267.189,268.484,269.794,271.097,272.372,273.596,274.748,275.814,276.789,277.691,278.565,279.507,280.677,282.341
32640.0,349.472,336.24,322.716,309.061,295.392,281.882,268.805,256.534,245.523,236.253,229.16,224.538,222.477,222.819,225.181,229.019,233.715,238.677,243.413,247.56,250.896,253.329,254.893,255.746,256.148,256.397,256.733,257.253,257.931,258.704,259.539,260.435,261.401,262.437,263.539,264.704,265.924,267.189,268.484,269.794,271.097,272.372,273.596,274.748,275.814,276.789,277.691,278.565,279.507,280.677,282.341
32700.0,349.998,336.793,323.294,309.66,296.003,282.496,269.407,257.107,246.048,236.713,229.541,224.834,222.688,222.954,225.255,229.047,233.714,238.661,243.391,247.538,250.878,253.316,254.885,255.742,256.147,256.398,256.733,257.253,257.931,258.704,259.539,260.435,261.401,262.436,263.539,264.704,265.924,267.189,268.484,269.794,271.097,272.372,273.596,274.748,275.814,276.789,277.691,278.565,279.507,280.677,282.341
32760.0,350.52,337.341,323.868,310.254,296.61,283.106,270.006,257.678,246.572,237.174,229.923,225.131,222.901,223.091,225.329,229.076,233.713,238.645,243.369,247.517,250.86,253.303,254.877,255.738,256.145,256.398,256.734,257.253,257.931,258.704,259.539,260.435,261.401,262.436,263.539,264.704,265.924,267.189,268.484,269.794,271.097,272.372,273.596,274.748,275.814,276.789,277.691,278.565,279.507,280.677,282.341
32820.0,351.037,337.885,324.437,310.844,297.214,283.713,270.602,258.247,247.096,237.633,230.306,225.429,223.115,223.229,225.405,229.106,233.714,238.629,243.347,247.495,250.842,253.29,254.868,255.734,256.144,256.398,256.734,257.254,257.932,258.704,259.539,260.435,261.401,262.436,263.539,264.704,265.924,267.189,268.484,269.793,271.097,272.372,273.596,274.748,275.814,276.789,277.691,278.565,279.507,280.677,282.341
32880.0,351.55,338.425,325.002,311.43,297.814,284.316,271.196,258.814,247.618,238.093,230.689,225.728,223.33,223.368,225.482,229.136,233.714,238.614,243.326,247.474,250.824,253.276,254.86,255.73,256.143,256.398,256.735,257.254,257.932,258.704,259.538,260.435,261.401,262.436,263.539,264.704,265.924,267.189,268.484,269.793,271.097,272.372,273.596,274.748,275.814,276.789,277.691,278.565,279.507,280.677,282.341
32940.0,352.059,338.96,325.563,312.012,298.41,284.916,271.787,259.38,248.139,238.553,231.073,226.029,223.546,223.508,225.559,229.168,233.716,238.599,243.304,247.453,250.806,253.263,254.852,255.726,256.142,256.399,256.735,257.254,257.932,258.704,259.538,260.435,261.401,262.436,263.539,264.704,265.924,267.189,268.484,269.793,271.097,272.372,273.596,274.748,275.814,276.789,277.691,278.565,279.507,280.677,282.341
33000.0,352.563,339.491,326.119,312.589,299.002,285.513,272.375,259.943,248.66,239.012,231.457,226.33,223.764,223.65,225.638,229.2,233.717,238.584,243.283,247.431,250.788,253.25,254.844,255.722,256.141,256.399,256.736,257.254,257.932,258.704,259.538,260.435,261.401,262.436,263.539,264.704,265.924,267.189,268.484,269.793,271.097,272.372,273.596,274.748,275.814,276.789,277.691,278.565,279.507,280.677,282.341
33060.0,353.062,340.017,326.671,313.163,299.59,286.107,272.961,260.504,249.179,239.472,231.842,226.632,223.983,223.793,225.718,229.233,233.72,238.57,243.262,247.41,250.771,253.237,254.836,255.718,256.139,256.399,256.736,257.255,257.932,258.704,259.538,260.435,261.401,262.436,263.539,264.704,265.924,267.188,268.484,269.793,271.097,272.372,273.596,274.748,275.814,276.789,277.691,278.565,279.507,280.677,282.341
33120.0,353.558,340.539,327.219,313.733,300.175,286.697,273.544,261.064,249.697,239.931,232.227,226.935,224.203,223.937,225.799,229.267,233.723,238.556,243.241,247.389,250.753,253.224,254.828,255.714,256.138,256.399,256.737,257.255,257.932,258.704,259.538,260.435,261.401,262.436,263.539,264.704,265.924,267.188,268.484,269.793,271.097,272.372,273.596,274.748,275.814,276.789,277.691,278.565,279.507,280.677,282.341
33180.0,354.049,341.057,327.763,314.298,300.756,287.284,274.124,261.621,250.214,240.389,232.613,227.239,224.425,224.082,225.881,229.301,233.726,238.542,243.221,247.368,250.735,253.211,254.819,255.709,256.137,256.399,256.737,257.255,257.932,258.704,259.538,260.435,261.401,262.436,263.539,264.704,265.924,267.188,268.484,269.793,271.097,272.372,273.596,274.748,275.814,276.789,277.691,278.565,279.507,280.677,282.341
33240.0,354.535,341.571,328.302,314.859,301.333,287.867,274.701,262.177,250.73,240.848,232.999,227.544,224.647,224.229,225.964,229.337,233.73,238.528,243.2,247.347,250.717,253.198,254.811,255.705,256.136,256.4,256.738,257.255,257.932,258.704,259.538,260.435,261.401,262.436,263.539,264.704,265.924,267.188,268.484,269.793,271.097,272.372,273.596,274.748,275.814,276.789,277.691,278.565,279.507,280.677,282.341
33300.0,355.018,342.08,328.837,315.417,301.906,288.448,275.276,262.731,251.245,241.306,233.386,227.85,224.871,224.376,226.048,229.373,233.735,238.515,243.18,247.326,250.7,253.185,254.803,255.701,256.134,256.4,256.738,257.256,257.932,258.704,259.538,260.435,261.401,262.436,263.539,264.704,265.924,267.188,268.484,269.793,271.097,272.372,273.596,274.748,275.814,276.789,277.691,278.565,279.507,280.677,282.341
33360.0,355.496,342.585,329.368,315.97,302.476,289.024,275.848,263.282,251.758,241.763,233.773,228.157,225.096,224.525,226.133,229.41,233.74,238.502,243.16,247.306,250.682,253.172,254.795,255.697,256.133,256.4,256.739,257.256,257.932,258.704,259.538,260.435,261.401,262.436,263.539,264.704,265.924,267.188,268.484,269.793,271.097,272.372,273.596,274.748,275.814,276.789,277.691,278.565,279.507,280.677,282.341
33420.0,355.97,343.086,329.895,316.52,303.042,289.598,276.417,263.832,252.271,242.221,234.16,228.464,225.322,224.675,226.219,229.448,233.745,238.49,243.14,247.285,250.664,253.159,254.786,255.693,256.132,256.4,256.739,257.256,257.932,258.704,259.538,260.435,261.401,262.436,263.539,264.704,265.924,267.188,268.484,269.793,271.097,272.372,273.596,274.748,275.814,276.789,277.691,278.565,279.507,280.677,282.341
33480.0,356.439,343.582,330.418,317.065,303.604,290.168,276.984,264.379,252.782,242.678,234.548,228.773,225.549,224.827,226.307,229.487,233.752,238.478,243.12,247.264,250.646,253.146,254.778,255.689,256.131,256.4,256.74,257.256,257.932,258.703,259.538,260.435,261.401,262.436,263.539,264.704,265.924,267.188,268.484,269.793,271.097,272.372,273.596,274.748,275.814,276.789,277.691,278.565,279.507,280.677,282.341
33540.0,356.905,344.075,330.937,317.606,304.162,290.735,277.547,264.925,253.291,243.134,234.935,229.082,225.777,224.979,226.395,229.526,233.758,238.466,243.1,247.244,250.629,253.133,254.77,255.685,256.129,256.4,256.74,257.257,257.932,258.703,259.538,260.435,261.4,262.436,263.539,264.704,265.924,267.188,268.484,269.793,271.097,272.372,273.596,274.748,275.814,276.789,277.691,278.565,279.507,280.677,282.341
33600.0,357.366,344.563,331.451,318.144,304.717,291.299,278.108,265.468,253.8,243.59,235.324,229.392,226.007,225.133,226.484,229.566,233.766,238.454,243.08,247.223,250.611,253.12,254.761,255.68,256.128,256.401,256.74,257.257,257.932,258.703,259.538,260.435,261.4,262.436,263.539,264.704,265.924,267.188,268.484,269.793,271.097,272.372,273.596,274.748,275.814,276.789,277.691,278.565,279.507,280.677,282.341
33660.0,357.823,345.047,331.962,318.678,305.268,291.859,278.666,266.01,254.307,244.046,235.712,229.703,226.237,225.288,226.575,229.608,233.774,238.443,243.061,247.203,250.594,253.106,254.753,255.676,256.127,256.401,256.741,257.257,257.932,258.703,259.538,260.435,261.4,262.436,263.539,264.704,265.924,267.188,268.484,269.793,271.096,272.372,273.596,274.748,275.814,276.789,277.691,278.565,279.507,280.677,282.341
33720.0,358.276,345.527,332.468,319.207,305.816,292.416,279.222,266.549,254.813,244.501,236.101,230.015,226.469,225.444,226.666,229.65,233.782,238.432,243.042,247.182,250.576,253.093,254.745,255.672,256.125,256.401,256.741,257.258,257.932,258.703,259.538,260.435,261.4,262.436,263.539,264.704,265.924,267.188,268.484,269.793,271.096,272.372,273.596,274.748,275.814,276.789,277.691,278.565,279.507,280.677,282.341
33780.0,358.725,346.003,332.971,319.733,306.36,292.97,279.775,267.086,255.318,244.956,236.49,230.327,226.701,225.601,226.759,229.692,233.791,238.422,243.023,247.162,250.558,253.08,254.736,255.668,256.124,256.401,256.742,257.258,257.932,258.703,259.538,260.435,261.4,262.436,263.538,264.703,265.924,267.188,268.484,269.793,271.096,272.372,273.596,274.748,275.814,276.789,277.691,278.565,279.507,280.677,282.341
33840.0,359.17,346.475,333.469,320.255,306.9,293.521,280.324,267.621,255.822,245.41,236.879,230.641,226.935,225.759,226.852,229.736,233.801,238.412,243.004,247.142,250.541,253.067,254.728,255.664,256.123,256.401,256.742,257.258,257.932,258.703,259.538,260.435,261.4,262.436,263.538,264.703,265.923,267.188,268.484,269.793,271.096,272.372,273.596,274.748,275.814,276.789,277.691,278.565,279.507,280.677,282.341
33900.0,359.611,346.943,333.964,320.773,307.436,294.068,280.872,268.154,256.324,245.863,237.268,230.955,227.17,225.918,226.947,229.78,233.811,238.402,242.985,247.122,250.523,253.054,254.72,255.659,256.121,256.401,256.743,257.258,257.932,258.703,259.538,260.435,261.4,262.436,263.538,264.703,265.923,267.188,268.484,269.793,271.096,272.372,273.596,274.748,275.814,276.789,277.691,278.565,279.507,280.677,282.341
33960.0,360.048,347.407,334.454,321.287,307.969,294.612,281.416,268.685,256.824,246.316,237.657,231.269,227.405,226.079,227.042,229.825,233.821,238.393,242.967,247.102,250.506,253.041,254.711,255.655,256.12,256.401,256.743,257.259,257.932,258.703,259.538,260.435,261.4,262.436,263.538,264.703,265.923,267.188,268.484,269.793,271.096,272.372,273.596,274.748,275.814,276.789,277.691,278.565,279.507,280.677,282.341
34020.0,360.481,347.867,334.941,321.798,308.498,295.153,281.957,269.213,257.323,246.768,238.047,231.585,227.642,226.24,227.139,229.871,233.833,238.383,242.949,247.082,250.488,253.028,254.703,255.651,256.119,256.401,256.744,257.259,257.932,258.703,259.537,260.434,261.4,262.436,263.538,264.703,265.923,267.188,268.484,269.793,271.096,272.371,273.596,274.748,275.813,276.789,277.691,278.565,279.507,280.677,282.341
34080.0,360.91,348.323,335.423,322.304,309.024,295.69,282.496,269.74,257.821,247.22,238.436,231.901,227.88,226.403,227.236,229.918,233.845,238.375,242.931,247.062,250.471,253.015,254.695,255.647,256.117,256.402,256.744,257.259,257.932,258.703,259.537,260.434,261.4,262.436,263.538,264.703,265.923,267.188,268.483,269.793,271.096,272.371,273.596,274.748,275.813,276.789,277.691,278.565,279.507,280.677,282.341
34140.0,361.335,348.775,335.902,322.807,309.546,296.224,283.032,270.264,258.318,247.671,238.826,232.217,228.119,226.567,227.335,229.966,233.857,238.366,242.913,247.042,250.454,253.002,254.686,255.642,256.116,256.402,256.745,257.259,257.932,258.703,259.537,260.434,261.4,262.436,263.538,264.703,265.923,267.188,268.483,269.793,271.096,272.371,273.596,274.748,275.813,276.789,277.691,278.565,279.507,280.677,282.341
34200.0,361.755,349.223,336.377,323.306,310.064,296.755,283.565,270.786,258.813,248.122,239.216,232.534,228.358,226.732,227.434,230.014,233.87,238.358,242.895,247.022,250.436,252.989,254.678,255.638,256.115,256.402,256.745,257.26,257.932,258.703,259.537,260.434,261.4,262.436,263.538,264.703,265.923,267.188,268.483,269.793,271.096,272.371,273.596,274.748,275.813,276.789,277.691,278.565,279.507,280.677,282.341
34260.0,362.172,349.667,336.848,323.801,310.579,297.283,284.096,271.306,259.306,248.571,239.605,232.852,228.599,226.898,227.535,230.064,233.884,238.351,242.878,247.003,250.419,252.975,254.669,255.634,256.113,256.402,256.746,257.26,257.932,258.703,259.537,260.434,261.4,262.435,263.538,264.703,265.923,267.188,268.483,269.793,271.096,272.371,273.596,274.748,275.813,276.789,277.691,278.565,279.507,280.677,282.341
34320.0,362.586,350.107,337.315,324.293,311.091,297.807,284.623,271.824,259.798,249.02,239.995,233.171,228.841,227.065,227.637,230.114,233.898,238.343,242.86,246.983,250.401,252.962,254.661,255.629,256.112,256.402,256.746,257.26,257.932,258.703,259.537,260.434,261.4,262.435,263.538,264.703,265.923,267.188,268.483,269.793,271.096,272.371,273.596,274.748,275.813,276.789,277.691,278.565,279.507,280.677,282.341
34380.0,362.995,350.543,337.778,324.78,311.599,298.328,285.148,272.339,260.288,249.468,240.385,233.49,229.083,227.233,227.739,230.165,233.912,238.336,242.843,246.964,250.384,252.949,254.653,255.625,256.11,256.402,256.746,257.26,257.932,258.703,259.537,260.434,261.4,262.435,263.538,264.703,265.923,267.188,268.483,269.793,271.096,272.371,273.596,274.748,275.813,276.789,277.691,278.565,279.507,280.677,282.341
34440.0,363.4,350.976,338.238,325.264,312.103,298.846,285.67,272.853,260.777,249.916,240.774,233.809,229.327,227.402,227.843,230.216,233.928,238.33,242.826,246.944,250.367,252.936,254.644,255.621,256.109,256.402,256.747,257.261,257.932,258.703,259.537,260.434,261.4,262.435,263.538,264.703,265.923,267.188,268.483,269.793,271.096,272.371,273.596,274.748,275.813,276.789,277.691,278.565,279.507,280.677,282.341
34500.0,363.802,351.405,338.693,325.745,312.604,299.361,286.189,273.364,261.265,250.363,241.164,234.129,229.571,227.572,227.947,230.269,233.944,238.324,242.809,246.925,250.35,252.923,254.636,255.616,256.107,256.402,256.747,257.261,257.932,258.703,259.537,260.434,261.4,262.435,263.538,264.703,265.923,267.188,268.483,269.793,271.096,272.371,273.595,274.748,275.813,276.789,277.691,278.565,279.507,280.677,282.341
34560.0,364.199,351.829,339.145,326.221,313.101,299.872,286.706,273.873,261.751,250.808,241.554,234.45,229.816,227.743,228.053,230.322,233.96,238.318,242.793,246.906,250.332,252.91,254.627,255.612,256.106,256.402,256.748,257.261,257.932,258.703,259.537,260.434,261.4,262.435,263.538,264.703,265.923,267.188,268.483,269.793,271.096,272.371,273.595,274.748,275.813,276.789,277.691,278.565,279.507,280.677,282.341
34620.0,364.593,352.25,339.593,326.694,313.595,300.381,287.219,274.379,262.235,251.254,241.943,234.771,230.062,227.916,228.16,230.376,233.977,238.312,242.777,246.887,250.315,252.897,254.619,255.608,256.104,256.402,256.748,257.261,257.932,258.702,259.537,260.434,261.4,262.435,263.538,264.703,265.923,267.188,268.483,269.793,271.096,272.371,273.595,274.748,275.813,276.789,277.691,278.565,279.507,280.677,282.341
34680.0,364.983,352.668,340.038,327.163,314.085,300.886,287.73,274.884,262.718,251.698,242.332,235.092,230.309,228.089,228.267,230.431,233.995,238.307,242.76,246.868,250.298,252.884,254.61,255.603,256.103,256.402,256.749,257.262,257.932,258.702,259.537,260.434,261.4,262.435,263.538,264.703,265.923,267.188,268.483,269.793,271.096,272.371,273.595,274.748,275.813,276.789,277.691,278.565,279.507,280.677,282.341
34740.0,365.37,353.081,340.478,327.629,314.572,301.387,288.238,275.386,263.199,252.141,242.722,235.414,230.557,228.263,228.376,230.487,234.013,238.302,242.745,246.849,250.281,252.871,254.602,255.599,256.101,256.402,256.749,257.262,257.933,258.702,259.537,260.434,261.4,262.435,263.538,264.703,265.923,267.188,268.483,269.793,271.096,272.371,273.595,274.748,275.813,276.789,277.691,278.565,279.507,280.677,282.341
34800.0,365.752,353.491,340.915,328.091,315.055,301.886,288.743,275.886,263.679,252.584,243.111,235.737,230.806,228.438,228.485,230.544,234.032,238.298,242.729,246.83,250.264,252.858,254.593,255.594,256.1,256.402,256.75,257.262,257.933,258.702,259.537,260.434,261.4,262.435,263.538,264.703,265.923,267.188,268.483,269.793,271.096,272.371,273.595,274.748,275.813,276.789,277.691,278.565,279.507,280.677,282.341
34860.0,366.131,353.897,341.348,328.55,315.535,302.382,289.246,276.383,264.157,253.025,243.5,236.06,231.055,228.615,228.596,230.601,234.051,238.294,242.713,246.811,250.247,252.845,254.585,255.59,256.098,256.402,256.75,257.263,257.933,258.702,259.537,260.434,261.4,262.435,263.538,264.703,265.923,267.188,268.483,269.793,271.096,272.371,273.595,274.748,275.813,276.789,277.691,278.565,279.507,280.677,282.341
34920.0,366.506,354.299,341.778,329.004,316.011,302.874,289.746,276.879,264.633,253.466,243.888,236.383,231.306,228.792,228.707,230.659,234.071,238.29,242.698,246.792,250.23,252.832,254.576,255.585,256.097,256.402,256.75,257.263,257.933,258.702,259.537,260.434,261.4,262.435,263.538,264.703,265.923,267.188,268.483,269.793,271.096,272.371,273.595,274.748,275.813,276.789,277.691,278.565,279.507,280.677,282.341
34980.0,366.878,354.698,342.204,329.456,316.484,303.363,290.242,277.372,265.108,253.906,244.277,236.706,231.557,228.97,228.819,230.718,234.092,238.287,242.683,246.774,250.213,252.819,254.568,255.581,256.095,256.402,256.751,257.263,257.933,258.702,259.537,260.434,261.4,262.435,263.538,264.703,265.923,267.187,268.483,269.793,271.096,272.371,273.595,274.748,275.813,276.789,277.691,278.565,279.507,280.677,282.341
35040.0,367.245,355.093,342.626,329.903,316.954,303.849,290.736,277.862,265.581,254.345,244.665,237.03,231.808,229.149,228.933,230.778,234.113,238.284,242.668,246.755,250.196,252.805,254.559,255.577,256.094,256.402,256.751,257.263,257.933,258.702,259.537,260.434,261.399,262.435,263.538,264.703,265.923,267.187,268.483,269.793,271.096,272.371,273.595,274.748,275.813,276.789,277.691,278.565,279.507,280.677,282.341
35100.0,367.61,355.484,343.045,330.347,317.42,304.332,291.228,278.351,266.052,254.783,245.053,237.355,232.061,229.329,229.047,230.839,234.135,238.282,242.653,246.737,250.179,252.792,254.551,255.572,256.092,256.402,256.752,257.264,257.933,258.702,259.536,260.434,261.399,262.435,263.538,264.703,265.923,267.187,268.483,269.792,271.096,272.371,273.595,274.748,275.813,276.789,277.691,278.565,279.507,280.677,282.341
35160.0,367.97,355.872,343.46,330.788,317.883,304.811,291.716,278.837,266.522,255.22,245.44,237.679,232.314,229.51,229.162,230.9,234.157,238.28,242.639,246.719,250.162,252.779,254.542,255.568,256.091,256.402,256.752,257.264,257.933,258.702,259.536,260.434,261.399,262.435,263.538,264.703,265.923,267.187,268.483,269.792,271.096,272.371,273.595,274.748,275.813,276.789,277.691,278.565,279.507,280.677,282.341
35220.0,368.327,356.256,343.871,331.225,318.342,305.288,292.202,279.321,266.99,255.655,245.828,238.004,232.568,229.692,229.278,230.962,234.18,238.278,242.625,246.701,250.145,252.766,254.534,255.563,256.089,256.402,256.752,257.264,257.933,258.702,259.536,260.434,261.399,262.435,263.538,264.703,265.923,267.187,268.483,269.792,271.096,272.371,273.595,274.748,275.813,276.789,277.691,278.565,279.507,280.677,282.341
35280.0,368.68,356.636,344.279,331.658,318.798,305.761,292.685,279.802,267.456,256.09,246.215,238.329,232.823,229.875,229.395,231.025,234.204,238.277,242.611,246.683,250.128,252.753,254.525,255.559,256.088,256.402,256.753,257.264,257.933,258.702,259.536,260.434,261.399,262.435,263.538,264.703,265.923,267.187,268.483,269.792,271.096,272.371,273.595,274.748,275.813,276.789,277.691,278.565,279.507,280.677,282.341
35340.0,369.03,357.013,344.683,332.089,319.251,306.231,293.165,280.281,267.921,256.524,246.601,238.655,233.078,230.059,229.513,231.089,234.228,238.276,242.597,246.665,250.112,252.74,254.516,255.554,256.086,256.402,256.753,257.265,257.933,258.702,259.536,260.434,261.399,262.435,263.538,264.703,265.923,267.187,268.483,269.792,271.096,272.371,273.595,274.748,275.813,276.789,277.69,278.565,279.507,280.677,282.341
35400.0,369.376,357.386,345.084,332.515,319.7,306.698,293.642,280.758,268.383,256.957,246.988,238.981,233.335,230.244,229.632,231.153,234.253,238.275,242.583,246.647,250.095,252.727,254.508,255.55,256.084,256.402,256.754,257.265,257.933,258.702,259.536,260.433,261.399,262.435,263.537,264.703,265.923,267.187,268.483,269.792,271.096,272.371,273.595,274.748,275.813,276.789,277.69,278.565,279.507,280.677,282.341
35460.0,369.719,357.756,345.481,332.938,320.146,307.162,294.116,281.233,268.845,257.389,247.374,239.306,233.591,230.429,229.752,231.219,234.278,238.275,242.57,246.629,250.078,252.714,254.499,255.545,256.083,256.402,256.754,257.265,257.933,258.702,259.536,260.433,261.399,262.435,263.537,264.703,265.923,267.187,268.483,269.792,271.096,272.371,273.595,274.748,275.813,276.789,277.69,278.565,279.507,280.677,282.341
35520.0,370.058,358.122,345.875,333.358,320.589,307.623,294.588,281.705,269.304,257.819,247.759,239.633,233.849,230.616,229.873,231.285,234.304,238.275,242.557,246.612,250.061,252.701,254.491,255.54,256.081,256.402,256.755,257.265,257.933,258.702,259.536,260.433,261.399,262.435,263.537,264.702,265.923,267.187,268.483,269.792,271.096,272.371,273.595,274.748,275.813,276.789,277.69,278.565,279.507,280.677,282.341
35580.0,370.393,358.485,346.265,333.774,321.028,308.081,295.057,282.175,269.761,258.249,248.144,239.959,234.107,230.803,229.994,231.352,234.331,238.276,242.544,246.594,250.045,252.688,254.482,255.536,256.08,256.402,256.755,257.266,257.933,258.702,259.536,260.433,261.399,262.435,263.537,264.702,265.923,267.187,268.483,269.792,271.096,272.371,273.595,274.748,275.813,276.789,277.69,278.565,279.507,280.677,282.341
35640.0,370.725,358.844,346.652,334.187,321.464,308.535,295.523,282.643,270.217,258.677,248.529,240.285,234.365,230.991,230.117,231.42,234.358,238.277,242.531,246.577,250.028,252.675,254.473,255.531,256.078,256.402,256.755,257.266,257.933,258.702,259.536,260.433,261.399,262.435,263.537,264.702,265.922,267.187,268.483,269.792,271.096,272.371,273.595,274.748,275.813,276.789,277.69,278.565,279.507,280.677,282.341
35700.0,371.054,359.2,347.035,334.596,321.897,308.987,295.986,283.108,270.671,259.105,248.913,240.612,234.625,231.18,230.241,231.488,234.385,238.279,242.519,246.559,250.012,252.662,254.465,255.527,256.076,256.402,256.756,257.266,257.933,258.702,259.536,260.433,261.399,262.435,263.537,264.702,265.922,267.187,268.483,269.792,271.096,272.371,273.595,274.748,275.813,276.789,277.69,278.565,279.507,280.677,282.341
35760.0,371.379,359.552,347.415,335.002,322.327,309.435,296.447,283.571,271.124,259.531,249.297,240.939,234.885,231.37,230.365,231.558,234.414,238.28,242.506,246.542,249.995,252.649,254.456,255.522,256.075,256.402,256.756,257.266,257.933,258.702,259.536,260.433,261.399,262.435,263.537,264.702,265.922,267.187,268.483,269.792,271.096,272.371,273.595,274.748,275.813,276.789,277.69,278.565,279.507,280.677,282.341
35820.0,371.7,359.901,347.791,335.405,322.753,309.881,296.905,284.031,271.574,259.956,249.68,241.266,235.145,231.561,230.49,231.628,234.443,238.283,242.494,246.525,249.979,252.636,254.448,255.517,256.073,256.402,256.757,257.267,257.933,258.701,259.536,260.433,261.399,262.434,263.537,264.702,265.922,267.187,268.483,269.792,271.096,272.371,273.595,274.748,275.813,276.789,277.69,278.565,279.507,280.677,282.341
35880.0,372.019,360.246,348.164,335.804,323.176,310.323,297.36,284.489,272.023,260.38,250.063,241.593,235.406,231.753,230.616,231.699,234.472,238.285,242.483,246.508,249.962,252.623,254.439,255.513,256.071,256.402,256.757,257.267,257.933,258.701,259.536,260.433,261.399,262.434,263.537,264.702,265.922,267.187,268.483,269.792,271.096,272.371,273.595,274.747,275.813,276.789,277.69,278.565,279.507,280.677,282.341
35940.0,372.333,360.588,348.533,336.2,323.595,310.762,297.812,284.945,272.469,260.802,250.446,241.92,235.668,231.945,230.743,231.77,234.503,238.288,242.471,246.491,249.946,252.61,254.43,255.508,256.07,256.402,256.757,257.267,257.933,258.701,259.536,260.433,261.399,262.434,263.537,264.702,265.922,267.187,268.483,269.792,271.096,272.371,273.595,274.747,275.813,276.789,277.69,278.565,279.507,280.677,282.341
36000.0,372.645,360.927,348.899,336.593,324.012,311.199,298.262,285.399,272.914,261.224,250.827,242.247,235.93,232.138,230.871,231.843,234.533,238.292,242.46,246.474,249.93,252.597,254.422,255.504,256.068,256.402,256.758,257.267,257.933,258.701,259.536,260.433,261.399,262.434,263.537,264.702,265.922,267.187,268.483,269.792,271.096,272.371,273.595,274.747,275.813,276.789,277.69,278.565,279.507,280.677,282.341
36060.0,372.953,361.262,349.262,336.982,324.425,311.632,298.708,285.85,273.358,261.644,251.208,242.574,236.192,232.332,231.0,231.916,234.565,238.296,242.449,246.458,249.913,252.584,254.413,255.499,256.066,256.402,256.758,257.268,257.933,258.701,259.536,260.433,261.399,262.434,263.537,264.702,265.922,267.187,268.483,269.792,271.096,272.371,273.595,274.747,275.813,276.789,277.69,278.565,279.507,280.677,282.341
36120.0,373.258,361.593,349.622,337.368,324.835,312.062,299.152,286.298,273.799,262.063,251.589,242.901,236.455,232.527,231.129,231.99,234.597,238.3,242.438,246.441,249.897,252.571,254.404,255.494,256.065,256.402,256.758,257.268,257.933,258.701,259.536,260.433,261.399,262.434,263.537,264.702,265.922,267.187,268.482,269.792,271.096,272.371,273.595,274.747,275.813,276.789,277.69,278.565,279.507,280.677,282.341
36180.0,373.559,361.922,349.978,337.75,325.242,312.489,299.594,286.745,274.238,262.481,251.969,243.229,236.719,232.722,231.26,232.065,234.629,238.305,242.427,246.425,249.881,252.558,254.396,255.49,256.063,256.402,256.759,257.268,257.934,258.701,259.536,260.433,261.399,262.434,263.537,264.702,265.922,267.187,268.482,269.792,271.096,272.371,273.595,274.747,275.813,276.789,277.69,278.565,279.507,280.677,282.341
36240.0,373.857,362.247,350.33,338.13,325.646,312.913,300.032,287.189,274.676,262.897,252.348,243.556,236.983,232.919,231.391,232.14,234.662,238.31,242.417,246.409,249.865,252.545,254.387,255.485,256.061,256.401,256.759,257.268,257.934,258.701,259.535,260.433,261.399,262.434,263.537,264.702,265.922,267.187,268.482,269.792,271.095,272.371,273.595,274.747,275.813,276.789,277.69,278.565,279.507,280.677,282.341
36300.0,374.152,362.569,350.68,338.506,326.046,313.334,300.468,287.63,275.112,263.313,252.727,243.883,237.248,233.116,231.523,232.217,234.696,238.315,242.407,246.393,249.849,252.532,254.378,255.48,256.059,256.401,256.76,257.269,257.934,258.701,259.535,260.433,261.399,262.434,263.537,264.702,265.922,267.187,268.482,269.792,271.095,272.371,273.595,274.747,275.813,276.789,277.69,278.565,279.507,280.677,282.341
36360.0,374.443,362.887,351.026,338.879,326.444,313.753,300.901,288.07,275.545,263.727,253.105,244.21,237.513,233.313,231.656,232.294,234.73,238.321,242.397,246.377,249.833,252.519,254.37,255.475,256.058,256.401,256.76,257.269,257.934,258.701,259.535,260.433,261.399,262.434,263.537,264.702,265.922,267.187,268.482,269.792,271.095,272.371,273.595,274.747,275.813,276.789,277.69,278.565,279.507,280.677,282.341
36420.0,374.731,363.203,351.369,339.248,326.838,314.168,301.331,288.507,275.977,264.139,253.483,244.538,237.778,233.512,231.79,232.372,234.765,238.327,242.387,246.361,249.817,252.507,254.361,255.471,256.056,256.401,256.76,257.269,257.934,258.701,259.535,260.433,261.399,262.434,263.537,264.702,265.922,267.187,268.482,269.792,271.095,272.371,273.595,274.747,275.813,276.789,277.69,278.565,279.507,280.677,282.341
36480.0,375.016,363.514,351.709,339.615,327.229,314.58,301.759,288.941,276.407,264.551,253.86,244.865,238.044,233.711,231.924,232.45,234.801,238.334,242.378,246.345,249.801,252.494,254.352,255.466,256.054,256.401,256.761,257.27,257.934,258.701,259.535,260.433,261.399,262.434,263.537,264.702,265.922,267.187,268.482,269.792,271.095,272.371,273.595,274.747,275.813,276.789,277.69,278.565,279.507,280.677,282.341
36540.0,375.298,363.823,352.045,339.978,327.617,314.989,302.183,289.373,276.836,264.961,254.236,245.192,238.31,233.911,232.06,232.53,234.837,238.341,242.369,246.329,249.785,252.481,254.343,255.461,256.052,256.401,256.761,257.27,257.934,258.701,259.535,260.433,261.398,262.434,263.537,264.702,265.922,267.187,268.482,269.792,271.095,272.371,273.595,274.747,275.813,276.789,277.69,278.565,279.507,280.677,282.341
36600.0,375.576,364.129,352.378,340.338,328.002,315.395,302.605,289.803,277.262,265.369,254.611,245.519,238.577,234.112,232.196,232.61,234.874,238.349,242.36,246.314,249.769,252.468,254.335,255.457,256.05,256.401,256.761,257.27,257.934,258.701,259.535,260.433,261.398,262.434,263.537,264.702,265.922,267.187,268.482,269.792,271.095,272.371,273.595,274.747,275.813,276.789,277.69,278.565,279.507,280.677,282.341
36660.0,375.851,364.431,352.708,340.694,328.383,315.798,303.025,290.23,277.686,265.777,254.986,245.845,238.844,234.313,232.333,232.691,234.911,238.357,242.351,246.298,249.753,252.455,254.326,255.452,256.049,256.4,256.762,257.27,257.934,258.701,259.535,260.433,261.398,262.434,263.537,264.702,265.922,267.187,268.482,269.792,271.095,272.371,273.595,274.747,275.813,276.789,277.69,278.565,279.507,280.677,282.341
36720.0,376.123,364.73,353.035,341.048,328.762,316.199,303.441,290.655,278.109,266.183,255.36,246.172,239.111,234.515,232.471,232.772,234.949,238.365,242.343,246.283,249.737,252.442,254.317,255.447,256.047,256.4,256.762,257.271,257.934,258.701,259.535,260.433,261.398,262.434,263.537,264.702,265.922,267.187,268.482,269.792,271.095,272.371,273.595,274.747,275.813,276.789,277.69,278.565,279.507,280.677,282.341
36780.0,376.392,365.025,353.358,341.398,329.138,316.596,303.855,291.078,278.529,266.587,255.733,246.499,239.379,234.718,232.61,232.855,234.988,238.374,242.335,246.268,249.721,252.429,254.309,255.442,256.045,256.4,256.763,257.271,257.934,258.701,259.535,260.432,261.398,262.434,263.537,264.702,265.922,267.187,268.482,269.792,271.095,272.371,273.595,274.747,275.813,276.789,277.69,278.565,279.507,280.677,282.341
36840.0,376.657,365.318,353.678,341.746,329.51,316.991,304.267,291.498,278.948,266.991,256.105,246.825,239.647,234.921,232.749,232.938,235.027,238.383,242.327,246.253,249.706,252.417,254.3,255.437,256.043,256.4,256.763,257.271,257.934,258.701,259.535,260.432,261.398,262.434,263.537,264.702,265.922,267.187,268.482,269.792,271.095,272.371,273.595,274.747,275.813,276.789,277.69,278.565,279.507,280.677,282.341
36900.0,376.92,365.608,353.996,342.09,329.879,317.382,304.675,291.916,279.364,267.392,256.477,247.151,239.915,235.125,232.889,233.022,235.067,238.393,242.319,246.238,249.69,252.404,254.291,255.433,256.041,256.4,256.763,257.271,257.934,258.701,259.535,260.432,261.398,262.434,263.537,264.702,265.922,267.186,268.482,269.792,271.095,272.371,273.595,274.747,275.813,276.789,277.69,278.565,279.507,280.677,282.341
36960.0,377.179,365.894,354.31,342.431,330.246,317.771,305.081,292.332,279.779,267.793,256.848,247.477,240.184,235.329,233.03,233.106,235.107,238.403,242.312,246.223,249.675,252.391,254.282,255.428,256.04,256.4,256.764,257.272,257.934,258.701,259.535,260.432,261.398,262.434,263.536,264.702,265.922,267.186,268.482,269.792,271.095,272.37,273.595,274.747,275.813,276.789,277.69,278.565,279.507,280.677,282.341
37020.0,377.435,366.177,354.62,342.769,330.609,318.156,305.484,292.745,280.192,268.192,257.218,247.803,240.453,235.534,233.172,233.192,235.148,238.413,242.305,246.208,249.659,252.378,254.274,255.423,256.038,256.399,256.764,257.272,257.934,258.701,259.535,260.432,261.398,262.434,263.536,264.702,265.922,267.186,268.482,269.792,271.095,272.37,273.595,274.747,275.813,276.789,277.69,278.565,279.507,280.677,282.341
37080.0,377.688,366.457,354.928,343.104,330.969,318.539,305.885,293.156,280.603,268.59,257.587,248.128,240.722,235.74,233.314,233.278,235.19,238.424,242.298,246.194,249.644,252.365,254.265,255.418,256.036,256.399,256.764,257.272,257.934,258.7,259.535,260.432,261.398,262.434,263.536,264.702,265.922,267.186,268.482,269.792,271.095,272.37,273.595,274.747,275.813,276.789,277.69,278.565,279.507,280.677,282.341
37140.0,377.938,366.734,355.233,343.436,331.327,318.919,306.282,293.564,281.011,268.986,257.956,248.454,240.991,235.947,233.457,233.364,235.232,238.435,242.291,246.18,249.628,252.353,254.256,255.413,256.034,256.399,256.765,257.272,257.934,258.7,259.535,260.432,261.398,262.434,263.536,264.702,265.922,267.186,268.482,269.792,271.095,272.37,273.595,274.747,275.813,276.789,277.69,278.565,279.507,280.677,282.341
37200.0,378.185,367.008,355.534,343.764,331.681,319.296,306.677,293.97,281.418,269.381,258.323,248.779,241.261,236.154,233.601,233.452,235.275,238.447,242.285,246.165,249.613,252.34,254.247,255.408,256.032,256.399,256.765,257.273,257.934,258.7,259.535,260.432,261.398,262.434,263.536,264.701,265.922,267.186,268.482,269.792,271.095,272.37,273.595,274.747,275.813,276.789,277.69,278.565,279.507,280.677,282.341
37260.0,378.429,367.278,355.833,344.09,332.032,319.67,307.07,294.374,281.823,269.774,258.69,249.103,241.531,236.361,233.746,233.54,235.318,238.459,242.279,246.151,249.598,252.327,254.239,255.404,256.03,256.399,256.765,257.273,257.934,258.7,259.535,260.432,261.398,262.434,263.536,264.701,265.922,267.186,268.482,269.792,271.095,272.37,273.595,274.747,275.813,276.789,277.69,278.565,279.507,280.677,282.341
37320.0,378.669,367.546,356.128,344.413,332.381,320.042,307.46,294.775,282.226,270.166,259.056,249.428,241.801,236.569,233.891,233.629,235.362,238.472,242.273,246.137,249.582,252.314,254.23,255.399,256.028,256.398,256.766,257.273,257.934,258.7,259.535,260.432,261.398,262.434,263.536,264.701,265.922,267.186,268.482,269.792,271.095,272.37,273.595,274.747,275.813,276.789,277.69,278.565,279.507,280.677,282.341
37380.0,378.907,367.811,356.421,344.732,332.726,320.41,307.847,295.174,282.627,270.556,259.421,249.752,242.071,236.778,234.037,233.719,235.407,238.485,242.268,246.123,249.567,252.302,254.221,255.394,256.026,256.398,256.766,257.273,257.934,258.7,259.534,260.432,261.398,262.433,263.536,264.701,265.922,267.186,268.482,269.791,271.095,272.37,273.595,274.747,275.813,276.789,277.69,278.565,279.507,280.677,282.341
37440.0,379.142,368.072,356.71,345.049,333.068,320.776,308.231,295.57,283.026,270.945,259.785,250.076,242.342,236.987,234.184,233.809,235.452,238.499,242.262,246.11,249.552,252.289,254.212,255.389,256.024,256.398,256.766,257.274,257.935,258.7,259.534,260.432,261.398,262.433,263.536,264.701,265.921,267.186,268.482,269.791,271.095,272.37,273.595,274.747,275.813,276.789,277.69,278.565,279.507,280.677,282.341
37500.0,379.373,368.331,356.996,345.362,333.408,321.139,308.613,295.965,283.423,271.333,260.148,250.399,242.613,237.197,234.332,233.9,235.498,238.512,242.257,246.096,249.537,252.276,254.203,255.384,256.022,256.398,256.767,257.274,257.935,258.7,259.534,260.432,261.398,262.433,263.536,264.701,265.921,267.186,268.482,269.791,271.095,272.37,273.595,274.747,275.813,276.789,277.69,278.565,279.507,280.677,282.341
37560.0,379.602,368.586,357.279,345.673,333.745,321.499,308.992,296.356,283.818,271.719,260.51,250.722,242.884,237.407,234.48,233.992,235.544,238.527,242.253,246.083,249.522,252.264,254.195,255.379,256.021,256.398,256.767,257.274,257.935,258.7,259.534,260.432,261.398,262.433,263.536,264.701,265.921,267.186,268.482,269.791,271.095,272.37,273.595,274.747,275.813,276.789,277.69,278.565,279.507,280.677,282.341
37620.0,379.827,368.839,357.56,345.981,334.078,321.856,309.369,296.746,284.211,272.103,260.871,251.045,243.155,237.618,234.629,234.085,235.591,238.541,242.248,246.07,249.507,252.251,254.186,255.374,256.019,256.397,256.767,257.274,257.935,258.7,259.534,260.432,261.398,262.433,263.536,264.701,265.921,267.186,268.482,269.791,271.095,272.37,273.595,274.747,275.813,276.789,277.69,278.565,279.507,280.677,282.341
37680.0,380.05,369.089,357.837,346.285,334.409,322.21,309.743,297.133,284.602,272.486,261.232,251.368,243.426,237.829,234.778,234.178,235.638,238.557,242.244,246.057,249.492,252.238,254.177,255.369,256.017,256.397,256.768,257.275,257.935,258.7,259.534,260.432,261.398,262.433,263.536,264.701,265.921,267.186,268.482,269.791,271.095,272.37,273.595,274.747,275.813,276.789,277.69,278.565,279.507,280.677,282.341
37740.0,380.27,369.335,358.111,346.587,334.737,322.562,310.114,297.518,284.992,272.867,261.591,251.69,243.697,238.041,234.929,234.272,235.686,238.572,242.24,246.044,249.478,252.226,254.168,255.364,256.015,256.397,256.768,257.275,257.935,258.7,259.534,260.432,261.398,262.433,263.536,264.701,265.921,267.186,268.482,269.791,271.095,272.37,273.595,274.747,275.813,276.789,277.69,278.565,279.507,280.677,282.341
37800.0,380.487,369.579,358.383,346.886,335.062,322.91,310.483,297.9,285.379,273.247,261.949,252.011,243.968,238.253,235.08,234.366,235.735,238.588,242.236,246.031,249.463,252.213,254.16,255.359,256.013,256.397,256.768,257.275,257.935,258.7,259.534,260.432,261.398,262.433,263.536,264.701,265.921,267.186,268.482,269.791,271.095,272.37,273.595,274.747,275.813,276.788,277.69,278.565,279.507,280.677,282.341
37860.0,380.7,369.82,358.651,347.182,335.384,323.256,310.849,298.28,285.764,273.626,262.307,252.332,244.24,238.466,235.231,234.462,235.784,238.605,242.233,246.018,249.448,252.201,254.151,255.354,256.011,256.396,256.769,257.275,257.935,258.7,259.534,260.432,261.398,262.433,263.536,264.701,265.921,267.186,268.482,269.791,271.095,272.37,273.595,274.747,275.813,276.788,277.69,278.565,279.507,280.677,282.341
37920.0,380.911,370.057,358.917,347.474,335.703,323.6,311.212,298.658,286.147,274.003,262.663,252.653,244.511,238.679,235.384,234.558,235.834,238.622,242.23,246.005,249.433,252.188,254.142,255.349,256.009,256.396,256.769,257.276,257.935,258.7,259.534,260.432,261.398,262.433,263.536,264.701,265.921,267.186,268.482,269.791,271.095,272.37,273.595,274.747,275.813,276.788,277.69,278.565,279.507,280.677,282.341
37980.0,381.119,370.292,359.179,347.764,336.019,323.94,311.573,299.033,286.528,274.378,263.019,252.974,244.783,238.893,235.536,234.654,235.885,238.639,242.227,245.993,249.419,252.175,254.133,255.344,256.007,256.396,256.769,257.276,257.935,258.7,259.534,260.432,261.398,262.433,263.536,264.701,265.921,267.186,268.482,269.791,271.095,272.37,273.594,274.747,275.813,276.788,277.69,278.565,279.507,280.677,282.341
38040.0,381.325,370.524,359.439,348.052,336.333,324.278,311.931,299.406,286.907,274.752,263.373,253.293,245.055,239.107,235.69,234.752,235.936,238.657,242.224,245.981,249.404,252.163,254.124,255.339,256.005,256.395,256.769,257.276,257.935,258.7,259.534,260.432,261.397,262.433,263.536,264.701,265.921,267.186,268.482,269.791,271.095,272.37,273.594,274.747,275.813,276.788,277.69,278.565,279.507,280.677,282.341
38100.0,381.527,370.753,359.696,348.336,336.643,324.613,312.287,299.776,287.284,275.124,263.726,253.613,245.326,239.321,235.844,234.85,235.988,238.675,242.222,245.969,249.39,252.15,254.115,255.334,256.003,256.395,256.77,257.276,257.935,258.7,259.534,260.432,261.397,262.433,263.536,264.701,265.921,267.186,268.482,269.791,271.095,272.37,273.594,274.747,275.813,276.788,277.69,278.565,279.507,280.677,282.341
38160.0,381.726,370.98,359.95,348.617,336.951,324.945,312.64,300.145,287.659,275.494,264.078,253.932,245.598,239.536,235.999,234.948,236.04,238.694,242.22,245.957,249.376,252.138,254.107,255.329,256.001,256.395,256.77,257.277,257.935,258.7,259.534,260.431,261.397,262.433,263.536,264.701,265.921,267.186,268.482,269.791,271.095,272.37,273.594,274.747,275.813,276.788,277.69,278.565,279.507,280.677,282.341
38220.0,381.923,371.203,360.201,348.896,337.256,325.275,312.991,300.511,288.032,275.863,264.43,254.25,245.87,239.751,236.154,235.048,236.093,238.713,242.218,245.945,249.361,252.125,254.098,255.324,255.999,256.394,256.77,257.277,257.935,258.7,259.534,260.431,261.397,262.433,263.536,264.701,265.921,267.186,268.481,269.791,271.095,272.37,273.594,274.747,275.813,276.788,277.69,278.565,279.507,280.677,282.341
38280.0,382.117,371.424,360.449,349.172,337.559,325.602,313.338,300.874,288.403,276.231,264.78,254.568,246.141,239.967,236.311,235.148,236.146,238.732,242.217,245.933,249.347,252.113,254.089,255.319,255.997,256.394,256.771,257.277,257.935,258.7,259.534,260.431,261.397,262.433,263.536,264.701,265.921,267.186,268.481,269.791,271.095,272.37,273.594,274.747,275.813,276.788,277.69,278.565,279.507,280.677,282.341
38340.0,382.307,371.641,360.695,349.445,337.858,325.926,313.684,301.235,288.772,276.597,265.129,254.885,246.413,240.183,236.467,235.248,236.2,238.752,242.216,245.922,249.333,252.101,254.08,255.314,255.994,256.394,256.771,257.277,257.935,258.7,259.534,260.431,261.397,262.433,263.536,264.701,265.921,267.186,268.481,269.791,271.095,272.37,273.594,274.747,275.813,276.788,277.69,278.565,279.507,280.677,282.341
38400.0,382.496,371.856,360.937,349.715,338.155,326.247,314.027,301.594,289.139,276.961,265.477,255.202,246.685,240.399,236.624,235.35,236.255,238.773,242.215,245.911,249.319,252.088,254.071,255.309,255.992,256.394,256.771,257.278,257.935,258.7,259.534,260.431,261.397,262.433,263.536,264.701,265.921,267.186,268.481,269.791,271.095,272.37,273.594,274.747,275.813,276.788,277.69,278.565,279.507,280.677,282.341
38460.0,382.681,372.068,361.177,349.982,338.449,326.566,314.367,301.951,289.504,277.324,265.824,255.518,246.956,240.616,236.782,235.452,236.31,238.793,242.214,245.899,249.305,252.076,254.063,255.304,255.99,256.393,256.771,257.278,257.935,258.7,259.534,260.431,261.397,262.433,263.536,264.701,265.921,267.186,268.481,269.791,271.095,272.37,273.594,274.747,275.813,276.788,277.69,278.565,279.507,280.677,282.341
38520.0,382.863,372.278,361.414,350.247,338.74,326.882,314.705,302.305,289.867,277.685,266.17,255.834,247.228,240.833,236.941,235.554,236.365,238.815,242.214,245.888,249.291,252.063,254.054,255.299,255.988,256.393,256.772,257.278,257.936,258.699,259.534,260.431,261.397,262.433,263.536,264.701,265.921,267.186,268.481,269.791,271.095,272.37,273.594,274.747,275.813,276.788,277.69,278.565,279.507,280.677,282.341
38580.0,383.043,372.484,361.648,350.508,339.029,327.196,315.04,302.657,290.228,278.044,266.514,256.149,247.5,241.051,237.1,235.657,236.422,238.836,242.214,245.878,249.277,252.051,254.045,255.294,255.986,256.393,256.772,257.278,257.936,258.699,259.533,260.431,261.397,262.433,263.535,264.701,265.921,267.186,268.481,269.791,271.095,272.37,273.594,274.747,275.813,276.788,277.69,278.565,279.507,280.677,282.341
38640.0,383.22,372.688,361.88,350.767,339.314,327.506,315.373,303.007,290.587,278.402,266.858,256.464,247.771,241.268,237.259,235.761,236.479,238.858,242.214,245.867,249.263,252.039,254.036,255.289,255.984,256.392,256.772,257.279,257.936,258.699,259.533,260.431,261.397,262.433,263.535,264.701,265.921,267.186,268.481,269.791,271.095,272.37,273.594,274.747,275.813,276.788,277.69,278.565,279.507,280.677,282.341
38700.0,383.394,372.889,362.108,351.024,339.597,327.814,315.703,303.354,290.944,278.758,267.2,256.778,248.042,241.487,237.419,235.866,236.536,238.881,242.214,245.856,249.249,252.026,254.027,255.284,255.982,256.392,256.773,257.279,257.936,258.699,259.533,260.431,261.397,262.433,263.535,264.701,265.921,267.186,268.481,269.791,271.095,272.37,273.594,274.747,275.813,276.788,277.69,278.565,279.507,280.677,282.341
38760.0,383.566,373.087,362.334,351.277,339.878,328.12,316.031,303.699,291.299,279.113,267.542,257.091,248.314,241.705,237.58,235.971,236.594,238.904,242.215,245.846,249.236,252.014,254.018,255.279,255.98,256.391,256.773,257.279,257.936,258.699,259.533,260.431,261.397,262.433,263.535,264.701,265.921,267.186,268.481,269.791,271.094,272.37,273.594,274.747,275.813,276.788,277.69,278.565,279.507,280.677,282.341
38820.0,383.735,373.283,362.557,351.528,340.155,328.423,316.356,304.042,291.652,279.466,267.882,257.404,248.585,241.924,237.741,236.077,236.653,238.927,242.216,245.836,249.222,252.002,254.01,255.274,255.978,256.391,256.773,257.279,257.936,258.699,259.533,260.431,261.397,262.433,263.535,264.701,265.921,267.185,268.481,269.791,271.094,272.37,273.594,274.747,275.813,276.788,277.69,278.565,279.507,280.677,282.341
38880.0,383.901,373.476,362.778,351.776,340.43,328.723,316.679,304.382,292.003,279.817,268.221,257.716,248.856,242.143,237.903,236.183,236.712,238.951,242.218,245.826,249.209,251.99,254.001,255.269,255.976,256.391,256.773,257.28,257.936,258.699,259.533,260.431,261.397,262.433,263.535,264.7,265.921,267.185,268.481,269.791,271.094,272.37,273.594,274.747,275.813,276.788,277.69,278.565,279.507,280.677,282.341
38940.0,384.064,373.666,362.996,352.021,340.703,329.021,316.999,304.72,292.352,280.167,268.559,258.028,249.127,242.362,238.065,236.29,236.771,238.976,242.219,245.816,249.195,251.978,253.992,255.264,255.973,256.39,256.774,257.28,257.936,258.699,259.533,260.431,261.397,262.432,263.535,264.7,265.921,267.185,268.481,269.791,271.094,272.37,273.594,274.747,275.813,276.788,277.69,278.565,279.507,280.677,282.341
39000.0,384.225,373.853,363.211,352.264,340.972,329.316,317.317,305.056,292.699,280.515,268.895,258.338,249.397,242.581,238.228,236.398,236.832,239.0,242.221,245.806,249.182,251.965,253.983,255.259,255.971,256.39,256.774,257.28,257.936,258.699,259.533,260.431,261.397,262.432,263.535,264.7,265.921,267.185,268.481,269.791,271.094,272.37,273.594,274.747,275.813,276.788,277.69,278.565,279.507,280.677,282.341
39060.0,384.383,374.038,363.423,352.504,341.239,329.608,317.632,305.39,293.044,280.862,269.231,258.648,249.668,242.801,238.391,236.506,236.893,239.026,242.224,245.796,249.169,251.953,253.974,255.253,255.969,256.39,256.774,257.28,257.936,258.699,259.533,260.431,261.397,262.432,263.535,264.7,265.921,267.185,268.481,269.791,271.094,272.37,273.594,274.747,275.813,276.788,277.69,278.565,279.507,280.677,282.341
39120.0,384.539,374.22,363.633,352.741,341.503,329.898,317.945,305.721,293.387,281.206,269.565,258.958,249.938,243.021,238.555,236.615,236.954,239.051,242.226,245.787,249.155,251.941,253.966,255.248,255.967,256.389,256.774,257.281,257.936,258.699,259.533,260.431,261.397,262.432,263.535,264.7,265.921,267.185,268.481,269.791,271.094,272.37,273.594,274.747,275.813,276.788,277.69,278.565,279.507,280.677,282.341
39180.0,384.691,374.4,363.84,352.976,341.765,330.186,318.255,306.05,293.727,281.55,269.898,259.267,250.208,243.241,238.719,236.724,237.016,239.077,242.229,245.778,249.142,251.929,253.957,255.243,255.965,256.389,256.775,257.281,257.936,258.699,259.533,260.431,261.397,262.432,263.535,264.7,265.921,267.185,268.481,269.791,271.094,272.37,273.594,274.747,275.813,276.788,277.69,278.565,279.507,280.677,282.341
39240.0,384.842,374.577,364.044,353.208,342.024,330.47,318.563,306.377,294.066,281.891,270.23,259.575,250.478,243.461,238.884,236.834,237.078,239.104,242.232,245.769,249.129,251.917,253.948,255.238,255.963,256.388,256.775,257.281,257.936,258.699,259.533,260.431,261.397,262.432,263.535,264.7,265.92,267.185,268.481,269.791,271.094,272.37,273.594,274.747,275.813,276.788,277.69,278.565,279.507,280.677,282.341
39300.0,384.989,374.751,364.246,353.437,342.281,330.753,318.868,306.701,294.403,282.231,270.561,259.882,250.748,243.682,239.049,236.944,237.141,239.131,242.235,245.76,249.116,251.905,253.939,255.233,255.96,256.388,256.775,257.281,257.936,258.699,259.533,260.431,261.397,262.432,263.535,264.7,265.92,267.185,268.481,269.791,271.094,272.37,273.594,274.747,275.813,276.788,277.69,278.565,279.507,280.677,282.341
39360.0,385.134,374.922,364.445,353.664,342.535,331.032,319.171,307.023,294.738,282.569,270.89,260.189,251.018,243.903,239.215,237.056,237.205,239.158,242.239,245.751,249.103,251.893,253.93,255.228,255.958,256.388,256.775,257.281,257.936,258.699,259.533,260.431,261.397,262.432,263.535,264.7,265.92,267.185,268.481,269.791,271.094,272.37,273.594,274.747,275.813,276.788,277.69,278.565,279.507,280.677,282.341
39420.0,385.277,375.091,364.642,353.888,342.786,331.309,319.472,307.343,295.071,282.905,271.219,260.495,251.287,244.124,239.381,237.167,237.269,239.186,242.243,245.742,249.09,251.881,253.921,255.222,255.956,256.387,256.776,257.282,257.936,258.699,259.533,260.431,261.397,262.432,263.535,264.7,265.92,267.185,268.481,269.791,271.094,272.37,273.594,274.747,275.813,276.788,277.69,278.565,279.507,280.678,282.341
39480.0,385.416,375.258,364.836,354.11,343.035,331.584,319.77,307.661,295.401,283.24,271.546,260.8,251.556,244.345,239.548,237.28,237.334,239.214,242.247,245.734,249.078,251.869,253.913,255.217,255.954,256.387,256.776,257.282,257.936,258.699,259.533,260.43,261.397,262.432,263.535,264.7,265.92,267.185,268.481,269.791,271.094,272.37,273.594,274.747,275.813,276.788,277.69,278.565,279.507,280.678,282.341
39540.0,385.554,375.422,365.027,354.329,343.281,331.856,320.066,307.976,295.73,283.573,271.871,261.104,251.825,244.566,239.715,237.392,237.399,239.243,242.252,245.726,249.065,251.857,253.904,255.212,255.951,256.386,256.776,257.282,257.937,258.699,259.533,260.43,261.396,262.432,263.535,264.7,265.92,267.185,268.481,269.791,271.094,272.37,273.594,274.747,275.813,276.788,277.69,278.565,279.507,280.678,282.341
39600.0,385.688,375.583,365.216,354.545,343.524,332.126,320.359,308.289,296.057,283.905,272.196,261.408,252.093,244.788,239.882,237.506,237.465,239.272,242.257,245.718,249.052,251.845,253.895,255.207,255.949,256.386,256.776,257.282,257.937,258.699,259.533,260.43,261.396,262.432,263.535,264.7,265.92,267.185,268.481,269.791,271.094,272.37,273.594,274.747,275.812,276.788,277.69,278.565,279.507,280.678,282.341
39660.0,385.821,375.742,365.402,354.759,343.766,332.393,320.65,308.6,296.382,284.235,272.519,261.711,252.362,245.009,240.05,237.62,237.531,239.301,242.262,245.71,249.04,251.833,253.886,255.202,255.947,256.385,256.777,257.283,257.937,258.699,259.533,260.43,261.396,262.432,263.535,264.7,265.92,267.185,268.481,269.79,271.094,272.37,273.594,274.747,275.812,276.788,277.69,278.565,279.507,280.678,282.341
39720.0,385.95,375.898,365.586,354.971,344.004,332.658,320.939,308.909,296.704,284.563,272.841,262.013,252.63,245.231,240.218,237.734,237.598,239.331,242.268,245.702,249.028,251.821,253.877,255.196,255.945,256.385,256.777,257.283,257.937,258.699,259.532,260.43,261.396,262.432,263.535,264.7,265.92,267.185,268.481,269.79,271.094,272.37,273.594,274.747,275.812,276.788,277.69,278.565,279.507,280.678,282.341
39780.0,386.077,376.052,365.767,355.179,344.24,332.92,321.225,309.215,297.025,284.889,273.162,262.314,252.897,245.453,240.387,237.849,237.666,239.362,242.273,245.695,249.015,251.809,253.869,255.191,255.942,256.384,256.777,257.283,257.937,258.699,259.532,260.43,261.396,262.432,263.535,264.7,265.92,267.185,268.481,269.79,271.094,272.37,273.594,274.747,275.812,276.788,277.69,278.565,279.507,280.678,282.341
39840.0,386.202,376.203,365.946,355.386,344.474,333.18,321.509,309.519,297.344,285.214,273.481,262.615,253.165,245.675,240.556,237.965,237.733,239.393,242.28,245.687,249.003,251.798,253.86,255.186,255.94,256.384,256.777,257.283,257.937,258.699,259.532,260.43,261.396,262.432,263.535,264.7,265.92,267.185,268.481,269.79,271.094,272.37,273.594,274.747,275.812,276.788,277.69,278.565,279.507,280.678,282.341
39900.0,386.324,376.352,366.122,355.59,344.705,333.437,321.79,309.821,297.66,285.537,273.799,262.914,253.432,245.897,240.726,238.081,237.802,239.424,242.286,245.68,248.991,251.786,253.851,255.181,255.938,256.383,256.778,257.284,257.937,258.699,259.532,260.43,261.396,262.432,263.535,264.7,265.92,267.185,268.481,269.79,271.094,272.369,273.594,274.747,275.812,276.788,277.69,278.565,279.507,280.678,282.341
39960.0,386.444,376.498,366.296,355.791,344.933,333.692,322.069,310.121,297.975,285.858,274.116,263.213,253.698,246.119,240.896,238.198,237.871,239.456,242.293,245.673,248.979,251.774,253.842,255.175,255.936,256.383,256.778,257.284,257.937,258.699,259.532,260.43,261.396,262.432,263.535,264.7,265.92,267.185,268.481,269.79,271.094,272.369,273.594,274.747,275.812,276.788,277.69,278.565,279.507,280.678,282.341
40020.0,386.561,376.642,366.467,355.99,345.159,333.944,322.346,310.419,298.288,286.178,274.432,263.511,253.965,246.341,241.066,238.315,237.94,239.488,242.3,245.666,248.967,251.762,253.833,255.17,255.933,256.383,256.778,257.284,257.937,258.699,259.532,260.43,261.396,262.432,263.535,264.7,265.92,267.185,268.481,269.79,271.094,272.369,273.594,274.747,275.812,276.788,277.69,278.565,279.507,280.678,282.341
40080.0,386.676,376.783,366.636,356.186,345.383,334.194,322.62,310.714,298.599,286.496,274.746,263.808,254.231,246.564,241.237,238.433,238.011,239.52,242.307,245.66,248.955,251.751,253.825,255.165,255.931,256.382,256.778,257.284,257.937,258.698,259.532,260.43,261.396,262.432,263.535,264.7,265.92,267.185,268.481,269.79,271.094,272.369,273.594,274.747,275.812,276.788,277.69,278.565,279.507,280.678,282.341
40140.0,386.788,376.922,366.802,356.38,345.604,334.442,322.892,311.007,298.907,286.812,275.059,264.105,254.496,246.786,241.408,238.551,238.081,239.553,242.314,245.653,248.943,251.739,253.816,255.16,255.929,256.382,256.778,257.285,257.937,258.698,259.532,260.43,261.396,262.432,263.535,264.7,265.92,267.185,268.481,269.79,271.094,272.369,273.594,274.747,275.812,276.788,277.69,278.565,279.507,280.678,282.341
40200.0,386.898,377.058,366.966,356.571,345.823,334.687,323.162,311.298,299.214,287.127,275.371,264.4,254.762,247.008,241.579,238.67,238.152,239.587,242.322,245.647,248.931,251.727,253.807,255.154,255.926,256.381,256.779,257.285,257.937,258.698,259.532,260.43,261.396,262.432,263.534,264.7,265.92,267.185,268.481,269.79,271.094,272.369,273.594,274.746,275.812,276.788,277.69,278.565,279.507,280.678,282.341
40260.0,387.006,377.192,367.127,356.76,346.039,334.93,323.43,311.587,299.519,287.44,275.681,264.695,255.026,247.231,241.751,238.789,238.224,239.621,242.331,245.641,248.92,251.716,253.798,255.149,255.924,256.381,256.779,257.285,257.937,258.698,259.532,260.43,261.396,262.432,263.534,264.7,265.92,267.185,268.481,269.79,271.094,272.369,273.594,274.746,275.812,276.788,277.69,278.565,279.507,280.678,282.341
40320.0,387.111,377.323,367.286,356.947,346.253,335.17,323.695,311.873,299.822,287.751,275.99,264.989,255.291,247.453,241.923,238.909,238.296,239.655,242.339,245.635,248.908,251.704,253.789,255.144,255.922,256.38,256.779,257.285,257.937,258.698,259.532,260.43,261.396,262.432,263.534,264.7,265.92,267.185,268.48,269.79,271.094,272.369,273.594,274.746,275.812,276.788,277.69,278.565,279.507,280.678,282.341
40380.0,387.214,377.453,367.442,357.131,346.464,335.408,323.957,312.158,300.123,288.061,276.298,265.282,255.555,247.676,242.096,239.029,238.369,239.69,242.348,245.629,248.897,251.693,253.781,255.139,255.919,256.379,256.779,257.285,257.937,258.698,259.532,260.43,261.396,262.432,263.534,264.7,265.92,267.185,268.48,269.79,271.094,272.369,273.594,274.746,275.812,276.788,277.69,278.565,279.507,280.678,282.341
40440.0,387.314,377.579,367.596,357.312,346.673,335.644,324.218,312.44,300.421,288.369,276.604,265.574,255.819,247.898,242.268,239.15,238.442,239.725,242.357,245.623,248.885,251.681,253.772,255.133,255.917,256.379,256.779,257.286,257.937,258.698,259.532,260.43,261.396,262.432,263.534,264.7,265.92,267.185,268.48,269.79,271.094,272.369,273.594,274.746,275.812,276.788,277.69,278.565,279.507,280.678,282.341
40500.0,387.412,377.704,367.748,357.492,346.88,335.877,324.476,312.72,300.718,288.675,276.909,265.865,256.082,248.121,242.442,239.271,238.515,239.76,242.366,245.618,248.874,251.67,253.763,255.128,255.915,256.378,256.78,257.286,257.937,258.698,259.532,260.43,261.396,262.431,263.534,264.7,265.92,267.185,268.48,269.79,271.094,272.369,273.594,274.746,275.812,276.788,277.69,278.565,279.507,280.678,282.341
40560.0,387.507,377.826,367.897,357.669,347.084,336.108,324.732,312.998,301.013,288.979,277.213,266.155,256.345,248.343,242.615,239.393,238.59,239.796,242.376,245.613,248.863,251.658,253.754,255.123,255.912,256.378,256.78,257.286,257.938,258.698,259.532,260.43,261.396,262.431,263.534,264.7,265.92,267.185,268.48,269.79,271.094,272.369,273.594,274.746,275.812,276.788,277.69,278.565,279.507,280.678,282.341
40620.0,387.601,377.945,368.044,357.843,347.286,336.336,324.986,313.274,301.306,289.282,277.515,266.444,256.607,248.566,242.789,239.515,238.664,239.833,242.386,245.608,248.852,251.647,253.746,255.117,255.91,256.377,256.78,257.286,257.938,258.698,259.532,260.43,261.396,262.431,263.534,264.699,265.92,267.185,268.48,269.79,271.094,272.369,273.594,274.746,275.812,276.788,277.69,278.565,279.507,280.678,282.341
40680.0,387.692,378.063,368.189,358.015,347.486,336.563,325.237,313.547,301.597,289.583,277.816,266.733,256.869,248.788,242.963,239.638,238.739,239.87,242.396,245.603,248.841,251.636,253.737,255.112,255.907,256.377,256.78,257.287,257.938,258.698,259.532,260.43,261.396,262.431,263.534,264.699,265.92,267.185,268.48,269.79,271.094,272.369,273.594,274.746,275.812,276.788,277.69,278.565,279.507,280.678,282.341
40740.0,387.78,378.178,368.331,358.185,347.683,336.787,325.486,313.819,301.886,289.882,278.116,267.02,257.13,249.011,243.137,239.761,238.815,239.907,242.407,245.598,248.83,251.624,253.728,255.107,255.905,256.376,256.78,257.287,257.938,258.698,259.532,260.43,261.396,262.431,263.534,264.699,265.92,267.184,268.48,269.79,271.094,272.369,273.594,274.746,275.812,276.788,277.69,278.565,279.507,280.678,282.341
40800.0,387.867,378.29,368.471,358.353,347.878,337.008,325.733,314.088,302.173,290.18,278.414,267.307,257.391,249.233,243.311,239.884,238.891,239.945,242.418,245.594,248.819,251.613,253.719,255.101,255.903,256.376,256.781,257.287,257.938,258.698,259.532,260.43,261.396,262.431,263.534,264.699,265.92,267.184,268.48,269.79,271.094,272.369,273.594,274.746,275.812,276.788,277.69,278.565,279.507,280.678,282.341
40860.0,387.951,378.401,368.609,358.518,348.071,337.228,325.978,314.355,302.458,290.476,278.711,267.592,257.651,249.455,243.486,240.008,238.968,239.983,242.429,245.59,248.808,251.602,253.711,255.096,255.9,256.375,256.781,257.287,257.938,258.698,259.532,260.429,261.396,262.431,263.534,264.699,265.92,267.184,268.48,269.79,271.094,272.369,273.594,274.746,275.812,276.788,277.69,278.565,279.507,280.678,282.341
40920.0,388.032,378.509,368.744,358.68,348.261,337.445,326.22,314.62,302.741,290.77,279.007,267.877,257.911,249.677,243.661,240.133,239.045,240.022,242.441,245.585,248.797,251.591,253.702,255.091,255.898,256.375,256.781,257.288,257.938,258.698,259.531,260.429,261.396,262.431,263.534,264.699,265.92,267.184,268.48,269.79,271.094,272.369,273.594,274.746,275.812,276.788,277.69,278.565,279.507,280.678,282.341
40980.0,388.112,378.614,368.877,358.841,348.449,337.66,326.461,314.883,303.023,291.063,279.301,268.161,258.171,249.899,243.837,240.258,239.123,240.061,242.453,245.582,248.787,251.579,253.693,255.085,255.895,256.374,256.781,257.288,257.938,258.698,259.531,260.429,261.396,262.431,263.534,264.699,265.92,267.184,268.48,269.79,271.094,272.369,273.594,274.746,275.812,276.788,277.69,278.565,279.507,280.678,282.341
41040.0,388.189,378.718,369.008,358.999,348.635,337.872,326.699,315.144,303.302,291.353,279.594,268.443,258.43,250.122,244.012,240.383,239.201,240.1,242.465,245.578,248.776,251.568,253.684,255.08,255.893,256.373,256.781,257.288,257.938,258.698,259.531,260.429,261.395,262.431,263.534,264.699,265.919,267.184,268.48,269.79,271.094,272.369,273.594,274.746,275.812,276.788,277.69,278.565,279.507,280.678,282.341
41100.0,388.264,378.819,369.136,359.155,348.818,338.082,326.934,315.403,303.579,291.643,279.885,268.725,258.688,250.343,244.188,240.509,239.279,240.14,242.477,245.574,248.766,251.557,253.676,255.075,255.89,256.373,256.781,257.288,257.938,258.698,259.531,260.429,261.395,262.431,263.534,264.699,265.919,267.184,268.48,269.79,271.094,272.369,273.594,274.746,275.812,276.788,277.69,278.565,279.507,280.678,282.341
41160.0,388.337,378.918,369.262,359.309,348.999,338.29,327.168,315.66,303.854,291.93,280.176,269.006,258.946,250.565,244.364,240.635,239.358,240.18,242.49,245.571,248.756,251.546,253.667,255.069,255.888,256.372,256.782,257.288,257.938,258.698,259.531,260.429,261.395,262.431,263.534,264.699,265.919,267.184,268.48,269.79,271.094,272.369,273.594,274.746,275.812,276.788,277.69,278.565,279.507,280.678,282.341
41220.0,388.407,379.015,369.386,359.46,349.178,338.496,327.399,315.914,304.128,292.216,280.464,269.286,259.203,250.787,244.54,240.761,239.438,240.221,242.503,245.568,248.746,251.535,253.658,255.064,255.886,256.372,256.782,257.289,257.938,258.698,259.531,260.429,261.395,262.431,263.534,264.699,265.919,267.184,268.48,269.79,271.094,272.369,273.594,274.746,275.812,276.788,277.69,278.565,279.507,280.678,282.341
41280.0,388.475,379.109,369.508,359.609,349.354,338.7,327.629,316.167,304.399,292.5,280.752,269.565,259.46,251.009,244.717,240.888,239.518,240.262,242.517,245.565,248.736,251.524,253.65,255.058,255.883,256.371,256.782,257.289,257.938,258.698,259.531,260.429,261.395,262.431,263.534,264.699,265.919,267.184,268.48,269.79,271.094,272.369,273.594,274.746,275.812,276.788,277.69,278.565,279.507,280.678,282.341
41340.0,388.541,379.202,369.627,359.756,349.529,338.901,327.856,316.417,304.669,292.782,281.038,269.843,259.716,251.23,244.893,241.016,239.598,240.303,242.53,245.562,248.726,251.513,253.641,255.053,255.881,256.37,256.782,257.289,257.938,258.698,259.531,260.429,261.395,262.431,263.534,264.699,265.919,267.184,268.48,269.79,271.093,272.369,273.594,274.746,275.812,276.788,277.69,278.565,279.507,280.678,282.341
41400.0,388.605,379.292,369.745,359.901,349.701,339.1,328.081,316.665,304.937,293.063,281.322,270.119,259.972,251.451,245.07,241.144,239.679,240.345,242.544,245.56,248.716,251.502,253.632,255.048,255.878,256.37,256.782,257.289,257.938,258.698,259.531,260.429,261.395,262.431,263.534,264.699,265.919,267.184,268.48,269.79,271.093,272.369,273.594,274.746,275.812,276.788,277.69,278.565,279.507,280.678,282.341
41460.0,388.667,379.379,369.86,360.043,349.871,339.297,328.303,316.911,305.202,293.342,281.605,270.395,260.227,251.673,245.247,241.272,239.761,240.388,242.559,245.557,248.706,251.491,253.624,255.042,255.876,256.369,256.782,257.29,257.939,258.698,259.531,260.429,261.395,262.431,263.534,264.699,265.919,267.184,268.48,269.79,271.093,272.369,273.593,274.746,275.812,276.788,277.69,278.565,279.507,280.678,282.341
41520.0,388.727,379.465,369.972,360.184,350.038,339.492,328.524,317.156,305.466,293.619,281.887,270.67,260.482,251.894,245.424,241.401,239.843,240.43,242.573,245.555,248.696,251.481,253.615,255.037,255.873,256.368,256.783,257.29,257.939,258.698,259.531,260.429,261.395,262.431,263.534,264.699,265.919,267.184,268.48,269.79,271.093,272.369,273.593,274.746,275.812,276.788,277.69,278.565,279.507,280.678,282.341
41580.0,388.784,379.549,370.083,360.322,350.204,339.684,328.742,317.398,305.728,293.895,282.168,270.944,260.736,252.114,245.602,241.529,239.925,240.474,242.588,245.553,248.687,251.47,253.606,255.031,255.871,256.368,256.783,257.29,257.939,258.698,259.531,260.429,261.395,262.431,263.534,264.699,265.919,267.184,268.48,269.79,271.093,272.369,273.593,274.746,275.812,276.788,277.69,278.565,279.507,280.678,282.341
41640.0,388.839,379.63,370.191,360.457,350.367,339.875,328.959,317.638,305.988,294.168,282.447,271.217,260.989,252.335,245.779,241.659,240.008,240.517,242.604,245.551,248.677,251.459,253.598,255.026,255.868,256.367,256.783,257.29,257.939,258.698,259.531,260.429,261.395,262.431,263.534,264.699,265.919,267.184,268.48,269.79,271.093,272.369,273.593,274.746,275.812,276.788,277.69,278.565,279.507,280.678,282.341
41700.0,388.892,379.709,370.298,360.591,350.528,340.063,329.173,317.876,306.246,294.441,282.724,271.489,261.242,252.556,245.957,241.789,240.091,240.561,242.619,245.55,248.668,251.448,253.589,255.021,255.866,256.367,256.783,257.29,257.939,258.698,259.531,260.429,261.395,262.431,263.534,264.699,265.919,267.184,268.48,269.79,271.093,272.369,273.593,274.746,275.812,276.788,277.69,278.565,279.507,280.678,282.341
41760.0,388.943,379.786,370.402,360.723,350.687,340.249,329.385,318.112,306.502,294.711,283.001,271.759,261.494,252.776,246.135,241.919,240.174,240.606,242.635,245.548,248.659,251.438,253.581,255.015,255.863,256.366,256.783,257.291,257.939,258.698,259.531,260.429,261.395,262.431,263.534,264.699,265.919,267.184,268.48,269.79,271.093,272.369,273.593,274.746,275.812,276.788,277.69,278.565,279.507,280.678,282.341
41820.0,388.992,379.861,370.504,360.852,350.844,340.433,329.595,318.346,306.757,294.98,283.275,272.029,261.745,252.996,246.313,242.049,240.259,240.65,242.651,245.547,248.65,251.427,253.572,255.01,255.86,256.365,256.783,257.291,257.939,258.698,259.531,260.429,261.395,262.431,263.533,264.699,265.919,267.184,268.48,269.79,271.093,272.369,273.593,274.746,275.812,276.788,277.69,278.565,279.507,280.678,282.341
41880.0,389.039,379.934,370.603,360.979,350.999,340.615,329.803,318.578,307.009,295.247,283.549,272.298,261.996,253.216,246.491,242.18,240.343,240.696,242.668,245.546,248.641,251.416,253.563,255.004,255.858,256.365,256.783,257.291,257.939,258.697,259.531,260.429,261.395,262.431,263.533,264.699,265.919,267.184,268.48,269.79,271.093,272.369,273.593,274.746,275.812,276.788,277.69,278.565,279.507,280.678,282.341
41940.0,389.083,380.005,370.701,361.104,351.151,340.794,330.009,318.808,307.26,295.513,283.821,272.565,262.247,253.435,246.669,242.311,240.428,240.741,242.684,245.545,248.632,251.406,253.555,254.999,255.855,256.364,256.784,257.291,257.939,258.697,259.531,260.429,261.395,262.431,263.533,264.699,265.919,267.184,268.48,269.79,271.093,272.369,273.593,274.746,275.812,276.788,277.69,278.565,279.507,280.678,282.341
42000.0,389.126,380.073,370.797,361.227,351.302,340.972,330.213,319.036,307.508,295.776,284.092,272.832,262.496,253.655,246.847,242.443,240.513,240.787,242.702,245.545,248.623,251.395,253.546,254.993,255.853,256.363,256.784,257.291,257.939,258.697,259.531,260.429,261.395,262.43,263.533,264.699,265.919,267.184,268.48,269.789,271.093,272.369,273.593,274.746,275.812,276.788,277.69,278.565,279.507,280.678,282.341
42060.0,389.166,380.14,370.89,361.348,351.45,341.147,330.414,319.262,307.755,296.038,284.361,273.098,262.745,253.874,247.026,242.574,240.599,240.834,242.719,245.544,248.614,251.385,253.538,254.988,255.85,256.362,256.784,257.292,257.939,258.697,259.531,260.429,261.395,262.43,263.533,264.699,265.919,267.184,268.48,269.789,271.093,272.369,273.593,274.746,275.812,276.788,277.69,278.565,279.507,280.678,282.341
42120.0,389.205,380.204,370.982,361.467,351.596,341.32,330.614,319.486,308.0,296.299,284.629,273.362,262.993,254.093,247.204,242.707,240.685,240.88,242.737,245.544,248.606,251.375,253.529,254.982,255.848,256.362,256.784,257.292,257.939,258.697,259.53,260.429,261.395,262.43,263.533,264.699,265.919,267.184,268.48,269.789,271.093,272.369,273.593,274.746,275.812,276.788,277.69,278.565,279.507,280.678,282.341
42180.0,389.241,380.267,371.071,361.583,351.74,341.492,330.811,319.708,308.243,296.557,284.895,273.625,263.241,254.312,247.383,242.839,240.772,240.928,242.755,245.544,248.597,251.364,253.52,254.977,255.845,256.361,256.784,257.292,257.939,258.697,259.53,260.429,261.395,262.43,263.533,264.699,265.919,267.184,268.48,269.789,271.093,272.369,273.593,274.746,275.812,276.788,277.69,278.565,279.507,280.678,282.341
42240.0,389.276,380.327,371.158,361.698,351.882,341.661,331.007,319.928,308.484,296.815,285.16,273.888,263.488,254.53,247.562,242.972,240.859,240.975,242.773,245.544,248.589,251.354,253.512,254.972,255.842,256.36,256.784,257.292,257.939,258.697,259.53,260.428,261.395,262.43,263.533,264.699,265.919,267.184,268.48,269.789,271.093,272.369,273.593,274.746,275.812,276.788,277.69,278.565,279.507,280.678,282.341
42300.0,389.308,380.385,371.243,361.81,352.022,341.828,331.2,320.146,308.724,297.07,285.424,274.149,263.734,254.748,247.741,243.105,240.947,241.023,242.792,245.545,248.58,251.344,253.503,254.966,255.84,256.36,256.784,257.293,257.939,258.697,259.53,260.428,261.395,262.43,263.533,264.698,265.919,267.184,268.48,269.789,271.093,272.369,273.593,274.746,275.812,276.788,277.69,278.565,279.507,280.678,282.341
42360.0,389.338,380.442,371.327,361.921,352.16,341.993,331.392,320.362,308.961,297.324,285.686,274.409,263.98,254.966,247.92,243.239,241.035,241.072,242.811,245.545,248.572,251.333,253.495,254.961,255.837,256.359,256.784,257.293,257.94,258.697,259.53,260.428,261.395,262.43,263.533,264.698,265.919,267.184,268.48,269.789,271.093,272.369,273.593,274.746,275.812,276.788,277.69,278.565,279.507,280.678,282.341
42420.0,389.366,380.496,371.408,362.029,352.296,342.156,331.581,320.576,309.197,297.576,285.947,274.668,264.225,255.184,248.099,243.372,241.123,241.121,242.83,245.546,248.564,251.323,253.486,254.955,255.835,256.358,256.784,257.293,257.94,258.697,259.53,260.428,261.395,262.43,263.533,264.698,265.919,267.184,268.479,269.789,271.093,272.369,273.593,274.746,275.812,276.788,277.69,278.565,279.507,280.678,282.341
42480.0,389.393,380.548,371.487,362.135,352.429,342.317,331.769,320.788,309.431,297.826,286.206,274.926,264.469,255.401,248.278,243.506,241.212,241.17,242.85,245.547,248.556,251.313,253.478,254.95,255.832,256.358,256.785,257.293,257.94,258.697,259.53,260.428,261.394,262.43,263.533,264.698,265.919,267.184,268.479,269.789,271.093,272.369,273.593,274.746,275.812,276.788,277.69,278.565,279.507,280.678,282.341
42540.0,389.417,380.598,371.564,362.24,352.561,342.476,331.954,320.998,309.663,298.075,286.464,275.183,264.713,255.618,248.457,243.641,241.301,241.219,242.87,245.548,248.548,251.303,253.469,254.944,255.829,256.357,256.785,257.293,257.94,258.697,259.53,260.428,261.394,262.43,263.533,264.698,265.919,267.184,268.479,269.789,271.093,272.369,273.593,274.746,275.812,276.788,277.69,278.565,279.507,280.678,282.341
42600.0,389.439,380.647,371.639,362.342,352.691,342.633,332.137,321.207,309.893,298.322,286.72,275.439,264.956,255.835,248.636,243.775,241.39,241.269,242.89,245.55,248.54,251.293,253.461,254.939,255.827,256.356,256.785,257.294,257.94,258.697,259.53,260.428,261.394,262.43,263.533,264.698,265.919,267.184,268.479,269.789,271.093,272.369,273.593,274.746,275.812,276.788,277.69,278.565,279.507,280.678,282.341
42660.0,389.46,380.693,371.712,362.442,352.818,342.788,332.319,321.413,310.121,298.567,286.975,275.694,265.198,256.051,248.815,243.91,241.48,241.32,242.91,245.551,248.533,251.283,253.452,254.933,255.824,256.355,256.785,257.294,257.94,258.697,259.53,260.428,261.394,262.43,263.533,264.698,265.919,267.184,268.479,269.789,271.093,272.369,273.593,274.746,275.812,276.788,277.69,278.565,279.507,280.678,282.341
42720.0,389.478,380.737,371.783,362.541,352.944,342.94,332.498,321.617,310.348,298.811,287.229,275.948,265.439,256.267,248.994,244.045,241.571,241.371,242.931,245.553,248.525,251.273,253.444,254.928,255.821,256.355,256.785,257.294,257.94,258.697,259.53,260.428,261.394,262.43,263.533,264.698,265.919,267.183,268.479,269.789,271.093,272.369,273.593,274.746,275.812,276.788,277.69,278.565,279.507,280.678,282.341
42780.0,389.495,380.78,371.852,362.637,353.067,343.091,332.676,321.82,310.572,299.053,287.481,276.2,265.68,256.483,249.173,244.181,241.661,241.422,242.952,245.555,248.518,251.263,253.436,254.922,255.819,256.354,256.785,257.294,257.94,258.697,259.53,260.428,261.394,262.43,263.533,264.698,265.919,267.183,268.479,269.789,271.093,272.369,273.593,274.746,275.812,276.788,277.69,278.565,279.507,280.678,282.341
42840.0,389.509,380.82,371.919,362.731,353.189,343.24,332.851,322.021,310.795,299.293,287.732,276.452,265.92,256.698,249.352,244.317,241.752,241.473,242.974,245.557,248.511,251.253,253.427,254.917,255.816,256.353,256.785,257.294,257.94,258.697,259.53,260.428,261.394,262.43,263.533,264.698,265.918,267.183,268.479,269.789,271.093,272.369,273.593,274.746,275.812,276.788,277.69,278.565,279.507,280.678,282.341
42900.0,389.522,380.858,371.985,362.823,353.309,343.387,333.025,322.219,311.016,299.532,287.982,276.702,266.159,256.913,249.532,244.453,241.844,241.525,242.995,245.56,248.503,251.243,253.419,254.911,255.813,256.352,256.785,257.295,257.94,258.697,259.53,260.428,261.394,262.43,263.533,264.698,265.918,267.183,268.479,269.789,271.093,272.368,273.593,274.746,275.812,276.788,277.69,278.565,279.507,280.678,282.341
42960.0,389.533,380.895,372.048,362.914,353.426,343.532,333.196,322.416,311.236,299.769,288.23,276.951,266.397,257.128,249.711,244.589,241.936,241.577,243.017,245.562,248.496,251.234,253.41,254.906,255.811,256.352,256.785,257.295,257.94,258.697,259.53,260.428,261.394,262.43,263.533,264.698,265.918,267.183,268.479,269.789,271.093,272.368,273.593,274.746,275.812,276.788,277.69,278.565,279.507,280.678,282.341
43020.0,389.541,380.93,372.109,363.002,353.542,343.675,333.366,322.611,311.453,300.005,288.476,277.199,266.635,257.342,249.89,244.725,242.028,241.63,243.04,245.565,248.489,251.224,253.402,254.9,255.808,256.351,256.785,257.295,257.94,258.697,259.53,260.428,261.394,262.43,263.533,264.698,265.918,267.183,268.479,269.789,271.093,272.368,273.593,274.746,275.812,276.788,277.69,278.565,279.507,280.678,282.342
43080.0,389.548,380.962,372.168,363.089,353.656,343.816,333.534,322.804,311.669,300.239,288.722,277.446,266.872,257.556,250.069,244.862,242.12,241.683,243.062,245.568,248.483,251.214,253.394,254.895,255.805,256.35,256.785,257.295,257.94,258.697,259.53,260.428,261.394,262.43,263.533,264.698,265.918,267.183,268.479,269.789,271.093,272.368,273.593,274.746,275.812,276.788,277.69,278.565,279.507,280.678,282.342
43140.0,389.553,380.993,372.226,363.173,353.768,343.955,333.699,322.995,311.883,300.471,288.965,277.692,267.108,257.769,250.248,244.999,242.213,241.737,243.085,245.572,248.476,251.205,253.385,254.889,255.803,256.349,256.785,257.295,257.94,258.697,259.53,260.428,261.394,262.43,263.533,264.698,265.918,267.183,268.479,269.789,271.093,272.368,273.593,274.746,275.812,276.788,277.69,278.565,279.507,280.678,282.342
43200.0,389.556,381.022,372.281,363.256,353.878,344.092,333.863,323.185,312.095,300.702,289.208,277.937,267.344,257.983,250.427,245.136,242.307,241.79,243.109,245.575,248.469,251.195,253.377,254.884,255.8,256.348,256.786,257.296,257.941,258.697,259.53,260.428,261.394,262.43,263.533,264.698,265.918,267.183,268.479,269.789,271.093,272.368,273.593,274.746,275.812,276.788,277.69,278.565,279.507,280.678,282.342
43260.0,389.558,381.049,372.335,363.337,353.986,344.227,334.025,323.372,312.305,300.93,289.449,278.181,267.578,258.195,250.607,245.273,242.4,241.845,243.132,245.579,248.463,251.186,253.368,254.878,255.797,256.348,256.786,257.296,257.941,258.697,259.53,260.428,261.394,262.43,263.533,264.698,265.918,267.183,268.479,269.789,271.093,272.368,273.593,274.746,275.812,276.788,277.69,278.565,279.507,280.678,282.342
43320.0,389.557,381.074,372.387,363.415,354.092,344.361,334.185,323.558,312.514,301.158,289.688,278.423,267.812,258.408,250.786,245.411,242.494,241.899,243.156,245.583,248.456,251.176,253.36,254.873,255.795,256.347,256.786,257.296,257.941,258.697,259.529,260.428,261.394,262.43,263.533,264.698,265.918,267.183,268.479,269.789,271.093,272.368,273.593,274.746,275.812,276.788,277.69,278.565,279.507,280.678,282.342
43380.0,389.554,381.098,372.437,363.492,354.196,344.492,334.344,323.741,312.721,301.384,289.926,278.665,268.045,258.62,250.965,245.549,242.589,241.954,243.18,245.587,248.45,251.167,253.352,254.867,255.792,256.346,256.786,257.296,257.941,258.697,259.529,260.428,261.394,262.43,263.533,264.698,265.918,267.183,268.479,269.789,271.093,272.368,273.593,274.746,275.812,276.788,277.69,278.565,279.507,280.678,282.342
43440.0,389.55,381.119,372.485,363.567,354.298,344.622,334.5,323.923,312.926,301.608,290.163,278.905,268.278,258.831,251.144,245.687,242.683,242.009,243.205,245.591,248.444,251.158,253.344,254.862,255.789,256.345,256.786,257.296,257.941,258.697,259.529,260.428,261.394,262.43,263.532,264.698,265.918,267.183,268.479,269.789,271.093,272.368,273.593,274.746,275.812,276.788,277.69,278.565,279.507,280.678,282.342
43500.0,389.544,381.138,372.531,363.64,354.399,344.749,334.654,324.103,313.129,301.83,290.398,279.144,268.509,259.043,251.322,245.825,242.778,242.065,243.23,245.595,248.438,251.148,253.335,254.856,255.786,256.344,256.786,257.297,257.941,258.697,259.529,260.428,261.394,262.43,263.532,264.698,265.918,267.183,268.479,269.789,271.093,272.368,273.593,274.746,275.812,276.788,277.69,278.565,279.507,280.678,282.342
43560.0,389.536,381.156,372.575,363.712,354.497,344.875,334.807,324.282,313.331,302.051,290.632,279.382,268.74,259.253,251.501,245.963,242.874,242.121,243.255,245.6,248.432,251.139,253.327,254.851,255.784,256.343,256.786,257.297,257.941,258.697,259.529,260.427,261.394,262.429,263.532,264.698,265.918,267.183,268.479,269.789,271.093,272.368,273.593,274.746,275.812,276.788,277.69,278.565,279.507,280.678,282.342
43620.0,389.525,381.172,372.617,363.781,354.594,344.999,334.958,324.458,313.53,302.27,290.865,279.619,268.97,259.464,251.68,246.102,242.969,242.177,243.28,245.605,248.426,251.13,253.319,254.845,255.781,256.343,256.786,257.297,257.941,258.697,259.529,260.427,261.394,262.429,263.532,264.698,265.918,267.183,268.479,269.789,271.093,272.368,273.593,274.746,275.812,276.788,277.69,278.565,279.507,280.678,282.342
43680.0,389.513,381.185,372.658,363.849,354.688,345.121,335.107,324.633,313.729,302.488,291.096,279.855,269.199,259.674,251.858,246.241,243.065,242.234,243.306,245.61,248.421,251.121,253.311,254.84,255.778,256.342,256.786,257.297,257.941,258.697,259.529,260.427,261.394,262.429,263.532,264.698,265.918,267.183,268.479,269.789,271.093,272.368,273.593,274.746,275.812,276.788,277.69,278.565,279.507,280.678,282.342
43740.0,389.499,381.197,372.696,363.914,354.781,345.241,335.254,324.806,313.925,302.704,291.325,280.089,269.427,259.883,252.037,246.38,243.162,242.291,243.332,245.616,248.415,251.112,253.302,254.834,255.775,256.341,256.786,257.297,257.941,258.697,259.529,260.427,261.394,262.429,263.532,264.698,265.918,267.183,268.479,269.789,271.093,272.368,273.593,274.746,275.812,276.788,277.69,278.565,279.507,280.678,282.342
43800.0,389.483,381.207,372.733,363.978,354.872,345.359,335.399,324.977,314.12,302.918,291.554,280.323,269.655,260.092,252.215,246.519,243.258,242.348,243.358,245.621,248.41,251.103,253.294,254.829,255.772,256.34,256.786,257.298,257.941,258.697,259.529,260.427,261.394,262.429,263.532,264.698,265.918,267.183,268.479,269.789,271.093,272.368,273.593,274.746,275.812,276.788,277.69,278.565,279.507,280.678,282.342
43860.0,389.465,381.215,372.768,364.04,354.961,345.476,335.542,325.146,314.313,303.131,291.78,280.555,269.882,260.3,252.394,246.658,243.355,242.406,243.385,245.627,248.404,251.094,253.286,254.823,255.77,256.339,256.786,257.298,257.941,258.697,259.529,260.427,261.394,262.429,263.532,264.698,265.918,267.183,268.479,269.789,271.093,272.368,273.593,274.746,275.812,276.788,277.69,278.565,279.507,280.678,282.342
43920.0,389.445,381.221,372.801,364.1,355.049,345.59,335.684,325.313,314.504,303.343,292.006,280.786,270.108,260.509,252.572,246.798,243.453,242.464,243.412,245.633,248.399,251.085,253.278,254.818,255.767,256.338,256.786,257.298,257.941,258.697,259.529,260.427,261.394,262.429,263.532,264.698,265.918,267.183,268.479,269.789,271.092,272.368,273.593,274.746,275.812,276.788,277.69,278.565,279.507,280.678,282.342
43980.0,389.424,381.226,372.832,364.158,355.134,345.703,335.824,325.479,314.693,303.552,292.23,281.016,270.333,260.716,252.75,246.937,243.55,242.523,243.439,245.639,248.394,251.076,253.27,254.812,255.764,256.337,256.786,257.298,257.941,258.696,259.529,260.427,261.393,262.429,263.532,264.697,265.918,267.183,268.479,269.789,271.092,272.368,273.593,274.746,275.812,276.788,277.69,278.565,279.507,280.678,282.342
44040.0,389.4,381.228,372.861,364.214,355.218,345.814,335.961,325.643,314.881,303.76,292.453,281.245,270.557,260.923,252.928,247.077,243.648,242.582,243.466,245.645,248.389,251.067,253.262,254.806,255.761,256.337,256.786,257.298,257.942,258.696,259.529,260.427,261.393,262.429,263.532,264.697,265.918,267.183,268.479,269.789,271.092,272.368,273.593,274.746,275.812,276.788,277.69,278.565,279.507,280.678,282.342
44100.0,389.374,381.228,372.888,364.268,355.299,345.923,336.098,325.805,315.067,303.967,292.674,281.473,270.78,261.13,253.106,247.217,243.747,242.641,243.494,245.652,248.384,251.058,253.253,254.801,255.759,256.336,256.786,257.299,257.942,258.696,259.529,260.427,261.393,262.429,263.532,264.697,265.918,267.183,268.479,269.789,271.092,272.368,273.593,274.746,275.812,276.788,277.69,278.565,279.507,280.678,282.342
44160.0,389.346,381.227,372.913,364.321,355.379,346.031,336.232,325.965,315.252,304.172,292.894,281.699,271.003,261.336,253.283,247.357,243.845,242.7,243.522,245.659,248.38,251.05,253.245,254.795,255.756,256.335,256.786,257.299,257.942,258.696,259.529,260.427,261.393,262.429,263.532,264.697,265.918,267.183,268.479,269.789,271.092,272.368,273.593,274.746,275.812,276.788,277.69,278.565,279.507,280.678,282.342
44220.0,389.316,381.223,372.937,364.371,355.457,346.136,336.364,326.124,315.434,304.375,293.112,281.925,271.224,261.542,253.461,247.497,243.944,242.76,243.551,245.666,248.375,251.041,253.237,254.79,255.753,256.334,256.786,257.299,257.942,258.696,259.529,260.427,261.393,262.429,263.532,264.697,265.918,267.183,268.479,269.789,271.092,272.368,273.593,274.746,275.812,276.788,277.69,278.565,279.507,280.678,282.342
44280.0,389.284,381.217,372.958,364.42,355.533,346.24,336.495,326.281,315.616,304.577,293.329,282.149,271.445,261.747,253.638,247.637,244.043,242.82,243.579,245.673,248.371,251.033,253.229,254.784,255.75,256.333,256.786,257.299,257.942,258.696,259.529,260.427,261.393,262.429,263.532,264.697,265.918,267.183,268.479,269.788,271.092,272.368,273.593,274.746,275.812,276.788,277.69,278.565,279.507,280.678,282.342
44340.0,389.25,381.21,372.977,364.467,355.608,346.341,336.624,326.436,315.795,304.777,293.545,282.372,271.665,261.952,253.816,247.778,244.142,242.881,243.608,245.681,248.366,251.024,253.221,254.779,255.747,256.332,256.786,257.299,257.942,258.696,259.529,260.427,261.393,262.429,263.532,264.697,265.918,267.183,268.479,269.788,271.092,272.368,273.593,274.746,275.812,276.788,277.69,278.565,279.507,280.678,282.342
44400.0,389.214,381.2,372.995,364.512,355.68,346.441,336.751,326.589,315.973,304.976,293.759,282.594,271.884,262.156,253.993,247.918,244.242,242.942,243.638,245.688,248.362,251.016,253.213,254.773,255.744,256.331,256.786,257.299,257.942,258.696,259.529,260.427,261.393,262.429,263.532,264.697,265.918,267.183,268.479,269.788,271.092,272.368,273.593,274.746,275.812,276.788,277.69,278.565,279.507,280.678,282.342
44460.0,389.176,381.189,373.011,364.555,355.751,346.539,336.876,326.741,316.149,305.173,293.972,282.815,272.103,262.36,254.17,248.059,244.342,243.003,243.667,245.696,248.358,251.007,253.205,254.768,255.742,256.33,256.786,257.3,257.942,258.696,259.529,260.427,261.393,262.429,263.532,264.697,265.918,267.183,268.479,269.788,271.092,272.368,273.593,274.745,275.812,276.788,277.69,278.565,279.507,280.678,282.342
44520.0,389.136,381.175,373.024,364.596,355.82,346.636,337.0,326.891,316.323,305.369,294.183,283.034,272.32,262.563,254.346,248.199,244.442,243.065,243.697,245.704,248.354,250.999,253.197,254.762,255.739,256.329,256.786,257.3,257.942,258.696,259.528,260.427,261.393,262.429,263.532,264.697,265.918,267.183,268.478,269.788,271.092,272.368,273.593,274.745,275.812,276.788,277.69,278.565,279.507,280.678,282.342
44580.0,389.094,381.159,373.036,364.635,355.886,346.73,337.122,327.039,316.496,305.563,294.393,283.253,272.537,262.765,254.523,248.34,244.543,243.126,243.727,245.713,248.35,250.991,253.189,254.757,255.736,256.328,256.786,257.3,257.942,258.696,259.528,260.427,261.393,262.429,263.532,264.697,265.918,267.183,268.478,269.788,271.092,272.368,273.593,274.745,275.812,276.788,277.69,278.565,279.507,280.678,282.342
44640.0,389.049,381.142,373.046,364.673,355.951,346.823,337.242,327.185,316.667,305.755,294.602,283.47,272.753,262.968,254.699,248.481,244.644,243.189,243.758,245.721,248.347,250.982,253.181,254.751,255.733,256.328,256.786,257.3,257.942,258.696,259.528,260.427,261.393,262.429,263.532,264.697,265.917,267.182,268.478,269.788,271.092,272.368,273.593,274.745,275.812,276.788,277.69,278.565,279.507,280.678,282.342
44700.0,389.003,381.122,373.054,364.708,356.015,346.914,337.36,327.33,316.836,305.946,294.809,283.686,272.967,263.169,254.875,248.622,244.745,243.251,243.789,245.73,248.343,250.974,253.173,254.746,255.73,256.327,256.786,257.3,257.942,258.696,259.528,260.427,261.393,262.429,263.532,264.697,265.917,267.182,268.478,269.788,271.092,272.368,273.593,274.745,275.812,276.788,277.69,278.565,279.507,280.678,282.342
44760.0,388.954,381.101,373.059,364.742,356.076,347.003,337.476,327.473,317.004,306.135,295.015,283.901,273.181,263.37,255.051,248.763,244.846,243.314,243.82,245.739,248.34,250.966,253.165,254.74,255.727,256.326,256.786,257.301,257.942,258.696,259.528,260.427,261.393,262.429,263.532,264.697,265.917,267.182,268.478,269.788,271.092,272.368,273.593,274.745,275.812,276.788,277.69,278.565,279.507,280.678,282.342
44820.0,388.904,381.077,373.063,364.773,356.135,347.09,337.591,327.614,317.17,306.323,295.22,284.115,273.395,263.571,255.227,248.904,244.947,243.377,243.851,245.748,248.336,250.958,253.158,254.735,255.724,256.325,256.786,257.301,257.942,258.696,259.528,260.427,261.393,262.429,263.532,264.697,265.917,267.182,268.478,269.788,271.092,272.368,273.593,274.745,275.812,276.788,277.69,278.565,279.507,280.678,282.342
44880.0,388.851,381.051,373.065,364.803,356.193,347.175,337.704,327.754,317.335,306.51,295.423,284.327,273.607,263.771,255.403,249.045,245.049,243.441,243.883,245.757,248.333,250.95,253.15,254.729,255.721,256.324,256.786,257.301,257.943,258.696,259.528,260.427,261.393,262.429,263.532,264.697,265.917,267.182,268.478,269.788,271.092,272.368,273.593,274.745,275.812,276.788,277.69,278.565,279.507,280.678,282.342
44940.0,388.796,381.023,373.065,364.831,356.248,347.259,337.815,327.892,317.497,306.694,295.625,284.539,273.818,263.97,255.578,249.187,245.151,243.504,243.915,245.767,248.33,250.942,253.142,254.723,255.719,256.323,256.786,257.301,257.943,258.696,259.528,260.426,261.393,262.429,263.532,264.697,265.917,267.182,268.478,269.788,271.092,272.368,273.592,274.745,275.812,276.788,277.69,278.565,279.507,280.678,282.342
45000.0,388.739,380.993,373.063,364.856,356.302,347.341,337.924,328.028,317.659,306.878,295.825,284.749,274.029,264.169,255.753,249.328,245.254,243.568,243.947,245.777,248.327,250.934,253.134,254.718,255.716,256.322,256.786,257.301,257.943,258.696,259.528,260.426,261.393,262.429,263.532,264.697,265.917,267.182,268.478,269.788,271.092,272.368,273.592,274.745,275.812,276.788,277.69,278.565,279.507,280.678,282.342
45060.0,388.68,380.961,373.059,364.88,356.354,347.42,338.032,328.162,317.818,307.059,296.024,284.958,274.238,264.367,255.928,249.469,245.356,243.633,243.979,245.787,248.324,250.927,253.126,254.712,255.713,256.321,256.786,257.301,257.943,258.696,259.528,260.426,261.393,262.429,263.531,264.697,265.917,267.182,268.478,269.788,271.092,272.368,273.592,274.745,275.812,276.788,277.69,278.565,279.507,280.678,282.342
45120.0,388.618,380.927,373.053,364.902,356.404,347.499,338.138,328.295,317.976,307.239,296.222,285.166,274.447,264.565,256.103,249.611,245.459,243.697,244.012,245.797,248.322,250.919,253.119,254.707,255.71,256.32,256.786,257.302,257.943,258.696,259.528,260.426,261.393,262.428,263.531,264.697,265.917,267.182,268.478,269.788,271.092,272.368,273.592,274.745,275.812,276.788,277.69,278.565,279.507,280.678,282.342
45180.0,388.554,380.891,373.045,364.922,356.452,347.575,338.242,328.426,318.132,307.418,296.418,285.373,274.655,264.762,256.277,249.752,245.562,243.762,244.045,245.807,248.319,250.911,253.111,254.701,255.707,256.319,256.786,257.302,257.943,258.696,259.528,260.426,261.393,262.428,263.531,264.697,265.917,267.182,268.478,269.788,271.092,272.368,273.592,274.745,275.811,276.788,277.69,278.565,279.507,280.678,282.342
45240.0,388.489,380.853,373.034,364.94,356.499,347.649,338.344,328.555,318.287,307.595,296.613,285.579,274.862,264.959,256.451,249.894,245.665,243.828,244.078,245.818,248.317,250.904,253.103,254.696,255.704,256.318,256.786,257.302,257.943,258.696,259.528,260.426,261.393,262.428,263.531,264.697,265.917,267.182,268.478,269.788,271.092,272.368,273.592,274.745,275.811,276.788,277.69,278.565,279.507,280.678,282.342
45300.0,388.42,380.812,373.022,364.957,356.543,347.722,338.445,328.683,318.44,307.771,296.806,285.783,275.068,265.155,256.625,250.035,245.768,243.893,244.112,245.829,248.315,250.896,253.095,254.69,255.701,256.317,256.786,257.302,257.943,258.696,259.528,260.426,261.393,262.428,263.531,264.697,265.917,267.182,268.478,269.788,271.092,272.368,273.592,274.745,275.811,276.788,277.69,278.565,279.507,280.678,282.342
45360.0,388.35,380.77,373.008,364.971,356.586,347.793,338.543,328.809,318.591,307.945,296.999,285.987,275.273,265.35,256.799,250.177,245.872,243.959,244.146,245.84,248.312,250.889,253.088,254.685,255.698,256.316,256.786,257.302,257.943,258.696,259.528,260.426,261.393,262.428,263.531,264.697,265.917,267.182,268.478,269.788,271.092,272.368,273.592,274.745,275.811,276.788,277.69,278.565,279.507,280.678,282.342
45420.0,388.278,380.725,372.992,364.983,356.626,347.862,338.64,328.933,318.741,308.117,297.189,286.189,275.477,265.545,256.972,250.319,245.976,244.026,244.18,245.851,248.31,250.881,253.08,254.679,255.695,256.315,256.786,257.302,257.943,258.696,259.528,260.426,261.393,262.428,263.531,264.697,265.917,267.182,268.478,269.788,271.092,272.368,273.592,274.745,275.811,276.788,277.69,278.565,279.507,280.678,282.342
45480.0,388.203,380.678,372.973,364.993,356.665,347.929,338.735,329.055,318.889,308.288,297.379,286.39,275.68,265.739,257.145,250.46,246.08,244.092,244.215,245.863,248.309,250.874,253.072,254.674,255.692,256.314,256.786,257.303,257.943,258.696,259.528,260.426,261.392,262.428,263.531,264.697,265.917,267.182,268.478,269.788,271.092,272.368,273.592,274.745,275.811,276.788,277.69,278.565,279.507,280.678,282.342
45540.0,388.126,380.629,372.953,365.001,356.702,347.994,338.829,329.176,319.036,308.458,297.567,286.59,275.883,265.933,257.318,250.602,246.184,244.159,244.249,245.874,248.307,250.867,253.065,254.668,255.689,256.313,256.786,257.303,257.943,258.696,259.528,260.426,261.392,262.428,263.531,264.697,265.917,267.182,268.478,269.788,271.092,272.368,273.592,274.745,275.811,276.788,277.69,278.565,279.507,280.678,282.342
45600.0,388.046,380.578,372.931,365.008,356.737,348.058,338.921,329.295,319.181,308.626,297.753,286.788,276.084,266.126,257.491,250.743,246.289,244.226,244.285,245.886,248.305,250.86,253.057,254.663,255.686,256.312,256.786,257.303,257.943,258.696,259.528,260.426,261.392,262.428,263.531,264.697,265.917,267.182,268.478,269.788,271.092,272.368,273.592,274.745,275.811,276.788,277.69,278.565,279.507,280.678,282.342
45660.0,387.965,380.525,372.906,365.012,356.77,348.119,339.01,329.412,319.324,308.792,297.939,286.986,276.285,266.318,257.663,250.885,246.394,244.293,244.32,245.898,248.304,250.852,253.05,254.657,255.683,256.311,256.786,257.303,257.943,258.696,259.528,260.426,261.392,262.428,263.531,264.697,265.917,267.182,268.478,269.788,271.092,272.368,273.592,274.745,275.811,276.788,277.69,278.565,279.507,280.678,282.342
45720.0,387.881,380.47,372.879,365.014,356.801,348.179,339.099,329.528,319.465,308.957,298.123,287.182,276.484,266.51,257.835,251.027,246.498,244.361,244.355,245.911,248.302,250.845,253.042,254.652,255.68,256.31,256.786,257.303,257.944,258.696,259.528,260.426,261.392,262.428,263.531,264.696,265.917,267.182,268.478,269.788,271.092,272.368,273.592,274.745,275.811,276.788,277.69,278.565,279.507,280.678,282.342
45780.0,387.795,380.412,372.851,365.015,356.83,348.237,339.185,329.642,319.605,309.121,298.305,287.377,276.683,266.701,258.006,251.168,246.603,244.429,244.391,245.923,248.301,250.838,253.034,254.646,255.678,256.309,256.786,257.303,257.944,258.696,259.527,260.426,261.392,262.428,263.531,264.696,265.917,267.182,268.478,269.788,271.092,272.368,273.592,274.745,275.811,276.788,277.69,278.565,279.507,280.678,282.342
45840.0,387.706,380.352,372.82,365.013,356.858,348.293,339.269,329.754,319.744,309.283,298.486,287.571,276.881,266.892,258.178,251.31,246.709,244.497,244.427,245.936,248.3,250.831,253.027,254.641,255.675,256.308,256.786,257.304,257.944,258.696,259.527,260.426,261.392,262.428,263.531,264.696,265.917,267.182,268.478,269.788,271.092,272.367,273.592,274.745,275.811,276.787,277.69,278.565,279.507,280.678,282.342
45900.0,387.615,380.29,372.787,365.009,356.883,348.347,339.352,329.865,319.881,309.443,298.666,287.764,277.078,267.082,258.349,251.451,246.814,244.565,244.464,245.949,248.299,250.825,253.019,254.635,255.672,256.307,256.785,257.304,257.944,258.696,259.527,260.426,261.392,262.428,263.531,264.696,265.917,267.182,268.478,269.788,271.092,272.367,273.592,274.745,275.811,276.787,277.69,278.565,279.507,280.678,282.342
45960.0,387.522,380.226,372.752,365.004,356.906,348.4,339.433,329.974,320.016,309.602,298.845,287.956,277.274,267.271,258.52,251.593,246.92,244.634,244.501,245.962,248.298,250.818,253.012,254.63,255.669,256.306,256.785,257.304,257.944,258.696,259.527,260.426,261.392,262.428,263.531,264.696,265.917,267.182,268.478,269.788,271.092,272.367,273.592,274.745,275.811,276.787,277.69,278.565,279.507,280.678,282.342
46020.0,387.426,380.159,372.715,364.996,356.928,348.45,339.512,330.081,320.149,309.76,299.022,288.146,277.469,267.46,258.69,251.734,247.026,244.703,244.538,245.976,248.298,250.811,253.005,254.624,255.666,256.305,256.785,257.304,257.944,258.696,259.527,260.426,261.392,262.428,263.531,264.696,265.917,267.182,268.478,269.788,271.092,272.367,273.592,274.745,275.811,276.787,277.69,278.565,279.507,280.678,282.342
46080.0,387.329,380.09,372.676,364.986,356.947,348.499,339.59,330.186,320.281,309.915,299.197,288.335,277.663,267.648,258.86,251.876,247.132,244.773,244.575,245.989,248.297,250.804,252.997,254.619,255.663,256.304,256.785,257.304,257.944,258.696,259.527,260.426,261.392,262.428,263.531,264.696,265.917,267.182,268.478,269.788,271.092,272.367,273.592,274.745,275.811,276.787,277.69,278.565,279.507,280.678,282.342
46140.0,387.228,380.019,372.635,364.974,356.965,348.546,339.666,330.29,320.412,310.07,299.372,288.524,277.856,267.836,259.03,252.017,247.238,244.842,244.612,246.003,248.297,250.798,252.99,254.613,255.66,256.303,256.785,257.304,257.944,258.696,259.527,260.426,261.392,262.428,263.531,264.696,265.917,267.182,268.478,269.788,271.092,272.367,273.592,274.745,275.811,276.787,277.69,278.565,279.507,280.678,282.342
46200.0,387.126,379.946,372.591,364.96,356.981,348.591,339.74,330.392,320.541,310.223,299.545,288.71,278.049,268.023,259.2,252.159,247.344,244.912,244.65,246.017,248.297,250.791,252.982,254.608,255.657,256.301,256.785,257.305,257.944,258.696,259.527,260.426,261.392,262.428,263.531,264.696,265.917,267.182,268.478,269.788,271.092,272.367,273.592,274.745,275.811,276.787,277.69,278.565,279.507,280.678,282.342
46260.0,387.021,379.871,372.545,364.945,356.995,348.634,339.812,330.492,320.668,310.374,299.716,288.896,278.24,268.209,259.369,252.3,247.45,244.982,244.688,246.031,248.296,250.785,252.975,254.602,255.654,256.3,256.785,257.305,257.944,258.696,259.527,260.426,261.392,262.428,263.531,264.696,265.917,267.182,268.478,269.788,271.092,272.367,273.592,274.745,275.811,276.787,277.69,278.565,279.507,280.678,282.342
46320.0,386.913,379.793,372.498,364.927,357.006,348.675,339.882,330.591,320.793,310.524,299.887,289.081,278.43,268.394,259.538,252.441,247.557,245.052,244.726,246.046,248.296,250.778,252.968,254.597,255.651,256.299,256.785,257.305,257.944,258.696,259.527,260.425,261.392,262.428,263.531,264.696,265.917,267.182,268.478,269.788,271.092,272.367,273.592,274.745,275.811,276.787,277.69,278.565,279.507,280.678,282.342
46380.0,386.803,379.713,372.448,364.907,357.016,348.715,339.951,330.688,320.917,310.673,300.056,289.264,278.62,268.579,259.706,252.583,247.664,245.123,244.765,246.06,248.297,250.772,252.96,254.591,255.648,256.298,256.785,257.305,257.944,258.696,259.527,260.425,261.392,262.428,263.531,264.696,265.917,267.182,268.478,269.788,271.092,272.367,273.592,274.745,275.811,276.787,277.69,278.565,279.507,280.678,282.342
46440.0,386.691,379.63,372.396,364.885,357.024,348.752,340.017,330.783,321.039,310.819,300.223,289.446,278.808,268.763,259.874,252.724,247.771,245.194,244.804,246.075,248.297,250.766,252.953,254.586,255.645,256.297,256.785,257.305,257.944,258.696,259.527,260.425,261.392,262.428,263.531,264.696,265.916,267.182,268.478,269.788,271.092,272.367,273.592,274.745,275.811,276.787,277.69,278.565,279.507,280.678,282.342
46500.0,386.576,379.546,372.341,364.861,357.03,348.788,340.082,330.877,321.16,310.965,300.389,289.627,278.996,268.947,260.042,252.865,247.878,245.265,244.843,246.09,248.297,250.76,252.946,254.58,255.642,256.296,256.785,257.305,257.944,258.696,259.527,260.425,261.392,262.428,263.531,264.696,265.916,267.182,268.478,269.788,271.091,272.367,273.592,274.745,275.811,276.787,277.69,278.565,279.507,280.678,282.342
46560.0,386.459,379.459,372.285,364.834,357.034,348.822,340.146,330.968,321.279,311.109,300.554,289.807,279.183,269.13,260.209,253.006,247.985,245.336,244.882,246.106,248.298,250.754,252.939,254.575,255.638,256.295,256.785,257.305,257.945,258.696,259.527,260.425,261.392,262.428,263.531,264.696,265.916,267.181,268.477,269.787,271.091,272.367,273.592,274.745,275.811,276.787,277.69,278.565,279.507,280.678,282.342
46620.0,386.339,379.369,372.226,364.806,357.036,348.854,340.207,331.059,321.397,311.251,300.718,289.986,279.368,269.312,260.377,253.147,248.092,245.408,244.922,246.121,248.298,250.748,252.932,254.569,255.635,256.294,256.784,257.306,257.945,258.695,259.527,260.425,261.392,262.428,263.531,264.696,265.916,267.181,268.477,269.787,271.091,272.367,273.592,274.745,275.811,276.787,277.69,278.565,279.507,280.678,282.342
46680.0,386.217,379.278,372.165,364.776,357.036,348.884,340.267,331.147,321.512,311.392,300.88,290.164,279.553,269.494,260.543,253.288,248.2,245.48,244.962,246.137,248.299,250.742,252.924,254.564,255.632,256.293,256.784,257.306,257.945,258.695,259.527,260.425,261.392,262.427,263.53,264.696,265.916,267.181,268.477,269.787,271.091,272.367,273.592,274.745,275.811,276.787,277.69,278.565,279.507,280.678,282.342
46740.0,386.092,379.183,372.102,364.743,357.034,348.912,340.324,331.234,321.627,311.531,301.041,290.34,279.737,269.675,260.71,253.429,248.307,245.552,245.002,246.153,248.3,250.736,252.917,254.558,255.629,256.292,256.784,257.306,257.945,258.695,259.527,260.425,261.392,262.427,263.53,264.696,265.916,267.181,268.477,269.787,271.091,272.367,273.592,274.745,275.811,276.787,277.69,278.565,279.507,280.678,282.342
46800.0,385.965,379.087,372.037,364.709,357.03,348.938,340.38,331.319,321.739,311.669,301.2,290.515,279.92,269.855,260.876,253.569,248.415,245.624,245.042,246.169,248.301,250.73,252.91,254.553,255.626,256.29,256.784,257.306,257.945,258.695,259.527,260.425,261.392,262.427,263.53,264.696,265.916,267.181,268.477,269.787,271.091,272.367,273.592,274.745,275.811,276.787,277.69,278.565,279.507,280.678,282.342
46860.0,385.835,378.988,371.969,364.672,357.024,348.962,340.435,331.402,321.85,311.806,301.358,290.689,280.102,270.034,261.041,253.71,248.523,245.697,245.083,246.185,248.303,250.724,252.903,254.547,255.623,256.289,256.784,257.306,257.945,258.695,259.527,260.425,261.392,262.427,263.53,264.696,265.916,267.181,268.477,269.787,271.091,272.367,273.592,274.745,275.811,276.787,277.69,278.565,279.507,280.678,282.342
46920.0,385.703,378.887,371.899,364.634,357.016,348.985,340.487,331.484,321.96,311.941,301.515,290.862,280.282,270.213,261.206,253.85,248.63,245.769,245.124,246.202,248.304,250.719,252.896,254.542,255.62,256.288,256.784,257.306,257.945,258.695,259.527,260.425,261.392,262.427,263.53,264.696,265.916,267.181,268.477,269.787,271.091,272.367,273.592,274.745,275.811,276.787,277.69,278.565,279.507,280.678,282.342
46980.0,385.568,378.784,371.827,364.593,357.006,349.005,340.538,331.563,322.067,312.074,301.67,291.033,280.462,270.391,261.371,253.991,248.739,245.842,245.165,246.219,248.305,250.713,252.889,254.537,255.617,256.287,256.784,257.306,257.945,258.695,259.527,260.425,261.391,262.427,263.53,264.696,265.916,267.181,268.477,269.787,271.091,272.367,273.592,274.745,275.811,276.787,277.69,278.565,279.507,280.678,282.342
47040.0,385.431,378.678,371.753,364.55,356.994,349.024,340.586,331.642,322.174,312.206,301.824,291.204,280.641,270.569,261.536,254.131,248.847,245.916,245.206,246.236,248.307,250.707,252.882,254.531,255.614,256.286,256.784,257.307,257.945,258.695,259.527,260.425,261.391,262.427,263.53,264.696,265.916,267.181,268.477,269.787,271.091,272.367,273.592,274.745,275.811,276.787,277.69,278.565,279.507,280.678,282.342
47100.0,385.291,378.569,371.676,364.505,356.98,349.041,340.633,331.718,322.278,312.336,301.976,291.373,280.82,270.746,261.7,254.271,248.955,245.989,245.248,246.253,248.309,250.702,252.875,254.526,255.611,256.285,256.783,257.307,257.945,258.695,259.526,260.425,261.391,262.427,263.53,264.696,265.916,267.181,268.477,269.787,271.091,272.367,273.592,274.745,275.811,276.787,277.69,278.565,279.507,280.678,282.342
47160.0,385.149,378.459,371.597,364.457,356.964,349.055,340.679,331.793,322.381,312.465,302.128,291.541,280.997,270.922,261.863,254.411,249.063,246.063,245.29,246.27,248.311,250.697,252.868,254.52,255.608,256.284,256.783,257.307,257.945,258.695,259.526,260.425,261.391,262.427,263.53,264.696,265.916,267.181,268.477,269.787,271.091,272.367,273.592,274.745,275.811,276.787,277.69,278.565,279.507,280.678,282.342
47220.0,385.003,378.346,371.516,364.408,356.946,349.068,340.722,331.866,322.482,312.593,302.278,291.708,281.173,271.097,262.026,254.551,249.172,246.137,245.332,246.288,248.313,250.691,252.861,254.515,255.605,256.282,256.783,257.307,257.945,258.695,259.526,260.425,261.391,262.427,263.53,264.696,265.916,267.181,268.477,269.787,271.091,272.367,273.592,274.745,275.811,276.787,277.69,278.565,279.507,280.678,282.342
47280.0,384.856,378.23,371.433,364.356,356.926,349.079,340.763,331.937,322.582,312.718,302.426,291.874,281.348,271.272,262.189,254.691,249.28,246.211,245.374,246.306,248.315,250.686,252.855,254.509,255.602,256.281,256.783,257.307,257.945,258.695,259.526,260.425,261.391,262.427,263.53,264.696,265.916,267.181,268.477,269.787,271.091,272.367,273.592,274.745,275.811,276.787,277.69,278.565,279.507,280.678,282.342
47340.0,384.706,378.112,371.347,364.303,356.904,349.088,340.803,332.007,322.68,312.843,302.573,292.038,281.522,271.446,262.352,254.83,249.389,246.285,245.417,246.324,248.317,250.681,252.848,254.504,255.599,256.28,256.783,257.307,257.946,258.695,259.526,260.425,261.391,262.427,263.53,264.696,265.916,267.181,268.477,269.787,271.091,272.367,273.592,274.745,275.811,276.787,277.69,278.565,279.507,280.678,282.342
47400.0,384.553,377.991,371.259,364.247,356.879,349.095,340.841,332.075,322.777,312.966,302.719,292.201,281.695,271.619,262.514,254.97,249.497,246.36,245.46,246.342,248.32,250.676,252.841,254.499,255.596,256.279,256.783,257.307,257.946,258.695,259.526,260.425,261.391,262.427,263.53,264.695,265.916,267.181,268.477,269.787,271.091,272.367,273.592,274.745,275.811,276.787,277.69,278.565,279.507,280.678,282.342
47460.0,384.397,377.868,371.169,364.189,356.853,349.101,340.877,332.141,322.872,313.087,302.863,292.363,281.868,271.792,262.675,255.109,249.606,246.434,245.503,246.361,248.323,250.671,252.834,254.493,255.593,256.278,256.783,257.308,257.946,258.695,259.526,260.425,261.391,262.427,263.53,264.695,265.916,267.181,268.477,269.787,271.091,272.367,273.592,274.745,275.811,276.787,277.69,278.565,279.507,280.678,282.342
47520.0,384.239,377.743,371.076,364.128,356.825,349.104,340.911,332.205,322.965,313.207,303.006,292.524,282.039,271.964,262.836,255.249,249.715,246.509,245.546,246.379,248.325,250.666,252.827,254.488,255.589,256.277,256.782,257.308,257.946,258.695,259.526,260.425,261.391,262.427,263.53,264.695,265.916,267.181,268.477,269.787,271.091,272.367,273.592,274.745,275.811,276.787,277.69,278.565,279.507,280.678,282.342
47580.0,384.078,377.615,370.981,364.066,356.795,349.105,340.944,332.268,323.056,313.325,303.148,292.684,282.209,272.135,262.997,255.388,249.824,246.585,245.59,246.398,248.328,250.661,252.821,254.482,255.586,256.275,256.782,257.308,257.946,258.695,259.526,260.425,261.391,262.427,263.53,264.695,265.916,267.181,268.477,269.787,271.091,272.367,273.592,274.745,275.811,276.787,277.69,278.565,279.507,280.678,282.342
47640.0,383.914,377.484,370.884,364.001,356.762,349.105,340.974,332.329,323.146,313.442,303.288,292.843,282.379,272.305,263.157,255.527,249.933,246.66,245.634,246.417,248.331,250.656,252.814,254.477,255.583,256.274,256.782,257.308,257.946,258.695,259.526,260.424,261.391,262.427,263.53,264.695,265.916,267.181,268.477,269.787,271.091,272.367,273.592,274.745,275.811,276.787,277.69,278.565,279.507,280.678,282.342
47700.0,383.748,377.351,370.784,363.935,356.728,349.102,341.003,332.388,323.235,313.558,303.427,293.0,282.547,272.475,263.317,255.665,250.042,246.735,245.678,246.436,248.335,250.652,252.807,254.472,255.58,256.273,256.782,257.308,257.946,258.695,259.526,260.424,261.391,262.427,263.53,264.695,265.916,267.181,268.477,269.787,271.091,272.367,273.592,274.745,275.811,276.787,277.69,278.565,279.507,280.678,282.342
47760.0,383.579,377.216,370.682,363.866,356.691,349.097,341.03,332.445,323.322,313.671,303.565,293.156,282.714,272.644,263.476,255.804,250.151,246.811,245.722,246.456,248.338,250.647,252.801,254.466,255.577,256.272,256.782,257.308,257.946,258.695,259.526,260.424,261.391,262.427,263.53,264.695,265.916,267.181,268.477,269.787,271.091,272.367,273.592,274.745,275.811,276.787,277.69,278.565,279.507,280.678,282.342
47820.0,383.408,377.078,370.578,363.794,356.652,349.091,341.055,332.501,323.407,313.784,303.701,293.311,282.881,272.812,263.635,255.942,250.26,246.887,245.767,246.475,248.341,250.643,252.794,254.461,255.574,256.271,256.782,257.308,257.946,258.695,259.526,260.424,261.391,262.427,263.53,264.695,265.916,267.181,268.477,269.787,271.091,272.367,273.592,274.745,275.811,276.787,277.69,278.565,279.507,280.678,282.342
47880.0,383.233,376.937,370.471,363.721,356.612,349.082,341.078,332.555,323.49,313.895,303.836,293.465,283.046,272.98,263.794,256.081,250.369,246.963,245.812,246.495,248.345,250.638,252.788,254.456,255.571,256.269,256.782,257.308,257.946,258.695,259.526,260.424,261.391,262.427,263.53,264.695,265.916,267.181,268.477,269.787,271.091,272.367,273.592,274.745,275.811,276.787,277.69,278.565,279.507,280.678,282.342
47940.0,383.056,376.794,370.362,363.645,356.569,349.072,341.099,332.607,323.572,314.004,303.969,293.617,283.21,273.147,263.952,256.219,250.479,247.04,245.857,246.515,248.349,250.634,252.781,254.45,255.568,256.268,256.781,257.309,257.946,258.695,259.526,260.424,261.391,262.427,263.53,264.695,265.916,267.181,268.477,269.787,271.091,272.367,273.592,274.745,275.811,276.787,277.69,278.565,279.507,280.678,282.342
48000.0,382.876,376.649,370.25,363.567,356.524,349.06,341.119,332.658,323.652,314.112,304.101,293.769,283.374,273.313,264.109,256.356,250.588,247.116,245.902,246.536,248.353,250.629,252.775,254.445,255.565,256.267,256.781,257.309,257.946,258.695,259.526,260.424,261.391,262.427,263.53,264.695,265.916,267.181,268.477,269.787,271.091,272.367,273.592,274.745,275.811,276.787,277.69,278.565,279.507,280.678,282.342
48060.0,382.693,376.5,370.136,363.487,356.477,349.045,341.137,332.707,323.731,314.218,304.232,293.919,283.536,273.478,264.267,256.494,250.697,247.193,245.947,246.556,248.357,250.625,252.768,254.44,255.561,256.266,256.781,257.309,257.946,258.695,259.526,260.424,261.391,262.427,263.53,264.695,265.916,267.181,268.477,269.787,271.091,272.367,273.592,274.745,275.811,276.787,277.69,278.565,279.507,280.678,282.342
48120.0,382.508,376.349,370.02,363.405,356.428,349.029,341.152,332.754,323.808,314.323,304.362,294.068,283.698,273.642,264.423,256.632,250.807,247.27,245.993,246.577,248.361,250.621,252.762,254.434,255.558,256.264,256.781,257.309,257.946,258.695,259.526,260.424,261.391,262.427,263.53,264.695,265.916,267.181,268.477,269.787,271.091,272.367,273.592,274.745,275.811,276.787,277.69,278.565,279.507,280.678,282.342
48180.0,382.32,376.196,369.901,363.32,356.377,349.01,341.166,332.799,323.883,314.426,304.489,294.215,283.858,273.806,264.579,256.769,250.916,247.347,246.039,246.598,248.365,250.617,252.755,254.429,255.555,256.263,256.781,257.309,257.947,258.695,259.526,260.424,261.391,262.427,263.53,264.695,265.916,267.181,268.477,269.787,271.091,272.367,273.592,274.745,275.811,276.787,277.69,278.565,279.507,280.678,282.342
48240.0,382.129,376.04,369.78,363.233,356.323,348.99,341.178,332.843,323.957,314.528,304.616,294.362,284.017,273.969,264.735,256.906,251.025,247.424,246.085,246.619,248.37,250.613,252.749,254.424,255.552,256.262,256.78,257.309,257.947,258.695,259.526,260.424,261.391,262.426,263.53,264.695,265.915,267.181,268.477,269.787,271.091,272.367,273.592,274.745,275.811,276.787,277.69,278.565,279.507,280.678,282.342
48300.0,381.935,375.881,369.656,363.144,356.268,348.968,341.188,332.884,324.029,314.628,304.741,294.507,284.176,274.132,264.89,257.043,251.135,247.501,246.131,246.64,248.374,250.609,252.743,254.418,255.549,256.261,256.78,257.309,257.947,258.695,259.526,260.424,261.391,262.426,263.529,264.695,265.915,267.181,268.477,269.787,271.091,272.367,273.592,274.745,275.811,276.787,277.69,278.565,279.507,280.678,282.342
48360.0,381.738,375.72,369.53,363.052,356.21,348.944,341.197,332.924,324.099,314.727,304.865,294.651,284.333,274.293,265.045,257.18,251.244,247.579,246.178,246.661,248.379,250.605,252.736,254.413,255.546,256.26,256.78,257.309,257.947,258.695,259.525,260.424,261.391,262.426,263.529,264.695,265.915,267.181,268.477,269.787,271.091,272.367,273.592,274.745,275.811,276.787,277.69,278.565,279.507,280.678,282.342
48420.0,381.539,375.556,369.402,362.958,356.15,348.917,341.203,332.963,324.168,314.824,304.988,294.794,284.49,274.454,265.199,257.316,251.354,247.657,246.225,246.683,248.384,250.601,252.73,254.408,255.543,256.258,256.78,257.31,257.947,258.695,259.525,260.424,261.39,262.426,263.529,264.695,265.915,267.181,268.477,269.787,271.091,272.367,273.591,274.745,275.811,276.787,277.69,278.565,279.507,280.678,282.342
48480.0,381.336,375.389,369.271,362.862,356.089,348.889,341.208,332.999,324.235,314.92,305.109,294.936,284.645,274.614,265.353,257.453,251.463,247.734,246.272,246.705,248.389,250.598,252.724,254.402,255.539,256.257,256.78,257.31,257.947,258.695,259.525,260.424,261.39,262.426,263.529,264.695,265.915,267.18,268.477,269.787,271.091,272.367,273.591,274.745,275.811,276.787,277.69,278.565,279.507,280.678,282.342
48540.0,381.131,375.22,369.137,362.764,356.025,348.859,341.21,333.034,324.301,315.014,305.228,295.076,284.8,274.773,265.506,257.589,251.573,247.812,246.319,246.727,248.394,250.594,252.718,254.397,255.536,256.256,256.779,257.31,257.947,258.695,259.525,260.424,261.39,262.426,263.529,264.695,265.915,267.18,268.477,269.787,271.091,272.367,273.591,274.745,275.811,276.787,277.69,278.565,279.507,280.678,282.342
48600.0,380.923,375.048,369.001,362.663,355.958,348.826,341.211,333.067,324.365,315.107,305.347,295.216,284.953,274.932,265.659,257.724,251.682,247.891,246.367,246.749,248.399,250.591,252.712,254.392,255.533,256.254,256.779,257.31,257.947,258.695,259.525,260.424,261.39,262.426,263.529,264.695,265.915,267.18,268.477,269.787,271.091,272.367,273.591,274.745,275.811,276.787,277.69,278.565,279.507,280.678,282.342
48660.0,380.712,374.873,368.863,362.56,355.89,348.792,341.21,333.098,324.427,315.198,305.464,295.354,285.105,275.09,265.812,257.86,251.792,247.969,246.414,246.772,248.405,250.587,252.706,254.387,255.53,256.253,256.779,257.31,257.947,258.695,259.525,260.424,261.39,262.426,263.529,264.695,265.915,267.18,268.476,269.787,271.091,272.367,273.591,274.745,275.811,276.787,277.69,278.565,279.507,280.678,282.342
48720.0,380.498,374.696,368.722,362.455,355.819,348.755,341.207,333.127,324.487,315.288,305.579,295.491,285.257,275.247,265.963,257.995,251.902,248.048,246.462,246.795,248.41,250.584,252.699,254.381,255.527,256.252,256.779,257.31,257.947,258.695,259.525,260.424,261.39,262.426,263.529,264.695,265.915,267.18,268.476,269.787,271.091,272.367,273.591,274.744,275.811,276.787,277.69,278.565,279.507,280.678,282.342
48780.0,380.281,374.516,368.578,362.347,355.747,348.717,341.202,333.155,324.546,315.376,305.694,295.626,285.407,275.403,266.115,258.131,252.011,248.126,246.51,246.817,248.416,250.581,252.693,254.376,255.524,256.251,256.779,257.31,257.947,258.695,259.525,260.424,261.39,262.426,263.529,264.695,265.915,267.18,268.476,269.787,271.091,272.366,273.591,274.744,275.811,276.787,277.69,278.565,279.507,280.678,282.342
48840.0,380.061,374.333,368.432,362.237,355.672,348.676,341.195,333.181,324.604,315.462,305.806,295.761,285.556,275.558,266.265,258.265,252.121,248.205,246.558,246.84,248.422,250.577,252.687,254.371,255.521,256.249,256.778,257.31,257.947,258.695,259.525,260.424,261.39,262.426,263.529,264.695,265.915,267.18,268.476,269.786,271.091,272.366,273.591,274.744,275.811,276.787,277.69,278.565,279.507,280.678,282.342
48900.0,379.838,374.148,368.284,362.125,355.595,348.634,341.187,333.205,324.659,315.547,305.918,295.894,285.705,275.713,266.416,258.4,252.23,248.284,246.607,246.864,248.428,250.574,252.681,254.366,255.517,256.248,256.778,257.31,257.947,258.695,259.525,260.424,261.39,262.426,263.529,264.695,265.915,267.18,268.476,269.786,271.091,272.366,273.591,274.744,275.811,276.787,277.69,278.565,279.507,280.678,282.342
48960.0,379.612,373.959,368.133,362.01,355.516,348.589,341.176,333.227,324.713,315.631,306.028,296.026,285.852,275.867,266.565,258.535,252.34,248.363,246.656,246.887,248.434,250.571,252.676,254.36,255.514,256.247,256.778,257.311,257.947,258.695,259.525,260.424,261.39,262.426,263.529,264.695,265.915,267.18,268.476,269.786,271.091,272.366,273.591,274.744,275.811,276.787,277.69,278.565,279.507,280.678,282.342
49020.0,379.383,373.768,367.979,361.893,355.434,348.543,341.163,333.248,324.765,315.713,306.137,296.157,285.998,276.02,266.715,258.669,252.449,248.442,246.705,246.911,248.44,250.568,252.67,254.355,255.511,256.245,256.778,257.311,257.948,258.695,259.525,260.423,261.39,262.426,263.529,264.695,265.915,267.18,268.476,269.786,271.091,272.366,273.591,274.744,275.811,276.787,277.69,278.565,279.507,280.678,282.342
49080.0,379.152,373.575,367.823,361.773,355.35,348.494,341.149,333.267,324.816,315.793,306.244,296.286,286.144,276.172,266.863,258.803,252.559,248.522,246.754,246.935,248.447,250.566,252.664,254.35,255.508,256.244,256.777,257.311,257.948,258.695,259.525,260.423,261.39,262.426,263.529,264.694,265.915,267.18,268.476,269.786,271.09,272.366,273.591,274.744,275.811,276.787,277.69,278.565,279.507,280.678,282.342
49140.0,378.917,373.378,367.664,361.651,355.265,348.444,341.133,333.284,324.865,315.872,306.35,296.414,286.288,276.324,267.012,258.936,252.668,248.601,246.803,246.959,248.453,250.563,252.658,254.345,255.505,256.243,256.777,257.311,257.948,258.695,259.525,260.423,261.39,262.426,263.529,264.694,265.915,267.18,268.476,269.786,271.09,272.366,273.591,274.744,275.811,276.787,277.69,278.565,279.507,280.678,282.342
49200.0,378.679,373.179,367.503,361.527,355.176,348.391,341.114,333.299,324.912,315.95,306.454,296.541,286.431,276.474,267.159,259.07,252.777,248.681,246.853,246.983,248.46,250.56,252.652,254.34,255.501,256.242,256.777,257.311,257.948,258.695,259.525,260.423,261.39,262.426,263.529,264.694,265.915,267.18,268.476,269.786,271.09,272.366,273.591,274.744,275.811,276.787,277.69,278.565,279.507,280.678,282.342
49260.0,378.438,372.977,367.339,361.401,355.086,348.336,341.094,333.312,324.958,316.026,306.557,296.667,286.573,276.624,267.306,259.203,252.887,248.76,246.902,247.007,248.467,250.557,252.646,254.334,255.498,256.24,256.777,257.311,257.948,258.695,259.525,260.423,261.39,262.426,263.529,264.694,265.915,267.18,268.476,269.786,271.09,272.366,273.591,274.744,275.811,276.787,277.69,278.565,279.507,280.678,282.342
49320.0,378.194,372.772,367.173,361.272,354.994,348.279,341.072,333.324,325.002,316.1,306.659,296.792,286.714,276.773,267.453,259.336,252.996,248.84,246.952,247.032,248.474,250.555,252.641,254.329,255.495,256.239,256.777,257.311,257.948,258.695,259.525,260.423,261.39,262.426,263.529,264.694,265.915,267.18,268.476,269.786,271.09,272.366,273.591,274.744,275.811,276.787,277.69,278.565,279.507,280.678,282.342
49380.0,377.947,372.564,367.004,361.14,354.899,348.22,341.048,333.334,325.044,316.173,306.759,296.915,286.855,276.922,267.599,259.468,253.105,248.92,247.002,247.057,248.481,250.553,252.635,254.324,255.492,256.238,256.776,257.311,257.948,258.695,259.525,260.423,261.39,262.426,263.529,264.694,265.915,267.18,268.476,269.786,271.09,272.366,273.591,274.744,275.811,276.787,277.69,278.565,279.507,280.678,282.342
49440.0,377.697,372.353,366.832,361.006,354.802,348.159,341.022,333.342,325.085,316.244,306.858,297.037,286.994,277.069,267.744,259.6,253.214,249.0,247.052,247.082,248.488,250.55,252.629,254.319,255.489,256.236,256.776,257.311,257.948,258.695,259.525,260.423,261.39,262.426,263.529,264.694,265.915,267.18,268.476,269.786,271.09,272.366,273.591,274.744,275.811,276.787,277.69,278.565,279.507,280.678,282.342
49500.0,377.444,372.14,366.658,360.87,354.703,348.096,340.994,333.348,325.124,316.314,306.956,297.158,287.132,277.216,267.889,259.732,253.324,249.08,247.103,247.107,248.496,250.548,252.624,254.314,255.486,256.235,256.776,257.311,257.948,258.695,259.525,260.423,261.39,262.426,263.529,264.694,265.915,267.18,268.476,269.786,271.09,272.366,273.591,274.744,275.811,276.787,277.69,278.565,279.507,280.678,282.342
49560.0,377.188,371.924,366.481,360.731,354.601,348.031,340.964,333.352,325.161,316.382,307.052,297.278,287.269,277.362,268.034,259.864,253.433,249.161,247.154,247.132,248.503,250.546,252.618,254.309,255.482,256.234,256.776,257.312,257.948,258.695,259.525,260.423,261.39,262.426,263.529,264.694,265.915,267.18,268.476,269.786,271.09,272.366,273.591,274.744,275.811,276.787,277.69,278.565,279.507,280.678,282.342
49620.0,376.929,371.704,366.301,360.59,354.497,347.963,340.932,333.355,325.197,316.449,307.147,297.397,287.405,277.507,268.178,259.996,253.542,249.241,247.204,247.158,248.511,250.544,252.613,254.304,255.479,256.232,256.775,257.312,257.948,258.695,259.525,260.423,261.39,262.426,263.529,264.694,265.915,267.18,268.476,269.786,271.09,272.366,273.591,274.744,275.811,276.787,277.69,278.565,279.507,280.678,282.342
49680.0,376.666,371.482,366.119,360.447,354.391,347.894,340.899,333.356,325.231,316.514,307.24,297.514,287.54,277.651,268.321,260.127,253.651,249.322,247.256,247.183,248.519,250.542,252.607,254.299,255.476,256.231,256.775,257.312,257.948,258.695,259.525,260.423,261.39,262.426,263.529,264.694,265.915,267.18,268.476,269.786,271.09,272.366,273.591,274.744,275.811,276.787,277.69,278.565,279.507,280.678,282.342
49740.0,376.4,371.257,365.934,360.301,354.283,347.822,340.863,333.355,325.263,316.577,307.332,297.63,287.673,277.794,268.464,260.258,253.76,249.402,247.307,247.209,248.527,250.54,252.602,254.294,255.473,256.229,256.775,257.312,257.948,258.695,259.524,260.423,261.39,262.426,263.529,264.694,265.915,267.18,268.476,269.786,271.09,272.366,273.591,274.744,275.811,276.787,277.69,278.565,279.507,280.678,282.342
49800.0,376.132,371.03,365.747,360.152,354.173,347.749,340.825,333.352,325.294,316.639,307.423,297.745,287.806,277.937,268.606,260.388,253.869,249.483,247.358,247.235,248.535,250.538,252.596,254.288,255.47,256.228,256.774,257.312,257.948,258.695,259.524,260.423,261.39,262.425,263.529,264.694,265.915,267.18,268.476,269.786,271.09,272.366,273.591,274.744,275.811,276.787,277.689,278.565,279.507,280.678,282.342
49860.0,375.86,370.799,365.556,360.001,354.06,347.673,340.785,333.347,325.323,316.7,307.512,297.858,287.938,278.079,268.747,260.518,253.978,249.564,247.41,247.262,248.543,250.536,252.591,254.283,255.466,256.227,256.774,257.312,257.948,258.695,259.524,260.423,261.39,262.425,263.529,264.694,265.915,267.18,268.476,269.786,271.09,272.366,273.591,274.744,275.811,276.787,277.689,278.565,279.507,280.678,282.342
49920.0,375.584,370.565,365.363,359.848,353.945,347.595,340.744,333.341,325.35,316.759,307.599,297.97,288.069,278.22,268.888,260.648,254.086,249.645,247.461,247.288,248.552,250.534,252.586,254.278,255.463,256.225,256.774,257.312,257.949,258.695,259.524,260.423,261.389,262.425,263.528,264.694,265.915,267.18,268.476,269.786,271.09,272.366,273.591,274.744,275.811,276.787,277.689,278.565,279.507,280.678,282.342
49980.0,375.306,370.329,365.168,359.692,353.827,347.515,340.7,333.333,325.375,316.816,307.686,298.081,288.199,278.36,269.029,260.778,254.195,249.726,247.513,247.315,248.56,250.533,252.58,254.273,255.46,256.224,256.774,257.312,257.949,258.695,259.524,260.423,261.389,262.425,263.528,264.694,265.915,267.18,268.476,269.786,271.09,272.366,273.591,274.744,275.811,276.787,277.689,278.565,279.507,280.678,282.342
50040.0,375.024,370.089,364.969,359.534,353.708,347.433,340.655,333.322,325.399,316.872,307.771,298.191,288.327,278.499,269.169,260.907,254.304,249.807,247.566,247.342,248.569,250.531,252.575,254.268,255.457,256.223,256.773,257.312,257.949,258.695,259.524,260.423,261.389,262.425,263.528,264.694,265.914,267.18,268.476,269.786,271.09,272.366,273.591,274.744,275.811,276.787,277.689,278.565,279.507,280.678,282.342
50100.0,374.739,369.846,364.768,359.373,353.586,347.349,340.607,333.311,325.421,316.926,307.854,298.3,288.455,278.638,269.308,261.036,254.412,249.888,247.618,247.369,248.578,250.53,252.57,254.263,255.454,256.221,256.773,257.312,257.949,258.695,259.524,260.423,261.389,262.425,263.528,264.694,265.914,267.18,268.476,269.786,271.09,272.366,273.591,274.744,275.811,276.787,277.689,278.565,279.507,280.678,282.342
50160.0,374.451,369.601,364.565,359.209,353.461,347.263,340.558,333.297,325.442,316.979,307.936,298.407,288.581,278.775,269.447,261.165,254.52,249.97,247.67,247.396,248.587,250.528,252.565,254.258,255.45,256.22,256.773,257.312,257.949,258.695,259.524,260.423,261.389,262.425,263.528,264.694,265.914,267.18,268.476,269.786,271.09,272.366,273.591,274.744,275.811,276.787,277.689,278.565,279.507,280.678,282.342
50220.0,374.16,369.352,364.358,359.043,353.335,347.174,340.506,333.281,325.461,317.03,308.017,298.513,288.707,278.912,269.585,261.293,254.629,250.051,247.723,247.423,248.596,250.527,252.56,254.253,255.447,256.218,256.773,257.313,257.949,258.695,259.524,260.423,261.389,262.425,263.528,264.694,265.914,267.18,268.476,269.786,271.09,272.366,273.591,274.744,275.811,276.787,277.689,278.565,279.507,280.678,282.342
50280.0,373.865,369.101,364.149,358.875,353.206,347.084,340.453,333.264,325.478,317.08,308.096,298.618,288.831,279.048,269.722,261.421,254.737,250.132,247.776,247.451,248.605,250.526,252.554,254.248,255.444,256.217,256.772,257.313,257.949,258.695,259.524,260.423,261.389,262.425,263.528,264.694,265.914,267.18,268.476,269.786,271.09,272.366,273.591,274.744,275.811,276.787,277.689,278.565,279.507,280.678,282.342
50340.0,373.567,368.846,363.937,358.704,353.075,346.991,340.398,333.244,325.493,317.128,308.174,298.721,288.954,279.183,269.859,261.549,254.845,250.214,247.829,247.478,248.615,250.525,252.549,254.243,255.441,256.216,256.772,257.313,257.949,258.695,259.524,260.423,261.389,262.425,263.528,264.694,265.914,267.18,268.476,269.786,271.09,272.366,273.591,274.744,275.811,276.787,277.689,278.565,279.507,280.678,282.342
50400.0,373.266,368.589,363.722,358.531,352.941,346.896,340.34,333.223,325.507,317.174,308.251,298.824,289.077,279.318,269.996,261.676,254.953,250.295,247.882,247.506,248.624,250.524,252.544,254.238,255.438,256.214,256.772,257.313,257.949,258.694,259.524,260.422,261.389,262.425,263.528,264.694,265.914,267.179,268.476,269.786,271.09,272.366,273.591,274.744,275.811,276.787,277.689,278.565,279.507,280.678,282.342
50460.0,372.961,368.328,363.504,358.354,352.805,346.799,340.281,333.2,325.519,317.219,308.326,298.925,289.198,279.451,270.132,261.803,255.061,250.377,247.935,247.534,248.634,250.523,252.539,254.233,255.434,256.213,256.771,257.313,257.949,258.694,259.524,260.422,261.389,262.425,263.528,264.694,265.914,267.179,268.476,269.786,271.09,272.366,273.591,274.744,275.811,276.787,277.689,278.565,279.507,280.679,282.342
50520.0,372.653,368.064,363.284,358.176,352.667,346.7,340.219,333.175,325.529,317.263,308.399,299.025,289.318,279.584,270.267,261.93,255.169,250.459,247.988,247.563,248.644,250.522,252.534,254.228,255.431,256.211,256.771,257.313,257.949,258.694,259.524,260.422,261.389,262.425,263.528,264.694,265.914,267.179,268.476,269.786,271.09,272.366,273.591,274.744,275.811,276.787,277.689,278.565,279.507,280.679,282.342
50580.0,372.341,367.798,363.061,357.995,352.526,346.598,340.156,333.149,325.538,317.305,308.472,299.123,289.437,279.716,270.401,262.056,255.277,250.541,248.042,247.591,248.654,250.522,252.53,254.224,255.428,256.21,256.771,257.313,257.949,258.694,259.524,260.422,261.389,262.425,263.528,264.694,265.914,267.179,268.476,269.786,271.09,272.366,273.591,274.744,275.811,276.787,277.689,278.565,279.507,280.679,282.342
50640.0,372.027,367.528,362.835,357.811,352.383,346.495,340.09,333.12,325.544,317.345,308.542,299.22,289.555,279.846,270.535,262.182,255.384,250.623,248.096,247.62,248.664,250.521,252.525,254.219,255.425,256.209,256.77,257.313,257.949,258.694,259.524,260.422,261.389,262.425,263.528,264.694,265.914,267.179,268.476,269.786,271.09,272.366,273.591,274.744,275.811,276.787,277.689,278.565,279.507,280.679,282.342
50700.0,371.708,367.255,362.606,357.625,352.238,346.389,340.023,333.09,325.55,317.383,308.612,299.317,289.672,279.976,270.669,262.308,255.492,250.704,248.15,247.648,248.674,250.52,252.52,254.214,255.422,256.207,256.77,257.313,257.949,258.694,259.524,260.422,261.389,262.425,263.528,264.694,265.914,267.179,268.476,269.786,271.09,272.366,273.591,274.744,275.811,276.787,277.689,278.565,279.507,280.679,282.342
50760.0,371.387,366.979,362.375,357.436,352.09,346.281,339.954,333.058,325.553,317.421,308.68,299.411,289.788,280.106,270.801,262.433,255.599,250.786,248.204,247.677,248.684,250.52,252.515,254.209,255.418,256.206,256.77,257.313,257.949,258.694,259.524,260.422,261.389,262.425,263.528,264.693,265.914,267.179,268.475,269.786,271.09,272.366,273.591,274.744,275.81,276.787,277.689,278.565,279.507,280.679,282.342
50820.0,371.062,366.7,362.14,357.244,351.94,346.171,339.882,333.024,325.555,317.456,308.746,299.505,289.903,280.234,270.933,262.558,255.706,250.868,248.258,247.706,248.695,250.519,252.51,254.204,255.415,256.204,256.769,257.313,257.95,258.694,259.524,260.422,261.389,262.425,263.528,264.693,265.914,267.179,268.475,269.786,271.09,272.366,273.591,274.744,275.81,276.787,277.689,278.565,279.507,280.679,282.342
50880.0,370.733,366.418,361.903,357.05,351.787,346.058,339.809,332.988,325.555,317.49,308.811,299.597,290.016,280.361,271.065,262.683,255.813,250.951,248.312,247.736,248.705,250.519,252.506,254.199,255.412,256.203,256.769,257.313,257.95,258.694,259.524,260.422,261.389,262.425,263.528,264.693,265.914,267.179,268.475,269.786,271.09,272.366,273.591,274.744,275.81,276.787,277.689,278.565,279.507,280.679,282.342
50940.0,370.401,366.132,361.663,356.854,351.633,345.944,339.733,332.95,325.553,317.522,308.875,299.688,290.129,280.488,271.196,262.807,255.92,251.033,248.367,247.765,248.716,250.519,252.501,254.194,255.409,256.202,256.769,257.313,257.95,258.694,259.524,260.422,261.389,262.425,263.528,264.693,265.914,267.179,268.475,269.786,271.09,272.366,273.591,274.744,275.81,276.787,277.689,278.565,279.507,280.679,282.342
51000.0,370.066,365.844,361.42,356.654,351.475,345.827,339.656,332.91,325.55,317.553,308.937,299.778,290.241,280.614,271.326,262.931,256.027,251.115,248.422,247.795,248.727,250.519,252.497,254.189,255.406,256.2,256.768,257.314,257.95,258.694,259.524,260.422,261.389,262.425,263.528,264.693,265.914,267.179,268.475,269.786,271.09,272.366,273.591,274.744,275.81,276.787,277.689,278.565,279.507,280.679,282.342
51060.0,369.727,365.552,361.174,356.452,351.316,345.708,339.576,332.869,325.545,317.583,308.998,299.866,290.351,280.739,271.456,263.054,256.134,251.197,248.476,247.825,248.738,250.519,252.492,254.185,255.402,256.199,256.768,257.314,257.95,258.694,259.524,260.422,261.389,262.425,263.528,264.693,265.914,267.179,268.475,269.786,271.09,272.366,273.591,274.744,275.81,276.787,277.689,278.565,279.507,280.679,282.342
51120.0,369.384,365.257,360.925,356.248,351.154,345.587,339.495,332.825,325.538,317.61,309.058,299.953,290.461,280.863,271.585,263.177,256.24,251.279,248.531,247.855,248.749,250.519,252.487,254.18,255.399,256.197,256.768,257.314,257.95,258.694,259.523,260.422,261.389,262.425,263.528,264.693,265.914,267.179,268.475,269.786,271.09,272.366,273.591,274.744,275.81,276.787,277.689,278.565,279.507,280.679,282.342
51180.0,369.038,364.959,360.674,356.041,350.989,345.464,339.411,332.78,325.529,317.636,309.116,300.039,290.569,280.986,271.713,263.3,256.347,251.362,248.586,247.885,248.761,250.519,252.483,254.175,255.396,256.196,256.767,257.314,257.95,258.694,259.523,260.422,261.389,262.425,263.528,264.693,265.914,267.179,268.475,269.785,271.09,272.366,273.591,274.744,275.81,276.787,277.689,278.565,279.507,280.679,282.342
51240.0,368.689,364.658,360.419,355.831,350.822,345.338,339.325,332.733,325.519,317.661,309.172,300.124,290.676,281.108,271.841,263.422,256.453,251.444,248.642,247.915,248.772,250.519,252.479,254.17,255.393,256.194,256.767,257.314,257.95,258.694,259.523,260.422,261.389,262.425,263.528,264.693,265.914,267.179,268.475,269.785,271.09,272.366,273.591,274.744,275.81,276.787,277.689,278.565,279.507,280.679,282.342
51300.0,368.336,364.353,360.162,355.618,350.653,345.21,339.238,332.684,325.507,317.684,309.227,300.207,290.782,281.229,271.968,263.544,256.559,251.526,248.697,247.945,248.784,250.52,252.474,254.166,255.39,256.193,256.767,257.314,257.95,258.694,259.523,260.422,261.389,262.424,263.528,264.693,265.914,267.179,268.475,269.785,271.09,272.366,273.591,274.744,275.81,276.787,277.689,278.565,279.507,280.679,282.342
51360.0,367.979,364.045,359.901,355.403,350.481,345.08,339.148,332.633,325.493,317.705,309.281,300.289,290.887,281.35,272.094,263.665,256.665,251.609,248.753,247.976,248.796,250.52,252.47,254.161,255.386,256.191,256.766,257.314,257.95,258.694,259.523,260.422,261.389,262.424,263.528,264.693,265.914,267.179,268.475,269.785,271.09,272.366,273.591,274.744,275.81,276.787,277.689,278.565,279.507,280.679,282.342
51420.0,367.619,363.734,359.638,355.186,350.307,344.948,339.056,332.58,325.478,317.725,309.333,300.37,290.991,281.469,272.22,263.787,256.771,251.691,248.808,248.007,248.808,250.521,252.466,254.156,255.383,256.19,256.766,257.314,257.95,258.694,259.523,260.422,261.388,262.424,263.528,264.693,265.914,267.179,268.475,269.785,271.09,272.366,273.591,274.744,275.81,276.787,277.689,278.565,279.507,280.679,282.342
51480.0,367.255,363.42,359.372,354.965,350.13,344.814,338.962,332.525,325.46,317.743,309.384,300.45,291.094,281.588,272.345,263.907,256.877,251.774,248.864,248.038,248.82,250.521,252.461,254.151,255.38,256.188,256.766,257.314,257.95,258.694,259.523,260.422,261.388,262.424,263.528,264.693,265.914,267.179,268.475,269.785,271.09,272.366,273.591,274.744,275.81,276.787,277.689,278.565,279.507,280.679,282.342
51540.0,366.887,363.102,359.102,354.742,349.951,344.677,338.867,332.469,325.441,317.76,309.433,300.528,291.196,281.706,272.469,264.028,256.982,251.856,248.92,248.069,248.832,250.522,252.457,254.147,255.377,256.187,256.765,257.314,257.95,258.694,259.523,260.422,261.388,262.424,263.527,264.693,265.914,267.179,268.475,269.785,271.09,272.366,273.591,274.744,275.81,276.787,277.689,278.565,279.507,280.679,282.342
51600.0,366.516,362.782,358.83,354.516,349.77,344.538,338.769,332.41,325.421,317.775,309.481,300.605,291.296,281.823,272.593,264.147,257.087,251.939,248.976,248.1,248.844,250.523,252.453,254.142,255.373,256.185,256.765,257.314,257.95,258.694,259.523,260.422,261.388,262.424,263.527,264.693,265.914,267.179,268.475,269.785,271.09,272.366,273.591,274.744,275.81,276.787,277.689,278.565,279.507,280.679,282.342
51660.0,366.141,362.458,358.555,354.287,349.586,344.397,338.669,332.35,325.398,317.788,309.528,300.681,291.396,281.939,272.716,264.267,257.193,252.021,249.032,248.132,248.856,250.523,252.449,254.137,255.37,256.184,256.765,257.314,257.95,258.694,259.523,260.422,261.388,262.424,263.527,264.693,265.914,267.179,268.475,269.785,271.089,272.366,273.591,274.744,275.81,276.787,277.689,278.565,279.507,280.679,282.342
51720.0,365.763,362.13,358.277,354.056,349.399,344.253,338.567,332.288,325.374,317.8,309.573,300.755,291.494,282.054,272.839,264.386,257.297,252.104,249.088,248.163,248.869,250.524,252.445,254.133,255.367,256.182,256.764,257.314,257.951,258.694,259.523,260.421,261.388,262.424,263.527,264.693,265.914,267.179,268.475,269.785,271.089,272.365,273.591,274.744,275.81,276.787,277.689,278.565,279.507,280.679,282.342
51780.0,365.38,361.799,357.996,353.822,349.21,344.108,338.463,332.224,325.348,317.81,309.616,300.828,291.592,282.168,272.961,264.505,257.402,252.186,249.145,248.195,248.882,250.525,252.441,254.128,255.364,256.181,256.764,257.314,257.951,258.694,259.523,260.421,261.388,262.424,263.527,264.693,265.914,267.179,268.475,269.785,271.089,272.365,273.591,274.744,275.81,276.787,277.689,278.565,279.507,280.679,282.342
51840.0,364.994,361.465,357.711,353.585,349.019,343.96,338.356,332.158,325.321,317.819,309.659,300.9,291.688,282.282,273.082,264.623,257.507,252.269,249.201,248.227,248.895,250.527,252.437,254.123,255.361,256.18,256.764,257.314,257.951,258.694,259.523,260.421,261.388,262.424,263.527,264.693,265.913,267.179,268.475,269.785,271.089,272.365,273.591,274.744,275.81,276.787,277.689,278.565,279.507,280.679,282.342
51900.0,364.604,361.128,357.424,353.346,348.825,343.81,338.248,332.09,325.291,317.826,309.699,300.971,291.783,282.394,273.203,264.741,257.611,252.351,249.258,248.259,248.908,250.528,252.433,254.119,255.357,256.178,256.763,257.314,257.951,258.694,259.523,260.421,261.388,262.424,263.527,264.693,265.913,267.179,268.475,269.785,271.089,272.365,273.59,274.744,275.81,276.787,277.689,278.565,279.507,280.679,282.342
51960.0,364.211,360.787,357.134,353.104,348.629,343.657,338.138,332.02,325.26,317.831,309.739,301.04,291.877,282.506,273.322,264.858,257.716,252.434,249.315,248.291,248.921,250.529,252.429,254.114,255.354,256.177,256.763,257.314,257.951,258.694,259.523,260.421,261.388,262.424,263.527,264.693,265.913,267.179,268.475,269.785,271.089,272.365,273.59,274.744,275.81,276.787,277.689,278.565,279.507,280.679,282.342
52020.0,363.814,360.443,356.841,352.859,348.43,343.502,338.025,331.948,325.227,317.835,309.776,301.108,291.97,282.616,273.442,264.975,257.82,252.516,249.372,248.323,248.934,250.53,252.425,254.11,255.351,256.175,256.762,257.314,257.951,258.694,259.523,260.421,261.388,262.424,263.527,264.693,265.913,267.179,268.475,269.785,271.089,272.365,273.59,274.744,275.81,276.787,277.689,278.565,279.507,280.679,282.342
52080.0,363.413,360.095,356.544,352.611,348.228,343.345,337.911,331.874,325.192,317.837,309.813,301.175,292.062,282.726,273.56,265.092,257.923,252.599,249.429,248.356,248.947,250.532,252.421,254.105,255.348,256.173,256.762,257.315,257.951,258.694,259.523,260.421,261.388,262.424,263.527,264.693,265.913,267.179,268.475,269.785,271.089,272.365,273.59,274.744,275.81,276.787,277.689,278.565,279.507,280.679,282.342
52140.0,363.008,359.744,356.245,352.361,348.024,343.186,337.794,331.799,325.156,317.838,309.848,301.24,292.153,282.835,273.678,265.208,258.027,252.681,249.486,248.389,248.961,250.534,252.418,254.1,255.345,256.172,256.762,257.315,257.951,258.694,259.523,260.421,261.388,262.424,263.527,264.693,265.913,267.179,268.475,269.785,271.089,272.365,273.59,274.744,275.81,276.787,277.689,278.565,279.507,280.679,282.342
52200.0,362.599,359.389,355.942,352.108,347.818,343.024,337.676,331.721,325.118,317.837,309.881,301.305,292.242,282.943,273.795,265.324,258.13,252.764,249.543,248.421,248.975,250.535,252.414,254.096,255.341,256.17,256.761,257.315,257.951,258.694,259.523,260.421,261.388,262.424,263.527,264.693,265.913,267.179,268.475,269.785,271.089,272.365,273.59,274.744,275.81,276.787,277.689,278.565,279.507,280.679,282.342
52260.0,362.186,359.031,355.637,351.852,347.609,342.86,337.555,331.642,325.078,317.835,309.913,301.368,292.331,283.05,273.912,265.439,258.234,252.846,249.6,248.454,248.988,250.537,252.41,254.091,255.338,256.169,256.761,257.315,257.951,258.694,259.523,260.421,261.388,262.424,263.527,264.693,265.913,267.179,268.475,269.785,271.089,272.365,273.59,274.744,275.81,276.787,277.689,278.565,279.507,280.679,282.342
52320.0,361.77,358.67,355.328,351.593,347.398,342.694,337.432,331.561,325.036,317.831,309.944,301.429,292.418,283.156,274.027,265.554,258.337,252.929,249.658,248.487,249.002,250.539,252.407,254.087,255.335,256.167,256.761,257.315,257.951,258.694,259.523,260.421,261.388,262.424,263.527,264.693,265.913,267.178,268.475,269.785,271.089,272.365,273.59,274.744,275.81,276.787,277.689,278.565,279.507,280.679,282.342
52380.0,361.349,358.305,355.016,351.331,347.184,342.526,337.307,331.477,324.993,317.825,309.973,301.489,292.504,283.261,274.142,265.668,258.44,253.011,249.715,248.521,249.016,250.541,252.403,254.082,255.332,256.166,256.76,257.315,257.951,258.694,259.523,260.421,261.388,262.424,263.527,264.693,265.913,267.178,268.475,269.785,271.089,272.365,273.59,274.744,275.81,276.787,277.689,278.565,279.507,280.679,282.342
52440.0,360.925,357.937,354.702,351.067,346.967,342.355,337.18,331.392,324.948,317.817,310.001,301.548,292.59,283.366,274.257,265.782,258.542,253.094,249.773,248.554,249.03,250.543,252.4,254.078,255.329,256.164,256.76,257.315,257.951,258.694,259.523,260.421,261.388,262.424,263.527,264.693,265.913,267.178,268.475,269.785,271.089,272.365,273.59,274.744,275.81,276.787,277.689,278.565,279.507,280.679,282.342
52500.0,360.497,357.565,354.383,350.799,346.748,342.182,337.051,331.305,324.901,317.809,310.027,301.606,292.674,283.469,274.37,265.895,258.645,253.176,249.83,248.588,249.045,250.545,252.396,254.074,255.325,256.163,256.759,257.315,257.951,258.694,259.522,260.421,261.388,262.424,263.527,264.692,265.913,267.178,268.475,269.785,271.089,272.365,273.59,274.744,275.81,276.787,277.689,278.565,279.507,280.679,282.342
52560.0,360.064,357.19,354.062,350.529,346.527,342.006,336.919,331.216,324.852,317.798,310.052,301.663,292.756,283.571,274.484,266.008,258.747,253.258,249.888,248.621,249.059,250.547,252.393,254.069,255.322,256.161,256.759,257.315,257.951,258.694,259.522,260.421,261.388,262.424,263.527,264.692,265.913,267.178,268.475,269.785,271.089,272.365,273.59,274.744,275.81,276.787,277.689,278.565,279.507,280.679,282.342
52620.0,359.628,356.811,353.738,350.257,346.302,341.829,336.786,331.125,324.802,317.786,310.075,301.718,292.838,283.673,274.596,266.121,258.849,253.341,249.946,248.655,249.074,250.549,252.389,254.065,255.319,256.16,256.759,257.315,257.951,258.694,259.522,260.421,261.388,262.424,263.527,264.692,265.913,267.178,268.475,269.785,271.089,272.365,273.59,274.744,275.81,276.787,277.689,278.565,279.507,280.679,282.342
52680.0,359.188,356.428,353.41,349.981,346.076,341.648,336.651,331.032,324.75,317.772,310.097,301.771,292.919,283.774,274.707,266.233,258.95,253.423,250.004,248.689,249.088,250.552,252.386,254.06,255.316,256.158,256.758,257.315,257.952,258.694,259.522,260.421,261.388,262.424,263.527,264.692,265.913,267.178,268.475,269.785,271.089,272.365,273.59,274.744,275.81,276.787,277.689,278.565,279.507,280.679,282.342
52740.0,358.744,356.042,353.08,349.702,345.846,341.466,336.513,330.938,324.696,317.757,310.118,301.824,292.998,283.873,274.818,266.345,259.052,253.505,250.062,248.723,249.103,250.554,252.383,254.056,255.313,256.157,256.758,257.315,257.952,258.694,259.522,260.421,261.388,262.424,263.527,264.692,265.913,267.178,268.475,269.785,271.089,272.365,273.59,274.744,275.81,276.787,277.689,278.565,279.507,280.679,282.342
52800.0,358.295,355.653,352.746,349.421,345.614,341.281,336.373,330.841,324.64,317.74,310.137,301.875,293.077,283.972,274.929,266.456,259.153,253.588,250.121,248.758,249.118,250.557,252.379,254.052,255.31,256.155,256.757,257.315,257.952,258.694,259.522,260.421,261.388,262.424,263.527,264.692,265.913,267.178,268.475,269.785,271.089,272.365,273.59,274.744,275.81,276.787,277.689,278.565,279.507,280.679,282.342
52860.0,357.843,355.259,352.409,349.137,345.38,341.094,336.231,330.742,324.583,317.721,310.154,301.925,293.154,284.07,275.038,266.567,259.254,253.67,250.179,248.792,249.133,250.559,252.376,254.047,255.306,256.154,256.757,257.315,257.952,258.694,259.522,260.421,261.387,262.423,263.527,264.692,265.913,267.178,268.474,269.785,271.089,272.365,273.59,274.744,275.81,276.787,277.689,278.565,279.507,280.679,282.342
52920.0,357.387,354.863,352.069,348.849,345.143,340.905,336.087,330.642,324.523,317.701,310.17,301.974,293.23,284.167,275.147,266.677,259.355,253.752,250.237,248.827,249.149,250.562,252.373,254.043,255.303,256.152,256.756,257.315,257.952,258.694,259.522,260.421,261.387,262.423,263.527,264.692,265.913,267.178,268.474,269.785,271.089,272.365,273.59,274.744,275.81,276.787,277.689,278.565,279.507,280.679,282.342
52980.0,356.926,354.462,351.725,348.559,344.903,340.713,335.941,330.539,324.462,317.679,310.185,302.021,293.305,284.263,275.255,266.787,259.456,253.834,250.296,248.861,249.164,250.565,252.37,254.039,255.3,256.151,256.756,257.315,257.952,258.694,259.522,260.421,261.387,262.423,263.527,264.692,265.913,267.178,268.474,269.785,271.089,272.365,273.59,274.743,275.81,276.787,277.689,278.565,279.507,280.679,282.342
53040.0,356.462,354.058,351.378,348.266,344.661,340.519,335.793,330.435,324.399,317.656,310.198,302.067,293.379,284.358,275.362,266.896,259.556,253.916,250.354,248.896,249.179,250.568,252.367,254.034,255.297,256.149,256.756,257.315,257.952,258.694,259.522,260.421,261.387,262.423,263.527,264.692,265.913,267.178,268.474,269.785,271.089,272.365,273.59,274.743,275.81,276.787,277.689,278.565,279.507,280.679,282.342
53100.0,355.993,353.65,351.028,347.971,344.416,340.323,335.643,330.328,324.335,317.631,310.21,302.112,293.452,284.452,275.469,267.005,259.656,253.998,250.413,248.931,249.195,250.571,252.364,254.03,255.294,256.147,256.755,257.315,257.952,258.694,259.522,260.42,261.387,262.423,263.527,264.692,265.913,267.178,268.474,269.785,271.089,272.365,273.59,274.743,275.81,276.787,277.689,278.565,279.507,280.679,282.342
53160.0,355.52,353.239,350.675,347.672,344.169,340.124,335.49,330.22,324.268,317.604,310.22,302.155,293.524,284.545,275.575,267.113,259.756,254.08,250.471,248.966,249.211,250.574,252.361,254.026,255.29,256.146,256.755,257.315,257.952,258.694,259.522,260.42,261.387,262.423,263.526,264.692,265.913,267.178,268.474,269.785,271.089,272.365,273.59,274.743,275.81,276.787,277.689,278.565,279.507,280.679,282.342
53220.0,355.043,352.824,350.319,347.37,343.919,339.923,335.335,330.109,324.2,317.576,310.229,302.197,293.594,284.637,275.68,267.221,259.855,254.162,250.53,249.001,249.227,250.577,252.358,254.022,255.287,256.144,256.754,257.315,257.952,258.694,259.522,260.42,261.387,262.423,263.526,264.692,265.913,267.178,268.474,269.785,271.089,272.365,273.59,274.743,275.81,276.787,277.689,278.565,279.507,280.679,282.342
53280.0,354.561,352.405,349.959,347.066,343.666,339.719,335.179,329.997,324.13,317.546,310.236,302.238,293.664,284.728,275.785,267.328,259.955,254.244,250.589,249.037,249.243,250.581,252.355,254.017,255.284,256.143,256.754,257.315,257.952,258.694,259.522,260.42,261.387,262.423,263.526,264.692,265.913,267.178,268.474,269.785,271.089,272.365,273.59,274.743,275.81,276.787,277.689,278.565,279.507,280.679,282.342
53340.0,354.076,351.982,349.596,346.758,343.411,339.513,335.02,329.883,324.059,317.514,310.242,302.278,293.732,284.819,275.888,267.435,260.054,254.326,250.648,249.072,249.259,250.584,252.353,254.013,255.281,256.141,256.753,257.315,257.952,258.694,259.522,260.42,261.387,262.423,263.526,264.692,265.913,267.178,268.474,269.785,271.089,272.365,273.59,274.743,275.81,276.787,277.689,278.565,279.507,280.679,282.342
53400.0,353.586,351.556,349.229,346.448,343.153,339.305,334.859,329.767,323.985,317.481,310.246,302.316,293.799,284.908,275.991,267.541,260.152,254.408,250.707,249.108,249.275,250.587,252.35,254.009,255.278,256.14,256.753,257.315,257.952,258.694,259.522,260.42,261.387,262.423,263.526,264.692,265.913,267.178,268.474,269.785,271.089,272.365,273.59,274.743,275.81,276.787,277.689,278.565,279.507,280.679,282.342
53460.0,353.091,351.126,348.86,346.134,342.892,339.094,334.695,329.649,323.91,317.446,310.249,302.353,293.865,284.996,276.094,267.647,260.251,254.489,250.766,249.143,249.291,250.591,252.347,254.005,255.275,256.138,256.753,257.315,257.952,258.694,259.522,260.42,261.387,262.423,263.526,264.692,265.913,267.178,268.474,269.784,271.089,272.365,273.59,274.743,275.81,276.787,277.689,278.565,279.507,280.679,282.342
53520.0,352.593,350.692,348.487,345.818,342.629,338.881,334.53,329.529,323.833,317.41,310.25,302.388,293.93,285.084,276.195,267.753,260.349,254.571,250.825,249.179,249.308,250.595,252.344,254.001,255.272,256.136,256.752,257.315,257.952,258.694,259.522,260.42,261.387,262.423,263.526,264.692,265.913,267.178,268.474,269.784,271.089,272.365,273.59,274.743,275.81,276.787,277.689,278.565,279.507,280.679,282.342
53580.0,352.09,350.254,348.11,345.498,342.363,338.666,334.362,329.407,323.754,317.372,310.25,302.423,293.993,285.17,276.296,267.857,260.447,254.653,250.884,249.215,249.325,250.598,252.342,253.997,255.268,256.135,256.752,257.315,257.952,258.694,259.522,260.42,261.387,262.423,263.526,264.692,265.913,267.178,268.474,269.784,271.089,272.365,273.59,274.743,275.81,276.787,277.689,278.565,279.507,280.679,282.342
53640.0,351.583,349.813,347.731,345.176,342.095,338.448,334.193,329.283,323.674,317.332,310.249,302.456,294.056,285.256,276.396,267.962,260.545,254.734,250.944,249.251,249.341,250.602,252.339,253.992,255.265,256.133,256.751,257.315,257.952,258.694,259.522,260.42,261.387,262.423,263.526,264.692,265.912,267.178,268.474,269.784,271.089,272.365,273.59,274.743,275.81,276.787,277.689,278.565,279.507,280.679,282.342
53700.0,351.071,349.368,347.347,344.851,341.824,338.228,334.021,329.157,323.591,317.291,310.246,302.487,294.117,285.341,276.495,268.066,260.642,254.816,251.003,249.288,249.358,250.606,252.337,253.988,255.262,256.132,256.751,257.315,257.953,258.694,259.522,260.42,261.387,262.423,263.526,264.692,265.912,267.178,268.474,269.784,271.089,272.365,273.59,274.743,275.81,276.787,277.689,278.565,279.507,280.679,282.342
53760.0,350.555,348.918,346.961,344.523,341.55,338.005,333.847,329.029,323.507,317.248,310.241,302.518,294.178,285.424,276.594,268.169,260.74,254.897,251.062,249.324,249.375,250.61,252.334,253.984,255.259,256.13,256.75,257.315,257.953,258.694,259.522,260.42,261.387,262.423,263.526,264.692,265.912,267.178,268.474,269.784,271.089,272.365,273.59,274.743,275.81,276.787,277.689,278.565,279.507,280.679,282.342
53820.0,350.035,348.465,346.571,344.191,341.273,337.78,333.67,328.899,323.421,317.204,310.236,302.547,294.237,285.507,276.692,268.272,260.836,254.978,251.122,249.36,249.392,250.614,252.332,253.98,255.256,256.128,256.75,257.315,257.953,258.694,259.522,260.42,261.387,262.423,263.526,264.692,265.912,267.178,268.474,269.784,271.089,272.365,273.59,274.743,275.81,276.787,277.689,278.565,279.507,280.679,282.342
53880.0,349.51,348.009,346.178,343.857,340.994,337.553,333.492,328.767,323.333,317.158,310.228,302.574,294.295,285.589,276.789,268.374,260.933,255.059,251.181,249.397,249.41,250.618,252.33,253.976,255.253,256.127,256.749,257.315,257.953,258.694,259.522,260.42,261.387,262.423,263.526,264.692,265.912,267.178,268.474,269.784,271.089,272.365,273.59,274.743,275.81,276.787,277.689,278.565,279.507,280.679,282.342
53940.0,348.981,347.548,345.781,343.52,340.712,337.323,333.312,328.633,323.244,317.11,310.219,302.601,294.352,285.67,276.885,268.476,261.029,255.14,251.241,249.434,249.427,250.623,252.327,253.972,255.25,256.125,256.749,257.315,257.953,258.694,259.521,260.42,261.387,262.423,263.526,264.692,265.912,267.178,268.474,269.784,271.089,272.365,273.59,274.743,275.81,276.786,277.689,278.565,279.507,280.679,282.342
54000.0,348.447,347.083,345.381,343.179,340.427,337.091,333.129,328.497,323.153,317.061,310.209,302.626,294.407,285.749,276.981,268.577,261.125,255.221,251.3,249.471,249.444,250.627,252.325,253.968,255.246,256.124,256.748,257.315,257.953,258.694,259.521,260.42,261.387,262.423,263.526,264.692,265.912,267.178,268.474,269.784,271.089,272.365,273.59,274.743,275.81,276.786,277.689,278.565,279.507,280.679,282.342
54060.0,347.908,346.614,344.977,342.836,340.14,336.856,332.944,328.359,323.06,317.01,310.197,302.65,294.462,285.828,277.076,268.678,261.221,255.302,251.36,249.508,249.462,250.632,252.323,253.964,255.243,256.122,256.748,257.315,257.953,258.694,259.521,260.42,261.387,262.423,263.526,264.692,265.912,267.178,268.474,269.784,271.089,272.365,273.59,274.743,275.81,276.786,277.689,278.565,279.507,280.679,282.342
54120.0,347.366,346.142,344.57,342.489,339.85,336.619,332.757,328.22,322.965,316.957,310.184,302.672,294.515,285.906,277.17,268.778,261.317,255.383,251.42,249.545,249.48,250.636,252.321,253.96,255.24,256.12,256.747,257.315,257.953,258.694,259.521,260.42,261.387,262.423,263.526,264.692,265.912,267.178,268.474,269.784,271.089,272.365,273.59,274.743,275.81,276.786,277.689,278.565,279.507,280.679,282.342
54180.0,346.818,345.665,344.16,342.14,339.557,336.379,332.568,328.078,322.868,316.903,310.169,302.693,294.567,285.983,277.263,268.878,261.412,255.464,251.479,249.582,249.498,250.641,252.319,253.956,255.237,256.119,256.747,257.315,257.953,258.694,259.521,260.42,261.387,262.423,263.526,264.691,265.912,267.178,268.474,269.784,271.088,272.365,273.59,274.743,275.81,276.786,277.689,278.565,279.507,280.679,282.343
54240.0,346.266,345.185,343.746,341.787,339.262,336.138,332.376,327.934,322.77,316.847,310.153,302.713,294.619,286.059,277.356,268.977,261.507,255.544,251.539,249.619,249.516,250.646,252.317,253.953,255.234,256.117,256.746,257.315,257.953,258.694,259.521,260.42,261.387,262.423,263.526,264.691,265.912,267.177,268.474,269.784,271.088,272.365,273.59,274.743,275.81,276.786,277.689,278.565,279.507,280.679,282.343
54300.0,345.709,344.7,343.328,341.432,338.964,335.893,332.182,327.789,322.669,316.79,310.135,302.732,294.668,286.134,277.448,269.076,261.601,255.625,251.599,249.657,249.534,250.65,252.315,253.949,255.231,256.116,256.746,257.315,257.953,258.694,259.521,260.42,261.387,262.423,263.526,264.691,265.912,267.177,268.474,269.784,271.088,272.365,273.59,274.743,275.81,276.786,277.689,278.565,279.507,280.679,282.343
54360.0,345.148,344.212,342.907,341.073,338.663,335.646,331.987,327.641,322.567,316.73,310.116,302.749,294.717,286.208,277.539,269.174,261.695,255.705,251.659,249.694,249.552,250.655,252.313,253.945,255.228,256.114,256.745,257.315,257.953,258.694,259.521,260.42,261.386,262.423,263.526,264.691,265.912,267.177,268.474,269.784,271.088,272.365,273.59,274.743,275.81,276.786,277.689,278.565,279.507,280.679,282.343
54420.0,344.581,343.719,342.483,340.711,338.359,335.397,331.789,327.491,322.463,316.67,310.096,302.765,294.765,286.281,277.629,269.271,261.789,255.785,251.719,249.732,249.57,250.66,252.311,253.941,255.225,256.112,256.745,257.315,257.953,258.694,259.521,260.42,261.386,262.422,263.526,264.691,265.912,267.177,268.474,269.784,271.088,272.365,273.59,274.743,275.81,276.786,277.689,278.565,279.507,280.679,282.343
54480.0,344.011,343.222,342.055,340.346,338.053,335.145,331.588,327.34,322.358,316.607,310.074,302.779,294.811,286.353,277.719,269.368,261.883,255.865,251.779,249.769,249.589,250.665,252.309,253.937,255.221,256.111,256.744,257.315,257.953,258.694,259.521,260.419,261.386,262.422,263.526,264.691,265.912,267.177,268.474,269.784,271.088,272.365,273.59,274.743,275.81,276.786,277.689,278.565,279.507,280.679,282.343
54540.0,343.435,342.721,341.623,339.978,337.744,334.891,331.386,327.186,322.25,316.543,310.05,302.793,294.857,286.425,277.808,269.465,261.976,255.946,251.839,249.807,249.607,250.671,252.307,253.933,255.218,256.109,256.744,257.315,257.953,258.694,259.521,260.419,261.386,262.422,263.526,264.691,265.912,267.177,268.474,269.784,271.088,272.365,273.59,274.743,275.81,276.786,277.689,278.565,279.507,280.679,282.343
54600.0,342.854,342.216,341.188,339.607,337.432,334.635,331.181,327.031,322.141,316.478,310.025,302.805,294.901,286.495,277.896,269.561,262.069,256.025,251.899,249.845,249.626,250.676,252.306,253.93,255.215,256.107,256.743,257.315,257.953,258.694,259.521,260.419,261.386,262.422,263.526,264.691,265.912,267.177,268.474,269.784,271.088,272.365,273.59,274.743,275.81,276.786,277.689,278.565,279.507,280.679,282.343
54660.0,342.269,341.707,340.749,339.233,337.117,334.376,330.975,326.873,322.03,316.411,309.999,302.815,294.944,286.564,277.983,269.656,262.162,256.105,251.959,249.883,249.645,250.681,252.304,253.926,255.212,256.106,256.743,257.315,257.953,258.694,259.521,260.419,261.386,262.422,263.526,264.691,265.912,267.177,268.474,269.784,271.088,272.364,273.59,274.743,275.81,276.786,277.689,278.565,279.507,280.679,282.343
54720.0,341.679,341.194,340.307,338.856,336.8,334.114,330.766,326.714,321.917,316.342,309.971,302.825,294.986,286.632,278.069,269.751,262.254,256.185,252.019,249.921,249.664,250.687,252.302,253.922,255.209,256.104,256.742,257.315,257.953,258.694,259.521,260.419,261.386,262.422,263.526,264.691,265.912,267.177,268.474,269.784,271.088,272.364,273.59,274.743,275.81,276.786,277.689,278.565,279.507,280.679,282.343
54780.0,341.084,340.677,339.861,338.475,336.48,333.85,330.554,326.552,321.803,316.271,309.941,302.833,295.027,286.699,278.155,269.845,262.346,256.265,252.079,249.96,249.683,250.692,252.301,253.918,255.206,256.103,256.742,257.315,257.953,258.694,259.521,260.419,261.386,262.422,263.525,264.691,265.912,267.177,268.474,269.784,271.088,272.364,273.59,274.743,275.81,276.786,277.689,278.565,279.507,280.679,282.343
54840.0,340.484,340.155,339.411,338.091,336.157,333.584,330.341,326.389,321.686,316.199,309.91,302.839,295.066,286.766,278.24,269.939,262.438,256.344,252.139,249.998,249.702,250.698,252.299,253.915,255.203,256.101,256.741,257.315,257.954,258.694,259.521,260.419,261.386,262.422,263.525,264.691,265.912,267.177,268.474,269.784,271.088,272.364,273.59,274.743,275.81,276.786,277.689,278.565,279.507,280.679,282.343
54900.0,339.88,339.629,338.958,337.704,335.831,333.315,330.125,326.223,321.568,316.125,309.878,302.845,295.105,286.831,278.324,270.032,262.529,256.423,252.199,250.037,249.721,250.704,252.298,253.911,255.2,256.099,256.741,257.315,257.954,258.694,259.521,260.419,261.386,262.422,263.525,264.691,265.912,267.177,268.474,269.784,271.088,272.364,273.59,274.743,275.81,276.786,277.689,278.565,279.507,280.679,282.343
54960.0,339.27,339.099,338.501,337.314,335.502,333.044,329.907,326.056,321.448,316.05,309.844,302.849,295.142,286.895,278.408,270.125,262.62,256.503,252.259,250.075,249.741,250.709,252.296,253.907,255.197,256.098,256.74,257.315,257.954,258.694,259.521,260.419,261.386,262.422,263.525,264.691,265.912,267.177,268.473,269.784,271.088,272.364,273.59,274.743,275.81,276.786,277.689,278.565,279.507,280.679,282.343
55020.0,338.655,338.565,338.041,336.921,335.171,332.77,329.687,325.886,321.326,315.973,309.809,302.851,295.178,286.959,278.49,270.217,262.711,256.582,252.319,250.114,249.76,250.715,252.295,253.904,255.194,256.096,256.74,257.315,257.954,258.694,259.521,260.419,261.386,262.422,263.525,264.691,265.912,267.177,268.473,269.784,271.088,272.364,273.59,274.743,275.81,276.786,277.689,278.565,279.507,280.679,282.343
55080.0,338.035,338.026,337.577,336.525,334.837,332.493,329.465,325.715,321.203,315.894,309.772,302.853,295.213,287.021,278.572,270.309,262.801,256.66,252.379,250.152,249.78,250.721,252.294,253.9,255.191,256.094,256.739,257.315,257.954,258.694,259.521,260.419,261.386,262.422,263.525,264.691,265.912,267.177,268.473,269.784,271.088,272.364,273.59,274.743,275.81,276.786,277.689,278.565,279.507,280.679,282.343
55140.0,337.41,337.483,337.109,336.125,334.5,332.215,329.241,325.541,321.077,315.814,309.734,302.853,295.247,287.082,278.653,270.399,262.891,256.739,252.439,250.191,249.799,250.727,252.292,253.897,255.188,256.093,256.739,257.315,257.954,258.694,259.521,260.419,261.386,262.422,263.525,264.691,265.912,267.177,268.473,269.784,271.088,272.364,273.59,274.743,275.81,276.786,277.689,278.565,279.507,280.679,282.343
55200.0,336.781,336.936,336.637,335.722,334.16,331.933,329.014,325.366,320.95,315.732,309.694,302.852,295.279,287.143,278.733,270.49,262.981,256.818,252.5,250.23,249.819,250.734,252.291,253.893,255.185,256.091,256.738,257.315,257.954,258.694,259.521,260.419,261.386,262.422,263.525,264.691,265.912,267.177,268.473,269.784,271.088,272.364,273.59,274.743,275.81,276.786,277.689,278.565,279.507,280.679,282.343
55260.0,336.146,336.385,336.162,335.316,333.817,331.649,328.785,325.188,320.821,315.649,309.653,302.849,295.311,287.202,278.813,270.58,263.07,256.896,252.56,250.269,249.839,250.74,252.29,253.889,255.182,256.089,256.738,257.315,257.954,258.694,259.521,260.419,261.386,262.422,263.525,264.691,265.912,267.177,268.473,269.784,271.088,272.364,273.59,274.743,275.81,276.786,277.689,278.565,279.507,280.679,282.343
55320.0,335.505,335.829,335.683,334.907,333.472,331.363,328.554,325.009,320.69,315.563,309.61,302.845,295.341,287.261,278.891,270.669,263.159,256.975,252.62,250.308,249.859,250.746,252.289,253.886,255.178,256.088,256.737,257.315,257.954,258.694,259.521,260.419,261.386,262.422,263.525,264.691,265.912,267.177,268.473,269.784,271.088,272.364,273.59,274.743,275.81,276.786,277.689,278.565,279.507,280.679,282.343
55380.0,334.86,335.268,335.2,334.494,333.124,331.074,328.32,324.827,320.557,315.477,309.566,302.84,295.37,287.318,278.969,270.758,263.247,257.053,252.68,250.348,249.879,250.753,252.288,253.882,255.175,256.086,256.737,257.315,257.954,258.694,259.521,260.419,261.386,262.422,263.525,264.691,265.912,267.177,268.473,269.784,271.088,272.364,273.589,274.743,275.81,276.786,277.689,278.565,279.507,280.679,282.343
55440.0,334.209,334.704,334.713,334.078,332.772,330.783,328.085,324.644,320.423,315.388,309.52,302.834,295.398,287.374,279.046,270.846,263.336,257.131,252.74,250.387,249.9,250.759,252.287,253.879,255.172,256.084,256.736,257.315,257.954,258.694,259.52,260.419,261.386,262.422,263.525,264.691,265.911,267.177,268.473,269.784,271.088,272.364,273.589,274.743,275.81,276.786,277.689,278.565,279.507,280.679,282.343
55500.0,333.553,334.134,334.223,333.659,332.419,330.489,327.847,324.458,320.287,315.298,309.473,302.826,295.425,287.43,279.123,270.933,263.424,257.209,252.801,250.426,249.92,250.766,252.286,253.875,255.169,256.083,256.736,257.315,257.954,258.694,259.52,260.419,261.386,262.422,263.525,264.691,265.911,267.177,268.473,269.784,271.088,272.364,273.589,274.743,275.81,276.786,277.689,278.565,279.507,280.679,282.343
55560.0,332.892,333.561,333.729,333.237,332.062,330.193,327.607,324.271,320.149,315.206,309.425,302.817,295.451,287.484,279.198,271.02,263.511,257.287,252.861,250.466,249.941,250.772,252.285,253.872,255.166,256.081,256.735,257.315,257.954,258.694,259.52,260.419,261.386,262.422,263.525,264.691,265.911,267.177,268.473,269.784,271.088,272.364,273.589,274.743,275.81,276.786,277.689,278.565,279.507,280.679,282.343
55620.0,332.226,332.983,333.231,332.811,331.702,329.894,327.364,324.082,320.009,315.113,309.375,302.806,295.475,287.538,279.273,271.106,263.598,257.364,252.921,250.505,249.961,250.779,252.284,253.869,255.163,256.079,256.735,257.315,257.954,258.694,259.52,260.419,261.386,262.422,263.525,264.691,265.911,267.177,268.473,269.784,271.088,272.364,273.589,274.743,275.81,276.786,277.689,278.565,279.507,280.679,282.343
55680.0,331.554,332.4,332.729,332.382,331.339,329.592,327.12,323.89,319.867,315.018,309.323,302.794,295.499,287.59,279.347,271.192,263.685,257.442,252.981,250.545,249.982,250.786,252.283,253.865,255.16,256.078,256.734,257.315,257.954,258.694,259.52,260.419,261.386,262.422,263.525,264.691,265.911,267.177,268.473,269.784,271.088,272.364,273.589,274.743,275.81,276.786,277.689,278.565,279.507,280.679,282.343
55740.0,330.877,331.813,332.223,331.95,330.974,329.288,326.873,323.697,319.724,314.922,309.27,302.781,295.521,287.642,279.42,271.277,263.772,257.519,253.041,250.585,250.003,250.793,252.283,253.862,255.157,256.076,256.733,257.315,257.954,258.694,259.52,260.419,261.386,262.422,263.525,264.691,265.911,267.177,268.473,269.783,271.088,272.364,273.589,274.743,275.81,276.786,277.689,278.565,279.507,280.679,282.343
55800.0,330.194,331.221,331.714,331.514,330.606,328.982,326.624,323.501,319.579,314.823,309.216,302.767,295.542,287.692,279.492,271.362,263.858,257.596,253.102,250.625,250.024,250.8,252.282,253.859,255.154,256.075,256.733,257.315,257.954,258.694,259.52,260.419,261.385,262.422,263.525,264.691,265.911,267.177,268.473,269.783,271.088,272.364,273.589,274.743,275.81,276.786,277.689,278.565,279.507,280.679,282.343
55860.0,329.506,330.625,331.2,331.075,330.234,328.673,326.373,323.304,319.432,314.724,309.16,302.751,295.562,287.742,279.564,271.446,263.943,257.673,253.162,250.665,250.045,250.807,252.281,253.855,255.151,256.073,256.732,257.315,257.954,258.694,259.52,260.418,261.385,262.422,263.525,264.69,265.911,267.177,268.473,269.783,271.088,272.364,273.589,274.743,275.81,276.786,277.689,278.565,279.507,280.679,282.343
55920.0,328.812,330.024,330.683,330.633,329.86,328.362,326.119,323.104,319.283,314.622,309.103,302.734,295.58,287.79,279.634,271.529,264.029,257.75,253.222,250.704,250.066,250.814,252.281,253.852,255.148,256.071,256.732,257.315,257.954,258.694,259.52,260.418,261.385,262.422,263.525,264.69,265.911,267.177,268.473,269.783,271.088,272.364,273.589,274.743,275.81,276.786,277.689,278.565,279.507,280.679,282.343
55980.0,328.113,329.418,330.161,330.187,329.483,328.047,325.863,322.903,319.132,314.519,309.044,302.716,295.598,287.838,279.704,271.612,264.114,257.826,253.282,250.745,250.087,250.822,252.28,253.849,255.145,256.069,256.731,257.315,257.954,258.694,259.52,260.418,261.385,262.421,263.525,264.69,265.911,267.177,268.473,269.783,271.088,272.364,273.589,274.743,275.81,276.786,277.689,278.565,279.507,280.679,282.343
56040.0,327.408,328.808,329.636,329.738,329.103,327.731,325.605,322.699,318.98,314.414,308.984,302.696,295.614,287.884,279.773,271.694,264.198,257.903,253.342,250.785,250.108,250.829,252.28,253.846,255.142,256.068,256.731,257.315,257.955,258.694,259.52,260.418,261.385,262.421,263.525,264.69,265.911,267.177,268.473,269.783,271.088,272.364,273.589,274.743,275.81,276.786,277.689,278.565,279.507,280.679,282.343
56100.0,326.697,328.193,329.107,329.286,328.721,327.412,325.345,322.494,318.826,314.308,308.922,302.675,295.629,287.93,279.842,271.776,264.282,257.979,253.402,250.825,250.13,250.837,252.279,253.842,255.139,256.066,256.73,257.314,257.955,258.694,259.52,260.418,261.385,262.421,263.525,264.69,265.911,267.177,268.473,269.783,271.088,272.364,273.589,274.743,275.81,276.786,277.689,278.565,279.507,280.679,282.343
56160.0,325.981,327.573,328.574,328.83,328.335,327.09,325.082,322.286,318.67,314.2,308.859,302.653,295.644,287.975,279.909,271.857,264.366,258.055,253.463,250.865,250.151,250.844,252.279,253.839,255.136,256.064,256.73,257.314,257.955,258.694,259.52,260.418,261.385,262.421,263.525,264.69,265.911,267.176,268.473,269.783,271.088,272.364,273.589,274.743,275.81,276.786,277.689,278.565,279.507,280.679,282.343
56220.0,325.259,326.949,328.037,328.371,327.946,326.766,324.818,322.077,318.512,314.091,308.794,302.629,295.656,288.018,279.976,271.937,264.45,258.131,253.523,250.905,250.173,250.852,252.279,253.836,255.134,256.063,256.729,257.314,257.955,258.694,259.52,260.418,261.385,262.421,263.525,264.69,265.911,267.176,268.473,269.783,271.088,272.364,273.589,274.743,275.81,276.786,277.689,278.565,279.507,280.679,282.343
56280.0,324.531,326.32,327.496,327.909,327.554,326.439,324.551,321.865,318.352,313.979,308.728,302.604,295.668,288.061,280.042,272.017,264.533,258.207,253.583,250.946,250.195,250.86,252.278,253.833,255.131,256.061,256.728,257.314,257.955,258.694,259.52,260.418,261.385,262.421,263.525,264.69,265.911,267.176,268.473,269.783,271.088,272.364,273.589,274.743,275.81,276.786,277.689,278.565,279.507,280.679,282.343
56340.0,323.798,325.686,326.951,327.443,327.16,326.109,324.281,321.652,318.191,313.867,308.66,302.578,295.679,288.102,280.107,272.096,264.615,258.282,253.643,250.986,250.216,250.867,252.278,253.83,255.128,256.059,256.728,257.314,257.955,258.694,259.52,260.418,261.385,262.421,263.525,264.69,265.911,267.176,268.473,269.783,271.088,272.364,273.589,274.743,275.809,276.786,277.689,278.565,279.507,280.679,282.343
56400.0,323.058,325.047,326.401,326.973,326.762,325.777,324.01,321.436,318.027,313.752,308.591,302.551,295.688,288.143,280.171,272.175,264.698,258.357,253.703,251.027,250.238,250.875,252.278,253.827,255.125,256.058,256.727,257.314,257.955,258.694,259.52,260.418,261.385,262.421,263.524,264.69,265.911,267.176,268.473,269.783,271.088,272.364,273.589,274.743,275.809,276.786,277.689,278.565,279.507,280.679,282.343
56460.0,322.313,324.403,325.848,326.5,326.362,325.443,323.736,321.219,317.862,313.636,308.52,302.522,295.696,288.182,280.234,272.253,264.779,258.433,253.763,251.068,250.26,250.883,252.278,253.824,255.122,256.056,256.727,257.314,257.955,258.694,259.52,260.418,261.385,262.421,263.524,264.69,265.911,267.176,268.473,269.783,271.088,272.364,273.589,274.743,275.809,276.786,277.689,278.565,279.507,280.679,282.343
56520.0,321.562,323.755,325.291,326.024,325.958,325.106,323.46,320.999,317.695,313.518,308.448,302.492,295.704,288.221,280.297,272.33,264.861,258.507,253.823,251.108,250.283,250.891,252.278,253.821,255.119,256.054,256.726,257.314,257.955,258.694,259.52,260.418,261.385,262.421,263.524,264.69,265.911,267.176,268.473,269.783,271.088,272.364,273.589,274.743,275.809,276.786,277.689,278.565,279.507,280.679,282.343
56580.0,320.805,323.101,324.73,325.544,325.552,324.766,323.181,320.778,317.527,313.399,308.375,302.46,295.709,288.259,280.359,272.407,264.942,258.582,253.882,251.149,250.305,250.9,252.278,253.818,255.116,256.053,256.725,257.314,257.955,258.694,259.52,260.418,261.385,262.421,263.524,264.69,265.911,267.176,268.473,269.783,271.088,272.364,273.589,274.743,275.809,276.786,277.689,278.565,279.507,280.679,282.343
56640.0,320.042,322.443,324.164,325.061,325.143,324.424,322.901,320.554,317.356,313.278,308.3,302.427,295.714,288.295,280.42,272.483,265.023,258.657,253.942,251.19,250.327,250.908,252.278,253.815,255.113,256.051,256.725,257.314,257.955,258.694,259.52,260.418,261.385,262.421,263.524,264.69,265.911,267.176,268.473,269.783,271.088,272.364,273.589,274.743,275.809,276.786,277.689,278.565,279.507,280.679,282.343
56700.0,319.272,321.779,323.594,324.574,324.73,324.079,322.618,320.328,317.184,313.156,308.224,302.393,295.718,288.331,280.48,272.558,265.103,258.731,254.002,251.231,250.35,250.916,252.278,253.812,255.11,256.049,256.724,257.314,257.955,258.694,259.52,260.418,261.385,262.421,263.524,264.69,265.911,267.176,268.473,269.783,271.088,272.364,273.589,274.743,275.809,276.786,277.689,278.565,279.507,280.679,282.343
56760.0,318.497,321.111,323.02,324.084,324.315,323.731,322.332,320.101,317.01,313.032,308.146,302.358,295.72,288.365,280.539,272.633,265.183,258.805,254.062,251.272,250.372,250.925,252.278,253.809,255.107,256.048,256.724,257.314,257.955,258.694,259.52,260.418,261.385,262.421,263.524,264.69,265.911,267.176,268.473,269.783,271.087,272.364,273.589,274.743,275.809,276.786,277.689,278.565,279.507,280.679,282.343
56820.0,317.715,320.437,322.442,323.59,323.896,323.381,322.045,319.871,316.834,312.906,308.066,302.321,295.722,288.399,280.598,272.708,265.262,258.879,254.122,251.313,250.395,250.933,252.279,253.806,255.104,256.046,256.723,257.314,257.955,258.694,259.52,260.418,261.385,262.421,263.524,264.69,265.911,267.176,268.473,269.783,271.087,272.364,273.589,274.743,275.809,276.786,277.689,278.565,279.507,280.679,282.343
56880.0,316.928,319.759,321.86,323.093,323.475,323.029,321.755,319.64,316.657,312.778,307.986,302.283,295.722,288.432,280.656,272.781,265.341,258.953,254.181,251.354,250.418,250.942,252.279,253.803,255.101,256.044,256.723,257.314,257.955,258.694,259.52,260.418,261.385,262.421,263.524,264.69,265.911,267.176,268.473,269.783,271.087,272.364,273.589,274.743,275.809,276.786,277.689,278.565,279.507,280.679,282.343
56940.0,316.133,319.075,321.274,322.592,323.051,322.673,321.463,319.406,316.477,312.649,307.903,302.244,295.721,288.463,280.712,272.854,265.42,259.026,254.241,251.395,250.44,250.951,252.279,253.8,255.098,256.043,256.722,257.314,257.955,258.694,259.519,260.418,261.385,262.421,263.524,264.69,265.911,267.176,268.473,269.783,271.087,272.364,273.589,274.743,275.809,276.786,277.689,278.565,279.507,280.679,282.343
57000.0,315.333,318.386,320.683,322.088,322.623,322.316,321.169,319.17,316.296,312.519,307.82,302.203,295.719,288.494,280.769,272.927,265.498,259.1,254.301,251.436,250.463,250.959,252.28,253.797,255.096,256.041,256.721,257.314,257.955,258.694,259.519,260.418,261.385,262.421,263.524,264.69,265.911,267.176,268.472,269.783,271.087,272.364,273.589,274.743,275.809,276.786,277.689,278.565,279.507,280.679,282.343
57060.0,314.526,317.692,320.088,321.58,322.193,321.955,320.872,318.933,316.113,312.386,307.735,302.161,295.715,288.523,280.824,272.999,265.576,259.173,254.36,251.477,250.486,250.968,252.28,253.794,255.093,256.039,256.721,257.314,257.955,258.694,259.519,260.418,261.385,262.421,263.524,264.69,265.911,267.176,268.472,269.783,271.087,272.364,273.589,274.743,275.809,276.786,277.689,278.565,279.507,280.679,282.343
57120.0,313.713,316.993,319.489,321.068,321.759,321.592,320.573,318.693,315.928,312.253,307.648,302.118,295.711,288.552,280.878,273.07,265.653,259.246,254.42,251.518,250.509,250.977,252.281,253.792,255.09,256.037,256.72,257.314,257.955,258.694,259.519,260.418,261.385,262.421,263.524,264.69,265.911,267.176,268.472,269.783,271.087,272.364,273.589,274.743,275.809,276.786,277.689,278.565,279.507,280.679,282.343
57180.0,312.893,316.289,318.886,320.553,321.323,321.226,320.272,318.451,315.741,312.117,307.56,302.073,295.705,288.58,280.932,273.14,265.73,259.318,254.479,251.56,250.533,250.986,252.281,253.789,255.087,256.036,256.72,257.313,257.955,258.694,259.519,260.418,261.385,262.421,263.524,264.69,265.911,267.176,268.472,269.783,271.087,272.364,273.589,274.743,275.809,276.786,277.689,278.565,279.507,280.679,282.343
57240.0,312.067,315.579,318.278,320.034,320.883,320.858,319.969,318.207,315.553,311.98,307.47,302.027,295.698,288.606,280.985,273.21,265.807,259.391,254.539,251.601,250.556,250.995,252.282,253.786,255.084,256.034,256.719,257.313,257.955,258.694,259.519,260.417,261.385,262.421,263.524,264.69,265.91,267.176,268.472,269.783,271.087,272.364,273.589,274.742,275.809,276.786,277.689,278.565,279.507,280.679,282.343
57300.0,311.234,314.864,317.666,319.512,320.44,320.487,319.663,317.962,315.363,311.841,307.38,301.98,295.69,288.632,281.036,273.279,265.883,259.463,254.598,251.643,250.579,251.004,252.283,253.783,255.081,256.032,256.718,257.313,257.955,258.694,259.519,260.417,261.384,262.421,263.524,264.69,265.91,267.176,268.472,269.783,271.087,272.364,273.589,274.742,275.809,276.786,277.689,278.565,279.507,280.679,282.343
57360.0,310.395,314.144,317.049,318.986,319.995,320.113,319.355,317.714,315.171,311.701,307.287,301.932,295.681,288.656,281.088,273.348,265.958,259.535,254.657,251.684,250.603,251.014,252.283,253.781,255.079,256.031,256.718,257.313,257.955,258.694,259.519,260.417,261.384,262.421,263.524,264.69,265.91,267.176,268.472,269.783,271.087,272.364,273.589,274.742,275.809,276.786,277.689,278.565,279.507,280.679,282.343
57420.0,309.549,313.418,316.428,318.457,319.546,319.737,319.045,317.464,314.977,311.559,307.193,301.882,295.671,288.68,281.138,273.416,266.034,259.607,254.716,251.726,250.626,251.023,252.284,253.778,255.076,256.029,256.717,257.313,257.955,258.694,259.519,260.417,261.384,262.421,263.524,264.69,265.91,267.176,268.472,269.783,271.087,272.364,273.589,274.742,275.809,276.786,277.689,278.565,279.507,280.679,282.343
57480.0,308.696,312.687,315.803,317.923,319.094,319.358,318.732,317.212,314.781,311.416,307.098,301.831,295.66,288.702,281.187,273.483,266.109,259.678,254.775,251.767,250.65,251.032,252.285,253.775,255.073,256.027,256.716,257.313,257.955,258.694,259.519,260.417,261.384,262.42,263.524,264.69,265.91,267.176,268.472,269.783,271.087,272.364,273.589,274.742,275.809,276.786,277.689,278.565,279.507,280.679,282.343
57540.0,307.836,311.95,315.173,317.386,318.639,318.976,318.417,316.959,314.584,311.271,307.001,301.779,295.647,288.724,281.236,273.55,266.183,259.749,254.835,251.809,250.673,251.042,252.286,253.773,255.07,256.026,256.716,257.313,257.956,258.694,259.519,260.417,261.384,262.42,263.524,264.69,265.91,267.176,268.472,269.783,271.087,272.364,273.589,274.742,275.809,276.786,277.689,278.565,279.508,280.679,282.343
57600.0,306.969,311.208,314.539,316.846,318.181,318.592,318.1,316.703,314.385,311.124,306.903,301.725,295.633,288.745,281.284,273.616,266.257,259.82,254.894,251.85,250.697,251.052,252.287,253.77,255.067,256.024,256.715,257.313,257.956,258.694,259.519,260.417,261.384,262.42,263.524,264.689,265.91,267.176,268.472,269.783,271.087,272.363,273.589,274.742,275.809,276.786,277.689,278.565,279.508,280.679,282.343
57660.0,306.096,310.461,313.9,316.301,317.72,318.205,317.781,316.445,314.184,310.975,306.803,301.67,295.618,288.764,281.331,273.682,266.33,259.891,254.953,251.892,250.721,251.061,252.288,253.768,255.064,256.022,256.715,257.313,257.956,258.694,259.519,260.417,261.384,262.42,263.524,264.689,265.91,267.176,268.472,269.783,271.087,272.363,273.589,274.742,275.809,276.786,277.689,278.565,279.508,280.679,282.343
57720.0,305.215,309.707,313.257,315.753,317.255,317.816,317.459,316.185,313.981,310.826,306.702,301.614,295.602,288.783,281.377,273.746,266.403,259.962,255.011,251.934,250.745,251.071,252.289,253.765,255.062,256.02,256.714,257.313,257.956,258.694,259.519,260.417,261.384,262.42,263.524,264.689,265.91,267.176,268.472,269.783,271.087,272.363,273.589,274.742,275.809,276.786,277.689,278.565,279.508,280.679,282.343
57780.0,304.327,308.949,312.609,315.201,316.788,317.424,317.135,315.923,313.776,310.674,306.6,301.556,295.585,288.8,281.422,273.811,266.476,260.032,255.07,251.975,250.769,251.081,252.29,253.763,255.059,256.019,256.713,257.313,257.956,258.694,259.519,260.417,261.384,262.42,263.524,264.689,265.91,267.176,268.472,269.783,271.087,272.363,273.589,274.742,275.809,276.786,277.689,278.565,279.508,280.679,282.343
57840.0,303.433,308.184,311.957,314.646,316.317,317.029,316.808,315.659,313.57,310.521,306.496,301.497,295.567,288.817,281.466,273.874,266.548,260.102,255.129,252.017,250.793,251.091,252.291,253.76,255.056,256.017,256.713,257.313,257.956,258.694,259.519,260.417,261.384,262.42,263.524,264.689,265.91,267.176,268.472,269.783,271.087,272.363,273.589,274.742,275.809,276.786,277.689,278.565,279.508,280.679,282.343
57900.0,302.531,307.414,311.3,314.086,315.843,316.631,316.479,315.393,313.362,310.366,306.391,301.437,295.547,288.833,281.51,273.937,266.62,260.172,255.188,252.059,250.818,251.101,252.292,253.758,255.053,256.015,256.712,257.313,257.956,258.694,259.519,260.417,261.384,262.42,263.524,264.689,265.91,267.176,268.472,269.783,271.087,272.363,273.589,274.742,275.809,276.786,277.689,278.565,279.508,280.679,282.343
57960.0,301.621,306.638,310.638,313.523,315.366,316.231,316.148,315.125,313.152,310.21,306.284,301.376,295.527,288.847,281.553,273.999,266.691,260.242,255.246,252.101,250.842,251.111,252.294,253.755,255.051,256.014,256.711,257.312,257.956,258.694,259.519,260.417,261.384,262.42,263.523,264.689,265.91,267.176,268.472,269.783,271.087,272.363,273.589,274.742,275.809,276.786,277.689,278.565,279.508,280.679,282.343
58020.0,300.705,305.857,309.972,312.956,314.886,315.828,315.815,314.855,312.94,310.052,306.176,301.313,295.505,288.861,281.595,274.061,266.762,260.311,255.305,252.143,250.866,251.121,252.295,253.753,255.048,256.012,256.711,257.312,257.956,258.694,259.519,260.417,261.384,262.42,263.523,264.689,265.91,267.176,268.472,269.782,271.087,272.363,273.589,274.742,275.809,276.786,277.689,278.565,279.508,280.679,282.343
58080.0,299.781,305.069,309.301,312.386,314.403,315.423,315.479,314.583,312.726,309.892,306.066,301.249,295.482,288.873,281.636,274.122,266.833,260.38,255.363,252.185,250.891,251.131,252.296,253.751,255.045,256.01,256.71,257.312,257.956,258.694,259.519,260.417,261.384,262.42,263.523,264.689,265.91,267.175,268.472,269.782,271.087,272.363,273.589,274.742,275.809,276.786,277.689,278.565,279.508,280.679,282.343
58140.0,298.849,304.276,308.626,311.811,313.917,315.014,315.141,314.309,312.511,309.731,305.955,301.184,295.458,288.885,281.676,274.182,266.903,260.449,255.421,252.227,250.915,251.142,252.298,253.748,255.042,256.009,256.709,257.312,257.956,258.694,259.519,260.417,261.384,262.42,263.523,264.689,265.91,267.175,268.472,269.782,271.087,272.363,273.589,274.742,275.809,276.786,277.689,278.565,279.508,280.679,282.343
58200.0,297.91,303.476,307.946,311.233,313.427,314.603,314.801,314.033,312.294,309.568,305.842,301.117,295.433,288.896,281.716,274.242,266.972,260.518,255.48,252.269,250.94,251.152,252.299,253.746,255.04,256.007,256.709,257.312,257.956,258.694,259.519,260.417,261.384,262.42,263.523,264.689,265.91,267.175,268.472,269.782,271.087,272.363,273.589,274.742,275.809,276.786,277.689,278.565,279.508,280.679,282.343
58260.0,296.964,302.671,307.261,310.651,312.934,314.19,314.458,313.755,312.075,309.404,305.728,301.049,295.406,288.905,281.754,274.3,267.041,260.586,255.538,252.311,250.965,251.163,252.301,253.744,255.037,256.005,256.708,257.312,257.956,258.693,259.519,260.417,261.384,262.42,263.523,264.689,265.91,267.175,268.472,269.782,271.087,272.363,273.589,274.742,275.809,276.786,277.689,278.565,279.508,280.679,282.343
58320.0,296.009,301.86,306.571,310.064,312.438,313.773,314.114,313.475,311.855,309.238,305.613,300.98,295.379,288.914,281.792,274.359,267.11,260.654,255.596,252.353,250.989,251.173,252.303,253.741,255.034,256.003,256.707,257.312,257.956,258.693,259.519,260.417,261.384,262.42,263.523,264.689,265.91,267.175,268.472,269.782,271.087,272.363,273.589,274.742,275.809,276.786,277.689,278.565,279.508,280.679,282.343
58380.0,295.047,301.043,305.876,309.474,311.939,313.354,313.766,313.193,311.632,309.071,305.496,300.91,295.35,288.921,281.829,274.416,267.178,260.722,255.654,252.395,251.014,251.184,252.304,253.739,255.032,256.002,256.707,257.312,257.956,258.693,259.519,260.417,261.384,262.42,263.523,264.689,265.91,267.175,268.472,269.782,271.087,272.363,273.589,274.742,275.809,276.786,277.689,278.565,279.508,280.679,282.343
58440.0,294.077,300.219,305.177,308.88,311.436,312.932,313.417,312.909,311.408,308.902,305.378,300.838,295.32,288.928,281.865,274.473,267.246,260.79,255.712,252.437,251.039,251.195,252.306,253.737,255.029,256.0,256.706,257.312,257.956,258.693,259.519,260.417,261.384,262.42,263.523,264.689,265.91,267.175,268.472,269.782,271.087,272.363,273.589,274.742,275.809,276.786,277.689,278.565,279.508,280.679,282.343
58500.0,293.099,299.39,304.473,308.283,310.931,312.508,313.065,312.623,311.182,308.731,305.258,300.765,295.289,288.934,281.9,274.53,267.313,260.857,255.77,252.479,251.064,251.205,252.308,253.735,255.026,255.998,256.705,257.312,257.956,258.693,259.518,260.417,261.384,262.42,263.523,264.689,265.91,267.175,268.472,269.782,271.087,272.363,273.589,274.742,275.809,276.786,277.689,278.565,279.508,280.679,282.343
58560.0,292.113,298.554,303.763,307.681,310.422,312.08,312.71,312.334,310.954,308.559,305.137,300.691,295.257,288.938,281.935,274.585,267.38,260.924,255.827,252.521,251.089,251.216,252.31,253.733,255.024,255.997,256.705,257.311,257.956,258.693,259.518,260.417,261.384,262.42,263.523,264.689,265.91,267.175,268.472,269.782,271.087,272.363,273.589,274.742,275.809,276.786,277.689,278.565,279.508,280.679,282.343
58620.0,291.119,297.712,303.049,307.075,309.909,311.65,312.354,312.044,310.724,308.385,305.014,300.615,295.224,288.942,281.968,274.64,267.446,260.991,255.885,252.563,251.114,251.227,252.311,253.731,255.021,255.995,256.704,257.311,257.956,258.693,259.518,260.416,261.384,262.42,263.523,264.689,265.91,267.175,268.472,269.782,271.087,272.363,273.589,274.742,275.809,276.786,277.689,278.565,279.508,280.679,282.343
58680.0,290.117,296.864,302.33,306.465,309.394,311.218,311.995,311.752,310.493,308.209,304.89,300.538,295.19,288.944,282.001,274.695,267.512,261.057,255.942,252.605,251.14,251.238,252.313,253.728,255.018,255.993,256.704,257.311,257.956,258.693,259.518,260.416,261.384,262.42,263.523,264.689,265.91,267.175,268.472,269.782,271.087,272.363,273.589,274.742,275.809,276.786,277.689,278.565,279.508,280.679,282.343
58740.0,289.107,296.009,301.606,305.851,308.875,310.782,311.634,311.458,310.26,308.032,304.765,300.46,295.154,288.946,282.033,274.749,267.577,261.123,256.0,252.648,251.165,251.249,252.315,253.726,255.016,255.991,256.703,257.311,257.956,258.693,259.518,260.416,261.383,262.42,263.523,264.689,265.91,267.175,268.472,269.782,271.087,272.363,273.589,274.742,275.809,276.786,277.689,278.565,279.508,280.679,282.343
58800.0,288.088,295.148,300.877,305.234,308.353,310.344,311.27,311.162,310.025,307.854,304.638,300.381,295.118,288.947,282.064,274.802,267.642,261.189,256.057,252.69,251.19,251.261,252.317,253.724,255.013,255.99,256.702,257.311,257.956,258.693,259.518,260.416,261.383,262.42,263.523,264.689,265.91,267.175,268.472,269.782,271.087,272.363,273.588,274.742,275.809,276.786,277.689,278.565,279.508,280.679,282.343
58860.0,287.06,294.281,300.143,304.612,307.827,309.903,310.904,310.863,309.788,307.674,304.51,300.3,295.08,288.946,282.094,274.854,267.707,261.255,256.114,252.732,251.216,251.272,252.32,253.722,255.01,255.988,256.701,257.311,257.956,258.693,259.518,260.416,261.383,262.42,263.523,264.689,265.91,267.175,268.472,269.782,271.087,272.363,273.588,274.742,275.809,276.786,277.689,278.565,279.508,280.679,282.343
58920.0,286.025,293.407,299.404,303.986,307.299,309.459,310.536,310.563,309.55,307.492,304.38,300.218,295.041,288.945,282.124,274.906,267.771,261.32,256.171,252.774,251.241,251.283,252.322,253.72,255.008,255.986,256.701,257.311,257.956,258.693,259.518,260.416,261.383,262.42,263.523,264.689,265.91,267.175,268.472,269.782,271.087,272.363,273.588,274.742,275.809,276.786,277.689,278.565,279.508,280.679,282.343
58980.0,284.98,292.526,298.659,303.356,306.766,309.012,310.165,310.261,309.31,307.309,304.249,300.135,295.001,288.943,282.152,274.957,267.834,261.386,256.228,252.816,251.267,251.295,252.324,253.718,255.005,255.985,256.7,257.311,257.956,258.693,259.518,260.416,261.383,262.42,263.523,264.689,265.91,267.175,268.472,269.782,271.087,272.363,273.588,274.742,275.809,276.786,277.689,278.565,279.508,280.679,282.343
59040.0,283.927,291.639,297.91,302.722,306.231,308.563,309.792,309.956,309.068,307.124,304.117,300.051,294.96,288.939,282.18,275.007,267.897,261.45,256.285,252.859,251.292,251.306,252.326,253.717,255.003,255.983,256.699,257.311,257.956,258.693,259.518,260.416,261.383,262.419,263.523,264.689,265.909,267.175,268.472,269.782,271.087,272.363,273.588,274.742,275.809,276.786,277.689,278.565,279.508,280.679,282.343
59100.0,282.865,290.745,297.155,302.083,305.692,308.111,309.417,309.65,308.824,306.937,303.983,299.965,294.918,288.935,282.207,275.057,267.96,261.515,256.342,252.901,251.318,251.318,252.329,253.715,255.0,255.981,256.699,257.31,257.956,258.693,259.518,260.416,261.383,262.419,263.523,264.689,265.909,267.175,268.471,269.782,271.087,272.363,273.588,274.742,275.809,276.786,277.689,278.565,279.508,280.679,282.343
59160.0,281.794,289.844,296.395,301.441,305.15,307.656,309.039,309.341,308.578,306.749,303.848,299.878,294.874,288.93,282.233,275.106,268.022,261.579,256.398,252.943,251.344,251.329,252.331,253.713,254.997,255.98,256.698,257.31,257.956,258.693,259.518,260.416,261.383,262.419,263.523,264.689,265.909,267.175,268.471,269.782,271.087,272.363,273.588,274.742,275.809,276.786,277.689,278.565,279.508,280.679,282.343
59220.0,280.714,288.937,295.63,300.794,304.605,307.198,308.659,309.031,308.331,306.56,303.711,299.79,294.83,288.923,282.258,275.154,268.083,261.643,256.455,252.985,251.37,251.341,252.333,253.711,254.995,255.978,256.697,257.31,257.956,258.693,259.518,260.416,261.383,262.419,263.523,264.689,265.909,267.175,268.471,269.782,271.087,272.363,273.588,274.742,275.809,276.786,277.689,278.565,279.508,280.679,282.343
59280.0,279.625,288.022,294.86,300.143,304.056,306.738,308.276,308.718,308.082,306.368,303.573,299.7,294.784,288.916,282.283,275.202,268.144,261.707,256.511,253.028,251.396,251.353,252.336,253.709,254.992,255.976,256.697,257.31,257.956,258.693,259.518,260.416,261.383,262.419,263.523,264.688,265.909,267.175,268.471,269.782,271.087,272.363,273.588,274.742,275.809,276.786,277.689,278.565,279.508,280.679,282.343
59340.0,278.527,287.101,294.084,299.488,303.503,306.274,307.892,308.404,307.831,306.176,303.434,299.61,294.737,288.908,282.306,275.249,268.205,261.77,256.568,253.07,251.422,251.365,252.338,253.707,254.99,255.974,256.696,257.31,257.956,258.693,259.518,260.416,261.383,262.419,263.523,264.688,265.909,267.175,268.471,269.782,271.086,272.363,273.588,274.742,275.809,276.786,277.689,278.565,279.508,280.679,282.343
59400.0,277.419,286.173,293.302,298.829,302.947,305.808,307.504,308.087,307.578,305.981,303.293,299.518,294.689,288.898,282.329,275.295,268.265,261.833,256.624,253.112,251.448,251.377,252.341,253.706,254.987,255.973,256.695,257.31,257.956,258.693,259.518,260.416,261.383,262.419,263.523,264.688,265.909,267.175,268.471,269.782,271.086,272.363,273.588,274.742,275.809,276.786,277.689,278.565,279.508,280.679,282.343
59460.0,276.302,285.237,292.516,298.166,302.388,305.339,307.115,307.769,307.324,305.785,303.151,299.424,294.64,288.888,282.351,275.341,268.325,261.896,256.68,253.154,251.474,251.389,252.344,253.704,254.985,255.971,256.695,257.31,257.956,258.693,259.518,260.416,261.383,262.419,263.523,264.688,265.909,267.175,268.471,269.782,271.086,272.363,273.588,274.742,275.809,276.786,277.689,278.565,279.508,280.679,282.343
59520.0,275.176,284.295,291.724,297.498,301.825,304.867,306.723,307.448,307.068,305.588,303.007,299.33,294.59,288.877,282.372,275.386,268.384,261.959,256.736,253.197,251.5,251.401,252.346,253.702,254.982,255.969,256.694,257.31,257.956,258.693,259.518,260.416,261.383,262.419,263.523,264.688,265.909,267.175,268.471,269.782,271.086,272.363,273.588,274.742,275.809,276.786,277.689,278.565,279.508,280.679,282.343
59580.0,274.039,283.345,290.926,296.825,301.259,304.393,306.329,307.125,306.81,305.389,302.862,299.234,294.539,288.865,282.392,275.43,268.443,262.021,256.791,253.239,251.526,251.413,252.349,253.701,254.98,255.968,256.693,257.31,257.957,258.693,259.518,260.416,261.383,262.419,263.522,264.688,265.909,267.175,268.471,269.782,271.086,272.363,273.588,274.742,275.809,276.786,277.689,278.565,279.508,280.679,282.343
59640.0,272.893,282.388,290.123,296.149,300.69,303.915,305.932,306.801,306.55,305.188,302.715,299.137,294.486,288.851,282.411,275.474,268.501,262.083,256.847,253.281,251.552,251.425,252.352,253.699,254.977,255.966,256.693,257.309,257.957,258.693,259.518,260.416,261.383,262.419,263.522,264.688,265.909,267.175,268.471,269.782,271.086,272.363,273.588,274.742,275.809,276.786,277.689,278.565,279.508,280.679,282.343
59700.0,271.737,281.423,289.314,295.468,300.117,303.435,305.533,306.474,306.289,304.986,302.568,299.039,294.433,288.837,282.43,275.517,268.558,262.145,256.902,253.323,251.579,251.437,252.355,253.697,254.975,255.964,256.692,257.309,257.957,258.693,259.518,260.416,261.383,262.419,263.522,264.688,265.909,267.175,268.471,269.782,271.086,272.363,273.588,274.742,275.809,276.786,277.689,278.565,279.508,280.679,282.343
59760.0,270.571,280.452,288.499,294.783,299.54,302.952,305.131,306.145,306.025,304.783,302.418,298.939,294.378,288.822,282.447,275.559,268.616,262.206,256.958,253.366,251.605,251.45,252.358,253.696,254.972,255.962,256.691,257.309,257.957,258.693,259.518,260.416,261.383,262.419,263.522,264.688,265.909,267.175,268.471,269.782,271.086,272.363,273.588,274.742,275.809,276.786,277.689,278.565,279.508,280.679,282.343
59820.0,269.395,279.472,287.679,294.093,298.96,302.465,304.728,305.814,305.76,304.577,302.268,298.839,294.323,288.806,282.464,275.601,268.672,262.267,257.013,253.408,251.632,251.462,252.361,253.694,254.97,255.961,256.69,257.309,257.957,258.693,259.518,260.416,261.383,262.419,263.522,264.688,265.909,267.175,268.471,269.782,271.086,272.363,273.588,274.742,275.809,276.786,277.689,278.565,279.508,280.679,282.343
59880.0,268.208,278.485,286.853,293.399,298.376,301.976,304.321,305.481,305.493,304.371,302.116,298.737,294.266,288.789,282.48,275.642,268.729,262.328,257.068,253.45,251.658,251.475,252.364,253.693,254.967,255.959,256.69,257.309,257.957,258.693,259.518,260.416,261.383,262.419,263.522,264.688,265.909,267.175,268.471,269.782,271.086,272.363,273.588,274.742,275.809,276.786,277.689,278.565,279.508,280.679,282.343
59940.0,267.011,277.49,286.021,292.7,297.789,301.485,303.913,305.147,305.225,304.162,301.962,298.633,294.208,288.771,282.495,275.682,268.784,262.388,257.123,253.492,251.685,251.487,252.367,253.691,254.965,255.957,256.689,257.309,257.957,258.693,259.518,260.416,261.383,262.419,263.522,264.688,265.909,267.175,268.471,269.782,271.086,272.363,273.588,274.742,275.809,276.786,277.689,278.565,279.508,280.679,282.343
60000.0,265.804,276.488,285.184,291.997,297.198,300.99,303.501,304.81,304.955,303.952,301.808,298.529,294.149,288.752,282.51,275.722,268.839,262.448,257.178,253.534,251.711,251.5,252.37,253.69,254.962,255.956,256.688,257.309,257.957,258.693,259.518,260.415,261.383,262.419,263.522,264.688,265.909,267.175,268.471,269.782,271.086,272.363,273.588,274.742,275.809,276.786,277.689,278.565,279.508,280.679,282.343
60060.0,264.586,275.478,284.34,291.289,296.604,300.492,303.088,304.471,304.682,303.741,301.652,298.423,294.089,288.731,282.523,275.761,268.894,262.508,257.233,253.577,251.738,251.513,252.373,253.688,254.96,255.954,256.688,257.308,257.957,258.693,259.518,260.415,261.383,262.419,263.522,264.688,265.909,267.174,268.471,269.782,271.086,272.363,273.588,274.742,275.809,276.786,277.689,278.565,279.508,280.679,282.343
60120.0,263.357,274.459,283.491,290.577,296.005,299.991,302.672,304.13,304.409,303.528,301.494,298.316,294.027,288.71,282.536,275.799,268.948,262.567,257.287,253.619,251.765,251.526,252.376,253.687,254.957,255.952,256.687,257.308,257.957,258.693,259.517,260.415,261.383,262.419,263.522,264.688,265.909,267.174,268.471,269.782,271.086,272.363,273.588,274.742,275.809,276.786,277.689,278.565,279.508,280.679,282.343
60180.0,262.117,273.433,282.636,289.86,295.404,299.488,302.254,303.787,304.133,303.313,301.335,298.208,293.965,288.688,282.548,275.837,269.002,262.626,257.342,253.661,251.792,251.539,252.38,253.686,254.955,255.951,256.686,257.308,257.957,258.693,259.517,260.415,261.383,262.419,263.522,264.688,265.909,267.174,268.471,269.782,271.086,272.363,273.588,274.742,275.809,276.786,277.689,278.565,279.508,280.679,282.343
60240.0,260.866,272.399,281.774,289.138,294.798,298.981,301.833,303.442,303.856,303.097,301.175,298.099,293.901,288.665,282.559,275.874,269.055,262.685,257.396,253.703,251.818,251.551,252.383,253.684,254.953,255.949,256.685,257.308,257.957,258.693,259.517,260.415,261.382,262.419,263.522,264.688,265.909,267.174,268.471,269.782,271.086,272.363,273.588,274.742,275.809,276.786,277.689,278.565,279.508,280.679,282.343
60300.0,259.603,271.356,280.906,288.412,294.189,298.472,301.41,303.094,303.577,302.88,301.013,297.988,293.837,288.641,282.569,275.91,269.108,262.744,257.45,253.745,251.845,251.564,252.387,253.683,254.95,255.947,256.685,257.308,257.957,258.693,259.517,260.415,261.382,262.419,263.522,264.688,265.909,267.174,268.471,269.782,271.086,272.363,273.588,274.742,275.809,276.786,277.689,278.565,279.508,280.679,282.343
60360.0,258.329,270.305,280.033,287.681,293.577,297.959,300.984,302.745,303.296,302.66,300.85,297.876,293.771,288.616,282.578,275.946,269.16,262.802,257.504,253.787,251.872,251.578,252.39,253.682,254.948,255.945,256.684,257.308,257.957,258.693,259.517,260.415,261.382,262.419,263.522,264.688,265.909,267.174,268.471,269.781,271.086,272.363,273.588,274.742,275.809,276.786,277.689,278.565,279.508,280.679,282.343
60420.0,257.044,269.246,279.153,286.946,292.96,297.444,300.556,302.394,303.013,302.44,300.686,297.763,293.704,288.59,282.586,275.98,269.212,262.86,257.558,253.829,251.899,251.591,252.394,253.68,254.946,255.944,256.683,257.308,257.957,258.693,259.517,260.415,261.382,262.419,263.522,264.688,265.909,267.174,268.471,269.781,271.086,272.363,273.588,274.742,275.809,276.786,277.689,278.565,279.508,280.679,282.343
60480.0,255.747,268.178,278.266,286.205,292.34,296.926,300.125,302.041,302.728,302.217,300.52,297.649,293.637,288.564,282.594,276.015,269.263,262.917,257.611,253.871,251.926,251.604,252.397,253.679,254.943,255.942,256.683,257.307,257.957,258.693,259.517,260.415,261.382,262.419,263.522,264.688,265.909,267.174,268.471,269.781,271.086,272.363,273.588,274.742,275.809,276.786,277.689,278.565,279.508,280.679,282.343
60540.0,254.437,267.102,277.374,285.46,291.716,296.404,299.692,301.685,302.442,301.994,300.353,297.533,293.568,288.536,282.601,276.048,269.314,262.975,257.665,253.913,251.953,251.617,252.401,253.678,254.941,255.94,256.682,257.307,257.957,258.693,259.517,260.415,261.382,262.419,263.522,264.688,265.909,267.174,268.471,269.781,271.086,272.362,273.588,274.742,275.809,276.786,277.689,278.565,279.508,280.679,282.343
60600.0,253.116,266.017,276.475,284.71,291.089,295.88,299.257,301.328,302.154,301.768,300.184,297.417,293.497,288.507,282.607,276.081,269.364,263.032,257.718,253.955,251.98,251.631,252.404,253.677,254.939,255.939,256.681,257.307,257.957,258.693,259.517,260.415,261.382,262.418,263.522,264.688,265.909,267.174,268.471,269.781,271.086,272.362,273.588,274.742,275.809,276.786,277.689,278.565,279.508,280.679,282.343
60660.0,251.783,264.923,275.569,283.954,290.457,295.352,298.819,300.968,301.865,301.541,300.015,297.299,293.426,288.477,282.612,276.113,269.414,263.088,257.771,253.997,252.008,251.644,252.408,253.676,254.936,255.937,256.68,257.307,257.957,258.693,259.517,260.415,261.382,262.418,263.522,264.688,265.909,267.174,268.471,269.781,271.086,272.362,273.588,274.742,275.809,276.786,277.689,278.565,279.508,280.679,282.343
60720.0,250.437,263.82,274.657,283.194,289.822,294.822,298.379,300.607,301.573,301.313,299.843,297.179,293.354,288.446,282.616,276.145,269.463,263.144,257.824,254.039,252.035,251.657,252.412,253.675,254.934,255.935,256.68,257.307,257.957,258.693,259.517,260.415,261.382,262.418,263.522,264.688,265.909,267.174,268.471,269.781,271.086,272.362,273.588,274.742,275.809,276.786,277.689,278.565,279.508,280.679,282.343
60780.0,249.078,262.708,273.738,282.429,289.183,294.288,297.936,300.243,301.28,301.083,299.671,297.059,293.281,288.415,282.62,276.176,269.512,263.2,257.877,254.081,252.062,251.671,252.416,253.674,254.932,255.934,256.679,257.307,257.957,258.693,259.517,260.415,261.382,262.418,263.522,264.688,265.909,267.174,268.471,269.781,271.086,272.362,273.588,274.742,275.809,276.786,277.689,278.565,279.508,280.679,282.343
60840.0,247.707,261.587,272.813,281.659,288.54,293.752,297.49,299.877,300.985,300.852,299.497,296.937,293.206,288.382,282.622,276.206,269.56,263.256,257.93,254.123,252.089,251.685,252.42,253.673,254.929,255.932,256.678,257.307,257.957,258.693,259.517,260.415,261.382,262.418,263.522,264.688,265.908,267.174,268.471,269.781,271.086,272.362,273.588,274.742,275.809,276.786,277.689,278.565,279.508,280.679,282.343
60900.0,246.322,260.457,271.881,280.884,287.893,293.212,297.043,299.51,300.688,300.619,299.322,296.815,293.131,288.348,282.624,276.235,269.607,263.311,257.982,254.165,252.117,251.698,252.424,253.672,254.927,255.93,256.677,257.306,257.957,258.693,259.517,260.415,261.382,262.418,263.522,264.688,265.908,267.174,268.471,269.781,271.086,272.362,273.588,274.742,275.809,276.786,277.689,278.565,279.508,280.679,282.343
60960.0,244.925,259.318,270.942,280.104,287.242,292.669,296.592,299.14,300.39,300.384,299.145,296.69,293.054,288.314,282.625,276.264,269.655,263.366,258.035,254.206,252.144,251.712,252.428,253.671,254.925,255.929,256.677,257.306,257.957,258.693,259.517,260.415,261.382,262.418,263.522,264.687,265.908,267.174,268.471,269.781,271.086,272.362,273.588,274.742,275.809,276.786,277.689,278.565,279.508,280.679,282.343
61020.0,243.514,258.168,269.996,279.319,286.587,292.124,296.139,298.768,300.089,300.148,298.967,296.565,292.976,288.278,282.625,276.292,269.701,263.421,258.087,254.248,252.172,251.726,252.432,253.67,254.923,255.927,256.676,257.306,257.957,258.693,259.517,260.415,261.382,262.418,263.522,264.687,265.908,267.174,268.471,269.781,271.086,272.362,273.588,274.742,275.809,276.786,277.689,278.565,279.508,280.679,282.343
61080.0,242.089,257.01,269.043,278.528,285.928,291.575,295.684,298.394,299.787,299.91,298.788,296.439,292.898,288.241,282.625,276.319,269.747,263.475,258.139,254.29,252.199,251.74,252.436,253.669,254.92,255.925,256.675,257.306,257.957,258.693,259.517,260.415,261.382,262.418,263.522,264.687,265.908,267.174,268.471,269.781,271.086,272.362,273.588,274.742,275.809,276.786,277.689,278.565,279.508,280.679,282.343
61140.0,240.651,255.841,268.083,277.732,285.265,291.022,295.226,298.018,299.483,299.671,298.607,296.311,292.818,288.204,282.623,276.346,269.793,263.529,258.191,254.331,252.227,251.754,252.44,253.668,254.918,255.924,256.674,257.306,257.957,258.693,259.517,260.415,261.382,262.418,263.522,264.687,265.908,267.174,268.471,269.781,271.086,272.362,273.588,274.742,275.809,276.786,277.689,278.565,279.508,280.679,282.343
61200.0,239.198,254.663,267.116,276.931,284.598,290.467,294.765,297.639,299.178,299.43,298.425,296.182,292.737,288.166,282.621,276.372,269.838,263.582,258.242,254.373,252.254,251.768,252.444,253.667,254.916,255.922,256.674,257.306,257.957,258.693,259.517,260.415,261.382,262.418,263.521,264.687,265.908,267.174,268.47,269.781,271.086,272.362,273.588,274.742,275.809,276.786,277.689,278.565,279.508,280.679,282.343
61260.0,237.732,253.474,266.142,276.125,283.928,289.909,294.302,297.259,298.87,299.188,298.242,296.052,292.655,288.126,282.617,276.397,269.883,263.636,258.294,254.415,252.282,251.782,252.449,253.666,254.914,255.92,256.673,257.305,257.957,258.693,259.517,260.415,261.382,262.418,263.521,264.687,265.908,267.174,268.47,269.781,271.086,272.362,273.588,274.742,275.809,276.786,277.689,278.565,279.508,280.679,282.343
61320.0,236.25,252.275,265.16,275.313,283.253,289.347,293.837,296.877,298.561,298.944,298.057,295.921,292.572,288.086,282.613,276.422,269.927,263.688,258.345,254.456,252.309,251.796,252.453,253.665,254.911,255.919,256.672,257.305,257.957,258.693,259.517,260.415,261.382,262.418,263.521,264.687,265.908,267.174,268.47,269.781,271.086,272.362,273.588,274.742,275.809,276.786,277.689,278.565,279.508,280.679,282.343
61380.0,234.754,251.066,264.171,274.496,282.573,288.782,293.369,296.492,298.25,298.699,297.871,295.788,292.488,288.044,282.609,276.446,269.97,263.741,258.396,254.498,252.337,251.81,252.457,253.665,254.909,255.917,256.671,257.305,257.957,258.693,259.517,260.415,261.382,262.418,263.521,264.687,265.908,267.174,268.47,269.781,271.086,272.362,273.588,274.742,275.809,276.786,277.689,278.565,279.508,280.679,282.343
61440.0,233.244,249.847,263.174,273.673,281.89,288.214,292.898,296.106,297.937,298.452,297.683,295.655,292.403,288.002,282.603,276.469,270.013,263.793,258.447,254.539,252.365,251.824,252.462,253.664,254.907,255.915,256.671,257.305,257.957,258.693,259.517,260.414,261.382,262.418,263.521,264.687,265.908,267.174,268.47,269.781,271.086,272.362,273.588,274.742,275.809,276.786,277.689,278.565,279.508,280.679,282.343
61500.0,231.718,248.616,262.17,272.844,281.203,287.642,292.425,295.717,297.623,298.204,297.495,295.52,292.316,287.959,282.597,276.492,270.056,263.845,258.498,254.581,252.392,251.838,252.466,253.663,254.905,255.914,256.67,257.305,257.957,258.693,259.517,260.414,261.382,262.418,263.521,264.687,265.908,267.174,268.47,269.781,271.086,272.362,273.588,274.742,275.809,276.786,277.689,278.565,279.508,280.679,282.343
61560.0,230.176,247.375,261.158,272.01,280.511,287.068,291.949,295.326,297.307,297.954,297.305,295.384,292.229,287.915,282.589,276.514,270.097,263.897,258.549,254.622,252.42,251.853,252.471,253.663,254.903,255.912,256.669,257.305,257.957,258.693,259.517,260.414,261.382,262.418,263.521,264.687,265.908,267.174,268.47,269.781,271.086,272.362,273.588,274.741,275.809,276.786,277.689,278.565,279.508,280.68,282.343
61620.0,228.619,246.123,260.138,271.17,279.815,286.49,291.47,294.933,296.989,297.703,297.113,295.247,292.141,287.87,282.581,276.535,270.139,263.948,258.599,254.663,252.448,251.867,252.475,253.662,254.901,255.91,256.668,257.304,257.957,258.693,259.517,260.414,261.382,262.418,263.521,264.687,265.908,267.174,268.47,269.781,271.086,272.362,273.588,274.741,275.809,276.786,277.689,278.565,279.508,280.68,282.343
61680.0,227.046,244.86,259.11,270.325,279.114,285.909,290.989,294.538,296.669,297.45,296.92,295.108,292.051,287.824,282.572,276.556,270.18,263.998,258.649,254.705,252.476,251.882,252.48,253.661,254.899,255.909,256.668,257.304,257.957,258.693,259.517,260.414,261.381,262.418,263.521,264.687,265.908,267.174,268.47,269.781,271.086,272.362,273.588,274.741,275.809,276.786,277.689,278.565,279.508,280.68,282.343
61740.0,225.456,243.586,258.075,269.473,278.41,285.324,290.505,294.141,296.347,297.196,296.726,294.969,291.961,287.777,282.562,276.576,270.22,264.049,258.699,254.746,252.504,251.896,252.485,253.661,254.896,255.907,256.667,257.304,257.957,258.693,259.517,260.414,261.381,262.418,263.521,264.687,265.908,267.174,268.47,269.781,271.086,272.362,273.588,274.741,275.809,276.786,277.689,278.565,279.508,280.68,282.343
61800.0,223.851,242.3,257.031,268.616,277.701,284.736,290.019,293.741,296.024,296.94,296.531,294.828,291.869,287.729,282.552,276.595,270.26,264.099,258.749,254.787,252.531,251.911,252.489,253.66,254.894,255.905,256.666,257.304,257.957,258.693,259.516,260.414,261.381,262.418,263.521,264.687,265.908,267.174,268.47,269.781,271.086,272.362,273.588,274.741,275.809,276.786,277.689,278.565,279.508,280.68,282.343
61860.0,222.228,241.002,255.979,267.753,276.987,284.145,289.53,293.34,295.699,296.682,296.334,294.686,291.776,287.68,282.54,276.613,270.299,264.149,258.799,254.828,252.559,251.926,252.494,253.66,254.892,255.904,256.665,257.304,257.957,258.693,259.516,260.414,261.381,262.418,263.521,264.687,265.908,267.174,268.47,269.781,271.086,272.362,273.588,274.741,275.809,276.786,277.689,278.565,279.508,280.68,282.343
61920.0,220.588,239.692,254.918,266.883,276.269,283.55,289.038,292.936,295.372,296.423,296.136,294.543,291.683,287.63,282.528,276.631,270.338,264.198,258.849,254.869,252.587,251.94,252.499,253.659,254.89,255.902,256.665,257.304,257.957,258.693,259.516,260.414,261.381,262.418,263.521,264.687,265.908,267.174,268.47,269.781,271.085,272.362,273.588,274.741,275.808,276.786,277.689,278.565,279.508,280.68,282.343
61980.0,218.931,238.371,253.849,266.008,275.546,282.952,288.544,292.53,295.043,296.163,295.937,294.398,291.588,287.579,282.515,276.648,270.376,264.247,258.898,254.91,252.615,251.955,252.504,253.659,254.888,255.9,256.664,257.303,257.957,258.693,259.516,260.414,261.381,262.418,263.521,264.687,265.908,267.173,268.47,269.781,271.085,272.362,273.588,274.741,275.808,276.785,277.689,278.565,279.508,280.68,282.343
62040.0,217.257,237.037,252.772,265.126,274.819,282.35,288.046,292.122,294.712,295.9,295.736,294.253,291.492,287.528,282.501,276.665,270.414,264.296,258.947,254.951,252.643,251.97,252.509,253.658,254.886,255.899,256.663,257.303,257.957,258.693,259.516,260.414,261.381,262.418,263.521,264.687,265.908,267.173,268.47,269.781,271.085,272.362,273.588,274.741,275.808,276.785,277.689,278.565,279.508,280.68,282.343
62100.0,215.564,235.691,251.685,264.239,274.088,281.745,287.546,291.712,294.38,295.637,295.534,294.106,291.395,287.475,282.487,276.681,270.451,264.344,258.996,254.992,252.671,251.985,252.514,253.658,254.884,255.897,256.662,257.303,257.957,258.693,259.516,260.414,261.381,262.418,263.521,264.687,265.908,267.173,268.47,269.781,271.085,272.362,273.588,274.741,275.808,276.785,277.689,278.565,279.508,280.68,282.343
62160.0,213.854,234.332,250.59,263.344,273.351,281.136,287.044,291.299,294.046,295.372,295.33,293.958,291.297,287.421,282.471,276.696,270.488,264.392,259.045,255.033,252.699,252.0,252.519,253.658,254.882,255.895,256.662,257.303,257.957,258.693,259.516,260.414,261.381,262.417,263.521,264.687,265.908,267.173,268.47,269.781,271.085,272.362,273.588,274.741,275.808,276.785,277.689,278.565,279.508,280.68,282.343
62220.0,212.125,232.96,249.486,262.444,272.61,280.524,286.538,290.885,293.71,295.105,295.126,293.809,291.198,287.367,282.455,276.71,270.524,264.44,259.093,255.073,252.727,252.015,252.524,253.657,254.88,255.894,256.661,257.303,257.957,258.693,259.516,260.414,261.381,262.417,263.521,264.687,265.908,267.173,268.47,269.781,271.085,272.362,273.588,274.741,275.808,276.785,277.689,278.565,279.508,280.68,282.343
62280.0,210.377,231.575,248.373,261.536,271.864,279.908,286.03,290.468,293.372,294.837,294.92,293.659,291.098,287.311,282.438,276.724,270.56,264.487,259.141,255.114,252.755,252.03,252.529,253.657,254.878,255.892,256.66,257.303,257.957,258.693,259.516,260.414,261.381,262.417,263.521,264.687,265.908,267.173,268.47,269.781,271.085,272.362,273.587,274.741,275.808,276.785,277.689,278.565,279.508,280.68,282.343
62340.0,208.609,230.177,247.25,260.623,271.113,279.288,285.519,290.049,293.032,294.567,294.712,293.508,290.997,287.255,282.42,276.737,270.595,264.534,259.19,255.155,252.783,252.045,252.534,253.657,254.876,255.89,256.659,257.302,257.957,258.693,259.516,260.414,261.381,262.417,263.521,264.687,265.908,267.173,268.47,269.781,271.085,272.362,273.587,274.741,275.808,276.785,277.689,278.565,279.508,280.68,282.343
62400.0,206.823,228.765,246.118,259.702,270.358,278.665,285.006,289.627,292.691,294.296,294.503,293.355,290.895,287.198,282.401,276.749,270.63,264.58,259.237,255.195,252.811,252.06,252.54,253.657,254.874,255.889,256.659,257.302,257.957,258.693,259.516,260.414,261.381,262.417,263.521,264.687,265.908,267.173,268.47,269.781,271.085,272.362,273.587,274.741,275.808,276.785,277.689,278.565,279.508,280.68,282.343
62460.0,205.016,227.339,244.976,258.775,269.597,278.039,284.489,289.204,292.348,294.023,294.293,293.201,290.792,287.14,282.382,276.761,270.664,264.626,259.285,255.236,252.84,252.075,252.545,253.656,254.872,255.887,256.658,257.302,257.957,258.693,259.516,260.414,261.381,262.417,263.521,264.687,265.908,267.173,268.47,269.781,271.085,272.362,273.587,274.741,275.808,276.785,277.689,278.565,279.508,280.68,282.343
62520.0,203.19,225.9,243.825,257.841,268.832,277.408,283.97,288.778,292.003,293.749,294.082,293.047,290.688,287.08,282.361,276.772,270.697,264.672,259.333,255.276,252.868,252.09,252.55,253.656,254.87,255.885,256.657,257.302,257.957,258.693,259.516,260.414,261.381,262.417,263.521,264.687,265.908,267.173,268.47,269.781,271.085,272.362,273.587,274.741,275.808,276.785,277.689,278.565,279.508,280.68,282.343
62580.0,201.343,224.446,242.664,256.899,268.061,276.774,283.447,288.35,291.656,293.473,293.869,292.891,290.583,287.02,282.34,276.783,270.73,264.718,259.38,255.317,252.896,252.106,252.556,253.656,254.868,255.884,256.656,257.302,257.957,258.693,259.516,260.414,261.381,262.417,263.521,264.687,265.908,267.173,268.47,269.781,271.085,272.362,273.587,274.741,275.808,276.785,277.689,278.565,279.508,280.68,282.343
62640.0,199.476,222.978,241.492,255.951,267.285,276.136,282.922,287.92,291.307,293.195,293.655,292.733,290.477,286.959,282.318,276.792,270.763,264.763,259.427,255.357,252.924,252.121,252.561,253.656,254.866,255.882,256.655,257.301,257.957,258.693,259.516,260.414,261.381,262.417,263.521,264.687,265.907,267.173,268.47,269.78,271.085,272.362,273.587,274.741,275.808,276.785,277.689,278.565,279.508,280.68,282.343
62700.0,197.587,221.495,240.311,254.996,266.505,275.494,282.394,287.487,290.956,292.917,293.44,292.575,290.369,286.898,282.295,276.801,270.795,264.807,259.474,255.397,252.952,252.137,252.567,253.656,254.864,255.881,256.655,257.301,257.957,258.693,259.516,260.414,261.381,262.417,263.521,264.686,265.907,267.173,268.47,269.78,271.085,272.362,273.587,274.741,275.808,276.785,277.689,278.565,279.508,280.68,282.343
62760.0,195.677,219.997,239.119,254.033,265.719,274.848,281.863,287.052,290.604,292.636,293.223,292.415,290.261,286.835,282.272,276.81,270.826,264.852,259.521,255.437,252.981,252.152,252.572,253.656,254.863,255.879,256.654,257.301,257.957,258.693,259.516,260.414,261.381,262.417,263.521,264.686,265.907,267.173,268.47,269.78,271.085,272.362,273.587,274.741,275.808,276.785,277.689,278.565,279.508,280.68,282.343
62820.0,193.746,218.484,237.917,253.063,264.927,274.198,281.329,286.615,290.249,292.354,293.005,292.255,290.152,286.771,282.247,276.817,270.857,264.896,259.567,255.477,253.009,252.168,252.578,253.656,254.861,255.877,256.653,257.301,257.957,258.693,259.516,260.413,261.381,262.417,263.52,264.686,265.907,267.173,268.47,269.78,271.085,272.362,273.587,274.741,275.808,276.785,277.689,278.565,279.508,280.68,282.343
62880.0,191.792,216.956,236.704,252.085,264.13,273.545,280.792,286.175,289.893,292.07,292.786,292.093,290.041,286.706,282.222,276.824,270.887,264.939,259.613,255.517,253.037,252.183,252.583,253.656,254.859,255.876,256.652,257.301,257.957,258.693,259.516,260.413,261.381,262.417,263.52,264.686,265.907,267.173,268.47,269.78,271.085,272.362,273.587,274.741,275.808,276.785,277.689,278.565,279.508,280.68,282.343
62940.0,189.817,215.412,235.48,251.1,263.328,272.887,280.252,285.734,289.535,291.785,292.565,291.93,289.93,286.641,282.196,276.83,270.917,264.982,259.659,255.557,253.065,252.199,252.589,253.656,254.857,255.874,256.651,257.3,257.957,258.693,259.516,260.413,261.381,262.417,263.52,264.686,265.907,267.173,268.47,269.78,271.085,272.362,273.587,274.741,275.808,276.785,277.689,278.565,279.508,280.68,282.343
63000.0,187.819,213.852,234.245,250.107,262.52,272.226,279.709,285.289,289.175,291.499,292.343,291.766,289.818,286.574,282.169,276.836,270.946,265.025,259.705,255.597,253.094,252.214,252.595,253.656,254.855,255.872,256.651,257.3,257.957,258.693,259.516,260.413,261.381,262.417,263.52,264.686,265.907,267.173,268.47,269.78,271.085,272.362,273.587,274.741,275.808,276.785,277.689,278.565,279.508,280.68,282.343
63060.0,185.799,212.276,232.998,249.106,261.707,271.56,279.163,284.843,288.813,291.21,292.12,291.6,289.704,286.507,282.142,276.841,270.975,265.068,259.751,255.637,253.122,252.23,252.601,253.656,254.853,255.871,256.65,257.3,257.957,258.693,259.516,260.413,261.381,262.417,263.52,264.686,265.907,267.173,268.47,269.78,271.085,272.362,273.587,274.741,275.808,276.785,277.689,278.565,279.508,280.68,282.343
63120.0,183.755,210.684,231.741,248.097,260.888,270.89,278.614,284.394,288.449,290.92,291.895,291.434,289.59,286.439,282.113,276.845,271.003,265.11,259.796,255.676,253.15,252.246,252.606,253.656,254.851,255.869,256.649,257.3,257.957,258.693,259.516,260.413,261.381,262.417,263.52,264.686,265.907,267.173,268.47,269.78,271.085,272.362,273.587,274.741,275.808,276.785,277.689,278.565,279.508,280.68,282.343
63180.0,181.689,209.075,230.472,247.08,260.063,270.216,278.061,283.942,288.084,290.629,291.669,291.266,289.474,286.369,282.084,276.849,271.031,265.151,259.842,255.716,253.178,252.262,252.612,253.656,254.85,255.868,256.648,257.3,257.957,258.693,259.516,260.413,261.38,262.417,263.52,264.686,265.907,267.173,268.47,269.78,271.085,272.362,273.587,274.741,275.808,276.785,277.689,278.565,279.508,280.68,282.343
63240.0,179.6,207.449,229.191,246.055,259.233,269.538,277.506,283.489,287.716,290.336,291.442,291.097,289.358,286.299,282.054,276.852,271.058,265.193,259.886,255.755,253.207,252.278,252.618,253.657,254.848,255.866,256.648,257.299,257.957,258.693,259.516,260.413,261.38,262.417,263.52,264.686,265.907,267.173,268.47,269.78,271.085,272.362,273.587,274.741,275.808,276.785,277.689,278.565,279.508,280.68,282.343
63300.0,177.487,205.806,227.898,245.022,258.396,268.855,276.947,283.032,287.347,290.041,291.213,290.927,289.24,286.228,282.023,276.854,271.085,265.233,259.931,255.795,253.235,252.293,252.624,253.657,254.846,255.864,256.647,257.299,257.957,258.693,259.516,260.413,261.38,262.417,263.52,264.686,265.907,267.173,268.469,269.78,271.085,272.362,273.587,274.741,275.808,276.785,277.689,278.565,279.508,280.68,282.343
63360.0,175.352,204.147,226.593,243.98,257.554,268.169,276.385,282.574,286.975,289.745,290.984,290.756,289.122,286.156,281.992,276.856,271.111,265.274,259.976,255.834,253.263,252.309,252.63,253.657,254.844,255.863,256.646,257.299,257.957,258.693,259.516,260.413,261.38,262.417,263.52,264.686,265.907,267.173,268.469,269.78,271.085,272.362,273.587,274.741,275.808,276.785,277.689,278.565,279.508,280.68,282.343
63420.0,173.193,202.47,225.277,242.93,256.706,267.477,275.82,282.113,286.602,289.448,290.752,290.584,289.002,286.083,281.959,276.856,271.136,265.314,260.02,255.873,253.292,252.325,252.636,253.657,254.843,255.861,256.645,257.299,257.957,258.693,259.516,260.413,261.38,262.417,263.52,264.686,265.907,267.173,268.469,269.78,271.085,272.362,273.587,274.741,275.808,276.785,277.689,278.565,279.508,280.68,282.343
63480.0,171.011,200.776,223.948,241.871,255.851,266.782,275.252,281.649,286.226,289.148,290.52,290.411,288.881,286.01,281.926,276.857,271.161,265.354,260.064,255.912,253.32,252.341,252.643,253.658,254.841,255.86,256.644,257.299,257.957,258.693,259.516,260.413,261.38,262.417,263.52,264.686,265.907,267.173,268.469,269.78,271.085,272.361,273.587,274.741,275.808,276.785,277.689,278.565,279.508,280.68,282.343
63540.0,168.807,199.064,222.606,240.804,254.991,266.082,274.68,281.183,285.849,288.847,290.286,290.236,288.76,285.935,281.892,276.856,271.186,265.393,260.108,255.951,253.348,252.358,252.649,253.658,254.839,255.858,256.644,257.298,257.957,258.693,259.515,260.413,261.38,262.417,263.52,264.686,265.907,267.173,268.469,269.78,271.085,272.361,273.587,274.741,275.808,276.785,277.689,278.565,279.508,280.68,282.343
63600.0,166.581,197.336,221.253,239.728,254.124,265.377,274.106,280.714,285.47,288.545,290.05,290.06,288.637,285.859,281.858,276.855,271.209,265.432,260.152,255.99,253.377,252.374,252.655,253.659,254.837,255.856,256.643,257.298,257.957,258.693,259.515,260.413,261.38,262.417,263.52,264.686,265.907,267.173,268.469,269.78,271.085,272.361,273.587,274.741,275.808,276.785,277.689,278.565,279.508,280.68,282.343
63660.0,164.333,195.59,219.886,238.643,253.251,264.668,273.527,280.243,285.089,288.241,289.814,289.883,288.514,285.783,281.822,276.853,271.233,265.471,260.195,256.029,253.405,252.39,252.661,253.659,254.836,255.855,256.642,257.298,257.957,258.693,259.515,260.413,261.38,262.416,263.52,264.686,265.907,267.173,268.469,269.78,271.085,272.361,273.587,274.741,275.808,276.785,277.689,278.565,279.508,280.68,282.343
63720.0,162.064,193.828,218.508,237.549,252.371,263.955,272.946,279.769,284.705,287.935,289.576,289.705,288.389,285.706,281.786,276.851,271.256,265.509,260.238,256.068,253.433,252.406,252.668,253.659,254.834,255.853,256.641,257.298,257.957,258.693,259.515,260.413,261.38,262.416,263.52,264.686,265.907,267.173,268.469,269.78,271.085,272.361,273.587,274.741,275.808,276.785,277.689,278.565,279.508,280.68,282.343
63780.0,159.775,192.048,217.116,236.446,251.485,263.237,272.361,279.293,284.32,287.628,289.336,289.526,288.263,285.627,281.749,276.848,271.278,265.547,260.281,256.107,253.462,252.422,252.674,253.66,254.832,255.852,256.64,257.297,257.957,258.693,259.515,260.413,261.38,262.416,263.52,264.686,265.907,267.173,268.469,269.78,271.085,272.361,273.587,274.741,275.808,276.785,277.689,278.565,279.508,280.68,282.343
63840.0,157.467,190.253,215.713,235.334,250.593,262.514,271.772,278.814,283.933,287.319,289.096,289.346,288.137,285.548,281.711,276.844,271.3,265.585,260.324,256.145,253.49,252.439,252.68,253.66,254.831,255.85,256.64,257.297,257.957,258.693,259.515,260.413,261.38,262.416,263.52,264.686,265.907,267.173,268.469,269.78,271.085,272.361,273.587,274.741,275.808,276.785,277.689,278.565,279.508,280.68,282.343
63900.0,155.142,188.441,214.297,234.214,249.694,261.786,271.18,278.333,283.543,287.008,288.854,289.164,288.009,285.468,281.672,276.839,271.321,265.622,260.366,256.184,253.518,252.455,252.687,253.661,254.829,255.849,256.639,257.297,257.957,258.693,259.515,260.413,261.38,262.416,263.52,264.686,265.907,267.172,268.469,269.78,271.085,272.361,273.587,274.741,275.808,276.785,277.689,278.565,279.508,280.68,282.343
63960.0,152.801,186.615,212.87,233.084,248.789,261.054,270.585,277.848,283.152,286.696,288.61,288.982,287.88,285.387,281.633,276.834,271.342,265.658,260.408,256.222,253.546,252.471,252.693,253.662,254.828,255.847,256.638,257.297,257.957,258.693,259.515,260.413,261.38,262.416,263.52,264.686,265.907,267.172,268.469,269.78,271.085,272.361,273.587,274.741,275.808,276.785,277.689,278.565,279.508,280.68,282.343
64020.0,150.446,184.774,211.43,231.946,247.878,260.317,269.986,277.362,282.759,286.382,288.366,288.798,287.75,285.306,281.592,276.828,271.362,265.695,260.45,256.261,253.575,252.488,252.7,253.662,254.826,255.845,256.637,257.297,257.957,258.693,259.515,260.413,261.38,262.416,263.52,264.686,265.907,267.172,268.469,269.78,271.085,272.361,273.587,274.741,275.808,276.785,277.689,278.565,279.508,280.68,282.343
64080.0,148.08,182.92,209.98,230.799,246.96,259.575,269.383,276.872,282.363,286.067,288.12,288.613,287.62,285.223,281.551,276.822,271.381,265.731,260.492,256.299,253.603,252.504,252.707,253.663,254.824,255.844,256.636,257.296,257.957,258.693,259.515,260.413,261.38,262.416,263.52,264.686,265.907,267.172,268.469,269.78,271.085,272.361,273.587,274.741,275.808,276.785,277.689,278.565,279.508,280.68,282.343
64140.0,145.707,181.055,208.518,229.643,246.035,258.829,268.777,276.38,281.966,285.75,287.872,288.427,287.488,285.139,281.509,276.815,271.401,265.766,260.534,256.337,253.631,252.521,252.713,253.664,254.823,255.842,256.636,257.296,257.957,258.693,259.515,260.413,261.38,262.416,263.52,264.686,265.907,267.172,268.469,269.78,271.085,272.361,273.587,274.741,275.808,276.785,277.689,278.565,279.508,280.68,282.343
64200.0,143.329,179.179,207.047,228.479,245.105,258.078,268.168,275.885,281.566,285.431,287.623,288.24,287.355,285.055,281.467,276.807,271.419,265.801,260.575,256.375,253.66,252.537,252.72,253.664,254.821,255.841,256.635,257.296,257.957,258.693,259.515,260.413,261.38,262.416,263.52,264.686,265.907,267.172,268.469,269.78,271.085,272.361,273.587,274.741,275.808,276.785,277.689,278.565,279.508,280.68,282.343
64260.0,140.951,177.296,205.566,227.308,244.168,257.322,267.555,275.388,281.164,285.11,287.373,288.051,287.222,284.969,281.423,276.798,271.437,265.836,260.616,256.413,253.688,252.554,252.727,253.665,254.82,255.839,256.634,257.296,257.957,258.693,259.515,260.412,261.38,262.416,263.52,264.686,265.907,267.172,268.469,269.78,271.085,272.361,273.587,274.741,275.808,276.785,277.688,278.565,279.508,280.68,282.343
64320.0,138.578,175.407,204.078,226.129,243.225,256.561,266.938,274.888,280.761,284.788,287.122,287.862,287.087,284.883,281.379,276.789,271.455,265.87,260.657,256.45,253.716,252.571,252.733,253.666,254.818,255.838,256.633,257.295,257.957,258.693,259.515,260.412,261.38,262.416,263.52,264.686,265.907,267.172,268.469,269.78,271.085,272.361,273.587,274.741,275.808,276.785,277.688,278.565,279.508,280.68,282.343
64380.0,136.216,173.515,202.582,224.943,242.276,255.796,266.318,274.385,280.355,284.465,286.869,287.671,286.951,284.796,281.334,276.779,271.471,265.904,260.697,256.488,253.745,252.587,252.74,253.667,254.817,255.836,256.632,257.295,257.957,258.693,259.515,260.412,261.38,262.416,263.52,264.685,265.907,267.172,268.469,269.78,271.085,272.361,273.587,274.741,275.808,276.785,277.688,278.565,279.508,280.68,282.343
64440.0,133.872,171.624,201.081,223.751,241.322,255.027,265.695,273.879,279.947,284.139,286.615,287.479,286.814,284.708,281.289,276.769,271.488,265.938,260.738,256.526,253.773,252.604,252.747,253.667,254.815,255.835,256.631,257.295,257.957,258.693,259.515,260.412,261.38,262.416,263.519,264.685,265.906,267.172,268.469,269.78,271.085,272.361,273.587,274.741,275.808,276.785,277.688,278.565,279.508,280.68,282.343
64500.0,131.554,169.737,199.577,222.553,240.363,254.253,265.068,273.371,279.537,283.812,286.359,287.286,286.677,284.619,281.242,276.758,271.504,265.971,260.778,256.563,253.801,252.621,252.754,253.668,254.814,255.833,256.631,257.295,257.957,258.693,259.515,260.412,261.38,262.416,263.519,264.685,265.906,267.172,268.469,269.78,271.084,272.361,273.587,274.741,275.808,276.785,277.688,278.565,279.508,280.68,282.343
64560.0,129.27,167.861,198.071,221.351,239.399,253.475,264.437,272.86,279.124,283.483,286.102,287.092,286.538,284.529,281.195,276.746,271.519,266.004,260.818,256.601,253.829,252.638,252.761,253.669,254.812,255.831,256.63,257.295,257.957,258.693,259.515,260.412,261.38,262.416,263.519,264.685,265.906,267.172,268.469,269.78,271.084,272.361,273.587,274.741,275.808,276.785,277.688,278.565,279.508,280.68,282.343
64620.0,127.031,165.999,196.567,220.145,238.43,252.693,263.804,272.346,278.71,283.153,285.843,286.896,286.398,284.439,281.147,276.733,271.534,266.036,260.857,256.638,253.857,252.654,252.768,253.67,254.811,255.83,256.629,257.294,257.957,258.693,259.515,260.412,261.379,262.416,263.519,264.685,265.906,267.172,268.469,269.78,271.084,272.361,273.587,274.741,275.808,276.785,277.688,278.565,279.508,280.68,282.343
64680.0,124.849,164.159,195.067,218.938,237.458,251.907,263.167,271.83,278.294,282.82,285.584,286.7,286.257,284.347,281.098,276.72,271.548,266.068,260.897,256.675,253.886,252.671,252.775,253.671,254.809,255.828,256.628,257.294,257.957,258.693,259.515,260.412,261.379,262.416,263.519,264.685,265.906,267.172,268.469,269.78,271.084,272.361,273.587,274.741,275.808,276.785,277.688,278.565,279.508,280.68,282.343
64740.0,122.737,162.347,193.575,217.73,236.483,251.118,262.527,271.311,277.875,282.487,285.323,286.502,286.116,284.255,281.049,276.706,271.562,266.1,260.936,256.712,253.914,252.688,252.782,253.672,254.808,255.827,256.627,257.294,257.957,258.693,259.515,260.412,261.379,262.416,263.519,264.685,265.906,267.172,268.469,269.78,271.084,272.361,273.587,274.741,275.808,276.785,277.688,278.565,279.508,280.68,282.343
64800.0,120.709,160.572,192.095,216.524,235.506,250.326,261.884,270.79,277.455,282.151,285.06,286.303,285.973,284.161,280.998,276.692,271.575,266.131,260.975,256.749,253.942,252.705,252.789,253.673,254.806,255.825,256.627,257.294,257.957,258.693,259.515,260.412,261.379,262.416,263.519,264.685,265.906,267.172,268.469,269.78,271.084,272.361,273.587,274.741,275.808,276.785,277.688,278.565,279.508,280.68,282.343
64860.0,119.975,159.183,190.689,215.328,234.528,249.531,261.238,270.266,277.032,281.814,284.796,286.103,285.829,284.067,280.947,276.677,271.588,266.162,261.013,256.786,253.97,252.722,252.797,253.674,254.805,255.824,256.626,257.293,257.957,258.693,259.515,260.412,261.379,262.416,263.519,264.685,265.906,267.172,268.469,269.78,271.084,272.361,273.587,274.741,275.808,276.785,277.688,278.565,279.508,280.68,282.343
64920.0,119.375,158.016,189.397,214.164,233.554,248.735,260.59,269.74,276.607,281.475,284.531,285.902,285.684,283.972,280.895,276.661,271.6,266.192,261.052,256.822,253.998,252.739,252.804,253.675,254.804,255.822,256.625,257.293,257.957,258.693,259.515,260.412,261.379,262.416,263.519,264.685,265.906,267.172,268.469,269.779,271.084,272.361,273.587,274.741,275.808,276.785,277.688,278.565,279.508,280.68,282.343
64980.0,118.856,156.993,188.208,213.043,232.593,247.939,259.94,269.212,276.181,281.134,284.264,285.7,285.539,283.876,280.843,276.645,271.611,266.222,261.09,256.859,254.026,252.756,252.811,253.676,254.802,255.821,256.624,257.293,257.957,258.693,259.515,260.412,261.379,262.416,263.519,264.685,265.906,267.172,268.469,269.779,271.084,272.361,273.587,274.741,275.808,276.785,277.688,278.565,279.508,280.68,282.343
65040.0,118.394,156.074,187.107,211.97,231.648,247.146,259.288,268.681,275.752,280.792,283.996,285.496,285.392,283.779,280.789,276.628,271.622,266.252,261.128,256.895,254.055,252.773,252.818,253.678,254.801,255.819,256.623,257.293,257.957,258.693,259.515,260.412,261.379,262.416,263.519,264.685,265.906,267.172,268.469,269.779,271.084,272.361,273.587,274.741,275.808,276.785,277.688,278.565,279.508,280.68,282.343
65100.0,117.974,155.234,186.081,210.943,230.723,246.36,258.637,268.149,275.322,280.448,283.726,285.291,285.244,283.682,280.735,276.61,271.633,266.281,261.165,256.932,254.083,252.79,252.826,253.679,254.8,255.818,256.623,257.292,257.957,258.693,259.515,260.412,261.379,262.416,263.519,264.685,265.906,267.172,268.469,269.779,271.084,272.361,273.587,274.741,275.808,276.785,277.688,278.565,279.508,280.68,282.343
65160.0,117.587,154.457,185.118,209.96,229.821,245.581,257.987,267.616,274.89,280.103,283.456,285.086,285.095,283.583,280.68,276.591,271.643,266.31,261.202,256.968,254.111,252.807,252.833,253.68,254.798,255.816,256.622,257.292,257.957,258.693,259.515,260.412,261.379,262.416,263.519,264.685,265.906,267.172,268.469,269.779,271.084,272.361,273.587,274.741,275.808,276.785,277.688,278.565,279.508,280.68,282.343
65220.0,117.226,153.733,184.209,209.018,228.943,244.812,257.338,267.082,274.456,279.756,283.183,284.879,284.945,283.484,280.624,276.572,271.652,266.338,261.24,257.004,254.139,252.824,252.841,253.681,254.797,255.815,256.621,257.292,257.957,258.693,259.515,260.412,261.379,262.415,263.519,264.685,265.906,267.172,268.469,269.779,271.084,272.361,273.587,274.741,275.808,276.785,277.688,278.565,279.508,280.68,282.343
65280.0,116.887,153.052,183.347,208.113,228.087,244.054,256.694,266.547,274.021,279.407,282.91,284.67,284.795,283.383,280.568,276.553,271.661,266.366,261.276,257.04,254.167,252.842,252.848,253.683,254.796,255.813,256.62,257.292,257.957,258.693,259.514,260.412,261.379,262.415,263.519,264.685,265.906,267.172,268.469,269.779,271.084,272.361,273.587,274.741,275.808,276.785,277.688,278.565,279.508,280.68,282.343
65340.0,116.567,152.409,182.527,207.243,227.254,243.307,256.053,266.014,273.585,279.057,282.635,284.461,284.643,283.282,280.511,276.532,271.669,266.394,261.313,257.076,254.195,252.859,252.856,253.684,254.794,255.812,256.619,257.291,257.957,258.693,259.514,260.412,261.379,262.415,263.519,264.685,265.906,267.172,268.469,269.779,271.084,272.361,273.587,274.741,275.808,276.785,277.688,278.565,279.508,280.68,282.343
65400.0,116.264,151.798,181.745,206.405,226.444,242.573,255.418,265.481,273.148,278.706,282.359,284.251,284.49,283.18,280.453,276.511,271.677,266.421,261.349,257.111,254.223,252.876,252.863,253.685,254.793,255.81,256.618,257.291,257.957,258.693,259.514,260.412,261.379,262.415,263.519,264.685,265.906,267.172,268.468,269.779,271.084,272.361,273.587,274.741,275.808,276.785,277.688,278.565,279.508,280.68,282.344
65460.0,115.974,151.217,180.995,205.596,225.654,241.851,254.788,264.949,272.711,278.354,282.082,284.039,284.336,283.077,280.394,276.489,271.684,266.448,261.385,257.147,254.251,252.893,252.871,253.687,254.792,255.809,256.618,257.291,257.957,258.693,259.514,260.412,261.379,262.415,263.519,264.685,265.906,267.172,268.468,269.779,271.084,272.361,273.587,274.741,275.808,276.785,277.688,278.565,279.508,280.68,282.344
65520.0,115.697,150.661,180.275,204.814,224.884,241.142,254.164,264.42,272.273,278.001,281.803,283.826,284.182,282.973,280.334,276.467,271.691,266.474,261.421,257.182,254.279,252.911,252.878,253.688,254.791,255.807,256.617,257.291,257.956,258.693,259.514,260.412,261.379,262.415,263.519,264.685,265.906,267.172,268.468,269.779,271.084,272.361,273.587,274.741,275.808,276.785,277.688,278.565,279.508,280.68,282.344
65580.0,115.432,150.128,179.582,204.057,224.134,240.445,253.547,263.892,271.836,277.646,281.523,283.613,284.026,282.869,280.274,276.444,271.697,266.5,261.457,257.218,254.307,252.928,252.886,253.689,254.789,255.806,256.616,257.29,257.956,258.693,259.514,260.412,261.379,262.415,263.519,264.685,265.906,267.172,268.468,269.779,271.084,272.361,273.587,274.741,275.808,276.785,277.688,278.565,279.508,280.68,282.344
65640.0,115.176,149.615,178.914,203.323,223.402,239.761,252.937,263.368,271.398,277.291,281.242,283.398,283.869,282.763,280.213,276.42,271.703,266.526,261.492,257.253,254.334,252.945,252.894,253.691,254.788,255.804,256.615,257.29,257.956,258.693,259.514,260.412,261.379,262.415,263.519,264.685,265.906,267.172,268.468,269.779,271.084,272.361,273.587,274.741,275.808,276.785,277.688,278.565,279.508,280.68,282.344
65700.0,114.93,149.122,178.269,202.611,222.688,239.089,252.333,262.847,270.962,276.935,280.961,283.182,283.711,282.657,280.151,276.396,271.708,266.551,261.527,257.288,254.362,252.963,252.902,253.692,254.787,255.803,256.614,257.29,257.956,258.693,259.514,260.411,261.379,262.415,263.519,264.685,265.906,267.172,268.468,269.779,271.084,272.361,273.587,274.741,275.808,276.785,277.688,278.565,279.508,280.68,282.344
65760.0,114.692,148.646,177.645,201.919,221.99,238.428,251.737,262.329,270.526,276.579,280.678,282.965,283.553,282.55,280.089,276.371,271.713,266.576,261.562,257.323,254.39,252.98,252.91,253.694,254.786,255.802,256.613,257.29,257.956,258.693,259.514,260.411,261.379,262.415,263.519,264.685,265.906,267.172,268.468,269.779,271.084,272.361,273.586,274.741,275.808,276.785,277.688,278.565,279.508,280.68,282.344
65820.0,114.462,148.186,177.04,201.246,221.308,237.779,251.148,261.814,270.091,276.223,280.394,282.747,283.393,282.442,280.025,276.346,271.717,266.6,261.596,257.358,254.418,252.998,252.917,253.695,254.785,255.8,256.613,257.289,257.956,258.693,259.514,260.411,261.379,262.415,263.519,264.685,265.906,267.171,268.468,269.779,271.084,272.361,273.586,274.74,275.808,276.785,277.688,278.565,279.508,280.68,282.344
65880.0,114.239,147.741,176.454,200.591,220.642,237.142,250.566,261.303,269.658,275.866,280.11,282.528,283.233,282.333,279.961,276.319,271.72,266.624,261.63,257.392,254.446,253.015,252.925,253.697,254.784,255.799,256.612,257.289,257.956,258.693,259.514,260.411,261.379,262.415,263.519,264.685,265.906,267.171,268.468,269.779,271.084,272.361,273.586,274.74,275.808,276.785,277.688,278.565,279.508,280.68,282.344
65940.0,114.022,147.309,175.884,199.953,219.99,236.515,249.991,260.796,269.226,275.509,279.824,282.308,283.071,282.223,279.896,276.292,271.723,266.648,261.664,257.427,254.473,253.033,252.933,253.699,254.782,255.797,256.611,257.289,257.956,258.693,259.514,260.411,261.379,262.415,263.519,264.685,265.906,267.171,268.468,269.779,271.084,272.361,273.586,274.74,275.808,276.785,277.688,278.565,279.508,280.68,282.344
66000.0,113.812,146.89,175.33,199.331,219.351,235.899,249.424,260.294,268.795,275.153,279.538,282.087,282.909,282.112,279.831,276.265,271.726,266.671,261.698,257.461,254.501,253.05,252.941,253.7,254.781,255.796,256.61,257.289,257.956,258.693,259.514,260.411,261.379,262.415,263.519,264.685,265.906,267.171,268.468,269.779,271.084,272.361,273.586,274.74,275.808,276.785,277.688,278.565,279.508,280.68,282.344
66060.0,113.607,146.483,174.791,198.723,218.726,235.293,248.863,259.795,268.367,274.797,279.252,281.865,282.745,282.001,279.765,276.237,271.728,266.694,261.731,257.496,254.529,253.068,252.949,253.702,254.78,255.794,256.609,257.288,257.956,258.693,259.514,260.411,261.379,262.415,263.518,264.684,265.906,267.171,268.468,269.779,271.084,272.361,273.586,274.74,275.808,276.785,277.688,278.565,279.508,280.68,282.344
66120.0,113.408,146.087,174.265,198.13,218.113,234.697,248.31,259.3,267.94,274.441,278.965,281.642,282.581,281.888,279.697,276.208,271.729,266.716,261.765,257.53,254.556,253.085,252.957,253.704,254.779,255.793,256.608,257.288,257.956,258.693,259.514,260.411,261.378,262.415,263.518,264.684,265.906,267.171,268.468,269.779,271.084,272.361,273.586,274.74,275.808,276.785,277.688,278.565,279.508,280.68,282.344
66180.0,113.213,145.701,173.753,197.55,217.512,234.111,247.764,258.81,267.516,274.085,278.678,281.419,282.416,281.775,279.63,276.178,271.73,266.738,261.797,257.564,254.584,253.103,252.965,253.705,254.778,255.791,256.608,257.288,257.956,258.693,259.514,260.411,261.378,262.415,263.518,264.684,265.906,267.171,268.468,269.779,271.084,272.361,273.586,274.74,275.808,276.785,277.688,278.565,279.508,280.68,282.344
66240.0,113.023,145.325,173.253,196.982,216.923,233.534,247.224,258.324,267.093,273.73,278.39,281.195,282.25,281.661,279.561,276.148,271.73,266.759,261.83,257.597,254.611,253.12,252.974,253.707,254.777,255.79,256.607,257.288,257.956,258.693,259.514,260.411,261.378,262.415,263.518,264.684,265.905,267.171,268.468,269.779,271.084,272.361,273.586,274.74,275.808,276.785,277.688,278.565,279.508,280.68,282.344
66300.0,112.838,144.958,172.765,196.427,216.345,232.967,246.691,257.842,266.673,273.376,278.102,280.97,282.083,281.546,279.492,276.118,271.73,266.781,261.862,257.631,254.639,253.138,252.982,253.709,254.776,255.789,256.606,257.287,257.956,258.693,259.514,260.411,261.378,262.415,263.518,264.684,265.905,267.171,268.468,269.779,271.084,272.361,273.586,274.74,275.808,276.785,277.688,278.565,279.508,280.68,282.344
66360.0,112.657,144.6,172.287,195.883,215.778,232.408,246.164,257.365,266.255,273.023,277.814,280.745,281.916,281.431,279.422,276.086,271.729,266.801,261.894,257.665,254.666,253.156,252.99,253.711,254.775,255.787,256.605,257.287,257.956,258.693,259.514,260.411,261.378,262.415,263.518,264.684,265.905,267.171,268.468,269.779,271.084,272.361,273.586,274.74,275.808,276.785,277.688,278.565,279.508,280.68,282.344
66420.0,112.48,144.251,171.821,195.351,215.221,231.857,245.645,256.892,265.84,272.671,277.526,280.519,281.747,281.314,279.351,276.054,271.728,266.822,261.926,257.698,254.694,253.173,252.998,253.713,254.774,255.786,256.604,257.287,257.956,258.693,259.514,260.411,261.378,262.415,263.518,264.684,265.905,267.171,268.468,269.779,271.084,272.36,273.586,274.74,275.808,276.785,277.688,278.565,279.508,280.68,282.344
66480.0,112.307,143.909,171.364,194.829,214.673,231.316,245.131,256.423,265.427,272.32,277.238,280.292,281.578,281.197,279.28,276.021,271.726,266.842,261.958,257.731,254.721,253.191,253.006,253.715,254.773,255.784,256.604,257.286,257.956,258.693,259.514,260.411,261.378,262.415,263.518,264.684,265.905,267.171,268.468,269.779,271.084,272.36,273.586,274.74,275.808,276.785,277.688,278.565,279.508,280.68,282.344
66540.0,112.137,143.575,170.917,194.317,214.135,230.782,244.624,255.959,265.016,271.969,276.95,280.065,281.408,281.079,279.207,275.988,271.724,266.861,261.989,257.765,254.748,253.209,253.015,253.716,254.772,255.783,256.603,257.286,257.956,258.693,259.514,260.411,261.378,262.415,263.518,264.684,265.905,267.171,268.468,269.779,271.084,272.36,273.586,274.74,275.808,276.785,277.688,278.565,279.508,280.68,282.344
66600.0,111.971,143.247,170.479,193.814,213.606,230.255,244.122,255.499,264.608,271.62,276.662,279.838,281.238,280.96,279.134,275.954,271.721,266.88,262.02,257.798,254.776,253.226,253.023,253.718,254.771,255.782,256.602,257.286,257.956,258.693,259.514,260.411,261.378,262.415,263.518,264.684,265.905,267.171,268.468,269.779,271.084,272.36,273.586,274.74,275.808,276.785,277.688,278.565,279.508,280.68,282.344
66660.0,111.808,142.927,170.05,193.321,213.086,229.737,243.627,255.043,264.203,271.272,276.375,279.61,281.066,280.841,279.061,275.919,271.718,266.899,262.051,257.831,254.803,253.244,253.032,253.72,254.77,255.78,256.601,257.286,257.956,258.693,259.514,260.411,261.378,262.415,263.518,264.684,265.905,267.171,268.468,269.779,271.084,272.36,273.586,274.74,275.808,276.785,277.688,278.565,279.508,280.68,282.344
66720.0,111.648,142.613,169.629,192.837,212.574,229.226,243.138,254.591,263.8,270.926,276.087,279.382,280.895,280.721,278.986,275.884,271.714,266.917,262.081,257.863,254.83,253.262,253.04,253.722,254.769,255.779,256.6,257.285,257.956,258.693,259.514,260.411,261.378,262.415,263.518,264.684,265.905,267.171,268.468,269.779,271.084,272.36,273.586,274.74,275.808,276.785,277.688,278.565,279.508,280.68,282.344
66780.0,111.491,142.305,169.216,192.362,212.071,228.722,242.654,254.144,263.4,270.58,275.8,279.153,280.722,280.6,278.911,275.848,271.709,266.935,262.111,257.896,254.857,253.28,253.048,253.725,254.768,255.777,256.599,257.285,257.956,258.693,259.514,260.411,261.378,262.414,263.518,264.684,265.905,267.171,268.468,269.779,271.084,272.36,273.586,274.74,275.808,276.785,277.688,278.565,279.508,280.68,282.344
66840.0,111.337,142.003,168.811,191.894,211.575,228.224,242.176,253.7,263.003,270.236,275.514,278.924,280.549,280.478,278.836,275.812,271.704,266.953,262.141,257.928,254.884,253.297,253.057,253.727,254.767,255.776,256.599,257.285,257.956,258.693,259.514,260.411,261.378,262.414,263.518,264.684,265.905,267.171,268.468,269.779,271.084,272.36,273.586,274.74,275.808,276.785,277.688,278.565,279.508,280.68,282.344
66900.0,111.185,141.707,168.413,191.435,211.087,227.734,241.703,253.261,262.608,269.894,275.228,278.695,280.375,280.356,278.759,275.775,271.699,266.97,262.171,257.96,254.912,253.315,253.065,253.729,254.767,255.775,256.598,257.285,257.956,258.693,259.514,260.411,261.378,262.414,263.518,264.684,265.905,267.171,268.468,269.779,271.084,272.36,273.586,274.74,275.808,276.785,277.688,278.565,279.508,280.68,282.344
66960.0,111.036,141.416,168.022,190.983,210.607,227.25,241.236,252.826,262.216,269.553,274.942,278.466,280.201,280.232,278.682,275.737,271.693,266.986,262.2,257.993,254.939,253.333,253.074,253.731,254.766,255.773,256.597,257.284,257.956,258.693,259.514,260.411,261.378,262.414,263.518,264.684,265.905,267.171,268.468,269.779,271.084,272.36,273.586,274.74,275.808,276.785,277.688,278.565,279.508,280.68,282.344
67020.0,110.89,141.131,167.638,190.538,210.133,226.773,240.774,252.394,261.827,269.213,274.657,278.237,280.026,280.109,278.604,275.699,271.686,267.002,262.229,258.025,254.966,253.351,253.083,253.733,254.765,255.772,256.596,257.284,257.956,258.693,259.514,260.411,261.378,262.414,263.518,264.684,265.905,267.171,268.468,269.779,271.083,272.36,273.586,274.74,275.808,276.785,277.688,278.565,279.508,280.68,282.344
67080.0,110.746,140.85,167.261,190.101,209.667,226.301,240.317,251.967,261.44,268.875,274.372,278.007,279.851,279.984,278.525,275.66,271.679,267.018,262.258,258.056,254.993,253.369,253.091,253.735,254.764,255.771,256.595,257.284,257.956,258.693,259.514,260.411,261.378,262.414,263.518,264.684,265.905,267.171,268.468,269.779,271.083,272.36,273.586,274.74,275.808,276.785,277.688,278.565,279.508,280.68,282.344
67140.0,110.605,140.575,166.89,189.67,209.207,225.836,239.866,251.543,261.056,268.539,274.088,277.778,279.675,279.859,278.446,275.62,271.671,267.034,262.286,258.088,255.019,253.386,253.1,253.737,254.763,255.769,256.594,257.283,257.956,258.693,259.513,260.41,261.378,262.414,263.518,264.684,265.905,267.171,268.468,269.779,271.083,272.36,273.586,274.74,275.808,276.785,277.688,278.565,279.508,280.68,282.344
67200.0,110.465,140.304,166.525,189.246,208.753,225.377,239.419,251.124,260.675,268.204,273.805,277.548,279.499,279.734,278.366,275.58,271.663,267.049,262.315,258.12,255.046,253.404,253.109,253.74,254.762,255.768,256.594,257.283,257.956,258.693,259.513,260.41,261.378,262.414,263.518,264.684,265.905,267.171,268.468,269.778,271.083,272.36,273.586,274.74,275.808,276.785,277.688,278.565,279.508,280.68,282.344
67260.0,110.328,140.037,166.165,188.829,208.306,224.923,238.977,250.708,260.296,267.87,273.522,277.319,279.322,279.607,278.286,275.539,271.654,267.063,262.343,258.151,255.073,253.422,253.118,253.742,254.762,255.767,256.593,257.283,257.956,258.693,259.513,260.41,261.378,262.414,263.518,264.684,265.905,267.171,268.468,269.778,271.083,272.36,273.586,274.74,275.808,276.785,277.688,278.565,279.508,280.68,282.344
67320.0,110.193,139.775,165.812,188.417,207.865,224.475,238.54,250.295,259.92,267.539,273.24,277.089,279.145,279.48,278.205,275.497,271.645,267.077,262.37,258.182,255.1,253.44,253.126,253.744,254.761,255.765,256.592,257.283,257.956,258.693,259.513,260.41,261.378,262.414,263.518,264.684,265.905,267.171,268.468,269.778,271.083,272.36,273.586,274.74,275.808,276.785,277.688,278.565,279.508,280.68,282.344
67380.0,110.06,139.517,165.464,188.012,207.43,224.033,238.107,249.887,259.546,267.208,272.959,276.86,278.968,279.353,278.123,275.455,271.636,267.091,262.398,258.213,255.126,253.458,253.135,253.747,254.76,255.764,256.591,257.282,257.955,258.693,259.513,260.41,261.378,262.414,263.518,264.684,265.905,267.171,268.468,269.778,271.083,272.36,273.586,274.74,275.808,276.785,277.688,278.565,279.508,280.68,282.344
67440.0,109.929,139.263,165.121,187.612,207.001,223.595,237.679,249.482,259.175,266.88,272.678,276.63,278.79,279.225,278.04,275.413,271.625,267.105,262.425,258.244,255.153,253.476,253.144,253.749,254.759,255.763,256.59,257.282,257.955,258.692,259.513,260.41,261.378,262.414,263.518,264.684,265.905,267.171,268.467,269.778,271.083,272.36,273.586,274.74,275.808,276.785,277.688,278.565,279.508,280.68,282.344
67500.0,109.799,139.013,164.784,187.219,206.577,223.163,237.256,249.081,258.807,266.553,272.399,276.401,278.612,279.096,277.957,275.369,271.615,267.118,262.452,258.275,255.18,253.494,253.153,253.751,254.759,255.761,256.589,257.282,257.955,258.692,259.513,260.41,261.378,262.414,263.518,264.684,265.905,267.171,268.467,269.778,271.083,272.36,273.586,274.74,275.807,276.785,277.688,278.565,279.508,280.68,282.344
67560.0,109.672,138.767,164.451,186.83,206.159,222.736,236.836,248.683,258.441,266.228,272.12,276.172,278.434,278.967,277.874,275.326,271.603,267.13,262.478,258.305,255.206,253.512,253.162,253.754,254.758,255.76,256.589,257.281,257.955,258.692,259.513,260.41,261.377,262.414,263.518,264.684,265.905,267.171,268.467,269.778,271.083,272.36,273.586,274.74,275.807,276.785,277.688,278.565,279.508,280.68,282.344
67620.0,109.546,138.524,164.123,186.447,205.746,222.314,236.421,248.288,258.078,265.904,271.842,275.944,278.255,278.838,277.789,275.281,271.591,267.142,262.504,258.336,255.233,253.53,253.171,253.756,254.757,255.759,256.588,257.281,257.955,258.692,259.513,260.41,261.377,262.414,263.518,264.684,265.905,267.171,268.467,269.778,271.083,272.36,273.586,274.74,275.807,276.785,277.688,278.565,279.508,280.68,282.344
67680.0,109.422,138.285,163.8,186.069,205.338,221.896,236.011,247.897,257.718,265.582,271.565,275.715,278.077,278.708,277.705,275.236,271.579,267.154,262.53,258.366,255.259,253.548,253.18,253.759,254.757,255.757,256.587,257.281,257.955,258.692,259.513,260.41,261.377,262.414,263.517,264.684,265.905,267.171,268.467,269.778,271.083,272.36,273.586,274.74,275.807,276.785,277.688,278.565,279.508,280.68,282.344
67740.0,109.3,138.05,163.481,185.697,204.936,221.484,235.604,247.51,257.36,265.262,271.289,275.487,277.898,278.577,277.619,275.19,271.566,267.165,262.556,258.396,255.285,253.566,253.189,253.761,254.756,255.756,256.586,257.281,257.955,258.692,259.513,260.41,261.377,262.414,263.517,264.683,265.905,267.17,268.467,269.778,271.083,272.36,273.586,274.74,275.807,276.785,277.688,278.565,279.508,280.68,282.344
67800.0,109.179,137.817,163.167,185.329,204.538,221.076,235.201,247.126,257.004,264.944,271.013,275.259,277.719,278.446,277.533,275.144,271.553,267.176,262.581,258.426,255.312,253.584,253.198,253.764,254.755,255.755,256.585,257.28,257.955,258.692,259.513,260.41,261.377,262.414,263.517,264.683,265.905,267.17,268.467,269.778,271.083,272.36,273.586,274.74,275.807,276.785,277.688,278.565,279.508,280.68,282.344
67860.0,109.06,137.588,162.857,184.965,204.145,220.672,234.803,246.744,256.651,264.627,270.739,275.031,277.54,278.315,277.446,275.097,271.539,267.187,262.606,258.456,255.338,253.602,253.207,253.766,254.755,255.753,256.584,257.28,257.955,258.692,259.513,260.41,261.377,262.414,263.517,264.683,265.905,267.17,268.467,269.778,271.083,272.36,273.586,274.74,275.807,276.785,277.688,278.565,279.508,280.68,282.344
67920.0,108.943,137.362,162.552,184.607,203.757,220.273,234.408,246.367,256.3,264.312,270.466,274.804,277.36,278.183,277.359,275.05,271.525,267.197,262.631,258.485,255.364,253.62,253.216,253.769,254.754,255.752,256.584,257.28,257.955,258.692,259.513,260.41,261.377,262.414,263.517,264.683,265.905,267.17,268.467,269.778,271.083,272.36,273.586,274.74,275.807,276.785,277.688,278.565,279.508,280.68,282.344
67980.0,108.827,137.14,162.25,184.253,203.373,219.878,234.017,245.992,255.952,263.998,270.193,274.577,277.181,278.05,277.272,275.002,271.51,267.207,262.656,258.515,255.39,253.638,253.225,253.772,254.754,255.751,256.583,257.279,257.955,258.692,259.513,260.41,261.377,262.414,263.517,264.683,265.905,267.17,268.467,269.778,271.083,272.36,273.586,274.74,275.807,276.785,277.688,278.565,279.508,280.68,282.344
68040.0,108.712,136.92,161.952,183.903,202.994,219.487,233.63,245.62,255.606,263.686,269.922,274.35,277.001,277.918,277.183,274.954,271.494,267.216,262.68,258.544,255.416,253.655,253.234,253.774,254.753,255.75,256.582,257.279,257.955,258.692,259.513,260.41,261.377,262.414,263.517,264.683,265.904,267.17,268.467,269.778,271.083,272.36,273.586,274.74,275.807,276.785,277.688,278.565,279.508,280.68,282.344
68100.0,108.599,136.703,161.658,183.558,202.619,219.101,233.246,245.252,255.263,263.376,269.651,274.124,276.821,277.785,277.095,274.905,271.479,267.225,262.704,258.573,255.442,253.673,253.244,253.777,254.752,255.748,256.581,257.279,257.955,258.692,259.513,260.41,261.377,262.414,263.517,264.683,265.904,267.17,268.467,269.778,271.083,272.36,273.586,274.74,275.807,276.785,277.688,278.565,279.508,280.68,282.344
68160.0,108.487,136.489,161.368,183.217,202.248,218.718,232.866,244.886,254.922,263.068,269.382,273.898,276.642,277.651,277.005,274.855,271.462,267.233,262.727,258.602,255.468,253.691,253.253,253.78,254.752,255.747,256.58,257.279,257.955,258.692,259.513,260.41,261.377,262.414,263.517,264.683,265.904,267.17,268.467,269.778,271.083,272.36,273.586,274.74,275.807,276.785,277.688,278.565,279.508,280.68,282.344
68220.0,108.376,136.277,161.082,182.879,201.881,218.34,232.49,244.524,254.583,262.761,269.114,273.673,276.462,277.517,276.915,274.805,271.445,267.241,262.751,258.631,255.494,253.709,253.262,253.783,254.751,255.746,256.579,257.278,257.955,258.692,259.513,260.41,261.377,262.414,263.517,264.683,265.904,267.17,268.467,269.778,271.083,272.36,273.586,274.74,275.807,276.785,277.688,278.565,279.508,280.68,282.344
68280.0,108.267,136.068,160.799,182.546,201.519,217.965,232.117,244.164,254.246,262.456,268.846,273.448,276.282,277.383,276.825,274.754,271.428,267.249,262.774,258.66,255.52,253.727,253.271,253.785,254.751,255.745,256.579,257.278,257.955,258.692,259.513,260.41,261.377,262.414,263.517,264.683,265.904,267.17,268.467,269.778,271.083,272.36,273.586,274.74,275.807,276.785,277.688,278.565,279.508,280.68,282.344
68340.0,108.159,135.862,160.519,182.217,201.16,217.594,231.747,243.808,253.912,262.152,268.58,273.223,276.102,277.249,276.734,274.703,271.41,267.256,262.797,258.688,255.546,253.746,253.281,253.788,254.75,255.743,256.578,257.278,257.955,258.692,259.513,260.41,261.377,262.413,263.517,264.683,265.904,267.17,268.467,269.778,271.083,272.36,273.586,274.74,275.807,276.785,277.688,278.565,279.508,280.68,282.344
68400.0,108.052,135.659,160.243,181.891,200.806,217.226,231.381,243.454,253.58,261.85,268.314,272.999,275.923,277.114,276.643,274.651,271.392,267.263,262.819,258.716,255.571,253.764,253.29,253.791,254.75,255.742,256.577,257.277,257.955,258.692,259.513,260.41,261.377,262.413,263.517,264.683,265.904,267.17,268.467,269.778,271.083,272.36,273.586,274.74,275.807,276.785,277.688,278.565,279.508,280.68,282.344
68460.0,107.946,135.457,159.97,181.57,200.455,216.863,231.018,243.103,253.251,261.55,268.05,272.776,275.743,276.979,276.551,274.599,271.373,267.269,262.841,258.745,255.597,253.782,253.299,253.794,254.749,255.741,256.576,257.277,257.955,258.692,259.513,260.41,261.377,262.413,263.517,264.683,265.904,267.17,268.467,269.778,271.083,272.36,273.586,274.74,275.807,276.785,277.688,278.565,279.508,280.68,282.344
68520.0,107.842,135.259,159.7,181.251,200.107,216.503,230.658,242.754,252.923,261.251,267.787,272.553,275.563,276.844,276.459,274.546,271.353,267.275,262.863,258.772,255.622,253.8,253.309,253.797,254.749,255.74,256.575,257.277,257.955,258.692,259.513,260.41,261.377,262.413,263.517,264.683,265.904,267.17,268.467,269.778,271.083,272.36,273.586,274.74,275.807,276.785,277.688,278.565,279.508,280.68,282.344
68580.0,107.738,135.062,159.434,180.937,199.764,216.146,230.301,242.409,252.598,260.954,267.524,272.33,275.384,276.708,276.367,274.493,271.333,267.281,262.885,258.8,255.648,253.818,253.318,253.8,254.749,255.738,256.574,257.276,257.955,258.692,259.513,260.409,261.377,262.413,263.517,264.683,265.904,267.17,268.467,269.778,271.083,272.36,273.586,274.74,275.807,276.785,277.688,278.565,279.508,280.68,282.344
68640.0,107.636,134.868,159.17,180.626,199.424,215.793,229.948,242.066,252.275,260.659,267.263,272.108,275.204,276.573,276.274,274.439,271.313,267.286,262.906,258.828,255.673,253.836,253.328,253.803,254.748,255.737,256.574,257.276,257.954,258.692,259.513,260.409,261.377,262.413,263.517,264.683,265.904,267.17,268.467,269.778,271.083,272.36,273.586,274.74,275.807,276.785,277.688,278.565,279.508,280.68,282.344
68700.0,107.535,134.676,158.91,180.318,199.087,215.443,229.597,241.726,251.954,260.365,267.003,271.886,275.025,276.437,276.18,274.385,271.292,267.291,262.927,258.855,255.699,253.854,253.337,253.806,254.748,255.736,256.573,257.276,257.954,258.692,259.513,260.409,261.377,262.413,263.517,264.683,265.904,267.17,268.467,269.778,271.083,272.36,273.586,274.74,275.807,276.785,277.688,278.565,279.508,280.68,282.344
68760.0,107.435,134.487,158.652,180.013,198.754,215.096,229.25,241.388,251.635,260.073,266.744,271.665,274.845,276.3,276.086,274.33,271.271,267.295,262.948,258.883,255.724,253.872,253.347,253.809,254.747,255.735,256.572,257.275,257.954,258.692,259.513,260.409,261.377,262.413,263.517,264.683,265.904,267.17,268.467,269.778,271.083,272.36,273.586,274.74,275.807,276.785,277.688,278.565,279.508,280.68,282.344
68820.0,107.336,134.299,158.397,179.712,198.424,214.753,228.906,241.053,251.319,259.782,266.485,271.445,274.666,276.164,275.992,274.275,271.249,267.299,262.969,258.91,255.749,253.89,253.356,253.812,254.747,255.734,256.571,257.275,257.954,258.692,259.513,260.409,261.377,262.413,263.517,264.683,265.904,267.17,268.467,269.778,271.083,272.36,273.586,274.74,275.807,276.785,277.688,278.565,279.508,280.68,282.344
68880.0,107.238,134.114,158.146,179.414,198.097,214.412,228.564,240.72,251.004,259.493,266.228,271.225,274.487,276.027,275.897,274.219,271.227,267.303,262.989,258.937,255.774,253.908,253.366,253.815,254.747,255.732,256.57,257.275,257.954,258.692,259.513,260.409,261.377,262.413,263.517,264.683,265.904,267.17,268.467,269.778,271.083,272.36,273.586,274.74,275.807,276.785,277.688,278.565,279.508,280.68,282.344
68940.0,107.141,133.93,157.896,179.119,197.774,214.075,228.225,240.39,250.691,259.205,265.972,271.006,274.308,275.891,275.802,274.163,271.204,267.306,263.009,258.963,255.799,253.926,253.376,253.818,254.746,255.731,256.569,257.275,257.954,258.692,259.512,260.409,261.377,262.413,263.517,264.683,265.904,267.17,268.467,269.778,271.083,272.36,273.586,274.74,275.807,276.785,277.688,278.565,279.508,280.68,282.344
69000.0,107.045,133.749,157.65,178.827,197.453,213.741,227.889,240.063,250.381,258.92,265.718,270.787,274.129,275.754,275.707,274.106,271.181,267.309,263.028,258.99,255.824,253.944,253.385,253.821,254.746,255.73,256.569,257.274,257.954,258.692,259.512,260.409,261.377,262.413,263.517,264.683,265.904,267.17,268.467,269.778,271.083,272.36,273.586,274.74,275.807,276.785,277.688,278.565,279.508,280.68,282.344
69060.0,106.95,133.569,157.406,178.538,197.136,213.41,227.556,239.738,250.072,258.635,265.464,270.569,273.951,275.617,275.611,274.049,271.158,267.312,263.047,259.016,255.849,253.962,253.395,253.824,254.746,255.729,256.568,257.274,257.954,258.692,259.512,260.409,261.376,262.413,263.517,264.683,265.904,267.17,268.467,269.778,271.083,272.36,273.586,274.74,275.807,276.785,277.688,278.565,279.508,280.68,282.344
69120.0,106.855,133.392,157.164,178.251,196.822,213.082,227.226,239.415,249.766,258.352,265.211,270.351,273.772,275.479,275.515,273.992,271.133,267.314,263.066,259.042,255.874,253.98,253.405,253.827,254.746,255.728,256.567,257.274,257.954,258.692,259.512,260.409,261.376,262.413,263.517,264.683,265.904,267.17,268.467,269.778,271.083,272.36,273.586,274.74,275.807,276.785,277.688,278.565,279.508,280.68,282.344
69180.0,106.762,133.216,156.926,177.968,196.511,212.756,226.898,239.094,249.461,258.071,264.959,270.135,273.594,275.342,275.419,273.934,271.109,267.315,263.085,259.068,255.899,253.998,253.414,253.83,254.745,255.727,256.566,257.273,257.954,258.692,259.512,260.409,261.376,262.413,263.517,264.683,265.904,267.17,268.467,269.778,271.083,272.36,273.586,274.74,275.807,276.785,277.688,278.565,279.508,280.68,282.344
69240.0,106.67,133.042,156.689,177.688,196.202,212.434,226.573,238.776,249.159,257.791,264.708,269.918,273.416,275.205,275.322,273.875,271.084,267.316,263.104,259.094,255.923,254.016,253.424,253.834,254.745,255.725,256.565,257.273,257.954,258.692,259.512,260.409,261.376,262.413,263.517,264.683,265.904,267.17,268.467,269.778,271.083,272.36,273.585,274.74,275.807,276.785,277.688,278.565,279.508,280.68,282.344
69300.0,106.578,132.87,156.455,177.41,195.897,212.114,226.25,238.461,248.858,257.513,264.459,269.702,273.238,275.067,275.225,273.816,271.058,267.317,263.122,259.12,255.948,254.033,253.434,253.837,254.745,255.724,256.564,257.273,257.954,258.692,259.512,260.409,261.376,262.413,263.516,264.683,265.904,267.17,268.467,269.778,271.083,272.36,273.585,274.74,275.807,276.785,277.688,278.565,279.508,280.68,282.344
69360.0,106.488,132.699,156.223,177.135,195.594,211.797,225.93,238.147,248.559,257.236,264.21,269.487,273.061,274.929,275.127,273.757,271.033,267.318,263.139,259.145,255.973,254.051,253.444,253.84,254.745,255.723,256.564,257.272,257.954,258.692,259.512,260.409,261.376,262.413,263.516,264.683,265.904,267.17,268.467,269.778,271.083,272.359,273.585,274.74,275.807,276.785,277.688,278.565,279.508,280.68,282.344
69420.0,106.398,132.531,155.994,176.862,195.294,211.483,225.613,237.836,248.262,256.96,263.962,269.273,272.883,274.792,275.029,273.697,271.006,267.318,263.157,259.171,255.997,254.069,253.453,253.844,254.745,255.722,256.563,257.272,257.954,258.692,259.512,260.409,261.376,262.413,263.516,264.683,265.904,267.17,268.467,269.778,271.083,272.359,273.585,274.74,275.807,276.785,277.688,278.565,279.508,280.68,282.344
69480.0,106.309,132.364,155.767,176.592,194.997,211.171,225.298,237.527,247.967,256.686,263.716,269.059,272.706,274.654,274.931,273.637,270.979,267.317,263.174,259.196,256.021,254.087,253.463,253.847,254.744,255.721,256.562,257.272,257.954,258.692,259.512,260.409,261.376,262.413,263.516,264.682,265.904,267.17,268.467,269.778,271.083,272.359,273.585,274.74,275.807,276.785,277.688,278.565,279.508,280.68,282.344
69540.0,106.221,132.199,155.542,176.325,194.702,210.862,224.985,237.22,247.674,256.414,263.47,268.846,272.529,274.516,274.833,273.576,270.952,267.317,263.191,259.221,256.046,254.105,253.473,253.85,254.744,255.72,256.561,257.271,257.954,258.692,259.512,260.409,261.376,262.413,263.516,264.682,265.904,267.17,268.466,269.777,271.083,272.359,273.585,274.74,275.807,276.785,277.688,278.565,279.508,280.68,282.344
69600.0,106.133,132.035,155.319,176.06,194.41,210.556,224.675,236.915,247.382,256.143,263.226,268.633,272.353,274.378,274.734,273.515,270.925,267.316,263.208,259.246,256.07,254.123,253.483,253.854,254.744,255.719,256.56,257.271,257.954,258.692,259.512,260.409,261.376,262.413,263.516,264.682,265.904,267.17,268.466,269.777,271.082,272.359,273.585,274.74,275.807,276.785,277.688,278.565,279.508,280.68,282.344
69660.0,106.047,131.873,155.099,175.798,194.121,210.252,224.367,236.612,247.093,255.873,262.982,268.421,272.177,274.24,274.635,273.454,270.897,267.314,263.224,259.27,256.094,254.141,253.493,253.857,254.744,255.717,256.56,257.271,257.954,258.692,259.512,260.409,261.376,262.413,263.516,264.682,265.904,267.169,268.466,269.777,271.082,272.359,273.585,274.74,275.807,276.785,277.688,278.565,279.508,280.68,282.344
69720.0,105.961,131.712,154.88,175.538,193.834,209.951,224.062,236.312,246.805,255.605,262.74,268.21,272.0,274.102,274.536,273.392,270.868,267.312,263.24,259.295,256.118,254.159,253.503,253.861,254.744,255.716,256.559,257.27,257.953,258.692,259.512,260.409,261.376,262.413,263.516,264.682,265.904,267.169,268.466,269.777,271.082,272.359,273.585,274.74,275.807,276.785,277.688,278.565,279.508,280.68,282.344
69780.0,105.876,131.553,154.664,175.28,193.55,209.652,223.759,236.013,246.519,255.338,262.499,267.999,271.825,273.964,274.437,273.33,270.839,267.31,263.256,259.319,256.142,254.177,253.513,253.864,254.744,255.715,256.558,257.27,257.953,258.692,259.512,260.409,261.376,262.413,263.516,264.682,265.904,267.169,268.466,269.777,271.082,272.359,273.585,274.74,275.807,276.785,277.688,278.565,279.508,280.68,282.344
69840.0,105.791,131.396,154.45,175.025,193.268,209.355,223.458,235.717,246.234,255.073,262.258,267.789,271.649,273.826,274.337,273.267,270.81,267.307,263.272,259.343,256.166,254.195,253.523,253.868,254.744,255.714,256.557,257.27,257.953,258.692,259.512,260.409,261.376,262.412,263.516,264.682,265.903,267.169,268.466,269.777,271.082,272.359,273.585,274.74,275.807,276.785,277.688,278.565,279.508,280.68,282.344
69900.0,105.708,131.24,154.237,174.772,192.988,209.061,223.159,235.422,245.952,254.809,262.019,267.58,271.474,273.688,274.237,273.205,270.78,267.304,263.287,259.367,256.19,254.213,253.533,253.871,254.744,255.713,256.556,257.269,257.953,258.692,259.512,260.409,261.376,262.412,263.516,264.682,265.903,267.169,268.466,269.777,271.082,272.359,273.585,274.74,275.807,276.785,277.688,278.565,279.508,280.68,282.344
69960.0,105.625,131.085,154.027,174.521,192.711,208.769,222.862,235.13,245.671,254.546,261.781,267.371,271.299,273.55,274.137,273.141,270.75,267.301,263.302,259.39,256.213,254.231,253.543,253.875,254.744,255.712,256.555,257.269,257.953,258.692,259.512,260.409,261.376,262.412,263.516,264.682,265.903,267.169,268.466,269.777,271.082,272.359,273.585,274.74,275.807,276.785,277.688,278.565,279.508,280.68,282.344
70020.0,105.543,130.932,153.818,174.272,192.436,208.479,222.568,234.839,245.392,254.285,261.543,267.163,271.125,273.412,274.037,273.078,270.719,267.297,263.316,259.414,256.237,254.248,253.553,253.878,254.744,255.711,256.555,257.269,257.953,258.692,259.512,260.408,261.376,262.412,263.516,264.682,265.903,267.169,268.466,269.777,271.082,272.359,273.585,274.74,275.807,276.784,277.688,278.565,279.508,280.68,282.344
70080.0,105.461,130.78,153.612,174.026,192.163,208.192,222.276,234.551,245.114,254.025,261.307,266.956,270.95,273.274,273.936,273.014,270.688,267.293,263.331,259.437,256.261,254.266,253.563,253.882,254.744,255.71,256.554,257.268,257.953,258.692,259.512,260.408,261.376,262.412,263.516,264.682,265.903,267.169,268.466,269.777,271.082,272.359,273.585,274.739,275.807,276.784,277.688,278.565,279.508,280.68,282.344
70140.0,105.38,130.63,153.407,173.782,191.893,207.907,221.986,234.264,244.838,253.766,261.072,266.749,270.776,273.136,273.836,272.949,270.657,267.289,263.345,259.46,256.284,254.284,253.573,253.885,254.744,255.709,256.553,257.268,257.953,258.692,259.512,260.408,261.376,262.412,263.516,264.682,265.903,267.169,268.466,269.777,271.082,272.359,273.585,274.739,275.807,276.784,277.688,278.565,279.508,280.68,282.344
70200.0,105.3,130.48,153.204,173.539,191.624,207.624,221.698,233.979,244.564,253.509,260.837,266.543,270.603,272.998,273.735,272.885,270.625,267.284,263.358,259.483,256.308,254.302,253.583,253.889,254.744,255.708,256.552,257.268,257.953,258.692,259.512,260.408,261.376,262.412,263.516,264.682,265.903,267.169,268.466,269.777,271.082,272.359,273.585,274.739,275.807,276.784,277.688,278.565,279.508,280.68,282.344
70260.0,105.22,130.333,153.002,173.299,191.358,207.343,221.412,233.696,244.291,253.253,260.604,266.337,270.429,272.86,273.633,272.82,270.593,267.279,263.372,259.506,256.331,254.32,253.593,253.893,254.744,255.707,256.551,257.268,257.953,258.692,259.512,260.408,261.376,262.412,263.516,264.682,265.903,267.169,268.466,269.777,271.082,272.359,273.585,274.739,275.807,276.784,277.688,278.565,279.508,280.68,282.344
70320.0,105.142,130.186,152.803,173.061,191.094,207.064,221.128,233.415,244.02,252.999,260.372,266.132,270.257,272.722,273.532,272.754,270.561,267.273,263.385,259.528,256.354,254.337,253.603,253.896,254.744,255.706,256.551,257.267,257.953,258.692,259.512,260.408,261.376,262.412,263.516,264.682,265.903,267.169,268.466,269.777,271.082,272.359,273.585,274.739,275.807,276.784,277.688,278.565,279.508,280.68,282.344
70380.0,105.063,130.041,152.605,172.825,190.832,206.788,220.846,233.136,243.75,252.745,260.14,265.928,270.084,272.584,273.431,272.689,270.528,267.267,263.398,259.551,256.377,254.355,253.614,253.9,254.744,255.705,256.55,257.267,257.953,258.692,259.512,260.408,261.376,262.412,263.516,264.682,265.903,267.169,268.466,269.777,271.082,272.359,273.585,274.739,275.807,276.784,277.688,278.565,279.508,280.68,282.344
70440.0,104.986,129.897,152.409,172.591,190.573,206.513,220.566,232.858,243.482,252.493,259.91,265.725,269.912,272.446,273.329,272.623,270.494,267.261,263.41,259.573,256.4,254.373,253.624,253.904,254.744,255.704,256.549,257.267,257.953,258.692,259.512,260.408,261.376,262.412,263.516,264.682,265.903,267.169,268.466,269.777,271.082,272.359,273.585,274.739,275.807,276.784,277.688,278.565,279.508,280.68,282.344
70500.0,104.909,129.754,152.215,172.358,190.315,206.241,220.288,232.582,243.216,252.242,259.681,265.522,269.74,272.308,273.227,272.556,270.461,267.254,263.423,259.595,256.423,254.391,253.634,253.908,254.744,255.703,256.548,257.266,257.953,258.692,259.512,260.408,261.376,262.412,263.516,264.682,265.903,267.169,268.466,269.777,271.082,272.359,273.585,274.739,275.807,276.784,277.688,278.565,279.508,280.68,282.344
70560.0,104.832,129.613,152.022,172.128,190.059,205.97,220.012,232.308,242.951,251.993,259.452,265.32,269.568,272.171,273.125,272.49,270.427,267.247,263.435,259.617,256.446,254.408,253.644,253.912,254.744,255.702,256.547,257.266,257.953,258.692,259.512,260.408,261.375,262.412,263.516,264.682,265.903,267.169,268.466,269.777,271.082,272.359,273.585,274.739,275.807,276.784,277.688,278.565,279.508,280.68,282.344
70620.0,104.756,129.473,151.831,171.9,189.805,205.702,219.737,232.036,242.688,251.745,259.225,265.118,269.397,272.033,273.023,272.423,270.392,267.239,263.446,259.638,256.469,254.426,253.654,253.915,254.744,255.701,256.546,257.266,257.952,258.692,259.512,260.408,261.375,262.412,263.516,264.682,265.903,267.169,268.466,269.777,271.082,272.359,273.585,274.739,275.807,276.784,277.688,278.565,279.508,280.68,282.344
70680.0,104.681,129.333,151.641,171.673,189.554,205.435,219.465,231.766,242.426,251.498,258.998,264.917,269.226,271.896,272.921,272.356,270.357,267.232,263.458,259.66,256.491,254.444,253.665,253.919,254.745,255.7,256.546,257.265,257.952,258.692,259.512,260.408,261.375,262.412,263.516,264.682,265.903,267.169,268.466,269.777,271.082,272.359,273.585,274.739,275.807,276.784,277.688,278.565,279.508,280.68,282.344
70740.0,104.606,129.195,151.453,171.448,189.304,205.17,219.194,231.497,242.165,251.252,258.773,264.717,269.055,271.758,272.818,272.288,270.322,267.224,263.469,259.681,256.514,254.461,253.675,253.923,254.745,255.699,256.545,257.265,257.952,258.692,259.512,260.408,261.375,262.412,263.516,264.682,265.903,267.169,268.466,269.777,271.082,272.359,273.585,274.739,275.807,276.784,277.688,278.565,279.508,280.68,282.344
70800.0,104.532,129.059,151.267,171.225,189.056,204.908,218.925,231.23,241.907,251.007,258.548,264.517,268.885,271.621,272.716,272.22,270.287,267.215,263.48,259.702,256.536,254.479,253.685,253.927,254.745,255.698,256.544,257.265,257.952,258.692,259.511,260.408,261.375,262.412,263.516,264.682,265.903,267.169,268.466,269.777,271.082,272.359,273.585,274.739,275.807,276.784,277.688,278.565,279.508,280.68,282.344
70860.0,104.458,128.923,151.082,171.004,188.809,204.647,218.659,230.964,241.649,250.764,258.324,264.318,268.716,271.484,272.613,272.152,270.251,267.206,263.49,259.723,256.559,254.497,253.696,253.931,254.745,255.697,256.543,257.264,257.952,258.692,259.511,260.408,261.375,262.412,263.516,264.682,265.903,267.169,268.466,269.777,271.082,272.359,273.585,274.739,275.807,276.784,277.688,278.565,279.508,280.68,282.344
70920.0,104.385,128.788,150.899,170.784,188.565,204.388,218.393,230.7,241.393,250.522,258.102,264.12,268.546,271.346,272.51,272.084,270.215,267.197,263.501,259.743,256.581,254.514,253.706,253.935,254.745,255.696,256.542,257.264,257.952,258.692,259.511,260.408,261.375,262.412,263.515,264.682,265.903,267.169,268.466,269.777,271.082,272.359,273.585,274.739,275.807,276.784,277.688,278.565,279.508,280.68,282.344
70980.0,104.313,128.655,150.717,170.566,188.323,204.131,218.13,230.438,241.138,250.281,257.88,263.923,268.377,271.209,272.407,272.015,270.178,267.188,263.511,259.764,256.603,254.532,253.716,253.939,254.746,255.695,256.542,257.264,257.952,258.692,259.511,260.408,261.375,262.412,263.515,264.682,265.903,267.169,268.466,269.777,271.082,272.359,273.585,274.739,275.807,276.784,277.688,278.565,279.508,280.68,282.344
71040.0,104.241,128.522,150.536,170.35,188.082,203.875,217.868,230.177,240.885,250.041,257.659,263.726,268.208,271.073,272.304,271.947,270.141,267.178,263.52,259.784,256.625,254.549,253.727,253.943,254.746,255.694,256.541,257.263,257.952,258.692,259.511,260.408,261.375,262.412,263.515,264.682,265.903,267.169,268.466,269.777,271.082,272.359,273.585,274.739,275.807,276.784,277.688,278.565,279.508,280.68,282.344
71100.0,104.169,128.391,150.357,170.135,187.843,203.621,217.608,229.918,240.633,249.803,257.439,263.529,268.04,270.936,272.201,271.877,270.104,267.168,263.53,259.804,256.647,254.567,253.737,253.947,254.746,255.693,256.54,257.263,257.952,258.692,259.511,260.408,261.375,262.412,263.515,264.682,265.903,267.169,268.466,269.777,271.082,272.359,273.585,274.739,275.807,276.784,277.688,278.565,279.508,280.68,282.344
71160.0,104.098,128.26,150.179,169.922,187.606,203.369,217.35,229.66,240.383,249.565,257.22,263.334,267.872,270.799,272.098,271.808,270.067,267.157,263.539,259.824,256.669,254.584,253.747,253.951,254.746,255.692,256.539,257.262,257.952,258.692,259.511,260.408,261.375,262.412,263.515,264.681,265.903,267.169,268.466,269.777,271.082,272.359,273.585,274.739,275.807,276.784,277.688,278.565,279.508,280.68,282.344
71220.0,104.028,128.131,150.003,169.711,187.37,203.119,217.093,229.404,240.134,249.329,257.002,263.139,267.705,270.663,271.995,271.739,270.029,267.146,263.548,259.844,256.691,254.602,253.758,253.955,254.747,255.691,256.538,257.262,257.952,258.692,259.511,260.408,261.375,262.412,263.515,264.681,265.903,267.169,268.466,269.777,271.082,272.359,273.585,274.739,275.807,276.784,277.688,278.565,279.508,280.68,282.344
71280.0,103.958,128.002,149.828,169.501,187.136,202.871,216.838,229.15,239.886,249.094,256.785,262.944,267.537,270.526,271.892,271.669,269.99,267.135,263.556,259.863,256.713,254.619,253.768,253.959,254.747,255.69,256.538,257.262,257.952,258.692,259.511,260.408,261.375,262.412,263.515,264.681,265.903,267.169,268.466,269.777,271.082,272.359,273.585,274.739,275.807,276.784,277.688,278.565,279.508,280.68,282.344
71340.0,103.889,127.875,149.654,169.293,186.904,202.624,216.585,228.897,239.64,248.86,256.569,262.751,267.371,270.39,271.788,271.599,269.952,267.123,263.565,259.883,256.734,254.637,253.779,253.963,254.747,255.689,256.537,257.261,257.952,258.692,259.511,260.408,261.375,262.412,263.515,264.681,265.903,267.169,268.466,269.777,271.082,272.359,273.585,274.739,275.807,276.784,277.688,278.565,279.508,280.68,282.344
71400.0,103.82,127.749,149.482,169.086,186.674,202.379,216.333,228.645,239.395,248.627,256.353,262.557,267.204,270.254,271.685,271.528,269.913,267.112,263.573,259.902,256.756,254.654,253.789,253.967,254.748,255.688,256.536,257.261,257.952,258.692,259.511,260.408,261.375,262.411,263.515,264.681,265.903,267.169,268.466,269.777,271.082,272.359,273.585,274.739,275.807,276.784,277.688,278.565,279.508,280.68,282.344
71460.0,103.751,127.623,149.311,168.881,186.445,202.135,216.082,228.395,239.151,248.395,256.139,262.365,267.038,270.118,271.581,271.458,269.874,267.099,263.58,259.921,256.777,254.672,253.8,253.972,254.748,255.687,256.535,257.261,257.951,258.691,259.511,260.407,261.375,262.411,263.515,264.681,265.903,267.169,268.466,269.777,271.082,272.359,273.585,274.739,275.807,276.784,277.688,278.565,279.508,280.68,282.344
71520.0,103.683,127.499,149.141,168.677,186.217,201.893,215.834,228.146,238.909,248.164,255.925,262.173,266.873,269.982,271.477,271.387,269.834,267.087,263.588,259.94,256.799,254.689,253.81,253.976,254.749,255.686,256.534,257.26,257.951,258.691,259.511,260.407,261.375,262.411,263.515,264.681,265.903,267.169,268.466,269.777,271.082,272.359,273.585,274.739,275.807,276.784,277.688,278.565,279.508,280.68,282.344
71580.0,103.616,127.375,148.973,168.475,185.992,201.653,215.587,227.899,238.667,247.935,255.712,261.982,266.707,269.846,271.374,271.316,269.795,267.074,263.595,259.958,256.82,254.706,253.821,253.98,254.749,255.685,256.534,257.26,257.951,258.691,259.511,260.407,261.375,262.411,263.515,264.681,265.903,267.168,268.466,269.777,271.082,272.359,273.585,274.739,275.807,276.784,277.688,278.565,279.508,280.68,282.344
71640.0,103.548,127.252,148.806,168.274,185.767,201.414,215.341,227.653,238.428,247.706,255.5,261.792,266.543,269.711,271.27,271.245,269.755,267.061,263.602,259.976,256.841,254.724,253.831,253.984,254.749,255.684,256.533,257.26,257.951,258.691,259.511,260.407,261.375,262.411,263.515,264.681,265.902,267.168,268.465,269.777,271.082,272.359,273.585,274.739,275.807,276.784,277.688,278.565,279.508,280.68,282.344
71700.0,103.482,127.131,148.64,168.075,185.545,201.177,215.097,227.409,238.189,247.479,255.289,261.602,266.378,269.575,271.166,271.174,269.714,267.047,263.609,259.995,256.862,254.741,253.842,253.989,254.75,255.684,256.532,257.259,257.951,258.691,259.511,260.407,261.375,262.411,263.515,264.681,265.902,267.168,268.465,269.777,271.082,272.359,273.585,274.739,275.807,276.784,277.688,278.565,279.508,280.68,282.344
71760.0,103.416,127.01,148.475,167.877,185.324,200.941,214.854,227.166,237.952,247.253,255.079,261.412,266.214,269.44,271.062,271.102,269.674,267.034,263.615,260.013,256.883,254.758,253.852,253.993,254.75,255.683,256.531,257.259,257.951,258.691,259.511,260.407,261.375,262.411,263.515,264.681,265.902,267.168,268.465,269.777,271.082,272.359,273.585,274.739,275.807,276.784,277.688,278.565,279.508,280.68,282.344
71820.0,103.35,126.89,148.311,167.681,185.104,200.707,214.613,226.924,237.716,247.028,254.87,261.224,266.051,269.305,270.959,271.03,269.633,267.019,263.621,260.03,256.904,254.775,253.863,253.997,254.751,255.682,256.53,257.259,257.951,258.691,259.511,260.407,261.375,262.411,263.515,264.681,265.902,267.168,268.465,269.776,271.082,272.359,273.585,274.739,275.807,276.784,277.688,278.565,279.508,280.68,282.344
71880.0,103.285,126.771,148.149,167.486,184.886,200.475,214.373,226.684,237.481,246.803,254.661,261.036,265.887,269.17,270.855,270.958,269.591,267.005,263.627,260.048,256.924,254.793,253.873,254.002,254.751,255.681,256.53,257.258,257.951,258.691,259.511,260.407,261.375,262.411,263.515,264.681,265.902,267.168,268.465,269.776,271.082,272.359,273.585,274.739,275.807,276.784,277.688,278.565,279.508,280.68,282.344
71940.0,103.22,126.652,147.988,167.292,184.669,200.243,214.135,226.445,237.247,246.58,254.454,260.848,265.724,269.036,270.751,270.886,269.55,266.99,263.632,260.065,256.945,254.81,253.884,254.006,254.752,255.68,256.529,257.258,257.951,258.691,259.511,260.407,261.375,262.411,263.515,264.681,265.902,267.168,268.465,269.776,271.082,272.359,273.585,274.739,275.807,276.784,277.688,278.565,279.508,280.68,282.344
72000.0,103.155,126.535,147.828,167.099,184.454,200.014,213.898,226.208,237.014,246.358,254.247,260.662,265.562,268.901,270.647,270.814,269.508,266.975,263.638,260.082,256.966,254.827,253.894,254.01,254.752,255.679,256.528,257.258,257.951,258.691,259.511,260.407,261.374,262.411,263.515,264.681,265.902,267.168,268.465,269.776,271.082,272.359,273.585,274.739,275.807,276.784,277.688,278.565,279.508,280.68,282.344
72060.0,103.091,126.418,147.669,166.908,184.24,199.786,213.663,225.972,236.783,246.137,254.041,260.476,265.4,268.767,270.543,270.741,269.466,266.96,263.643,260.099,256.986,254.844,253.905,254.015,254.753,255.678,256.527,257.257,257.951,258.691,259.511,260.407,261.374,262.411,263.515,264.681,265.902,267.168,268.465,269.776,271.082,272.359,273.585,274.739,275.807,276.784,277.688,278.565,279.508,280.68,282.344
72120.0,103.027,126.302,147.511,166.719,184.028,199.559,213.429,225.737,236.553,245.917,253.836,260.29,265.238,268.633,270.439,270.669,269.424,266.944,263.647,260.116,257.006,254.861,253.916,254.019,254.754,255.678,256.527,257.257,257.951,258.691,259.511,260.407,261.374,262.411,263.515,264.681,265.902,267.168,268.465,269.776,271.082,272.359,273.585,274.739,275.807,276.784,277.688,278.565,279.508,280.68,282.344
72180.0,102.964,126.187,147.354,166.53,183.817,199.333,213.196,225.503,236.324,245.698,253.632,260.105,265.077,268.499,270.335,270.596,269.381,266.928,263.652,260.133,257.026,254.878,253.926,254.024,254.754,255.677,256.526,257.257,257.95,258.691,259.511,260.407,261.374,262.411,263.515,264.681,265.902,267.168,268.465,269.776,271.081,272.359,273.585,274.739,275.807,276.784,277.688,278.565,279.508,280.68,282.344
72240.0,102.901,126.073,147.198,166.343,183.607,199.109,212.965,225.271,236.096,245.48,253.428,259.921,264.916,268.365,270.231,270.523,269.338,266.912,263.656,260.149,257.047,254.895,253.937,254.028,254.755,255.676,256.525,257.256,257.95,258.691,259.511,260.407,261.374,262.411,263.515,264.681,265.902,267.168,268.465,269.776,271.081,272.359,273.585,274.739,275.807,276.784,277.688,278.565,279.508,280.68,282.344
72300.0,102.839,125.96,147.044,166.157,183.399,198.887,212.735,225.04,235.87,245.263,253.226,259.737,264.756,268.231,270.127,270.45,269.295,266.896,263.66,260.166,257.067,254.912,253.948,254.032,254.755,255.675,256.524,257.256,257.95,258.691,259.511,260.407,261.374,262.411,263.515,264.681,265.902,267.168,268.465,269.776,271.081,272.358,273.585,274.739,275.807,276.784,277.688,278.565,279.508,280.68,282.344
72360.0,102.777,125.847,146.89,165.972,183.192,198.665,212.506,224.81,235.644,245.047,253.024,259.554,264.596,268.098,270.023,270.376,269.252,266.879,263.664,260.182,257.086,254.929,253.958,254.037,254.756,255.674,256.523,257.256,257.95,258.691,259.511,260.407,261.374,262.411,263.515,264.681,265.902,267.168,268.465,269.776,271.081,272.358,273.585,274.739,275.807,276.784,277.688,278.565,279.508,280.68,282.344
72420.0,102.715,125.735,146.738,165.789,182.986,198.445,212.279,224.581,235.42,244.832,252.823,259.372,264.436,267.965,269.919,270.303,269.208,266.862,263.667,260.197,257.106,254.946,253.969,254.042,254.757,255.673,256.523,257.255,257.95,258.691,259.511,260.407,261.374,262.411,263.515,264.681,265.902,267.168,268.465,269.776,271.081,272.358,273.585,274.739,275.807,276.784,277.688,278.565,279.508,280.68,282.344
72480.0,102.654,125.624,146.586,165.606,182.782,198.227,212.053,224.354,235.197,244.618,252.623,259.19,264.277,267.832,269.815,270.229,269.164,266.844,263.67,260.213,257.126,254.963,253.979,254.046,254.757,255.673,256.522,257.255,257.95,258.691,259.511,260.407,261.374,262.411,263.515,264.681,265.902,267.168,268.465,269.776,271.081,272.358,273.585,274.739,275.807,276.784,277.688,278.565,279.508,280.68,282.344
72540.0,102.593,125.514,146.436,165.425,182.579,198.01,211.828,224.128,234.974,244.404,252.423,259.009,264.118,267.699,269.711,270.155,269.12,266.827,263.673,260.229,257.145,254.98,253.99,254.051,254.758,255.672,256.521,257.254,257.95,258.691,259.511,260.407,261.374,262.411,263.514,264.681,265.902,267.168,268.465,269.776,271.081,272.358,273.585,274.739,275.807,276.784,277.688,278.565,279.508,280.68,282.344
72600.0,102.533,125.404,146.287,165.245,182.377,197.794,211.605,223.903,234.753,244.192,252.225,258.828,263.959,267.566,269.607,270.081,269.075,266.809,263.676,260.244,257.165,254.996,254.001,254.055,254.759,255.671,256.52,257.254,257.95,258.691,259.511,260.407,261.374,262.411,263.514,264.681,265.902,267.168,268.465,269.776,271.081,272.358,273.585,274.739,275.807,276.784,277.688,278.565,279.508,280.68,282.344
72660.0,102.472,125.296,146.138,165.067,182.176,197.579,211.383,223.679,234.533,243.981,252.027,258.648,263.801,267.434,269.503,270.007,269.031,266.79,263.678,260.259,257.184,255.013,254.012,254.06,254.759,255.67,256.52,257.254,257.95,258.691,259.511,260.407,261.374,262.411,263.514,264.681,265.902,267.168,268.465,269.776,271.081,272.358,273.585,274.739,275.807,276.784,277.688,278.565,279.508,280.681,282.344
72720.0,102.413,125.187,145.991,164.889,181.977,197.365,211.162,223.457,234.315,243.771,251.83,258.469,263.644,267.302,269.399,269.933,268.986,266.772,263.68,260.274,257.203,255.03,254.022,254.065,254.76,255.67,256.519,257.253,257.95,258.691,259.51,260.407,261.374,262.411,263.514,264.681,265.902,267.168,268.465,269.776,271.081,272.358,273.584,274.739,275.807,276.784,277.688,278.565,279.508,280.681,282.344
72780.0,102.353,125.08,145.844,164.713,181.779,197.153,210.942,223.235,234.097,243.561,251.633,258.29,263.487,267.17,269.295,269.859,268.941,266.753,263.682,260.288,257.223,255.047,254.033,254.069,254.761,255.669,256.518,257.253,257.95,258.691,259.51,260.407,261.374,262.411,263.514,264.681,265.902,267.168,268.465,269.776,271.081,272.358,273.584,274.739,275.807,276.784,277.688,278.565,279.508,280.681,282.344
72840.0,102.294,124.973,145.699,164.537,181.582,196.942,210.724,223.015,233.88,243.353,251.438,258.112,263.33,267.038,269.191,269.784,268.896,266.734,263.683,260.303,257.242,255.063,254.044,254.074,254.762,255.668,256.517,257.253,257.95,258.691,259.51,260.407,261.374,262.411,263.514,264.68,265.902,267.168,268.465,269.776,271.081,272.358,273.584,274.739,275.807,276.784,277.688,278.565,279.508,280.681,282.344
72900.0,102.235,124.867,145.554,164.363,181.387,196.733,210.506,222.796,233.664,243.145,251.243,257.934,263.173,266.906,269.087,269.71,268.85,266.714,263.685,260.317,257.261,255.08,254.054,254.079,254.762,255.667,256.517,257.252,257.949,258.691,259.51,260.407,261.374,262.411,263.514,264.68,265.902,267.168,268.465,269.776,271.081,272.358,273.584,274.739,275.807,276.784,277.688,278.565,279.508,280.681,282.344
72960.0,102.177,124.762,145.411,164.19,181.192,196.524,210.29,222.578,233.45,242.939,251.049,257.757,263.017,266.775,268.983,269.635,268.804,266.695,263.686,260.331,257.279,255.097,254.065,254.083,254.763,255.667,256.516,257.252,257.949,258.691,259.51,260.406,261.374,262.41,263.514,264.68,265.902,267.168,268.465,269.776,271.081,272.358,273.584,274.739,275.807,276.784,277.688,278.565,279.508,280.681,282.344
73020.0,102.119,124.657,145.268,164.018,180.999,196.317,210.075,222.361,233.236,242.733,250.856,257.58,262.862,266.644,268.879,269.56,268.758,266.675,263.687,260.345,257.298,255.113,254.076,254.088,254.764,255.666,256.515,257.252,257.949,258.691,259.51,260.406,261.374,262.41,263.514,264.68,265.902,267.168,268.465,269.776,271.081,272.358,273.584,274.739,275.806,276.784,277.688,278.565,279.508,280.681,282.344
73080.0,102.061,124.553,145.126,163.847,180.807,196.111,209.862,222.145,233.023,242.528,250.663,257.405,262.706,266.513,268.776,269.485,268.712,266.655,263.687,260.359,257.317,255.13,254.087,254.093,254.765,255.665,256.514,257.251,257.949,258.691,259.51,260.406,261.374,262.41,263.514,264.68,265.902,267.168,268.465,269.776,271.081,272.358,273.584,274.739,275.806,276.784,277.688,278.565,279.508,280.681,282.344
73140.0,102.004,124.45,144.986,163.677,180.616,195.906,209.649,221.931,232.812,242.324,250.472,257.229,262.551,266.382,268.672,269.41,268.665,266.634,263.688,260.373,257.335,255.146,254.097,254.098,254.766,255.664,256.513,257.251,257.949,258.691,259.51,260.406,261.374,262.41,263.514,264.68,265.902,267.168,268.465,269.776,271.081,272.358,273.584,274.739,275.806,276.784,277.688,278.565,279.508,280.681,282.344
73200.0,101.947,124.347,144.846,163.509,180.426,195.702,209.438,221.717,232.601,242.121,250.281,257.055,262.397,266.251,268.568,269.335,268.619,266.614,263.688,260.386,257.353,255.162,254.108,254.102,254.766,255.664,256.513,257.251,257.949,258.691,259.51,260.406,261.374,262.41,263.514,264.68,265.902,267.168,268.465,269.776,271.081,272.358,273.584,274.739,275.806,276.784,277.688,278.565,279.508,280.681,282.344
73260.0,101.89,124.245,144.707,163.341,180.238,195.5,209.228,221.505,232.391,241.919,250.09,256.88,262.243,266.121,268.465,269.26,268.572,266.593,263.687,260.399,257.372,255.179,254.119,254.107,254.767,255.663,256.512,257.25,257.949,258.691,259.51,260.406,261.374,262.41,263.514,264.68,265.902,267.168,268.465,269.776,271.081,272.358,273.584,274.739,275.806,276.784,277.688,278.565,279.508,280.681,282.344
73320.0,101.834,124.144,144.568,163.174,180.05,195.298,209.018,221.293,232.183,241.718,249.901,256.707,262.089,265.991,268.361,269.185,268.525,266.571,263.687,260.412,257.39,255.195,254.129,254.112,254.768,255.662,256.511,257.25,257.949,258.691,259.51,260.406,261.374,262.41,263.514,264.68,265.902,267.168,268.465,269.776,271.081,272.358,273.584,274.739,275.806,276.784,277.688,278.565,279.508,280.681,282.344
73380.0,101.778,124.043,144.431,163.008,179.864,195.098,208.81,221.083,231.975,241.517,249.712,256.534,261.936,265.861,268.257,269.109,268.477,266.55,263.686,260.425,257.408,255.212,254.14,254.117,254.769,255.662,256.51,257.249,257.949,258.691,259.51,260.406,261.374,262.41,263.514,264.68,265.902,267.168,268.465,269.776,271.081,272.358,273.584,274.739,275.806,276.784,277.688,278.565,279.508,280.681,282.344
73440.0,101.722,123.943,144.295,162.844,179.678,194.899,208.603,220.874,231.768,241.318,249.524,256.361,261.783,265.731,268.154,269.034,268.43,266.528,263.685,260.437,257.426,255.228,254.151,254.122,254.77,255.661,256.51,257.249,257.949,258.691,259.51,260.406,261.374,262.41,263.514,264.68,265.901,267.168,268.465,269.776,271.081,272.358,273.584,274.739,275.806,276.784,277.688,278.565,279.508,280.681,282.344
73500.0,101.666,123.843,144.159,162.68,179.494,194.701,208.398,220.666,231.563,241.119,249.336,256.189,261.631,265.602,268.05,268.958,268.382,266.506,263.684,260.45,257.444,255.244,254.162,254.127,254.771,255.66,256.509,257.249,257.949,258.691,259.51,260.406,261.373,262.41,263.514,264.68,265.901,267.167,268.465,269.776,271.081,272.358,273.584,274.739,275.806,276.784,277.688,278.565,279.508,280.681,282.344
73560.0,101.611,123.744,144.024,162.517,179.311,194.504,208.193,220.458,231.358,240.921,249.15,256.018,261.479,265.473,267.947,268.882,268.334,266.484,263.683,260.462,257.461,255.26,254.173,254.132,254.772,255.66,256.508,257.248,257.948,258.691,259.51,260.406,261.373,262.41,263.514,264.68,265.901,267.167,268.465,269.776,271.081,272.358,273.584,274.739,275.806,276.784,277.688,278.565,279.508,280.681,282.344
73620.0,101.557,123.646,143.89,162.355,179.129,194.308,207.989,220.252,231.154,240.724,248.964,255.847,261.327,265.344,267.844,268.807,268.286,266.462,263.681,260.474,257.479,255.276,254.183,254.136,254.773,255.659,256.507,257.248,257.948,258.691,259.51,260.406,261.373,262.41,263.514,264.68,265.901,267.167,268.465,269.776,271.081,272.358,273.584,274.739,275.806,276.784,277.688,278.565,279.508,280.681,282.344
73680.0,101.502,123.548,143.757,162.194,178.947,194.113,207.787,220.047,230.951,240.528,248.779,255.677,261.176,265.215,267.74,268.731,268.238,266.439,263.679,260.486,257.496,255.292,254.194,254.141,254.774,255.658,256.507,257.248,257.948,258.691,259.51,260.406,261.373,262.41,263.514,264.68,265.901,267.167,268.465,269.776,271.081,272.358,273.584,274.739,275.806,276.784,277.688,278.565,279.508,280.681,282.344
73740.0,101.448,123.451,143.625,162.035,178.767,193.92,207.585,219.843,230.749,240.333,248.594,255.507,261.025,265.087,267.637,268.655,268.19,266.416,263.677,260.498,257.514,255.309,254.205,254.146,254.775,255.658,256.506,257.247,257.948,258.691,259.51,260.406,261.373,262.41,263.514,264.68,265.901,267.167,268.464,269.776,271.081,272.358,273.584,274.739,275.806,276.784,277.688,278.565,279.508,280.681,282.344
73800.0,101.394,123.355,143.493,161.876,178.588,193.727,207.385,219.64,230.548,240.138,248.41,255.338,260.874,264.958,267.534,268.579,268.141,266.393,263.675,260.509,257.531,255.325,254.216,254.151,254.776,255.657,256.505,257.247,257.948,258.691,259.51,260.406,261.373,262.41,263.514,264.68,265.901,267.167,268.464,269.776,271.081,272.358,273.584,274.739,275.806,276.784,277.688,278.565,279.508,280.681,282.344
73860.0,101.34,123.259,143.362,161.718,178.41,193.535,207.185,219.438,230.348,239.944,248.227,255.17,260.724,264.83,267.431,268.503,268.092,266.369,263.672,260.52,257.548,255.341,254.226,254.156,254.777,255.657,256.505,257.247,257.948,258.691,259.51,260.406,261.373,262.41,263.514,264.68,265.901,267.167,268.464,269.776,271.081,272.358,273.584,274.739,275.806,276.784,277.688,278.565,279.508,280.681,282.344
73920.0,101.287,123.163,143.232,161.561,178.233,193.345,206.987,219.237,230.149,239.751,248.045,255.002,260.575,264.702,267.328,268.426,268.043,266.346,263.669,260.531,257.565,255.356,254.237,254.161,254.778,255.656,256.504,257.246,257.948,258.691,259.51,260.406,261.373,262.41,263.514,264.68,265.901,267.167,268.464,269.776,271.081,272.358,273.584,274.739,275.806,276.784,277.688,278.565,279.508,280.681,282.344
73980.0,101.234,123.068,143.103,161.404,178.057,193.155,206.789,219.036,229.95,239.559,247.863,254.834,260.425,264.575,267.225,268.35,267.994,266.322,263.666,260.542,257.582,255.372,254.248,254.166,254.779,255.655,256.503,257.246,257.948,258.691,259.51,260.406,261.373,262.41,263.514,264.68,265.901,267.167,268.464,269.776,271.081,272.358,273.584,274.739,275.806,276.784,277.688,278.565,279.508,280.681,282.344
74040.0,101.181,122.974,142.975,161.249,177.882,192.966,206.593,218.837,229.753,239.368,247.682,254.667,260.276,264.447,267.122,268.274,267.945,266.298,263.663,260.553,257.599,255.388,254.259,254.172,254.78,255.655,256.502,257.245,257.948,258.691,259.51,260.406,261.373,262.41,263.514,264.68,265.901,267.167,268.464,269.776,271.081,272.358,273.584,274.739,275.806,276.784,277.688,278.565,279.508,280.681,282.344
74100.0,101.129,122.88,142.847,161.095,177.708,192.779,206.397,218.639,229.556,239.177,247.501,254.501,260.128,264.32,267.02,268.198,267.895,266.273,263.659,260.563,257.615,255.404,254.269,254.177,254.781,255.654,256.502,257.245,257.948,258.691,259.51,260.406,261.373,262.41,263.514,264.68,265.901,267.167,268.464,269.775,271.081,272.358,273.584,274.739,275.806,276.784,277.688,278.565,279.508,280.681,282.344
74160.0,101.076,122.787,142.72,160.941,177.535,192.592,206.203,218.441,229.361,238.988,247.321,254.335,259.98,264.193,266.917,268.121,267.846,266.249,263.656,260.574,257.632,255.42,254.28,254.182,254.782,255.654,256.501,257.245,257.947,258.69,259.51,260.406,261.373,262.41,263.513,264.68,265.901,267.167,268.464,269.775,271.081,272.358,273.584,274.739,275.806,276.784,277.688,278.565,279.508,280.681,282.344
74220.0,101.024,122.695,142.594,160.789,177.363,192.407,206.01,218.245,229.166,238.799,247.142,254.17,259.832,264.067,266.814,268.045,267.796,266.224,263.652,260.584,257.648,255.435,254.291,254.187,254.784,255.653,256.5,257.244,257.947,258.69,259.51,260.406,261.373,262.41,263.513,264.68,265.901,267.167,268.464,269.775,271.081,272.358,273.584,274.739,275.806,276.784,277.688,278.565,279.508,280.681,282.344
74280.0,100.973,122.602,142.468,160.637,177.191,192.222,205.817,218.05,228.972,238.61,246.964,254.005,259.685,263.94,266.712,267.968,267.746,266.199,263.647,260.594,257.665,255.451,254.302,254.192,254.785,255.652,256.499,257.244,257.947,258.69,259.51,260.406,261.373,262.41,263.513,264.68,265.901,267.167,268.464,269.775,271.081,272.358,273.584,274.739,275.806,276.784,277.688,278.565,279.508,280.681,282.344
74340.0,100.921,122.511,142.343,160.486,177.021,192.038,205.625,217.855,228.779,238.423,246.786,253.841,259.538,263.814,266.609,267.891,267.696,266.174,263.643,260.604,257.681,255.467,254.313,254.197,254.786,255.652,256.499,257.244,257.947,258.69,259.51,260.406,261.373,262.41,263.513,264.68,265.901,267.167,268.464,269.775,271.081,272.358,273.584,274.738,275.806,276.784,277.688,278.565,279.508,280.681,282.344
74400.0,100.87,122.42,142.219,160.336,176.852,191.856,205.435,217.661,228.587,238.236,246.609,253.677,259.391,263.688,266.507,267.815,267.645,266.148,263.638,260.613,257.697,255.482,254.323,254.202,254.787,255.651,256.498,257.243,257.947,258.69,259.51,260.406,261.373,262.41,263.513,264.68,265.901,267.167,268.464,269.775,271.081,272.358,273.584,274.738,275.806,276.784,277.688,278.565,279.508,280.681,282.344
74460.0,100.819,122.329,142.096,160.187,176.683,191.674,205.245,217.469,228.395,238.05,246.432,253.514,259.245,263.562,266.405,267.738,267.595,266.123,263.633,260.623,257.713,255.498,254.334,254.207,254.788,255.651,256.497,257.243,257.947,258.69,259.51,260.405,261.373,262.41,263.513,264.68,265.901,267.167,268.464,269.775,271.081,272.358,273.584,274.738,275.806,276.784,277.688,278.565,279.508,280.681,282.344
74520.0,100.769,122.239,141.973,160.038,176.515,191.493,205.056,217.277,228.205,237.865,246.256,253.351,259.099,263.437,266.302,267.661,267.544,266.097,263.628,260.632,257.729,255.513,254.345,254.213,254.789,255.65,256.497,257.243,257.947,258.69,259.51,260.405,261.373,262.409,263.513,264.68,265.901,267.167,268.464,269.775,271.081,272.358,273.584,274.738,275.806,276.784,277.688,278.565,279.508,280.681,282.344
74580.0,100.718,122.15,141.851,159.891,176.349,191.313,204.869,217.086,228.015,237.681,246.081,253.189,258.953,263.311,266.2,267.585,267.494,266.071,263.623,260.641,257.744,255.529,254.356,254.218,254.791,255.65,256.496,257.242,257.947,258.69,259.51,260.405,261.373,262.409,263.513,264.679,265.901,267.167,268.464,269.775,271.081,272.358,273.584,274.738,275.806,276.784,277.688,278.565,279.508,280.681,282.344
74640.0,100.668,122.061,141.73,159.744,176.183,191.134,204.682,216.896,227.826,237.497,245.907,253.027,258.808,263.186,266.098,267.508,267.443,266.044,263.617,260.65,257.76,255.544,254.366,254.223,254.792,255.649,256.495,257.242,257.947,258.69,259.509,260.405,261.373,262.409,263.513,264.679,265.901,267.167,268.464,269.775,271.081,272.358,273.584,274.738,275.806,276.784,277.688,278.565,279.508,280.681,282.344
74700.0,100.619,121.972,141.609,159.598,176.018,190.956,204.496,216.707,227.638,237.314,245.733,252.866,258.664,263.061,265.996,267.431,267.392,266.018,263.612,260.658,257.776,255.559,254.377,254.228,254.793,255.649,256.494,257.241,257.947,258.69,259.509,260.405,261.373,262.409,263.513,264.679,265.901,267.167,268.464,269.775,271.081,272.358,273.584,274.738,275.806,276.784,277.688,278.565,279.508,280.681,282.344
74760.0,100.569,121.884,141.489,159.453,175.854,190.779,204.311,216.518,227.451,237.132,245.559,252.705,258.519,262.937,265.895,267.354,267.34,265.991,263.606,260.667,257.791,255.575,254.388,254.234,254.794,255.648,256.494,257.241,257.946,258.69,259.509,260.405,261.373,262.409,263.513,264.679,265.901,267.167,268.464,269.775,271.08,272.358,273.584,274.738,275.806,276.784,277.688,278.565,279.508,280.681,282.344
74820.0,100.52,121.797,141.37,159.309,175.691,190.603,204.126,216.331,227.264,236.95,245.387,252.545,258.375,262.813,265.793,267.277,267.289,265.964,263.599,260.675,257.806,255.59,254.399,254.239,254.796,255.648,256.493,257.241,257.946,258.69,259.509,260.405,261.373,262.409,263.513,264.679,265.901,267.167,268.464,269.775,271.08,272.358,273.584,274.738,275.806,276.784,277.688,278.565,279.508,280.681,282.344
74880.0,100.471,121.709,141.252,159.165,175.529,190.427,203.943,216.144,227.078,236.769,245.215,252.385,258.232,262.688,265.691,267.2,267.238,265.937,263.593,260.683,257.821,255.605,254.409,254.244,254.797,255.647,256.492,257.24,257.946,258.69,259.509,260.405,261.373,262.409,263.513,264.679,265.901,267.167,268.464,269.775,271.08,272.358,273.584,274.738,275.806,276.784,277.688,278.565,279.508,280.681,282.344
74940.0,100.422,121.623,141.134,159.022,175.367,190.253,203.761,215.958,226.893,236.589,245.043,252.226,258.088,262.565,265.59,267.123,267.186,265.91,263.586,260.691,257.836,255.62,254.42,254.249,254.798,255.647,256.492,257.24,257.946,258.69,259.509,260.405,261.372,262.409,263.513,264.679,265.901,267.167,268.464,269.775,271.08,272.358,273.584,274.738,275.806,276.784,277.688,278.565,279.508,280.681,282.344
75000.0,100.373,121.537,141.016,158.88,175.206,190.079,203.579,215.773,226.709,236.41,244.872,252.068,257.946,262.441,265.488,267.046,267.134,265.882,263.579,260.699,257.851,255.635,254.431,254.255,254.8,255.646,256.491,257.24,257.946,258.69,259.509,260.405,261.372,262.409,263.513,264.679,265.901,267.167,268.464,269.775,271.08,272.358,273.584,274.738,275.806,276.784,277.688,278.565,279.508,280.681,282.344
75060.0,100.325,121.451,140.9,158.739,175.047,189.906,203.398,215.589,226.526,236.231,244.702,251.91,257.803,262.318,265.387,266.969,267.082,265.854,263.572,260.707,257.866,255.65,254.442,254.26,254.801,255.646,256.49,257.239,257.946,258.69,259.509,260.405,261.372,262.409,263.513,264.679,265.901,267.167,268.464,269.775,271.08,272.358,273.584,274.738,275.806,276.784,277.688,278.565,279.508,280.681,282.344
75120.0,100.277,121.366,140.784,158.598,174.888,189.735,203.219,215.406,226.343,236.053,244.532,251.752,257.661,262.194,265.286,266.892,267.03,265.827,263.565,260.714,257.881,255.665,254.452,254.265,254.802,255.645,256.489,257.239,257.946,258.69,259.509,260.405,261.372,262.409,263.513,264.679,265.901,267.167,268.464,269.775,271.08,272.358,273.584,274.738,275.806,276.784,277.688,278.565,279.508,280.681,282.344
75180.0,100.229,121.281,140.668,158.458,174.729,189.563,203.04,215.224,226.162,235.876,244.363,251.595,257.519,262.071,265.185,266.815,266.978,265.798,263.558,260.721,257.895,255.68,254.463,254.271,254.804,255.645,256.489,257.238,257.946,258.69,259.509,260.405,261.372,262.409,263.513,264.679,265.901,267.167,268.464,269.775,271.08,272.358,273.584,274.738,275.806,276.784,277.688,278.565,279.508,280.681,282.344
75240.0,100.181,121.197,140.553,158.319,174.572,189.393,202.861,215.042,225.98,235.699,244.195,251.438,257.378,261.949,265.084,266.738,266.926,265.77,263.55,260.728,257.91,255.695,254.474,254.276,254.805,255.644,256.488,257.238,257.946,258.69,259.509,260.405,261.372,262.409,263.513,264.679,265.9,267.167,268.464,269.775,271.08,272.357,273.584,274.738,275.806,276.784,277.688,278.565,279.508,280.681,282.344
75300.0,100.134,121.113,140.439,158.181,174.415,189.224,202.684,214.861,225.8,235.523,244.027,251.282,257.237,261.826,264.983,266.661,266.874,265.742,263.542,260.735,257.924,255.71,254.485,254.282,254.806,255.644,256.487,257.238,257.945,258.69,259.509,260.405,261.372,262.409,263.513,264.679,265.9,267.167,268.464,269.775,271.08,272.357,273.584,274.738,275.806,276.784,277.688,278.565,279.508,280.681,282.344
75360.0,100.087,121.03,140.326,158.043,174.26,189.055,202.508,214.681,225.621,235.348,243.86,251.126,257.096,261.704,264.882,266.584,266.821,265.713,263.534,260.742,257.938,255.725,254.495,254.287,254.808,255.644,256.487,257.237,257.945,258.69,259.509,260.405,261.372,262.409,263.513,264.679,265.9,267.167,268.464,269.775,271.08,272.357,273.584,274.738,275.806,276.784,277.688,278.565,279.508,280.681,282.344
75420.0,100.04,120.947,140.213,157.907,174.105,188.888,202.332,214.502,225.442,235.174,243.693,250.971,256.956,261.582,264.781,266.506,266.769,265.684,263.525,260.748,257.952,255.739,254.506,254.292,254.809,255.643,256.486,257.237,257.945,258.69,259.509,260.405,261.372,262.409,263.513,264.679,265.9,267.166,268.464,269.775,271.08,272.357,273.584,274.738,275.806,276.784,277.688,278.565,279.508,280.681,282.344
75480.0,99.993,120.864,140.1,157.77,173.95,188.721,202.157,214.323,225.264,235.0,243.527,250.816,256.816,261.46,264.681,266.429,266.716,265.655,263.517,260.755,257.966,255.754,254.517,254.298,254.811,255.643,256.485,257.237,257.945,258.69,259.509,260.405,261.372,262.409,263.513,264.679,265.9,267.166,268.464,269.775,271.08,272.357,273.584,274.738,275.806,276.784,277.688,278.565,279.508,280.681,282.344
75540.0,99.946,120.782,139.988,157.635,173.797,188.554,201.983,214.146,225.086,234.826,243.361,250.662,256.677,261.339,264.58,266.352,266.663,265.626,263.508,260.761,257.98,255.769,254.527,254.303,254.812,255.642,256.485,257.236,257.945,258.69,259.509,260.405,261.372,262.409,263.513,264.679,265.9,267.166,268.464,269.775,271.08,272.357,273.584,274.738,275.806,276.784,277.688,278.565,279.508,280.681,282.344
75600.0,99.9,120.7,139.877,157.5,173.644,188.389,201.81,213.969,224.91,234.654,243.197,250.508,256.538,261.218,264.48,266.275,266.61,265.597,263.499,260.767,257.994,255.783,254.538,254.309,254.814,255.642,256.484,257.236,257.945,258.69,259.509,260.405,261.372,262.409,263.513,264.679,265.9,267.166,268.464,269.775,271.08,272.357,273.584,274.738,275.806,276.784,277.688,278.565,279.508,280.681,282.344
75660.0,99.854,120.619,139.767,157.366,173.492,188.225,201.637,213.792,224.734,234.482,243.032,250.355,256.399,261.097,264.379,266.198,266.557,265.567,263.49,260.773,258.008,255.798,254.549,254.314,254.815,255.642,256.483,257.235,257.945,258.69,259.509,260.405,261.372,262.409,263.513,264.679,265.9,267.166,268.464,269.775,271.08,272.357,273.584,274.738,275.806,276.784,277.688,278.565,279.508,280.681,282.344
75720.0,99.808,120.538,139.657,157.233,173.341,188.061,201.465,213.617,224.559,234.311,242.868,250.202,256.26,260.976,264.279,266.12,266.504,265.537,263.481,260.778,258.021,255.812,254.559,254.32,254.817,255.641,256.483,257.235,257.945,258.69,259.509,260.405,261.372,262.409,263.512,264.679,265.9,267.166,268.464,269.775,271.08,272.357,273.584,274.738,275.806,276.784,277.688,278.565,279.508,280.681,282.344
75780.0,99.762,120.458,139.547,157.1,173.191,187.898,201.294,213.442,224.384,234.14,242.705,250.05,256.122,260.855,264.179,266.043,266.451,265.508,263.471,260.784,258.035,255.826,254.57,254.325,254.818,255.641,256.482,257.235,257.945,258.69,259.509,260.405,261.372,262.409,263.512,264.679,265.9,267.166,268.464,269.775,271.08,272.357,273.584,274.738,275.806,276.784,277.688,278.565,279.508,280.681,282.344
75840.0,99.717,120.378,139.438,156.968,173.041,187.735,201.124,213.268,224.211,233.97,242.542,249.898,255.985,260.735,264.079,265.966,266.398,265.477,263.462,260.789,258.048,255.841,254.581,254.331,254.82,255.641,256.481,257.234,257.944,258.69,259.509,260.405,261.372,262.409,263.512,264.679,265.9,267.166,268.463,269.775,271.08,272.357,273.584,274.738,275.806,276.784,277.688,278.565,279.508,280.681,282.344
75900.0,99.672,120.298,139.33,156.836,172.892,187.574,200.955,213.095,224.037,233.801,242.38,249.746,255.847,260.615,263.98,265.889,266.344,265.447,263.452,260.794,258.061,255.855,254.591,254.336,254.821,255.64,256.481,257.234,257.944,258.69,259.509,260.405,261.372,262.409,263.512,264.679,265.9,267.166,268.463,269.775,271.08,272.357,273.584,274.738,275.806,276.784,277.688,278.565,279.508,280.681,282.344
75960.0,99.627,120.219,139.222,156.706,172.744,187.413,200.786,212.923,223.865,233.632,242.219,249.595,255.71,260.495,263.88,265.812,266.291,265.417,263.442,260.799,258.074,255.869,254.602,254.342,254.823,255.64,256.48,257.234,257.944,258.69,259.509,260.404,261.372,262.409,263.512,264.679,265.9,267.166,268.463,269.775,271.08,272.357,273.584,274.738,275.806,276.784,277.688,278.565,279.508,280.681,282.344
76020.0,99.582,120.14,139.115,156.576,172.596,187.253,200.618,212.751,223.693,233.464,242.058,249.445,255.573,260.376,263.78,265.734,266.237,265.386,263.432,260.804,258.087,255.883,254.613,254.347,254.824,255.639,256.479,257.233,257.944,258.69,259.509,260.404,261.372,262.408,263.512,264.679,265.9,267.166,268.463,269.775,271.08,272.357,273.584,274.738,275.806,276.784,277.688,278.565,279.508,280.681,282.344
76080.0,99.537,120.062,139.008,156.446,172.45,187.094,200.451,212.58,223.522,233.297,241.897,249.295,255.437,260.256,263.681,265.657,266.183,265.356,263.421,260.809,258.1,255.897,254.623,254.353,254.826,255.639,256.479,257.233,257.944,258.69,259.509,260.404,261.372,262.408,263.512,264.679,265.9,267.166,268.463,269.775,271.08,272.357,273.584,274.738,275.806,276.784,277.688,278.565,279.508,280.681,282.344
76140.0,99.493,119.984,138.902,156.317,172.303,186.936,200.285,212.41,223.352,233.13,241.737,249.145,255.301,260.137,263.581,265.58,266.129,265.325,263.41,260.813,258.112,255.911,254.634,254.358,254.828,255.639,256.478,257.232,257.944,258.69,259.509,260.404,261.372,262.408,263.512,264.679,265.9,267.166,268.463,269.775,271.08,272.357,273.584,274.738,275.806,276.784,277.688,278.565,279.508,280.681,282.344
76200.0,99.449,119.906,138.796,156.189,172.158,186.778,200.119,212.24,223.182,232.964,241.578,248.996,255.166,260.018,263.482,265.503,266.075,265.294,263.4,260.818,258.125,255.925,254.644,254.364,254.829,255.639,256.477,257.232,257.944,258.69,259.509,260.404,261.372,262.408,263.512,264.679,265.9,267.166,268.463,269.775,271.08,272.357,273.583,274.738,275.806,276.784,277.688,278.565,279.508,280.681,282.344
76260.0,99.405,119.829,138.691,156.062,172.013,186.621,199.954,212.072,223.014,232.798,241.419,248.847,255.03,259.9,263.383,265.425,266.021,265.262,263.389,260.822,258.137,255.939,254.655,254.37,254.831,255.638,256.477,257.232,257.944,258.689,259.509,260.404,261.372,262.408,263.512,264.678,265.9,267.166,268.463,269.775,271.08,272.357,273.583,274.738,275.806,276.784,277.688,278.565,279.508,280.681,282.344
76320.0,99.361,119.752,138.587,155.935,171.869,186.465,199.79,211.904,222.845,232.633,241.261,248.699,254.895,259.781,263.284,265.348,265.967,265.231,263.377,260.826,258.15,255.953,254.666,254.375,254.833,255.638,256.476,257.231,257.944,258.689,259.509,260.404,261.372,262.408,263.512,264.678,265.9,267.166,268.463,269.775,271.08,272.357,273.583,274.738,275.806,276.784,277.688,278.565,279.508,280.681,282.344
76380.0,99.317,119.676,138.483,155.809,171.726,186.309,199.626,211.736,222.678,232.469,241.103,248.551,254.761,259.663,263.185,265.271,265.913,265.2,263.366,260.829,258.162,255.967,254.676,254.381,254.834,255.638,256.475,257.231,257.943,258.689,259.509,260.404,261.372,262.408,263.512,264.678,265.9,267.166,268.463,269.774,271.08,272.357,273.583,274.738,275.806,276.784,277.688,278.565,279.508,280.681,282.344
76440.0,99.274,119.6,138.379,155.683,171.583,186.154,199.464,211.569,222.511,232.305,240.946,248.404,254.627,259.545,263.087,265.194,265.859,265.168,263.354,260.833,258.174,255.981,254.687,254.387,254.836,255.637,256.475,257.231,257.943,258.689,259.509,260.404,261.371,262.408,263.512,264.678,265.9,267.166,268.463,269.774,271.08,272.357,273.583,274.738,275.806,276.784,277.688,278.565,279.508,280.681,282.344
76500.0,99.231,119.524,138.276,155.558,171.441,186.0,199.302,211.403,222.344,232.142,240.789,248.257,254.493,259.427,262.988,265.117,265.804,265.136,263.343,260.836,258.186,255.995,254.697,254.392,254.838,255.637,256.474,257.23,257.943,258.689,259.508,260.404,261.371,262.408,263.512,264.678,265.9,267.166,268.463,269.774,271.08,272.357,273.583,274.738,275.806,276.784,277.688,278.565,279.508,280.681,282.344
76560.0,99.188,119.448,138.173,155.433,171.3,185.846,199.14,211.238,222.179,231.979,240.633,248.111,254.359,259.31,262.89,265.04,265.75,265.104,263.331,260.84,258.198,256.008,254.708,254.398,254.839,255.637,256.473,257.23,257.943,258.689,259.508,260.404,261.371,262.408,263.512,264.678,265.9,267.166,268.463,269.774,271.08,272.357,273.583,274.738,275.806,276.784,277.688,278.565,279.508,280.681,282.344
76620.0,99.145,119.373,138.071,155.309,171.159,185.694,198.98,211.073,222.014,231.817,240.478,247.965,254.226,259.193,262.791,264.962,265.695,265.072,263.319,260.843,258.21,256.022,254.718,254.404,254.841,255.637,256.473,257.229,257.943,258.689,259.508,260.404,261.371,262.408,263.512,264.678,265.9,267.166,268.463,269.774,271.08,272.357,273.583,274.738,275.806,276.784,277.688,278.565,279.508,280.681,282.345
76680.0,99.102,119.299,137.97,155.186,171.019,185.541,198.82,210.909,221.849,231.656,240.322,247.819,254.093,259.076,262.693,264.885,265.641,265.04,263.306,260.846,258.221,256.035,254.729,254.409,254.843,255.636,256.472,257.229,257.943,258.689,259.508,260.404,261.371,262.408,263.512,264.678,265.9,267.166,268.463,269.774,271.08,272.357,273.583,274.738,275.806,276.784,277.688,278.565,279.508,280.681,282.345
76740.0,99.06,119.225,137.869,155.064,170.88,185.39,198.66,210.746,221.685,231.495,240.168,247.674,253.961,258.959,262.595,264.808,265.586,265.007,263.294,260.849,258.233,256.049,254.739,254.415,254.844,255.636,256.472,257.229,257.943,258.689,259.508,260.404,261.371,262.408,263.512,264.678,265.9,267.166,268.463,269.774,271.08,272.357,273.583,274.738,275.806,276.784,277.688,278.565,279.508,280.681,282.345
76800.0,99.018,119.151,137.768,154.941,170.741,185.239,198.502,210.583,221.522,231.335,240.014,247.529,253.828,258.843,262.497,264.731,265.531,264.975,263.281,260.851,258.244,256.062,254.75,254.421,254.846,255.636,256.471,257.228,257.943,258.689,259.508,260.404,261.371,262.408,263.512,264.678,265.9,267.166,268.463,269.774,271.08,272.357,273.583,274.738,275.806,276.784,277.688,278.565,279.508,280.681,282.345
76860.0,98.975,119.077,137.668,154.82,170.603,185.089,198.344,210.421,221.36,231.175,239.86,247.385,253.697,258.726,262.399,264.654,265.477,264.942,263.269,260.854,258.255,256.075,254.76,254.426,254.848,255.636,256.47,257.228,257.942,258.689,259.508,260.404,261.371,262.408,263.512,264.678,265.9,267.166,268.463,269.774,271.08,272.357,273.583,274.738,275.806,276.784,277.688,278.565,279.508,280.681,282.345
76920.0,98.934,119.004,137.569,154.699,170.466,184.94,198.186,210.26,221.198,231.016,239.707,247.241,253.565,258.61,262.301,264.577,265.422,264.909,263.256,260.856,258.267,256.089,254.771,254.432,254.85,255.635,256.47,257.228,257.942,258.689,259.508,260.404,261.371,262.408,263.512,264.678,265.9,267.166,268.463,269.774,271.08,272.357,273.583,274.738,275.806,276.784,277.688,278.565,279.508,280.681,282.345
76980.0,98.892,118.931,137.469,154.579,170.329,184.791,198.03,210.099,221.037,230.857,239.554,247.098,253.434,258.494,262.204,264.5,265.367,264.876,263.242,260.858,258.278,256.102,254.781,254.438,254.852,255.635,256.469,257.227,257.942,258.689,259.508,260.404,261.371,262.408,263.512,264.678,265.9,267.166,268.463,269.774,271.08,272.357,273.583,274.738,275.806,276.784,277.688,278.565,279.508,280.681,282.345
77040.0,98.85,118.858,137.371,154.459,170.193,184.643,197.874,209.939,220.876,230.699,239.402,246.955,253.303,258.379,262.106,264.423,265.312,264.843,263.229,260.86,258.289,256.115,254.792,254.444,254.853,255.635,256.468,257.227,257.942,258.689,259.508,260.404,261.371,262.408,263.512,264.678,265.899,267.166,268.463,269.774,271.08,272.357,273.583,274.738,275.806,276.784,277.688,278.565,279.508,280.681,282.345
77100.0,98.809,118.786,137.273,154.339,170.057,184.495,197.719,209.78,220.716,230.542,239.251,246.812,253.173,258.263,262.009,264.346,265.257,264.81,263.216,260.862,258.299,256.128,254.802,254.449,254.855,255.635,256.468,257.226,257.942,258.689,259.508,260.404,261.371,262.408,263.512,264.678,265.899,267.166,268.463,269.774,271.08,272.357,273.583,274.738,275.806,276.784,277.688,278.565,279.508,280.681,282.345
77160.0,98.768,118.714,137.175,154.221,169.922,184.348,197.564,209.621,220.556,230.385,239.1,246.67,253.042,258.148,261.912,264.269,265.202,264.776,263.202,260.864,258.31,256.141,254.812,254.455,254.857,255.635,256.467,257.226,257.942,258.689,259.508,260.404,261.371,262.408,263.512,264.678,265.899,267.166,268.463,269.774,271.08,272.357,273.583,274.738,275.806,276.784,277.688,278.565,279.508,280.681,282.345
77220.0,98.727,118.643,137.078,154.103,169.788,184.202,197.41,209.463,220.397,230.229,238.949,246.528,252.913,258.033,261.815,264.192,265.146,264.743,263.188,260.865,258.321,256.154,254.823,254.461,254.859,255.635,256.467,257.226,257.942,258.689,259.508,260.404,261.371,262.408,263.512,264.678,265.899,267.166,268.463,269.774,271.08,272.357,273.583,274.738,275.806,276.784,277.688,278.565,279.508,280.681,282.345
77280.0,98.686,118.572,136.981,153.985,169.654,184.057,197.256,209.305,220.239,230.073,238.799,246.387,252.783,257.919,261.718,264.115,265.091,264.709,263.174,260.867,258.331,256.167,254.833,254.467,254.861,255.634,256.466,257.225,257.942,258.689,259.508,260.404,261.371,262.408,263.512,264.678,265.899,267.166,268.463,269.774,271.08,272.357,273.583,274.738,275.806,276.784,277.688,278.565,279.508,280.681,282.345
77340.0,98.645,118.501,136.884,153.868,169.521,183.912,197.104,209.149,220.082,229.918,238.649,246.246,252.654,257.804,261.621,264.039,265.036,264.676,263.16,260.868,258.341,256.18,254.844,254.472,254.863,255.634,256.465,257.225,257.941,258.689,259.508,260.404,261.371,262.408,263.511,264.678,265.899,267.166,268.463,269.774,271.079,272.357,273.583,274.738,275.806,276.784,277.688,278.565,279.508,280.681,282.345
77400.0,98.605,118.43,136.789,153.751,169.388,183.767,196.952,208.992,219.924,229.763,238.5,246.105,252.525,257.69,261.524,263.962,264.98,264.642,263.146,260.869,258.352,256.193,254.854,254.478,254.865,255.634,256.465,257.225,257.941,258.689,259.508,260.404,261.371,262.408,263.511,264.678,265.899,267.165,268.463,269.774,271.079,272.357,273.583,274.738,275.806,276.784,277.688,278.565,279.508,280.681,282.345
77460.0,98.564,118.36,136.693,153.635,169.256,183.624,196.8,208.837,219.768,229.609,238.352,245.965,252.396,257.576,261.428,263.885,264.925,264.608,263.131,260.87,258.362,256.206,254.864,254.484,254.866,255.634,256.464,257.224,257.941,258.689,259.508,260.403,261.371,262.408,263.511,264.678,265.899,267.165,268.463,269.774,271.079,272.357,273.583,274.738,275.806,276.784,277.688,278.565,279.508,280.681,282.345
77520.0,98.524,118.29,136.598,153.52,169.125,183.481,196.649,208.682,219.612,229.455,238.203,245.825,252.268,257.462,261.331,263.808,264.869,264.573,263.117,260.87,258.372,256.218,254.875,254.49,254.868,255.634,256.464,257.224,257.941,258.689,259.508,260.403,261.371,262.408,263.511,264.678,265.899,267.165,268.463,269.774,271.079,272.357,273.583,274.738,275.806,276.784,277.688,278.565,279.508,280.681,282.345
77580.0,98.484,118.221,136.504,153.405,168.994,183.338,196.499,208.527,219.457,229.302,238.056,245.686,252.14,257.349,261.235,263.732,264.814,264.539,263.102,260.871,258.382,256.231,254.885,254.496,254.87,255.634,256.463,257.223,257.941,258.689,259.508,260.403,261.371,262.407,263.511,264.678,265.899,267.165,268.463,269.774,271.079,272.357,273.583,274.738,275.806,276.784,277.688,278.565,279.508,280.681,282.345
77640.0,98.444,118.152,136.409,153.291,168.864,183.196,196.349,208.373,219.302,229.15,237.908,245.547,252.013,257.236,261.139,263.655,264.758,264.505,263.087,260.871,258.391,256.243,254.895,254.501,254.872,255.634,256.462,257.223,257.941,258.689,259.508,260.403,261.371,262.407,263.511,264.678,265.899,267.165,268.463,269.774,271.079,272.357,273.583,274.738,275.806,276.784,277.688,278.565,279.508,280.681,282.345
77700.0,98.405,118.083,136.316,153.177,168.734,183.055,196.2,208.22,219.148,228.998,237.762,245.408,251.885,257.123,261.043,263.578,264.702,264.47,263.072,260.872,258.401,256.256,254.905,254.507,254.874,255.633,256.462,257.223,257.941,258.689,259.508,260.403,261.371,262.407,263.511,264.678,265.899,267.165,268.463,269.774,271.079,272.357,273.583,274.738,275.806,276.784,277.688,278.565,279.508,280.681,282.345
77760.0,98.365,118.014,136.222,153.063,168.605,182.914,196.052,208.067,218.994,228.846,237.615,245.27,251.759,257.01,260.947,263.502,264.647,264.436,263.057,260.872,258.411,256.268,254.916,254.513,254.876,255.633,256.461,257.222,257.941,258.689,259.508,260.403,261.371,262.407,263.511,264.678,265.899,267.165,268.463,269.774,271.079,272.357,273.583,274.738,275.806,276.784,277.688,278.565,279.508,280.681,282.345
77820.0,98.326,117.946,136.13,152.95,168.477,182.774,195.904,207.915,218.841,228.695,237.469,245.133,251.632,256.897,260.851,263.425,264.591,264.401,263.041,260.872,258.42,256.281,254.926,254.519,254.878,255.633,256.461,257.222,257.94,258.689,259.508,260.403,261.371,262.407,263.511,264.678,265.899,267.165,268.463,269.774,271.079,272.357,273.583,274.738,275.806,276.784,277.688,278.565,279.508,280.681,282.345
77880.0,98.287,117.878,136.037,152.838,168.349,182.635,195.757,207.764,218.689,228.545,237.324,244.995,251.506,256.785,260.755,263.348,264.535,264.366,263.026,260.872,258.429,256.293,254.936,254.525,254.88,255.633,256.46,257.222,257.94,258.689,259.508,260.403,261.371,262.407,263.511,264.678,265.899,267.165,268.462,269.774,271.079,272.357,273.583,274.738,275.806,276.784,277.688,278.565,279.508,280.681,282.345
77940.0,98.248,117.81,135.945,152.726,168.221,182.496,195.61,207.613,218.537,228.395,237.179,244.858,251.38,256.673,260.66,263.272,264.479,264.331,263.01,260.871,258.438,256.305,254.946,254.531,254.882,255.633,256.459,257.221,257.94,258.689,259.508,260.403,261.37,262.407,263.511,264.677,265.899,267.165,268.462,269.774,271.079,272.357,273.583,274.738,275.806,276.784,277.688,278.565,279.508,280.681,282.345
78000.0,98.209,117.743,135.853,152.615,168.094,182.358,195.464,207.462,218.385,228.245,237.035,244.722,251.254,256.561,260.564,263.196,264.423,264.296,262.994,260.871,258.448,256.317,254.956,254.537,254.884,255.633,256.459,257.221,257.94,258.689,259.508,260.403,261.37,262.407,263.511,264.677,265.899,267.165,268.462,269.774,271.079,272.357,273.583,274.738,275.806,276.784,277.688,278.565,279.508,280.681,282.345
78060.0,98.17,117.675,135.762,152.504,167.968,182.22,195.319,207.313,218.234,228.097,236.891,244.586,251.129,256.449,260.469,263.119,264.367,264.261,262.978,260.87,258.456,256.329,254.966,254.542,254.886,255.633,256.458,257.22,257.94,258.688,259.508,260.403,261.37,262.407,263.511,264.677,265.899,267.165,268.462,269.774,271.079,272.357,273.583,274.738,275.806,276.784,277.688,278.565,279.508,280.681,282.345
78120.0,98.131,117.609,135.671,152.393,167.842,182.083,195.174,207.163,218.084,227.948,236.747,244.45,251.003,256.338,260.374,263.043,264.311,264.225,262.962,260.869,258.465,256.342,254.977,254.548,254.888,255.633,256.458,257.22,257.94,258.688,259.508,260.403,261.37,262.407,263.511,264.677,265.899,267.165,268.462,269.774,271.079,272.357,273.583,274.738,275.806,276.783,277.688,278.565,279.508,280.681,282.345
78180.0,98.093,117.542,135.581,152.283,167.717,181.946,195.029,207.015,217.934,227.8,236.604,244.315,250.879,256.226,260.279,262.966,264.255,264.19,262.946,260.868,258.474,256.353,254.987,254.554,254.89,255.633,256.457,257.22,257.94,258.688,259.508,260.403,261.37,262.407,263.511,264.677,265.899,267.165,268.462,269.774,271.079,272.356,273.583,274.738,275.806,276.783,277.688,278.565,279.508,280.681,282.345
78240.0,98.055,117.476,135.491,152.174,167.592,181.81,194.886,206.867,217.785,227.653,236.461,244.18,250.754,256.115,260.184,262.89,264.199,264.154,262.929,260.867,258.483,256.365,254.997,254.56,254.892,255.633,256.457,257.219,257.94,258.688,259.508,260.403,261.37,262.407,263.511,264.677,265.899,267.165,268.462,269.774,271.079,272.356,273.583,274.738,275.806,276.783,277.688,278.565,279.508,280.681,282.345
78300.0,98.017,117.41,135.401,152.065,167.468,181.674,194.742,206.719,217.636,227.506,236.319,244.045,250.63,256.005,260.09,262.814,264.143,264.119,262.913,260.866,258.491,256.377,255.007,254.566,254.895,255.633,256.456,257.219,257.939,258.688,259.508,260.403,261.37,262.407,263.511,264.677,265.899,267.165,268.462,269.774,271.079,272.356,273.583,274.738,275.806,276.783,277.688,278.565,279.508,280.681,282.345
78360.0,97.979,117.344,135.312,151.956,167.344,181.539,194.6,206.572,217.488,227.359,236.177,243.911,250.506,255.894,259.995,262.738,264.087,264.083,262.896,260.865,258.5,256.389,255.017,254.572,254.897,255.633,256.455,257.219,257.939,258.688,259.507,260.403,261.37,262.407,263.511,264.677,265.899,267.165,268.462,269.774,271.079,272.356,273.583,274.738,275.806,276.783,277.688,278.565,279.508,280.681,282.345
78420.0,97.941,117.279,135.223,151.848,167.221,181.405,194.458,206.426,217.34,227.213,236.036,243.777,250.383,255.784,259.901,262.661,264.03,264.047,262.879,260.863,258.508,256.401,255.027,254.578,254.899,255.633,256.455,257.218,257.939,258.688,259.507,260.403,261.37,262.407,263.511,264.677,265.899,267.165,268.462,269.774,271.079,272.356,273.583,274.738,275.806,276.783,277.688,278.565,279.508,280.681,282.345
78480.0,97.903,117.214,135.135,151.741,167.098,181.271,194.316,206.28,217.193,227.068,235.895,243.643,250.26,255.674,259.806,262.585,263.974,264.011,262.862,260.862,258.516,256.412,255.037,254.584,254.901,255.633,256.454,257.218,257.939,258.688,259.507,260.403,261.37,262.407,263.511,264.677,265.899,267.165,268.462,269.774,271.079,272.356,273.583,274.738,275.806,276.783,277.688,278.565,279.508,280.681,282.345
78540.0,97.866,117.149,135.047,151.634,166.976,181.138,194.175,206.135,217.047,226.923,235.755,243.51,250.137,255.564,259.712,262.509,263.918,263.975,262.845,260.86,258.524,256.424,255.047,254.59,254.903,255.633,256.454,257.217,257.939,258.688,259.507,260.403,261.37,262.407,263.511,264.677,265.899,267.165,268.462,269.774,271.079,272.356,273.583,274.738,275.806,276.783,277.688,278.565,279.508,280.681,282.345
78600.0,97.829,117.084,134.959,151.527,166.855,181.005,194.035,205.99,216.901,226.779,235.615,243.377,250.014,255.454,259.618,262.433,263.861,263.939,262.827,260.858,258.532,256.436,255.057,254.596,254.905,255.633,256.453,257.217,257.939,258.688,259.507,260.403,261.37,262.407,263.511,264.677,265.899,267.165,268.462,269.774,271.079,272.356,273.583,274.737,275.805,276.783,277.688,278.565,279.508,280.681,282.345
78660.0,97.791,117.02,134.872,151.421,166.733,180.873,193.895,205.846,216.755,226.635,235.475,243.245,249.892,255.345,259.524,262.357,263.805,263.903,262.81,260.856,258.54,256.447,255.067,254.602,254.907,255.633,256.453,257.217,257.939,258.688,259.507,260.403,261.37,262.407,263.511,264.677,265.899,267.165,268.462,269.774,271.079,272.356,273.583,274.737,275.805,276.783,277.687,278.565,279.508,280.681,282.345
78720.0,97.754,116.956,134.785,151.315,166.613,180.741,193.756,205.702,216.61,226.491,235.336,243.113,249.77,255.235,259.43,262.281,263.749,263.866,262.792,260.853,258.547,256.458,255.077,254.608,254.909,255.633,256.452,257.216,257.938,258.688,259.507,260.403,261.37,262.407,263.511,264.677,265.899,267.165,268.462,269.773,271.079,272.356,273.583,274.737,275.805,276.783,277.687,278.565,279.508,280.681,282.345
78780.0,97.717,116.893,134.699,151.21,166.493,180.61,193.617,205.559,216.465,226.348,235.197,242.981,249.648,255.126,259.337,262.206,263.692,263.83,262.775,260.851,258.555,256.47,255.087,254.614,254.912,255.633,256.452,257.216,257.938,258.688,259.507,260.403,261.37,262.407,263.511,264.677,265.899,267.165,268.462,269.773,271.079,272.356,273.583,274.737,275.805,276.783,277.687,278.565,279.508,280.681,282.345
78840.0,97.681,116.829,134.612,151.105,166.373,180.479,193.479,205.416,216.321,226.205,235.059,242.85,249.527,255.018,259.243,262.13,263.636,263.793,262.757,260.849,258.563,256.481,255.097,254.62,254.914,255.633,256.451,257.216,257.938,258.688,259.507,260.403,261.37,262.407,263.511,264.677,265.898,267.165,268.462,269.773,271.079,272.356,273.583,274.737,275.805,276.783,277.687,278.565,279.508,280.681,282.345
78900.0,97.644,116.766,134.527,151.0,166.254,180.349,193.341,205.274,216.178,226.063,234.921,242.719,249.406,254.909,259.15,262.054,263.579,263.757,262.739,260.846,258.57,256.492,255.107,254.626,254.916,255.633,256.45,257.215,257.938,258.688,259.507,260.403,261.37,262.407,263.511,264.677,265.898,267.165,268.462,269.773,271.079,272.356,273.583,274.737,275.805,276.783,277.687,278.565,279.508,280.681,282.345
78960.0,97.607,116.703,134.441,150.896,166.135,180.219,193.204,205.132,216.035,225.922,234.783,242.589,249.285,254.801,259.057,261.978,263.523,263.72,262.721,260.843,258.577,256.503,255.116,254.631,254.918,255.633,256.45,257.215,257.938,258.688,259.507,260.402,261.37,262.407,263.51,264.677,265.898,267.165,268.462,269.773,271.079,272.356,273.583,274.737,275.805,276.783,277.687,278.565,279.508,280.681,282.345
79020.0,97.571,116.64,134.356,150.793,166.017,180.09,193.067,204.991,215.892,225.78,234.646,242.459,249.164,254.693,258.964,261.903,263.466,263.683,262.702,260.84,258.584,256.514,255.126,254.637,254.92,255.633,256.449,257.214,257.938,258.688,259.507,260.402,261.37,262.407,263.51,264.677,265.898,267.165,268.462,269.773,271.079,272.356,273.583,274.737,275.805,276.783,277.687,278.565,279.508,280.681,282.345
79080.0,97.535,116.578,134.271,150.69,165.899,179.962,192.931,204.85,215.75,225.64,234.51,242.329,249.044,254.585,258.871,261.827,263.41,263.646,262.684,260.837,258.591,256.525,255.136,254.643,254.923,255.633,256.449,257.214,257.938,258.688,259.507,260.402,261.37,262.407,263.51,264.677,265.898,267.165,268.462,269.773,271.079,272.356,273.583,274.737,275.805,276.783,277.687,278.565,279.508,280.681,282.345
79140.0,97.499,116.516,134.187,150.587,165.782,179.833,192.795,204.71,215.608,225.499,234.373,242.199,248.924,254.477,258.778,261.751,263.353,263.609,262.666,260.834,258.598,256.536,255.146,254.649,254.925,255.633,256.448,257.214,257.938,258.688,259.507,260.402,261.37,262.406,263.51,264.677,265.898,267.165,268.462,269.773,271.079,272.356,273.583,274.737,275.805,276.783,277.687,278.565,279.508,280.681,282.345
79200.0,97.463,116.454,134.103,150.485,165.666,179.706,192.66,204.571,215.467,225.359,234.238,242.07,248.804,254.37,258.685,261.676,263.296,263.572,262.647,260.831,258.605,256.547,255.156,254.655,254.927,255.633,256.448,257.213,257.937,258.688,259.507,260.402,261.37,262.406,263.51,264.677,265.898,267.165,268.462,269.773,271.079,272.356,273.583,274.737,275.805,276.783,277.687,278.565,279.508,280.681,282.345
79260.0,97.427,116.392,134.019,150.383,165.549,179.579,192.525,204.432,215.327,225.22,234.102,241.941,248.685,254.262,258.593,261.6,263.24,263.535,262.628,260.827,258.612,256.558,255.165,254.661,254.93,255.634,256.447,257.213,257.937,258.688,259.507,260.402,261.37,262.406,263.51,264.677,265.898,267.165,268.462,269.773,271.079,272.356,273.583,274.737,275.805,276.783,277.687,278.565,279.508,280.681,282.345
79320.0,97.391,116.331,133.936,150.282,165.433,179.452,192.391,204.293,215.186,225.081,233.967,241.813,248.566,254.155,258.5,261.525,263.183,263.498,262.609,260.824,258.618,256.569,255.175,254.667,254.932,255.634,256.447,257.213,257.937,258.688,259.507,260.402,261.37,262.406,263.51,264.677,265.898,267.164,268.462,269.773,271.079,272.356,273.583,274.737,275.805,276.783,277.687,278.565,279.508,280.681,282.345
79380.0,97.356,116.27,133.853,150.181,165.318,179.326,192.257,204.155,215.047,224.943,233.833,241.685,248.447,254.048,258.408,261.45,263.126,263.46,262.59,260.82,258.625,256.579,255.185,254.673,254.934,255.634,256.446,257.212,257.937,258.688,259.507,260.402,261.369,262.406,263.51,264.677,265.898,267.164,268.462,269.773,271.079,272.356,273.583,274.737,275.805,276.783,277.687,278.565,279.508,280.681,282.345
79440.0,97.32,116.209,133.771,150.08,165.203,179.2,192.124,204.017,214.907,224.805,233.698,241.557,248.329,253.942,258.316,261.374,263.07,263.423,262.571,260.816,258.631,256.59,255.194,254.679,254.936,255.634,256.446,257.212,257.937,258.688,259.507,260.402,261.369,262.406,263.51,264.677,265.898,267.164,268.462,269.773,271.079,272.356,273.583,274.737,275.805,276.783,277.687,278.565,279.508,280.681,282.345
79500.0,97.285,116.149,133.688,149.98,165.089,179.075,191.992,203.88,214.769,224.667,233.565,241.43,248.21,253.835,258.224,261.299,263.013,263.385,262.552,260.812,258.637,256.601,255.204,254.685,254.939,255.634,256.445,257.211,257.937,258.688,259.507,260.402,261.369,262.406,263.51,264.677,265.898,267.164,268.462,269.773,271.079,272.356,273.583,274.737,275.805,276.783,277.687,278.565,279.508,280.681,282.345
79560.0,97.25,116.088,133.606,149.88,164.975,178.95,191.859,203.744,214.63,224.53,233.431,241.303,248.092,253.729,258.132,261.224,262.956,263.348,262.532,260.808,258.644,256.611,255.214,254.691,254.941,255.634,256.445,257.211,257.937,258.688,259.507,260.402,261.369,262.406,263.51,264.677,265.898,267.164,268.462,269.773,271.079,272.356,273.583,274.737,275.805,276.783,277.687,278.565,279.508,280.681,282.345
79620.0,97.215,116.028,133.525,149.781,164.861,178.826,191.728,203.607,214.493,224.393,233.298,241.176,247.975,253.623,258.04,261.149,262.899,263.31,262.513,260.804,258.65,256.621,255.223,254.697,254.943,255.634,256.444,257.211,257.936,258.687,259.507,260.402,261.369,262.406,263.51,264.676,265.898,267.164,268.462,269.773,271.079,272.356,273.583,274.737,275.805,276.783,277.687,278.565,279.508,280.681,282.345
79680.0,97.18,115.968,133.443,149.682,164.748,178.702,191.597,203.472,214.355,224.257,233.165,241.05,247.857,253.517,257.949,261.074,262.843,263.272,262.493,260.799,258.656,256.632,255.233,254.703,254.946,255.634,256.444,257.21,257.936,258.687,259.507,260.402,261.369,262.406,263.51,264.676,265.898,267.164,268.462,269.773,271.079,272.356,273.582,274.737,275.805,276.783,277.687,278.565,279.508,280.681,282.345
79740.0,97.145,115.909,133.363,149.583,164.636,178.579,191.466,203.337,214.218,224.121,233.033,240.924,247.74,253.412,257.857,260.999,262.786,263.234,262.473,260.795,258.661,256.642,255.242,254.709,254.948,255.635,256.443,257.21,257.936,258.687,259.507,260.402,261.369,262.406,263.51,264.676,265.898,267.164,268.462,269.773,271.079,272.356,273.582,274.737,275.805,276.783,277.687,278.565,279.508,280.681,282.345
79800.0,97.111,115.849,133.282,149.485,164.523,178.456,191.336,203.202,214.082,223.985,232.901,240.798,247.624,253.307,257.766,260.924,262.729,263.196,262.454,260.79,258.667,256.652,255.252,254.715,254.95,255.635,256.443,257.21,257.936,258.687,259.507,260.402,261.369,262.406,263.51,264.676,265.898,267.164,268.462,269.773,271.079,272.356,273.582,274.737,275.805,276.783,277.687,278.565,279.508,280.681,282.345
79860.0,97.076,115.79,133.202,149.387,164.412,178.334,191.206,203.068,213.946,223.85,232.77,240.673,247.507,253.201,257.675,260.849,262.672,263.158,262.434,260.785,258.673,256.662,255.261,254.721,254.953,255.635,256.442,257.209,257.936,258.687,259.507,260.402,261.369,262.406,263.51,264.676,265.898,267.164,268.462,269.773,271.078,272.356,273.582,274.737,275.805,276.783,277.687,278.565,279.508,280.681,282.345
79920.0,97.042,115.731,133.122,149.29,164.3,178.212,191.076,202.934,213.811,223.716,232.639,240.548,247.391,253.097,257.584,260.774,262.615,263.12,262.413,260.78,258.678,256.673,255.271,254.727,254.955,255.635,256.442,257.209,257.936,258.687,259.507,260.402,261.369,262.406,263.51,264.676,265.898,267.164,268.462,269.773,271.078,272.356,273.582,274.737,275.805,276.783,277.687,278.565,279.508,280.681,282.345
79980.0,97.008,115.672,133.042,149.193,164.19,178.091,190.948,202.8,213.675,223.582,232.508,240.423,247.275,252.992,257.493,260.699,262.558,263.082,262.393,260.775,258.684,256.683,255.28,254.734,254.958,255.635,256.441,257.208,257.936,258.687,259.507,260.402,261.369,262.406,263.51,264.676,265.898,267.164,268.461,269.773,271.078,272.356,273.582,274.737,275.805,276.783,277.687,278.565,279.508,280.681,282.345
80040.0,96.973,115.614,132.963,149.096,164.079,177.97,190.819,202.668,213.541,223.448,232.378,240.299,247.159,252.887,257.402,260.625,262.502,263.044,262.373,260.77,258.689,256.693,255.29,254.74,254.96,255.636,256.441,257.208,257.935,258.687,259.507,260.402,261.369,262.406,263.51,264.676,265.898,267.164,268.461,269.773,271.078,272.356,273.582,274.737,275.805,276.783,277.687,278.565,279.508,280.681,282.345
80100.0,96.939,115.556,132.884,149.0,163.969,177.849,190.691,202.535,213.407,223.315,232.248,240.175,247.044,252.783,257.312,260.55,262.445,263.005,262.352,260.765,258.694,256.702,255.299,254.746,254.963,255.636,256.44,257.208,257.935,258.687,259.507,260.402,261.369,262.406,263.51,264.676,265.898,267.164,268.461,269.773,271.078,272.356,273.582,274.737,275.805,276.783,277.687,278.565,279.508,280.681,282.345
80160.0,96.906,115.498,132.805,148.904,163.859,177.729,190.564,202.403,213.273,223.182,232.118,240.051,246.928,252.679,257.221,260.475,262.388,262.967,262.332,260.759,258.699,256.712,255.309,254.752,254.965,255.636,256.44,257.207,257.935,258.687,259.507,260.402,261.369,262.406,263.51,264.676,265.898,267.164,268.461,269.773,271.078,272.356,273.582,274.737,275.805,276.783,277.687,278.565,279.508,280.681,282.345
80220.0,96.872,115.44,132.727,148.809,163.75,177.61,190.437,202.272,213.14,223.049,231.989,239.928,246.814,252.575,257.131,260.401,262.331,262.928,262.311,260.754,258.704,256.722,255.318,254.758,254.967,255.636,256.439,257.207,257.935,258.687,259.506,260.402,261.369,262.406,263.51,264.676,265.898,267.164,268.461,269.773,271.078,272.356,273.582,274.737,275.805,276.783,277.687,278.565,279.508,280.681,282.345
80280.0,96.838,115.382,132.649,148.713,163.642,177.491,190.31,202.141,213.007,222.917,231.86,239.805,246.699,252.471,257.041,260.326,262.274,262.89,262.29,260.748,258.709,256.732,255.327,254.764,254.97,255.637,256.439,257.207,257.935,258.687,259.506,260.402,261.369,262.406,263.51,264.676,265.898,267.164,268.461,269.773,271.078,272.356,273.582,274.737,275.805,276.783,277.687,278.565,279.508,280.681,282.345
80340.0,96.805,115.325,132.571,148.619,163.533,177.372,190.184,202.01,212.874,222.785,231.732,239.682,246.585,252.368,256.95,260.252,262.217,262.851,262.269,260.742,258.714,256.741,255.337,254.77,254.972,255.637,256.438,257.206,257.935,258.687,259.506,260.402,261.369,262.406,263.51,264.676,265.898,267.164,268.461,269.773,271.078,272.356,273.582,274.737,275.805,276.783,277.687,278.565,279.508,280.681,282.345
80400.0,96.771,115.268,132.493,148.524,163.425,177.254,190.059,201.88,212.742,222.654,231.604,239.56,246.471,252.265,256.861,260.178,262.16,262.813,262.248,260.736,258.719,256.751,255.346,254.776,254.975,255.637,256.438,257.206,257.935,258.687,259.506,260.402,261.369,262.406,263.51,264.676,265.898,267.164,268.461,269.773,271.078,272.356,273.582,274.737,275.805,276.783,277.687,278.565,279.508,280.681,282.345
80460.0,96.738,115.211,132.416,148.43,163.318,177.136,189.934,201.75,212.611,222.523,231.476,239.438,246.357,252.162,256.771,260.103,262.103,262.774,262.227,260.73,258.723,256.76,255.355,254.782,254.977,255.637,256.438,257.205,257.934,258.687,259.506,260.401,261.369,262.406,263.51,264.676,265.898,267.164,268.461,269.773,271.078,272.356,273.582,274.737,275.805,276.783,277.687,278.565,279.508,280.681,282.345
80520.0,96.705,115.154,132.34,148.337,163.211,177.018,189.809,201.621,212.48,222.393,231.349,239.316,246.243,252.059,256.681,260.029,262.046,262.735,262.206,260.724,258.727,256.77,255.364,254.788,254.98,255.638,256.437,257.205,257.934,258.687,259.506,260.401,261.369,262.406,263.51,264.676,265.898,267.164,268.461,269.773,271.078,272.356,273.582,274.737,275.805,276.783,277.687,278.565,279.508,280.681,282.345
80580.0,96.672,115.098,132.263,148.243,163.104,176.901,189.685,201.492,212.349,222.262,231.222,239.195,246.13,251.956,256.592,259.955,261.989,262.696,262.185,260.718,258.732,256.779,255.373,254.794,254.982,255.638,256.437,257.205,257.934,258.687,259.506,260.401,261.369,262.406,263.509,264.676,265.898,267.164,268.461,269.773,271.078,272.356,273.582,274.737,275.805,276.783,277.687,278.565,279.508,280.681,282.345
80640.0,96.639,115.042,132.187,148.151,162.998,176.785,189.561,201.364,212.219,222.133,231.095,239.074,246.017,251.854,256.502,259.881,261.932,262.657,262.163,260.712,258.736,256.788,255.383,254.8,254.985,255.638,256.436,257.204,257.934,258.687,259.506,260.401,261.369,262.405,263.509,264.676,265.897,267.164,268.461,269.773,271.078,272.356,273.582,274.737,275.805,276.783,277.687,278.565,279.508,280.681,282.345
80700.0,96.606,114.986,132.111,148.058,162.892,176.669,189.437,201.236,212.089,222.003,230.969,238.953,245.904,251.752,256.413,259.807,261.875,262.618,262.142,260.705,258.74,256.797,255.392,254.806,254.987,255.638,256.436,257.204,257.934,258.687,259.506,260.401,261.369,262.405,263.509,264.676,265.897,267.164,268.461,269.773,271.078,272.356,273.582,274.737,275.805,276.783,277.687,278.565,279.508,280.681,282.345
80760.0,96.573,114.93,132.035,147.966,162.786,176.553,189.314,201.108,211.959,221.875,230.843,238.833,245.792,251.65,256.324,259.733,261.818,262.579,262.12,260.698,258.744,256.807,255.401,254.812,254.99,255.639,256.435,257.204,257.934,258.687,259.506,260.401,261.369,262.405,263.509,264.676,265.897,267.164,268.461,269.773,271.078,272.356,273.582,274.737,275.805,276.783,277.687,278.565,279.508,280.681,282.345
80820.0,96.541,114.874,131.96,147.874,162.681,176.438,189.192,200.981,211.83,221.746,230.717,238.713,245.68,251.548,256.235,259.659,261.761,262.54,262.098,260.692,258.748,256.816,255.41,254.818,254.992,255.639,256.435,257.203,257.934,258.687,259.506,260.401,261.369,262.405,263.509,264.676,265.897,267.164,268.461,269.773,271.078,272.356,273.582,274.737,275.805,276.783,277.687,278.565,279.508,280.681,282.345
80880.0,96.508,114.819,131.885,147.782,162.576,176.323,189.07,200.854,211.701,221.618,230.592,238.593,245.568,251.446,256.146,259.585,261.704,262.501,262.076,260.685,258.752,256.825,255.419,254.824,254.995,255.639,256.434,257.203,257.933,258.687,259.506,260.401,261.368,262.405,263.509,264.676,265.897,267.164,268.461,269.773,271.078,272.356,273.582,274.737,275.805,276.783,277.687,278.565,279.508,280.681,282.345
80940.0,96.476,114.764,131.81,147.691,162.472,176.208,188.948,200.728,211.573,221.49,230.467,238.473,245.456,251.345,256.057,259.511,261.647,262.462,262.054,260.678,258.756,256.834,255.428,254.83,254.998,255.64,256.434,257.203,257.933,258.687,259.506,260.401,261.368,262.405,263.509,264.676,265.897,267.164,268.461,269.773,271.078,272.356,273.582,274.737,275.805,276.783,277.687,278.565,279.508,280.681,282.345
81000.0,96.444,114.709,131.735,147.6,162.368,176.094,188.827,200.602,211.445,221.363,230.343,238.354,245.344,251.243,255.969,259.438,261.59,262.422,262.032,260.671,258.759,256.842,255.437,254.836,255.0,255.64,256.434,257.202,257.933,258.686,259.506,260.401,261.368,262.405,263.509,264.676,265.897,267.164,268.461,269.772,271.078,272.356,273.582,274.737,275.805,276.783,277.687,278.565,279.508,280.681,282.345
81060.0,96.411,114.654,131.661,147.51,162.264,175.98,188.706,200.477,211.318,221.236,230.219,238.235,245.233,251.142,255.88,259.364,261.533,262.383,262.01,260.663,258.763,256.851,255.446,254.842,255.003,255.64,256.433,257.202,257.933,258.686,259.506,260.401,261.368,262.405,263.509,264.676,265.897,267.164,268.461,269.772,271.078,272.356,273.582,274.737,275.805,276.783,277.687,278.565,279.508,280.681,282.345
81120.0,96.379,114.6,131.587,147.42,162.161,175.867,188.585,200.352,211.191,221.109,230.095,238.117,245.122,251.042,255.792,259.291,261.476,262.343,261.988,260.656,258.766,256.86,255.455,254.848,255.005,255.641,256.433,257.201,257.933,258.686,259.506,260.401,261.368,262.405,263.509,264.676,265.897,267.164,268.461,269.772,271.078,272.355,273.582,274.737,275.805,276.783,277.687,278.565,279.508,280.681,282.345
81180.0,96.347,114.545,131.514,147.33,162.058,175.754,188.465,200.227,211.064,220.983,229.972,237.998,245.012,250.941,255.704,259.217,261.419,262.304,261.966,260.649,258.77,256.869,255.464,254.854,255.008,255.641,256.432,257.201,257.933,258.686,259.506,260.401,261.368,262.405,263.509,264.676,265.897,267.164,268.461,269.772,271.078,272.355,273.582,274.737,275.805,276.783,277.687,278.565,279.508,280.681,282.345
81240.0,96.316,114.491,131.44,147.241,161.956,175.642,188.345,200.103,210.938,220.857,229.849,237.881,244.901,250.841,255.616,259.144,261.362,262.264,261.943,260.641,258.773,256.877,255.473,254.86,255.011,255.641,256.432,257.201,257.933,258.686,259.506,260.401,261.368,262.405,263.509,264.676,265.897,267.163,268.461,269.772,271.078,272.355,273.582,274.737,275.805,276.783,277.687,278.565,279.508,280.681,282.345
81300.0,96.284,114.437,131.367,147.151,161.854,175.53,188.226,199.979,210.812,220.732,229.726,237.763,244.791,250.74,255.528,259.07,261.305,262.225,261.92,260.633,258.776,256.886,255.482,254.866,255.013,255.642,256.431,257.2,257.932,258.686,259.506,260.401,261.368,262.405,263.509,264.676,265.897,267.163,268.461,269.772,271.078,272.355,273.582,274.737,275.805,276.783,277.687,278.565,279.508,280.681,282.345
81360.0,96.252,114.384,131.294,147.063,161.752,175.418,188.107,199.856,210.687,220.607,229.603,237.646,244.681,250.64,255.44,258.997,261.248,262.185,261.898,260.626,258.779,256.894,255.49,254.872,255.016,255.642,256.431,257.2,257.932,258.686,259.506,260.401,261.368,262.405,263.509,264.675,265.897,267.163,268.461,269.772,271.078,272.355,273.582,274.737,275.805,276.783,277.687,278.565,279.508,280.681,282.345
81420.0,96.221,114.33,131.222,146.974,161.651,175.307,187.989,199.733,210.562,220.482,229.481,237.528,244.572,250.54,255.352,258.924,261.192,262.145,261.875,260.618,258.782,256.903,255.499,254.878,255.018,255.643,256.431,257.2,257.932,258.686,259.506,260.401,261.368,262.405,263.509,264.675,265.897,267.163,268.461,269.772,271.078,272.355,273.582,274.737,275.805,276.783,277.687,278.565,279.508,280.681,282.345
81480.0,96.189,114.277,131.15,146.886,161.55,175.196,187.871,199.61,210.437,220.357,229.36,237.412,244.462,250.441,255.265,258.851,261.135,262.106,261.852,260.61,258.785,256.911,255.508,254.884,255.021,255.643,256.43,257.199,257.932,258.686,259.506,260.401,261.368,262.405,263.509,264.675,265.897,267.163,268.461,269.772,271.078,272.355,273.582,274.737,275.805,276.783,277.687,278.565,279.508,280.681,282.345
81540.0,96.158,114.224,131.078,146.798,161.449,175.086,187.753,199.488,210.313,220.233,229.238,237.295,244.353,250.341,255.178,258.778,261.078,262.066,261.829,260.601,258.787,256.919,255.517,254.89,255.024,255.643,256.43,257.199,257.932,258.686,259.506,260.401,261.368,262.405,263.509,264.675,265.897,267.163,268.461,269.772,271.078,272.355,273.582,274.737,275.805,276.783,277.687,278.565,279.508,280.681,282.345
81600.0,96.127,114.171,131.006,146.711,161.349,174.976,187.636,199.367,210.189,220.11,229.117,237.179,244.244,250.242,255.09,258.705,261.021,262.026,261.806,260.593,258.79,256.927,255.525,254.896,255.026,255.644,256.429,257.199,257.932,258.686,259.506,260.401,261.368,262.405,263.509,264.675,265.897,267.163,268.461,269.772,271.078,272.355,273.582,274.737,275.805,276.783,277.687,278.565,279.508,280.681,282.345
81660.0,96.096,114.118,130.934,146.624,161.249,174.866,187.519,199.245,210.065,219.987,228.996,237.063,244.135,250.143,255.003,258.632,260.964,261.986,261.783,260.585,258.792,256.936,255.534,254.902,255.029,255.644,256.429,257.198,257.932,258.686,259.506,260.401,261.368,262.405,263.509,264.675,265.897,267.163,268.461,269.772,271.078,272.355,273.582,274.737,275.805,276.783,277.687,278.565,279.508,280.681,282.345
81720.0,96.065,114.065,130.863,146.537,161.15,174.757,187.403,199.124,209.942,219.864,228.876,236.948,244.027,250.044,254.916,258.559,260.907,261.946,261.76,260.576,258.795,256.944,255.543,254.908,255.032,255.645,256.429,257.198,257.931,258.686,259.506,260.401,261.368,262.405,263.509,264.675,265.897,267.163,268.461,269.772,271.078,272.355,273.582,274.737,275.805,276.783,277.687,278.565,279.508,280.681,282.345
81780.0,96.034,114.013,130.792,146.45,161.051,174.648,187.287,199.004,209.82,219.741,228.756,236.832,243.919,249.945,254.829,258.486,260.85,261.906,261.736,260.568,258.797,256.952,255.551,254.914,255.034,255.645,256.428,257.197,257.931,258.686,259.506,260.401,261.368,262.405,263.509,264.675,265.897,267.163,268.461,269.772,271.078,272.355,273.582,274.737,275.805,276.783,277.687,278.565,279.508,280.681,282.345
81840.0,96.003,113.961,130.722,146.364,160.952,174.539,187.171,198.883,209.697,219.619,228.636,236.717,243.811,249.847,254.743,258.413,260.793,261.866,261.713,260.559,258.799,256.96,255.56,254.92,255.037,255.646,256.428,257.197,257.931,258.686,259.506,260.401,261.368,262.405,263.509,264.675,265.897,267.163,268.461,269.772,271.078,272.355,273.582,274.737,275.805,276.783,277.687,278.565,279.508,280.681,282.345
81900.0,95.973,113.909,130.651,146.278,160.853,174.431,187.056,198.764,209.575,219.497,228.517,236.603,243.703,249.749,254.656,258.341,260.736,261.826,261.69,260.55,258.801,256.967,255.569,254.926,255.04,255.646,256.428,257.197,257.931,258.686,259.506,260.401,261.368,262.405,263.509,264.675,265.897,267.163,268.461,269.772,271.078,272.355,273.582,274.737,275.805,276.783,277.687,278.565,279.508,280.681,282.345
81960.0,95.942,113.857,130.581,146.193,160.755,174.323,186.941,198.644,209.454,219.376,228.398,236.488,243.596,249.651,254.57,258.268,260.679,261.786,261.666,260.541,258.803,256.975,255.577,254.932,255.043,255.646,256.427,257.196,257.931,258.686,259.506,260.401,261.368,262.405,263.509,264.675,265.897,267.163,268.461,269.772,271.078,272.355,273.582,274.737,275.805,276.783,277.687,278.565,279.508,280.681,282.345
82020.0,95.912,113.805,130.511,146.107,160.657,174.216,186.827,198.525,209.332,219.254,228.279,236.374,243.489,249.553,254.483,258.196,260.622,261.745,261.642,260.532,258.805,256.983,255.586,254.938,255.045,255.647,256.427,257.196,257.931,258.686,259.505,260.4,261.368,262.405,263.509,264.675,265.897,267.163,268.461,269.772,271.078,272.355,273.582,274.737,275.805,276.783,277.687,278.565,279.508,280.681,282.345
82080.0,95.881,113.754,130.441,146.022,160.56,174.108,186.712,198.406,209.211,219.134,228.16,236.26,243.382,249.455,254.397,258.123,260.565,261.705,261.619,260.523,258.807,256.991,255.594,254.944,255.048,255.647,256.426,257.196,257.93,258.686,259.505,260.4,261.368,262.405,263.509,264.675,265.897,267.163,268.46,269.772,271.078,272.355,273.582,274.737,275.805,276.783,277.687,278.565,279.508,280.681,282.345
82140.0,95.851,113.703,130.372,145.938,160.463,174.002,186.599,198.288,209.091,219.013,228.042,236.147,243.275,249.358,254.311,258.051,260.508,261.665,261.595,260.514,258.809,256.998,255.602,254.95,255.051,255.648,256.426,257.195,257.93,258.686,259.505,260.4,261.368,262.405,263.509,264.675,265.897,267.163,268.46,269.772,271.078,272.355,273.582,274.737,275.805,276.783,277.687,278.565,279.508,280.681,282.345
82200.0,95.821,113.652,130.303,145.853,160.366,173.895,186.485,198.17,208.971,218.893,227.924,236.033,243.169,249.26,254.225,257.979,260.451,261.624,261.571,260.505,258.81,257.006,255.611,254.956,255.053,255.648,256.426,257.195,257.93,258.686,259.505,260.4,261.368,262.404,263.508,264.675,265.897,267.163,268.46,269.772,271.078,272.355,273.582,274.737,275.805,276.783,277.687,278.565,279.508,280.681,282.345
82260.0,95.791,113.601,130.234,145.769,160.27,173.789,186.372,198.053,208.851,218.773,227.807,235.92,243.062,249.163,254.14,257.906,260.395,261.584,261.547,260.495,258.812,257.013,255.619,254.962,255.056,255.649,256.425,257.195,257.93,258.686,259.505,260.4,261.368,262.404,263.508,264.675,265.897,267.163,268.46,269.772,271.078,272.355,273.582,274.737,275.805,276.783,277.687,278.565,279.508,280.681,282.345
82320.0,95.761,113.55,130.165,145.685,160.174,173.684,186.26,197.935,208.732,218.654,227.69,235.808,242.956,249.066,254.054,257.834,260.338,261.544,261.523,260.486,258.813,257.02,255.628,254.968,255.059,255.649,256.425,257.194,257.93,258.685,259.505,260.4,261.368,262.404,263.508,264.675,265.897,267.163,268.46,269.772,271.078,272.355,273.582,274.737,275.805,276.783,277.687,278.565,279.508,280.681,282.345
82380.0,95.731,113.5,130.097,145.602,160.078,173.579,186.147,197.818,208.613,218.535,227.573,235.695,242.851,248.969,253.968,257.762,260.281,261.503,261.498,260.476,258.815,257.028,255.636,254.974,255.062,255.65,256.425,257.194,257.93,258.685,259.505,260.4,261.367,262.404,263.508,264.675,265.897,267.163,268.46,269.772,271.078,272.355,273.582,274.737,275.805,276.783,277.687,278.565,279.508,280.681,282.345
82440.0,95.701,113.449,130.029,145.519,159.983,173.474,186.036,197.702,208.494,218.416,227.456,235.583,242.745,248.873,253.883,257.69,260.224,261.463,261.474,260.467,258.816,257.035,255.644,254.98,255.065,255.65,256.424,257.194,257.93,258.685,259.505,260.4,261.367,262.404,263.508,264.675,265.896,267.163,268.46,269.772,271.077,272.355,273.582,274.737,275.805,276.783,277.687,278.565,279.508,280.681,282.345
82500.0,95.671,113.399,129.961,145.436,159.888,173.369,185.924,197.586,208.375,218.298,227.34,235.471,242.64,248.776,253.798,257.618,260.167,261.422,261.45,260.457,258.817,257.042,255.652,254.986,255.067,255.651,256.424,257.193,257.929,258.685,259.505,260.4,261.367,262.404,263.508,264.675,265.896,267.163,268.46,269.772,271.077,272.355,273.582,274.737,275.805,276.783,277.687,278.565,279.508,280.681,282.345
82560.0,95.642,113.349,129.893,145.353,159.793,173.265,185.813,197.47,208.257,218.18,227.224,235.36,242.535,248.68,253.713,257.546,260.11,261.381,261.425,260.447,258.818,257.049,255.661,254.992,255.07,255.651,256.424,257.193,257.929,258.685,259.505,260.4,261.367,262.404,263.508,264.675,265.896,267.163,268.46,269.772,271.077,272.355,273.582,274.737,275.805,276.783,277.687,278.565,279.508,280.681,282.345
82620.0,95.612,113.299,129.826,145.271,159.699,173.161,185.702,197.355,208.14,218.062,227.109,235.248,242.43,248.584,253.628,257.474,260.054,261.341,261.401,260.437,258.819,257.056,255.669,254.998,255.073,255.652,256.423,257.192,257.929,258.685,259.505,260.4,261.367,262.404,263.508,264.675,265.896,267.163,268.46,269.772,271.077,272.355,273.582,274.737,275.805,276.783,277.687,278.565,279.508,280.681,282.345
82680.0,95.583,113.25,129.758,145.189,159.604,173.057,185.592,197.24,208.022,217.944,226.993,235.137,242.325,248.488,253.543,257.403,259.997,261.3,261.376,260.427,258.82,257.063,255.677,255.004,255.076,255.652,256.423,257.192,257.929,258.685,259.505,260.4,261.367,262.404,263.508,264.675,265.896,267.163,268.46,269.772,271.077,272.355,273.582,274.737,275.805,276.783,277.687,278.565,279.508,280.681,282.345
82740.0,95.554,113.2,129.692,145.107,159.511,172.954,185.481,197.125,207.906,217.827,226.878,235.026,242.221,248.393,253.458,257.331,259.94,261.259,261.352,260.416,258.821,257.07,255.685,255.01,255.078,255.653,256.423,257.192,257.929,258.685,259.505,260.4,261.367,262.404,263.508,264.675,265.896,267.163,268.46,269.772,271.077,272.355,273.582,274.737,275.805,276.783,277.687,278.565,279.508,280.681,282.345
82800.0,95.524,113.151,129.625,145.026,159.417,172.851,185.372,197.011,207.789,217.711,226.764,234.916,242.117,248.297,253.374,257.26,259.883,261.219,261.327,260.406,258.821,257.077,255.693,255.016,255.081,255.654,256.422,257.191,257.929,258.685,259.505,260.4,261.367,262.404,263.508,264.675,265.896,267.163,268.46,269.772,271.077,272.355,273.582,274.737,275.805,276.783,277.687,278.565,279.508,280.681,282.345
82860.0,95.495,113.102,129.558,144.945,159.324,172.749,185.262,196.897,207.673,217.594,226.649,234.806,242.013,248.202,253.289,257.188,259.827,261.178,261.302,260.396,258.822,257.084,255.701,255.022,255.084,255.654,256.422,257.191,257.928,258.685,259.505,260.4,261.367,262.404,263.508,264.675,265.896,267.163,268.46,269.772,271.077,272.355,273.582,274.736,275.805,276.783,277.687,278.565,279.508,280.681,282.345
82920.0,95.466,113.053,129.492,144.864,159.231,172.647,185.153,196.783,207.557,217.478,226.535,234.696,241.909,248.107,253.205,257.117,259.77,261.137,261.277,260.385,258.823,257.091,255.709,255.028,255.087,255.655,256.422,257.191,257.928,258.685,259.505,260.4,261.367,262.404,263.508,264.675,265.896,267.163,268.46,269.772,271.077,272.355,273.582,274.736,275.805,276.783,277.687,278.565,279.508,280.681,282.345
82980.0,95.437,113.004,129.426,144.783,159.139,172.545,185.045,196.67,207.441,217.362,226.421,234.586,241.806,248.012,253.121,257.045,259.713,261.096,261.252,260.374,258.823,257.097,255.717,255.034,255.09,255.655,256.421,257.19,257.928,258.685,259.505,260.4,261.367,262.404,263.508,264.675,265.896,267.163,268.46,269.772,271.077,272.355,273.582,274.736,275.805,276.783,277.687,278.565,279.508,280.681,282.345
83040.0,95.408,112.955,129.36,144.703,159.047,172.443,184.936,196.557,207.326,217.247,226.308,234.477,241.703,247.917,253.037,256.974,259.657,261.055,261.227,260.364,258.823,257.104,255.725,255.04,255.093,255.656,256.421,257.19,257.928,258.685,259.505,260.4,261.367,262.404,263.508,264.674,265.896,267.163,268.46,269.772,271.077,272.355,273.582,274.736,275.805,276.783,277.687,278.565,279.508,280.681,282.345
83100.0,95.38,112.907,129.295,144.623,158.955,172.342,184.828,196.445,207.211,217.132,226.195,234.367,241.6,247.823,252.953,256.903,259.6,261.014,261.202,260.353,258.823,257.11,255.733,255.046,255.096,255.657,256.421,257.19,257.928,258.685,259.505,260.4,261.367,262.404,263.508,264.674,265.896,267.163,268.46,269.772,271.077,272.355,273.581,274.736,275.805,276.783,277.687,278.565,279.508,280.681,282.345
83160.0,95.351,112.859,129.229,144.543,158.863,172.241,184.72,196.332,207.096,217.017,226.082,234.259,241.497,247.728,252.869,256.832,259.543,260.973,261.177,260.342,258.824,257.117,255.741,255.052,255.098,255.657,256.42,257.189,257.928,258.685,259.505,260.4,261.367,262.404,263.508,264.674,265.896,267.162,268.46,269.772,271.077,272.355,273.581,274.736,275.805,276.783,277.687,278.565,279.508,280.681,282.345
83220.0,95.322,112.81,129.164,144.464,158.772,172.141,184.613,196.22,206.982,216.903,225.969,234.15,241.395,247.634,252.785,256.761,259.487,260.932,261.151,260.331,258.824,257.123,255.749,255.058,255.101,255.658,256.42,257.189,257.928,258.685,259.505,260.4,261.367,262.404,263.508,264.674,265.896,267.162,268.46,269.772,271.077,272.355,273.581,274.736,275.805,276.783,277.687,278.565,279.508,280.681,282.345
83280.0,95.294,112.763,129.099,144.384,158.681,172.041,184.506,196.109,206.868,216.788,225.857,234.042,241.292,247.54,252.702,256.69,259.43,260.891,261.126,260.32,258.824,257.13,255.757,255.063,255.104,255.658,256.42,257.189,257.927,258.685,259.505,260.4,261.367,262.404,263.508,264.674,265.896,267.162,268.46,269.771,271.077,272.355,273.581,274.736,275.805,276.783,277.687,278.565,279.508,280.681,282.345
83340.0,95.265,112.715,129.035,144.306,158.59,171.941,184.4,195.998,206.755,216.675,225.745,233.933,241.19,247.446,252.618,256.619,259.373,260.85,261.101,260.309,258.823,257.136,255.765,255.069,255.107,255.659,256.419,257.188,257.927,258.685,259.505,260.4,261.367,262.404,263.508,264.674,265.896,267.162,268.46,269.771,271.077,272.355,273.581,274.736,275.805,276.783,277.687,278.565,279.508,280.681,282.345
83400.0,95.237,112.667,128.97,144.227,158.5,171.841,184.293,195.887,206.641,216.561,225.633,233.826,241.088,247.352,252.535,256.548,259.317,260.809,261.075,260.297,258.823,257.142,255.772,255.075,255.11,255.66,256.419,257.188,257.927,258.685,259.505,260.4,261.367,262.404,263.508,264.674,265.896,267.162,268.46,269.771,271.077,272.355,273.581,274.736,275.805,276.783,277.687,278.565,279.508,280.681,282.345
83460.0,95.209,112.62,128.906,144.148,158.41,171.742,184.187,195.776,206.528,216.448,225.521,233.718,240.987,247.259,252.452,256.477,259.26,260.768,261.05,260.286,258.823,257.148,255.78,255.081,255.113,255.66,256.419,257.188,257.927,258.685,259.505,260.4,261.367,262.404,263.508,264.674,265.896,267.162,268.46,269.771,271.077,272.355,273.581,274.736,275.805,276.783,277.687,278.565,279.508,280.681,282.345
83520.0,95.181,112.572,128.842,144.07,158.32,171.643,184.082,195.666,206.416,216.335,225.41,233.611,240.885,247.166,252.369,256.406,259.204,260.727,261.024,260.275,258.822,257.154,255.788,255.087,255.116,255.661,256.419,257.187,257.927,258.684,259.505,260.399,261.367,262.404,263.508,264.674,265.896,267.162,268.46,269.771,271.077,272.355,273.581,274.736,275.805,276.783,277.687,278.565,279.508,280.681,282.345
83580.0,95.153,112.525,128.778,143.992,158.231,171.545,183.976,195.556,206.304,216.222,225.299,233.504,240.784,247.073,252.286,256.336,259.147,260.686,260.998,260.263,258.822,257.16,255.795,255.093,255.119,255.662,256.418,257.187,257.927,258.684,259.505,260.399,261.367,262.404,263.508,264.674,265.896,267.162,268.46,269.771,271.077,272.355,273.581,274.736,275.805,276.783,277.687,278.565,279.508,280.681,282.345
83640.0,95.125,112.478,128.715,143.915,158.142,171.447,183.871,195.447,206.192,216.11,225.189,233.397,240.683,246.98,252.203,256.265,259.091,260.644,260.972,260.251,258.821,257.166,255.803,255.099,255.122,255.662,256.418,257.187,257.926,258.684,259.505,260.399,261.367,262.404,263.508,264.674,265.896,267.162,268.46,269.771,271.077,272.355,273.581,274.736,275.805,276.783,277.687,278.565,279.508,280.681,282.345
83700.0,95.097,112.431,128.651,143.837,158.053,171.349,183.767,195.337,206.08,215.998,225.078,233.29,240.582,246.887,252.12,256.195,259.034,260.603,260.947,260.24,258.821,257.172,255.811,255.105,255.124,255.663,256.418,257.186,257.926,258.684,259.505,260.399,261.367,262.404,263.508,264.674,265.896,267.162,268.46,269.771,271.077,272.355,273.581,274.736,275.805,276.783,277.687,278.565,279.508,280.681,282.345
83760.0,95.069,112.385,128.588,143.76,157.964,171.251,183.662,195.229,205.969,215.886,224.968,233.184,240.482,246.794,252.038,256.124,258.978,260.562,260.921,260.228,258.82,257.178,255.818,255.11,255.127,255.664,256.417,257.186,257.926,258.684,259.504,260.399,261.367,262.403,263.508,264.674,265.896,267.162,268.46,269.771,271.077,272.355,273.581,274.736,275.805,276.783,277.687,278.565,279.508,280.681,282.345
83820.0,95.041,112.338,128.525,143.684,157.876,171.154,183.558,195.12,205.858,215.775,224.859,233.078,240.382,246.702,251.955,256.054,258.921,260.52,260.895,260.216,258.819,257.183,255.826,255.116,255.13,255.664,256.417,257.186,257.926,258.684,259.504,260.399,261.367,262.403,263.507,264.674,265.896,267.162,268.46,269.771,271.077,272.355,273.581,274.736,275.805,276.783,277.687,278.565,279.508,280.682,282.345
83880.0,95.014,112.292,128.462,143.607,157.788,171.057,183.454,195.012,205.747,215.664,224.749,232.972,240.282,246.61,251.873,255.984,258.865,260.479,260.869,260.204,258.818,257.189,255.833,255.122,255.133,255.665,256.417,257.185,257.926,258.684,259.504,260.399,261.366,262.403,263.507,264.674,265.896,267.162,268.46,269.771,271.077,272.355,273.581,274.736,275.805,276.783,277.687,278.565,279.508,280.682,282.345
83940.0,94.986,112.245,128.4,143.531,157.7,170.96,183.351,194.904,205.637,215.553,224.64,232.866,240.182,246.518,251.791,255.914,258.809,260.438,260.842,260.192,258.817,257.195,255.841,255.128,255.136,255.666,256.417,257.185,257.926,258.684,259.504,260.399,261.366,262.403,263.507,264.674,265.896,267.162,268.46,269.771,271.077,272.355,273.581,274.736,275.805,276.783,277.687,278.565,279.508,280.682,282.345
84000.0,94.959,112.199,128.338,143.455,157.613,170.864,183.248,194.796,205.527,215.443,224.531,232.761,240.082,246.426,251.709,255.844,258.752,260.396,260.816,260.18,258.816,257.2,255.848,255.134,255.139,255.666,256.416,257.185,257.925,258.684,259.504,260.399,261.366,262.403,263.507,264.674,265.896,267.162,268.46,269.771,271.077,272.355,273.581,274.736,275.805,276.783,277.687,278.565,279.508,280.682,282.345
84060.0,94.931,112.153,128.275,143.379,157.526,170.768,183.145,194.689,205.417,215.332,224.422,232.656,239.983,246.334,251.627,255.774,258.696,260.355,260.79,260.167,258.815,257.206,255.856,255.14,255.142,255.667,256.416,257.184,257.925,258.684,259.504,260.399,261.366,262.403,263.507,264.674,265.896,267.162,268.46,269.771,271.077,272.354,273.581,274.736,275.805,276.783,277.687,278.565,279.509,280.682,282.345
84120.0,94.904,112.108,128.214,143.303,157.439,170.672,183.043,194.582,205.307,215.222,224.314,232.551,239.883,246.242,251.545,255.704,258.64,260.313,260.764,260.155,258.813,257.211,255.863,255.145,255.145,255.668,256.416,257.184,257.925,258.684,259.504,260.399,261.366,262.403,263.507,264.674,265.896,267.162,268.46,269.771,271.077,272.354,273.581,274.736,275.805,276.783,277.687,278.565,279.509,280.682,282.345
84180.0,94.877,112.062,128.152,143.228,157.352,170.576,182.941,194.475,205.198,215.113,224.206,232.447,239.784,246.151,251.464,255.634,258.583,260.272,260.737,260.143,258.812,257.216,255.87,255.151,255.148,255.668,256.416,257.184,257.925,258.684,259.504,260.399,261.366,262.403,263.507,264.674,265.896,267.162,268.459,269.771,271.077,272.354,273.581,274.736,275.804,276.783,277.687,278.565,279.509,280.682,282.345
84240.0,94.85,112.016,128.09,143.153,157.266,170.481,182.839,194.369,205.089,215.004,224.098,232.342,239.685,246.06,251.382,255.564,258.527,260.23,260.711,260.13,258.81,257.222,255.878,255.157,255.151,255.669,256.415,257.183,257.925,258.684,259.504,260.399,261.366,262.403,263.507,264.674,265.895,267.162,268.459,269.771,271.077,272.354,273.581,274.736,275.804,276.783,277.687,278.565,279.509,280.682,282.345
84300.0,94.822,111.971,128.029,143.078,157.18,170.386,182.737,194.263,204.981,214.894,223.991,232.238,239.587,245.969,251.301,255.494,258.471,260.189,260.684,260.117,258.809,257.227,255.885,255.163,255.154,255.67,256.415,257.183,257.925,258.684,259.504,260.399,261.366,262.403,263.507,264.674,265.895,267.162,268.459,269.771,271.077,272.354,273.581,274.736,275.804,276.783,277.687,278.565,279.509,280.682,282.345
84360.0,94.795,111.926,127.968,143.003,157.094,170.292,182.636,194.157,204.873,214.786,223.883,232.134,239.488,245.878,251.22,255.425,258.415,260.147,260.658,260.105,258.807,257.232,255.892,255.169,255.157,255.671,256.415,257.183,257.924,258.684,259.504,260.399,261.366,262.403,263.507,264.674,265.895,267.162,268.459,269.771,271.077,272.354,273.581,274.736,275.804,276.783,277.687,278.565,279.509,280.682,282.345
84420.0,94.769,111.881,127.907,142.929,157.009,170.197,182.535,194.052,204.765,214.677,223.776,232.031,239.39,245.787,251.138,255.355,258.358,260.106,260.631,260.092,258.806,257.237,255.899,255.174,255.16,255.671,256.415,257.182,257.924,258.684,259.504,260.399,261.366,262.403,263.507,264.674,265.895,267.162,268.459,269.771,271.077,272.354,273.581,274.736,275.804,276.783,277.687,278.565,279.509,280.682,282.345
84480.0,94.742,111.836,127.846,142.855,156.924,170.104,182.435,193.947,204.657,214.569,223.67,231.927,239.292,245.697,251.057,255.286,258.302,260.064,260.604,260.079,258.804,257.242,255.906,255.18,255.163,255.672,256.414,257.182,257.924,258.684,259.504,260.399,261.366,262.403,263.507,264.674,265.895,267.162,268.459,269.771,271.077,272.354,273.581,274.736,275.804,276.783,277.687,278.565,279.509,280.682,282.345
84540.0,94.715,111.791,127.786,142.781,156.839,170.01,182.334,193.842,204.55,214.461,223.563,231.824,239.195,245.606,250.977,255.216,258.246,260.023,260.578,260.066,258.802,257.247,255.913,255.186,255.166,255.673,256.414,257.182,257.924,258.684,259.504,260.399,261.366,262.403,263.507,264.674,265.895,267.162,268.459,269.771,271.077,272.354,273.581,274.736,275.804,276.783,277.687,278.565,279.509,280.682,282.345
84600.0,94.688,111.747,127.726,142.707,156.754,169.916,182.234,193.737,204.443,214.354,223.457,231.721,239.097,245.516,250.896,255.147,258.19,259.981,260.551,260.053,258.8,257.252,255.921,255.192,255.169,255.674,256.414,257.181,257.924,258.683,259.504,260.399,261.366,262.403,263.507,264.674,265.895,267.162,268.459,269.771,271.077,272.354,273.581,274.736,275.804,276.783,277.687,278.565,279.509,280.682,282.345
84660.0,94.662,111.702,127.666,142.634,156.67,169.823,182.135,193.633,204.336,214.246,223.351,231.619,239.0,245.426,250.815,255.078,258.134,259.939,260.524,260.04,258.798,257.257,255.928,255.197,255.172,255.675,256.414,257.181,257.924,258.683,259.504,260.399,261.366,262.403,263.507,264.674,265.895,267.162,268.459,269.771,271.077,272.354,273.581,274.736,275.804,276.783,277.687,278.565,279.509,280.682,282.345
84720.0,94.635,111.658,127.606,142.561,156.586,169.73,182.035,193.529,204.23,214.139,223.245,231.516,238.903,245.336,250.735,255.009,258.078,259.898,260.497,260.027,258.796,257.261,255.935,255.203,255.175,255.675,256.414,257.181,257.924,258.683,259.504,260.399,261.366,262.403,263.507,264.673,265.895,267.162,268.459,269.771,271.077,272.354,273.581,274.736,275.804,276.783,277.687,278.565,279.509,280.682,282.345
84780.0,94.609,111.614,127.546,142.488,156.502,169.638,181.936,193.426,204.123,214.033,223.14,231.414,238.806,245.246,250.654,254.94,258.022,259.856,260.47,260.013,258.793,257.266,255.942,255.209,255.178,255.676,256.413,257.18,257.923,258.683,259.504,260.399,261.366,262.403,263.507,264.673,265.895,267.162,268.459,269.771,271.077,272.354,273.581,274.736,275.804,276.783,277.687,278.565,279.509,280.682,282.345
84840.0,94.582,111.57,127.487,142.415,156.418,169.546,181.837,193.322,204.018,213.926,223.035,231.312,238.709,245.157,250.574,254.87,257.966,259.814,260.443,260.0,258.791,257.271,255.949,255.214,255.181,255.677,256.413,257.18,257.923,258.683,259.504,260.399,261.366,262.403,263.507,264.673,265.895,267.162,268.459,269.771,271.077,272.354,273.581,274.736,275.804,276.783,277.687,278.565,279.509,280.682,282.345
84900.0,94.556,111.526,127.427,142.343,156.335,169.454,181.739,193.219,203.912,213.82,222.93,231.21,238.612,245.068,250.494,254.802,257.91,259.772,260.416,259.987,258.789,257.275,255.955,255.22,255.184,255.678,256.413,257.18,257.923,258.683,259.504,260.399,261.366,262.403,263.507,264.673,265.895,267.162,268.459,269.771,271.077,272.354,273.581,274.736,275.804,276.783,277.687,278.565,279.509,280.682,282.345
84960.0,94.53,111.482,127.368,142.271,156.252,169.362,181.641,193.117,203.807,213.714,222.825,231.109,238.516,244.978,250.414,254.733,257.854,259.731,260.389,259.973,258.786,257.28,255.962,255.226,255.187,255.679,256.413,257.179,257.923,258.683,259.504,260.399,261.366,262.403,263.507,264.673,265.895,267.162,268.459,269.771,271.077,272.354,273.581,274.736,275.804,276.783,277.687,278.565,279.509,280.682,282.345
85020.0,94.504,111.438,127.309,142.199,156.169,169.271,181.543,193.014,203.702,213.608,222.721,231.008,238.42,244.889,250.334,254.664,257.798,259.689,260.361,259.96,258.784,257.284,255.969,255.231,255.19,255.679,256.413,257.179,257.923,258.683,259.504,260.399,261.366,262.403,263.507,264.673,265.895,267.162,268.459,269.771,271.076,272.354,273.581,274.736,275.804,276.783,277.687,278.565,279.509,280.682,282.345
85080.0,94.478,111.395,127.25,142.127,156.086,169.179,181.445,192.912,203.597,213.503,222.617,230.907,238.324,244.8,250.254,254.595,257.742,259.647,260.334,259.946,258.781,257.289,255.976,255.237,255.193,255.68,256.412,257.179,257.923,258.683,259.504,260.398,261.366,262.403,263.507,264.673,265.895,267.161,268.459,269.771,271.076,272.354,273.581,274.736,275.804,276.783,277.687,278.565,279.509,280.682,282.345
85140.0,94.452,111.351,127.192,142.055,156.004,169.089,181.348,192.81,203.493,213.398,222.513,230.806,238.228,244.712,250.174,254.527,257.686,259.605,260.307,259.932,258.778,257.293,255.983,255.243,255.196,255.681,256.412,257.178,257.922,258.683,259.504,260.398,261.366,262.403,263.507,264.673,265.895,267.161,268.459,269.771,271.076,272.354,273.581,274.736,275.804,276.783,277.687,278.565,279.509,280.682,282.345
85200.0,94.426,111.308,127.133,141.984,155.922,168.998,181.251,192.709,203.389,213.293,222.409,230.705,238.133,244.623,250.095,254.458,257.63,259.563,260.279,259.918,258.775,257.297,255.989,255.248,255.199,255.682,256.412,257.178,257.922,258.683,259.504,260.398,261.366,262.403,263.507,264.673,265.895,267.161,268.459,269.771,271.076,272.354,273.581,274.736,275.804,276.783,277.687,278.565,279.509,280.682,282.345
85260.0,94.4,111.265,127.075,141.913,155.84,168.908,181.154,192.607,203.285,213.189,222.306,230.605,238.037,244.535,250.016,254.389,257.575,259.522,260.252,259.904,258.773,257.301,255.996,255.254,255.202,255.683,256.412,257.178,257.922,258.683,259.504,260.398,261.366,262.403,263.507,264.673,265.895,267.161,268.459,269.771,271.076,272.354,273.581,274.736,275.804,276.783,277.687,278.565,279.509,280.682,282.345
85320.0,94.374,111.222,127.017,141.842,155.759,168.818,181.057,192.506,203.181,213.084,222.203,230.505,237.942,244.447,249.936,254.321,257.519,259.48,260.225,259.89,258.77,257.305,256.003,255.26,255.205,255.684,256.412,257.177,257.922,258.683,259.504,260.398,261.366,262.402,263.507,264.673,265.895,267.161,268.459,269.771,271.076,272.354,273.581,274.736,275.804,276.783,277.687,278.565,279.509,280.682,282.345
85380.0,94.349,111.179,126.959,141.771,155.678,168.728,180.961,192.406,203.078,212.98,222.1,230.405,237.847,244.359,249.857,254.253,257.463,259.438,260.197,259.876,258.767,257.309,256.009,255.265,255.208,255.684,256.411,257.177,257.922,258.683,259.504,260.398,261.365,262.402,263.507,264.673,265.895,267.161,268.459,269.771,271.076,272.354,273.581,274.736,275.804,276.783,277.687,278.565,279.509,280.682,282.345
85440.0,94.323,111.137,126.902,141.701,155.597,168.638,180.865,192.305,202.975,212.877,221.997,230.306,237.752,244.271,249.778,254.184,257.407,259.396,260.169,259.862,258.763,257.313,256.016,255.271,255.211,255.685,256.411,257.177,257.922,258.683,259.503,260.398,261.365,262.402,263.506,264.673,265.895,267.161,268.459,269.771,271.076,272.354,273.581,274.736,275.804,276.783,277.687,278.565,279.509,280.682,282.345
85500.0,94.297,111.094,126.844,141.631,155.516,168.549,180.769,192.205,202.872,212.773,221.895,230.206,237.658,244.183,249.699,254.116,257.352,259.354,260.142,259.848,258.76,257.317,256.023,255.277,255.214,255.686,256.411,257.176,257.921,258.683,259.503,260.398,261.365,262.402,263.506,264.673,265.895,267.161,268.459,269.771,271.076,272.354,273.581,274.736,275.804,276.783,277.687,278.565,279.509,280.682,282.345
85560.0,94.272,111.052,126.787,141.561,155.435,168.46,180.674,192.105,202.77,212.67,221.793,230.107,237.564,244.095,249.62,254.048,257.296,259.312,260.114,259.834,258.757,257.321,256.029,255.282,255.217,255.687,256.411,257.176,257.921,258.683,259.503,260.398,261.365,262.402,263.506,264.673,265.895,267.161,268.459,269.77,271.076,272.354,273.581,274.736,275.804,276.783,277.687,278.565,279.509,280.682,282.345
85620.0,94.246,111.009,126.73,141.491,155.355,168.371,180.579,192.006,202.668,212.567,221.691,230.008,237.469,244.008,249.542,253.98,257.24,259.27,260.086,259.819,258.754,257.325,256.036,255.288,255.221,255.688,256.411,257.176,257.921,258.683,259.503,260.398,261.365,262.402,263.506,264.673,265.895,267.161,268.459,269.77,271.076,272.354,273.581,274.736,275.804,276.783,277.687,278.565,279.509,280.682,282.345
85680.0,94.221,110.967,126.673,141.421,155.275,168.283,180.484,191.906,202.566,212.464,221.589,229.909,237.375,243.921,249.463,253.912,257.185,259.228,260.058,259.805,258.75,257.329,256.042,255.293,255.224,255.689,256.411,257.175,257.921,258.682,259.503,260.398,261.365,262.402,263.506,264.673,265.895,267.161,268.459,269.77,271.076,272.354,273.581,274.736,275.804,276.783,277.687,278.565,279.509,280.682,282.345
85740.0,94.196,110.925,126.616,141.352,155.195,168.195,180.389,191.807,202.464,212.362,221.488,229.811,237.282,243.834,249.385,253.844,257.129,259.186,260.031,259.79,258.747,257.332,256.048,255.299,255.227,255.69,256.41,257.175,257.921,258.682,259.503,260.398,261.365,262.402,263.506,264.673,265.895,267.161,268.459,269.77,271.076,272.354,273.581,274.736,275.804,276.783,277.687,278.565,279.509,280.682,282.345
85800.0,94.171,110.883,126.56,141.283,155.116,168.107,180.295,191.708,202.363,212.26,221.387,229.712,237.188,243.747,249.306,253.777,257.074,259.144,260.003,259.776,258.743,257.336,256.055,255.304,255.23,255.691,256.41,257.175,257.921,258.682,259.503,260.398,261.365,262.402,263.506,264.673,265.895,267.161,268.459,269.77,271.076,272.354,273.581,274.736,275.804,276.783,277.687,278.565,279.509,280.682,282.345
85860.0,94.146,110.842,126.503,141.214,155.036,168.019,180.201,191.61,202.262,212.158,221.286,229.614,237.095,243.66,249.228,253.709,257.018,259.102,259.975,259.761,258.739,257.339,256.061,255.31,255.233,255.691,256.41,257.175,257.92,258.682,259.503,260.398,261.365,262.402,263.506,264.673,265.895,267.161,268.459,269.77,271.076,272.354,273.581,274.736,275.804,276.783,277.687,278.565,279.509,280.682,282.345
85920.0,94.121,110.8,126.447,141.145,154.957,167.932,180.107,191.512,202.161,212.056,221.185,229.517,237.002,243.573,249.15,253.641,256.963,259.06,259.947,259.746,258.736,257.343,256.067,255.315,255.236,255.692,256.41,257.174,257.92,258.682,259.503,260.398,261.365,262.402,263.506,264.673,265.895,267.161,268.459,269.77,271.076,272.354,273.581,274.736,275.804,276.783,277.687,278.565,279.509,280.682,282.345
85980.0,94.096,110.758,126.391,141.077,154.878,167.845,180.014,191.414,202.06,211.955,221.085,229.419,236.909,243.487,249.072,253.574,256.907,259.018,259.919,259.732,258.732,257.346,256.074,255.321,255.239,255.693,256.41,257.174,257.92,258.682,259.503,260.398,261.365,262.402,263.506,264.673,265.895,267.161,268.459,269.77,271.076,272.354,273.581,274.736,275.804,276.783,277.687,278.565,279.509,280.682,282.345
86040.0,94.071,110.717,126.335,141.009,154.8,167.758,179.921,191.316,201.96,211.854,220.985,229.321,236.816,243.401,248.994,253.506,256.852,258.976,259.891,259.717,258.728,257.35,256.08,255.326,255.242,255.694,256.41,257.174,257.92,258.682,259.503,260.398,261.365,262.402,263.506,264.673,265.894,267.161,268.459,269.77,271.076,272.354,273.581,274.736,275.804,276.783,277.687,278.565,279.509,280.682,282.345
86100.0,94.046,110.676,126.28,140.941,154.721,167.671,179.828,191.219,201.86,211.753,220.885,229.224,236.723,243.315,248.916,253.439,256.796,258.934,259.862,259.702,258.724,257.353,256.086,255.332,255.245,255.695,256.41,257.173,257.92,258.682,259.503,260.398,261.365,262.402,263.506,264.673,265.894,267.161,268.459,269.77,271.076,272.354,273.581,274.736,275.804,276.783,277.687,278.565,279.509,280.682,282.345
86160.0,94.021,110.635,126.224,140.873,154.643,167.585,179.735,191.122,201.76,211.652,220.785,229.127,236.631,243.229,248.839,253.371,256.741,258.892,259.834,259.687,258.72,257.356,256.092,255.337,255.248,255.696,256.409,257.173,257.92,258.682,259.503,260.398,261.365,262.402,263.506,264.673,265.894,267.161,268.459,269.77,271.076,272.354,273.581,274.736,275.804,276.782,277.687,278.565,279.509,280.682,282.345
86220.0,93.996,110.593,126.169,140.805,154.565,167.499,179.643,191.025,201.66,211.552,220.685,229.031,236.538,243.143,248.761,253.304,256.686,258.85,259.806,259.672,258.716,257.359,256.098,255.343,255.251,255.697,256.409,257.173,257.919,258.682,259.503,260.398,261.365,262.402,263.506,264.673,265.894,267.161,268.458,269.77,271.076,272.354,273.581,274.736,275.804,276.782,277.687,278.565,279.509,280.682,282.345
86280.0,93.972,110.553,126.113,140.738,154.488,167.413,179.55,190.928,201.561,211.452,220.586,228.934,236.446,243.057,248.684,253.237,256.63,258.808,259.778,259.657,258.712,257.362,256.104,255.348,255.255,255.698,256.409,257.172,257.919,258.682,259.503,260.398,261.365,262.402,263.506,264.673,265.894,267.161,268.458,269.77,271.076,272.354,273.581,274.736,275.804,276.782,277.687,278.565,279.509,280.682,282.345
86340.0,93.947,110.512,126.058,140.67,154.41,167.327,179.458,190.832,201.462,211.352,220.487,228.838,236.355,242.971,248.607,253.17,256.575,258.766,259.749,259.641,258.707,257.366,256.111,255.354,255.258,255.699,256.409,257.172,257.919,258.682,259.503,260.398,261.365,262.402,263.506,264.673,265.894,267.161,268.458,269.77,271.076,272.354,273.581,274.736,275.804,276.782,277.687,278.565,279.509,280.682,282.345
